============================= test session starts ==============================
platform linux -- Python 3.10.12, pytest-9.0.3, pluggy-1.6.0 -- /localdev/gwang/tt_transformers/.venv/bin/python
cachedir: .pytest_cache
rootdir: /localdev/gwang/tt_transformers
configfile: pyproject.toml
plugins: cov-7.0.0, timeout-2.4.0, anyio-4.14.2
timeout: 1800.0s
timeout method: signal
timeout func_only: False
collecting ... collected 4 items

tests/models/llama33_70b/test_t3k_batched_prefill_correctness.py::test_w6_active15_padded16_trace_correctness[logits-topk-16-15-T3K] FAILED [ 25%]
tests/models/llama33_70b/test_t3k_batched_prefill_correctness.py::test_w6_active15_padded16_trace_correctness[logits-topk-15-16-T3K] FAILED [ 50%]
tests/models/llama33_70b/test_t3k_batched_prefill_correctness.py::test_w6_active15_padded16_trace_correctness[topk-logits-16-15-T3K] FAILED [ 75%]
tests/models/llama33_70b/test_t3k_batched_prefill_correctness.py::test_w6_active15_padded16_trace_correctness[topk-logits-15-16-T3K] FAILED [100%]

=================================== FAILURES ===================================
______ test_w6_active15_padded16_trace_correctness[logits-topk-16-15-T3K] ______

production_model = <tt_transformers.models.llama33_70b.model.Llama33_70BTransformer1D object at 0x7f74387c6380>
ttnn_mesh_device = MeshDevice(1x8 grid, 8 devices), capture_order = (16, 15)
sampling_order = ('logits', 'topk')

    @pytest.mark.device
    @pytest.mark.model
    @pytest.mark.wormhole
    @pytest.mark.t3k
    @pytest.mark.parametrize("capture_order", [(16, 15), (15, 16)], ids=["16-15", "15-16"])
    @pytest.mark.parametrize(
        "sampling_order",
        [("logits", "topk"), ("topk", "logits")],
        ids=["logits-topk", "topk-logits"],
    )
    def test_w6_active15_padded16_trace_correctness(
        production_model,
        ttnn_mesh_device,
        capture_order,
        sampling_order,
    ):
        stale_block = _STALE_BLOCK
        page_table = _page_table(stale_block=stale_block)
        resident_table = _page_table()[_RESIDENT_SLOT : _RESIDENT_SLOT + 1]
        resident_table[:, :4] = torch.arange(_RESIDENT_BLOCK_START, _RESIDENT_BLOCK_START + 4, dtype=torch.int32)
        tokens = _tokens(15)
        resident_tokens = _tokens(1, salt=101)
        expected_logits, expected_active_decode, expected_resident_decode = _run_sequential_oracle(
            production_model, tokens, page_table, resident_tokens, resident_table
        )
        batched_eager_logits, batched_eager_kv, batched_eager_active_decode = _run_batched_eager_oracle(
            production_model, tokens, page_table, resident_tokens, resident_table
        )
    
        executor = create_executor(production_model, traced=True, device_sampling_enabled=True, trace_mode="all")
        try:
            assert executor.config.trace.mode == "all"
            # Production Llama33 disables force-argmax, so argmax->top-k is not an
            # executable registration order for this candidate.
            assert not production_model.sampling.config.allow_force_argmax
            assert executor.prefill_runtime.config.device_sampling_enabled
            assert not executor.prefill_runtime.config.disable_batched_prefill
            kv_cache = executor.allocate_kv_cache()
            # Compile the read-only KV evidence slices before trace activation so
            # the later program-cache invariant measures runtime work, not test
            # instrumentation first use.
            _kv_snapshot(
                kv_cache,
                (0, 60),
                (_STALE_BLOCK, _STALE_BLOCK + 1),
                (_RESIDENT_BLOCK_START, _RESIDENT_BLOCK_START + 4),
            )
            topk = _compile_registration_order(executor, kv_cache, page_table, capture_order, sampling_order)
            assert executor.trace_compiler.trace_active
            baseline_registry = len(executor.program_compiler.compiled_programs)
            baseline_program_cache = _program_cache_entries(ttnn_mesh_device)
            baseline_summary = executor.traced_executor.runtime_summary()
    
            prepared = _prepared(executor, tokens, page_table)
            assert len(prepared) == 1
            item = prepared[0]
            assert item.request.kind == "batched"
            assert item.request.source_rows == tuple(range(15))
            assert item.request.padded_batch_size == 16
            assert item.program_signatures[0].operation_variant == "regular-batched"
            assert item.sampling_path == "logits"
            assert item.trace_signature is not None
            assert torch.all(item.request.tokens[15] == 0)
            assert torch.all(item.request.page_table[15] == -1)
            assert torch.all(item.request.page_table[:15, 4:] == -1)
            program_key = executor.program_compiler.key_for(item.program_signatures[0])
            trace_key = executor.trace_compiler.trace_key_for_program(program_key)
            assert trace_key is not None
            assert executor.trace_compiler.get(trace_key).artifact is not None
    
            stale_before = _kv_snapshot(kv_cache, (_STALE_BLOCK, _STALE_BLOCK + 1))
            resident_logits = executor.prefill_forward(
                resident_tokens,
                resident_table,
                kv_cache=kv_cache,
                prompt_lens=torch.tensor([_PROMPT_LEN]),
                empty_slots=[_RESIDENT_SLOT],
                execution=executor.traced_prefill_execution,
            )
            resident_before = _kv_snapshot(kv_cache, (_RESIDENT_BLOCK_START, _RESIDENT_BLOCK_START + 4))
            actual_logits = executor.prefill_forward(
                tokens,
                page_table[:15],
                kv_cache=kv_cache,
                prompt_lens=torch.full((15,), _PROMPT_LEN, dtype=torch.long),
                empty_slots=list(range(15)),
                execution=executor.traced_prefill_execution,
            )
            actual_kv = _kv_snapshot(
                kv_cache,
                (0, 60),
                (_RESIDENT_BLOCK_START, _RESIDENT_BLOCK_START + 4),
            )
            resident_after = _kv_snapshot(kv_cache, (_RESIDENT_BLOCK_START, _RESIDENT_BLOCK_START + 4))
>           assert_rowwise_logits_parity(
                batched_eager_logits,
                expected_logits,
                min_row_pcc=_LOGITS_MIN_ROW_PCC,
                max_abs=_LOGITS_MAX_ABS,
                require_exact_top1=False,
                max_top1_mismatches=_LOGITS_MAX_TOP1_MISMATCHES,
                expected_top1_in_actual_topk=_LOGITS_TOPK,
                min_topk_overlap=_LOGITS_MIN_TOPK_OVERLAP,
                isclose_atol=_LOGITS_ATOL,
                isclose_rtol=0.05,
                max_isclose_failure_fraction=_LOGITS_MAX_ISCLOSE_FAILURE_FRACTION,
            )

tests/models/llama33_70b/test_t3k_batched_prefill_correctness.py:471: 
_ _ _ _ _ _ _ _ _ _ _ _ _ _ _ _ _ _ _ _ _ _ _ _ _ _ _ _ _ _ _ _ _ _ _ _ _ _ _ _ 

actual = tensor([[[-21.0000, -19.0000, -12.0000,  ...,   5.8750,   5.8750,   5.8750]],

        [[  3.8750,   3.1875,   2.1875,...,  ...,  -8.0000,  -8.0000,  -8.0000]],

        [[  0.8125,   1.4688,  -1.0625,  ...,  -7.5625,  -7.5625,  -7.5625]]])
expected = tensor([[[-20.5000, -19.0000, -12.0000,  ...,   5.6875,   5.6875,   5.6875]],

        [[  3.6875,   3.0625,   2.0000,...,  ...,  -8.0000,  -8.0000,  -8.0000]],

        [[  0.8125,   1.2500,  -1.0625,  ...,  -7.5000,  -7.5000,  -7.5000]]])

    def assert_rowwise_logits_parity(
        actual: torch.Tensor,
        expected: torch.Tensor,
        *,
        min_row_pcc: float,
        max_abs: float,
        require_exact_top1: bool = True,
        max_top1_mismatches: int | None = None,
        expected_top1_in_actual_topk: int | None = None,
        min_topk_overlap: int | None = None,
        isclose_atol: float | None = None,
        isclose_rtol: float | None = None,
        max_isclose_failure_fraction: float | None = None,
    ) -> None:
        """Require every batch row to preserve logits shape, quality, and ranking."""
    
        if require_exact_top1 and (max_top1_mismatches is not None or expected_top1_in_actual_topk is not None):
            raise ValueError("exact top-1 and top-k containment are mutually exclusive")
        if min_topk_overlap is not None and expected_top1_in_actual_topk is None:
            raise ValueError("min_topk_overlap requires expected_top1_in_actual_topk")
        isclose_options = (isclose_atol, isclose_rtol, max_isclose_failure_fraction)
        if any(value is not None for value in isclose_options) and not all(value is not None for value in isclose_options):
            raise ValueError("isclose_atol, isclose_rtol, and max_isclose_failure_fraction must be supplied together")
    
        if actual.shape != expected.shape:
            raise AssertionError(f"logits shape mismatch: actual={tuple(actual.shape)}, expected={tuple(expected.shape)}")
        if actual.ndim < 2:
            raise AssertionError(f"logits must have batch and vocabulary dimensions, got {tuple(actual.shape)}")
    
        actual_rows = actual.detach().float().reshape(actual.shape[0], -1)
        expected_rows = expected.detach().float().reshape(expected.shape[0], -1)
        if not torch.isfinite(actual_rows).all() or not torch.isfinite(expected_rows).all():
            raise AssertionError("logits contain non-finite values")
    
        actual_centered = actual_rows - actual_rows.mean(dim=1, keepdim=True)
        expected_centered = expected_rows - expected_rows.mean(dim=1, keepdim=True)
        denominator = actual_centered.norm(dim=1) * expected_centered.norm(dim=1)
        numerator = (actual_centered * expected_centered).sum(dim=1)
        row_pcc = torch.where(
            denominator > 0,
            numerator / denominator,
            torch.where(
                torch.all(actual_rows == expected_rows, dim=1),
                torch.ones_like(denominator),
                torch.zeros_like(denominator),
            ),
        )
        row_max_abs = (actual_rows - expected_rows).abs().amax(dim=1)
        actual_top1 = actual_rows.argmax(dim=1)
        expected_top1 = expected_rows.argmax(dim=1)
    
        failures = []
        bad_pcc = torch.nonzero(row_pcc < min_row_pcc, as_tuple=False).reshape(-1)
        if bad_pcc.numel():
            failures.append(
                f"row PCC below {min_row_pcc}: "
                + ", ".join(f"row {row}: {row_pcc[row].item():.8f}" for row in bad_pcc.tolist())
            )
        bad_max_abs = torch.nonzero(row_max_abs > max_abs, as_tuple=False).reshape(-1)
        if bad_max_abs.numel():
            failures.append(
                f"row max-abs above {max_abs}: "
                + ", ".join(f"row {row}: {row_max_abs[row].item():.8f}" for row in bad_max_abs.tolist())
            )
        if require_exact_top1 and not torch.equal(actual_top1, expected_top1):
            disagreement = torch.nonzero(actual_top1 != expected_top1, as_tuple=False)
            failures.append(f"top-1 mismatch at {disagreement.tolist()}")
        if max_top1_mismatches is not None:
            mismatch_count = int((actual_top1 != expected_top1).sum().item())
            if mismatch_count > int(max_top1_mismatches):
                failures.append(f"top-1 mismatch count {mismatch_count} exceeds {max_top1_mismatches}")
        if expected_top1_in_actual_topk is not None:
            topk = int(expected_top1_in_actual_topk)
            if topk <= 0 or topk > actual_rows.shape[1]:
                raise ValueError(f"top-k must be in [1, {actual_rows.shape[1]}], got {topk}")
            actual_topk = actual_rows.topk(topk, dim=1).indices
            expected_topk = expected_rows.topk(topk, dim=1).indices
            expected_top1_rows = expected_top1.unsqueeze(1)
            missing_top1 = torch.nonzero(~(actual_topk == expected_top1_rows).any(dim=1), as_tuple=False).reshape(-1)
            if missing_top1.numel():
                failures.append(f"expected top-1 missing from actual top-{topk} at rows {missing_top1.tolist()}")
            if min_topk_overlap is not None:
                minimum = int(min_topk_overlap)
                if minimum <= 0 or minimum > topk:
                    raise ValueError(f"min_topk_overlap must be in [1, {topk}], got {minimum}")
                overlaps = (actual_topk.unsqueeze(2) == expected_topk.unsqueeze(1)).any(dim=2).sum(dim=1)
                bad_overlap = torch.nonzero(overlaps < minimum, as_tuple=False).reshape(-1)
                if bad_overlap.numel():
                    failures.append(
                        f"top-{topk} overlap below {minimum}: "
                        + ", ".join(f"row {row}: {overlaps[row].item()}" for row in bad_overlap.tolist())
                    )
        if max_isclose_failure_fraction is not None:
            close = torch.isclose(actual_rows, expected_rows, atol=float(isclose_atol), rtol=float(isclose_rtol))
            failure_fraction = float((~close).float().mean().item())
            if failure_fraction > float(max_isclose_failure_fraction):
                row_fractions = (~close).float().mean(dim=1)
                failures.append(
                    f"isclose failure fraction {failure_fraction:.8f} exceeds {max_isclose_failure_fraction}; "
                    + ", ".join(f"row {row}: {value.item():.8f}" for row, value in enumerate(row_fractions))
                )
    
        if failures:
>           raise AssertionError("logits parity failed; " + "; ".join(failures))
E           AssertionError: logits parity failed; row max-abs above 1.0: row 0: 1.50000000; top-5 overlap below 4: row 0: 3

tests/models/llama33_70b/logits_oracle.py:114: AssertionError
---------------------------- Captured stdout setup -----------------------------
2026-09-03 00:16:13.700 | info     |          Device | Opening user mode device driver (tt_cluster.cpp:228)
2026-09-03 00:16:13.700 | info     |             UMD | Cluster constructor started. (cluster.cpp:389)
2026-09-03 00:16:13.701 | info     |             UMD | Creating TopologyDiscovery for architecture: wormhole_b0 (topology_discovery.cpp:96)
2026-09-03 00:16:13.701 | info     |             UMD | Starting topology discovery. (topology_discovery.cpp:115)
2026-09-03 00:16:13.705 | info     |             UMD | Established firmware bundle version: 18.12.1 (topology_discovery.cpp:575)
2026-09-03 00:16:13.728 | info     |             UMD | Completed topology discovery. (topology_discovery.cpp:119)
2026-09-03 00:16:13.779 | info     |             UMD | Opening local chip ids/PCIe ids: {0, 1, 2, 3}/[0, 1, 2, 3] and remote chip ids {4, 5, 6, 7} (cluster.cpp:173)
2026-09-03 00:16:13.779 | info     |             UMD | IOMMU: disabled (cluster.cpp:147)
2026-09-03 00:16:13.779 | info     |             UMD | KMD version: 2.4.1 (cluster.cpp:150)
2026-09-03 00:16:13.779 | info     |             UMD | Cluster constructor completed. (cluster.cpp:648)
2026-09-03 00:16:13.785 | info     |             UMD | Starting devices in cluster (cluster.cpp:1188)
2026-09-03 00:16:13.799 | info     |             UMD | Starting devices in cluster completed. (cluster.cpp:1196)
2026-09-03 00:16:13.838 | info     |     Distributed | Using auto discovery to generate mesh graph. (metal_env.cpp:437)
2026-09-03 00:16:13.838 | info     |     Distributed | Constructing control plane using auto-discovery (no mesh graph descriptor). (metal_env.cpp:499)
2026-09-03 00:16:13.839 | info     |          Fabric | Logical multi-mesh adjacency: intermesh degree histogram {0:1}; intra-mesh degree histograms mesh0 {2:4, 3:4} (topology_mapper_utils.cpp:3329)
2026-09-03 00:16:13.839 | info     |          Fabric | Physical multi-mesh adjacency: intermesh degree histogram {0:1}; intra-mesh degree histograms mesh0 {2:4, 3:4} (topology_mapper_utils.cpp:3337)
2026-09-03 00:16:13.839 | info     |           Metal | Fabric config changed from FabricConfig::DISABLED to FabricConfig::FABRIC_1D_RING, reinitializing control plane (metal_env.cpp:337)
2026-09-03 00:16:13.839 | info     |     Distributed | Using auto discovery to generate mesh graph. (metal_env.cpp:437)
2026-09-03 00:16:13.839 | info     |     Distributed | Constructing control plane using auto-discovery (no mesh graph descriptor). (metal_env.cpp:499)
2026-09-03 00:16:13.840 | info     |          Fabric | Logical multi-mesh adjacency: intermesh degree histogram {0:1}; intra-mesh degree histograms mesh0 {2:4, 3:4} (topology_mapper_utils.cpp:3329)
2026-09-03 00:16:13.840 | info     |          Fabric | Physical multi-mesh adjacency: intermesh degree histogram {0:1}; intra-mesh degree histograms mesh0 {2:4, 3:4} (topology_mapper_utils.cpp:3337)
2026-09-03 00:16:13.950 | warning  |           Metal | Got num_routing_planes: 1, which is less than current value: 255, ignoring the override (metal_env.cpp:312)
2026-09-03 00:16:13.950 | info     |           Metal | Dispatch on FabricConfig::FABRIC_1D_RING with 1 Command Queues
 (device_manager.cpp:299)
2026-09-03 00:16:13.972 | info     |           Metal | Initializing Fabric (fabric_firmware_initializer.cpp:296)
2026-09-03 00:16:14.065 | info     |           Metal | Fabric initialized on 8 devices (fabric_firmware_initializer.cpp:444)
2026-09-03 00:16:14.065 | info     |           Metal | Fabric Initialized with config FabricConfig::FABRIC_1D_RING (fabric_firmware_initializer.cpp:313)
2026-09-03 00:18:06.679 | warning  |              Op | ttnn::tilize: Using input shard spec for output tensor because the legacy sharded optimized program factory is being used (tilize_device_operation.cpp:257)
2026-09-03 00:18:06.694 | warning  |              Op | ttnn::tilize: Using input shard spec for output tensor because the legacy sharded optimized program factory is being used (tilize_device_operation.cpp:257)
2026-09-03 00:18:06.695 | warning  |              Op | ttnn::tilize: Using input shard spec for output tensor because the legacy sharded optimized program factory is being used (tilize_device_operation.cpp:257)
2026-09-03 00:18:06.696 | warning  |              Op | ttnn::tilize: Using input shard spec for output tensor because the legacy sharded optimized program factory is being used (tilize_device_operation.cpp:257)
2026-09-03 00:18:06.698 | warning  |              Op | ttnn::tilize: Using input shard spec for output tensor because the legacy sharded optimized program factory is being used (tilize_device_operation.cpp:257)
2026-09-03 00:18:06.699 | warning  |              Op | ttnn::tilize: Using input shard spec for output tensor because the legacy sharded optimized program factory is being used (tilize_device_operation.cpp:257)
2026-09-03 00:18:06.700 | warning  |              Op | ttnn::tilize: Using input shard spec for output tensor because the legacy sharded optimized program factory is being used (tilize_device_operation.cpp:257)
2026-09-03 00:18:06.701 | warning  |              Op | ttnn::tilize: Using input shard spec for output tensor because the legacy sharded optimized program factory is being used (tilize_device_operation.cpp:257)
2026-09-03 00:18:06.703 | warning  |              Op | ttnn::tilize: Using input shard spec for output tensor because the legacy sharded optimized program factory is being used (tilize_device_operation.cpp:257)
2026-09-03 00:18:06.704 | warning  |              Op | ttnn::tilize: Using input shard spec for output tensor because the legacy sharded optimized program factory is being used (tilize_device_operation.cpp:257)
2026-09-03 00:18:06.705 | warning  |              Op | ttnn::tilize: Using input shard spec for output tensor because the legacy sharded optimized program factory is being used (tilize_device_operation.cpp:257)
2026-09-03 00:18:06.706 | warning  |              Op | ttnn::tilize: Using input shard spec for output tensor because the legacy sharded optimized program factory is being used (tilize_device_operation.cpp:257)
2026-09-03 00:18:06.707 | warning  |              Op | ttnn::tilize: Using input shard spec for output tensor because the legacy sharded optimized program factory is being used (tilize_device_operation.cpp:257)
2026-09-03 00:18:06.709 | warning  |              Op | ttnn::tilize: Using input shard spec for output tensor because the legacy sharded optimized program factory is being used (tilize_device_operation.cpp:257)
2026-09-03 00:18:06.710 | warning  |              Op | ttnn::tilize: Using input shard spec for output tensor because the legacy sharded optimized program factory is being used (tilize_device_operation.cpp:257)
2026-09-03 00:18:06.711 | warning  |              Op | ttnn::tilize: Using input shard spec for output tensor because the legacy sharded optimized program factory is being used (tilize_device_operation.cpp:257)
2026-09-03 00:18:06.712 | warning  |              Op | ttnn::tilize: Using input shard spec for output tensor because the legacy sharded optimized program factory is being used (tilize_device_operation.cpp:257)
2026-09-03 00:18:06.713 | warning  |              Op | ttnn::tilize: Using input shard spec for output tensor because the legacy sharded optimized program factory is being used (tilize_device_operation.cpp:257)
2026-09-03 00:18:06.714 | warning  |              Op | ttnn::tilize: Using input shard spec for output tensor because the legacy sharded optimized program factory is being used (tilize_device_operation.cpp:257)
2026-09-03 00:18:06.715 | warning  |              Op | ttnn::tilize: Using input shard spec for output tensor because the legacy sharded optimized program factory is being used (tilize_device_operation.cpp:257)
2026-09-03 00:18:06.717 | warning  |              Op | ttnn::tilize: Using input shard spec for output tensor because the legacy sharded optimized program factory is being used (tilize_device_operation.cpp:257)
2026-09-03 00:18:06.720 | warning  |              Op | ttnn::tilize: Using input shard spec for output tensor because the legacy sharded optimized program factory is being used (tilize_device_operation.cpp:257)
2026-09-03 00:18:06.721 | warning  |              Op | ttnn::tilize: Using input shard spec for output tensor because the legacy sharded optimized program factory is being used (tilize_device_operation.cpp:257)
2026-09-03 00:18:06.722 | warning  |              Op | ttnn::tilize: Using input shard spec for output tensor because the legacy sharded optimized program factory is being used (tilize_device_operation.cpp:257)
2026-09-03 00:18:06.724 | warning  |              Op | ttnn::tilize: Using input shard spec for output tensor because the legacy sharded optimized program factory is being used (tilize_device_operation.cpp:257)
2026-09-03 00:18:06.725 | warning  |              Op | ttnn::tilize: Using input shard spec for output tensor because the legacy sharded optimized program factory is being used (tilize_device_operation.cpp:257)
2026-09-03 00:18:06.726 | warning  |              Op | ttnn::tilize: Using input shard spec for output tensor because the legacy sharded optimized program factory is being used (tilize_device_operation.cpp:257)
2026-09-03 00:18:06.727 | warning  |              Op | ttnn::tilize: Using input shard spec for output tensor because the legacy sharded optimized program factory is being used (tilize_device_operation.cpp:257)
2026-09-03 00:18:06.728 | warning  |              Op | ttnn::tilize: Using input shard spec for output tensor because the legacy sharded optimized program factory is being used (tilize_device_operation.cpp:257)
2026-09-03 00:18:06.729 | warning  |              Op | ttnn::tilize: Using input shard spec for output tensor because the legacy sharded optimized program factory is being used (tilize_device_operation.cpp:257)
2026-09-03 00:18:06.731 | warning  |              Op | ttnn::tilize: Using input shard spec for output tensor because the legacy sharded optimized program factory is being used (tilize_device_operation.cpp:257)
2026-09-03 00:18:06.732 | warning  |              Op | ttnn::tilize: Using input shard spec for output tensor because the legacy sharded optimized program factory is being used (tilize_device_operation.cpp:257)
2026-09-03 00:18:06.733 | warning  |              Op | ttnn::tilize: Using input shard spec for output tensor because the legacy sharded optimized program factory is being used (tilize_device_operation.cpp:257)
2026-09-03 00:18:06.734 | warning  |              Op | ttnn::tilize: Using input shard spec for output tensor because the legacy sharded optimized program factory is being used (tilize_device_operation.cpp:257)
2026-09-03 00:18:06.735 | warning  |              Op | ttnn::tilize: Using input shard spec for output tensor because the legacy sharded optimized program factory is being used (tilize_device_operation.cpp:257)
2026-09-03 00:18:06.736 | warning  |              Op | ttnn::tilize: Using input shard spec for output tensor because the legacy sharded optimized program factory is being used (tilize_device_operation.cpp:257)
2026-09-03 00:18:06.738 | warning  |              Op | ttnn::tilize: Using input shard spec for output tensor because the legacy sharded optimized program factory is being used (tilize_device_operation.cpp:257)
2026-09-03 00:18:06.739 | warning  |              Op | ttnn::tilize: Using input shard spec for output tensor because the legacy sharded optimized program factory is being used (tilize_device_operation.cpp:257)
2026-09-03 00:18:06.740 | warning  |              Op | ttnn::tilize: Using input shard spec for output tensor because the legacy sharded optimized program factory is being used (tilize_device_operation.cpp:257)
2026-09-03 00:18:06.741 | warning  |              Op | ttnn::tilize: Using input shard spec for output tensor because the legacy sharded optimized program factory is being used (tilize_device_operation.cpp:257)
2026-09-03 00:18:06.742 | warning  |              Op | ttnn::tilize: Using input shard spec for output tensor because the legacy sharded optimized program factory is being used (tilize_device_operation.cpp:257)
2026-09-03 00:18:06.744 | warning  |              Op | ttnn::tilize: Using input shard spec for output tensor because the legacy sharded optimized program factory is being used (tilize_device_operation.cpp:257)
2026-09-03 00:18:06.745 | warning  |              Op | ttnn::tilize: Using input shard spec for output tensor because the legacy sharded optimized program factory is being used (tilize_device_operation.cpp:257)
2026-09-03 00:18:06.746 | warning  |              Op | ttnn::tilize: Using input shard spec for output tensor because the legacy sharded optimized program factory is being used (tilize_device_operation.cpp:257)
2026-09-03 00:18:06.747 | warning  |              Op | ttnn::tilize: Using input shard spec for output tensor because the legacy sharded optimized program factory is being used (tilize_device_operation.cpp:257)
2026-09-03 00:18:06.748 | warning  |              Op | ttnn::tilize: Using input shard spec for output tensor because the legacy sharded optimized program factory is being used (tilize_device_operation.cpp:257)
2026-09-03 00:18:06.749 | warning  |              Op | ttnn::tilize: Using input shard spec for output tensor because the legacy sharded optimized program factory is being used (tilize_device_operation.cpp:257)
2026-09-03 00:18:06.751 | warning  |              Op | ttnn::tilize: Using input shard spec for output tensor because the legacy sharded optimized program factory is being used (tilize_device_operation.cpp:257)
2026-09-03 00:18:06.752 | warning  |              Op | ttnn::tilize: Using input shard spec for output tensor because the legacy sharded optimized program factory is being used (tilize_device_operation.cpp:257)
2026-09-03 00:18:06.753 | warning  |              Op | ttnn::tilize: Using input shard spec for output tensor because the legacy sharded optimized program factory is being used (tilize_device_operation.cpp:257)
2026-09-03 00:18:06.754 | warning  |              Op | ttnn::tilize: Using input shard spec for output tensor because the legacy sharded optimized program factory is being used (tilize_device_operation.cpp:257)
2026-09-03 00:18:06.755 | warning  |              Op | ttnn::tilize: Using input shard spec for output tensor because the legacy sharded optimized program factory is being used (tilize_device_operation.cpp:257)
2026-09-03 00:18:06.756 | warning  |              Op | ttnn::tilize: Using input shard spec for output tensor because the legacy sharded optimized program factory is being used (tilize_device_operation.cpp:257)
2026-09-03 00:18:06.757 | warning  |              Op | ttnn::tilize: Using input shard spec for output tensor because the legacy sharded optimized program factory is being used (tilize_device_operation.cpp:257)
2026-09-03 00:18:06.759 | warning  |              Op | ttnn::tilize: Using input shard spec for output tensor because the legacy sharded optimized program factory is being used (tilize_device_operation.cpp:257)
2026-09-03 00:18:06.760 | warning  |              Op | ttnn::tilize: Using input shard spec for output tensor because the legacy sharded optimized program factory is being used (tilize_device_operation.cpp:257)
2026-09-03 00:18:06.761 | warning  |              Op | ttnn::tilize: Using input shard spec for output tensor because the legacy sharded optimized program factory is being used (tilize_device_operation.cpp:257)
2026-09-03 00:18:06.762 | warning  |              Op | ttnn::tilize: Using input shard spec for output tensor because the legacy sharded optimized program factory is being used (tilize_device_operation.cpp:257)
2026-09-03 00:18:06.763 | warning  |              Op | ttnn::tilize: Using input shard spec for output tensor because the legacy sharded optimized program factory is being used (tilize_device_operation.cpp:257)
2026-09-03 00:18:06.765 | warning  |              Op | ttnn::tilize: Using input shard spec for output tensor because the legacy sharded optimized program factory is being used (tilize_device_operation.cpp:257)
2026-09-03 00:18:06.766 | warning  |              Op | ttnn::tilize: Using input shard spec for output tensor because the legacy sharded optimized program factory is being used (tilize_device_operation.cpp:257)
2026-09-03 00:18:06.767 | warning  |              Op | ttnn::tilize: Using input shard spec for output tensor because the legacy sharded optimized program factory is being used (tilize_device_operation.cpp:257)
2026-09-03 00:18:06.768 | warning  |              Op | ttnn::tilize: Using input shard spec for output tensor because the legacy sharded optimized program factory is being used (tilize_device_operation.cpp:257)
2026-09-03 00:18:06.769 | warning  |              Op | ttnn::tilize: Using input shard spec for output tensor because the legacy sharded optimized program factory is being used (tilize_device_operation.cpp:257)
2026-09-03 00:18:06.770 | warning  |              Op | ttnn::tilize: Using input shard spec for output tensor because the legacy sharded optimized program factory is being used (tilize_device_operation.cpp:257)
2026-09-03 00:18:06.771 | warning  |              Op | ttnn::tilize: Using input shard spec for output tensor because the legacy sharded optimized program factory is being used (tilize_device_operation.cpp:257)
2026-09-03 00:18:06.773 | warning  |              Op | ttnn::tilize: Using input shard spec for output tensor because the legacy sharded optimized program factory is being used (tilize_device_operation.cpp:257)
2026-09-03 00:18:06.774 | warning  |              Op | ttnn::tilize: Using input shard spec for output tensor because the legacy sharded optimized program factory is being used (tilize_device_operation.cpp:257)
2026-09-03 00:18:06.775 | warning  |              Op | ttnn::tilize: Using input shard spec for output tensor because the legacy sharded optimized program factory is being used (tilize_device_operation.cpp:257)
2026-09-03 00:18:06.776 | warning  |              Op | ttnn::tilize: Using input shard spec for output tensor because the legacy sharded optimized program factory is being used (tilize_device_operation.cpp:257)
2026-09-03 00:18:06.777 | warning  |              Op | ttnn::tilize: Using input shard spec for output tensor because the legacy sharded optimized program factory is being used (tilize_device_operation.cpp:257)
2026-09-03 00:18:06.778 | warning  |              Op | ttnn::tilize: Using input shard spec for output tensor because the legacy sharded optimized program factory is being used (tilize_device_operation.cpp:257)
2026-09-03 00:18:06.780 | warning  |              Op | ttnn::tilize: Using input shard spec for output tensor because the legacy sharded optimized program factory is being used (tilize_device_operation.cpp:257)
2026-09-03 00:18:06.781 | warning  |              Op | ttnn::tilize: Using input shard spec for output tensor because the legacy sharded optimized program factory is being used (tilize_device_operation.cpp:257)
2026-09-03 00:18:06.782 | warning  |              Op | ttnn::tilize: Using input shard spec for output tensor because the legacy sharded optimized program factory is being used (tilize_device_operation.cpp:257)
2026-09-03 00:18:06.784 | warning  |              Op | ttnn::tilize: Using input shard spec for output tensor because the legacy sharded optimized program factory is being used (tilize_device_operation.cpp:257)
2026-09-03 00:18:06.785 | warning  |              Op | ttnn::tilize: Using input shard spec for output tensor because the legacy sharded optimized program factory is being used (tilize_device_operation.cpp:257)
2026-09-03 00:18:06.786 | warning  |              Op | ttnn::tilize: Using input shard spec for output tensor because the legacy sharded optimized program factory is being used (tilize_device_operation.cpp:257)
2026-09-03 00:18:06.787 | warning  |              Op | ttnn::tilize: Using input shard spec for output tensor because the legacy sharded optimized program factory is being used (tilize_device_operation.cpp:257)
2026-09-03 00:18:06.951 | warning  |              Op | ttnn::tilize: Using input shard spec for output tensor because the legacy sharded optimized program factory is being used (tilize_device_operation.cpp:257)
---------------------------- Captured stderr setup -----------------------------
2026-09-03 00:16:13.695 | INFO     | tests.conftest:model_location_generator_:288 - For model location, local copy not found, so likely downloading straight from HF: meta-llama/Llama-3.3-70B-Instruct
[transformers] `torch_dtype` is deprecated! Use `dtype` instead!

Loading weights:   0%|          | 0/723 [00:00<?, ?it/s]
Loading weights: 100%|██████████| 723/723 [00:00<00:00, 14077.92it/s]

Building layers:   0%|          | 0/80 [00:00<?, ?it/s]
Building layers:  90%|█████████ | 72/80 [00:00<00:00, 715.07it/s]
Building layers: 100%|██████████| 80/80 [00:00<00:00, 291.99it/s]
----------------------------- Captured stdout call -----------------------------
2026-09-03 00:18:15.422 | warning  |              Op | matmul_multi_core_reuse_mcast_1d_optimized_helper: program_config.allowed_worker_cores not populated; auto-populating from compute_with_storage_grid_size. Callers that bypass ttnn::prim::matmul() (e.g. CCL fused ops) should invoke ttnn::operations::matmul::normalize_program_config() on the program config first. This will become a hard error in a future release. (matmul_multicore_reuse_mcast_1d_program_factory.cpp:5637)
2026-09-03 00:18:15.423 | warning  |              Op | matmul_multi_core_reuse_mcast_1d_optimized_helper: program_config.allowed_worker_cores not populated; auto-populating from compute_with_storage_grid_size. Callers that bypass ttnn::prim::matmul() (e.g. CCL fused ops) should invoke ttnn::operations::matmul::normalize_program_config() on the program config first. This will become a hard error in a future release. (matmul_multicore_reuse_mcast_1d_program_factory.cpp:5637)
2026-09-03 00:18:15.423 | warning  |              Op | matmul_multi_core_reuse_mcast_1d_optimized_helper: program_config.allowed_worker_cores not populated; auto-populating from compute_with_storage_grid_size. Callers that bypass ttnn::prim::matmul() (e.g. CCL fused ops) should invoke ttnn::operations::matmul::normalize_program_config() on the program config first. This will become a hard error in a future release. (matmul_multicore_reuse_mcast_1d_program_factory.cpp:5637)
2026-09-03 00:18:15.424 | warning  |              Op | matmul_multi_core_reuse_mcast_1d_optimized_helper: program_config.allowed_worker_cores not populated; auto-populating from compute_with_storage_grid_size. Callers that bypass ttnn::prim::matmul() (e.g. CCL fused ops) should invoke ttnn::operations::matmul::normalize_program_config() on the program config first. This will become a hard error in a future release. (matmul_multicore_reuse_mcast_1d_program_factory.cpp:5637)
2026-09-03 00:18:15.424 | warning  |              Op | matmul_multi_core_reuse_mcast_1d_optimized_helper: program_config.allowed_worker_cores not populated; auto-populating from compute_with_storage_grid_size. Callers that bypass ttnn::prim::matmul() (e.g. CCL fused ops) should invoke ttnn::operations::matmul::normalize_program_config() on the program config first. This will become a hard error in a future release. (matmul_multicore_reuse_mcast_1d_program_factory.cpp:5637)
2026-09-03 00:18:15.425 | warning  |              Op | matmul_multi_core_reuse_mcast_1d_optimized_helper: program_config.allowed_worker_cores not populated; auto-populating from compute_with_storage_grid_size. Callers that bypass ttnn::prim::matmul() (e.g. CCL fused ops) should invoke ttnn::operations::matmul::normalize_program_config() on the program config first. This will become a hard error in a future release. (matmul_multicore_reuse_mcast_1d_program_factory.cpp:5637)
2026-09-03 00:18:15.425 | warning  |              Op | matmul_multi_core_reuse_mcast_1d_optimized_helper: program_config.allowed_worker_cores not populated; auto-populating from compute_with_storage_grid_size. Callers that bypass ttnn::prim::matmul() (e.g. CCL fused ops) should invoke ttnn::operations::matmul::normalize_program_config() on the program config first. This will become a hard error in a future release. (matmul_multicore_reuse_mcast_1d_program_factory.cpp:5637)
2026-09-03 00:18:15.425 | warning  |              Op | matmul_multi_core_reuse_mcast_1d_optimized_helper: program_config.allowed_worker_cores not populated; auto-populating from compute_with_storage_grid_size. Callers that bypass ttnn::prim::matmul() (e.g. CCL fused ops) should invoke ttnn::operations::matmul::normalize_program_config() on the program config first. This will become a hard error in a future release. (matmul_multicore_reuse_mcast_1d_program_factory.cpp:5637)
2026-09-03 00:18:17.989 | warning  |              Op | On Wormhole with fp32 accumulation, output accuracy can be worse with HiFi4 than HiFi3 due to a hardware bug. Prefer using HiFi3 with fp32 accumulation on Wormhole. (compute_kernel_config.cpp:66)
2026-09-03 00:18:18.010 | warning  |              Op | Tensors that are distributed across mesh device unevenly negatively affect Op dispatch performance. (device_operation.hpp:308)
2026-09-03 00:18:18.012 | warning  |              Op | Tensors that are distributed across mesh device unevenly negatively affect Op dispatch performance. (device_operation.hpp:308)
2026-09-03 00:18:18.014 | warning  |              Op | Tensors that are distributed across mesh device unevenly negatively affect Op dispatch performance. (device_operation.hpp:308)
2026-09-03 00:18:18.015 | warning  |              Op | Tensors that are distributed across mesh device unevenly negatively affect Op dispatch performance. (device_operation.hpp:308)
2026-09-03 00:18:18.017 | warning  |              Op | Tensors that are distributed across mesh device unevenly negatively affect Op dispatch performance. (device_operation.hpp:308)
2026-09-03 00:18:18.018 | warning  |              Op | Tensors that are distributed across mesh device unevenly negatively affect Op dispatch performance. (device_operation.hpp:308)
2026-09-03 00:18:18.020 | warning  |              Op | Tensors that are distributed across mesh device unevenly negatively affect Op dispatch performance. (device_operation.hpp:308)
2026-09-03 00:18:18.021 | warning  |              Op | Tensors that are distributed across mesh device unevenly negatively affect Op dispatch performance. (device_operation.hpp:308)
2026-09-03 00:18:18.023 | warning  |              Op | Tensors that are distributed across mesh device unevenly negatively affect Op dispatch performance. (device_operation.hpp:308)
2026-09-03 00:18:18.024 | warning  |              Op | Tensors that are distributed across mesh device unevenly negatively affect Op dispatch performance. (device_operation.hpp:308)
2026-09-03 00:18:18.024 | warning  |              Op | Tensors that are distributed across mesh device unevenly negatively affect Op dispatch performance. (device_operation.hpp:308)
2026-09-03 00:18:18.025 | warning  |              Op | Tensors that are distributed across mesh device unevenly negatively affect Op dispatch performance. (device_operation.hpp:308)
2026-09-03 00:18:18.025 | warning  |              Op | Tensors that are distributed across mesh device unevenly negatively affect Op dispatch performance. (device_operation.hpp:308)
2026-09-03 00:18:18.026 | warning  |              Op | Tensors that are distributed across mesh device unevenly negatively affect Op dispatch performance. (device_operation.hpp:308)
2026-09-03 00:18:18.027 | warning  |              Op | Tensors that are distributed across mesh device unevenly negatively affect Op dispatch performance. (device_operation.hpp:308)
2026-09-03 00:18:18.027 | warning  |              Op | Tensors that are distributed across mesh device unevenly negatively affect Op dispatch performance. (device_operation.hpp:308)
2026-09-03 00:18:22.922 | warning  |              Op | Tensors that are distributed across mesh device unevenly negatively affect Op dispatch performance. (device_operation.hpp:308)
2026-09-03 00:18:22.928 | warning  |              Op | Tensors that are distributed across mesh device unevenly negatively affect Op dispatch performance. (device_operation.hpp:308)
2026-09-03 00:18:22.928 | warning  |              Op | Tensors that are distributed across mesh device unevenly negatively affect Op dispatch performance. (device_operation.hpp:308)
2026-09-03 00:18:22.929 | warning  |              Op | Tensors that are distributed across mesh device unevenly negatively affect Op dispatch performance. (device_operation.hpp:308)
2026-09-03 00:18:22.929 | warning  |              Op | Tensors that are distributed across mesh device unevenly negatively affect Op dispatch performance. (device_operation.hpp:308)
2026-09-03 00:18:22.930 | warning  |              Op | Tensors that are distributed across mesh device unevenly negatively affect Op dispatch performance. (device_operation.hpp:308)
2026-09-03 00:18:22.930 | warning  |              Op | Tensors that are distributed across mesh device unevenly negatively affect Op dispatch performance. (device_operation.hpp:308)
2026-09-03 00:18:22.931 | warning  |              Op | Tensors that are distributed across mesh device unevenly negatively affect Op dispatch performance. (device_operation.hpp:308)
2026-09-03 00:18:25.061 | warning  |              Op | The following ttnn.all_gather args are deprecated and will be removed in September-2026: num_links, topology, chunks_per_sync, num_workers_per_link, num_buffers_per_channel, use_l1_small_for_semaphores. (all_gather.cpp:148)
2026-09-03 00:18:25.061 | warning  |              Op | Allocating semaphores in L1, which may fragment L1 and reduce headroom for subsequent op allocations. Configure an L1_SMALL region to mitigate this. (all_gather_multicast_factory.cpp:42)
2026-09-03 00:18:25.062 | warning  |              Op | Fabric packet size 4352 B is suboptimal for transporting 2048 B pages. Configure 6144 B packet size to maximize throughput. (ccl_common.cpp:70)
2026-09-03 00:18:25.062 | warning  |              Op | Fabric packet size 4352 B is suboptimal for transporting 2048 B pages. Configure 6144 B packet size to maximize throughput. (ccl_common.cpp:70)
2026-09-03 00:18:25.062 | warning  |              Op | Fabric packet size 4352 B is suboptimal for transporting 2048 B pages. Configure 6144 B packet size to maximize throughput. (ccl_common.cpp:70)
2026-09-03 00:18:25.062 | warning  |              Op | Fabric packet size 4352 B is suboptimal for transporting 2048 B pages. Configure 6144 B packet size to maximize throughput. (ccl_common.cpp:70)
2026-09-03 00:18:25.062 | warning  |              Op | Fabric packet size 4352 B is suboptimal for transporting 2048 B pages. Configure 6144 B packet size to maximize throughput. (ccl_common.cpp:70)
2026-09-03 00:18:25.062 | warning  |              Op | Fabric packet size 4352 B is suboptimal for transporting 2048 B pages. Configure 6144 B packet size to maximize throughput. (ccl_common.cpp:70)
2026-09-03 00:18:25.062 | warning  |              Op | Fabric packet size 4352 B is suboptimal for transporting 2048 B pages. Configure 6144 B packet size to maximize throughput. (ccl_common.cpp:70)
2026-09-03 00:18:25.062 | warning  |              Op | Fabric packet size 4352 B is suboptimal for transporting 2048 B pages. Configure 6144 B packet size to maximize throughput. (ccl_common.cpp:70)
2026-09-03 00:18:25.066 | warning  |              Op | The following ttnn.all_gather args are deprecated and will be removed in September-2026: num_links, topology, chunks_per_sync, num_workers_per_link, num_buffers_per_channel, use_l1_small_for_semaphores. (all_gather.cpp:148)
2026-09-03 00:18:25.066 | warning  |              Op | Allocating semaphores in L1, which may fragment L1 and reduce headroom for subsequent op allocations. Configure an L1_SMALL region to mitigate this. (all_gather_multicast_factory.cpp:42)
2026-09-03 00:18:25.066 | warning  |              Op | Fabric packet size 4352 B is suboptimal for transporting 2048 B pages. Configure 6144 B packet size to maximize throughput. (ccl_common.cpp:70)
2026-09-03 00:18:25.066 | warning  |              Op | Fabric packet size 4352 B is suboptimal for transporting 2048 B pages. Configure 6144 B packet size to maximize throughput. (ccl_common.cpp:70)
2026-09-03 00:18:25.066 | warning  |              Op | Fabric packet size 4352 B is suboptimal for transporting 2048 B pages. Configure 6144 B packet size to maximize throughput. (ccl_common.cpp:70)
2026-09-03 00:18:25.066 | warning  |              Op | Fabric packet size 4352 B is suboptimal for transporting 2048 B pages. Configure 6144 B packet size to maximize throughput. (ccl_common.cpp:70)
2026-09-03 00:18:25.066 | warning  |              Op | Fabric packet size 4352 B is suboptimal for transporting 2048 B pages. Configure 6144 B packet size to maximize throughput. (ccl_common.cpp:70)
2026-09-03 00:18:25.066 | warning  |              Op | Fabric packet size 4352 B is suboptimal for transporting 2048 B pages. Configure 6144 B packet size to maximize throughput. (ccl_common.cpp:70)
2026-09-03 00:18:25.066 | warning  |              Op | Fabric packet size 4352 B is suboptimal for transporting 2048 B pages. Configure 6144 B packet size to maximize throughput. (ccl_common.cpp:70)
2026-09-03 00:18:25.066 | warning  |              Op | Fabric packet size 4352 B is suboptimal for transporting 2048 B pages. Configure 6144 B packet size to maximize throughput. (ccl_common.cpp:70)
2026-09-03 00:18:25.530 | warning  |              Op | The following ttnn.all_gather args are deprecated and will be removed in September-2026: num_links, topology, chunks_per_sync, num_workers_per_link, num_buffers_per_channel, use_l1_small_for_semaphores. (all_gather.cpp:148)
2026-09-03 00:18:25.530 | warning  |              Op | Allocating semaphores in L1, which may fragment L1 and reduce headroom for subsequent op allocations. Configure an L1_SMALL region to mitigate this. (all_gather_multicast_factory.cpp:42)
2026-09-03 00:18:25.530 | warning  |              Op | Fabric packet size 4352 B is suboptimal for transporting 2048 B pages. Configure 6144 B packet size to maximize throughput. (ccl_common.cpp:70)
2026-09-03 00:18:25.531 | warning  |              Op | Fabric packet size 4352 B is suboptimal for transporting 2048 B pages. Configure 6144 B packet size to maximize throughput. (ccl_common.cpp:70)
2026-09-03 00:18:25.531 | warning  |              Op | Fabric packet size 4352 B is suboptimal for transporting 2048 B pages. Configure 6144 B packet size to maximize throughput. (ccl_common.cpp:70)
2026-09-03 00:18:25.531 | warning  |              Op | Fabric packet size 4352 B is suboptimal for transporting 2048 B pages. Configure 6144 B packet size to maximize throughput. (ccl_common.cpp:70)
2026-09-03 00:18:25.531 | warning  |              Op | Fabric packet size 4352 B is suboptimal for transporting 2048 B pages. Configure 6144 B packet size to maximize throughput. (ccl_common.cpp:70)
2026-09-03 00:18:25.531 | warning  |              Op | Fabric packet size 4352 B is suboptimal for transporting 2048 B pages. Configure 6144 B packet size to maximize throughput. (ccl_common.cpp:70)
2026-09-03 00:18:25.531 | warning  |              Op | Fabric packet size 4352 B is suboptimal for transporting 2048 B pages. Configure 6144 B packet size to maximize throughput. (ccl_common.cpp:70)
2026-09-03 00:18:25.531 | warning  |              Op | Fabric packet size 4352 B is suboptimal for transporting 2048 B pages. Configure 6144 B packet size to maximize throughput. (ccl_common.cpp:70)
2026-09-03 00:18:25.533 | warning  |              Op | The following ttnn.all_gather args are deprecated and will be removed in September-2026: num_links, topology, chunks_per_sync, num_workers_per_link, num_buffers_per_channel, use_l1_small_for_semaphores. (all_gather.cpp:148)
2026-09-03 00:18:25.533 | warning  |              Op | Allocating semaphores in L1, which may fragment L1 and reduce headroom for subsequent op allocations. Configure an L1_SMALL region to mitigate this. (all_gather_multicast_factory.cpp:42)
2026-09-03 00:18:25.533 | warning  |              Op | Fabric packet size 4352 B is suboptimal for transporting 2048 B pages. Configure 6144 B packet size to maximize throughput. (ccl_common.cpp:70)
2026-09-03 00:18:25.533 | warning  |              Op | Fabric packet size 4352 B is suboptimal for transporting 2048 B pages. Configure 6144 B packet size to maximize throughput. (ccl_common.cpp:70)
2026-09-03 00:18:25.533 | warning  |              Op | Fabric packet size 4352 B is suboptimal for transporting 2048 B pages. Configure 6144 B packet size to maximize throughput. (ccl_common.cpp:70)
2026-09-03 00:18:25.533 | warning  |              Op | Fabric packet size 4352 B is suboptimal for transporting 2048 B pages. Configure 6144 B packet size to maximize throughput. (ccl_common.cpp:70)
2026-09-03 00:18:25.534 | warning  |              Op | Fabric packet size 4352 B is suboptimal for transporting 2048 B pages. Configure 6144 B packet size to maximize throughput. (ccl_common.cpp:70)
2026-09-03 00:18:25.534 | warning  |              Op | Fabric packet size 4352 B is suboptimal for transporting 2048 B pages. Configure 6144 B packet size to maximize throughput. (ccl_common.cpp:70)
2026-09-03 00:18:25.534 | warning  |              Op | Fabric packet size 4352 B is suboptimal for transporting 2048 B pages. Configure 6144 B packet size to maximize throughput. (ccl_common.cpp:70)
2026-09-03 00:18:25.534 | warning  |              Op | Fabric packet size 4352 B is suboptimal for transporting 2048 B pages. Configure 6144 B packet size to maximize throughput. (ccl_common.cpp:70)
2026-09-03 00:18:26.114 | warning  |              Op | The following ttnn.all_gather args are deprecated and will be removed in September-2026: num_links, topology, chunks_per_sync, num_workers_per_link, num_buffers_per_channel, use_l1_small_for_semaphores. (all_gather.cpp:148)
2026-09-03 00:18:26.114 | warning  |              Op | The following ttnn.all_gather args are deprecated and will be removed in September-2026: num_links, topology, chunks_per_sync, num_workers_per_link, num_buffers_per_channel, use_l1_small_for_semaphores. (all_gather.cpp:148)
2026-09-03 00:18:26.938 | warning  |              Op | The following ttnn.all_gather args are deprecated and will be removed in September-2026: num_links, topology, chunks_per_sync, num_workers_per_link, num_buffers_per_channel, use_l1_small_for_semaphores. (all_gather.cpp:148)
2026-09-03 00:18:26.938 | warning  |              Op | The following ttnn.all_gather args are deprecated and will be removed in September-2026: num_links, topology, chunks_per_sync, num_workers_per_link, num_buffers_per_channel, use_l1_small_for_semaphores. (all_gather.cpp:148)
2026-09-03 00:18:28.242 | warning  |              Op | The following ttnn.all_gather args are deprecated and will be removed in September-2026: num_links, topology, chunks_per_sync, num_workers_per_link, num_buffers_per_channel, use_l1_small_for_semaphores. (all_gather.cpp:148)
2026-09-03 00:18:28.243 | warning  |              Op | The following ttnn.all_gather args are deprecated and will be removed in September-2026: num_links, topology, chunks_per_sync, num_workers_per_link, num_buffers_per_channel, use_l1_small_for_semaphores. (all_gather.cpp:148)
2026-09-03 00:18:30.596 | warning  |              Op | The following ttnn.all_gather args are deprecated and will be removed in September-2026: num_links, topology, chunks_per_sync, num_workers_per_link, num_buffers_per_channel, use_l1_small_for_semaphores. (all_gather.cpp:148)
2026-09-03 00:18:30.596 | warning  |              Op | The following ttnn.all_gather args are deprecated and will be removed in September-2026: num_links, topology, chunks_per_sync, num_workers_per_link, num_buffers_per_channel, use_l1_small_for_semaphores. (all_gather.cpp:148)
2026-09-03 00:18:31.075 | warning  |              Op | The following ttnn.all_gather args are deprecated and will be removed in September-2026: num_links, topology, chunks_per_sync, num_workers_per_link, num_buffers_per_channel, use_l1_small_for_semaphores. (all_gather.cpp:148)
2026-09-03 00:18:31.075 | warning  |              Op | The following ttnn.all_gather args are deprecated and will be removed in September-2026: num_links, topology, chunks_per_sync, num_workers_per_link, num_buffers_per_channel, use_l1_small_for_semaphores. (all_gather.cpp:148)
2026-09-03 00:18:33.444 | warning  |              Op | The following ttnn.all_gather args are deprecated and will be removed in September-2026: num_links, topology, chunks_per_sync, num_workers_per_link, num_buffers_per_channel, use_l1_small_for_semaphores. (all_gather.cpp:148)
2026-09-03 00:18:33.446 | warning  |              Op | The following ttnn.all_gather args are deprecated and will be removed in September-2026: num_links, topology, chunks_per_sync, num_workers_per_link, num_buffers_per_channel, use_l1_small_for_semaphores. (all_gather.cpp:148)
2026-09-03 00:18:36.030 | warning  |              Op | The following ttnn.all_gather args are deprecated and will be removed in September-2026: num_links, topology, chunks_per_sync, num_workers_per_link, num_buffers_per_channel, use_l1_small_for_semaphores. (all_gather.cpp:148)
2026-09-03 00:18:36.030 | warning  |              Op | The following ttnn.all_gather args are deprecated and will be removed in September-2026: num_links, topology, chunks_per_sync, num_workers_per_link, num_buffers_per_channel, use_l1_small_for_semaphores. (all_gather.cpp:148)
2026-09-03 00:18:36.307 | warning  |              Op | The following ttnn.all_gather args are deprecated and will be removed in September-2026: num_links, topology, chunks_per_sync, num_workers_per_link, num_buffers_per_channel, use_l1_small_for_semaphores. (all_gather.cpp:148)
2026-09-03 00:18:36.307 | warning  |              Op | The following ttnn.all_gather args are deprecated and will be removed in September-2026: num_links, topology, chunks_per_sync, num_workers_per_link, num_buffers_per_channel, use_l1_small_for_semaphores. (all_gather.cpp:148)
2026-09-03 00:18:36.516 | warning  |              Op | The following ttnn.all_gather args are deprecated and will be removed in September-2026: num_links, topology, chunks_per_sync, num_workers_per_link, num_buffers_per_channel, use_l1_small_for_semaphores. (all_gather.cpp:148)
2026-09-03 00:18:36.516 | warning  |              Op | The following ttnn.all_gather args are deprecated and will be removed in September-2026: num_links, topology, chunks_per_sync, num_workers_per_link, num_buffers_per_channel, use_l1_small_for_semaphores. (all_gather.cpp:148)
2026-09-03 00:18:36.725 | warning  |              Op | The following ttnn.all_gather args are deprecated and will be removed in September-2026: num_links, topology, chunks_per_sync, num_workers_per_link, num_buffers_per_channel, use_l1_small_for_semaphores. (all_gather.cpp:148)
2026-09-03 00:18:36.725 | warning  |              Op | The following ttnn.all_gather args are deprecated and will be removed in September-2026: num_links, topology, chunks_per_sync, num_workers_per_link, num_buffers_per_channel, use_l1_small_for_semaphores. (all_gather.cpp:148)
2026-09-03 00:18:37.238 | warning  |              Op | The following ttnn.all_gather args are deprecated and will be removed in September-2026: num_links, topology, chunks_per_sync, num_workers_per_link, num_buffers_per_channel, use_l1_small_for_semaphores. (all_gather.cpp:148)
2026-09-03 00:18:37.239 | warning  |              Op | The following ttnn.all_gather args are deprecated and will be removed in September-2026: num_links, topology, chunks_per_sync, num_workers_per_link, num_buffers_per_channel, use_l1_small_for_semaphores. (all_gather.cpp:148)
2026-09-03 00:18:44.002 | warning  |           Metal | Allocating device buffers is unsafe due to the existence of an active trace. These buffers may be corrupted once a trace is executed. (allocator.cpp:123)
----------------------------- Captured stderr call -----------------------------
2026-09-03 00:18:07.026 | DEBUG    | core:as_tensor:724 - Loaded cache for /localdev/gwang/tt_transformers/model_cache/llama33_70b/T3K/empty_kcache_paged_attention(2048, 1, 32, 128)_dtype_BFLOAT8_B_layout_TILE.tensorbin of shape Shape([2048, 1, 32, 128])
2026-09-03 00:18:07.029 | DEBUG    | core:as_tensor:724 - Loaded cache for /localdev/gwang/tt_transformers/model_cache/llama33_70b/T3K/empty_vcache_paged_attention(2048, 1, 32, 128)_dtype_BFLOAT8_B_layout_TILE.tensorbin of shape Shape([2048, 1, 32, 128])
2026-09-03 00:18:07.032 | DEBUG    | core:as_tensor:724 - Loaded cache for /localdev/gwang/tt_transformers/model_cache/llama33_70b/T3K/empty_kcache_paged_attention(2048, 1, 32, 128)_dtype_BFLOAT8_B_layout_TILE.tensorbin of shape Shape([2048, 1, 32, 128])
2026-09-03 00:18:07.035 | DEBUG    | core:as_tensor:724 - Loaded cache for /localdev/gwang/tt_transformers/model_cache/llama33_70b/T3K/empty_vcache_paged_attention(2048, 1, 32, 128)_dtype_BFLOAT8_B_layout_TILE.tensorbin of shape Shape([2048, 1, 32, 128])
2026-09-03 00:18:07.038 | DEBUG    | core:as_tensor:724 - Loaded cache for /localdev/gwang/tt_transformers/model_cache/llama33_70b/T3K/empty_kcache_paged_attention(2048, 1, 32, 128)_dtype_BFLOAT8_B_layout_TILE.tensorbin of shape Shape([2048, 1, 32, 128])
2026-09-03 00:18:07.040 | DEBUG    | core:as_tensor:724 - Loaded cache for /localdev/gwang/tt_transformers/model_cache/llama33_70b/T3K/empty_vcache_paged_attention(2048, 1, 32, 128)_dtype_BFLOAT8_B_layout_TILE.tensorbin of shape Shape([2048, 1, 32, 128])
2026-09-03 00:18:07.043 | DEBUG    | core:as_tensor:724 - Loaded cache for /localdev/gwang/tt_transformers/model_cache/llama33_70b/T3K/empty_kcache_paged_attention(2048, 1, 32, 128)_dtype_BFLOAT8_B_layout_TILE.tensorbin of shape Shape([2048, 1, 32, 128])
2026-09-03 00:18:07.046 | DEBUG    | core:as_tensor:724 - Loaded cache for /localdev/gwang/tt_transformers/model_cache/llama33_70b/T3K/empty_vcache_paged_attention(2048, 1, 32, 128)_dtype_BFLOAT8_B_layout_TILE.tensorbin of shape Shape([2048, 1, 32, 128])
2026-09-03 00:18:07.049 | DEBUG    | core:as_tensor:724 - Loaded cache for /localdev/gwang/tt_transformers/model_cache/llama33_70b/T3K/empty_kcache_paged_attention(2048, 1, 32, 128)_dtype_BFLOAT8_B_layout_TILE.tensorbin of shape Shape([2048, 1, 32, 128])
2026-09-03 00:18:07.052 | DEBUG    | core:as_tensor:724 - Loaded cache for /localdev/gwang/tt_transformers/model_cache/llama33_70b/T3K/empty_vcache_paged_attention(2048, 1, 32, 128)_dtype_BFLOAT8_B_layout_TILE.tensorbin of shape Shape([2048, 1, 32, 128])
2026-09-03 00:18:07.054 | DEBUG    | core:as_tensor:724 - Loaded cache for /localdev/gwang/tt_transformers/model_cache/llama33_70b/T3K/empty_kcache_paged_attention(2048, 1, 32, 128)_dtype_BFLOAT8_B_layout_TILE.tensorbin of shape Shape([2048, 1, 32, 128])
2026-09-03 00:18:07.057 | DEBUG    | core:as_tensor:724 - Loaded cache for /localdev/gwang/tt_transformers/model_cache/llama33_70b/T3K/empty_vcache_paged_attention(2048, 1, 32, 128)_dtype_BFLOAT8_B_layout_TILE.tensorbin of shape Shape([2048, 1, 32, 128])
2026-09-03 00:18:07.060 | DEBUG    | core:as_tensor:724 - Loaded cache for /localdev/gwang/tt_transformers/model_cache/llama33_70b/T3K/empty_kcache_paged_attention(2048, 1, 32, 128)_dtype_BFLOAT8_B_layout_TILE.tensorbin of shape Shape([2048, 1, 32, 128])
2026-09-03 00:18:07.063 | DEBUG    | core:as_tensor:724 - Loaded cache for /localdev/gwang/tt_transformers/model_cache/llama33_70b/T3K/empty_vcache_paged_attention(2048, 1, 32, 128)_dtype_BFLOAT8_B_layout_TILE.tensorbin of shape Shape([2048, 1, 32, 128])
2026-09-03 00:18:07.066 | DEBUG    | core:as_tensor:724 - Loaded cache for /localdev/gwang/tt_transformers/model_cache/llama33_70b/T3K/empty_kcache_paged_attention(2048, 1, 32, 128)_dtype_BFLOAT8_B_layout_TILE.tensorbin of shape Shape([2048, 1, 32, 128])
2026-09-03 00:18:07.068 | DEBUG    | core:as_tensor:724 - Loaded cache for /localdev/gwang/tt_transformers/model_cache/llama33_70b/T3K/empty_vcache_paged_attention(2048, 1, 32, 128)_dtype_BFLOAT8_B_layout_TILE.tensorbin of shape Shape([2048, 1, 32, 128])
2026-09-03 00:18:07.071 | DEBUG    | core:as_tensor:724 - Loaded cache for /localdev/gwang/tt_transformers/model_cache/llama33_70b/T3K/empty_kcache_paged_attention(2048, 1, 32, 128)_dtype_BFLOAT8_B_layout_TILE.tensorbin of shape Shape([2048, 1, 32, 128])
2026-09-03 00:18:07.074 | DEBUG    | core:as_tensor:724 - Loaded cache for /localdev/gwang/tt_transformers/model_cache/llama33_70b/T3K/empty_vcache_paged_attention(2048, 1, 32, 128)_dtype_BFLOAT8_B_layout_TILE.tensorbin of shape Shape([2048, 1, 32, 128])
2026-09-03 00:18:07.077 | DEBUG    | core:as_tensor:724 - Loaded cache for /localdev/gwang/tt_transformers/model_cache/llama33_70b/T3K/empty_kcache_paged_attention(2048, 1, 32, 128)_dtype_BFLOAT8_B_layout_TILE.tensorbin of shape Shape([2048, 1, 32, 128])
2026-09-03 00:18:07.080 | DEBUG    | core:as_tensor:724 - Loaded cache for /localdev/gwang/tt_transformers/model_cache/llama33_70b/T3K/empty_vcache_paged_attention(2048, 1, 32, 128)_dtype_BFLOAT8_B_layout_TILE.tensorbin of shape Shape([2048, 1, 32, 128])
2026-09-03 00:18:07.083 | DEBUG    | core:as_tensor:724 - Loaded cache for /localdev/gwang/tt_transformers/model_cache/llama33_70b/T3K/empty_kcache_paged_attention(2048, 1, 32, 128)_dtype_BFLOAT8_B_layout_TILE.tensorbin of shape Shape([2048, 1, 32, 128])
2026-09-03 00:18:07.086 | DEBUG    | core:as_tensor:724 - Loaded cache for /localdev/gwang/tt_transformers/model_cache/llama33_70b/T3K/empty_vcache_paged_attention(2048, 1, 32, 128)_dtype_BFLOAT8_B_layout_TILE.tensorbin of shape Shape([2048, 1, 32, 128])
2026-09-03 00:18:07.089 | DEBUG    | core:as_tensor:724 - Loaded cache for /localdev/gwang/tt_transformers/model_cache/llama33_70b/T3K/empty_kcache_paged_attention(2048, 1, 32, 128)_dtype_BFLOAT8_B_layout_TILE.tensorbin of shape Shape([2048, 1, 32, 128])
2026-09-03 00:18:07.092 | DEBUG    | core:as_tensor:724 - Loaded cache for /localdev/gwang/tt_transformers/model_cache/llama33_70b/T3K/empty_vcache_paged_attention(2048, 1, 32, 128)_dtype_BFLOAT8_B_layout_TILE.tensorbin of shape Shape([2048, 1, 32, 128])
2026-09-03 00:18:07.095 | DEBUG    | core:as_tensor:724 - Loaded cache for /localdev/gwang/tt_transformers/model_cache/llama33_70b/T3K/empty_kcache_paged_attention(2048, 1, 32, 128)_dtype_BFLOAT8_B_layout_TILE.tensorbin of shape Shape([2048, 1, 32, 128])
2026-09-03 00:18:07.098 | DEBUG    | core:as_tensor:724 - Loaded cache for /localdev/gwang/tt_transformers/model_cache/llama33_70b/T3K/empty_vcache_paged_attention(2048, 1, 32, 128)_dtype_BFLOAT8_B_layout_TILE.tensorbin of shape Shape([2048, 1, 32, 128])
2026-09-03 00:18:07.101 | DEBUG    | core:as_tensor:724 - Loaded cache for /localdev/gwang/tt_transformers/model_cache/llama33_70b/T3K/empty_kcache_paged_attention(2048, 1, 32, 128)_dtype_BFLOAT8_B_layout_TILE.tensorbin of shape Shape([2048, 1, 32, 128])
2026-09-03 00:18:07.104 | DEBUG    | core:as_tensor:724 - Loaded cache for /localdev/gwang/tt_transformers/model_cache/llama33_70b/T3K/empty_vcache_paged_attention(2048, 1, 32, 128)_dtype_BFLOAT8_B_layout_TILE.tensorbin of shape Shape([2048, 1, 32, 128])
2026-09-03 00:18:07.107 | DEBUG    | core:as_tensor:724 - Loaded cache for /localdev/gwang/tt_transformers/model_cache/llama33_70b/T3K/empty_kcache_paged_attention(2048, 1, 32, 128)_dtype_BFLOAT8_B_layout_TILE.tensorbin of shape Shape([2048, 1, 32, 128])
2026-09-03 00:18:07.110 | DEBUG    | core:as_tensor:724 - Loaded cache for /localdev/gwang/tt_transformers/model_cache/llama33_70b/T3K/empty_vcache_paged_attention(2048, 1, 32, 128)_dtype_BFLOAT8_B_layout_TILE.tensorbin of shape Shape([2048, 1, 32, 128])
2026-09-03 00:18:07.113 | DEBUG    | core:as_tensor:724 - Loaded cache for /localdev/gwang/tt_transformers/model_cache/llama33_70b/T3K/empty_kcache_paged_attention(2048, 1, 32, 128)_dtype_BFLOAT8_B_layout_TILE.tensorbin of shape Shape([2048, 1, 32, 128])
2026-09-03 00:18:07.116 | DEBUG    | core:as_tensor:724 - Loaded cache for /localdev/gwang/tt_transformers/model_cache/llama33_70b/T3K/empty_vcache_paged_attention(2048, 1, 32, 128)_dtype_BFLOAT8_B_layout_TILE.tensorbin of shape Shape([2048, 1, 32, 128])
2026-09-03 00:18:07.119 | DEBUG    | core:as_tensor:724 - Loaded cache for /localdev/gwang/tt_transformers/model_cache/llama33_70b/T3K/empty_kcache_paged_attention(2048, 1, 32, 128)_dtype_BFLOAT8_B_layout_TILE.tensorbin of shape Shape([2048, 1, 32, 128])
2026-09-03 00:18:07.122 | DEBUG    | core:as_tensor:724 - Loaded cache for /localdev/gwang/tt_transformers/model_cache/llama33_70b/T3K/empty_vcache_paged_attention(2048, 1, 32, 128)_dtype_BFLOAT8_B_layout_TILE.tensorbin of shape Shape([2048, 1, 32, 128])
2026-09-03 00:18:07.125 | DEBUG    | core:as_tensor:724 - Loaded cache for /localdev/gwang/tt_transformers/model_cache/llama33_70b/T3K/empty_kcache_paged_attention(2048, 1, 32, 128)_dtype_BFLOAT8_B_layout_TILE.tensorbin of shape Shape([2048, 1, 32, 128])
2026-09-03 00:18:07.128 | DEBUG    | core:as_tensor:724 - Loaded cache for /localdev/gwang/tt_transformers/model_cache/llama33_70b/T3K/empty_vcache_paged_attention(2048, 1, 32, 128)_dtype_BFLOAT8_B_layout_TILE.tensorbin of shape Shape([2048, 1, 32, 128])
2026-09-03 00:18:07.131 | DEBUG    | core:as_tensor:724 - Loaded cache for /localdev/gwang/tt_transformers/model_cache/llama33_70b/T3K/empty_kcache_paged_attention(2048, 1, 32, 128)_dtype_BFLOAT8_B_layout_TILE.tensorbin of shape Shape([2048, 1, 32, 128])
2026-09-03 00:18:07.134 | DEBUG    | core:as_tensor:724 - Loaded cache for /localdev/gwang/tt_transformers/model_cache/llama33_70b/T3K/empty_vcache_paged_attention(2048, 1, 32, 128)_dtype_BFLOAT8_B_layout_TILE.tensorbin of shape Shape([2048, 1, 32, 128])
2026-09-03 00:18:07.137 | DEBUG    | core:as_tensor:724 - Loaded cache for /localdev/gwang/tt_transformers/model_cache/llama33_70b/T3K/empty_kcache_paged_attention(2048, 1, 32, 128)_dtype_BFLOAT8_B_layout_TILE.tensorbin of shape Shape([2048, 1, 32, 128])
2026-09-03 00:18:07.140 | DEBUG    | core:as_tensor:724 - Loaded cache for /localdev/gwang/tt_transformers/model_cache/llama33_70b/T3K/empty_vcache_paged_attention(2048, 1, 32, 128)_dtype_BFLOAT8_B_layout_TILE.tensorbin of shape Shape([2048, 1, 32, 128])
2026-09-03 00:18:07.143 | DEBUG    | core:as_tensor:724 - Loaded cache for /localdev/gwang/tt_transformers/model_cache/llama33_70b/T3K/empty_kcache_paged_attention(2048, 1, 32, 128)_dtype_BFLOAT8_B_layout_TILE.tensorbin of shape Shape([2048, 1, 32, 128])
2026-09-03 00:18:07.146 | DEBUG    | core:as_tensor:724 - Loaded cache for /localdev/gwang/tt_transformers/model_cache/llama33_70b/T3K/empty_vcache_paged_attention(2048, 1, 32, 128)_dtype_BFLOAT8_B_layout_TILE.tensorbin of shape Shape([2048, 1, 32, 128])
2026-09-03 00:18:07.149 | DEBUG    | core:as_tensor:724 - Loaded cache for /localdev/gwang/tt_transformers/model_cache/llama33_70b/T3K/empty_kcache_paged_attention(2048, 1, 32, 128)_dtype_BFLOAT8_B_layout_TILE.tensorbin of shape Shape([2048, 1, 32, 128])
2026-09-03 00:18:07.152 | DEBUG    | core:as_tensor:724 - Loaded cache for /localdev/gwang/tt_transformers/model_cache/llama33_70b/T3K/empty_vcache_paged_attention(2048, 1, 32, 128)_dtype_BFLOAT8_B_layout_TILE.tensorbin of shape Shape([2048, 1, 32, 128])
2026-09-03 00:18:07.155 | DEBUG    | core:as_tensor:724 - Loaded cache for /localdev/gwang/tt_transformers/model_cache/llama33_70b/T3K/empty_kcache_paged_attention(2048, 1, 32, 128)_dtype_BFLOAT8_B_layout_TILE.tensorbin of shape Shape([2048, 1, 32, 128])
2026-09-03 00:18:07.158 | DEBUG    | core:as_tensor:724 - Loaded cache for /localdev/gwang/tt_transformers/model_cache/llama33_70b/T3K/empty_vcache_paged_attention(2048, 1, 32, 128)_dtype_BFLOAT8_B_layout_TILE.tensorbin of shape Shape([2048, 1, 32, 128])
2026-09-03 00:18:07.161 | DEBUG    | core:as_tensor:724 - Loaded cache for /localdev/gwang/tt_transformers/model_cache/llama33_70b/T3K/empty_kcache_paged_attention(2048, 1, 32, 128)_dtype_BFLOAT8_B_layout_TILE.tensorbin of shape Shape([2048, 1, 32, 128])
2026-09-03 00:18:07.164 | DEBUG    | core:as_tensor:724 - Loaded cache for /localdev/gwang/tt_transformers/model_cache/llama33_70b/T3K/empty_vcache_paged_attention(2048, 1, 32, 128)_dtype_BFLOAT8_B_layout_TILE.tensorbin of shape Shape([2048, 1, 32, 128])
2026-09-03 00:18:07.167 | DEBUG    | core:as_tensor:724 - Loaded cache for /localdev/gwang/tt_transformers/model_cache/llama33_70b/T3K/empty_kcache_paged_attention(2048, 1, 32, 128)_dtype_BFLOAT8_B_layout_TILE.tensorbin of shape Shape([2048, 1, 32, 128])
2026-09-03 00:18:07.170 | DEBUG    | core:as_tensor:724 - Loaded cache for /localdev/gwang/tt_transformers/model_cache/llama33_70b/T3K/empty_vcache_paged_attention(2048, 1, 32, 128)_dtype_BFLOAT8_B_layout_TILE.tensorbin of shape Shape([2048, 1, 32, 128])
2026-09-03 00:18:07.173 | DEBUG    | core:as_tensor:724 - Loaded cache for /localdev/gwang/tt_transformers/model_cache/llama33_70b/T3K/empty_kcache_paged_attention(2048, 1, 32, 128)_dtype_BFLOAT8_B_layout_TILE.tensorbin of shape Shape([2048, 1, 32, 128])
2026-09-03 00:18:07.176 | DEBUG    | core:as_tensor:724 - Loaded cache for /localdev/gwang/tt_transformers/model_cache/llama33_70b/T3K/empty_vcache_paged_attention(2048, 1, 32, 128)_dtype_BFLOAT8_B_layout_TILE.tensorbin of shape Shape([2048, 1, 32, 128])
2026-09-03 00:18:07.179 | DEBUG    | core:as_tensor:724 - Loaded cache for /localdev/gwang/tt_transformers/model_cache/llama33_70b/T3K/empty_kcache_paged_attention(2048, 1, 32, 128)_dtype_BFLOAT8_B_layout_TILE.tensorbin of shape Shape([2048, 1, 32, 128])
2026-09-03 00:18:07.182 | DEBUG    | core:as_tensor:724 - Loaded cache for /localdev/gwang/tt_transformers/model_cache/llama33_70b/T3K/empty_vcache_paged_attention(2048, 1, 32, 128)_dtype_BFLOAT8_B_layout_TILE.tensorbin of shape Shape([2048, 1, 32, 128])
2026-09-03 00:18:07.185 | DEBUG    | core:as_tensor:724 - Loaded cache for /localdev/gwang/tt_transformers/model_cache/llama33_70b/T3K/empty_kcache_paged_attention(2048, 1, 32, 128)_dtype_BFLOAT8_B_layout_TILE.tensorbin of shape Shape([2048, 1, 32, 128])
2026-09-03 00:18:07.188 | DEBUG    | core:as_tensor:724 - Loaded cache for /localdev/gwang/tt_transformers/model_cache/llama33_70b/T3K/empty_vcache_paged_attention(2048, 1, 32, 128)_dtype_BFLOAT8_B_layout_TILE.tensorbin of shape Shape([2048, 1, 32, 128])
2026-09-03 00:18:07.191 | DEBUG    | core:as_tensor:724 - Loaded cache for /localdev/gwang/tt_transformers/model_cache/llama33_70b/T3K/empty_kcache_paged_attention(2048, 1, 32, 128)_dtype_BFLOAT8_B_layout_TILE.tensorbin of shape Shape([2048, 1, 32, 128])
2026-09-03 00:18:07.194 | DEBUG    | core:as_tensor:724 - Loaded cache for /localdev/gwang/tt_transformers/model_cache/llama33_70b/T3K/empty_vcache_paged_attention(2048, 1, 32, 128)_dtype_BFLOAT8_B_layout_TILE.tensorbin of shape Shape([2048, 1, 32, 128])
2026-09-03 00:18:07.197 | DEBUG    | core:as_tensor:724 - Loaded cache for /localdev/gwang/tt_transformers/model_cache/llama33_70b/T3K/empty_kcache_paged_attention(2048, 1, 32, 128)_dtype_BFLOAT8_B_layout_TILE.tensorbin of shape Shape([2048, 1, 32, 128])
2026-09-03 00:18:07.200 | DEBUG    | core:as_tensor:724 - Loaded cache for /localdev/gwang/tt_transformers/model_cache/llama33_70b/T3K/empty_vcache_paged_attention(2048, 1, 32, 128)_dtype_BFLOAT8_B_layout_TILE.tensorbin of shape Shape([2048, 1, 32, 128])
2026-09-03 00:18:07.203 | DEBUG    | core:as_tensor:724 - Loaded cache for /localdev/gwang/tt_transformers/model_cache/llama33_70b/T3K/empty_kcache_paged_attention(2048, 1, 32, 128)_dtype_BFLOAT8_B_layout_TILE.tensorbin of shape Shape([2048, 1, 32, 128])
2026-09-03 00:18:07.206 | DEBUG    | core:as_tensor:724 - Loaded cache for /localdev/gwang/tt_transformers/model_cache/llama33_70b/T3K/empty_vcache_paged_attention(2048, 1, 32, 128)_dtype_BFLOAT8_B_layout_TILE.tensorbin of shape Shape([2048, 1, 32, 128])
2026-09-03 00:18:07.209 | DEBUG    | core:as_tensor:724 - Loaded cache for /localdev/gwang/tt_transformers/model_cache/llama33_70b/T3K/empty_kcache_paged_attention(2048, 1, 32, 128)_dtype_BFLOAT8_B_layout_TILE.tensorbin of shape Shape([2048, 1, 32, 128])
2026-09-03 00:18:07.212 | DEBUG    | core:as_tensor:724 - Loaded cache for /localdev/gwang/tt_transformers/model_cache/llama33_70b/T3K/empty_vcache_paged_attention(2048, 1, 32, 128)_dtype_BFLOAT8_B_layout_TILE.tensorbin of shape Shape([2048, 1, 32, 128])
2026-09-03 00:18:07.215 | DEBUG    | core:as_tensor:724 - Loaded cache for /localdev/gwang/tt_transformers/model_cache/llama33_70b/T3K/empty_kcache_paged_attention(2048, 1, 32, 128)_dtype_BFLOAT8_B_layout_TILE.tensorbin of shape Shape([2048, 1, 32, 128])
2026-09-03 00:18:07.218 | DEBUG    | core:as_tensor:724 - Loaded cache for /localdev/gwang/tt_transformers/model_cache/llama33_70b/T3K/empty_vcache_paged_attention(2048, 1, 32, 128)_dtype_BFLOAT8_B_layout_TILE.tensorbin of shape Shape([2048, 1, 32, 128])
2026-09-03 00:18:07.221 | DEBUG    | core:as_tensor:724 - Loaded cache for /localdev/gwang/tt_transformers/model_cache/llama33_70b/T3K/empty_kcache_paged_attention(2048, 1, 32, 128)_dtype_BFLOAT8_B_layout_TILE.tensorbin of shape Shape([2048, 1, 32, 128])
2026-09-03 00:18:07.224 | DEBUG    | core:as_tensor:724 - Loaded cache for /localdev/gwang/tt_transformers/model_cache/llama33_70b/T3K/empty_vcache_paged_attention(2048, 1, 32, 128)_dtype_BFLOAT8_B_layout_TILE.tensorbin of shape Shape([2048, 1, 32, 128])
2026-09-03 00:18:07.228 | DEBUG    | core:as_tensor:724 - Loaded cache for /localdev/gwang/tt_transformers/model_cache/llama33_70b/T3K/empty_kcache_paged_attention(2048, 1, 32, 128)_dtype_BFLOAT8_B_layout_TILE.tensorbin of shape Shape([2048, 1, 32, 128])
2026-09-03 00:18:07.230 | DEBUG    | core:as_tensor:724 - Loaded cache for /localdev/gwang/tt_transformers/model_cache/llama33_70b/T3K/empty_vcache_paged_attention(2048, 1, 32, 128)_dtype_BFLOAT8_B_layout_TILE.tensorbin of shape Shape([2048, 1, 32, 128])
2026-09-03 00:18:07.233 | DEBUG    | core:as_tensor:724 - Loaded cache for /localdev/gwang/tt_transformers/model_cache/llama33_70b/T3K/empty_kcache_paged_attention(2048, 1, 32, 128)_dtype_BFLOAT8_B_layout_TILE.tensorbin of shape Shape([2048, 1, 32, 128])
2026-09-03 00:18:07.237 | DEBUG    | core:as_tensor:724 - Loaded cache for /localdev/gwang/tt_transformers/model_cache/llama33_70b/T3K/empty_vcache_paged_attention(2048, 1, 32, 128)_dtype_BFLOAT8_B_layout_TILE.tensorbin of shape Shape([2048, 1, 32, 128])
2026-09-03 00:18:07.240 | DEBUG    | core:as_tensor:724 - Loaded cache for /localdev/gwang/tt_transformers/model_cache/llama33_70b/T3K/empty_kcache_paged_attention(2048, 1, 32, 128)_dtype_BFLOAT8_B_layout_TILE.tensorbin of shape Shape([2048, 1, 32, 128])
2026-09-03 00:18:07.243 | DEBUG    | core:as_tensor:724 - Loaded cache for /localdev/gwang/tt_transformers/model_cache/llama33_70b/T3K/empty_vcache_paged_attention(2048, 1, 32, 128)_dtype_BFLOAT8_B_layout_TILE.tensorbin of shape Shape([2048, 1, 32, 128])
2026-09-03 00:18:07.246 | DEBUG    | core:as_tensor:724 - Loaded cache for /localdev/gwang/tt_transformers/model_cache/llama33_70b/T3K/empty_kcache_paged_attention(2048, 1, 32, 128)_dtype_BFLOAT8_B_layout_TILE.tensorbin of shape Shape([2048, 1, 32, 128])
2026-09-03 00:18:07.249 | DEBUG    | core:as_tensor:724 - Loaded cache for /localdev/gwang/tt_transformers/model_cache/llama33_70b/T3K/empty_vcache_paged_attention(2048, 1, 32, 128)_dtype_BFLOAT8_B_layout_TILE.tensorbin of shape Shape([2048, 1, 32, 128])
2026-09-03 00:18:07.252 | DEBUG    | core:as_tensor:724 - Loaded cache for /localdev/gwang/tt_transformers/model_cache/llama33_70b/T3K/empty_kcache_paged_attention(2048, 1, 32, 128)_dtype_BFLOAT8_B_layout_TILE.tensorbin of shape Shape([2048, 1, 32, 128])
2026-09-03 00:18:07.255 | DEBUG    | core:as_tensor:724 - Loaded cache for /localdev/gwang/tt_transformers/model_cache/llama33_70b/T3K/empty_vcache_paged_attention(2048, 1, 32, 128)_dtype_BFLOAT8_B_layout_TILE.tensorbin of shape Shape([2048, 1, 32, 128])
2026-09-03 00:18:07.258 | DEBUG    | core:as_tensor:724 - Loaded cache for /localdev/gwang/tt_transformers/model_cache/llama33_70b/T3K/empty_kcache_paged_attention(2048, 1, 32, 128)_dtype_BFLOAT8_B_layout_TILE.tensorbin of shape Shape([2048, 1, 32, 128])
2026-09-03 00:18:07.261 | DEBUG    | core:as_tensor:724 - Loaded cache for /localdev/gwang/tt_transformers/model_cache/llama33_70b/T3K/empty_vcache_paged_attention(2048, 1, 32, 128)_dtype_BFLOAT8_B_layout_TILE.tensorbin of shape Shape([2048, 1, 32, 128])
2026-09-03 00:18:07.264 | DEBUG    | core:as_tensor:724 - Loaded cache for /localdev/gwang/tt_transformers/model_cache/llama33_70b/T3K/empty_kcache_paged_attention(2048, 1, 32, 128)_dtype_BFLOAT8_B_layout_TILE.tensorbin of shape Shape([2048, 1, 32, 128])
2026-09-03 00:18:07.267 | DEBUG    | core:as_tensor:724 - Loaded cache for /localdev/gwang/tt_transformers/model_cache/llama33_70b/T3K/empty_vcache_paged_attention(2048, 1, 32, 128)_dtype_BFLOAT8_B_layout_TILE.tensorbin of shape Shape([2048, 1, 32, 128])
2026-09-03 00:18:07.270 | DEBUG    | core:as_tensor:724 - Loaded cache for /localdev/gwang/tt_transformers/model_cache/llama33_70b/T3K/empty_kcache_paged_attention(2048, 1, 32, 128)_dtype_BFLOAT8_B_layout_TILE.tensorbin of shape Shape([2048, 1, 32, 128])
2026-09-03 00:18:07.273 | DEBUG    | core:as_tensor:724 - Loaded cache for /localdev/gwang/tt_transformers/model_cache/llama33_70b/T3K/empty_vcache_paged_attention(2048, 1, 32, 128)_dtype_BFLOAT8_B_layout_TILE.tensorbin of shape Shape([2048, 1, 32, 128])
2026-09-03 00:18:07.276 | DEBUG    | core:as_tensor:724 - Loaded cache for /localdev/gwang/tt_transformers/model_cache/llama33_70b/T3K/empty_kcache_paged_attention(2048, 1, 32, 128)_dtype_BFLOAT8_B_layout_TILE.tensorbin of shape Shape([2048, 1, 32, 128])
2026-09-03 00:18:07.279 | DEBUG    | core:as_tensor:724 - Loaded cache for /localdev/gwang/tt_transformers/model_cache/llama33_70b/T3K/empty_vcache_paged_attention(2048, 1, 32, 128)_dtype_BFLOAT8_B_layout_TILE.tensorbin of shape Shape([2048, 1, 32, 128])
2026-09-03 00:18:07.282 | DEBUG    | core:as_tensor:724 - Loaded cache for /localdev/gwang/tt_transformers/model_cache/llama33_70b/T3K/empty_kcache_paged_attention(2048, 1, 32, 128)_dtype_BFLOAT8_B_layout_TILE.tensorbin of shape Shape([2048, 1, 32, 128])
2026-09-03 00:18:07.286 | DEBUG    | core:as_tensor:724 - Loaded cache for /localdev/gwang/tt_transformers/model_cache/llama33_70b/T3K/empty_vcache_paged_attention(2048, 1, 32, 128)_dtype_BFLOAT8_B_layout_TILE.tensorbin of shape Shape([2048, 1, 32, 128])
2026-09-03 00:18:07.289 | DEBUG    | core:as_tensor:724 - Loaded cache for /localdev/gwang/tt_transformers/model_cache/llama33_70b/T3K/empty_kcache_paged_attention(2048, 1, 32, 128)_dtype_BFLOAT8_B_layout_TILE.tensorbin of shape Shape([2048, 1, 32, 128])
2026-09-03 00:18:07.292 | DEBUG    | core:as_tensor:724 - Loaded cache for /localdev/gwang/tt_transformers/model_cache/llama33_70b/T3K/empty_vcache_paged_attention(2048, 1, 32, 128)_dtype_BFLOAT8_B_layout_TILE.tensorbin of shape Shape([2048, 1, 32, 128])
2026-09-03 00:18:07.297 | DEBUG    | core:as_tensor:724 - Loaded cache for /localdev/gwang/tt_transformers/model_cache/llama33_70b/T3K/empty_kcache_paged_attention(2048, 1, 32, 128)_dtype_BFLOAT8_B_layout_TILE.tensorbin of shape Shape([2048, 1, 32, 128])
2026-09-03 00:18:07.300 | DEBUG    | core:as_tensor:724 - Loaded cache for /localdev/gwang/tt_transformers/model_cache/llama33_70b/T3K/empty_vcache_paged_attention(2048, 1, 32, 128)_dtype_BFLOAT8_B_layout_TILE.tensorbin of shape Shape([2048, 1, 32, 128])
2026-09-03 00:18:07.305 | DEBUG    | core:as_tensor:724 - Loaded cache for /localdev/gwang/tt_transformers/model_cache/llama33_70b/T3K/empty_kcache_paged_attention(2048, 1, 32, 128)_dtype_BFLOAT8_B_layout_TILE.tensorbin of shape Shape([2048, 1, 32, 128])
2026-09-03 00:18:07.308 | DEBUG    | core:as_tensor:724 - Loaded cache for /localdev/gwang/tt_transformers/model_cache/llama33_70b/T3K/empty_vcache_paged_attention(2048, 1, 32, 128)_dtype_BFLOAT8_B_layout_TILE.tensorbin of shape Shape([2048, 1, 32, 128])
2026-09-03 00:18:07.311 | DEBUG    | core:as_tensor:724 - Loaded cache for /localdev/gwang/tt_transformers/model_cache/llama33_70b/T3K/empty_kcache_paged_attention(2048, 1, 32, 128)_dtype_BFLOAT8_B_layout_TILE.tensorbin of shape Shape([2048, 1, 32, 128])
2026-09-03 00:18:07.314 | DEBUG    | core:as_tensor:724 - Loaded cache for /localdev/gwang/tt_transformers/model_cache/llama33_70b/T3K/empty_vcache_paged_attention(2048, 1, 32, 128)_dtype_BFLOAT8_B_layout_TILE.tensorbin of shape Shape([2048, 1, 32, 128])
2026-09-03 00:18:07.317 | DEBUG    | core:as_tensor:724 - Loaded cache for /localdev/gwang/tt_transformers/model_cache/llama33_70b/T3K/empty_kcache_paged_attention(2048, 1, 32, 128)_dtype_BFLOAT8_B_layout_TILE.tensorbin of shape Shape([2048, 1, 32, 128])
2026-09-03 00:18:07.320 | DEBUG    | core:as_tensor:724 - Loaded cache for /localdev/gwang/tt_transformers/model_cache/llama33_70b/T3K/empty_vcache_paged_attention(2048, 1, 32, 128)_dtype_BFLOAT8_B_layout_TILE.tensorbin of shape Shape([2048, 1, 32, 128])
2026-09-03 00:18:07.323 | DEBUG    | core:as_tensor:724 - Loaded cache for /localdev/gwang/tt_transformers/model_cache/llama33_70b/T3K/empty_kcache_paged_attention(2048, 1, 32, 128)_dtype_BFLOAT8_B_layout_TILE.tensorbin of shape Shape([2048, 1, 32, 128])
2026-09-03 00:18:07.326 | DEBUG    | core:as_tensor:724 - Loaded cache for /localdev/gwang/tt_transformers/model_cache/llama33_70b/T3K/empty_vcache_paged_attention(2048, 1, 32, 128)_dtype_BFLOAT8_B_layout_TILE.tensorbin of shape Shape([2048, 1, 32, 128])
2026-09-03 00:18:07.329 | DEBUG    | core:as_tensor:724 - Loaded cache for /localdev/gwang/tt_transformers/model_cache/llama33_70b/T3K/empty_kcache_paged_attention(2048, 1, 32, 128)_dtype_BFLOAT8_B_layout_TILE.tensorbin of shape Shape([2048, 1, 32, 128])
2026-09-03 00:18:07.332 | DEBUG    | core:as_tensor:724 - Loaded cache for /localdev/gwang/tt_transformers/model_cache/llama33_70b/T3K/empty_vcache_paged_attention(2048, 1, 32, 128)_dtype_BFLOAT8_B_layout_TILE.tensorbin of shape Shape([2048, 1, 32, 128])
2026-09-03 00:18:07.335 | DEBUG    | core:as_tensor:724 - Loaded cache for /localdev/gwang/tt_transformers/model_cache/llama33_70b/T3K/empty_kcache_paged_attention(2048, 1, 32, 128)_dtype_BFLOAT8_B_layout_TILE.tensorbin of shape Shape([2048, 1, 32, 128])
2026-09-03 00:18:07.338 | DEBUG    | core:as_tensor:724 - Loaded cache for /localdev/gwang/tt_transformers/model_cache/llama33_70b/T3K/empty_vcache_paged_attention(2048, 1, 32, 128)_dtype_BFLOAT8_B_layout_TILE.tensorbin of shape Shape([2048, 1, 32, 128])
2026-09-03 00:18:07.341 | DEBUG    | core:as_tensor:724 - Loaded cache for /localdev/gwang/tt_transformers/model_cache/llama33_70b/T3K/empty_kcache_paged_attention(2048, 1, 32, 128)_dtype_BFLOAT8_B_layout_TILE.tensorbin of shape Shape([2048, 1, 32, 128])
2026-09-03 00:18:07.344 | DEBUG    | core:as_tensor:724 - Loaded cache for /localdev/gwang/tt_transformers/model_cache/llama33_70b/T3K/empty_vcache_paged_attention(2048, 1, 32, 128)_dtype_BFLOAT8_B_layout_TILE.tensorbin of shape Shape([2048, 1, 32, 128])
2026-09-03 00:18:07.347 | DEBUG    | core:as_tensor:724 - Loaded cache for /localdev/gwang/tt_transformers/model_cache/llama33_70b/T3K/empty_kcache_paged_attention(2048, 1, 32, 128)_dtype_BFLOAT8_B_layout_TILE.tensorbin of shape Shape([2048, 1, 32, 128])
2026-09-03 00:18:07.350 | DEBUG    | core:as_tensor:724 - Loaded cache for /localdev/gwang/tt_transformers/model_cache/llama33_70b/T3K/empty_vcache_paged_attention(2048, 1, 32, 128)_dtype_BFLOAT8_B_layout_TILE.tensorbin of shape Shape([2048, 1, 32, 128])
2026-09-03 00:18:07.353 | DEBUG    | core:as_tensor:724 - Loaded cache for /localdev/gwang/tt_transformers/model_cache/llama33_70b/T3K/empty_kcache_paged_attention(2048, 1, 32, 128)_dtype_BFLOAT8_B_layout_TILE.tensorbin of shape Shape([2048, 1, 32, 128])
2026-09-03 00:18:07.356 | DEBUG    | core:as_tensor:724 - Loaded cache for /localdev/gwang/tt_transformers/model_cache/llama33_70b/T3K/empty_vcache_paged_attention(2048, 1, 32, 128)_dtype_BFLOAT8_B_layout_TILE.tensorbin of shape Shape([2048, 1, 32, 128])
2026-09-03 00:18:07.359 | DEBUG    | core:as_tensor:724 - Loaded cache for /localdev/gwang/tt_transformers/model_cache/llama33_70b/T3K/empty_kcache_paged_attention(2048, 1, 32, 128)_dtype_BFLOAT8_B_layout_TILE.tensorbin of shape Shape([2048, 1, 32, 128])
2026-09-03 00:18:07.362 | DEBUG    | core:as_tensor:724 - Loaded cache for /localdev/gwang/tt_transformers/model_cache/llama33_70b/T3K/empty_vcache_paged_attention(2048, 1, 32, 128)_dtype_BFLOAT8_B_layout_TILE.tensorbin of shape Shape([2048, 1, 32, 128])
2026-09-03 00:18:07.365 | DEBUG    | core:as_tensor:724 - Loaded cache for /localdev/gwang/tt_transformers/model_cache/llama33_70b/T3K/empty_kcache_paged_attention(2048, 1, 32, 128)_dtype_BFLOAT8_B_layout_TILE.tensorbin of shape Shape([2048, 1, 32, 128])
2026-09-03 00:18:07.368 | DEBUG    | core:as_tensor:724 - Loaded cache for /localdev/gwang/tt_transformers/model_cache/llama33_70b/T3K/empty_vcache_paged_attention(2048, 1, 32, 128)_dtype_BFLOAT8_B_layout_TILE.tensorbin of shape Shape([2048, 1, 32, 128])
2026-09-03 00:18:07.371 | DEBUG    | core:as_tensor:724 - Loaded cache for /localdev/gwang/tt_transformers/model_cache/llama33_70b/T3K/empty_kcache_paged_attention(2048, 1, 32, 128)_dtype_BFLOAT8_B_layout_TILE.tensorbin of shape Shape([2048, 1, 32, 128])
2026-09-03 00:18:07.374 | DEBUG    | core:as_tensor:724 - Loaded cache for /localdev/gwang/tt_transformers/model_cache/llama33_70b/T3K/empty_vcache_paged_attention(2048, 1, 32, 128)_dtype_BFLOAT8_B_layout_TILE.tensorbin of shape Shape([2048, 1, 32, 128])
2026-09-03 00:18:07.377 | DEBUG    | core:as_tensor:724 - Loaded cache for /localdev/gwang/tt_transformers/model_cache/llama33_70b/T3K/empty_kcache_paged_attention(2048, 1, 32, 128)_dtype_BFLOAT8_B_layout_TILE.tensorbin of shape Shape([2048, 1, 32, 128])
2026-09-03 00:18:07.380 | DEBUG    | core:as_tensor:724 - Loaded cache for /localdev/gwang/tt_transformers/model_cache/llama33_70b/T3K/empty_vcache_paged_attention(2048, 1, 32, 128)_dtype_BFLOAT8_B_layout_TILE.tensorbin of shape Shape([2048, 1, 32, 128])
2026-09-03 00:18:07.383 | DEBUG    | core:as_tensor:724 - Loaded cache for /localdev/gwang/tt_transformers/model_cache/llama33_70b/T3K/empty_kcache_paged_attention(2048, 1, 32, 128)_dtype_BFLOAT8_B_layout_TILE.tensorbin of shape Shape([2048, 1, 32, 128])
2026-09-03 00:18:07.387 | DEBUG    | core:as_tensor:724 - Loaded cache for /localdev/gwang/tt_transformers/model_cache/llama33_70b/T3K/empty_vcache_paged_attention(2048, 1, 32, 128)_dtype_BFLOAT8_B_layout_TILE.tensorbin of shape Shape([2048, 1, 32, 128])
2026-09-03 00:18:07.390 | DEBUG    | core:as_tensor:724 - Loaded cache for /localdev/gwang/tt_transformers/model_cache/llama33_70b/T3K/empty_kcache_paged_attention(2048, 1, 32, 128)_dtype_BFLOAT8_B_layout_TILE.tensorbin of shape Shape([2048, 1, 32, 128])
2026-09-03 00:18:07.393 | DEBUG    | core:as_tensor:724 - Loaded cache for /localdev/gwang/tt_transformers/model_cache/llama33_70b/T3K/empty_vcache_paged_attention(2048, 1, 32, 128)_dtype_BFLOAT8_B_layout_TILE.tensorbin of shape Shape([2048, 1, 32, 128])
2026-09-03 00:18:07.396 | DEBUG    | core:as_tensor:724 - Loaded cache for /localdev/gwang/tt_transformers/model_cache/llama33_70b/T3K/empty_kcache_paged_attention(2048, 1, 32, 128)_dtype_BFLOAT8_B_layout_TILE.tensorbin of shape Shape([2048, 1, 32, 128])
2026-09-03 00:18:07.399 | DEBUG    | core:as_tensor:724 - Loaded cache for /localdev/gwang/tt_transformers/model_cache/llama33_70b/T3K/empty_vcache_paged_attention(2048, 1, 32, 128)_dtype_BFLOAT8_B_layout_TILE.tensorbin of shape Shape([2048, 1, 32, 128])
2026-09-03 00:18:07.402 | DEBUG    | core:as_tensor:724 - Loaded cache for /localdev/gwang/tt_transformers/model_cache/llama33_70b/T3K/empty_kcache_paged_attention(2048, 1, 32, 128)_dtype_BFLOAT8_B_layout_TILE.tensorbin of shape Shape([2048, 1, 32, 128])
2026-09-03 00:18:07.405 | DEBUG    | core:as_tensor:724 - Loaded cache for /localdev/gwang/tt_transformers/model_cache/llama33_70b/T3K/empty_vcache_paged_attention(2048, 1, 32, 128)_dtype_BFLOAT8_B_layout_TILE.tensorbin of shape Shape([2048, 1, 32, 128])
2026-09-03 00:18:07.408 | DEBUG    | core:as_tensor:724 - Loaded cache for /localdev/gwang/tt_transformers/model_cache/llama33_70b/T3K/empty_kcache_paged_attention(2048, 1, 32, 128)_dtype_BFLOAT8_B_layout_TILE.tensorbin of shape Shape([2048, 1, 32, 128])
2026-09-03 00:18:07.411 | DEBUG    | core:as_tensor:724 - Loaded cache for /localdev/gwang/tt_transformers/model_cache/llama33_70b/T3K/empty_vcache_paged_attention(2048, 1, 32, 128)_dtype_BFLOAT8_B_layout_TILE.tensorbin of shape Shape([2048, 1, 32, 128])
2026-09-03 00:18:07.414 | DEBUG    | core:as_tensor:724 - Loaded cache for /localdev/gwang/tt_transformers/model_cache/llama33_70b/T3K/empty_kcache_paged_attention(2048, 1, 32, 128)_dtype_BFLOAT8_B_layout_TILE.tensorbin of shape Shape([2048, 1, 32, 128])
2026-09-03 00:18:07.417 | DEBUG    | core:as_tensor:724 - Loaded cache for /localdev/gwang/tt_transformers/model_cache/llama33_70b/T3K/empty_vcache_paged_attention(2048, 1, 32, 128)_dtype_BFLOAT8_B_layout_TILE.tensorbin of shape Shape([2048, 1, 32, 128])
2026-09-03 00:18:07.420 | DEBUG    | core:as_tensor:724 - Loaded cache for /localdev/gwang/tt_transformers/model_cache/llama33_70b/T3K/empty_kcache_paged_attention(2048, 1, 32, 128)_dtype_BFLOAT8_B_layout_TILE.tensorbin of shape Shape([2048, 1, 32, 128])
2026-09-03 00:18:07.423 | DEBUG    | core:as_tensor:724 - Loaded cache for /localdev/gwang/tt_transformers/model_cache/llama33_70b/T3K/empty_vcache_paged_attention(2048, 1, 32, 128)_dtype_BFLOAT8_B_layout_TILE.tensorbin of shape Shape([2048, 1, 32, 128])
2026-09-03 00:18:07.426 | DEBUG    | core:as_tensor:724 - Loaded cache for /localdev/gwang/tt_transformers/model_cache/llama33_70b/T3K/empty_kcache_paged_attention(2048, 1, 32, 128)_dtype_BFLOAT8_B_layout_TILE.tensorbin of shape Shape([2048, 1, 32, 128])
2026-09-03 00:18:07.428 | DEBUG    | core:as_tensor:724 - Loaded cache for /localdev/gwang/tt_transformers/model_cache/llama33_70b/T3K/empty_vcache_paged_attention(2048, 1, 32, 128)_dtype_BFLOAT8_B_layout_TILE.tensorbin of shape Shape([2048, 1, 32, 128])
2026-09-03 00:18:07.431 | DEBUG    | core:as_tensor:724 - Loaded cache for /localdev/gwang/tt_transformers/model_cache/llama33_70b/T3K/empty_kcache_paged_attention(2048, 1, 32, 128)_dtype_BFLOAT8_B_layout_TILE.tensorbin of shape Shape([2048, 1, 32, 128])
2026-09-03 00:18:07.434 | DEBUG    | core:as_tensor:724 - Loaded cache for /localdev/gwang/tt_transformers/model_cache/llama33_70b/T3K/empty_vcache_paged_attention(2048, 1, 32, 128)_dtype_BFLOAT8_B_layout_TILE.tensorbin of shape Shape([2048, 1, 32, 128])
2026-09-03 00:18:07.437 | DEBUG    | core:as_tensor:724 - Loaded cache for /localdev/gwang/tt_transformers/model_cache/llama33_70b/T3K/empty_kcache_paged_attention(2048, 1, 32, 128)_dtype_BFLOAT8_B_layout_TILE.tensorbin of shape Shape([2048, 1, 32, 128])
2026-09-03 00:18:07.440 | DEBUG    | core:as_tensor:724 - Loaded cache for /localdev/gwang/tt_transformers/model_cache/llama33_70b/T3K/empty_vcache_paged_attention(2048, 1, 32, 128)_dtype_BFLOAT8_B_layout_TILE.tensorbin of shape Shape([2048, 1, 32, 128])
2026-09-03 00:18:07.443 | DEBUG    | core:as_tensor:724 - Loaded cache for /localdev/gwang/tt_transformers/model_cache/llama33_70b/T3K/empty_kcache_paged_attention(2048, 1, 32, 128)_dtype_BFLOAT8_B_layout_TILE.tensorbin of shape Shape([2048, 1, 32, 128])
2026-09-03 00:18:07.446 | DEBUG    | core:as_tensor:724 - Loaded cache for /localdev/gwang/tt_transformers/model_cache/llama33_70b/T3K/empty_vcache_paged_attention(2048, 1, 32, 128)_dtype_BFLOAT8_B_layout_TILE.tensorbin of shape Shape([2048, 1, 32, 128])
2026-09-03 00:18:07.449 | DEBUG    | core:as_tensor:724 - Loaded cache for /localdev/gwang/tt_transformers/model_cache/llama33_70b/T3K/empty_kcache_paged_attention(2048, 1, 32, 128)_dtype_BFLOAT8_B_layout_TILE.tensorbin of shape Shape([2048, 1, 32, 128])
2026-09-03 00:18:07.452 | DEBUG    | core:as_tensor:724 - Loaded cache for /localdev/gwang/tt_transformers/model_cache/llama33_70b/T3K/empty_vcache_paged_attention(2048, 1, 32, 128)_dtype_BFLOAT8_B_layout_TILE.tensorbin of shape Shape([2048, 1, 32, 128])
2026-09-03 00:18:07.455 | DEBUG    | core:as_tensor:724 - Loaded cache for /localdev/gwang/tt_transformers/model_cache/llama33_70b/T3K/empty_kcache_paged_attention(2048, 1, 32, 128)_dtype_BFLOAT8_B_layout_TILE.tensorbin of shape Shape([2048, 1, 32, 128])
2026-09-03 00:18:07.458 | DEBUG    | core:as_tensor:724 - Loaded cache for /localdev/gwang/tt_transformers/model_cache/llama33_70b/T3K/empty_vcache_paged_attention(2048, 1, 32, 128)_dtype_BFLOAT8_B_layout_TILE.tensorbin of shape Shape([2048, 1, 32, 128])
2026-09-03 00:18:07.461 | DEBUG    | core:as_tensor:724 - Loaded cache for /localdev/gwang/tt_transformers/model_cache/llama33_70b/T3K/empty_kcache_paged_attention(2048, 1, 32, 128)_dtype_BFLOAT8_B_layout_TILE.tensorbin of shape Shape([2048, 1, 32, 128])
2026-09-03 00:18:07.464 | DEBUG    | core:as_tensor:724 - Loaded cache for /localdev/gwang/tt_transformers/model_cache/llama33_70b/T3K/empty_vcache_paged_attention(2048, 1, 32, 128)_dtype_BFLOAT8_B_layout_TILE.tensorbin of shape Shape([2048, 1, 32, 128])
2026-09-03 00:18:07.467 | DEBUG    | core:as_tensor:724 - Loaded cache for /localdev/gwang/tt_transformers/model_cache/llama33_70b/T3K/empty_kcache_paged_attention(2048, 1, 32, 128)_dtype_BFLOAT8_B_layout_TILE.tensorbin of shape Shape([2048, 1, 32, 128])
2026-09-03 00:18:07.470 | DEBUG    | core:as_tensor:724 - Loaded cache for /localdev/gwang/tt_transformers/model_cache/llama33_70b/T3K/empty_vcache_paged_attention(2048, 1, 32, 128)_dtype_BFLOAT8_B_layout_TILE.tensorbin of shape Shape([2048, 1, 32, 128])
2026-09-03 00:18:07.473 | DEBUG    | core:as_tensor:724 - Loaded cache for /localdev/gwang/tt_transformers/model_cache/llama33_70b/T3K/empty_kcache_paged_attention(2048, 1, 32, 128)_dtype_BFLOAT8_B_layout_TILE.tensorbin of shape Shape([2048, 1, 32, 128])
2026-09-03 00:18:07.476 | DEBUG    | core:as_tensor:724 - Loaded cache for /localdev/gwang/tt_transformers/model_cache/llama33_70b/T3K/empty_vcache_paged_attention(2048, 1, 32, 128)_dtype_BFLOAT8_B_layout_TILE.tensorbin of shape Shape([2048, 1, 32, 128])
2026-09-03 00:18:07.479 | DEBUG    | core:as_tensor:724 - Loaded cache for /localdev/gwang/tt_transformers/model_cache/llama33_70b/T3K/empty_kcache_paged_attention(2048, 1, 32, 128)_dtype_BFLOAT8_B_layout_TILE.tensorbin of shape Shape([2048, 1, 32, 128])
2026-09-03 00:18:07.482 | DEBUG    | core:as_tensor:724 - Loaded cache for /localdev/gwang/tt_transformers/model_cache/llama33_70b/T3K/empty_vcache_paged_attention(2048, 1, 32, 128)_dtype_BFLOAT8_B_layout_TILE.tensorbin of shape Shape([2048, 1, 32, 128])
2026-09-03 00:18:07.485 | DEBUG    | core:as_tensor:724 - Loaded cache for /localdev/gwang/tt_transformers/model_cache/llama33_70b/T3K/empty_kcache_paged_attention(2048, 1, 32, 128)_dtype_BFLOAT8_B_layout_TILE.tensorbin of shape Shape([2048, 1, 32, 128])
2026-09-03 00:18:07.488 | DEBUG    | core:as_tensor:724 - Loaded cache for /localdev/gwang/tt_transformers/model_cache/llama33_70b/T3K/empty_vcache_paged_attention(2048, 1, 32, 128)_dtype_BFLOAT8_B_layout_TILE.tensorbin of shape Shape([2048, 1, 32, 128])
2026-09-03 00:18:07.491 | DEBUG    | core:as_tensor:724 - Loaded cache for /localdev/gwang/tt_transformers/model_cache/llama33_70b/T3K/empty_kcache_paged_attention(2048, 1, 32, 128)_dtype_BFLOAT8_B_layout_TILE.tensorbin of shape Shape([2048, 1, 32, 128])
2026-09-03 00:18:07.494 | DEBUG    | core:as_tensor:724 - Loaded cache for /localdev/gwang/tt_transformers/model_cache/llama33_70b/T3K/empty_vcache_paged_attention(2048, 1, 32, 128)_dtype_BFLOAT8_B_layout_TILE.tensorbin of shape Shape([2048, 1, 32, 128])
2026-09-03 00:18:07.497 | DEBUG    | core:as_tensor:724 - Loaded cache for /localdev/gwang/tt_transformers/model_cache/llama33_70b/T3K/empty_kcache_paged_attention(2048, 1, 32, 128)_dtype_BFLOAT8_B_layout_TILE.tensorbin of shape Shape([2048, 1, 32, 128])
2026-09-03 00:18:07.500 | DEBUG    | core:as_tensor:724 - Loaded cache for /localdev/gwang/tt_transformers/model_cache/llama33_70b/T3K/empty_vcache_paged_attention(2048, 1, 32, 128)_dtype_BFLOAT8_B_layout_TILE.tensorbin of shape Shape([2048, 1, 32, 128])
2026-09-03 00:18:07.503 | DEBUG    | core:as_tensor:724 - Loaded cache for /localdev/gwang/tt_transformers/model_cache/llama33_70b/T3K/empty_kcache_paged_attention(2048, 1, 32, 128)_dtype_BFLOAT8_B_layout_TILE.tensorbin of shape Shape([2048, 1, 32, 128])
2026-09-03 00:18:07.506 | DEBUG    | core:as_tensor:724 - Loaded cache for /localdev/gwang/tt_transformers/model_cache/llama33_70b/T3K/empty_vcache_paged_attention(2048, 1, 32, 128)_dtype_BFLOAT8_B_layout_TILE.tensorbin of shape Shape([2048, 1, 32, 128])
2026-09-03 00:18:07.507 | INFO     | tt_transformers.modules.lazy_weight:get_device_weight:120 - [32m[cache hit][0m Loading tensor from cache: /localdev/gwang/tt_transformers/model_cache/llama33_70b/T3K/rope/cos_srcshape_1_1_8192_128_dtype_BFLOAT16_layout_TILE_replicated_device_0.tensorbin
2026-09-03 00:18:07.508 | INFO     | tt_transformers.modules.lazy_weight:get_device_weight:120 - [32m[cache hit][0m Loading tensor from cache: /localdev/gwang/tt_transformers/model_cache/llama33_70b/T3K/rope/sin_srcshape_1_1_8192_128_dtype_BFLOAT16_layout_TILE_replicated_device_0.tensorbin
2026-09-03 00:18:07.519 | INFO     | tt_transformers.modules.lazy_weight:get_device_weight:120 - [32m[cache hit][0m Loading tensor from cache: /localdev/gwang/tt_transformers/model_cache/llama33_70b/T3K/embedding/tok_embeddings_srcshape_1_1_128256_8192_dtype_BFLOAT16_layout_ROW_MAJOR_mapper_660f4331f0f0_device_0.tensorbin
2026-09-03 00:18:07.630 | INFO     | tt_transformers.modules.lazy_weight:get_device_weight:120 - [32m[cache hit][0m Loading tensor from cache: /localdev/gwang/tt_transformers/model_cache/llama33_70b/T3K/norm/layer0_pre_attn_srcshape_1_1_256_32_dtype_BFLOAT16_layout_ROW_MAJOR_mapper_241585d9fe31_device_0.tensorbin
2026-09-03 00:18:07.630 | INFO     | tt_transformers.modules.lazy_weight:get_device_weight:120 - [32m[cache hit][0m Loading tensor from cache: /localdev/gwang/tt_transformers/model_cache/llama33_70b/T3K/norm/layer0_pre_attn_srcshape_1_1_256_32_dtype_BFLOAT16_layout_ROW_MAJOR_mapper_b82b244385ac_device_0.tensorbin
2026-09-03 00:18:07.672 | INFO     | tt_transformers.modules.lazy_weight:get_device_weight:120 - [32m[cache hit][0m Loading tensor from cache: /localdev/gwang/tt_transformers/model_cache/llama33_70b/T3K/attn/layer0_wqkv_srcshape_1_1_8192_10240_dtype_BFLOAT8_B_layout_TILE_memcfg_663972112453010226_mapper_660f4331f0f0_device_0.tensorbin
2026-09-03 00:18:07.679 | INFO     | tt_transformers.modules.lazy_weight:get_device_weight:120 - [32m[cache hit][0m Loading tensor from cache: /localdev/gwang/tt_transformers/model_cache/llama33_70b/T3K/attn/layer0_wo_srcshape_1_1_8192_8192_dtype_BFLOAT8_B_layout_TILE_mapper_660f4331f0f0_device_0.tensorbin
2026-09-03 00:18:07.744 | INFO     | tt_transformers.modules.lazy_weight:get_device_weight:120 - [32m[cache hit][0m Loading tensor from cache: /localdev/gwang/tt_transformers/model_cache/llama33_70b/T3K/norm/layer0_post_attn_srcshape_1_1_256_32_dtype_BFLOAT16_layout_ROW_MAJOR_mapper_241585d9fe31_device_0.tensorbin
2026-09-03 00:18:07.745 | INFO     | tt_transformers.modules.lazy_weight:get_device_weight:120 - [32m[cache hit][0m Loading tensor from cache: /localdev/gwang/tt_transformers/model_cache/llama33_70b/T3K/norm/layer0_post_attn_srcshape_1_1_256_32_dtype_BFLOAT16_layout_ROW_MAJOR_mapper_b82b244385ac_device_0.tensorbin
2026-09-03 00:18:07.746 | INFO     | tt_transformers.modules.lazy_weight:get_device_weight:120 - [32m[cache hit][0m Loading tensor from cache: /localdev/gwang/tt_transformers/model_cache/llama33_70b/T3K/mlp/layer0_w1_srcshape_8192_28672_dtype_BFLOAT8_B_layout_TILE_memcfg_1786057467681592545_mapper_660f4331f0f0_device_0.tensorbin
2026-09-03 00:18:07.763 | INFO     | tt_transformers.modules.lazy_weight:get_device_weight:120 - [32m[cache hit][0m Loading tensor from cache: /localdev/gwang/tt_transformers/model_cache/llama33_70b/T3K/mlp/layer0_w2_srcshape_28672_8192_dtype_BFLOAT8_B_layout_TILE_memcfg_906506041791331912_mapper_0cdd7bdaff6f_device_0.tensorbin
2026-09-03 00:18:07.776 | INFO     | tt_transformers.modules.lazy_weight:get_device_weight:120 - [32m[cache hit][0m Loading tensor from cache: /localdev/gwang/tt_transformers/model_cache/llama33_70b/T3K/mlp/layer0_w3_srcshape_8192_28672_dtype_BFLOAT8_B_layout_TILE_memcfg_1786057467681592545_mapper_660f4331f0f0_device_0.tensorbin
2026-09-03 00:18:07.830 | INFO     | tt_transformers.modules.lazy_weight:get_device_weight:120 - [32m[cache hit][0m Loading tensor from cache: /localdev/gwang/tt_transformers/model_cache/llama33_70b/T3K/norm/layer1_pre_attn_srcshape_1_1_256_32_dtype_BFLOAT16_layout_ROW_MAJOR_mapper_241585d9fe31_device_0.tensorbin
2026-09-03 00:18:07.831 | INFO     | tt_transformers.modules.lazy_weight:get_device_weight:120 - [32m[cache hit][0m Loading tensor from cache: /localdev/gwang/tt_transformers/model_cache/llama33_70b/T3K/norm/layer1_pre_attn_srcshape_1_1_256_32_dtype_BFLOAT16_layout_ROW_MAJOR_mapper_b82b244385ac_device_0.tensorbin
2026-09-03 00:18:07.832 | INFO     | tt_transformers.modules.lazy_weight:get_device_weight:120 - [32m[cache hit][0m Loading tensor from cache: /localdev/gwang/tt_transformers/model_cache/llama33_70b/T3K/attn/layer1_wqkv_srcshape_1_1_8192_10240_dtype_BFLOAT8_B_layout_TILE_memcfg_663972112453010226_mapper_660f4331f0f0_device_0.tensorbin
2026-09-03 00:18:07.838 | INFO     | tt_transformers.modules.lazy_weight:get_device_weight:120 - [32m[cache hit][0m Loading tensor from cache: /localdev/gwang/tt_transformers/model_cache/llama33_70b/T3K/attn/layer1_wo_srcshape_1_1_8192_8192_dtype_BFLOAT8_B_layout_TILE_mapper_660f4331f0f0_device_0.tensorbin
2026-09-03 00:18:07.844 | INFO     | tt_transformers.modules.lazy_weight:get_device_weight:120 - [32m[cache hit][0m Loading tensor from cache: /localdev/gwang/tt_transformers/model_cache/llama33_70b/T3K/norm/layer1_post_attn_srcshape_1_1_256_32_dtype_BFLOAT16_layout_ROW_MAJOR_mapper_241585d9fe31_device_0.tensorbin
2026-09-03 00:18:07.844 | INFO     | tt_transformers.modules.lazy_weight:get_device_weight:120 - [32m[cache hit][0m Loading tensor from cache: /localdev/gwang/tt_transformers/model_cache/llama33_70b/T3K/norm/layer1_post_attn_srcshape_1_1_256_32_dtype_BFLOAT16_layout_ROW_MAJOR_mapper_b82b244385ac_device_0.tensorbin
2026-09-03 00:18:07.845 | INFO     | tt_transformers.modules.lazy_weight:get_device_weight:120 - [32m[cache hit][0m Loading tensor from cache: /localdev/gwang/tt_transformers/model_cache/llama33_70b/T3K/mlp/layer1_w1_srcshape_8192_28672_dtype_BFLOAT8_B_layout_TILE_memcfg_1786057467681592545_mapper_660f4331f0f0_device_0.tensorbin
2026-09-03 00:18:07.862 | INFO     | tt_transformers.modules.lazy_weight:get_device_weight:120 - [32m[cache hit][0m Loading tensor from cache: /localdev/gwang/tt_transformers/model_cache/llama33_70b/T3K/mlp/layer1_w2_srcshape_28672_8192_dtype_BFLOAT8_B_layout_TILE_memcfg_906506041791331912_mapper_0cdd7bdaff6f_device_0.tensorbin
2026-09-03 00:18:07.877 | INFO     | tt_transformers.modules.lazy_weight:get_device_weight:120 - [32m[cache hit][0m Loading tensor from cache: /localdev/gwang/tt_transformers/model_cache/llama33_70b/T3K/mlp/layer1_w3_srcshape_8192_28672_dtype_BFLOAT8_B_layout_TILE_memcfg_1786057467681592545_mapper_660f4331f0f0_device_0.tensorbin
2026-09-03 00:18:07.897 | INFO     | tt_transformers.modules.lazy_weight:get_device_weight:120 - [32m[cache hit][0m Loading tensor from cache: /localdev/gwang/tt_transformers/model_cache/llama33_70b/T3K/norm/layer2_pre_attn_srcshape_1_1_256_32_dtype_BFLOAT16_layout_ROW_MAJOR_mapper_241585d9fe31_device_0.tensorbin
2026-09-03 00:18:07.897 | INFO     | tt_transformers.modules.lazy_weight:get_device_weight:120 - [32m[cache hit][0m Loading tensor from cache: /localdev/gwang/tt_transformers/model_cache/llama33_70b/T3K/norm/layer2_pre_attn_srcshape_1_1_256_32_dtype_BFLOAT16_layout_ROW_MAJOR_mapper_b82b244385ac_device_0.tensorbin
2026-09-03 00:18:07.898 | INFO     | tt_transformers.modules.lazy_weight:get_device_weight:120 - [32m[cache hit][0m Loading tensor from cache: /localdev/gwang/tt_transformers/model_cache/llama33_70b/T3K/attn/layer2_wqkv_srcshape_1_1_8192_10240_dtype_BFLOAT8_B_layout_TILE_memcfg_663972112453010226_mapper_660f4331f0f0_device_0.tensorbin
2026-09-03 00:18:07.904 | INFO     | tt_transformers.modules.lazy_weight:get_device_weight:120 - [32m[cache hit][0m Loading tensor from cache: /localdev/gwang/tt_transformers/model_cache/llama33_70b/T3K/attn/layer2_wo_srcshape_1_1_8192_8192_dtype_BFLOAT8_B_layout_TILE_mapper_660f4331f0f0_device_0.tensorbin
2026-09-03 00:18:07.910 | INFO     | tt_transformers.modules.lazy_weight:get_device_weight:120 - [32m[cache hit][0m Loading tensor from cache: /localdev/gwang/tt_transformers/model_cache/llama33_70b/T3K/norm/layer2_post_attn_srcshape_1_1_256_32_dtype_BFLOAT16_layout_ROW_MAJOR_mapper_241585d9fe31_device_0.tensorbin
2026-09-03 00:18:07.910 | INFO     | tt_transformers.modules.lazy_weight:get_device_weight:120 - [32m[cache hit][0m Loading tensor from cache: /localdev/gwang/tt_transformers/model_cache/llama33_70b/T3K/norm/layer2_post_attn_srcshape_1_1_256_32_dtype_BFLOAT16_layout_ROW_MAJOR_mapper_b82b244385ac_device_0.tensorbin
2026-09-03 00:18:07.911 | INFO     | tt_transformers.modules.lazy_weight:get_device_weight:120 - [32m[cache hit][0m Loading tensor from cache: /localdev/gwang/tt_transformers/model_cache/llama33_70b/T3K/mlp/layer2_w1_srcshape_8192_28672_dtype_BFLOAT8_B_layout_TILE_memcfg_1786057467681592545_mapper_660f4331f0f0_device_0.tensorbin
2026-09-03 00:18:07.927 | INFO     | tt_transformers.modules.lazy_weight:get_device_weight:120 - [32m[cache hit][0m Loading tensor from cache: /localdev/gwang/tt_transformers/model_cache/llama33_70b/T3K/mlp/layer2_w2_srcshape_28672_8192_dtype_BFLOAT8_B_layout_TILE_memcfg_906506041791331912_mapper_0cdd7bdaff6f_device_0.tensorbin
2026-09-03 00:18:07.942 | INFO     | tt_transformers.modules.lazy_weight:get_device_weight:120 - [32m[cache hit][0m Loading tensor from cache: /localdev/gwang/tt_transformers/model_cache/llama33_70b/T3K/mlp/layer2_w3_srcshape_8192_28672_dtype_BFLOAT8_B_layout_TILE_memcfg_1786057467681592545_mapper_660f4331f0f0_device_0.tensorbin
2026-09-03 00:18:07.957 | INFO     | tt_transformers.modules.lazy_weight:get_device_weight:120 - [32m[cache hit][0m Loading tensor from cache: /localdev/gwang/tt_transformers/model_cache/llama33_70b/T3K/norm/layer3_pre_attn_srcshape_1_1_256_32_dtype_BFLOAT16_layout_ROW_MAJOR_mapper_241585d9fe31_device_0.tensorbin
2026-09-03 00:18:07.958 | INFO     | tt_transformers.modules.lazy_weight:get_device_weight:120 - [32m[cache hit][0m Loading tensor from cache: /localdev/gwang/tt_transformers/model_cache/llama33_70b/T3K/norm/layer3_pre_attn_srcshape_1_1_256_32_dtype_BFLOAT16_layout_ROW_MAJOR_mapper_b82b244385ac_device_0.tensorbin
2026-09-03 00:18:07.958 | INFO     | tt_transformers.modules.lazy_weight:get_device_weight:120 - [32m[cache hit][0m Loading tensor from cache: /localdev/gwang/tt_transformers/model_cache/llama33_70b/T3K/attn/layer3_wqkv_srcshape_1_1_8192_10240_dtype_BFLOAT8_B_layout_TILE_memcfg_663972112453010226_mapper_660f4331f0f0_device_0.tensorbin
2026-09-03 00:18:07.964 | INFO     | tt_transformers.modules.lazy_weight:get_device_weight:120 - [32m[cache hit][0m Loading tensor from cache: /localdev/gwang/tt_transformers/model_cache/llama33_70b/T3K/attn/layer3_wo_srcshape_1_1_8192_8192_dtype_BFLOAT8_B_layout_TILE_mapper_660f4331f0f0_device_0.tensorbin
2026-09-03 00:18:07.969 | INFO     | tt_transformers.modules.lazy_weight:get_device_weight:120 - [32m[cache hit][0m Loading tensor from cache: /localdev/gwang/tt_transformers/model_cache/llama33_70b/T3K/norm/layer3_post_attn_srcshape_1_1_256_32_dtype_BFLOAT16_layout_ROW_MAJOR_mapper_241585d9fe31_device_0.tensorbin
2026-09-03 00:18:07.969 | INFO     | tt_transformers.modules.lazy_weight:get_device_weight:120 - [32m[cache hit][0m Loading tensor from cache: /localdev/gwang/tt_transformers/model_cache/llama33_70b/T3K/norm/layer3_post_attn_srcshape_1_1_256_32_dtype_BFLOAT16_layout_ROW_MAJOR_mapper_b82b244385ac_device_0.tensorbin
2026-09-03 00:18:07.970 | INFO     | tt_transformers.modules.lazy_weight:get_device_weight:120 - [32m[cache hit][0m Loading tensor from cache: /localdev/gwang/tt_transformers/model_cache/llama33_70b/T3K/mlp/layer3_w1_srcshape_8192_28672_dtype_BFLOAT8_B_layout_TILE_memcfg_1786057467681592545_mapper_660f4331f0f0_device_0.tensorbin
2026-09-03 00:18:07.984 | INFO     | tt_transformers.modules.lazy_weight:get_device_weight:120 - [32m[cache hit][0m Loading tensor from cache: /localdev/gwang/tt_transformers/model_cache/llama33_70b/T3K/mlp/layer3_w2_srcshape_28672_8192_dtype_BFLOAT8_B_layout_TILE_memcfg_906506041791331912_mapper_0cdd7bdaff6f_device_0.tensorbin
2026-09-03 00:18:07.997 | INFO     | tt_transformers.modules.lazy_weight:get_device_weight:120 - [32m[cache hit][0m Loading tensor from cache: /localdev/gwang/tt_transformers/model_cache/llama33_70b/T3K/mlp/layer3_w3_srcshape_8192_28672_dtype_BFLOAT8_B_layout_TILE_memcfg_1786057467681592545_mapper_660f4331f0f0_device_0.tensorbin
2026-09-03 00:18:08.011 | INFO     | tt_transformers.modules.lazy_weight:get_device_weight:120 - [32m[cache hit][0m Loading tensor from cache: /localdev/gwang/tt_transformers/model_cache/llama33_70b/T3K/norm/layer4_pre_attn_srcshape_1_1_256_32_dtype_BFLOAT16_layout_ROW_MAJOR_mapper_241585d9fe31_device_0.tensorbin
2026-09-03 00:18:08.012 | INFO     | tt_transformers.modules.lazy_weight:get_device_weight:120 - [32m[cache hit][0m Loading tensor from cache: /localdev/gwang/tt_transformers/model_cache/llama33_70b/T3K/norm/layer4_pre_attn_srcshape_1_1_256_32_dtype_BFLOAT16_layout_ROW_MAJOR_mapper_b82b244385ac_device_0.tensorbin
2026-09-03 00:18:08.013 | INFO     | tt_transformers.modules.lazy_weight:get_device_weight:120 - [32m[cache hit][0m Loading tensor from cache: /localdev/gwang/tt_transformers/model_cache/llama33_70b/T3K/attn/layer4_wqkv_srcshape_1_1_8192_10240_dtype_BFLOAT8_B_layout_TILE_memcfg_663972112453010226_mapper_660f4331f0f0_device_0.tensorbin
2026-09-03 00:18:08.018 | INFO     | tt_transformers.modules.lazy_weight:get_device_weight:120 - [32m[cache hit][0m Loading tensor from cache: /localdev/gwang/tt_transformers/model_cache/llama33_70b/T3K/attn/layer4_wo_srcshape_1_1_8192_8192_dtype_BFLOAT8_B_layout_TILE_mapper_660f4331f0f0_device_0.tensorbin
2026-09-03 00:18:08.023 | INFO     | tt_transformers.modules.lazy_weight:get_device_weight:120 - [32m[cache hit][0m Loading tensor from cache: /localdev/gwang/tt_transformers/model_cache/llama33_70b/T3K/norm/layer4_post_attn_srcshape_1_1_256_32_dtype_BFLOAT16_layout_ROW_MAJOR_mapper_241585d9fe31_device_0.tensorbin
2026-09-03 00:18:08.024 | INFO     | tt_transformers.modules.lazy_weight:get_device_weight:120 - [32m[cache hit][0m Loading tensor from cache: /localdev/gwang/tt_transformers/model_cache/llama33_70b/T3K/norm/layer4_post_attn_srcshape_1_1_256_32_dtype_BFLOAT16_layout_ROW_MAJOR_mapper_b82b244385ac_device_0.tensorbin
2026-09-03 00:18:08.024 | INFO     | tt_transformers.modules.lazy_weight:get_device_weight:120 - [32m[cache hit][0m Loading tensor from cache: /localdev/gwang/tt_transformers/model_cache/llama33_70b/T3K/mlp/layer4_w1_srcshape_8192_28672_dtype_BFLOAT8_B_layout_TILE_memcfg_1786057467681592545_mapper_660f4331f0f0_device_0.tensorbin
2026-09-03 00:18:08.038 | INFO     | tt_transformers.modules.lazy_weight:get_device_weight:120 - [32m[cache hit][0m Loading tensor from cache: /localdev/gwang/tt_transformers/model_cache/llama33_70b/T3K/mlp/layer4_w2_srcshape_28672_8192_dtype_BFLOAT8_B_layout_TILE_memcfg_906506041791331912_mapper_0cdd7bdaff6f_device_0.tensorbin
2026-09-03 00:18:08.051 | INFO     | tt_transformers.modules.lazy_weight:get_device_weight:120 - [32m[cache hit][0m Loading tensor from cache: /localdev/gwang/tt_transformers/model_cache/llama33_70b/T3K/mlp/layer4_w3_srcshape_8192_28672_dtype_BFLOAT8_B_layout_TILE_memcfg_1786057467681592545_mapper_660f4331f0f0_device_0.tensorbin
2026-09-03 00:18:08.065 | INFO     | tt_transformers.modules.lazy_weight:get_device_weight:120 - [32m[cache hit][0m Loading tensor from cache: /localdev/gwang/tt_transformers/model_cache/llama33_70b/T3K/norm/layer5_pre_attn_srcshape_1_1_256_32_dtype_BFLOAT16_layout_ROW_MAJOR_mapper_241585d9fe31_device_0.tensorbin
2026-09-03 00:18:08.065 | INFO     | tt_transformers.modules.lazy_weight:get_device_weight:120 - [32m[cache hit][0m Loading tensor from cache: /localdev/gwang/tt_transformers/model_cache/llama33_70b/T3K/norm/layer5_pre_attn_srcshape_1_1_256_32_dtype_BFLOAT16_layout_ROW_MAJOR_mapper_b82b244385ac_device_0.tensorbin
2026-09-03 00:18:08.066 | INFO     | tt_transformers.modules.lazy_weight:get_device_weight:120 - [32m[cache hit][0m Loading tensor from cache: /localdev/gwang/tt_transformers/model_cache/llama33_70b/T3K/attn/layer5_wqkv_srcshape_1_1_8192_10240_dtype_BFLOAT8_B_layout_TILE_memcfg_663972112453010226_mapper_660f4331f0f0_device_0.tensorbin
2026-09-03 00:18:08.071 | INFO     | tt_transformers.modules.lazy_weight:get_device_weight:120 - [32m[cache hit][0m Loading tensor from cache: /localdev/gwang/tt_transformers/model_cache/llama33_70b/T3K/attn/layer5_wo_srcshape_1_1_8192_8192_dtype_BFLOAT8_B_layout_TILE_mapper_660f4331f0f0_device_0.tensorbin
2026-09-03 00:18:08.077 | INFO     | tt_transformers.modules.lazy_weight:get_device_weight:120 - [32m[cache hit][0m Loading tensor from cache: /localdev/gwang/tt_transformers/model_cache/llama33_70b/T3K/norm/layer5_post_attn_srcshape_1_1_256_32_dtype_BFLOAT16_layout_ROW_MAJOR_mapper_241585d9fe31_device_0.tensorbin
2026-09-03 00:18:08.077 | INFO     | tt_transformers.modules.lazy_weight:get_device_weight:120 - [32m[cache hit][0m Loading tensor from cache: /localdev/gwang/tt_transformers/model_cache/llama33_70b/T3K/norm/layer5_post_attn_srcshape_1_1_256_32_dtype_BFLOAT16_layout_ROW_MAJOR_mapper_b82b244385ac_device_0.tensorbin
2026-09-03 00:18:08.078 | INFO     | tt_transformers.modules.lazy_weight:get_device_weight:120 - [32m[cache hit][0m Loading tensor from cache: /localdev/gwang/tt_transformers/model_cache/llama33_70b/T3K/mlp/layer5_w1_srcshape_8192_28672_dtype_BFLOAT8_B_layout_TILE_memcfg_1786057467681592545_mapper_660f4331f0f0_device_0.tensorbin
2026-09-03 00:18:08.091 | INFO     | tt_transformers.modules.lazy_weight:get_device_weight:120 - [32m[cache hit][0m Loading tensor from cache: /localdev/gwang/tt_transformers/model_cache/llama33_70b/T3K/mlp/layer5_w2_srcshape_28672_8192_dtype_BFLOAT8_B_layout_TILE_memcfg_906506041791331912_mapper_0cdd7bdaff6f_device_0.tensorbin
2026-09-03 00:18:08.104 | INFO     | tt_transformers.modules.lazy_weight:get_device_weight:120 - [32m[cache hit][0m Loading tensor from cache: /localdev/gwang/tt_transformers/model_cache/llama33_70b/T3K/mlp/layer5_w3_srcshape_8192_28672_dtype_BFLOAT8_B_layout_TILE_memcfg_1786057467681592545_mapper_660f4331f0f0_device_0.tensorbin
2026-09-03 00:18:08.118 | INFO     | tt_transformers.modules.lazy_weight:get_device_weight:120 - [32m[cache hit][0m Loading tensor from cache: /localdev/gwang/tt_transformers/model_cache/llama33_70b/T3K/norm/layer6_pre_attn_srcshape_1_1_256_32_dtype_BFLOAT16_layout_ROW_MAJOR_mapper_241585d9fe31_device_0.tensorbin
2026-09-03 00:18:08.119 | INFO     | tt_transformers.modules.lazy_weight:get_device_weight:120 - [32m[cache hit][0m Loading tensor from cache: /localdev/gwang/tt_transformers/model_cache/llama33_70b/T3K/norm/layer6_pre_attn_srcshape_1_1_256_32_dtype_BFLOAT16_layout_ROW_MAJOR_mapper_b82b244385ac_device_0.tensorbin
2026-09-03 00:18:08.120 | INFO     | tt_transformers.modules.lazy_weight:get_device_weight:120 - [32m[cache hit][0m Loading tensor from cache: /localdev/gwang/tt_transformers/model_cache/llama33_70b/T3K/attn/layer6_wqkv_srcshape_1_1_8192_10240_dtype_BFLOAT8_B_layout_TILE_memcfg_663972112453010226_mapper_660f4331f0f0_device_0.tensorbin
2026-09-03 00:18:08.125 | INFO     | tt_transformers.modules.lazy_weight:get_device_weight:120 - [32m[cache hit][0m Loading tensor from cache: /localdev/gwang/tt_transformers/model_cache/llama33_70b/T3K/attn/layer6_wo_srcshape_1_1_8192_8192_dtype_BFLOAT8_B_layout_TILE_mapper_660f4331f0f0_device_0.tensorbin
2026-09-03 00:18:08.130 | INFO     | tt_transformers.modules.lazy_weight:get_device_weight:120 - [32m[cache hit][0m Loading tensor from cache: /localdev/gwang/tt_transformers/model_cache/llama33_70b/T3K/norm/layer6_post_attn_srcshape_1_1_256_32_dtype_BFLOAT16_layout_ROW_MAJOR_mapper_241585d9fe31_device_0.tensorbin
2026-09-03 00:18:08.131 | INFO     | tt_transformers.modules.lazy_weight:get_device_weight:120 - [32m[cache hit][0m Loading tensor from cache: /localdev/gwang/tt_transformers/model_cache/llama33_70b/T3K/norm/layer6_post_attn_srcshape_1_1_256_32_dtype_BFLOAT16_layout_ROW_MAJOR_mapper_b82b244385ac_device_0.tensorbin
2026-09-03 00:18:08.132 | INFO     | tt_transformers.modules.lazy_weight:get_device_weight:120 - [32m[cache hit][0m Loading tensor from cache: /localdev/gwang/tt_transformers/model_cache/llama33_70b/T3K/mlp/layer6_w1_srcshape_8192_28672_dtype_BFLOAT8_B_layout_TILE_memcfg_1786057467681592545_mapper_660f4331f0f0_device_0.tensorbin
2026-09-03 00:18:08.145 | INFO     | tt_transformers.modules.lazy_weight:get_device_weight:120 - [32m[cache hit][0m Loading tensor from cache: /localdev/gwang/tt_transformers/model_cache/llama33_70b/T3K/mlp/layer6_w2_srcshape_28672_8192_dtype_BFLOAT8_B_layout_TILE_memcfg_906506041791331912_mapper_0cdd7bdaff6f_device_0.tensorbin
2026-09-03 00:18:08.159 | INFO     | tt_transformers.modules.lazy_weight:get_device_weight:120 - [32m[cache hit][0m Loading tensor from cache: /localdev/gwang/tt_transformers/model_cache/llama33_70b/T3K/mlp/layer6_w3_srcshape_8192_28672_dtype_BFLOAT8_B_layout_TILE_memcfg_1786057467681592545_mapper_660f4331f0f0_device_0.tensorbin
2026-09-03 00:18:08.174 | INFO     | tt_transformers.modules.lazy_weight:get_device_weight:120 - [32m[cache hit][0m Loading tensor from cache: /localdev/gwang/tt_transformers/model_cache/llama33_70b/T3K/norm/layer7_pre_attn_srcshape_1_1_256_32_dtype_BFLOAT16_layout_ROW_MAJOR_mapper_241585d9fe31_device_0.tensorbin
2026-09-03 00:18:08.175 | INFO     | tt_transformers.modules.lazy_weight:get_device_weight:120 - [32m[cache hit][0m Loading tensor from cache: /localdev/gwang/tt_transformers/model_cache/llama33_70b/T3K/norm/layer7_pre_attn_srcshape_1_1_256_32_dtype_BFLOAT16_layout_ROW_MAJOR_mapper_b82b244385ac_device_0.tensorbin
2026-09-03 00:18:08.176 | INFO     | tt_transformers.modules.lazy_weight:get_device_weight:120 - [32m[cache hit][0m Loading tensor from cache: /localdev/gwang/tt_transformers/model_cache/llama33_70b/T3K/attn/layer7_wqkv_srcshape_1_1_8192_10240_dtype_BFLOAT8_B_layout_TILE_memcfg_663972112453010226_mapper_660f4331f0f0_device_0.tensorbin
2026-09-03 00:18:08.180 | INFO     | tt_transformers.modules.lazy_weight:get_device_weight:120 - [32m[cache hit][0m Loading tensor from cache: /localdev/gwang/tt_transformers/model_cache/llama33_70b/T3K/attn/layer7_wo_srcshape_1_1_8192_8192_dtype_BFLOAT8_B_layout_TILE_mapper_660f4331f0f0_device_0.tensorbin
2026-09-03 00:18:08.186 | INFO     | tt_transformers.modules.lazy_weight:get_device_weight:120 - [32m[cache hit][0m Loading tensor from cache: /localdev/gwang/tt_transformers/model_cache/llama33_70b/T3K/norm/layer7_post_attn_srcshape_1_1_256_32_dtype_BFLOAT16_layout_ROW_MAJOR_mapper_241585d9fe31_device_0.tensorbin
2026-09-03 00:18:08.186 | INFO     | tt_transformers.modules.lazy_weight:get_device_weight:120 - [32m[cache hit][0m Loading tensor from cache: /localdev/gwang/tt_transformers/model_cache/llama33_70b/T3K/norm/layer7_post_attn_srcshape_1_1_256_32_dtype_BFLOAT16_layout_ROW_MAJOR_mapper_b82b244385ac_device_0.tensorbin
2026-09-03 00:18:08.187 | INFO     | tt_transformers.modules.lazy_weight:get_device_weight:120 - [32m[cache hit][0m Loading tensor from cache: /localdev/gwang/tt_transformers/model_cache/llama33_70b/T3K/mlp/layer7_w1_srcshape_8192_28672_dtype_BFLOAT8_B_layout_TILE_memcfg_1786057467681592545_mapper_660f4331f0f0_device_0.tensorbin
2026-09-03 00:18:08.200 | INFO     | tt_transformers.modules.lazy_weight:get_device_weight:120 - [32m[cache hit][0m Loading tensor from cache: /localdev/gwang/tt_transformers/model_cache/llama33_70b/T3K/mlp/layer7_w2_srcshape_28672_8192_dtype_BFLOAT8_B_layout_TILE_memcfg_906506041791331912_mapper_0cdd7bdaff6f_device_0.tensorbin
2026-09-03 00:18:08.214 | INFO     | tt_transformers.modules.lazy_weight:get_device_weight:120 - [32m[cache hit][0m Loading tensor from cache: /localdev/gwang/tt_transformers/model_cache/llama33_70b/T3K/mlp/layer7_w3_srcshape_8192_28672_dtype_BFLOAT8_B_layout_TILE_memcfg_1786057467681592545_mapper_660f4331f0f0_device_0.tensorbin
2026-09-03 00:18:08.232 | INFO     | tt_transformers.modules.lazy_weight:get_device_weight:120 - [32m[cache hit][0m Loading tensor from cache: /localdev/gwang/tt_transformers/model_cache/llama33_70b/T3K/norm/layer8_pre_attn_srcshape_1_1_256_32_dtype_BFLOAT16_layout_ROW_MAJOR_mapper_241585d9fe31_device_0.tensorbin
2026-09-03 00:18:08.232 | INFO     | tt_transformers.modules.lazy_weight:get_device_weight:120 - [32m[cache hit][0m Loading tensor from cache: /localdev/gwang/tt_transformers/model_cache/llama33_70b/T3K/norm/layer8_pre_attn_srcshape_1_1_256_32_dtype_BFLOAT16_layout_ROW_MAJOR_mapper_b82b244385ac_device_0.tensorbin
2026-09-03 00:18:08.233 | INFO     | tt_transformers.modules.lazy_weight:get_device_weight:120 - [32m[cache hit][0m Loading tensor from cache: /localdev/gwang/tt_transformers/model_cache/llama33_70b/T3K/attn/layer8_wqkv_srcshape_1_1_8192_10240_dtype_BFLOAT8_B_layout_TILE_memcfg_663972112453010226_mapper_660f4331f0f0_device_0.tensorbin
2026-09-03 00:18:08.238 | INFO     | tt_transformers.modules.lazy_weight:get_device_weight:120 - [32m[cache hit][0m Loading tensor from cache: /localdev/gwang/tt_transformers/model_cache/llama33_70b/T3K/attn/layer8_wo_srcshape_1_1_8192_8192_dtype_BFLOAT8_B_layout_TILE_mapper_660f4331f0f0_device_0.tensorbin
2026-09-03 00:18:08.244 | INFO     | tt_transformers.modules.lazy_weight:get_device_weight:120 - [32m[cache hit][0m Loading tensor from cache: /localdev/gwang/tt_transformers/model_cache/llama33_70b/T3K/norm/layer8_post_attn_srcshape_1_1_256_32_dtype_BFLOAT16_layout_ROW_MAJOR_mapper_241585d9fe31_device_0.tensorbin
2026-09-03 00:18:08.245 | INFO     | tt_transformers.modules.lazy_weight:get_device_weight:120 - [32m[cache hit][0m Loading tensor from cache: /localdev/gwang/tt_transformers/model_cache/llama33_70b/T3K/norm/layer8_post_attn_srcshape_1_1_256_32_dtype_BFLOAT16_layout_ROW_MAJOR_mapper_b82b244385ac_device_0.tensorbin
2026-09-03 00:18:08.246 | INFO     | tt_transformers.modules.lazy_weight:get_device_weight:120 - [32m[cache hit][0m Loading tensor from cache: /localdev/gwang/tt_transformers/model_cache/llama33_70b/T3K/mlp/layer8_w1_srcshape_8192_28672_dtype_BFLOAT8_B_layout_TILE_memcfg_1786057467681592545_mapper_660f4331f0f0_device_0.tensorbin
2026-09-03 00:18:08.260 | INFO     | tt_transformers.modules.lazy_weight:get_device_weight:120 - [32m[cache hit][0m Loading tensor from cache: /localdev/gwang/tt_transformers/model_cache/llama33_70b/T3K/mlp/layer8_w2_srcshape_28672_8192_dtype_BFLOAT8_B_layout_TILE_memcfg_906506041791331912_mapper_0cdd7bdaff6f_device_0.tensorbin
2026-09-03 00:18:08.276 | INFO     | tt_transformers.modules.lazy_weight:get_device_weight:120 - [32m[cache hit][0m Loading tensor from cache: /localdev/gwang/tt_transformers/model_cache/llama33_70b/T3K/mlp/layer8_w3_srcshape_8192_28672_dtype_BFLOAT8_B_layout_TILE_memcfg_1786057467681592545_mapper_660f4331f0f0_device_0.tensorbin
2026-09-03 00:18:08.291 | INFO     | tt_transformers.modules.lazy_weight:get_device_weight:120 - [32m[cache hit][0m Loading tensor from cache: /localdev/gwang/tt_transformers/model_cache/llama33_70b/T3K/norm/layer9_pre_attn_srcshape_1_1_256_32_dtype_BFLOAT16_layout_ROW_MAJOR_mapper_241585d9fe31_device_0.tensorbin
2026-09-03 00:18:08.291 | INFO     | tt_transformers.modules.lazy_weight:get_device_weight:120 - [32m[cache hit][0m Loading tensor from cache: /localdev/gwang/tt_transformers/model_cache/llama33_70b/T3K/norm/layer9_pre_attn_srcshape_1_1_256_32_dtype_BFLOAT16_layout_ROW_MAJOR_mapper_b82b244385ac_device_0.tensorbin
2026-09-03 00:18:08.292 | INFO     | tt_transformers.modules.lazy_weight:get_device_weight:120 - [32m[cache hit][0m Loading tensor from cache: /localdev/gwang/tt_transformers/model_cache/llama33_70b/T3K/attn/layer9_wqkv_srcshape_1_1_8192_10240_dtype_BFLOAT8_B_layout_TILE_memcfg_663972112453010226_mapper_660f4331f0f0_device_0.tensorbin
2026-09-03 00:18:08.298 | INFO     | tt_transformers.modules.lazy_weight:get_device_weight:120 - [32m[cache hit][0m Loading tensor from cache: /localdev/gwang/tt_transformers/model_cache/llama33_70b/T3K/attn/layer9_wo_srcshape_1_1_8192_8192_dtype_BFLOAT8_B_layout_TILE_mapper_660f4331f0f0_device_0.tensorbin
2026-09-03 00:18:08.303 | INFO     | tt_transformers.modules.lazy_weight:get_device_weight:120 - [32m[cache hit][0m Loading tensor from cache: /localdev/gwang/tt_transformers/model_cache/llama33_70b/T3K/norm/layer9_post_attn_srcshape_1_1_256_32_dtype_BFLOAT16_layout_ROW_MAJOR_mapper_241585d9fe31_device_0.tensorbin
2026-09-03 00:18:08.303 | INFO     | tt_transformers.modules.lazy_weight:get_device_weight:120 - [32m[cache hit][0m Loading tensor from cache: /localdev/gwang/tt_transformers/model_cache/llama33_70b/T3K/norm/layer9_post_attn_srcshape_1_1_256_32_dtype_BFLOAT16_layout_ROW_MAJOR_mapper_b82b244385ac_device_0.tensorbin
2026-09-03 00:18:08.304 | INFO     | tt_transformers.modules.lazy_weight:get_device_weight:120 - [32m[cache hit][0m Loading tensor from cache: /localdev/gwang/tt_transformers/model_cache/llama33_70b/T3K/mlp/layer9_w1_srcshape_8192_28672_dtype_BFLOAT8_B_layout_TILE_memcfg_1786057467681592545_mapper_660f4331f0f0_device_0.tensorbin
2026-09-03 00:18:08.319 | INFO     | tt_transformers.modules.lazy_weight:get_device_weight:120 - [32m[cache hit][0m Loading tensor from cache: /localdev/gwang/tt_transformers/model_cache/llama33_70b/T3K/mlp/layer9_w2_srcshape_28672_8192_dtype_BFLOAT8_B_layout_TILE_memcfg_906506041791331912_mapper_0cdd7bdaff6f_device_0.tensorbin
2026-09-03 00:18:08.332 | INFO     | tt_transformers.modules.lazy_weight:get_device_weight:120 - [32m[cache hit][0m Loading tensor from cache: /localdev/gwang/tt_transformers/model_cache/llama33_70b/T3K/mlp/layer9_w3_srcshape_8192_28672_dtype_BFLOAT8_B_layout_TILE_memcfg_1786057467681592545_mapper_660f4331f0f0_device_0.tensorbin
2026-09-03 00:18:08.348 | INFO     | tt_transformers.modules.lazy_weight:get_device_weight:120 - [32m[cache hit][0m Loading tensor from cache: /localdev/gwang/tt_transformers/model_cache/llama33_70b/T3K/norm/layer10_pre_attn_srcshape_1_1_256_32_dtype_BFLOAT16_layout_ROW_MAJOR_mapper_241585d9fe31_device_0.tensorbin
2026-09-03 00:18:08.349 | INFO     | tt_transformers.modules.lazy_weight:get_device_weight:120 - [32m[cache hit][0m Loading tensor from cache: /localdev/gwang/tt_transformers/model_cache/llama33_70b/T3K/norm/layer10_pre_attn_srcshape_1_1_256_32_dtype_BFLOAT16_layout_ROW_MAJOR_mapper_b82b244385ac_device_0.tensorbin
2026-09-03 00:18:08.349 | INFO     | tt_transformers.modules.lazy_weight:get_device_weight:120 - [32m[cache hit][0m Loading tensor from cache: /localdev/gwang/tt_transformers/model_cache/llama33_70b/T3K/attn/layer10_wqkv_srcshape_1_1_8192_10240_dtype_BFLOAT8_B_layout_TILE_memcfg_663972112453010226_mapper_660f4331f0f0_device_0.tensorbin
2026-09-03 00:18:08.355 | INFO     | tt_transformers.modules.lazy_weight:get_device_weight:120 - [32m[cache hit][0m Loading tensor from cache: /localdev/gwang/tt_transformers/model_cache/llama33_70b/T3K/attn/layer10_wo_srcshape_1_1_8192_8192_dtype_BFLOAT8_B_layout_TILE_mapper_660f4331f0f0_device_0.tensorbin
2026-09-03 00:18:08.360 | INFO     | tt_transformers.modules.lazy_weight:get_device_weight:120 - [32m[cache hit][0m Loading tensor from cache: /localdev/gwang/tt_transformers/model_cache/llama33_70b/T3K/norm/layer10_post_attn_srcshape_1_1_256_32_dtype_BFLOAT16_layout_ROW_MAJOR_mapper_241585d9fe31_device_0.tensorbin
2026-09-03 00:18:08.361 | INFO     | tt_transformers.modules.lazy_weight:get_device_weight:120 - [32m[cache hit][0m Loading tensor from cache: /localdev/gwang/tt_transformers/model_cache/llama33_70b/T3K/norm/layer10_post_attn_srcshape_1_1_256_32_dtype_BFLOAT16_layout_ROW_MAJOR_mapper_b82b244385ac_device_0.tensorbin
2026-09-03 00:18:08.362 | INFO     | tt_transformers.modules.lazy_weight:get_device_weight:120 - [32m[cache hit][0m Loading tensor from cache: /localdev/gwang/tt_transformers/model_cache/llama33_70b/T3K/mlp/layer10_w1_srcshape_8192_28672_dtype_BFLOAT8_B_layout_TILE_memcfg_1786057467681592545_mapper_660f4331f0f0_device_0.tensorbin
2026-09-03 00:18:08.375 | INFO     | tt_transformers.modules.lazy_weight:get_device_weight:120 - [32m[cache hit][0m Loading tensor from cache: /localdev/gwang/tt_transformers/model_cache/llama33_70b/T3K/mlp/layer10_w2_srcshape_28672_8192_dtype_BFLOAT8_B_layout_TILE_memcfg_906506041791331912_mapper_0cdd7bdaff6f_device_0.tensorbin
2026-09-03 00:18:08.389 | INFO     | tt_transformers.modules.lazy_weight:get_device_weight:120 - [32m[cache hit][0m Loading tensor from cache: /localdev/gwang/tt_transformers/model_cache/llama33_70b/T3K/mlp/layer10_w3_srcshape_8192_28672_dtype_BFLOAT8_B_layout_TILE_memcfg_1786057467681592545_mapper_660f4331f0f0_device_0.tensorbin
2026-09-03 00:18:08.404 | INFO     | tt_transformers.modules.lazy_weight:get_device_weight:120 - [32m[cache hit][0m Loading tensor from cache: /localdev/gwang/tt_transformers/model_cache/llama33_70b/T3K/norm/layer11_pre_attn_srcshape_1_1_256_32_dtype_BFLOAT16_layout_ROW_MAJOR_mapper_241585d9fe31_device_0.tensorbin
2026-09-03 00:18:08.405 | INFO     | tt_transformers.modules.lazy_weight:get_device_weight:120 - [32m[cache hit][0m Loading tensor from cache: /localdev/gwang/tt_transformers/model_cache/llama33_70b/T3K/norm/layer11_pre_attn_srcshape_1_1_256_32_dtype_BFLOAT16_layout_ROW_MAJOR_mapper_b82b244385ac_device_0.tensorbin
2026-09-03 00:18:08.406 | INFO     | tt_transformers.modules.lazy_weight:get_device_weight:120 - [32m[cache hit][0m Loading tensor from cache: /localdev/gwang/tt_transformers/model_cache/llama33_70b/T3K/attn/layer11_wqkv_srcshape_1_1_8192_10240_dtype_BFLOAT8_B_layout_TILE_memcfg_663972112453010226_mapper_660f4331f0f0_device_0.tensorbin
2026-09-03 00:18:08.411 | INFO     | tt_transformers.modules.lazy_weight:get_device_weight:120 - [32m[cache hit][0m Loading tensor from cache: /localdev/gwang/tt_transformers/model_cache/llama33_70b/T3K/attn/layer11_wo_srcshape_1_1_8192_8192_dtype_BFLOAT8_B_layout_TILE_mapper_660f4331f0f0_device_0.tensorbin
2026-09-03 00:18:08.417 | INFO     | tt_transformers.modules.lazy_weight:get_device_weight:120 - [32m[cache hit][0m Loading tensor from cache: /localdev/gwang/tt_transformers/model_cache/llama33_70b/T3K/norm/layer11_post_attn_srcshape_1_1_256_32_dtype_BFLOAT16_layout_ROW_MAJOR_mapper_241585d9fe31_device_0.tensorbin
2026-09-03 00:18:08.418 | INFO     | tt_transformers.modules.lazy_weight:get_device_weight:120 - [32m[cache hit][0m Loading tensor from cache: /localdev/gwang/tt_transformers/model_cache/llama33_70b/T3K/norm/layer11_post_attn_srcshape_1_1_256_32_dtype_BFLOAT16_layout_ROW_MAJOR_mapper_b82b244385ac_device_0.tensorbin
2026-09-03 00:18:08.419 | INFO     | tt_transformers.modules.lazy_weight:get_device_weight:120 - [32m[cache hit][0m Loading tensor from cache: /localdev/gwang/tt_transformers/model_cache/llama33_70b/T3K/mlp/layer11_w1_srcshape_8192_28672_dtype_BFLOAT8_B_layout_TILE_memcfg_1786057467681592545_mapper_660f4331f0f0_device_0.tensorbin
2026-09-03 00:18:08.433 | INFO     | tt_transformers.modules.lazy_weight:get_device_weight:120 - [32m[cache hit][0m Loading tensor from cache: /localdev/gwang/tt_transformers/model_cache/llama33_70b/T3K/mlp/layer11_w2_srcshape_28672_8192_dtype_BFLOAT8_B_layout_TILE_memcfg_906506041791331912_mapper_0cdd7bdaff6f_device_0.tensorbin
2026-09-03 00:18:08.447 | INFO     | tt_transformers.modules.lazy_weight:get_device_weight:120 - [32m[cache hit][0m Loading tensor from cache: /localdev/gwang/tt_transformers/model_cache/llama33_70b/T3K/mlp/layer11_w3_srcshape_8192_28672_dtype_BFLOAT8_B_layout_TILE_memcfg_1786057467681592545_mapper_660f4331f0f0_device_0.tensorbin
2026-09-03 00:18:08.463 | INFO     | tt_transformers.modules.lazy_weight:get_device_weight:120 - [32m[cache hit][0m Loading tensor from cache: /localdev/gwang/tt_transformers/model_cache/llama33_70b/T3K/norm/layer12_pre_attn_srcshape_1_1_256_32_dtype_BFLOAT16_layout_ROW_MAJOR_mapper_241585d9fe31_device_0.tensorbin
2026-09-03 00:18:08.463 | INFO     | tt_transformers.modules.lazy_weight:get_device_weight:120 - [32m[cache hit][0m Loading tensor from cache: /localdev/gwang/tt_transformers/model_cache/llama33_70b/T3K/norm/layer12_pre_attn_srcshape_1_1_256_32_dtype_BFLOAT16_layout_ROW_MAJOR_mapper_b82b244385ac_device_0.tensorbin
2026-09-03 00:18:08.464 | INFO     | tt_transformers.modules.lazy_weight:get_device_weight:120 - [32m[cache hit][0m Loading tensor from cache: /localdev/gwang/tt_transformers/model_cache/llama33_70b/T3K/attn/layer12_wqkv_srcshape_1_1_8192_10240_dtype_BFLOAT8_B_layout_TILE_memcfg_663972112453010226_mapper_660f4331f0f0_device_0.tensorbin
2026-09-03 00:18:08.471 | INFO     | tt_transformers.modules.lazy_weight:get_device_weight:120 - [32m[cache hit][0m Loading tensor from cache: /localdev/gwang/tt_transformers/model_cache/llama33_70b/T3K/attn/layer12_wo_srcshape_1_1_8192_8192_dtype_BFLOAT8_B_layout_TILE_mapper_660f4331f0f0_device_0.tensorbin
2026-09-03 00:18:08.476 | INFO     | tt_transformers.modules.lazy_weight:get_device_weight:120 - [32m[cache hit][0m Loading tensor from cache: /localdev/gwang/tt_transformers/model_cache/llama33_70b/T3K/norm/layer12_post_attn_srcshape_1_1_256_32_dtype_BFLOAT16_layout_ROW_MAJOR_mapper_241585d9fe31_device_0.tensorbin
2026-09-03 00:18:08.477 | INFO     | tt_transformers.modules.lazy_weight:get_device_weight:120 - [32m[cache hit][0m Loading tensor from cache: /localdev/gwang/tt_transformers/model_cache/llama33_70b/T3K/norm/layer12_post_attn_srcshape_1_1_256_32_dtype_BFLOAT16_layout_ROW_MAJOR_mapper_b82b244385ac_device_0.tensorbin
2026-09-03 00:18:08.478 | INFO     | tt_transformers.modules.lazy_weight:get_device_weight:120 - [32m[cache hit][0m Loading tensor from cache: /localdev/gwang/tt_transformers/model_cache/llama33_70b/T3K/mlp/layer12_w1_srcshape_8192_28672_dtype_BFLOAT8_B_layout_TILE_memcfg_1786057467681592545_mapper_660f4331f0f0_device_0.tensorbin
2026-09-03 00:18:08.492 | INFO     | tt_transformers.modules.lazy_weight:get_device_weight:120 - [32m[cache hit][0m Loading tensor from cache: /localdev/gwang/tt_transformers/model_cache/llama33_70b/T3K/mlp/layer12_w2_srcshape_28672_8192_dtype_BFLOAT8_B_layout_TILE_memcfg_906506041791331912_mapper_0cdd7bdaff6f_device_0.tensorbin
2026-09-03 00:18:08.507 | INFO     | tt_transformers.modules.lazy_weight:get_device_weight:120 - [32m[cache hit][0m Loading tensor from cache: /localdev/gwang/tt_transformers/model_cache/llama33_70b/T3K/mlp/layer12_w3_srcshape_8192_28672_dtype_BFLOAT8_B_layout_TILE_memcfg_1786057467681592545_mapper_660f4331f0f0_device_0.tensorbin
2026-09-03 00:18:08.521 | INFO     | tt_transformers.modules.lazy_weight:get_device_weight:120 - [32m[cache hit][0m Loading tensor from cache: /localdev/gwang/tt_transformers/model_cache/llama33_70b/T3K/norm/layer13_pre_attn_srcshape_1_1_256_32_dtype_BFLOAT16_layout_ROW_MAJOR_mapper_241585d9fe31_device_0.tensorbin
2026-09-03 00:18:08.522 | INFO     | tt_transformers.modules.lazy_weight:get_device_weight:120 - [32m[cache hit][0m Loading tensor from cache: /localdev/gwang/tt_transformers/model_cache/llama33_70b/T3K/norm/layer13_pre_attn_srcshape_1_1_256_32_dtype_BFLOAT16_layout_ROW_MAJOR_mapper_b82b244385ac_device_0.tensorbin
2026-09-03 00:18:08.523 | INFO     | tt_transformers.modules.lazy_weight:get_device_weight:120 - [32m[cache hit][0m Loading tensor from cache: /localdev/gwang/tt_transformers/model_cache/llama33_70b/T3K/attn/layer13_wqkv_srcshape_1_1_8192_10240_dtype_BFLOAT8_B_layout_TILE_memcfg_663972112453010226_mapper_660f4331f0f0_device_0.tensorbin
2026-09-03 00:18:08.528 | INFO     | tt_transformers.modules.lazy_weight:get_device_weight:120 - [32m[cache hit][0m Loading tensor from cache: /localdev/gwang/tt_transformers/model_cache/llama33_70b/T3K/attn/layer13_wo_srcshape_1_1_8192_8192_dtype_BFLOAT8_B_layout_TILE_mapper_660f4331f0f0_device_0.tensorbin
2026-09-03 00:18:08.534 | INFO     | tt_transformers.modules.lazy_weight:get_device_weight:120 - [32m[cache hit][0m Loading tensor from cache: /localdev/gwang/tt_transformers/model_cache/llama33_70b/T3K/norm/layer13_post_attn_srcshape_1_1_256_32_dtype_BFLOAT16_layout_ROW_MAJOR_mapper_241585d9fe31_device_0.tensorbin
2026-09-03 00:18:08.534 | INFO     | tt_transformers.modules.lazy_weight:get_device_weight:120 - [32m[cache hit][0m Loading tensor from cache: /localdev/gwang/tt_transformers/model_cache/llama33_70b/T3K/norm/layer13_post_attn_srcshape_1_1_256_32_dtype_BFLOAT16_layout_ROW_MAJOR_mapper_b82b244385ac_device_0.tensorbin
2026-09-03 00:18:08.535 | INFO     | tt_transformers.modules.lazy_weight:get_device_weight:120 - [32m[cache hit][0m Loading tensor from cache: /localdev/gwang/tt_transformers/model_cache/llama33_70b/T3K/mlp/layer13_w1_srcshape_8192_28672_dtype_BFLOAT8_B_layout_TILE_memcfg_1786057467681592545_mapper_660f4331f0f0_device_0.tensorbin
2026-09-03 00:18:08.548 | INFO     | tt_transformers.modules.lazy_weight:get_device_weight:120 - [32m[cache hit][0m Loading tensor from cache: /localdev/gwang/tt_transformers/model_cache/llama33_70b/T3K/mlp/layer13_w2_srcshape_28672_8192_dtype_BFLOAT8_B_layout_TILE_memcfg_906506041791331912_mapper_0cdd7bdaff6f_device_0.tensorbin
2026-09-03 00:18:08.562 | INFO     | tt_transformers.modules.lazy_weight:get_device_weight:120 - [32m[cache hit][0m Loading tensor from cache: /localdev/gwang/tt_transformers/model_cache/llama33_70b/T3K/mlp/layer13_w3_srcshape_8192_28672_dtype_BFLOAT8_B_layout_TILE_memcfg_1786057467681592545_mapper_660f4331f0f0_device_0.tensorbin
2026-09-03 00:18:08.576 | INFO     | tt_transformers.modules.lazy_weight:get_device_weight:120 - [32m[cache hit][0m Loading tensor from cache: /localdev/gwang/tt_transformers/model_cache/llama33_70b/T3K/norm/layer14_pre_attn_srcshape_1_1_256_32_dtype_BFLOAT16_layout_ROW_MAJOR_mapper_241585d9fe31_device_0.tensorbin
2026-09-03 00:18:08.577 | INFO     | tt_transformers.modules.lazy_weight:get_device_weight:120 - [32m[cache hit][0m Loading tensor from cache: /localdev/gwang/tt_transformers/model_cache/llama33_70b/T3K/norm/layer14_pre_attn_srcshape_1_1_256_32_dtype_BFLOAT16_layout_ROW_MAJOR_mapper_b82b244385ac_device_0.tensorbin
2026-09-03 00:18:08.578 | INFO     | tt_transformers.modules.lazy_weight:get_device_weight:120 - [32m[cache hit][0m Loading tensor from cache: /localdev/gwang/tt_transformers/model_cache/llama33_70b/T3K/attn/layer14_wqkv_srcshape_1_1_8192_10240_dtype_BFLOAT8_B_layout_TILE_memcfg_663972112453010226_mapper_660f4331f0f0_device_0.tensorbin
2026-09-03 00:18:08.583 | INFO     | tt_transformers.modules.lazy_weight:get_device_weight:120 - [32m[cache hit][0m Loading tensor from cache: /localdev/gwang/tt_transformers/model_cache/llama33_70b/T3K/attn/layer14_wo_srcshape_1_1_8192_8192_dtype_BFLOAT8_B_layout_TILE_mapper_660f4331f0f0_device_0.tensorbin
2026-09-03 00:18:08.589 | INFO     | tt_transformers.modules.lazy_weight:get_device_weight:120 - [32m[cache hit][0m Loading tensor from cache: /localdev/gwang/tt_transformers/model_cache/llama33_70b/T3K/norm/layer14_post_attn_srcshape_1_1_256_32_dtype_BFLOAT16_layout_ROW_MAJOR_mapper_241585d9fe31_device_0.tensorbin
2026-09-03 00:18:08.589 | INFO     | tt_transformers.modules.lazy_weight:get_device_weight:120 - [32m[cache hit][0m Loading tensor from cache: /localdev/gwang/tt_transformers/model_cache/llama33_70b/T3K/norm/layer14_post_attn_srcshape_1_1_256_32_dtype_BFLOAT16_layout_ROW_MAJOR_mapper_b82b244385ac_device_0.tensorbin
2026-09-03 00:18:08.590 | INFO     | tt_transformers.modules.lazy_weight:get_device_weight:120 - [32m[cache hit][0m Loading tensor from cache: /localdev/gwang/tt_transformers/model_cache/llama33_70b/T3K/mlp/layer14_w1_srcshape_8192_28672_dtype_BFLOAT8_B_layout_TILE_memcfg_1786057467681592545_mapper_660f4331f0f0_device_0.tensorbin
2026-09-03 00:18:08.603 | INFO     | tt_transformers.modules.lazy_weight:get_device_weight:120 - [32m[cache hit][0m Loading tensor from cache: /localdev/gwang/tt_transformers/model_cache/llama33_70b/T3K/mlp/layer14_w2_srcshape_28672_8192_dtype_BFLOAT8_B_layout_TILE_memcfg_906506041791331912_mapper_0cdd7bdaff6f_device_0.tensorbin
2026-09-03 00:18:08.618 | INFO     | tt_transformers.modules.lazy_weight:get_device_weight:120 - [32m[cache hit][0m Loading tensor from cache: /localdev/gwang/tt_transformers/model_cache/llama33_70b/T3K/mlp/layer14_w3_srcshape_8192_28672_dtype_BFLOAT8_B_layout_TILE_memcfg_1786057467681592545_mapper_660f4331f0f0_device_0.tensorbin
2026-09-03 00:18:08.632 | INFO     | tt_transformers.modules.lazy_weight:get_device_weight:120 - [32m[cache hit][0m Loading tensor from cache: /localdev/gwang/tt_transformers/model_cache/llama33_70b/T3K/norm/layer15_pre_attn_srcshape_1_1_256_32_dtype_BFLOAT16_layout_ROW_MAJOR_mapper_241585d9fe31_device_0.tensorbin
2026-09-03 00:18:08.633 | INFO     | tt_transformers.modules.lazy_weight:get_device_weight:120 - [32m[cache hit][0m Loading tensor from cache: /localdev/gwang/tt_transformers/model_cache/llama33_70b/T3K/norm/layer15_pre_attn_srcshape_1_1_256_32_dtype_BFLOAT16_layout_ROW_MAJOR_mapper_b82b244385ac_device_0.tensorbin
2026-09-03 00:18:08.634 | INFO     | tt_transformers.modules.lazy_weight:get_device_weight:120 - [32m[cache hit][0m Loading tensor from cache: /localdev/gwang/tt_transformers/model_cache/llama33_70b/T3K/attn/layer15_wqkv_srcshape_1_1_8192_10240_dtype_BFLOAT8_B_layout_TILE_memcfg_663972112453010226_mapper_660f4331f0f0_device_0.tensorbin
2026-09-03 00:18:08.639 | INFO     | tt_transformers.modules.lazy_weight:get_device_weight:120 - [32m[cache hit][0m Loading tensor from cache: /localdev/gwang/tt_transformers/model_cache/llama33_70b/T3K/attn/layer15_wo_srcshape_1_1_8192_8192_dtype_BFLOAT8_B_layout_TILE_mapper_660f4331f0f0_device_0.tensorbin
2026-09-03 00:18:08.645 | INFO     | tt_transformers.modules.lazy_weight:get_device_weight:120 - [32m[cache hit][0m Loading tensor from cache: /localdev/gwang/tt_transformers/model_cache/llama33_70b/T3K/norm/layer15_post_attn_srcshape_1_1_256_32_dtype_BFLOAT16_layout_ROW_MAJOR_mapper_241585d9fe31_device_0.tensorbin
2026-09-03 00:18:08.646 | INFO     | tt_transformers.modules.lazy_weight:get_device_weight:120 - [32m[cache hit][0m Loading tensor from cache: /localdev/gwang/tt_transformers/model_cache/llama33_70b/T3K/norm/layer15_post_attn_srcshape_1_1_256_32_dtype_BFLOAT16_layout_ROW_MAJOR_mapper_b82b244385ac_device_0.tensorbin
2026-09-03 00:18:08.646 | INFO     | tt_transformers.modules.lazy_weight:get_device_weight:120 - [32m[cache hit][0m Loading tensor from cache: /localdev/gwang/tt_transformers/model_cache/llama33_70b/T3K/mlp/layer15_w1_srcshape_8192_28672_dtype_BFLOAT8_B_layout_TILE_memcfg_1786057467681592545_mapper_660f4331f0f0_device_0.tensorbin
2026-09-03 00:18:08.660 | INFO     | tt_transformers.modules.lazy_weight:get_device_weight:120 - [32m[cache hit][0m Loading tensor from cache: /localdev/gwang/tt_transformers/model_cache/llama33_70b/T3K/mlp/layer15_w2_srcshape_28672_8192_dtype_BFLOAT8_B_layout_TILE_memcfg_906506041791331912_mapper_0cdd7bdaff6f_device_0.tensorbin
2026-09-03 00:18:08.674 | INFO     | tt_transformers.modules.lazy_weight:get_device_weight:120 - [32m[cache hit][0m Loading tensor from cache: /localdev/gwang/tt_transformers/model_cache/llama33_70b/T3K/mlp/layer15_w3_srcshape_8192_28672_dtype_BFLOAT8_B_layout_TILE_memcfg_1786057467681592545_mapper_660f4331f0f0_device_0.tensorbin
2026-09-03 00:18:08.690 | INFO     | tt_transformers.modules.lazy_weight:get_device_weight:120 - [32m[cache hit][0m Loading tensor from cache: /localdev/gwang/tt_transformers/model_cache/llama33_70b/T3K/norm/layer16_pre_attn_srcshape_1_1_256_32_dtype_BFLOAT16_layout_ROW_MAJOR_mapper_241585d9fe31_device_0.tensorbin
2026-09-03 00:18:08.690 | INFO     | tt_transformers.modules.lazy_weight:get_device_weight:120 - [32m[cache hit][0m Loading tensor from cache: /localdev/gwang/tt_transformers/model_cache/llama33_70b/T3K/norm/layer16_pre_attn_srcshape_1_1_256_32_dtype_BFLOAT16_layout_ROW_MAJOR_mapper_b82b244385ac_device_0.tensorbin
2026-09-03 00:18:08.691 | INFO     | tt_transformers.modules.lazy_weight:get_device_weight:120 - [32m[cache hit][0m Loading tensor from cache: /localdev/gwang/tt_transformers/model_cache/llama33_70b/T3K/attn/layer16_wqkv_srcshape_1_1_8192_10240_dtype_BFLOAT8_B_layout_TILE_memcfg_663972112453010226_mapper_660f4331f0f0_device_0.tensorbin
2026-09-03 00:18:08.696 | INFO     | tt_transformers.modules.lazy_weight:get_device_weight:120 - [32m[cache hit][0m Loading tensor from cache: /localdev/gwang/tt_transformers/model_cache/llama33_70b/T3K/attn/layer16_wo_srcshape_1_1_8192_8192_dtype_BFLOAT8_B_layout_TILE_mapper_660f4331f0f0_device_0.tensorbin
2026-09-03 00:18:08.702 | INFO     | tt_transformers.modules.lazy_weight:get_device_weight:120 - [32m[cache hit][0m Loading tensor from cache: /localdev/gwang/tt_transformers/model_cache/llama33_70b/T3K/norm/layer16_post_attn_srcshape_1_1_256_32_dtype_BFLOAT16_layout_ROW_MAJOR_mapper_241585d9fe31_device_0.tensorbin
2026-09-03 00:18:08.703 | INFO     | tt_transformers.modules.lazy_weight:get_device_weight:120 - [32m[cache hit][0m Loading tensor from cache: /localdev/gwang/tt_transformers/model_cache/llama33_70b/T3K/norm/layer16_post_attn_srcshape_1_1_256_32_dtype_BFLOAT16_layout_ROW_MAJOR_mapper_b82b244385ac_device_0.tensorbin
2026-09-03 00:18:08.704 | INFO     | tt_transformers.modules.lazy_weight:get_device_weight:120 - [32m[cache hit][0m Loading tensor from cache: /localdev/gwang/tt_transformers/model_cache/llama33_70b/T3K/mlp/layer16_w1_srcshape_8192_28672_dtype_BFLOAT8_B_layout_TILE_memcfg_1786057467681592545_mapper_660f4331f0f0_device_0.tensorbin
2026-09-03 00:18:08.718 | INFO     | tt_transformers.modules.lazy_weight:get_device_weight:120 - [32m[cache hit][0m Loading tensor from cache: /localdev/gwang/tt_transformers/model_cache/llama33_70b/T3K/mlp/layer16_w2_srcshape_28672_8192_dtype_BFLOAT8_B_layout_TILE_memcfg_906506041791331912_mapper_0cdd7bdaff6f_device_0.tensorbin
2026-09-03 00:18:08.733 | INFO     | tt_transformers.modules.lazy_weight:get_device_weight:120 - [32m[cache hit][0m Loading tensor from cache: /localdev/gwang/tt_transformers/model_cache/llama33_70b/T3K/mlp/layer16_w3_srcshape_8192_28672_dtype_BFLOAT8_B_layout_TILE_memcfg_1786057467681592545_mapper_660f4331f0f0_device_0.tensorbin
2026-09-03 00:18:08.747 | INFO     | tt_transformers.modules.lazy_weight:get_device_weight:120 - [32m[cache hit][0m Loading tensor from cache: /localdev/gwang/tt_transformers/model_cache/llama33_70b/T3K/norm/layer17_pre_attn_srcshape_1_1_256_32_dtype_BFLOAT16_layout_ROW_MAJOR_mapper_241585d9fe31_device_0.tensorbin
2026-09-03 00:18:08.747 | INFO     | tt_transformers.modules.lazy_weight:get_device_weight:120 - [32m[cache hit][0m Loading tensor from cache: /localdev/gwang/tt_transformers/model_cache/llama33_70b/T3K/norm/layer17_pre_attn_srcshape_1_1_256_32_dtype_BFLOAT16_layout_ROW_MAJOR_mapper_b82b244385ac_device_0.tensorbin
2026-09-03 00:18:08.748 | INFO     | tt_transformers.modules.lazy_weight:get_device_weight:120 - [32m[cache hit][0m Loading tensor from cache: /localdev/gwang/tt_transformers/model_cache/llama33_70b/T3K/attn/layer17_wqkv_srcshape_1_1_8192_10240_dtype_BFLOAT8_B_layout_TILE_memcfg_663972112453010226_mapper_660f4331f0f0_device_0.tensorbin
2026-09-03 00:18:08.754 | INFO     | tt_transformers.modules.lazy_weight:get_device_weight:120 - [32m[cache hit][0m Loading tensor from cache: /localdev/gwang/tt_transformers/model_cache/llama33_70b/T3K/attn/layer17_wo_srcshape_1_1_8192_8192_dtype_BFLOAT8_B_layout_TILE_mapper_660f4331f0f0_device_0.tensorbin
2026-09-03 00:18:08.760 | INFO     | tt_transformers.modules.lazy_weight:get_device_weight:120 - [32m[cache hit][0m Loading tensor from cache: /localdev/gwang/tt_transformers/model_cache/llama33_70b/T3K/norm/layer17_post_attn_srcshape_1_1_256_32_dtype_BFLOAT16_layout_ROW_MAJOR_mapper_241585d9fe31_device_0.tensorbin
2026-09-03 00:18:08.760 | INFO     | tt_transformers.modules.lazy_weight:get_device_weight:120 - [32m[cache hit][0m Loading tensor from cache: /localdev/gwang/tt_transformers/model_cache/llama33_70b/T3K/norm/layer17_post_attn_srcshape_1_1_256_32_dtype_BFLOAT16_layout_ROW_MAJOR_mapper_b82b244385ac_device_0.tensorbin
2026-09-03 00:18:08.761 | INFO     | tt_transformers.modules.lazy_weight:get_device_weight:120 - [32m[cache hit][0m Loading tensor from cache: /localdev/gwang/tt_transformers/model_cache/llama33_70b/T3K/mlp/layer17_w1_srcshape_8192_28672_dtype_BFLOAT8_B_layout_TILE_memcfg_1786057467681592545_mapper_660f4331f0f0_device_0.tensorbin
2026-09-03 00:18:08.773 | INFO     | tt_transformers.modules.lazy_weight:get_device_weight:120 - [32m[cache hit][0m Loading tensor from cache: /localdev/gwang/tt_transformers/model_cache/llama33_70b/T3K/mlp/layer17_w2_srcshape_28672_8192_dtype_BFLOAT8_B_layout_TILE_memcfg_906506041791331912_mapper_0cdd7bdaff6f_device_0.tensorbin
2026-09-03 00:18:08.787 | INFO     | tt_transformers.modules.lazy_weight:get_device_weight:120 - [32m[cache hit][0m Loading tensor from cache: /localdev/gwang/tt_transformers/model_cache/llama33_70b/T3K/mlp/layer17_w3_srcshape_8192_28672_dtype_BFLOAT8_B_layout_TILE_memcfg_1786057467681592545_mapper_660f4331f0f0_device_0.tensorbin
2026-09-03 00:18:08.800 | INFO     | tt_transformers.modules.lazy_weight:get_device_weight:120 - [32m[cache hit][0m Loading tensor from cache: /localdev/gwang/tt_transformers/model_cache/llama33_70b/T3K/norm/layer18_pre_attn_srcshape_1_1_256_32_dtype_BFLOAT16_layout_ROW_MAJOR_mapper_241585d9fe31_device_0.tensorbin
2026-09-03 00:18:08.800 | INFO     | tt_transformers.modules.lazy_weight:get_device_weight:120 - [32m[cache hit][0m Loading tensor from cache: /localdev/gwang/tt_transformers/model_cache/llama33_70b/T3K/norm/layer18_pre_attn_srcshape_1_1_256_32_dtype_BFLOAT16_layout_ROW_MAJOR_mapper_b82b244385ac_device_0.tensorbin
2026-09-03 00:18:08.801 | INFO     | tt_transformers.modules.lazy_weight:get_device_weight:120 - [32m[cache hit][0m Loading tensor from cache: /localdev/gwang/tt_transformers/model_cache/llama33_70b/T3K/attn/layer18_wqkv_srcshape_1_1_8192_10240_dtype_BFLOAT8_B_layout_TILE_memcfg_663972112453010226_mapper_660f4331f0f0_device_0.tensorbin
2026-09-03 00:18:08.807 | INFO     | tt_transformers.modules.lazy_weight:get_device_weight:120 - [32m[cache hit][0m Loading tensor from cache: /localdev/gwang/tt_transformers/model_cache/llama33_70b/T3K/attn/layer18_wo_srcshape_1_1_8192_8192_dtype_BFLOAT8_B_layout_TILE_mapper_660f4331f0f0_device_0.tensorbin
2026-09-03 00:18:08.812 | INFO     | tt_transformers.modules.lazy_weight:get_device_weight:120 - [32m[cache hit][0m Loading tensor from cache: /localdev/gwang/tt_transformers/model_cache/llama33_70b/T3K/norm/layer18_post_attn_srcshape_1_1_256_32_dtype_BFLOAT16_layout_ROW_MAJOR_mapper_241585d9fe31_device_0.tensorbin
2026-09-03 00:18:08.813 | INFO     | tt_transformers.modules.lazy_weight:get_device_weight:120 - [32m[cache hit][0m Loading tensor from cache: /localdev/gwang/tt_transformers/model_cache/llama33_70b/T3K/norm/layer18_post_attn_srcshape_1_1_256_32_dtype_BFLOAT16_layout_ROW_MAJOR_mapper_b82b244385ac_device_0.tensorbin
2026-09-03 00:18:08.814 | INFO     | tt_transformers.modules.lazy_weight:get_device_weight:120 - [32m[cache hit][0m Loading tensor from cache: /localdev/gwang/tt_transformers/model_cache/llama33_70b/T3K/mlp/layer18_w1_srcshape_8192_28672_dtype_BFLOAT8_B_layout_TILE_memcfg_1786057467681592545_mapper_660f4331f0f0_device_0.tensorbin
2026-09-03 00:18:08.827 | INFO     | tt_transformers.modules.lazy_weight:get_device_weight:120 - [32m[cache hit][0m Loading tensor from cache: /localdev/gwang/tt_transformers/model_cache/llama33_70b/T3K/mlp/layer18_w2_srcshape_28672_8192_dtype_BFLOAT8_B_layout_TILE_memcfg_906506041791331912_mapper_0cdd7bdaff6f_device_0.tensorbin
2026-09-03 00:18:08.840 | INFO     | tt_transformers.modules.lazy_weight:get_device_weight:120 - [32m[cache hit][0m Loading tensor from cache: /localdev/gwang/tt_transformers/model_cache/llama33_70b/T3K/mlp/layer18_w3_srcshape_8192_28672_dtype_BFLOAT8_B_layout_TILE_memcfg_1786057467681592545_mapper_660f4331f0f0_device_0.tensorbin
2026-09-03 00:18:08.853 | INFO     | tt_transformers.modules.lazy_weight:get_device_weight:120 - [32m[cache hit][0m Loading tensor from cache: /localdev/gwang/tt_transformers/model_cache/llama33_70b/T3K/norm/layer19_pre_attn_srcshape_1_1_256_32_dtype_BFLOAT16_layout_ROW_MAJOR_mapper_241585d9fe31_device_0.tensorbin
2026-09-03 00:18:08.854 | INFO     | tt_transformers.modules.lazy_weight:get_device_weight:120 - [32m[cache hit][0m Loading tensor from cache: /localdev/gwang/tt_transformers/model_cache/llama33_70b/T3K/norm/layer19_pre_attn_srcshape_1_1_256_32_dtype_BFLOAT16_layout_ROW_MAJOR_mapper_b82b244385ac_device_0.tensorbin
2026-09-03 00:18:08.855 | INFO     | tt_transformers.modules.lazy_weight:get_device_weight:120 - [32m[cache hit][0m Loading tensor from cache: /localdev/gwang/tt_transformers/model_cache/llama33_70b/T3K/attn/layer19_wqkv_srcshape_1_1_8192_10240_dtype_BFLOAT8_B_layout_TILE_memcfg_663972112453010226_mapper_660f4331f0f0_device_0.tensorbin
2026-09-03 00:18:08.860 | INFO     | tt_transformers.modules.lazy_weight:get_device_weight:120 - [32m[cache hit][0m Loading tensor from cache: /localdev/gwang/tt_transformers/model_cache/llama33_70b/T3K/attn/layer19_wo_srcshape_1_1_8192_8192_dtype_BFLOAT8_B_layout_TILE_mapper_660f4331f0f0_device_0.tensorbin
2026-09-03 00:18:08.865 | INFO     | tt_transformers.modules.lazy_weight:get_device_weight:120 - [32m[cache hit][0m Loading tensor from cache: /localdev/gwang/tt_transformers/model_cache/llama33_70b/T3K/norm/layer19_post_attn_srcshape_1_1_256_32_dtype_BFLOAT16_layout_ROW_MAJOR_mapper_241585d9fe31_device_0.tensorbin
2026-09-03 00:18:08.866 | INFO     | tt_transformers.modules.lazy_weight:get_device_weight:120 - [32m[cache hit][0m Loading tensor from cache: /localdev/gwang/tt_transformers/model_cache/llama33_70b/T3K/norm/layer19_post_attn_srcshape_1_1_256_32_dtype_BFLOAT16_layout_ROW_MAJOR_mapper_b82b244385ac_device_0.tensorbin
2026-09-03 00:18:08.866 | INFO     | tt_transformers.modules.lazy_weight:get_device_weight:120 - [32m[cache hit][0m Loading tensor from cache: /localdev/gwang/tt_transformers/model_cache/llama33_70b/T3K/mlp/layer19_w1_srcshape_8192_28672_dtype_BFLOAT8_B_layout_TILE_memcfg_1786057467681592545_mapper_660f4331f0f0_device_0.tensorbin
2026-09-03 00:18:08.878 | INFO     | tt_transformers.modules.lazy_weight:get_device_weight:120 - [32m[cache hit][0m Loading tensor from cache: /localdev/gwang/tt_transformers/model_cache/llama33_70b/T3K/mlp/layer19_w2_srcshape_28672_8192_dtype_BFLOAT8_B_layout_TILE_memcfg_906506041791331912_mapper_0cdd7bdaff6f_device_0.tensorbin
2026-09-03 00:18:08.891 | INFO     | tt_transformers.modules.lazy_weight:get_device_weight:120 - [32m[cache hit][0m Loading tensor from cache: /localdev/gwang/tt_transformers/model_cache/llama33_70b/T3K/mlp/layer19_w3_srcshape_8192_28672_dtype_BFLOAT8_B_layout_TILE_memcfg_1786057467681592545_mapper_660f4331f0f0_device_0.tensorbin
2026-09-03 00:18:08.906 | INFO     | tt_transformers.modules.lazy_weight:get_device_weight:120 - [32m[cache hit][0m Loading tensor from cache: /localdev/gwang/tt_transformers/model_cache/llama33_70b/T3K/norm/layer20_pre_attn_srcshape_1_1_256_32_dtype_BFLOAT16_layout_ROW_MAJOR_mapper_241585d9fe31_device_0.tensorbin
2026-09-03 00:18:08.907 | INFO     | tt_transformers.modules.lazy_weight:get_device_weight:120 - [32m[cache hit][0m Loading tensor from cache: /localdev/gwang/tt_transformers/model_cache/llama33_70b/T3K/norm/layer20_pre_attn_srcshape_1_1_256_32_dtype_BFLOAT16_layout_ROW_MAJOR_mapper_b82b244385ac_device_0.tensorbin
2026-09-03 00:18:08.907 | INFO     | tt_transformers.modules.lazy_weight:get_device_weight:120 - [32m[cache hit][0m Loading tensor from cache: /localdev/gwang/tt_transformers/model_cache/llama33_70b/T3K/attn/layer20_wqkv_srcshape_1_1_8192_10240_dtype_BFLOAT8_B_layout_TILE_memcfg_663972112453010226_mapper_660f4331f0f0_device_0.tensorbin
2026-09-03 00:18:08.912 | INFO     | tt_transformers.modules.lazy_weight:get_device_weight:120 - [32m[cache hit][0m Loading tensor from cache: /localdev/gwang/tt_transformers/model_cache/llama33_70b/T3K/attn/layer20_wo_srcshape_1_1_8192_8192_dtype_BFLOAT8_B_layout_TILE_mapper_660f4331f0f0_device_0.tensorbin
2026-09-03 00:18:08.918 | INFO     | tt_transformers.modules.lazy_weight:get_device_weight:120 - [32m[cache hit][0m Loading tensor from cache: /localdev/gwang/tt_transformers/model_cache/llama33_70b/T3K/norm/layer20_post_attn_srcshape_1_1_256_32_dtype_BFLOAT16_layout_ROW_MAJOR_mapper_241585d9fe31_device_0.tensorbin
2026-09-03 00:18:08.919 | INFO     | tt_transformers.modules.lazy_weight:get_device_weight:120 - [32m[cache hit][0m Loading tensor from cache: /localdev/gwang/tt_transformers/model_cache/llama33_70b/T3K/norm/layer20_post_attn_srcshape_1_1_256_32_dtype_BFLOAT16_layout_ROW_MAJOR_mapper_b82b244385ac_device_0.tensorbin
2026-09-03 00:18:08.920 | INFO     | tt_transformers.modules.lazy_weight:get_device_weight:120 - [32m[cache hit][0m Loading tensor from cache: /localdev/gwang/tt_transformers/model_cache/llama33_70b/T3K/mlp/layer20_w1_srcshape_8192_28672_dtype_BFLOAT8_B_layout_TILE_memcfg_1786057467681592545_mapper_660f4331f0f0_device_0.tensorbin
2026-09-03 00:18:08.932 | INFO     | tt_transformers.modules.lazy_weight:get_device_weight:120 - [32m[cache hit][0m Loading tensor from cache: /localdev/gwang/tt_transformers/model_cache/llama33_70b/T3K/mlp/layer20_w2_srcshape_28672_8192_dtype_BFLOAT8_B_layout_TILE_memcfg_906506041791331912_mapper_0cdd7bdaff6f_device_0.tensorbin
2026-09-03 00:18:08.945 | INFO     | tt_transformers.modules.lazy_weight:get_device_weight:120 - [32m[cache hit][0m Loading tensor from cache: /localdev/gwang/tt_transformers/model_cache/llama33_70b/T3K/mlp/layer20_w3_srcshape_8192_28672_dtype_BFLOAT8_B_layout_TILE_memcfg_1786057467681592545_mapper_660f4331f0f0_device_0.tensorbin
2026-09-03 00:18:08.959 | INFO     | tt_transformers.modules.lazy_weight:get_device_weight:120 - [32m[cache hit][0m Loading tensor from cache: /localdev/gwang/tt_transformers/model_cache/llama33_70b/T3K/norm/layer21_pre_attn_srcshape_1_1_256_32_dtype_BFLOAT16_layout_ROW_MAJOR_mapper_241585d9fe31_device_0.tensorbin
2026-09-03 00:18:08.959 | INFO     | tt_transformers.modules.lazy_weight:get_device_weight:120 - [32m[cache hit][0m Loading tensor from cache: /localdev/gwang/tt_transformers/model_cache/llama33_70b/T3K/norm/layer21_pre_attn_srcshape_1_1_256_32_dtype_BFLOAT16_layout_ROW_MAJOR_mapper_b82b244385ac_device_0.tensorbin
2026-09-03 00:18:08.960 | INFO     | tt_transformers.modules.lazy_weight:get_device_weight:120 - [32m[cache hit][0m Loading tensor from cache: /localdev/gwang/tt_transformers/model_cache/llama33_70b/T3K/attn/layer21_wqkv_srcshape_1_1_8192_10240_dtype_BFLOAT8_B_layout_TILE_memcfg_663972112453010226_mapper_660f4331f0f0_device_0.tensorbin
2026-09-03 00:18:08.965 | INFO     | tt_transformers.modules.lazy_weight:get_device_weight:120 - [32m[cache hit][0m Loading tensor from cache: /localdev/gwang/tt_transformers/model_cache/llama33_70b/T3K/attn/layer21_wo_srcshape_1_1_8192_8192_dtype_BFLOAT8_B_layout_TILE_mapper_660f4331f0f0_device_0.tensorbin
2026-09-03 00:18:08.971 | INFO     | tt_transformers.modules.lazy_weight:get_device_weight:120 - [32m[cache hit][0m Loading tensor from cache: /localdev/gwang/tt_transformers/model_cache/llama33_70b/T3K/norm/layer21_post_attn_srcshape_1_1_256_32_dtype_BFLOAT16_layout_ROW_MAJOR_mapper_241585d9fe31_device_0.tensorbin
2026-09-03 00:18:08.972 | INFO     | tt_transformers.modules.lazy_weight:get_device_weight:120 - [32m[cache hit][0m Loading tensor from cache: /localdev/gwang/tt_transformers/model_cache/llama33_70b/T3K/norm/layer21_post_attn_srcshape_1_1_256_32_dtype_BFLOAT16_layout_ROW_MAJOR_mapper_b82b244385ac_device_0.tensorbin
2026-09-03 00:18:08.972 | INFO     | tt_transformers.modules.lazy_weight:get_device_weight:120 - [32m[cache hit][0m Loading tensor from cache: /localdev/gwang/tt_transformers/model_cache/llama33_70b/T3K/mlp/layer21_w1_srcshape_8192_28672_dtype_BFLOAT8_B_layout_TILE_memcfg_1786057467681592545_mapper_660f4331f0f0_device_0.tensorbin
2026-09-03 00:18:08.987 | INFO     | tt_transformers.modules.lazy_weight:get_device_weight:120 - [32m[cache hit][0m Loading tensor from cache: /localdev/gwang/tt_transformers/model_cache/llama33_70b/T3K/mlp/layer21_w2_srcshape_28672_8192_dtype_BFLOAT8_B_layout_TILE_memcfg_906506041791331912_mapper_0cdd7bdaff6f_device_0.tensorbin
2026-09-03 00:18:09.000 | INFO     | tt_transformers.modules.lazy_weight:get_device_weight:120 - [32m[cache hit][0m Loading tensor from cache: /localdev/gwang/tt_transformers/model_cache/llama33_70b/T3K/mlp/layer21_w3_srcshape_8192_28672_dtype_BFLOAT8_B_layout_TILE_memcfg_1786057467681592545_mapper_660f4331f0f0_device_0.tensorbin
2026-09-03 00:18:09.013 | INFO     | tt_transformers.modules.lazy_weight:get_device_weight:120 - [32m[cache hit][0m Loading tensor from cache: /localdev/gwang/tt_transformers/model_cache/llama33_70b/T3K/norm/layer22_pre_attn_srcshape_1_1_256_32_dtype_BFLOAT16_layout_ROW_MAJOR_mapper_241585d9fe31_device_0.tensorbin
2026-09-03 00:18:09.014 | INFO     | tt_transformers.modules.lazy_weight:get_device_weight:120 - [32m[cache hit][0m Loading tensor from cache: /localdev/gwang/tt_transformers/model_cache/llama33_70b/T3K/norm/layer22_pre_attn_srcshape_1_1_256_32_dtype_BFLOAT16_layout_ROW_MAJOR_mapper_b82b244385ac_device_0.tensorbin
2026-09-03 00:18:09.015 | INFO     | tt_transformers.modules.lazy_weight:get_device_weight:120 - [32m[cache hit][0m Loading tensor from cache: /localdev/gwang/tt_transformers/model_cache/llama33_70b/T3K/attn/layer22_wqkv_srcshape_1_1_8192_10240_dtype_BFLOAT8_B_layout_TILE_memcfg_663972112453010226_mapper_660f4331f0f0_device_0.tensorbin
2026-09-03 00:18:09.021 | INFO     | tt_transformers.modules.lazy_weight:get_device_weight:120 - [32m[cache hit][0m Loading tensor from cache: /localdev/gwang/tt_transformers/model_cache/llama33_70b/T3K/attn/layer22_wo_srcshape_1_1_8192_8192_dtype_BFLOAT8_B_layout_TILE_mapper_660f4331f0f0_device_0.tensorbin
2026-09-03 00:18:09.026 | INFO     | tt_transformers.modules.lazy_weight:get_device_weight:120 - [32m[cache hit][0m Loading tensor from cache: /localdev/gwang/tt_transformers/model_cache/llama33_70b/T3K/norm/layer22_post_attn_srcshape_1_1_256_32_dtype_BFLOAT16_layout_ROW_MAJOR_mapper_241585d9fe31_device_0.tensorbin
2026-09-03 00:18:09.027 | INFO     | tt_transformers.modules.lazy_weight:get_device_weight:120 - [32m[cache hit][0m Loading tensor from cache: /localdev/gwang/tt_transformers/model_cache/llama33_70b/T3K/norm/layer22_post_attn_srcshape_1_1_256_32_dtype_BFLOAT16_layout_ROW_MAJOR_mapper_b82b244385ac_device_0.tensorbin
2026-09-03 00:18:09.028 | INFO     | tt_transformers.modules.lazy_weight:get_device_weight:120 - [32m[cache hit][0m Loading tensor from cache: /localdev/gwang/tt_transformers/model_cache/llama33_70b/T3K/mlp/layer22_w1_srcshape_8192_28672_dtype_BFLOAT8_B_layout_TILE_memcfg_1786057467681592545_mapper_660f4331f0f0_device_0.tensorbin
2026-09-03 00:18:09.041 | INFO     | tt_transformers.modules.lazy_weight:get_device_weight:120 - [32m[cache hit][0m Loading tensor from cache: /localdev/gwang/tt_transformers/model_cache/llama33_70b/T3K/mlp/layer22_w2_srcshape_28672_8192_dtype_BFLOAT8_B_layout_TILE_memcfg_906506041791331912_mapper_0cdd7bdaff6f_device_0.tensorbin
2026-09-03 00:18:09.056 | INFO     | tt_transformers.modules.lazy_weight:get_device_weight:120 - [32m[cache hit][0m Loading tensor from cache: /localdev/gwang/tt_transformers/model_cache/llama33_70b/T3K/mlp/layer22_w3_srcshape_8192_28672_dtype_BFLOAT8_B_layout_TILE_memcfg_1786057467681592545_mapper_660f4331f0f0_device_0.tensorbin
2026-09-03 00:18:09.071 | INFO     | tt_transformers.modules.lazy_weight:get_device_weight:120 - [32m[cache hit][0m Loading tensor from cache: /localdev/gwang/tt_transformers/model_cache/llama33_70b/T3K/norm/layer23_pre_attn_srcshape_1_1_256_32_dtype_BFLOAT16_layout_ROW_MAJOR_mapper_241585d9fe31_device_0.tensorbin
2026-09-03 00:18:09.072 | INFO     | tt_transformers.modules.lazy_weight:get_device_weight:120 - [32m[cache hit][0m Loading tensor from cache: /localdev/gwang/tt_transformers/model_cache/llama33_70b/T3K/norm/layer23_pre_attn_srcshape_1_1_256_32_dtype_BFLOAT16_layout_ROW_MAJOR_mapper_b82b244385ac_device_0.tensorbin
2026-09-03 00:18:09.073 | INFO     | tt_transformers.modules.lazy_weight:get_device_weight:120 - [32m[cache hit][0m Loading tensor from cache: /localdev/gwang/tt_transformers/model_cache/llama33_70b/T3K/attn/layer23_wqkv_srcshape_1_1_8192_10240_dtype_BFLOAT8_B_layout_TILE_memcfg_663972112453010226_mapper_660f4331f0f0_device_0.tensorbin
2026-09-03 00:18:09.078 | INFO     | tt_transformers.modules.lazy_weight:get_device_weight:120 - [32m[cache hit][0m Loading tensor from cache: /localdev/gwang/tt_transformers/model_cache/llama33_70b/T3K/attn/layer23_wo_srcshape_1_1_8192_8192_dtype_BFLOAT8_B_layout_TILE_mapper_660f4331f0f0_device_0.tensorbin
2026-09-03 00:18:09.083 | INFO     | tt_transformers.modules.lazy_weight:get_device_weight:120 - [32m[cache hit][0m Loading tensor from cache: /localdev/gwang/tt_transformers/model_cache/llama33_70b/T3K/norm/layer23_post_attn_srcshape_1_1_256_32_dtype_BFLOAT16_layout_ROW_MAJOR_mapper_241585d9fe31_device_0.tensorbin
2026-09-03 00:18:09.084 | INFO     | tt_transformers.modules.lazy_weight:get_device_weight:120 - [32m[cache hit][0m Loading tensor from cache: /localdev/gwang/tt_transformers/model_cache/llama33_70b/T3K/norm/layer23_post_attn_srcshape_1_1_256_32_dtype_BFLOAT16_layout_ROW_MAJOR_mapper_b82b244385ac_device_0.tensorbin
2026-09-03 00:18:09.085 | INFO     | tt_transformers.modules.lazy_weight:get_device_weight:120 - [32m[cache hit][0m Loading tensor from cache: /localdev/gwang/tt_transformers/model_cache/llama33_70b/T3K/mlp/layer23_w1_srcshape_8192_28672_dtype_BFLOAT8_B_layout_TILE_memcfg_1786057467681592545_mapper_660f4331f0f0_device_0.tensorbin
2026-09-03 00:18:09.099 | INFO     | tt_transformers.modules.lazy_weight:get_device_weight:120 - [32m[cache hit][0m Loading tensor from cache: /localdev/gwang/tt_transformers/model_cache/llama33_70b/T3K/mlp/layer23_w2_srcshape_28672_8192_dtype_BFLOAT8_B_layout_TILE_memcfg_906506041791331912_mapper_0cdd7bdaff6f_device_0.tensorbin
2026-09-03 00:18:09.111 | INFO     | tt_transformers.modules.lazy_weight:get_device_weight:120 - [32m[cache hit][0m Loading tensor from cache: /localdev/gwang/tt_transformers/model_cache/llama33_70b/T3K/mlp/layer23_w3_srcshape_8192_28672_dtype_BFLOAT8_B_layout_TILE_memcfg_1786057467681592545_mapper_660f4331f0f0_device_0.tensorbin
2026-09-03 00:18:09.126 | INFO     | tt_transformers.modules.lazy_weight:get_device_weight:120 - [32m[cache hit][0m Loading tensor from cache: /localdev/gwang/tt_transformers/model_cache/llama33_70b/T3K/norm/layer24_pre_attn_srcshape_1_1_256_32_dtype_BFLOAT16_layout_ROW_MAJOR_mapper_241585d9fe31_device_0.tensorbin
2026-09-03 00:18:09.127 | INFO     | tt_transformers.modules.lazy_weight:get_device_weight:120 - [32m[cache hit][0m Loading tensor from cache: /localdev/gwang/tt_transformers/model_cache/llama33_70b/T3K/norm/layer24_pre_attn_srcshape_1_1_256_32_dtype_BFLOAT16_layout_ROW_MAJOR_mapper_b82b244385ac_device_0.tensorbin
2026-09-03 00:18:09.128 | INFO     | tt_transformers.modules.lazy_weight:get_device_weight:120 - [32m[cache hit][0m Loading tensor from cache: /localdev/gwang/tt_transformers/model_cache/llama33_70b/T3K/attn/layer24_wqkv_srcshape_1_1_8192_10240_dtype_BFLOAT8_B_layout_TILE_memcfg_663972112453010226_mapper_660f4331f0f0_device_0.tensorbin
2026-09-03 00:18:09.133 | INFO     | tt_transformers.modules.lazy_weight:get_device_weight:120 - [32m[cache hit][0m Loading tensor from cache: /localdev/gwang/tt_transformers/model_cache/llama33_70b/T3K/attn/layer24_wo_srcshape_1_1_8192_8192_dtype_BFLOAT8_B_layout_TILE_mapper_660f4331f0f0_device_0.tensorbin
2026-09-03 00:18:09.139 | INFO     | tt_transformers.modules.lazy_weight:get_device_weight:120 - [32m[cache hit][0m Loading tensor from cache: /localdev/gwang/tt_transformers/model_cache/llama33_70b/T3K/norm/layer24_post_attn_srcshape_1_1_256_32_dtype_BFLOAT16_layout_ROW_MAJOR_mapper_241585d9fe31_device_0.tensorbin
2026-09-03 00:18:09.139 | INFO     | tt_transformers.modules.lazy_weight:get_device_weight:120 - [32m[cache hit][0m Loading tensor from cache: /localdev/gwang/tt_transformers/model_cache/llama33_70b/T3K/norm/layer24_post_attn_srcshape_1_1_256_32_dtype_BFLOAT16_layout_ROW_MAJOR_mapper_b82b244385ac_device_0.tensorbin
2026-09-03 00:18:09.140 | INFO     | tt_transformers.modules.lazy_weight:get_device_weight:120 - [32m[cache hit][0m Loading tensor from cache: /localdev/gwang/tt_transformers/model_cache/llama33_70b/T3K/mlp/layer24_w1_srcshape_8192_28672_dtype_BFLOAT8_B_layout_TILE_memcfg_1786057467681592545_mapper_660f4331f0f0_device_0.tensorbin
2026-09-03 00:18:09.153 | INFO     | tt_transformers.modules.lazy_weight:get_device_weight:120 - [32m[cache hit][0m Loading tensor from cache: /localdev/gwang/tt_transformers/model_cache/llama33_70b/T3K/mlp/layer24_w2_srcshape_28672_8192_dtype_BFLOAT8_B_layout_TILE_memcfg_906506041791331912_mapper_0cdd7bdaff6f_device_0.tensorbin
2026-09-03 00:18:09.166 | INFO     | tt_transformers.modules.lazy_weight:get_device_weight:120 - [32m[cache hit][0m Loading tensor from cache: /localdev/gwang/tt_transformers/model_cache/llama33_70b/T3K/mlp/layer24_w3_srcshape_8192_28672_dtype_BFLOAT8_B_layout_TILE_memcfg_1786057467681592545_mapper_660f4331f0f0_device_0.tensorbin
2026-09-03 00:18:09.180 | INFO     | tt_transformers.modules.lazy_weight:get_device_weight:120 - [32m[cache hit][0m Loading tensor from cache: /localdev/gwang/tt_transformers/model_cache/llama33_70b/T3K/norm/layer25_pre_attn_srcshape_1_1_256_32_dtype_BFLOAT16_layout_ROW_MAJOR_mapper_241585d9fe31_device_0.tensorbin
2026-09-03 00:18:09.181 | INFO     | tt_transformers.modules.lazy_weight:get_device_weight:120 - [32m[cache hit][0m Loading tensor from cache: /localdev/gwang/tt_transformers/model_cache/llama33_70b/T3K/norm/layer25_pre_attn_srcshape_1_1_256_32_dtype_BFLOAT16_layout_ROW_MAJOR_mapper_b82b244385ac_device_0.tensorbin
2026-09-03 00:18:09.182 | INFO     | tt_transformers.modules.lazy_weight:get_device_weight:120 - [32m[cache hit][0m Loading tensor from cache: /localdev/gwang/tt_transformers/model_cache/llama33_70b/T3K/attn/layer25_wqkv_srcshape_1_1_8192_10240_dtype_BFLOAT8_B_layout_TILE_memcfg_663972112453010226_mapper_660f4331f0f0_device_0.tensorbin
2026-09-03 00:18:09.187 | INFO     | tt_transformers.modules.lazy_weight:get_device_weight:120 - [32m[cache hit][0m Loading tensor from cache: /localdev/gwang/tt_transformers/model_cache/llama33_70b/T3K/attn/layer25_wo_srcshape_1_1_8192_8192_dtype_BFLOAT8_B_layout_TILE_mapper_660f4331f0f0_device_0.tensorbin
2026-09-03 00:18:09.192 | INFO     | tt_transformers.modules.lazy_weight:get_device_weight:120 - [32m[cache hit][0m Loading tensor from cache: /localdev/gwang/tt_transformers/model_cache/llama33_70b/T3K/norm/layer25_post_attn_srcshape_1_1_256_32_dtype_BFLOAT16_layout_ROW_MAJOR_mapper_241585d9fe31_device_0.tensorbin
2026-09-03 00:18:09.193 | INFO     | tt_transformers.modules.lazy_weight:get_device_weight:120 - [32m[cache hit][0m Loading tensor from cache: /localdev/gwang/tt_transformers/model_cache/llama33_70b/T3K/norm/layer25_post_attn_srcshape_1_1_256_32_dtype_BFLOAT16_layout_ROW_MAJOR_mapper_b82b244385ac_device_0.tensorbin
2026-09-03 00:18:09.194 | INFO     | tt_transformers.modules.lazy_weight:get_device_weight:120 - [32m[cache hit][0m Loading tensor from cache: /localdev/gwang/tt_transformers/model_cache/llama33_70b/T3K/mlp/layer25_w1_srcshape_8192_28672_dtype_BFLOAT8_B_layout_TILE_memcfg_1786057467681592545_mapper_660f4331f0f0_device_0.tensorbin
2026-09-03 00:18:09.205 | INFO     | tt_transformers.modules.lazy_weight:get_device_weight:120 - [32m[cache hit][0m Loading tensor from cache: /localdev/gwang/tt_transformers/model_cache/llama33_70b/T3K/mlp/layer25_w2_srcshape_28672_8192_dtype_BFLOAT8_B_layout_TILE_memcfg_906506041791331912_mapper_0cdd7bdaff6f_device_0.tensorbin
2026-09-03 00:18:09.218 | INFO     | tt_transformers.modules.lazy_weight:get_device_weight:120 - [32m[cache hit][0m Loading tensor from cache: /localdev/gwang/tt_transformers/model_cache/llama33_70b/T3K/mlp/layer25_w3_srcshape_8192_28672_dtype_BFLOAT8_B_layout_TILE_memcfg_1786057467681592545_mapper_660f4331f0f0_device_0.tensorbin
2026-09-03 00:18:09.230 | INFO     | tt_transformers.modules.lazy_weight:get_device_weight:120 - [32m[cache hit][0m Loading tensor from cache: /localdev/gwang/tt_transformers/model_cache/llama33_70b/T3K/norm/layer26_pre_attn_srcshape_1_1_256_32_dtype_BFLOAT16_layout_ROW_MAJOR_mapper_241585d9fe31_device_0.tensorbin
2026-09-03 00:18:09.231 | INFO     | tt_transformers.modules.lazy_weight:get_device_weight:120 - [32m[cache hit][0m Loading tensor from cache: /localdev/gwang/tt_transformers/model_cache/llama33_70b/T3K/norm/layer26_pre_attn_srcshape_1_1_256_32_dtype_BFLOAT16_layout_ROW_MAJOR_mapper_b82b244385ac_device_0.tensorbin
2026-09-03 00:18:09.232 | INFO     | tt_transformers.modules.lazy_weight:get_device_weight:120 - [32m[cache hit][0m Loading tensor from cache: /localdev/gwang/tt_transformers/model_cache/llama33_70b/T3K/attn/layer26_wqkv_srcshape_1_1_8192_10240_dtype_BFLOAT8_B_layout_TILE_memcfg_663972112453010226_mapper_660f4331f0f0_device_0.tensorbin
2026-09-03 00:18:09.237 | INFO     | tt_transformers.modules.lazy_weight:get_device_weight:120 - [32m[cache hit][0m Loading tensor from cache: /localdev/gwang/tt_transformers/model_cache/llama33_70b/T3K/attn/layer26_wo_srcshape_1_1_8192_8192_dtype_BFLOAT8_B_layout_TILE_mapper_660f4331f0f0_device_0.tensorbin
2026-09-03 00:18:09.245 | INFO     | tt_transformers.modules.lazy_weight:get_device_weight:120 - [32m[cache hit][0m Loading tensor from cache: /localdev/gwang/tt_transformers/model_cache/llama33_70b/T3K/norm/layer26_post_attn_srcshape_1_1_256_32_dtype_BFLOAT16_layout_ROW_MAJOR_mapper_241585d9fe31_device_0.tensorbin
2026-09-03 00:18:09.245 | INFO     | tt_transformers.modules.lazy_weight:get_device_weight:120 - [32m[cache hit][0m Loading tensor from cache: /localdev/gwang/tt_transformers/model_cache/llama33_70b/T3K/norm/layer26_post_attn_srcshape_1_1_256_32_dtype_BFLOAT16_layout_ROW_MAJOR_mapper_b82b244385ac_device_0.tensorbin
2026-09-03 00:18:09.246 | INFO     | tt_transformers.modules.lazy_weight:get_device_weight:120 - [32m[cache hit][0m Loading tensor from cache: /localdev/gwang/tt_transformers/model_cache/llama33_70b/T3K/mlp/layer26_w1_srcshape_8192_28672_dtype_BFLOAT8_B_layout_TILE_memcfg_1786057467681592545_mapper_660f4331f0f0_device_0.tensorbin
2026-09-03 00:18:09.257 | INFO     | tt_transformers.modules.lazy_weight:get_device_weight:120 - [32m[cache hit][0m Loading tensor from cache: /localdev/gwang/tt_transformers/model_cache/llama33_70b/T3K/mlp/layer26_w2_srcshape_28672_8192_dtype_BFLOAT8_B_layout_TILE_memcfg_906506041791331912_mapper_0cdd7bdaff6f_device_0.tensorbin
2026-09-03 00:18:09.272 | INFO     | tt_transformers.modules.lazy_weight:get_device_weight:120 - [32m[cache hit][0m Loading tensor from cache: /localdev/gwang/tt_transformers/model_cache/llama33_70b/T3K/mlp/layer26_w3_srcshape_8192_28672_dtype_BFLOAT8_B_layout_TILE_memcfg_1786057467681592545_mapper_660f4331f0f0_device_0.tensorbin
2026-09-03 00:18:09.285 | INFO     | tt_transformers.modules.lazy_weight:get_device_weight:120 - [32m[cache hit][0m Loading tensor from cache: /localdev/gwang/tt_transformers/model_cache/llama33_70b/T3K/norm/layer27_pre_attn_srcshape_1_1_256_32_dtype_BFLOAT16_layout_ROW_MAJOR_mapper_241585d9fe31_device_0.tensorbin
2026-09-03 00:18:09.286 | INFO     | tt_transformers.modules.lazy_weight:get_device_weight:120 - [32m[cache hit][0m Loading tensor from cache: /localdev/gwang/tt_transformers/model_cache/llama33_70b/T3K/norm/layer27_pre_attn_srcshape_1_1_256_32_dtype_BFLOAT16_layout_ROW_MAJOR_mapper_b82b244385ac_device_0.tensorbin
2026-09-03 00:18:09.287 | INFO     | tt_transformers.modules.lazy_weight:get_device_weight:120 - [32m[cache hit][0m Loading tensor from cache: /localdev/gwang/tt_transformers/model_cache/llama33_70b/T3K/attn/layer27_wqkv_srcshape_1_1_8192_10240_dtype_BFLOAT8_B_layout_TILE_memcfg_663972112453010226_mapper_660f4331f0f0_device_0.tensorbin
2026-09-03 00:18:09.292 | INFO     | tt_transformers.modules.lazy_weight:get_device_weight:120 - [32m[cache hit][0m Loading tensor from cache: /localdev/gwang/tt_transformers/model_cache/llama33_70b/T3K/attn/layer27_wo_srcshape_1_1_8192_8192_dtype_BFLOAT8_B_layout_TILE_mapper_660f4331f0f0_device_0.tensorbin
2026-09-03 00:18:09.298 | INFO     | tt_transformers.modules.lazy_weight:get_device_weight:120 - [32m[cache hit][0m Loading tensor from cache: /localdev/gwang/tt_transformers/model_cache/llama33_70b/T3K/norm/layer27_post_attn_srcshape_1_1_256_32_dtype_BFLOAT16_layout_ROW_MAJOR_mapper_241585d9fe31_device_0.tensorbin
2026-09-03 00:18:09.298 | INFO     | tt_transformers.modules.lazy_weight:get_device_weight:120 - [32m[cache hit][0m Loading tensor from cache: /localdev/gwang/tt_transformers/model_cache/llama33_70b/T3K/norm/layer27_post_attn_srcshape_1_1_256_32_dtype_BFLOAT16_layout_ROW_MAJOR_mapper_b82b244385ac_device_0.tensorbin
2026-09-03 00:18:09.299 | INFO     | tt_transformers.modules.lazy_weight:get_device_weight:120 - [32m[cache hit][0m Loading tensor from cache: /localdev/gwang/tt_transformers/model_cache/llama33_70b/T3K/mlp/layer27_w1_srcshape_8192_28672_dtype_BFLOAT8_B_layout_TILE_memcfg_1786057467681592545_mapper_660f4331f0f0_device_0.tensorbin
2026-09-03 00:18:09.314 | INFO     | tt_transformers.modules.lazy_weight:get_device_weight:120 - [32m[cache hit][0m Loading tensor from cache: /localdev/gwang/tt_transformers/model_cache/llama33_70b/T3K/mlp/layer27_w2_srcshape_28672_8192_dtype_BFLOAT8_B_layout_TILE_memcfg_906506041791331912_mapper_0cdd7bdaff6f_device_0.tensorbin
2026-09-03 00:18:09.328 | INFO     | tt_transformers.modules.lazy_weight:get_device_weight:120 - [32m[cache hit][0m Loading tensor from cache: /localdev/gwang/tt_transformers/model_cache/llama33_70b/T3K/mlp/layer27_w3_srcshape_8192_28672_dtype_BFLOAT8_B_layout_TILE_memcfg_1786057467681592545_mapper_660f4331f0f0_device_0.tensorbin
2026-09-03 00:18:09.346 | INFO     | tt_transformers.modules.lazy_weight:get_device_weight:120 - [32m[cache hit][0m Loading tensor from cache: /localdev/gwang/tt_transformers/model_cache/llama33_70b/T3K/norm/layer28_pre_attn_srcshape_1_1_256_32_dtype_BFLOAT16_layout_ROW_MAJOR_mapper_241585d9fe31_device_0.tensorbin
2026-09-03 00:18:09.346 | INFO     | tt_transformers.modules.lazy_weight:get_device_weight:120 - [32m[cache hit][0m Loading tensor from cache: /localdev/gwang/tt_transformers/model_cache/llama33_70b/T3K/norm/layer28_pre_attn_srcshape_1_1_256_32_dtype_BFLOAT16_layout_ROW_MAJOR_mapper_b82b244385ac_device_0.tensorbin
2026-09-03 00:18:09.347 | INFO     | tt_transformers.modules.lazy_weight:get_device_weight:120 - [32m[cache hit][0m Loading tensor from cache: /localdev/gwang/tt_transformers/model_cache/llama33_70b/T3K/attn/layer28_wqkv_srcshape_1_1_8192_10240_dtype_BFLOAT8_B_layout_TILE_memcfg_663972112453010226_mapper_660f4331f0f0_device_0.tensorbin
2026-09-03 00:18:09.352 | INFO     | tt_transformers.modules.lazy_weight:get_device_weight:120 - [32m[cache hit][0m Loading tensor from cache: /localdev/gwang/tt_transformers/model_cache/llama33_70b/T3K/attn/layer28_wo_srcshape_1_1_8192_8192_dtype_BFLOAT8_B_layout_TILE_mapper_660f4331f0f0_device_0.tensorbin
2026-09-03 00:18:09.358 | INFO     | tt_transformers.modules.lazy_weight:get_device_weight:120 - [32m[cache hit][0m Loading tensor from cache: /localdev/gwang/tt_transformers/model_cache/llama33_70b/T3K/norm/layer28_post_attn_srcshape_1_1_256_32_dtype_BFLOAT16_layout_ROW_MAJOR_mapper_241585d9fe31_device_0.tensorbin
2026-09-03 00:18:09.358 | INFO     | tt_transformers.modules.lazy_weight:get_device_weight:120 - [32m[cache hit][0m Loading tensor from cache: /localdev/gwang/tt_transformers/model_cache/llama33_70b/T3K/norm/layer28_post_attn_srcshape_1_1_256_32_dtype_BFLOAT16_layout_ROW_MAJOR_mapper_b82b244385ac_device_0.tensorbin
2026-09-03 00:18:09.359 | INFO     | tt_transformers.modules.lazy_weight:get_device_weight:120 - [32m[cache hit][0m Loading tensor from cache: /localdev/gwang/tt_transformers/model_cache/llama33_70b/T3K/mlp/layer28_w1_srcshape_8192_28672_dtype_BFLOAT8_B_layout_TILE_memcfg_1786057467681592545_mapper_660f4331f0f0_device_0.tensorbin
2026-09-03 00:18:09.373 | INFO     | tt_transformers.modules.lazy_weight:get_device_weight:120 - [32m[cache hit][0m Loading tensor from cache: /localdev/gwang/tt_transformers/model_cache/llama33_70b/T3K/mlp/layer28_w2_srcshape_28672_8192_dtype_BFLOAT8_B_layout_TILE_memcfg_906506041791331912_mapper_0cdd7bdaff6f_device_0.tensorbin
2026-09-03 00:18:09.389 | INFO     | tt_transformers.modules.lazy_weight:get_device_weight:120 - [32m[cache hit][0m Loading tensor from cache: /localdev/gwang/tt_transformers/model_cache/llama33_70b/T3K/mlp/layer28_w3_srcshape_8192_28672_dtype_BFLOAT8_B_layout_TILE_memcfg_1786057467681592545_mapper_660f4331f0f0_device_0.tensorbin
2026-09-03 00:18:09.403 | INFO     | tt_transformers.modules.lazy_weight:get_device_weight:120 - [32m[cache hit][0m Loading tensor from cache: /localdev/gwang/tt_transformers/model_cache/llama33_70b/T3K/norm/layer29_pre_attn_srcshape_1_1_256_32_dtype_BFLOAT16_layout_ROW_MAJOR_mapper_241585d9fe31_device_0.tensorbin
2026-09-03 00:18:09.404 | INFO     | tt_transformers.modules.lazy_weight:get_device_weight:120 - [32m[cache hit][0m Loading tensor from cache: /localdev/gwang/tt_transformers/model_cache/llama33_70b/T3K/norm/layer29_pre_attn_srcshape_1_1_256_32_dtype_BFLOAT16_layout_ROW_MAJOR_mapper_b82b244385ac_device_0.tensorbin
2026-09-03 00:18:09.405 | INFO     | tt_transformers.modules.lazy_weight:get_device_weight:120 - [32m[cache hit][0m Loading tensor from cache: /localdev/gwang/tt_transformers/model_cache/llama33_70b/T3K/attn/layer29_wqkv_srcshape_1_1_8192_10240_dtype_BFLOAT8_B_layout_TILE_memcfg_663972112453010226_mapper_660f4331f0f0_device_0.tensorbin
2026-09-03 00:18:09.410 | INFO     | tt_transformers.modules.lazy_weight:get_device_weight:120 - [32m[cache hit][0m Loading tensor from cache: /localdev/gwang/tt_transformers/model_cache/llama33_70b/T3K/attn/layer29_wo_srcshape_1_1_8192_8192_dtype_BFLOAT8_B_layout_TILE_mapper_660f4331f0f0_device_0.tensorbin
2026-09-03 00:18:09.416 | INFO     | tt_transformers.modules.lazy_weight:get_device_weight:120 - [32m[cache hit][0m Loading tensor from cache: /localdev/gwang/tt_transformers/model_cache/llama33_70b/T3K/norm/layer29_post_attn_srcshape_1_1_256_32_dtype_BFLOAT16_layout_ROW_MAJOR_mapper_241585d9fe31_device_0.tensorbin
2026-09-03 00:18:09.416 | INFO     | tt_transformers.modules.lazy_weight:get_device_weight:120 - [32m[cache hit][0m Loading tensor from cache: /localdev/gwang/tt_transformers/model_cache/llama33_70b/T3K/norm/layer29_post_attn_srcshape_1_1_256_32_dtype_BFLOAT16_layout_ROW_MAJOR_mapper_b82b244385ac_device_0.tensorbin
2026-09-03 00:18:09.417 | INFO     | tt_transformers.modules.lazy_weight:get_device_weight:120 - [32m[cache hit][0m Loading tensor from cache: /localdev/gwang/tt_transformers/model_cache/llama33_70b/T3K/mlp/layer29_w1_srcshape_8192_28672_dtype_BFLOAT8_B_layout_TILE_memcfg_1786057467681592545_mapper_660f4331f0f0_device_0.tensorbin
2026-09-03 00:18:09.429 | INFO     | tt_transformers.modules.lazy_weight:get_device_weight:120 - [32m[cache hit][0m Loading tensor from cache: /localdev/gwang/tt_transformers/model_cache/llama33_70b/T3K/mlp/layer29_w2_srcshape_28672_8192_dtype_BFLOAT8_B_layout_TILE_memcfg_906506041791331912_mapper_0cdd7bdaff6f_device_0.tensorbin
2026-09-03 00:18:09.443 | INFO     | tt_transformers.modules.lazy_weight:get_device_weight:120 - [32m[cache hit][0m Loading tensor from cache: /localdev/gwang/tt_transformers/model_cache/llama33_70b/T3K/mlp/layer29_w3_srcshape_8192_28672_dtype_BFLOAT8_B_layout_TILE_memcfg_1786057467681592545_mapper_660f4331f0f0_device_0.tensorbin
2026-09-03 00:18:09.457 | INFO     | tt_transformers.modules.lazy_weight:get_device_weight:120 - [32m[cache hit][0m Loading tensor from cache: /localdev/gwang/tt_transformers/model_cache/llama33_70b/T3K/norm/layer30_pre_attn_srcshape_1_1_256_32_dtype_BFLOAT16_layout_ROW_MAJOR_mapper_241585d9fe31_device_0.tensorbin
2026-09-03 00:18:09.457 | INFO     | tt_transformers.modules.lazy_weight:get_device_weight:120 - [32m[cache hit][0m Loading tensor from cache: /localdev/gwang/tt_transformers/model_cache/llama33_70b/T3K/norm/layer30_pre_attn_srcshape_1_1_256_32_dtype_BFLOAT16_layout_ROW_MAJOR_mapper_b82b244385ac_device_0.tensorbin
2026-09-03 00:18:09.458 | INFO     | tt_transformers.modules.lazy_weight:get_device_weight:120 - [32m[cache hit][0m Loading tensor from cache: /localdev/gwang/tt_transformers/model_cache/llama33_70b/T3K/attn/layer30_wqkv_srcshape_1_1_8192_10240_dtype_BFLOAT8_B_layout_TILE_memcfg_663972112453010226_mapper_660f4331f0f0_device_0.tensorbin
2026-09-03 00:18:09.464 | INFO     | tt_transformers.modules.lazy_weight:get_device_weight:120 - [32m[cache hit][0m Loading tensor from cache: /localdev/gwang/tt_transformers/model_cache/llama33_70b/T3K/attn/layer30_wo_srcshape_1_1_8192_8192_dtype_BFLOAT8_B_layout_TILE_mapper_660f4331f0f0_device_0.tensorbin
2026-09-03 00:18:09.469 | INFO     | tt_transformers.modules.lazy_weight:get_device_weight:120 - [32m[cache hit][0m Loading tensor from cache: /localdev/gwang/tt_transformers/model_cache/llama33_70b/T3K/norm/layer30_post_attn_srcshape_1_1_256_32_dtype_BFLOAT16_layout_ROW_MAJOR_mapper_241585d9fe31_device_0.tensorbin
2026-09-03 00:18:09.469 | INFO     | tt_transformers.modules.lazy_weight:get_device_weight:120 - [32m[cache hit][0m Loading tensor from cache: /localdev/gwang/tt_transformers/model_cache/llama33_70b/T3K/norm/layer30_post_attn_srcshape_1_1_256_32_dtype_BFLOAT16_layout_ROW_MAJOR_mapper_b82b244385ac_device_0.tensorbin
2026-09-03 00:18:09.471 | INFO     | tt_transformers.modules.lazy_weight:get_device_weight:120 - [32m[cache hit][0m Loading tensor from cache: /localdev/gwang/tt_transformers/model_cache/llama33_70b/T3K/mlp/layer30_w1_srcshape_8192_28672_dtype_BFLOAT8_B_layout_TILE_memcfg_1786057467681592545_mapper_660f4331f0f0_device_0.tensorbin
2026-09-03 00:18:09.485 | INFO     | tt_transformers.modules.lazy_weight:get_device_weight:120 - [32m[cache hit][0m Loading tensor from cache: /localdev/gwang/tt_transformers/model_cache/llama33_70b/T3K/mlp/layer30_w2_srcshape_28672_8192_dtype_BFLOAT8_B_layout_TILE_memcfg_906506041791331912_mapper_0cdd7bdaff6f_device_0.tensorbin
2026-09-03 00:18:09.499 | INFO     | tt_transformers.modules.lazy_weight:get_device_weight:120 - [32m[cache hit][0m Loading tensor from cache: /localdev/gwang/tt_transformers/model_cache/llama33_70b/T3K/mlp/layer30_w3_srcshape_8192_28672_dtype_BFLOAT8_B_layout_TILE_memcfg_1786057467681592545_mapper_660f4331f0f0_device_0.tensorbin
2026-09-03 00:18:09.514 | INFO     | tt_transformers.modules.lazy_weight:get_device_weight:120 - [32m[cache hit][0m Loading tensor from cache: /localdev/gwang/tt_transformers/model_cache/llama33_70b/T3K/norm/layer31_pre_attn_srcshape_1_1_256_32_dtype_BFLOAT16_layout_ROW_MAJOR_mapper_241585d9fe31_device_0.tensorbin
2026-09-03 00:18:09.514 | INFO     | tt_transformers.modules.lazy_weight:get_device_weight:120 - [32m[cache hit][0m Loading tensor from cache: /localdev/gwang/tt_transformers/model_cache/llama33_70b/T3K/norm/layer31_pre_attn_srcshape_1_1_256_32_dtype_BFLOAT16_layout_ROW_MAJOR_mapper_b82b244385ac_device_0.tensorbin
2026-09-03 00:18:09.515 | INFO     | tt_transformers.modules.lazy_weight:get_device_weight:120 - [32m[cache hit][0m Loading tensor from cache: /localdev/gwang/tt_transformers/model_cache/llama33_70b/T3K/attn/layer31_wqkv_srcshape_1_1_8192_10240_dtype_BFLOAT8_B_layout_TILE_memcfg_663972112453010226_mapper_660f4331f0f0_device_0.tensorbin
2026-09-03 00:18:09.520 | INFO     | tt_transformers.modules.lazy_weight:get_device_weight:120 - [32m[cache hit][0m Loading tensor from cache: /localdev/gwang/tt_transformers/model_cache/llama33_70b/T3K/attn/layer31_wo_srcshape_1_1_8192_8192_dtype_BFLOAT8_B_layout_TILE_mapper_660f4331f0f0_device_0.tensorbin
2026-09-03 00:18:09.525 | INFO     | tt_transformers.modules.lazy_weight:get_device_weight:120 - [32m[cache hit][0m Loading tensor from cache: /localdev/gwang/tt_transformers/model_cache/llama33_70b/T3K/norm/layer31_post_attn_srcshape_1_1_256_32_dtype_BFLOAT16_layout_ROW_MAJOR_mapper_241585d9fe31_device_0.tensorbin
2026-09-03 00:18:09.526 | INFO     | tt_transformers.modules.lazy_weight:get_device_weight:120 - [32m[cache hit][0m Loading tensor from cache: /localdev/gwang/tt_transformers/model_cache/llama33_70b/T3K/norm/layer31_post_attn_srcshape_1_1_256_32_dtype_BFLOAT16_layout_ROW_MAJOR_mapper_b82b244385ac_device_0.tensorbin
2026-09-03 00:18:09.526 | INFO     | tt_transformers.modules.lazy_weight:get_device_weight:120 - [32m[cache hit][0m Loading tensor from cache: /localdev/gwang/tt_transformers/model_cache/llama33_70b/T3K/mlp/layer31_w1_srcshape_8192_28672_dtype_BFLOAT8_B_layout_TILE_memcfg_1786057467681592545_mapper_660f4331f0f0_device_0.tensorbin
2026-09-03 00:18:09.540 | INFO     | tt_transformers.modules.lazy_weight:get_device_weight:120 - [32m[cache hit][0m Loading tensor from cache: /localdev/gwang/tt_transformers/model_cache/llama33_70b/T3K/mlp/layer31_w2_srcshape_28672_8192_dtype_BFLOAT8_B_layout_TILE_memcfg_906506041791331912_mapper_0cdd7bdaff6f_device_0.tensorbin
2026-09-03 00:18:09.553 | INFO     | tt_transformers.modules.lazy_weight:get_device_weight:120 - [32m[cache hit][0m Loading tensor from cache: /localdev/gwang/tt_transformers/model_cache/llama33_70b/T3K/mlp/layer31_w3_srcshape_8192_28672_dtype_BFLOAT8_B_layout_TILE_memcfg_1786057467681592545_mapper_660f4331f0f0_device_0.tensorbin
2026-09-03 00:18:09.569 | INFO     | tt_transformers.modules.lazy_weight:get_device_weight:120 - [32m[cache hit][0m Loading tensor from cache: /localdev/gwang/tt_transformers/model_cache/llama33_70b/T3K/norm/layer32_pre_attn_srcshape_1_1_256_32_dtype_BFLOAT16_layout_ROW_MAJOR_mapper_241585d9fe31_device_0.tensorbin
2026-09-03 00:18:09.569 | INFO     | tt_transformers.modules.lazy_weight:get_device_weight:120 - [32m[cache hit][0m Loading tensor from cache: /localdev/gwang/tt_transformers/model_cache/llama33_70b/T3K/norm/layer32_pre_attn_srcshape_1_1_256_32_dtype_BFLOAT16_layout_ROW_MAJOR_mapper_b82b244385ac_device_0.tensorbin
2026-09-03 00:18:09.570 | INFO     | tt_transformers.modules.lazy_weight:get_device_weight:120 - [32m[cache hit][0m Loading tensor from cache: /localdev/gwang/tt_transformers/model_cache/llama33_70b/T3K/attn/layer32_wqkv_srcshape_1_1_8192_10240_dtype_BFLOAT8_B_layout_TILE_memcfg_663972112453010226_mapper_660f4331f0f0_device_0.tensorbin
2026-09-03 00:18:09.576 | INFO     | tt_transformers.modules.lazy_weight:get_device_weight:120 - [32m[cache hit][0m Loading tensor from cache: /localdev/gwang/tt_transformers/model_cache/llama33_70b/T3K/attn/layer32_wo_srcshape_1_1_8192_8192_dtype_BFLOAT8_B_layout_TILE_mapper_660f4331f0f0_device_0.tensorbin
2026-09-03 00:18:09.581 | INFO     | tt_transformers.modules.lazy_weight:get_device_weight:120 - [32m[cache hit][0m Loading tensor from cache: /localdev/gwang/tt_transformers/model_cache/llama33_70b/T3K/norm/layer32_post_attn_srcshape_1_1_256_32_dtype_BFLOAT16_layout_ROW_MAJOR_mapper_241585d9fe31_device_0.tensorbin
2026-09-03 00:18:09.581 | INFO     | tt_transformers.modules.lazy_weight:get_device_weight:120 - [32m[cache hit][0m Loading tensor from cache: /localdev/gwang/tt_transformers/model_cache/llama33_70b/T3K/norm/layer32_post_attn_srcshape_1_1_256_32_dtype_BFLOAT16_layout_ROW_MAJOR_mapper_b82b244385ac_device_0.tensorbin
2026-09-03 00:18:09.582 | INFO     | tt_transformers.modules.lazy_weight:get_device_weight:120 - [32m[cache hit][0m Loading tensor from cache: /localdev/gwang/tt_transformers/model_cache/llama33_70b/T3K/mlp/layer32_w1_srcshape_8192_28672_dtype_BFLOAT8_B_layout_TILE_memcfg_1786057467681592545_mapper_660f4331f0f0_device_0.tensorbin
2026-09-03 00:18:09.596 | INFO     | tt_transformers.modules.lazy_weight:get_device_weight:120 - [32m[cache hit][0m Loading tensor from cache: /localdev/gwang/tt_transformers/model_cache/llama33_70b/T3K/mlp/layer32_w2_srcshape_28672_8192_dtype_BFLOAT8_B_layout_TILE_memcfg_906506041791331912_mapper_0cdd7bdaff6f_device_0.tensorbin
2026-09-03 00:18:09.608 | INFO     | tt_transformers.modules.lazy_weight:get_device_weight:120 - [32m[cache hit][0m Loading tensor from cache: /localdev/gwang/tt_transformers/model_cache/llama33_70b/T3K/mlp/layer32_w3_srcshape_8192_28672_dtype_BFLOAT8_B_layout_TILE_memcfg_1786057467681592545_mapper_660f4331f0f0_device_0.tensorbin
2026-09-03 00:18:09.622 | INFO     | tt_transformers.modules.lazy_weight:get_device_weight:120 - [32m[cache hit][0m Loading tensor from cache: /localdev/gwang/tt_transformers/model_cache/llama33_70b/T3K/norm/layer33_pre_attn_srcshape_1_1_256_32_dtype_BFLOAT16_layout_ROW_MAJOR_mapper_241585d9fe31_device_0.tensorbin
2026-09-03 00:18:09.623 | INFO     | tt_transformers.modules.lazy_weight:get_device_weight:120 - [32m[cache hit][0m Loading tensor from cache: /localdev/gwang/tt_transformers/model_cache/llama33_70b/T3K/norm/layer33_pre_attn_srcshape_1_1_256_32_dtype_BFLOAT16_layout_ROW_MAJOR_mapper_b82b244385ac_device_0.tensorbin
2026-09-03 00:18:09.624 | INFO     | tt_transformers.modules.lazy_weight:get_device_weight:120 - [32m[cache hit][0m Loading tensor from cache: /localdev/gwang/tt_transformers/model_cache/llama33_70b/T3K/attn/layer33_wqkv_srcshape_1_1_8192_10240_dtype_BFLOAT8_B_layout_TILE_memcfg_663972112453010226_mapper_660f4331f0f0_device_0.tensorbin
2026-09-03 00:18:09.629 | INFO     | tt_transformers.modules.lazy_weight:get_device_weight:120 - [32m[cache hit][0m Loading tensor from cache: /localdev/gwang/tt_transformers/model_cache/llama33_70b/T3K/attn/layer33_wo_srcshape_1_1_8192_8192_dtype_BFLOAT8_B_layout_TILE_mapper_660f4331f0f0_device_0.tensorbin
2026-09-03 00:18:09.634 | INFO     | tt_transformers.modules.lazy_weight:get_device_weight:120 - [32m[cache hit][0m Loading tensor from cache: /localdev/gwang/tt_transformers/model_cache/llama33_70b/T3K/norm/layer33_post_attn_srcshape_1_1_256_32_dtype_BFLOAT16_layout_ROW_MAJOR_mapper_241585d9fe31_device_0.tensorbin
2026-09-03 00:18:09.635 | INFO     | tt_transformers.modules.lazy_weight:get_device_weight:120 - [32m[cache hit][0m Loading tensor from cache: /localdev/gwang/tt_transformers/model_cache/llama33_70b/T3K/norm/layer33_post_attn_srcshape_1_1_256_32_dtype_BFLOAT16_layout_ROW_MAJOR_mapper_b82b244385ac_device_0.tensorbin
2026-09-03 00:18:09.636 | INFO     | tt_transformers.modules.lazy_weight:get_device_weight:120 - [32m[cache hit][0m Loading tensor from cache: /localdev/gwang/tt_transformers/model_cache/llama33_70b/T3K/mlp/layer33_w1_srcshape_8192_28672_dtype_BFLOAT8_B_layout_TILE_memcfg_1786057467681592545_mapper_660f4331f0f0_device_0.tensorbin
2026-09-03 00:18:09.648 | INFO     | tt_transformers.modules.lazy_weight:get_device_weight:120 - [32m[cache hit][0m Loading tensor from cache: /localdev/gwang/tt_transformers/model_cache/llama33_70b/T3K/mlp/layer33_w2_srcshape_28672_8192_dtype_BFLOAT8_B_layout_TILE_memcfg_906506041791331912_mapper_0cdd7bdaff6f_device_0.tensorbin
2026-09-03 00:18:09.661 | INFO     | tt_transformers.modules.lazy_weight:get_device_weight:120 - [32m[cache hit][0m Loading tensor from cache: /localdev/gwang/tt_transformers/model_cache/llama33_70b/T3K/mlp/layer33_w3_srcshape_8192_28672_dtype_BFLOAT8_B_layout_TILE_memcfg_1786057467681592545_mapper_660f4331f0f0_device_0.tensorbin
2026-09-03 00:18:09.674 | INFO     | tt_transformers.modules.lazy_weight:get_device_weight:120 - [32m[cache hit][0m Loading tensor from cache: /localdev/gwang/tt_transformers/model_cache/llama33_70b/T3K/norm/layer34_pre_attn_srcshape_1_1_256_32_dtype_BFLOAT16_layout_ROW_MAJOR_mapper_241585d9fe31_device_0.tensorbin
2026-09-03 00:18:09.674 | INFO     | tt_transformers.modules.lazy_weight:get_device_weight:120 - [32m[cache hit][0m Loading tensor from cache: /localdev/gwang/tt_transformers/model_cache/llama33_70b/T3K/norm/layer34_pre_attn_srcshape_1_1_256_32_dtype_BFLOAT16_layout_ROW_MAJOR_mapper_b82b244385ac_device_0.tensorbin
2026-09-03 00:18:09.675 | INFO     | tt_transformers.modules.lazy_weight:get_device_weight:120 - [32m[cache hit][0m Loading tensor from cache: /localdev/gwang/tt_transformers/model_cache/llama33_70b/T3K/attn/layer34_wqkv_srcshape_1_1_8192_10240_dtype_BFLOAT8_B_layout_TILE_memcfg_663972112453010226_mapper_660f4331f0f0_device_0.tensorbin
2026-09-03 00:18:09.680 | INFO     | tt_transformers.modules.lazy_weight:get_device_weight:120 - [32m[cache hit][0m Loading tensor from cache: /localdev/gwang/tt_transformers/model_cache/llama33_70b/T3K/attn/layer34_wo_srcshape_1_1_8192_8192_dtype_BFLOAT8_B_layout_TILE_mapper_660f4331f0f0_device_0.tensorbin
2026-09-03 00:18:09.686 | INFO     | tt_transformers.modules.lazy_weight:get_device_weight:120 - [32m[cache hit][0m Loading tensor from cache: /localdev/gwang/tt_transformers/model_cache/llama33_70b/T3K/norm/layer34_post_attn_srcshape_1_1_256_32_dtype_BFLOAT16_layout_ROW_MAJOR_mapper_241585d9fe31_device_0.tensorbin
2026-09-03 00:18:09.686 | INFO     | tt_transformers.modules.lazy_weight:get_device_weight:120 - [32m[cache hit][0m Loading tensor from cache: /localdev/gwang/tt_transformers/model_cache/llama33_70b/T3K/norm/layer34_post_attn_srcshape_1_1_256_32_dtype_BFLOAT16_layout_ROW_MAJOR_mapper_b82b244385ac_device_0.tensorbin
2026-09-03 00:18:09.687 | INFO     | tt_transformers.modules.lazy_weight:get_device_weight:120 - [32m[cache hit][0m Loading tensor from cache: /localdev/gwang/tt_transformers/model_cache/llama33_70b/T3K/mlp/layer34_w1_srcshape_8192_28672_dtype_BFLOAT8_B_layout_TILE_memcfg_1786057467681592545_mapper_660f4331f0f0_device_0.tensorbin
2026-09-03 00:18:09.698 | INFO     | tt_transformers.modules.lazy_weight:get_device_weight:120 - [32m[cache hit][0m Loading tensor from cache: /localdev/gwang/tt_transformers/model_cache/llama33_70b/T3K/mlp/layer34_w2_srcshape_28672_8192_dtype_BFLOAT8_B_layout_TILE_memcfg_906506041791331912_mapper_0cdd7bdaff6f_device_0.tensorbin
2026-09-03 00:18:09.711 | INFO     | tt_transformers.modules.lazy_weight:get_device_weight:120 - [32m[cache hit][0m Loading tensor from cache: /localdev/gwang/tt_transformers/model_cache/llama33_70b/T3K/mlp/layer34_w3_srcshape_8192_28672_dtype_BFLOAT8_B_layout_TILE_memcfg_1786057467681592545_mapper_660f4331f0f0_device_0.tensorbin
2026-09-03 00:18:09.726 | INFO     | tt_transformers.modules.lazy_weight:get_device_weight:120 - [32m[cache hit][0m Loading tensor from cache: /localdev/gwang/tt_transformers/model_cache/llama33_70b/T3K/norm/layer35_pre_attn_srcshape_1_1_256_32_dtype_BFLOAT16_layout_ROW_MAJOR_mapper_241585d9fe31_device_0.tensorbin
2026-09-03 00:18:09.727 | INFO     | tt_transformers.modules.lazy_weight:get_device_weight:120 - [32m[cache hit][0m Loading tensor from cache: /localdev/gwang/tt_transformers/model_cache/llama33_70b/T3K/norm/layer35_pre_attn_srcshape_1_1_256_32_dtype_BFLOAT16_layout_ROW_MAJOR_mapper_b82b244385ac_device_0.tensorbin
2026-09-03 00:18:09.728 | INFO     | tt_transformers.modules.lazy_weight:get_device_weight:120 - [32m[cache hit][0m Loading tensor from cache: /localdev/gwang/tt_transformers/model_cache/llama33_70b/T3K/attn/layer35_wqkv_srcshape_1_1_8192_10240_dtype_BFLOAT8_B_layout_TILE_memcfg_663972112453010226_mapper_660f4331f0f0_device_0.tensorbin
2026-09-03 00:18:09.733 | INFO     | tt_transformers.modules.lazy_weight:get_device_weight:120 - [32m[cache hit][0m Loading tensor from cache: /localdev/gwang/tt_transformers/model_cache/llama33_70b/T3K/attn/layer35_wo_srcshape_1_1_8192_8192_dtype_BFLOAT8_B_layout_TILE_mapper_660f4331f0f0_device_0.tensorbin
2026-09-03 00:18:09.738 | INFO     | tt_transformers.modules.lazy_weight:get_device_weight:120 - [32m[cache hit][0m Loading tensor from cache: /localdev/gwang/tt_transformers/model_cache/llama33_70b/T3K/norm/layer35_post_attn_srcshape_1_1_256_32_dtype_BFLOAT16_layout_ROW_MAJOR_mapper_241585d9fe31_device_0.tensorbin
2026-09-03 00:18:09.739 | INFO     | tt_transformers.modules.lazy_weight:get_device_weight:120 - [32m[cache hit][0m Loading tensor from cache: /localdev/gwang/tt_transformers/model_cache/llama33_70b/T3K/norm/layer35_post_attn_srcshape_1_1_256_32_dtype_BFLOAT16_layout_ROW_MAJOR_mapper_b82b244385ac_device_0.tensorbin
2026-09-03 00:18:09.740 | INFO     | tt_transformers.modules.lazy_weight:get_device_weight:120 - [32m[cache hit][0m Loading tensor from cache: /localdev/gwang/tt_transformers/model_cache/llama33_70b/T3K/mlp/layer35_w1_srcshape_8192_28672_dtype_BFLOAT8_B_layout_TILE_memcfg_1786057467681592545_mapper_660f4331f0f0_device_0.tensorbin
2026-09-03 00:18:09.754 | INFO     | tt_transformers.modules.lazy_weight:get_device_weight:120 - [32m[cache hit][0m Loading tensor from cache: /localdev/gwang/tt_transformers/model_cache/llama33_70b/T3K/mlp/layer35_w2_srcshape_28672_8192_dtype_BFLOAT8_B_layout_TILE_memcfg_906506041791331912_mapper_0cdd7bdaff6f_device_0.tensorbin
2026-09-03 00:18:09.768 | INFO     | tt_transformers.modules.lazy_weight:get_device_weight:120 - [32m[cache hit][0m Loading tensor from cache: /localdev/gwang/tt_transformers/model_cache/llama33_70b/T3K/mlp/layer35_w3_srcshape_8192_28672_dtype_BFLOAT8_B_layout_TILE_memcfg_1786057467681592545_mapper_660f4331f0f0_device_0.tensorbin
2026-09-03 00:18:09.782 | INFO     | tt_transformers.modules.lazy_weight:get_device_weight:120 - [32m[cache hit][0m Loading tensor from cache: /localdev/gwang/tt_transformers/model_cache/llama33_70b/T3K/norm/layer36_pre_attn_srcshape_1_1_256_32_dtype_BFLOAT16_layout_ROW_MAJOR_mapper_241585d9fe31_device_0.tensorbin
2026-09-03 00:18:09.783 | INFO     | tt_transformers.modules.lazy_weight:get_device_weight:120 - [32m[cache hit][0m Loading tensor from cache: /localdev/gwang/tt_transformers/model_cache/llama33_70b/T3K/norm/layer36_pre_attn_srcshape_1_1_256_32_dtype_BFLOAT16_layout_ROW_MAJOR_mapper_b82b244385ac_device_0.tensorbin
2026-09-03 00:18:09.784 | INFO     | tt_transformers.modules.lazy_weight:get_device_weight:120 - [32m[cache hit][0m Loading tensor from cache: /localdev/gwang/tt_transformers/model_cache/llama33_70b/T3K/attn/layer36_wqkv_srcshape_1_1_8192_10240_dtype_BFLOAT8_B_layout_TILE_memcfg_663972112453010226_mapper_660f4331f0f0_device_0.tensorbin
2026-09-03 00:18:09.789 | INFO     | tt_transformers.modules.lazy_weight:get_device_weight:120 - [32m[cache hit][0m Loading tensor from cache: /localdev/gwang/tt_transformers/model_cache/llama33_70b/T3K/attn/layer36_wo_srcshape_1_1_8192_8192_dtype_BFLOAT8_B_layout_TILE_mapper_660f4331f0f0_device_0.tensorbin
2026-09-03 00:18:09.794 | INFO     | tt_transformers.modules.lazy_weight:get_device_weight:120 - [32m[cache hit][0m Loading tensor from cache: /localdev/gwang/tt_transformers/model_cache/llama33_70b/T3K/norm/layer36_post_attn_srcshape_1_1_256_32_dtype_BFLOAT16_layout_ROW_MAJOR_mapper_241585d9fe31_device_0.tensorbin
2026-09-03 00:18:09.794 | INFO     | tt_transformers.modules.lazy_weight:get_device_weight:120 - [32m[cache hit][0m Loading tensor from cache: /localdev/gwang/tt_transformers/model_cache/llama33_70b/T3K/norm/layer36_post_attn_srcshape_1_1_256_32_dtype_BFLOAT16_layout_ROW_MAJOR_mapper_b82b244385ac_device_0.tensorbin
2026-09-03 00:18:09.795 | INFO     | tt_transformers.modules.lazy_weight:get_device_weight:120 - [32m[cache hit][0m Loading tensor from cache: /localdev/gwang/tt_transformers/model_cache/llama33_70b/T3K/mlp/layer36_w1_srcshape_8192_28672_dtype_BFLOAT8_B_layout_TILE_memcfg_1786057467681592545_mapper_660f4331f0f0_device_0.tensorbin
2026-09-03 00:18:09.807 | INFO     | tt_transformers.modules.lazy_weight:get_device_weight:120 - [32m[cache hit][0m Loading tensor from cache: /localdev/gwang/tt_transformers/model_cache/llama33_70b/T3K/mlp/layer36_w2_srcshape_28672_8192_dtype_BFLOAT8_B_layout_TILE_memcfg_906506041791331912_mapper_0cdd7bdaff6f_device_0.tensorbin
2026-09-03 00:18:09.820 | INFO     | tt_transformers.modules.lazy_weight:get_device_weight:120 - [32m[cache hit][0m Loading tensor from cache: /localdev/gwang/tt_transformers/model_cache/llama33_70b/T3K/mlp/layer36_w3_srcshape_8192_28672_dtype_BFLOAT8_B_layout_TILE_memcfg_1786057467681592545_mapper_660f4331f0f0_device_0.tensorbin
2026-09-03 00:18:09.834 | INFO     | tt_transformers.modules.lazy_weight:get_device_weight:120 - [32m[cache hit][0m Loading tensor from cache: /localdev/gwang/tt_transformers/model_cache/llama33_70b/T3K/norm/layer37_pre_attn_srcshape_1_1_256_32_dtype_BFLOAT16_layout_ROW_MAJOR_mapper_241585d9fe31_device_0.tensorbin
2026-09-03 00:18:09.835 | INFO     | tt_transformers.modules.lazy_weight:get_device_weight:120 - [32m[cache hit][0m Loading tensor from cache: /localdev/gwang/tt_transformers/model_cache/llama33_70b/T3K/norm/layer37_pre_attn_srcshape_1_1_256_32_dtype_BFLOAT16_layout_ROW_MAJOR_mapper_b82b244385ac_device_0.tensorbin
2026-09-03 00:18:09.835 | INFO     | tt_transformers.modules.lazy_weight:get_device_weight:120 - [32m[cache hit][0m Loading tensor from cache: /localdev/gwang/tt_transformers/model_cache/llama33_70b/T3K/attn/layer37_wqkv_srcshape_1_1_8192_10240_dtype_BFLOAT8_B_layout_TILE_memcfg_663972112453010226_mapper_660f4331f0f0_device_0.tensorbin
2026-09-03 00:18:09.841 | INFO     | tt_transformers.modules.lazy_weight:get_device_weight:120 - [32m[cache hit][0m Loading tensor from cache: /localdev/gwang/tt_transformers/model_cache/llama33_70b/T3K/attn/layer37_wo_srcshape_1_1_8192_8192_dtype_BFLOAT8_B_layout_TILE_mapper_660f4331f0f0_device_0.tensorbin
2026-09-03 00:18:09.846 | INFO     | tt_transformers.modules.lazy_weight:get_device_weight:120 - [32m[cache hit][0m Loading tensor from cache: /localdev/gwang/tt_transformers/model_cache/llama33_70b/T3K/norm/layer37_post_attn_srcshape_1_1_256_32_dtype_BFLOAT16_layout_ROW_MAJOR_mapper_241585d9fe31_device_0.tensorbin
2026-09-03 00:18:09.847 | INFO     | tt_transformers.modules.lazy_weight:get_device_weight:120 - [32m[cache hit][0m Loading tensor from cache: /localdev/gwang/tt_transformers/model_cache/llama33_70b/T3K/norm/layer37_post_attn_srcshape_1_1_256_32_dtype_BFLOAT16_layout_ROW_MAJOR_mapper_b82b244385ac_device_0.tensorbin
2026-09-03 00:18:09.848 | INFO     | tt_transformers.modules.lazy_weight:get_device_weight:120 - [32m[cache hit][0m Loading tensor from cache: /localdev/gwang/tt_transformers/model_cache/llama33_70b/T3K/mlp/layer37_w1_srcshape_8192_28672_dtype_BFLOAT8_B_layout_TILE_memcfg_1786057467681592545_mapper_660f4331f0f0_device_0.tensorbin
2026-09-03 00:18:09.859 | INFO     | tt_transformers.modules.lazy_weight:get_device_weight:120 - [32m[cache hit][0m Loading tensor from cache: /localdev/gwang/tt_transformers/model_cache/llama33_70b/T3K/mlp/layer37_w2_srcshape_28672_8192_dtype_BFLOAT8_B_layout_TILE_memcfg_906506041791331912_mapper_0cdd7bdaff6f_device_0.tensorbin
2026-09-03 00:18:09.872 | INFO     | tt_transformers.modules.lazy_weight:get_device_weight:120 - [32m[cache hit][0m Loading tensor from cache: /localdev/gwang/tt_transformers/model_cache/llama33_70b/T3K/mlp/layer37_w3_srcshape_8192_28672_dtype_BFLOAT8_B_layout_TILE_memcfg_1786057467681592545_mapper_660f4331f0f0_device_0.tensorbin
2026-09-03 00:18:09.885 | INFO     | tt_transformers.modules.lazy_weight:get_device_weight:120 - [32m[cache hit][0m Loading tensor from cache: /localdev/gwang/tt_transformers/model_cache/llama33_70b/T3K/norm/layer38_pre_attn_srcshape_1_1_256_32_dtype_BFLOAT16_layout_ROW_MAJOR_mapper_241585d9fe31_device_0.tensorbin
2026-09-03 00:18:09.885 | INFO     | tt_transformers.modules.lazy_weight:get_device_weight:120 - [32m[cache hit][0m Loading tensor from cache: /localdev/gwang/tt_transformers/model_cache/llama33_70b/T3K/norm/layer38_pre_attn_srcshape_1_1_256_32_dtype_BFLOAT16_layout_ROW_MAJOR_mapper_b82b244385ac_device_0.tensorbin
2026-09-03 00:18:09.886 | INFO     | tt_transformers.modules.lazy_weight:get_device_weight:120 - [32m[cache hit][0m Loading tensor from cache: /localdev/gwang/tt_transformers/model_cache/llama33_70b/T3K/attn/layer38_wqkv_srcshape_1_1_8192_10240_dtype_BFLOAT8_B_layout_TILE_memcfg_663972112453010226_mapper_660f4331f0f0_device_0.tensorbin
2026-09-03 00:18:09.892 | INFO     | tt_transformers.modules.lazy_weight:get_device_weight:120 - [32m[cache hit][0m Loading tensor from cache: /localdev/gwang/tt_transformers/model_cache/llama33_70b/T3K/attn/layer38_wo_srcshape_1_1_8192_8192_dtype_BFLOAT8_B_layout_TILE_mapper_660f4331f0f0_device_0.tensorbin
2026-09-03 00:18:09.898 | INFO     | tt_transformers.modules.lazy_weight:get_device_weight:120 - [32m[cache hit][0m Loading tensor from cache: /localdev/gwang/tt_transformers/model_cache/llama33_70b/T3K/norm/layer38_post_attn_srcshape_1_1_256_32_dtype_BFLOAT16_layout_ROW_MAJOR_mapper_241585d9fe31_device_0.tensorbin
2026-09-03 00:18:09.898 | INFO     | tt_transformers.modules.lazy_weight:get_device_weight:120 - [32m[cache hit][0m Loading tensor from cache: /localdev/gwang/tt_transformers/model_cache/llama33_70b/T3K/norm/layer38_post_attn_srcshape_1_1_256_32_dtype_BFLOAT16_layout_ROW_MAJOR_mapper_b82b244385ac_device_0.tensorbin
2026-09-03 00:18:09.899 | INFO     | tt_transformers.modules.lazy_weight:get_device_weight:120 - [32m[cache hit][0m Loading tensor from cache: /localdev/gwang/tt_transformers/model_cache/llama33_70b/T3K/mlp/layer38_w1_srcshape_8192_28672_dtype_BFLOAT8_B_layout_TILE_memcfg_1786057467681592545_mapper_660f4331f0f0_device_0.tensorbin
2026-09-03 00:18:09.913 | INFO     | tt_transformers.modules.lazy_weight:get_device_weight:120 - [32m[cache hit][0m Loading tensor from cache: /localdev/gwang/tt_transformers/model_cache/llama33_70b/T3K/mlp/layer38_w2_srcshape_28672_8192_dtype_BFLOAT8_B_layout_TILE_memcfg_906506041791331912_mapper_0cdd7bdaff6f_device_0.tensorbin
2026-09-03 00:18:09.927 | INFO     | tt_transformers.modules.lazy_weight:get_device_weight:120 - [32m[cache hit][0m Loading tensor from cache: /localdev/gwang/tt_transformers/model_cache/llama33_70b/T3K/mlp/layer38_w3_srcshape_8192_28672_dtype_BFLOAT8_B_layout_TILE_memcfg_1786057467681592545_mapper_660f4331f0f0_device_0.tensorbin
2026-09-03 00:18:09.941 | INFO     | tt_transformers.modules.lazy_weight:get_device_weight:120 - [32m[cache hit][0m Loading tensor from cache: /localdev/gwang/tt_transformers/model_cache/llama33_70b/T3K/norm/layer39_pre_attn_srcshape_1_1_256_32_dtype_BFLOAT16_layout_ROW_MAJOR_mapper_241585d9fe31_device_0.tensorbin
2026-09-03 00:18:09.941 | INFO     | tt_transformers.modules.lazy_weight:get_device_weight:120 - [32m[cache hit][0m Loading tensor from cache: /localdev/gwang/tt_transformers/model_cache/llama33_70b/T3K/norm/layer39_pre_attn_srcshape_1_1_256_32_dtype_BFLOAT16_layout_ROW_MAJOR_mapper_b82b244385ac_device_0.tensorbin
2026-09-03 00:18:09.942 | INFO     | tt_transformers.modules.lazy_weight:get_device_weight:120 - [32m[cache hit][0m Loading tensor from cache: /localdev/gwang/tt_transformers/model_cache/llama33_70b/T3K/attn/layer39_wqkv_srcshape_1_1_8192_10240_dtype_BFLOAT8_B_layout_TILE_memcfg_663972112453010226_mapper_660f4331f0f0_device_0.tensorbin
2026-09-03 00:18:09.947 | INFO     | tt_transformers.modules.lazy_weight:get_device_weight:120 - [32m[cache hit][0m Loading tensor from cache: /localdev/gwang/tt_transformers/model_cache/llama33_70b/T3K/attn/layer39_wo_srcshape_1_1_8192_8192_dtype_BFLOAT8_B_layout_TILE_mapper_660f4331f0f0_device_0.tensorbin
2026-09-03 00:18:09.952 | INFO     | tt_transformers.modules.lazy_weight:get_device_weight:120 - [32m[cache hit][0m Loading tensor from cache: /localdev/gwang/tt_transformers/model_cache/llama33_70b/T3K/norm/layer39_post_attn_srcshape_1_1_256_32_dtype_BFLOAT16_layout_ROW_MAJOR_mapper_241585d9fe31_device_0.tensorbin
2026-09-03 00:18:09.953 | INFO     | tt_transformers.modules.lazy_weight:get_device_weight:120 - [32m[cache hit][0m Loading tensor from cache: /localdev/gwang/tt_transformers/model_cache/llama33_70b/T3K/norm/layer39_post_attn_srcshape_1_1_256_32_dtype_BFLOAT16_layout_ROW_MAJOR_mapper_b82b244385ac_device_0.tensorbin
2026-09-03 00:18:09.953 | INFO     | tt_transformers.modules.lazy_weight:get_device_weight:120 - [32m[cache hit][0m Loading tensor from cache: /localdev/gwang/tt_transformers/model_cache/llama33_70b/T3K/mlp/layer39_w1_srcshape_8192_28672_dtype_BFLOAT8_B_layout_TILE_memcfg_1786057467681592545_mapper_660f4331f0f0_device_0.tensorbin
2026-09-03 00:18:09.965 | INFO     | tt_transformers.modules.lazy_weight:get_device_weight:120 - [32m[cache hit][0m Loading tensor from cache: /localdev/gwang/tt_transformers/model_cache/llama33_70b/T3K/mlp/layer39_w2_srcshape_28672_8192_dtype_BFLOAT8_B_layout_TILE_memcfg_906506041791331912_mapper_0cdd7bdaff6f_device_0.tensorbin
2026-09-03 00:18:09.978 | INFO     | tt_transformers.modules.lazy_weight:get_device_weight:120 - [32m[cache hit][0m Loading tensor from cache: /localdev/gwang/tt_transformers/model_cache/llama33_70b/T3K/mlp/layer39_w3_srcshape_8192_28672_dtype_BFLOAT8_B_layout_TILE_memcfg_1786057467681592545_mapper_660f4331f0f0_device_0.tensorbin
2026-09-03 00:18:09.994 | INFO     | tt_transformers.modules.lazy_weight:get_device_weight:120 - [32m[cache hit][0m Loading tensor from cache: /localdev/gwang/tt_transformers/model_cache/llama33_70b/T3K/norm/layer40_pre_attn_srcshape_1_1_256_32_dtype_BFLOAT16_layout_ROW_MAJOR_mapper_241585d9fe31_device_0.tensorbin
2026-09-03 00:18:09.994 | INFO     | tt_transformers.modules.lazy_weight:get_device_weight:120 - [32m[cache hit][0m Loading tensor from cache: /localdev/gwang/tt_transformers/model_cache/llama33_70b/T3K/norm/layer40_pre_attn_srcshape_1_1_256_32_dtype_BFLOAT16_layout_ROW_MAJOR_mapper_b82b244385ac_device_0.tensorbin
2026-09-03 00:18:09.995 | INFO     | tt_transformers.modules.lazy_weight:get_device_weight:120 - [32m[cache hit][0m Loading tensor from cache: /localdev/gwang/tt_transformers/model_cache/llama33_70b/T3K/attn/layer40_wqkv_srcshape_1_1_8192_10240_dtype_BFLOAT8_B_layout_TILE_memcfg_663972112453010226_mapper_660f4331f0f0_device_0.tensorbin
2026-09-03 00:18:10.001 | INFO     | tt_transformers.modules.lazy_weight:get_device_weight:120 - [32m[cache hit][0m Loading tensor from cache: /localdev/gwang/tt_transformers/model_cache/llama33_70b/T3K/attn/layer40_wo_srcshape_1_1_8192_8192_dtype_BFLOAT8_B_layout_TILE_mapper_660f4331f0f0_device_0.tensorbin
2026-09-03 00:18:10.007 | INFO     | tt_transformers.modules.lazy_weight:get_device_weight:120 - [32m[cache hit][0m Loading tensor from cache: /localdev/gwang/tt_transformers/model_cache/llama33_70b/T3K/norm/layer40_post_attn_srcshape_1_1_256_32_dtype_BFLOAT16_layout_ROW_MAJOR_mapper_241585d9fe31_device_0.tensorbin
2026-09-03 00:18:10.007 | INFO     | tt_transformers.modules.lazy_weight:get_device_weight:120 - [32m[cache hit][0m Loading tensor from cache: /localdev/gwang/tt_transformers/model_cache/llama33_70b/T3K/norm/layer40_post_attn_srcshape_1_1_256_32_dtype_BFLOAT16_layout_ROW_MAJOR_mapper_b82b244385ac_device_0.tensorbin
2026-09-03 00:18:10.008 | INFO     | tt_transformers.modules.lazy_weight:get_device_weight:120 - [32m[cache hit][0m Loading tensor from cache: /localdev/gwang/tt_transformers/model_cache/llama33_70b/T3K/mlp/layer40_w1_srcshape_8192_28672_dtype_BFLOAT8_B_layout_TILE_memcfg_1786057467681592545_mapper_660f4331f0f0_device_0.tensorbin
2026-09-03 00:18:10.023 | INFO     | tt_transformers.modules.lazy_weight:get_device_weight:120 - [32m[cache hit][0m Loading tensor from cache: /localdev/gwang/tt_transformers/model_cache/llama33_70b/T3K/mlp/layer40_w2_srcshape_28672_8192_dtype_BFLOAT8_B_layout_TILE_memcfg_906506041791331912_mapper_0cdd7bdaff6f_device_0.tensorbin
2026-09-03 00:18:10.036 | INFO     | tt_transformers.modules.lazy_weight:get_device_weight:120 - [32m[cache hit][0m Loading tensor from cache: /localdev/gwang/tt_transformers/model_cache/llama33_70b/T3K/mlp/layer40_w3_srcshape_8192_28672_dtype_BFLOAT8_B_layout_TILE_memcfg_1786057467681592545_mapper_660f4331f0f0_device_0.tensorbin
2026-09-03 00:18:10.049 | INFO     | tt_transformers.modules.lazy_weight:get_device_weight:120 - [32m[cache hit][0m Loading tensor from cache: /localdev/gwang/tt_transformers/model_cache/llama33_70b/T3K/norm/layer41_pre_attn_srcshape_1_1_256_32_dtype_BFLOAT16_layout_ROW_MAJOR_mapper_241585d9fe31_device_0.tensorbin
2026-09-03 00:18:10.050 | INFO     | tt_transformers.modules.lazy_weight:get_device_weight:120 - [32m[cache hit][0m Loading tensor from cache: /localdev/gwang/tt_transformers/model_cache/llama33_70b/T3K/norm/layer41_pre_attn_srcshape_1_1_256_32_dtype_BFLOAT16_layout_ROW_MAJOR_mapper_b82b244385ac_device_0.tensorbin
2026-09-03 00:18:10.051 | INFO     | tt_transformers.modules.lazy_weight:get_device_weight:120 - [32m[cache hit][0m Loading tensor from cache: /localdev/gwang/tt_transformers/model_cache/llama33_70b/T3K/attn/layer41_wqkv_srcshape_1_1_8192_10240_dtype_BFLOAT8_B_layout_TILE_memcfg_663972112453010226_mapper_660f4331f0f0_device_0.tensorbin
2026-09-03 00:18:10.056 | INFO     | tt_transformers.modules.lazy_weight:get_device_weight:120 - [32m[cache hit][0m Loading tensor from cache: /localdev/gwang/tt_transformers/model_cache/llama33_70b/T3K/attn/layer41_wo_srcshape_1_1_8192_8192_dtype_BFLOAT8_B_layout_TILE_mapper_660f4331f0f0_device_0.tensorbin
2026-09-03 00:18:10.062 | INFO     | tt_transformers.modules.lazy_weight:get_device_weight:120 - [32m[cache hit][0m Loading tensor from cache: /localdev/gwang/tt_transformers/model_cache/llama33_70b/T3K/norm/layer41_post_attn_srcshape_1_1_256_32_dtype_BFLOAT16_layout_ROW_MAJOR_mapper_241585d9fe31_device_0.tensorbin
2026-09-03 00:18:10.062 | INFO     | tt_transformers.modules.lazy_weight:get_device_weight:120 - [32m[cache hit][0m Loading tensor from cache: /localdev/gwang/tt_transformers/model_cache/llama33_70b/T3K/norm/layer41_post_attn_srcshape_1_1_256_32_dtype_BFLOAT16_layout_ROW_MAJOR_mapper_b82b244385ac_device_0.tensorbin
2026-09-03 00:18:10.063 | INFO     | tt_transformers.modules.lazy_weight:get_device_weight:120 - [32m[cache hit][0m Loading tensor from cache: /localdev/gwang/tt_transformers/model_cache/llama33_70b/T3K/mlp/layer41_w1_srcshape_8192_28672_dtype_BFLOAT8_B_layout_TILE_memcfg_1786057467681592545_mapper_660f4331f0f0_device_0.tensorbin
2026-09-03 00:18:10.076 | INFO     | tt_transformers.modules.lazy_weight:get_device_weight:120 - [32m[cache hit][0m Loading tensor from cache: /localdev/gwang/tt_transformers/model_cache/llama33_70b/T3K/mlp/layer41_w2_srcshape_28672_8192_dtype_BFLOAT8_B_layout_TILE_memcfg_906506041791331912_mapper_0cdd7bdaff6f_device_0.tensorbin
2026-09-03 00:18:10.089 | INFO     | tt_transformers.modules.lazy_weight:get_device_weight:120 - [32m[cache hit][0m Loading tensor from cache: /localdev/gwang/tt_transformers/model_cache/llama33_70b/T3K/mlp/layer41_w3_srcshape_8192_28672_dtype_BFLOAT8_B_layout_TILE_memcfg_1786057467681592545_mapper_660f4331f0f0_device_0.tensorbin
2026-09-03 00:18:10.103 | INFO     | tt_transformers.modules.lazy_weight:get_device_weight:120 - [32m[cache hit][0m Loading tensor from cache: /localdev/gwang/tt_transformers/model_cache/llama33_70b/T3K/norm/layer42_pre_attn_srcshape_1_1_256_32_dtype_BFLOAT16_layout_ROW_MAJOR_mapper_241585d9fe31_device_0.tensorbin
2026-09-03 00:18:10.103 | INFO     | tt_transformers.modules.lazy_weight:get_device_weight:120 - [32m[cache hit][0m Loading tensor from cache: /localdev/gwang/tt_transformers/model_cache/llama33_70b/T3K/norm/layer42_pre_attn_srcshape_1_1_256_32_dtype_BFLOAT16_layout_ROW_MAJOR_mapper_b82b244385ac_device_0.tensorbin
2026-09-03 00:18:10.104 | INFO     | tt_transformers.modules.lazy_weight:get_device_weight:120 - [32m[cache hit][0m Loading tensor from cache: /localdev/gwang/tt_transformers/model_cache/llama33_70b/T3K/attn/layer42_wqkv_srcshape_1_1_8192_10240_dtype_BFLOAT8_B_layout_TILE_memcfg_663972112453010226_mapper_660f4331f0f0_device_0.tensorbin
2026-09-03 00:18:10.110 | INFO     | tt_transformers.modules.lazy_weight:get_device_weight:120 - [32m[cache hit][0m Loading tensor from cache: /localdev/gwang/tt_transformers/model_cache/llama33_70b/T3K/attn/layer42_wo_srcshape_1_1_8192_8192_dtype_BFLOAT8_B_layout_TILE_mapper_660f4331f0f0_device_0.tensorbin
2026-09-03 00:18:10.115 | INFO     | tt_transformers.modules.lazy_weight:get_device_weight:120 - [32m[cache hit][0m Loading tensor from cache: /localdev/gwang/tt_transformers/model_cache/llama33_70b/T3K/norm/layer42_post_attn_srcshape_1_1_256_32_dtype_BFLOAT16_layout_ROW_MAJOR_mapper_241585d9fe31_device_0.tensorbin
2026-09-03 00:18:10.115 | INFO     | tt_transformers.modules.lazy_weight:get_device_weight:120 - [32m[cache hit][0m Loading tensor from cache: /localdev/gwang/tt_transformers/model_cache/llama33_70b/T3K/norm/layer42_post_attn_srcshape_1_1_256_32_dtype_BFLOAT16_layout_ROW_MAJOR_mapper_b82b244385ac_device_0.tensorbin
2026-09-03 00:18:10.116 | INFO     | tt_transformers.modules.lazy_weight:get_device_weight:120 - [32m[cache hit][0m Loading tensor from cache: /localdev/gwang/tt_transformers/model_cache/llama33_70b/T3K/mlp/layer42_w1_srcshape_8192_28672_dtype_BFLOAT8_B_layout_TILE_memcfg_1786057467681592545_mapper_660f4331f0f0_device_0.tensorbin
2026-09-03 00:18:10.128 | INFO     | tt_transformers.modules.lazy_weight:get_device_weight:120 - [32m[cache hit][0m Loading tensor from cache: /localdev/gwang/tt_transformers/model_cache/llama33_70b/T3K/mlp/layer42_w2_srcshape_28672_8192_dtype_BFLOAT8_B_layout_TILE_memcfg_906506041791331912_mapper_0cdd7bdaff6f_device_0.tensorbin
2026-09-03 00:18:10.142 | INFO     | tt_transformers.modules.lazy_weight:get_device_weight:120 - [32m[cache hit][0m Loading tensor from cache: /localdev/gwang/tt_transformers/model_cache/llama33_70b/T3K/mlp/layer42_w3_srcshape_8192_28672_dtype_BFLOAT8_B_layout_TILE_memcfg_1786057467681592545_mapper_660f4331f0f0_device_0.tensorbin
2026-09-03 00:18:10.158 | INFO     | tt_transformers.modules.lazy_weight:get_device_weight:120 - [32m[cache hit][0m Loading tensor from cache: /localdev/gwang/tt_transformers/model_cache/llama33_70b/T3K/norm/layer43_pre_attn_srcshape_1_1_256_32_dtype_BFLOAT16_layout_ROW_MAJOR_mapper_241585d9fe31_device_0.tensorbin
2026-09-03 00:18:10.158 | INFO     | tt_transformers.modules.lazy_weight:get_device_weight:120 - [32m[cache hit][0m Loading tensor from cache: /localdev/gwang/tt_transformers/model_cache/llama33_70b/T3K/norm/layer43_pre_attn_srcshape_1_1_256_32_dtype_BFLOAT16_layout_ROW_MAJOR_mapper_b82b244385ac_device_0.tensorbin
2026-09-03 00:18:10.159 | INFO     | tt_transformers.modules.lazy_weight:get_device_weight:120 - [32m[cache hit][0m Loading tensor from cache: /localdev/gwang/tt_transformers/model_cache/llama33_70b/T3K/attn/layer43_wqkv_srcshape_1_1_8192_10240_dtype_BFLOAT8_B_layout_TILE_memcfg_663972112453010226_mapper_660f4331f0f0_device_0.tensorbin
2026-09-03 00:18:10.164 | INFO     | tt_transformers.modules.lazy_weight:get_device_weight:120 - [32m[cache hit][0m Loading tensor from cache: /localdev/gwang/tt_transformers/model_cache/llama33_70b/T3K/attn/layer43_wo_srcshape_1_1_8192_8192_dtype_BFLOAT8_B_layout_TILE_mapper_660f4331f0f0_device_0.tensorbin
2026-09-03 00:18:10.170 | INFO     | tt_transformers.modules.lazy_weight:get_device_weight:120 - [32m[cache hit][0m Loading tensor from cache: /localdev/gwang/tt_transformers/model_cache/llama33_70b/T3K/norm/layer43_post_attn_srcshape_1_1_256_32_dtype_BFLOAT16_layout_ROW_MAJOR_mapper_241585d9fe31_device_0.tensorbin
2026-09-03 00:18:10.170 | INFO     | tt_transformers.modules.lazy_weight:get_device_weight:120 - [32m[cache hit][0m Loading tensor from cache: /localdev/gwang/tt_transformers/model_cache/llama33_70b/T3K/norm/layer43_post_attn_srcshape_1_1_256_32_dtype_BFLOAT16_layout_ROW_MAJOR_mapper_b82b244385ac_device_0.tensorbin
2026-09-03 00:18:10.171 | INFO     | tt_transformers.modules.lazy_weight:get_device_weight:120 - [32m[cache hit][0m Loading tensor from cache: /localdev/gwang/tt_transformers/model_cache/llama33_70b/T3K/mlp/layer43_w1_srcshape_8192_28672_dtype_BFLOAT8_B_layout_TILE_memcfg_1786057467681592545_mapper_660f4331f0f0_device_0.tensorbin
2026-09-03 00:18:10.185 | INFO     | tt_transformers.modules.lazy_weight:get_device_weight:120 - [32m[cache hit][0m Loading tensor from cache: /localdev/gwang/tt_transformers/model_cache/llama33_70b/T3K/mlp/layer43_w2_srcshape_28672_8192_dtype_BFLOAT8_B_layout_TILE_memcfg_906506041791331912_mapper_0cdd7bdaff6f_device_0.tensorbin
2026-09-03 00:18:10.198 | INFO     | tt_transformers.modules.lazy_weight:get_device_weight:120 - [32m[cache hit][0m Loading tensor from cache: /localdev/gwang/tt_transformers/model_cache/llama33_70b/T3K/mlp/layer43_w3_srcshape_8192_28672_dtype_BFLOAT8_B_layout_TILE_memcfg_1786057467681592545_mapper_660f4331f0f0_device_0.tensorbin
2026-09-03 00:18:10.213 | INFO     | tt_transformers.modules.lazy_weight:get_device_weight:120 - [32m[cache hit][0m Loading tensor from cache: /localdev/gwang/tt_transformers/model_cache/llama33_70b/T3K/norm/layer44_pre_attn_srcshape_1_1_256_32_dtype_BFLOAT16_layout_ROW_MAJOR_mapper_241585d9fe31_device_0.tensorbin
2026-09-03 00:18:10.214 | INFO     | tt_transformers.modules.lazy_weight:get_device_weight:120 - [32m[cache hit][0m Loading tensor from cache: /localdev/gwang/tt_transformers/model_cache/llama33_70b/T3K/norm/layer44_pre_attn_srcshape_1_1_256_32_dtype_BFLOAT16_layout_ROW_MAJOR_mapper_b82b244385ac_device_0.tensorbin
2026-09-03 00:18:10.214 | INFO     | tt_transformers.modules.lazy_weight:get_device_weight:120 - [32m[cache hit][0m Loading tensor from cache: /localdev/gwang/tt_transformers/model_cache/llama33_70b/T3K/attn/layer44_wqkv_srcshape_1_1_8192_10240_dtype_BFLOAT8_B_layout_TILE_memcfg_663972112453010226_mapper_660f4331f0f0_device_0.tensorbin
2026-09-03 00:18:10.221 | INFO     | tt_transformers.modules.lazy_weight:get_device_weight:120 - [32m[cache hit][0m Loading tensor from cache: /localdev/gwang/tt_transformers/model_cache/llama33_70b/T3K/attn/layer44_wo_srcshape_1_1_8192_8192_dtype_BFLOAT8_B_layout_TILE_mapper_660f4331f0f0_device_0.tensorbin
2026-09-03 00:18:10.226 | INFO     | tt_transformers.modules.lazy_weight:get_device_weight:120 - [32m[cache hit][0m Loading tensor from cache: /localdev/gwang/tt_transformers/model_cache/llama33_70b/T3K/norm/layer44_post_attn_srcshape_1_1_256_32_dtype_BFLOAT16_layout_ROW_MAJOR_mapper_241585d9fe31_device_0.tensorbin
2026-09-03 00:18:10.227 | INFO     | tt_transformers.modules.lazy_weight:get_device_weight:120 - [32m[cache hit][0m Loading tensor from cache: /localdev/gwang/tt_transformers/model_cache/llama33_70b/T3K/norm/layer44_post_attn_srcshape_1_1_256_32_dtype_BFLOAT16_layout_ROW_MAJOR_mapper_b82b244385ac_device_0.tensorbin
2026-09-03 00:18:10.228 | INFO     | tt_transformers.modules.lazy_weight:get_device_weight:120 - [32m[cache hit][0m Loading tensor from cache: /localdev/gwang/tt_transformers/model_cache/llama33_70b/T3K/mlp/layer44_w1_srcshape_8192_28672_dtype_BFLOAT8_B_layout_TILE_memcfg_1786057467681592545_mapper_660f4331f0f0_device_0.tensorbin
2026-09-03 00:18:10.240 | INFO     | tt_transformers.modules.lazy_weight:get_device_weight:120 - [32m[cache hit][0m Loading tensor from cache: /localdev/gwang/tt_transformers/model_cache/llama33_70b/T3K/mlp/layer44_w2_srcshape_28672_8192_dtype_BFLOAT8_B_layout_TILE_memcfg_906506041791331912_mapper_0cdd7bdaff6f_device_0.tensorbin
2026-09-03 00:18:10.253 | INFO     | tt_transformers.modules.lazy_weight:get_device_weight:120 - [32m[cache hit][0m Loading tensor from cache: /localdev/gwang/tt_transformers/model_cache/llama33_70b/T3K/mlp/layer44_w3_srcshape_8192_28672_dtype_BFLOAT8_B_layout_TILE_memcfg_1786057467681592545_mapper_660f4331f0f0_device_0.tensorbin
2026-09-03 00:18:10.267 | INFO     | tt_transformers.modules.lazy_weight:get_device_weight:120 - [32m[cache hit][0m Loading tensor from cache: /localdev/gwang/tt_transformers/model_cache/llama33_70b/T3K/norm/layer45_pre_attn_srcshape_1_1_256_32_dtype_BFLOAT16_layout_ROW_MAJOR_mapper_241585d9fe31_device_0.tensorbin
2026-09-03 00:18:10.267 | INFO     | tt_transformers.modules.lazy_weight:get_device_weight:120 - [32m[cache hit][0m Loading tensor from cache: /localdev/gwang/tt_transformers/model_cache/llama33_70b/T3K/norm/layer45_pre_attn_srcshape_1_1_256_32_dtype_BFLOAT16_layout_ROW_MAJOR_mapper_b82b244385ac_device_0.tensorbin
2026-09-03 00:18:10.268 | INFO     | tt_transformers.modules.lazy_weight:get_device_weight:120 - [32m[cache hit][0m Loading tensor from cache: /localdev/gwang/tt_transformers/model_cache/llama33_70b/T3K/attn/layer45_wqkv_srcshape_1_1_8192_10240_dtype_BFLOAT8_B_layout_TILE_memcfg_663972112453010226_mapper_660f4331f0f0_device_0.tensorbin
2026-09-03 00:18:10.273 | INFO     | tt_transformers.modules.lazy_weight:get_device_weight:120 - [32m[cache hit][0m Loading tensor from cache: /localdev/gwang/tt_transformers/model_cache/llama33_70b/T3K/attn/layer45_wo_srcshape_1_1_8192_8192_dtype_BFLOAT8_B_layout_TILE_mapper_660f4331f0f0_device_0.tensorbin
2026-09-03 00:18:10.278 | INFO     | tt_transformers.modules.lazy_weight:get_device_weight:120 - [32m[cache hit][0m Loading tensor from cache: /localdev/gwang/tt_transformers/model_cache/llama33_70b/T3K/norm/layer45_post_attn_srcshape_1_1_256_32_dtype_BFLOAT16_layout_ROW_MAJOR_mapper_241585d9fe31_device_0.tensorbin
2026-09-03 00:18:10.278 | INFO     | tt_transformers.modules.lazy_weight:get_device_weight:120 - [32m[cache hit][0m Loading tensor from cache: /localdev/gwang/tt_transformers/model_cache/llama33_70b/T3K/norm/layer45_post_attn_srcshape_1_1_256_32_dtype_BFLOAT16_layout_ROW_MAJOR_mapper_b82b244385ac_device_0.tensorbin
2026-09-03 00:18:10.279 | INFO     | tt_transformers.modules.lazy_weight:get_device_weight:120 - [32m[cache hit][0m Loading tensor from cache: /localdev/gwang/tt_transformers/model_cache/llama33_70b/T3K/mlp/layer45_w1_srcshape_8192_28672_dtype_BFLOAT8_B_layout_TILE_memcfg_1786057467681592545_mapper_660f4331f0f0_device_0.tensorbin
2026-09-03 00:18:10.290 | INFO     | tt_transformers.modules.lazy_weight:get_device_weight:120 - [32m[cache hit][0m Loading tensor from cache: /localdev/gwang/tt_transformers/model_cache/llama33_70b/T3K/mlp/layer45_w2_srcshape_28672_8192_dtype_BFLOAT8_B_layout_TILE_memcfg_906506041791331912_mapper_0cdd7bdaff6f_device_0.tensorbin
2026-09-03 00:18:10.303 | INFO     | tt_transformers.modules.lazy_weight:get_device_weight:120 - [32m[cache hit][0m Loading tensor from cache: /localdev/gwang/tt_transformers/model_cache/llama33_70b/T3K/mlp/layer45_w3_srcshape_8192_28672_dtype_BFLOAT8_B_layout_TILE_memcfg_1786057467681592545_mapper_660f4331f0f0_device_0.tensorbin
2026-09-03 00:18:10.318 | INFO     | tt_transformers.modules.lazy_weight:get_device_weight:120 - [32m[cache hit][0m Loading tensor from cache: /localdev/gwang/tt_transformers/model_cache/llama33_70b/T3K/norm/layer46_pre_attn_srcshape_1_1_256_32_dtype_BFLOAT16_layout_ROW_MAJOR_mapper_241585d9fe31_device_0.tensorbin
2026-09-03 00:18:10.318 | INFO     | tt_transformers.modules.lazy_weight:get_device_weight:120 - [32m[cache hit][0m Loading tensor from cache: /localdev/gwang/tt_transformers/model_cache/llama33_70b/T3K/norm/layer46_pre_attn_srcshape_1_1_256_32_dtype_BFLOAT16_layout_ROW_MAJOR_mapper_b82b244385ac_device_0.tensorbin
2026-09-03 00:18:10.319 | INFO     | tt_transformers.modules.lazy_weight:get_device_weight:120 - [32m[cache hit][0m Loading tensor from cache: /localdev/gwang/tt_transformers/model_cache/llama33_70b/T3K/attn/layer46_wqkv_srcshape_1_1_8192_10240_dtype_BFLOAT8_B_layout_TILE_memcfg_663972112453010226_mapper_660f4331f0f0_device_0.tensorbin
2026-09-03 00:18:10.325 | INFO     | tt_transformers.modules.lazy_weight:get_device_weight:120 - [32m[cache hit][0m Loading tensor from cache: /localdev/gwang/tt_transformers/model_cache/llama33_70b/T3K/attn/layer46_wo_srcshape_1_1_8192_8192_dtype_BFLOAT8_B_layout_TILE_mapper_660f4331f0f0_device_0.tensorbin
2026-09-03 00:18:10.330 | INFO     | tt_transformers.modules.lazy_weight:get_device_weight:120 - [32m[cache hit][0m Loading tensor from cache: /localdev/gwang/tt_transformers/model_cache/llama33_70b/T3K/norm/layer46_post_attn_srcshape_1_1_256_32_dtype_BFLOAT16_layout_ROW_MAJOR_mapper_241585d9fe31_device_0.tensorbin
2026-09-03 00:18:10.331 | INFO     | tt_transformers.modules.lazy_weight:get_device_weight:120 - [32m[cache hit][0m Loading tensor from cache: /localdev/gwang/tt_transformers/model_cache/llama33_70b/T3K/norm/layer46_post_attn_srcshape_1_1_256_32_dtype_BFLOAT16_layout_ROW_MAJOR_mapper_b82b244385ac_device_0.tensorbin
2026-09-03 00:18:10.332 | INFO     | tt_transformers.modules.lazy_weight:get_device_weight:120 - [32m[cache hit][0m Loading tensor from cache: /localdev/gwang/tt_transformers/model_cache/llama33_70b/T3K/mlp/layer46_w1_srcshape_8192_28672_dtype_BFLOAT8_B_layout_TILE_memcfg_1786057467681592545_mapper_660f4331f0f0_device_0.tensorbin
2026-09-03 00:18:10.346 | INFO     | tt_transformers.modules.lazy_weight:get_device_weight:120 - [32m[cache hit][0m Loading tensor from cache: /localdev/gwang/tt_transformers/model_cache/llama33_70b/T3K/mlp/layer46_w2_srcshape_28672_8192_dtype_BFLOAT8_B_layout_TILE_memcfg_906506041791331912_mapper_0cdd7bdaff6f_device_0.tensorbin
2026-09-03 00:18:10.359 | INFO     | tt_transformers.modules.lazy_weight:get_device_weight:120 - [32m[cache hit][0m Loading tensor from cache: /localdev/gwang/tt_transformers/model_cache/llama33_70b/T3K/mlp/layer46_w3_srcshape_8192_28672_dtype_BFLOAT8_B_layout_TILE_memcfg_1786057467681592545_mapper_660f4331f0f0_device_0.tensorbin
2026-09-03 00:18:10.373 | INFO     | tt_transformers.modules.lazy_weight:get_device_weight:120 - [32m[cache hit][0m Loading tensor from cache: /localdev/gwang/tt_transformers/model_cache/llama33_70b/T3K/norm/layer47_pre_attn_srcshape_1_1_256_32_dtype_BFLOAT16_layout_ROW_MAJOR_mapper_241585d9fe31_device_0.tensorbin
2026-09-03 00:18:10.373 | INFO     | tt_transformers.modules.lazy_weight:get_device_weight:120 - [32m[cache hit][0m Loading tensor from cache: /localdev/gwang/tt_transformers/model_cache/llama33_70b/T3K/norm/layer47_pre_attn_srcshape_1_1_256_32_dtype_BFLOAT16_layout_ROW_MAJOR_mapper_b82b244385ac_device_0.tensorbin
2026-09-03 00:18:10.374 | INFO     | tt_transformers.modules.lazy_weight:get_device_weight:120 - [32m[cache hit][0m Loading tensor from cache: /localdev/gwang/tt_transformers/model_cache/llama33_70b/T3K/attn/layer47_wqkv_srcshape_1_1_8192_10240_dtype_BFLOAT8_B_layout_TILE_memcfg_663972112453010226_mapper_660f4331f0f0_device_0.tensorbin
2026-09-03 00:18:10.379 | INFO     | tt_transformers.modules.lazy_weight:get_device_weight:120 - [32m[cache hit][0m Loading tensor from cache: /localdev/gwang/tt_transformers/model_cache/llama33_70b/T3K/attn/layer47_wo_srcshape_1_1_8192_8192_dtype_BFLOAT8_B_layout_TILE_mapper_660f4331f0f0_device_0.tensorbin
2026-09-03 00:18:10.386 | INFO     | tt_transformers.modules.lazy_weight:get_device_weight:120 - [32m[cache hit][0m Loading tensor from cache: /localdev/gwang/tt_transformers/model_cache/llama33_70b/T3K/norm/layer47_post_attn_srcshape_1_1_256_32_dtype_BFLOAT16_layout_ROW_MAJOR_mapper_241585d9fe31_device_0.tensorbin
2026-09-03 00:18:10.387 | INFO     | tt_transformers.modules.lazy_weight:get_device_weight:120 - [32m[cache hit][0m Loading tensor from cache: /localdev/gwang/tt_transformers/model_cache/llama33_70b/T3K/norm/layer47_post_attn_srcshape_1_1_256_32_dtype_BFLOAT16_layout_ROW_MAJOR_mapper_b82b244385ac_device_0.tensorbin
2026-09-03 00:18:10.388 | INFO     | tt_transformers.modules.lazy_weight:get_device_weight:120 - [32m[cache hit][0m Loading tensor from cache: /localdev/gwang/tt_transformers/model_cache/llama33_70b/T3K/mlp/layer47_w1_srcshape_8192_28672_dtype_BFLOAT8_B_layout_TILE_memcfg_1786057467681592545_mapper_660f4331f0f0_device_0.tensorbin
2026-09-03 00:18:10.400 | INFO     | tt_transformers.modules.lazy_weight:get_device_weight:120 - [32m[cache hit][0m Loading tensor from cache: /localdev/gwang/tt_transformers/model_cache/llama33_70b/T3K/mlp/layer47_w2_srcshape_28672_8192_dtype_BFLOAT8_B_layout_TILE_memcfg_906506041791331912_mapper_0cdd7bdaff6f_device_0.tensorbin
2026-09-03 00:18:10.414 | INFO     | tt_transformers.modules.lazy_weight:get_device_weight:120 - [32m[cache hit][0m Loading tensor from cache: /localdev/gwang/tt_transformers/model_cache/llama33_70b/T3K/mlp/layer47_w3_srcshape_8192_28672_dtype_BFLOAT8_B_layout_TILE_memcfg_1786057467681592545_mapper_660f4331f0f0_device_0.tensorbin
2026-09-03 00:18:10.426 | INFO     | tt_transformers.modules.lazy_weight:get_device_weight:120 - [32m[cache hit][0m Loading tensor from cache: /localdev/gwang/tt_transformers/model_cache/llama33_70b/T3K/norm/layer48_pre_attn_srcshape_1_1_256_32_dtype_BFLOAT16_layout_ROW_MAJOR_mapper_241585d9fe31_device_0.tensorbin
2026-09-03 00:18:10.427 | INFO     | tt_transformers.modules.lazy_weight:get_device_weight:120 - [32m[cache hit][0m Loading tensor from cache: /localdev/gwang/tt_transformers/model_cache/llama33_70b/T3K/norm/layer48_pre_attn_srcshape_1_1_256_32_dtype_BFLOAT16_layout_ROW_MAJOR_mapper_b82b244385ac_device_0.tensorbin
2026-09-03 00:18:10.427 | INFO     | tt_transformers.modules.lazy_weight:get_device_weight:120 - [32m[cache hit][0m Loading tensor from cache: /localdev/gwang/tt_transformers/model_cache/llama33_70b/T3K/attn/layer48_wqkv_srcshape_1_1_8192_10240_dtype_BFLOAT8_B_layout_TILE_memcfg_663972112453010226_mapper_660f4331f0f0_device_0.tensorbin
2026-09-03 00:18:10.433 | INFO     | tt_transformers.modules.lazy_weight:get_device_weight:120 - [32m[cache hit][0m Loading tensor from cache: /localdev/gwang/tt_transformers/model_cache/llama33_70b/T3K/attn/layer48_wo_srcshape_1_1_8192_8192_dtype_BFLOAT8_B_layout_TILE_mapper_660f4331f0f0_device_0.tensorbin
2026-09-03 00:18:10.439 | INFO     | tt_transformers.modules.lazy_weight:get_device_weight:120 - [32m[cache hit][0m Loading tensor from cache: /localdev/gwang/tt_transformers/model_cache/llama33_70b/T3K/norm/layer48_post_attn_srcshape_1_1_256_32_dtype_BFLOAT16_layout_ROW_MAJOR_mapper_241585d9fe31_device_0.tensorbin
2026-09-03 00:18:10.440 | INFO     | tt_transformers.modules.lazy_weight:get_device_weight:120 - [32m[cache hit][0m Loading tensor from cache: /localdev/gwang/tt_transformers/model_cache/llama33_70b/T3K/norm/layer48_post_attn_srcshape_1_1_256_32_dtype_BFLOAT16_layout_ROW_MAJOR_mapper_b82b244385ac_device_0.tensorbin
2026-09-03 00:18:10.440 | INFO     | tt_transformers.modules.lazy_weight:get_device_weight:120 - [32m[cache hit][0m Loading tensor from cache: /localdev/gwang/tt_transformers/model_cache/llama33_70b/T3K/mlp/layer48_w1_srcshape_8192_28672_dtype_BFLOAT8_B_layout_TILE_memcfg_1786057467681592545_mapper_660f4331f0f0_device_0.tensorbin
2026-09-03 00:18:10.454 | INFO     | tt_transformers.modules.lazy_weight:get_device_weight:120 - [32m[cache hit][0m Loading tensor from cache: /localdev/gwang/tt_transformers/model_cache/llama33_70b/T3K/mlp/layer48_w2_srcshape_28672_8192_dtype_BFLOAT8_B_layout_TILE_memcfg_906506041791331912_mapper_0cdd7bdaff6f_device_0.tensorbin
2026-09-03 00:18:10.469 | INFO     | tt_transformers.modules.lazy_weight:get_device_weight:120 - [32m[cache hit][0m Loading tensor from cache: /localdev/gwang/tt_transformers/model_cache/llama33_70b/T3K/mlp/layer48_w3_srcshape_8192_28672_dtype_BFLOAT8_B_layout_TILE_memcfg_1786057467681592545_mapper_660f4331f0f0_device_0.tensorbin
2026-09-03 00:18:10.485 | INFO     | tt_transformers.modules.lazy_weight:get_device_weight:120 - [32m[cache hit][0m Loading tensor from cache: /localdev/gwang/tt_transformers/model_cache/llama33_70b/T3K/norm/layer49_pre_attn_srcshape_1_1_256_32_dtype_BFLOAT16_layout_ROW_MAJOR_mapper_241585d9fe31_device_0.tensorbin
2026-09-03 00:18:10.486 | INFO     | tt_transformers.modules.lazy_weight:get_device_weight:120 - [32m[cache hit][0m Loading tensor from cache: /localdev/gwang/tt_transformers/model_cache/llama33_70b/T3K/norm/layer49_pre_attn_srcshape_1_1_256_32_dtype_BFLOAT16_layout_ROW_MAJOR_mapper_b82b244385ac_device_0.tensorbin
2026-09-03 00:18:10.487 | INFO     | tt_transformers.modules.lazy_weight:get_device_weight:120 - [32m[cache hit][0m Loading tensor from cache: /localdev/gwang/tt_transformers/model_cache/llama33_70b/T3K/attn/layer49_wqkv_srcshape_1_1_8192_10240_dtype_BFLOAT8_B_layout_TILE_memcfg_663972112453010226_mapper_660f4331f0f0_device_0.tensorbin
2026-09-03 00:18:10.493 | INFO     | tt_transformers.modules.lazy_weight:get_device_weight:120 - [32m[cache hit][0m Loading tensor from cache: /localdev/gwang/tt_transformers/model_cache/llama33_70b/T3K/attn/layer49_wo_srcshape_1_1_8192_8192_dtype_BFLOAT8_B_layout_TILE_mapper_660f4331f0f0_device_0.tensorbin
2026-09-03 00:18:10.499 | INFO     | tt_transformers.modules.lazy_weight:get_device_weight:120 - [32m[cache hit][0m Loading tensor from cache: /localdev/gwang/tt_transformers/model_cache/llama33_70b/T3K/norm/layer49_post_attn_srcshape_1_1_256_32_dtype_BFLOAT16_layout_ROW_MAJOR_mapper_241585d9fe31_device_0.tensorbin
2026-09-03 00:18:10.499 | INFO     | tt_transformers.modules.lazy_weight:get_device_weight:120 - [32m[cache hit][0m Loading tensor from cache: /localdev/gwang/tt_transformers/model_cache/llama33_70b/T3K/norm/layer49_post_attn_srcshape_1_1_256_32_dtype_BFLOAT16_layout_ROW_MAJOR_mapper_b82b244385ac_device_0.tensorbin
2026-09-03 00:18:10.500 | INFO     | tt_transformers.modules.lazy_weight:get_device_weight:120 - [32m[cache hit][0m Loading tensor from cache: /localdev/gwang/tt_transformers/model_cache/llama33_70b/T3K/mlp/layer49_w1_srcshape_8192_28672_dtype_BFLOAT8_B_layout_TILE_memcfg_1786057467681592545_mapper_660f4331f0f0_device_0.tensorbin
2026-09-03 00:18:10.513 | INFO     | tt_transformers.modules.lazy_weight:get_device_weight:120 - [32m[cache hit][0m Loading tensor from cache: /localdev/gwang/tt_transformers/model_cache/llama33_70b/T3K/mlp/layer49_w2_srcshape_28672_8192_dtype_BFLOAT8_B_layout_TILE_memcfg_906506041791331912_mapper_0cdd7bdaff6f_device_0.tensorbin
2026-09-03 00:18:10.528 | INFO     | tt_transformers.modules.lazy_weight:get_device_weight:120 - [32m[cache hit][0m Loading tensor from cache: /localdev/gwang/tt_transformers/model_cache/llama33_70b/T3K/mlp/layer49_w3_srcshape_8192_28672_dtype_BFLOAT8_B_layout_TILE_memcfg_1786057467681592545_mapper_660f4331f0f0_device_0.tensorbin
2026-09-03 00:18:10.544 | INFO     | tt_transformers.modules.lazy_weight:get_device_weight:120 - [32m[cache hit][0m Loading tensor from cache: /localdev/gwang/tt_transformers/model_cache/llama33_70b/T3K/norm/layer50_pre_attn_srcshape_1_1_256_32_dtype_BFLOAT16_layout_ROW_MAJOR_mapper_241585d9fe31_device_0.tensorbin
2026-09-03 00:18:10.545 | INFO     | tt_transformers.modules.lazy_weight:get_device_weight:120 - [32m[cache hit][0m Loading tensor from cache: /localdev/gwang/tt_transformers/model_cache/llama33_70b/T3K/norm/layer50_pre_attn_srcshape_1_1_256_32_dtype_BFLOAT16_layout_ROW_MAJOR_mapper_b82b244385ac_device_0.tensorbin
2026-09-03 00:18:10.545 | INFO     | tt_transformers.modules.lazy_weight:get_device_weight:120 - [32m[cache hit][0m Loading tensor from cache: /localdev/gwang/tt_transformers/model_cache/llama33_70b/T3K/attn/layer50_wqkv_srcshape_1_1_8192_10240_dtype_BFLOAT8_B_layout_TILE_memcfg_663972112453010226_mapper_660f4331f0f0_device_0.tensorbin
2026-09-03 00:18:10.551 | INFO     | tt_transformers.modules.lazy_weight:get_device_weight:120 - [32m[cache hit][0m Loading tensor from cache: /localdev/gwang/tt_transformers/model_cache/llama33_70b/T3K/attn/layer50_wo_srcshape_1_1_8192_8192_dtype_BFLOAT8_B_layout_TILE_mapper_660f4331f0f0_device_0.tensorbin
2026-09-03 00:18:10.557 | INFO     | tt_transformers.modules.lazy_weight:get_device_weight:120 - [32m[cache hit][0m Loading tensor from cache: /localdev/gwang/tt_transformers/model_cache/llama33_70b/T3K/norm/layer50_post_attn_srcshape_1_1_256_32_dtype_BFLOAT16_layout_ROW_MAJOR_mapper_241585d9fe31_device_0.tensorbin
2026-09-03 00:18:10.557 | INFO     | tt_transformers.modules.lazy_weight:get_device_weight:120 - [32m[cache hit][0m Loading tensor from cache: /localdev/gwang/tt_transformers/model_cache/llama33_70b/T3K/norm/layer50_post_attn_srcshape_1_1_256_32_dtype_BFLOAT16_layout_ROW_MAJOR_mapper_b82b244385ac_device_0.tensorbin
2026-09-03 00:18:10.558 | INFO     | tt_transformers.modules.lazy_weight:get_device_weight:120 - [32m[cache hit][0m Loading tensor from cache: /localdev/gwang/tt_transformers/model_cache/llama33_70b/T3K/mlp/layer50_w1_srcshape_8192_28672_dtype_BFLOAT8_B_layout_TILE_memcfg_1786057467681592545_mapper_660f4331f0f0_device_0.tensorbin
2026-09-03 00:18:10.570 | INFO     | tt_transformers.modules.lazy_weight:get_device_weight:120 - [32m[cache hit][0m Loading tensor from cache: /localdev/gwang/tt_transformers/model_cache/llama33_70b/T3K/mlp/layer50_w2_srcshape_28672_8192_dtype_BFLOAT8_B_layout_TILE_memcfg_906506041791331912_mapper_0cdd7bdaff6f_device_0.tensorbin
2026-09-03 00:18:10.586 | INFO     | tt_transformers.modules.lazy_weight:get_device_weight:120 - [32m[cache hit][0m Loading tensor from cache: /localdev/gwang/tt_transformers/model_cache/llama33_70b/T3K/mlp/layer50_w3_srcshape_8192_28672_dtype_BFLOAT8_B_layout_TILE_memcfg_1786057467681592545_mapper_660f4331f0f0_device_0.tensorbin
2026-09-03 00:18:10.599 | INFO     | tt_transformers.modules.lazy_weight:get_device_weight:120 - [32m[cache hit][0m Loading tensor from cache: /localdev/gwang/tt_transformers/model_cache/llama33_70b/T3K/norm/layer51_pre_attn_srcshape_1_1_256_32_dtype_BFLOAT16_layout_ROW_MAJOR_mapper_241585d9fe31_device_0.tensorbin
2026-09-03 00:18:10.600 | INFO     | tt_transformers.modules.lazy_weight:get_device_weight:120 - [32m[cache hit][0m Loading tensor from cache: /localdev/gwang/tt_transformers/model_cache/llama33_70b/T3K/norm/layer51_pre_attn_srcshape_1_1_256_32_dtype_BFLOAT16_layout_ROW_MAJOR_mapper_b82b244385ac_device_0.tensorbin
2026-09-03 00:18:10.601 | INFO     | tt_transformers.modules.lazy_weight:get_device_weight:120 - [32m[cache hit][0m Loading tensor from cache: /localdev/gwang/tt_transformers/model_cache/llama33_70b/T3K/attn/layer51_wqkv_srcshape_1_1_8192_10240_dtype_BFLOAT8_B_layout_TILE_memcfg_663972112453010226_mapper_660f4331f0f0_device_0.tensorbin
2026-09-03 00:18:10.607 | INFO     | tt_transformers.modules.lazy_weight:get_device_weight:120 - [32m[cache hit][0m Loading tensor from cache: /localdev/gwang/tt_transformers/model_cache/llama33_70b/T3K/attn/layer51_wo_srcshape_1_1_8192_8192_dtype_BFLOAT8_B_layout_TILE_mapper_660f4331f0f0_device_0.tensorbin
2026-09-03 00:18:10.613 | INFO     | tt_transformers.modules.lazy_weight:get_device_weight:120 - [32m[cache hit][0m Loading tensor from cache: /localdev/gwang/tt_transformers/model_cache/llama33_70b/T3K/norm/layer51_post_attn_srcshape_1_1_256_32_dtype_BFLOAT16_layout_ROW_MAJOR_mapper_241585d9fe31_device_0.tensorbin
2026-09-03 00:18:10.613 | INFO     | tt_transformers.modules.lazy_weight:get_device_weight:120 - [32m[cache hit][0m Loading tensor from cache: /localdev/gwang/tt_transformers/model_cache/llama33_70b/T3K/norm/layer51_post_attn_srcshape_1_1_256_32_dtype_BFLOAT16_layout_ROW_MAJOR_mapper_b82b244385ac_device_0.tensorbin
2026-09-03 00:18:10.615 | INFO     | tt_transformers.modules.lazy_weight:get_device_weight:120 - [32m[cache hit][0m Loading tensor from cache: /localdev/gwang/tt_transformers/model_cache/llama33_70b/T3K/mlp/layer51_w1_srcshape_8192_28672_dtype_BFLOAT8_B_layout_TILE_memcfg_1786057467681592545_mapper_660f4331f0f0_device_0.tensorbin
2026-09-03 00:18:10.630 | INFO     | tt_transformers.modules.lazy_weight:get_device_weight:120 - [32m[cache hit][0m Loading tensor from cache: /localdev/gwang/tt_transformers/model_cache/llama33_70b/T3K/mlp/layer51_w2_srcshape_28672_8192_dtype_BFLOAT8_B_layout_TILE_memcfg_906506041791331912_mapper_0cdd7bdaff6f_device_0.tensorbin
2026-09-03 00:18:10.645 | INFO     | tt_transformers.modules.lazy_weight:get_device_weight:120 - [32m[cache hit][0m Loading tensor from cache: /localdev/gwang/tt_transformers/model_cache/llama33_70b/T3K/mlp/layer51_w3_srcshape_8192_28672_dtype_BFLOAT8_B_layout_TILE_memcfg_1786057467681592545_mapper_660f4331f0f0_device_0.tensorbin
2026-09-03 00:18:10.662 | INFO     | tt_transformers.modules.lazy_weight:get_device_weight:120 - [32m[cache hit][0m Loading tensor from cache: /localdev/gwang/tt_transformers/model_cache/llama33_70b/T3K/norm/layer52_pre_attn_srcshape_1_1_256_32_dtype_BFLOAT16_layout_ROW_MAJOR_mapper_241585d9fe31_device_0.tensorbin
2026-09-03 00:18:10.662 | INFO     | tt_transformers.modules.lazy_weight:get_device_weight:120 - [32m[cache hit][0m Loading tensor from cache: /localdev/gwang/tt_transformers/model_cache/llama33_70b/T3K/norm/layer52_pre_attn_srcshape_1_1_256_32_dtype_BFLOAT16_layout_ROW_MAJOR_mapper_b82b244385ac_device_0.tensorbin
2026-09-03 00:18:10.663 | INFO     | tt_transformers.modules.lazy_weight:get_device_weight:120 - [32m[cache hit][0m Loading tensor from cache: /localdev/gwang/tt_transformers/model_cache/llama33_70b/T3K/attn/layer52_wqkv_srcshape_1_1_8192_10240_dtype_BFLOAT8_B_layout_TILE_memcfg_663972112453010226_mapper_660f4331f0f0_device_0.tensorbin
2026-09-03 00:18:10.669 | INFO     | tt_transformers.modules.lazy_weight:get_device_weight:120 - [32m[cache hit][0m Loading tensor from cache: /localdev/gwang/tt_transformers/model_cache/llama33_70b/T3K/attn/layer52_wo_srcshape_1_1_8192_8192_dtype_BFLOAT8_B_layout_TILE_mapper_660f4331f0f0_device_0.tensorbin
2026-09-03 00:18:10.674 | INFO     | tt_transformers.modules.lazy_weight:get_device_weight:120 - [32m[cache hit][0m Loading tensor from cache: /localdev/gwang/tt_transformers/model_cache/llama33_70b/T3K/norm/layer52_post_attn_srcshape_1_1_256_32_dtype_BFLOAT16_layout_ROW_MAJOR_mapper_241585d9fe31_device_0.tensorbin
2026-09-03 00:18:10.675 | INFO     | tt_transformers.modules.lazy_weight:get_device_weight:120 - [32m[cache hit][0m Loading tensor from cache: /localdev/gwang/tt_transformers/model_cache/llama33_70b/T3K/norm/layer52_post_attn_srcshape_1_1_256_32_dtype_BFLOAT16_layout_ROW_MAJOR_mapper_b82b244385ac_device_0.tensorbin
2026-09-03 00:18:10.675 | INFO     | tt_transformers.modules.lazy_weight:get_device_weight:120 - [32m[cache hit][0m Loading tensor from cache: /localdev/gwang/tt_transformers/model_cache/llama33_70b/T3K/mlp/layer52_w1_srcshape_8192_28672_dtype_BFLOAT8_B_layout_TILE_memcfg_1786057467681592545_mapper_660f4331f0f0_device_0.tensorbin
2026-09-03 00:18:10.689 | INFO     | tt_transformers.modules.lazy_weight:get_device_weight:120 - [32m[cache hit][0m Loading tensor from cache: /localdev/gwang/tt_transformers/model_cache/llama33_70b/T3K/mlp/layer52_w2_srcshape_28672_8192_dtype_BFLOAT8_B_layout_TILE_memcfg_906506041791331912_mapper_0cdd7bdaff6f_device_0.tensorbin
2026-09-03 00:18:10.703 | INFO     | tt_transformers.modules.lazy_weight:get_device_weight:120 - [32m[cache hit][0m Loading tensor from cache: /localdev/gwang/tt_transformers/model_cache/llama33_70b/T3K/mlp/layer52_w3_srcshape_8192_28672_dtype_BFLOAT8_B_layout_TILE_memcfg_1786057467681592545_mapper_660f4331f0f0_device_0.tensorbin
2026-09-03 00:18:10.718 | INFO     | tt_transformers.modules.lazy_weight:get_device_weight:120 - [32m[cache hit][0m Loading tensor from cache: /localdev/gwang/tt_transformers/model_cache/llama33_70b/T3K/norm/layer53_pre_attn_srcshape_1_1_256_32_dtype_BFLOAT16_layout_ROW_MAJOR_mapper_241585d9fe31_device_0.tensorbin
2026-09-03 00:18:10.718 | INFO     | tt_transformers.modules.lazy_weight:get_device_weight:120 - [32m[cache hit][0m Loading tensor from cache: /localdev/gwang/tt_transformers/model_cache/llama33_70b/T3K/norm/layer53_pre_attn_srcshape_1_1_256_32_dtype_BFLOAT16_layout_ROW_MAJOR_mapper_b82b244385ac_device_0.tensorbin
2026-09-03 00:18:10.719 | INFO     | tt_transformers.modules.lazy_weight:get_device_weight:120 - [32m[cache hit][0m Loading tensor from cache: /localdev/gwang/tt_transformers/model_cache/llama33_70b/T3K/attn/layer53_wqkv_srcshape_1_1_8192_10240_dtype_BFLOAT8_B_layout_TILE_memcfg_663972112453010226_mapper_660f4331f0f0_device_0.tensorbin
2026-09-03 00:18:10.724 | INFO     | tt_transformers.modules.lazy_weight:get_device_weight:120 - [32m[cache hit][0m Loading tensor from cache: /localdev/gwang/tt_transformers/model_cache/llama33_70b/T3K/attn/layer53_wo_srcshape_1_1_8192_8192_dtype_BFLOAT8_B_layout_TILE_mapper_660f4331f0f0_device_0.tensorbin
2026-09-03 00:18:10.729 | INFO     | tt_transformers.modules.lazy_weight:get_device_weight:120 - [32m[cache hit][0m Loading tensor from cache: /localdev/gwang/tt_transformers/model_cache/llama33_70b/T3K/norm/layer53_post_attn_srcshape_1_1_256_32_dtype_BFLOAT16_layout_ROW_MAJOR_mapper_241585d9fe31_device_0.tensorbin
2026-09-03 00:18:10.730 | INFO     | tt_transformers.modules.lazy_weight:get_device_weight:120 - [32m[cache hit][0m Loading tensor from cache: /localdev/gwang/tt_transformers/model_cache/llama33_70b/T3K/norm/layer53_post_attn_srcshape_1_1_256_32_dtype_BFLOAT16_layout_ROW_MAJOR_mapper_b82b244385ac_device_0.tensorbin
2026-09-03 00:18:10.731 | INFO     | tt_transformers.modules.lazy_weight:get_device_weight:120 - [32m[cache hit][0m Loading tensor from cache: /localdev/gwang/tt_transformers/model_cache/llama33_70b/T3K/mlp/layer53_w1_srcshape_8192_28672_dtype_BFLOAT8_B_layout_TILE_memcfg_1786057467681592545_mapper_660f4331f0f0_device_0.tensorbin
2026-09-03 00:18:10.743 | INFO     | tt_transformers.modules.lazy_weight:get_device_weight:120 - [32m[cache hit][0m Loading tensor from cache: /localdev/gwang/tt_transformers/model_cache/llama33_70b/T3K/mlp/layer53_w2_srcshape_28672_8192_dtype_BFLOAT8_B_layout_TILE_memcfg_906506041791331912_mapper_0cdd7bdaff6f_device_0.tensorbin
2026-09-03 00:18:10.757 | INFO     | tt_transformers.modules.lazy_weight:get_device_weight:120 - [32m[cache hit][0m Loading tensor from cache: /localdev/gwang/tt_transformers/model_cache/llama33_70b/T3K/mlp/layer53_w3_srcshape_8192_28672_dtype_BFLOAT8_B_layout_TILE_memcfg_1786057467681592545_mapper_660f4331f0f0_device_0.tensorbin
2026-09-03 00:18:10.774 | INFO     | tt_transformers.modules.lazy_weight:get_device_weight:120 - [32m[cache hit][0m Loading tensor from cache: /localdev/gwang/tt_transformers/model_cache/llama33_70b/T3K/norm/layer54_pre_attn_srcshape_1_1_256_32_dtype_BFLOAT16_layout_ROW_MAJOR_mapper_241585d9fe31_device_0.tensorbin
2026-09-03 00:18:10.774 | INFO     | tt_transformers.modules.lazy_weight:get_device_weight:120 - [32m[cache hit][0m Loading tensor from cache: /localdev/gwang/tt_transformers/model_cache/llama33_70b/T3K/norm/layer54_pre_attn_srcshape_1_1_256_32_dtype_BFLOAT16_layout_ROW_MAJOR_mapper_b82b244385ac_device_0.tensorbin
2026-09-03 00:18:10.775 | INFO     | tt_transformers.modules.lazy_weight:get_device_weight:120 - [32m[cache hit][0m Loading tensor from cache: /localdev/gwang/tt_transformers/model_cache/llama33_70b/T3K/attn/layer54_wqkv_srcshape_1_1_8192_10240_dtype_BFLOAT8_B_layout_TILE_memcfg_663972112453010226_mapper_660f4331f0f0_device_0.tensorbin
2026-09-03 00:18:10.780 | INFO     | tt_transformers.modules.lazy_weight:get_device_weight:120 - [32m[cache hit][0m Loading tensor from cache: /localdev/gwang/tt_transformers/model_cache/llama33_70b/T3K/attn/layer54_wo_srcshape_1_1_8192_8192_dtype_BFLOAT8_B_layout_TILE_mapper_660f4331f0f0_device_0.tensorbin
2026-09-03 00:18:10.786 | INFO     | tt_transformers.modules.lazy_weight:get_device_weight:120 - [32m[cache hit][0m Loading tensor from cache: /localdev/gwang/tt_transformers/model_cache/llama33_70b/T3K/norm/layer54_post_attn_srcshape_1_1_256_32_dtype_BFLOAT16_layout_ROW_MAJOR_mapper_241585d9fe31_device_0.tensorbin
2026-09-03 00:18:10.786 | INFO     | tt_transformers.modules.lazy_weight:get_device_weight:120 - [32m[cache hit][0m Loading tensor from cache: /localdev/gwang/tt_transformers/model_cache/llama33_70b/T3K/norm/layer54_post_attn_srcshape_1_1_256_32_dtype_BFLOAT16_layout_ROW_MAJOR_mapper_b82b244385ac_device_0.tensorbin
2026-09-03 00:18:10.787 | INFO     | tt_transformers.modules.lazy_weight:get_device_weight:120 - [32m[cache hit][0m Loading tensor from cache: /localdev/gwang/tt_transformers/model_cache/llama33_70b/T3K/mlp/layer54_w1_srcshape_8192_28672_dtype_BFLOAT8_B_layout_TILE_memcfg_1786057467681592545_mapper_660f4331f0f0_device_0.tensorbin
2026-09-03 00:18:10.801 | INFO     | tt_transformers.modules.lazy_weight:get_device_weight:120 - [32m[cache hit][0m Loading tensor from cache: /localdev/gwang/tt_transformers/model_cache/llama33_70b/T3K/mlp/layer54_w2_srcshape_28672_8192_dtype_BFLOAT8_B_layout_TILE_memcfg_906506041791331912_mapper_0cdd7bdaff6f_device_0.tensorbin
2026-09-03 00:18:10.814 | INFO     | tt_transformers.modules.lazy_weight:get_device_weight:120 - [32m[cache hit][0m Loading tensor from cache: /localdev/gwang/tt_transformers/model_cache/llama33_70b/T3K/mlp/layer54_w3_srcshape_8192_28672_dtype_BFLOAT8_B_layout_TILE_memcfg_1786057467681592545_mapper_660f4331f0f0_device_0.tensorbin
2026-09-03 00:18:10.828 | INFO     | tt_transformers.modules.lazy_weight:get_device_weight:120 - [32m[cache hit][0m Loading tensor from cache: /localdev/gwang/tt_transformers/model_cache/llama33_70b/T3K/norm/layer55_pre_attn_srcshape_1_1_256_32_dtype_BFLOAT16_layout_ROW_MAJOR_mapper_241585d9fe31_device_0.tensorbin
2026-09-03 00:18:10.829 | INFO     | tt_transformers.modules.lazy_weight:get_device_weight:120 - [32m[cache hit][0m Loading tensor from cache: /localdev/gwang/tt_transformers/model_cache/llama33_70b/T3K/norm/layer55_pre_attn_srcshape_1_1_256_32_dtype_BFLOAT16_layout_ROW_MAJOR_mapper_b82b244385ac_device_0.tensorbin
2026-09-03 00:18:10.829 | INFO     | tt_transformers.modules.lazy_weight:get_device_weight:120 - [32m[cache hit][0m Loading tensor from cache: /localdev/gwang/tt_transformers/model_cache/llama33_70b/T3K/attn/layer55_wqkv_srcshape_1_1_8192_10240_dtype_BFLOAT8_B_layout_TILE_memcfg_663972112453010226_mapper_660f4331f0f0_device_0.tensorbin
2026-09-03 00:18:10.835 | INFO     | tt_transformers.modules.lazy_weight:get_device_weight:120 - [32m[cache hit][0m Loading tensor from cache: /localdev/gwang/tt_transformers/model_cache/llama33_70b/T3K/attn/layer55_wo_srcshape_1_1_8192_8192_dtype_BFLOAT8_B_layout_TILE_mapper_660f4331f0f0_device_0.tensorbin
2026-09-03 00:18:10.841 | INFO     | tt_transformers.modules.lazy_weight:get_device_weight:120 - [32m[cache hit][0m Loading tensor from cache: /localdev/gwang/tt_transformers/model_cache/llama33_70b/T3K/norm/layer55_post_attn_srcshape_1_1_256_32_dtype_BFLOAT16_layout_ROW_MAJOR_mapper_241585d9fe31_device_0.tensorbin
2026-09-03 00:18:10.841 | INFO     | tt_transformers.modules.lazy_weight:get_device_weight:120 - [32m[cache hit][0m Loading tensor from cache: /localdev/gwang/tt_transformers/model_cache/llama33_70b/T3K/norm/layer55_post_attn_srcshape_1_1_256_32_dtype_BFLOAT16_layout_ROW_MAJOR_mapper_b82b244385ac_device_0.tensorbin
2026-09-03 00:18:10.842 | INFO     | tt_transformers.modules.lazy_weight:get_device_weight:120 - [32m[cache hit][0m Loading tensor from cache: /localdev/gwang/tt_transformers/model_cache/llama33_70b/T3K/mlp/layer55_w1_srcshape_8192_28672_dtype_BFLOAT8_B_layout_TILE_memcfg_1786057467681592545_mapper_660f4331f0f0_device_0.tensorbin
2026-09-03 00:18:10.855 | INFO     | tt_transformers.modules.lazy_weight:get_device_weight:120 - [32m[cache hit][0m Loading tensor from cache: /localdev/gwang/tt_transformers/model_cache/llama33_70b/T3K/mlp/layer55_w2_srcshape_28672_8192_dtype_BFLOAT8_B_layout_TILE_memcfg_906506041791331912_mapper_0cdd7bdaff6f_device_0.tensorbin
2026-09-03 00:18:10.868 | INFO     | tt_transformers.modules.lazy_weight:get_device_weight:120 - [32m[cache hit][0m Loading tensor from cache: /localdev/gwang/tt_transformers/model_cache/llama33_70b/T3K/mlp/layer55_w3_srcshape_8192_28672_dtype_BFLOAT8_B_layout_TILE_memcfg_1786057467681592545_mapper_660f4331f0f0_device_0.tensorbin
2026-09-03 00:18:10.883 | INFO     | tt_transformers.modules.lazy_weight:get_device_weight:120 - [32m[cache hit][0m Loading tensor from cache: /localdev/gwang/tt_transformers/model_cache/llama33_70b/T3K/norm/layer56_pre_attn_srcshape_1_1_256_32_dtype_BFLOAT16_layout_ROW_MAJOR_mapper_241585d9fe31_device_0.tensorbin
2026-09-03 00:18:10.884 | INFO     | tt_transformers.modules.lazy_weight:get_device_weight:120 - [32m[cache hit][0m Loading tensor from cache: /localdev/gwang/tt_transformers/model_cache/llama33_70b/T3K/norm/layer56_pre_attn_srcshape_1_1_256_32_dtype_BFLOAT16_layout_ROW_MAJOR_mapper_b82b244385ac_device_0.tensorbin
2026-09-03 00:18:10.885 | INFO     | tt_transformers.modules.lazy_weight:get_device_weight:120 - [32m[cache hit][0m Loading tensor from cache: /localdev/gwang/tt_transformers/model_cache/llama33_70b/T3K/attn/layer56_wqkv_srcshape_1_1_8192_10240_dtype_BFLOAT8_B_layout_TILE_memcfg_663972112453010226_mapper_660f4331f0f0_device_0.tensorbin
2026-09-03 00:18:10.891 | INFO     | tt_transformers.modules.lazy_weight:get_device_weight:120 - [32m[cache hit][0m Loading tensor from cache: /localdev/gwang/tt_transformers/model_cache/llama33_70b/T3K/attn/layer56_wo_srcshape_1_1_8192_8192_dtype_BFLOAT8_B_layout_TILE_mapper_660f4331f0f0_device_0.tensorbin
2026-09-03 00:18:10.897 | INFO     | tt_transformers.modules.lazy_weight:get_device_weight:120 - [32m[cache hit][0m Loading tensor from cache: /localdev/gwang/tt_transformers/model_cache/llama33_70b/T3K/norm/layer56_post_attn_srcshape_1_1_256_32_dtype_BFLOAT16_layout_ROW_MAJOR_mapper_241585d9fe31_device_0.tensorbin
2026-09-03 00:18:10.898 | INFO     | tt_transformers.modules.lazy_weight:get_device_weight:120 - [32m[cache hit][0m Loading tensor from cache: /localdev/gwang/tt_transformers/model_cache/llama33_70b/T3K/norm/layer56_post_attn_srcshape_1_1_256_32_dtype_BFLOAT16_layout_ROW_MAJOR_mapper_b82b244385ac_device_0.tensorbin
2026-09-03 00:18:10.899 | INFO     | tt_transformers.modules.lazy_weight:get_device_weight:120 - [32m[cache hit][0m Loading tensor from cache: /localdev/gwang/tt_transformers/model_cache/llama33_70b/T3K/mlp/layer56_w1_srcshape_8192_28672_dtype_BFLOAT8_B_layout_TILE_memcfg_1786057467681592545_mapper_660f4331f0f0_device_0.tensorbin
2026-09-03 00:18:10.911 | INFO     | tt_transformers.modules.lazy_weight:get_device_weight:120 - [32m[cache hit][0m Loading tensor from cache: /localdev/gwang/tt_transformers/model_cache/llama33_70b/T3K/mlp/layer56_w2_srcshape_28672_8192_dtype_BFLOAT8_B_layout_TILE_memcfg_906506041791331912_mapper_0cdd7bdaff6f_device_0.tensorbin
2026-09-03 00:18:10.927 | INFO     | tt_transformers.modules.lazy_weight:get_device_weight:120 - [32m[cache hit][0m Loading tensor from cache: /localdev/gwang/tt_transformers/model_cache/llama33_70b/T3K/mlp/layer56_w3_srcshape_8192_28672_dtype_BFLOAT8_B_layout_TILE_memcfg_1786057467681592545_mapper_660f4331f0f0_device_0.tensorbin
2026-09-03 00:18:10.941 | INFO     | tt_transformers.modules.lazy_weight:get_device_weight:120 - [32m[cache hit][0m Loading tensor from cache: /localdev/gwang/tt_transformers/model_cache/llama33_70b/T3K/norm/layer57_pre_attn_srcshape_1_1_256_32_dtype_BFLOAT16_layout_ROW_MAJOR_mapper_241585d9fe31_device_0.tensorbin
2026-09-03 00:18:10.942 | INFO     | tt_transformers.modules.lazy_weight:get_device_weight:120 - [32m[cache hit][0m Loading tensor from cache: /localdev/gwang/tt_transformers/model_cache/llama33_70b/T3K/norm/layer57_pre_attn_srcshape_1_1_256_32_dtype_BFLOAT16_layout_ROW_MAJOR_mapper_b82b244385ac_device_0.tensorbin
2026-09-03 00:18:10.942 | INFO     | tt_transformers.modules.lazy_weight:get_device_weight:120 - [32m[cache hit][0m Loading tensor from cache: /localdev/gwang/tt_transformers/model_cache/llama33_70b/T3K/attn/layer57_wqkv_srcshape_1_1_8192_10240_dtype_BFLOAT8_B_layout_TILE_memcfg_663972112453010226_mapper_660f4331f0f0_device_0.tensorbin
2026-09-03 00:18:10.948 | INFO     | tt_transformers.modules.lazy_weight:get_device_weight:120 - [32m[cache hit][0m Loading tensor from cache: /localdev/gwang/tt_transformers/model_cache/llama33_70b/T3K/attn/layer57_wo_srcshape_1_1_8192_8192_dtype_BFLOAT8_B_layout_TILE_mapper_660f4331f0f0_device_0.tensorbin
2026-09-03 00:18:10.955 | INFO     | tt_transformers.modules.lazy_weight:get_device_weight:120 - [32m[cache hit][0m Loading tensor from cache: /localdev/gwang/tt_transformers/model_cache/llama33_70b/T3K/norm/layer57_post_attn_srcshape_1_1_256_32_dtype_BFLOAT16_layout_ROW_MAJOR_mapper_241585d9fe31_device_0.tensorbin
2026-09-03 00:18:10.955 | INFO     | tt_transformers.modules.lazy_weight:get_device_weight:120 - [32m[cache hit][0m Loading tensor from cache: /localdev/gwang/tt_transformers/model_cache/llama33_70b/T3K/norm/layer57_post_attn_srcshape_1_1_256_32_dtype_BFLOAT16_layout_ROW_MAJOR_mapper_b82b244385ac_device_0.tensorbin
2026-09-03 00:18:10.956 | INFO     | tt_transformers.modules.lazy_weight:get_device_weight:120 - [32m[cache hit][0m Loading tensor from cache: /localdev/gwang/tt_transformers/model_cache/llama33_70b/T3K/mlp/layer57_w1_srcshape_8192_28672_dtype_BFLOAT8_B_layout_TILE_memcfg_1786057467681592545_mapper_660f4331f0f0_device_0.tensorbin
2026-09-03 00:18:10.968 | INFO     | tt_transformers.modules.lazy_weight:get_device_weight:120 - [32m[cache hit][0m Loading tensor from cache: /localdev/gwang/tt_transformers/model_cache/llama33_70b/T3K/mlp/layer57_w2_srcshape_28672_8192_dtype_BFLOAT8_B_layout_TILE_memcfg_906506041791331912_mapper_0cdd7bdaff6f_device_0.tensorbin
2026-09-03 00:18:10.983 | INFO     | tt_transformers.modules.lazy_weight:get_device_weight:120 - [32m[cache hit][0m Loading tensor from cache: /localdev/gwang/tt_transformers/model_cache/llama33_70b/T3K/mlp/layer57_w3_srcshape_8192_28672_dtype_BFLOAT8_B_layout_TILE_memcfg_1786057467681592545_mapper_660f4331f0f0_device_0.tensorbin
2026-09-03 00:18:11.000 | INFO     | tt_transformers.modules.lazy_weight:get_device_weight:120 - [32m[cache hit][0m Loading tensor from cache: /localdev/gwang/tt_transformers/model_cache/llama33_70b/T3K/norm/layer58_pre_attn_srcshape_1_1_256_32_dtype_BFLOAT16_layout_ROW_MAJOR_mapper_241585d9fe31_device_0.tensorbin
2026-09-03 00:18:11.000 | INFO     | tt_transformers.modules.lazy_weight:get_device_weight:120 - [32m[cache hit][0m Loading tensor from cache: /localdev/gwang/tt_transformers/model_cache/llama33_70b/T3K/norm/layer58_pre_attn_srcshape_1_1_256_32_dtype_BFLOAT16_layout_ROW_MAJOR_mapper_b82b244385ac_device_0.tensorbin
2026-09-03 00:18:11.001 | INFO     | tt_transformers.modules.lazy_weight:get_device_weight:120 - [32m[cache hit][0m Loading tensor from cache: /localdev/gwang/tt_transformers/model_cache/llama33_70b/T3K/attn/layer58_wqkv_srcshape_1_1_8192_10240_dtype_BFLOAT8_B_layout_TILE_memcfg_663972112453010226_mapper_660f4331f0f0_device_0.tensorbin
2026-09-03 00:18:11.008 | INFO     | tt_transformers.modules.lazy_weight:get_device_weight:120 - [32m[cache hit][0m Loading tensor from cache: /localdev/gwang/tt_transformers/model_cache/llama33_70b/T3K/attn/layer58_wo_srcshape_1_1_8192_8192_dtype_BFLOAT8_B_layout_TILE_mapper_660f4331f0f0_device_0.tensorbin
2026-09-03 00:18:11.014 | INFO     | tt_transformers.modules.lazy_weight:get_device_weight:120 - [32m[cache hit][0m Loading tensor from cache: /localdev/gwang/tt_transformers/model_cache/llama33_70b/T3K/norm/layer58_post_attn_srcshape_1_1_256_32_dtype_BFLOAT16_layout_ROW_MAJOR_mapper_241585d9fe31_device_0.tensorbin
2026-09-03 00:18:11.014 | INFO     | tt_transformers.modules.lazy_weight:get_device_weight:120 - [32m[cache hit][0m Loading tensor from cache: /localdev/gwang/tt_transformers/model_cache/llama33_70b/T3K/norm/layer58_post_attn_srcshape_1_1_256_32_dtype_BFLOAT16_layout_ROW_MAJOR_mapper_b82b244385ac_device_0.tensorbin
2026-09-03 00:18:11.015 | INFO     | tt_transformers.modules.lazy_weight:get_device_weight:120 - [32m[cache hit][0m Loading tensor from cache: /localdev/gwang/tt_transformers/model_cache/llama33_70b/T3K/mlp/layer58_w1_srcshape_8192_28672_dtype_BFLOAT8_B_layout_TILE_memcfg_1786057467681592545_mapper_660f4331f0f0_device_0.tensorbin
2026-09-03 00:18:11.030 | INFO     | tt_transformers.modules.lazy_weight:get_device_weight:120 - [32m[cache hit][0m Loading tensor from cache: /localdev/gwang/tt_transformers/model_cache/llama33_70b/T3K/mlp/layer58_w2_srcshape_28672_8192_dtype_BFLOAT8_B_layout_TILE_memcfg_906506041791331912_mapper_0cdd7bdaff6f_device_0.tensorbin
2026-09-03 00:18:11.045 | INFO     | tt_transformers.modules.lazy_weight:get_device_weight:120 - [32m[cache hit][0m Loading tensor from cache: /localdev/gwang/tt_transformers/model_cache/llama33_70b/T3K/mlp/layer58_w3_srcshape_8192_28672_dtype_BFLOAT8_B_layout_TILE_memcfg_1786057467681592545_mapper_660f4331f0f0_device_0.tensorbin
2026-09-03 00:18:11.061 | INFO     | tt_transformers.modules.lazy_weight:get_device_weight:120 - [32m[cache hit][0m Loading tensor from cache: /localdev/gwang/tt_transformers/model_cache/llama33_70b/T3K/norm/layer59_pre_attn_srcshape_1_1_256_32_dtype_BFLOAT16_layout_ROW_MAJOR_mapper_241585d9fe31_device_0.tensorbin
2026-09-03 00:18:11.062 | INFO     | tt_transformers.modules.lazy_weight:get_device_weight:120 - [32m[cache hit][0m Loading tensor from cache: /localdev/gwang/tt_transformers/model_cache/llama33_70b/T3K/norm/layer59_pre_attn_srcshape_1_1_256_32_dtype_BFLOAT16_layout_ROW_MAJOR_mapper_b82b244385ac_device_0.tensorbin
2026-09-03 00:18:11.062 | INFO     | tt_transformers.modules.lazy_weight:get_device_weight:120 - [32m[cache hit][0m Loading tensor from cache: /localdev/gwang/tt_transformers/model_cache/llama33_70b/T3K/attn/layer59_wqkv_srcshape_1_1_8192_10240_dtype_BFLOAT8_B_layout_TILE_memcfg_663972112453010226_mapper_660f4331f0f0_device_0.tensorbin
2026-09-03 00:18:11.068 | INFO     | tt_transformers.modules.lazy_weight:get_device_weight:120 - [32m[cache hit][0m Loading tensor from cache: /localdev/gwang/tt_transformers/model_cache/llama33_70b/T3K/attn/layer59_wo_srcshape_1_1_8192_8192_dtype_BFLOAT8_B_layout_TILE_mapper_660f4331f0f0_device_0.tensorbin
2026-09-03 00:18:11.073 | INFO     | tt_transformers.modules.lazy_weight:get_device_weight:120 - [32m[cache hit][0m Loading tensor from cache: /localdev/gwang/tt_transformers/model_cache/llama33_70b/T3K/norm/layer59_post_attn_srcshape_1_1_256_32_dtype_BFLOAT16_layout_ROW_MAJOR_mapper_241585d9fe31_device_0.tensorbin
2026-09-03 00:18:11.074 | INFO     | tt_transformers.modules.lazy_weight:get_device_weight:120 - [32m[cache hit][0m Loading tensor from cache: /localdev/gwang/tt_transformers/model_cache/llama33_70b/T3K/norm/layer59_post_attn_srcshape_1_1_256_32_dtype_BFLOAT16_layout_ROW_MAJOR_mapper_b82b244385ac_device_0.tensorbin
2026-09-03 00:18:11.074 | INFO     | tt_transformers.modules.lazy_weight:get_device_weight:120 - [32m[cache hit][0m Loading tensor from cache: /localdev/gwang/tt_transformers/model_cache/llama33_70b/T3K/mlp/layer59_w1_srcshape_8192_28672_dtype_BFLOAT8_B_layout_TILE_memcfg_1786057467681592545_mapper_660f4331f0f0_device_0.tensorbin
2026-09-03 00:18:11.087 | INFO     | tt_transformers.modules.lazy_weight:get_device_weight:120 - [32m[cache hit][0m Loading tensor from cache: /localdev/gwang/tt_transformers/model_cache/llama33_70b/T3K/mlp/layer59_w2_srcshape_28672_8192_dtype_BFLOAT8_B_layout_TILE_memcfg_906506041791331912_mapper_0cdd7bdaff6f_device_0.tensorbin
2026-09-03 00:18:11.103 | INFO     | tt_transformers.modules.lazy_weight:get_device_weight:120 - [32m[cache hit][0m Loading tensor from cache: /localdev/gwang/tt_transformers/model_cache/llama33_70b/T3K/mlp/layer59_w3_srcshape_8192_28672_dtype_BFLOAT8_B_layout_TILE_memcfg_1786057467681592545_mapper_660f4331f0f0_device_0.tensorbin
2026-09-03 00:18:11.117 | INFO     | tt_transformers.modules.lazy_weight:get_device_weight:120 - [32m[cache hit][0m Loading tensor from cache: /localdev/gwang/tt_transformers/model_cache/llama33_70b/T3K/norm/layer60_pre_attn_srcshape_1_1_256_32_dtype_BFLOAT16_layout_ROW_MAJOR_mapper_241585d9fe31_device_0.tensorbin
2026-09-03 00:18:11.118 | INFO     | tt_transformers.modules.lazy_weight:get_device_weight:120 - [32m[cache hit][0m Loading tensor from cache: /localdev/gwang/tt_transformers/model_cache/llama33_70b/T3K/norm/layer60_pre_attn_srcshape_1_1_256_32_dtype_BFLOAT16_layout_ROW_MAJOR_mapper_b82b244385ac_device_0.tensorbin
2026-09-03 00:18:11.118 | INFO     | tt_transformers.modules.lazy_weight:get_device_weight:120 - [32m[cache hit][0m Loading tensor from cache: /localdev/gwang/tt_transformers/model_cache/llama33_70b/T3K/attn/layer60_wqkv_srcshape_1_1_8192_10240_dtype_BFLOAT8_B_layout_TILE_memcfg_663972112453010226_mapper_660f4331f0f0_device_0.tensorbin
2026-09-03 00:18:11.124 | INFO     | tt_transformers.modules.lazy_weight:get_device_weight:120 - [32m[cache hit][0m Loading tensor from cache: /localdev/gwang/tt_transformers/model_cache/llama33_70b/T3K/attn/layer60_wo_srcshape_1_1_8192_8192_dtype_BFLOAT8_B_layout_TILE_mapper_660f4331f0f0_device_0.tensorbin
2026-09-03 00:18:11.130 | INFO     | tt_transformers.modules.lazy_weight:get_device_weight:120 - [32m[cache hit][0m Loading tensor from cache: /localdev/gwang/tt_transformers/model_cache/llama33_70b/T3K/norm/layer60_post_attn_srcshape_1_1_256_32_dtype_BFLOAT16_layout_ROW_MAJOR_mapper_241585d9fe31_device_0.tensorbin
2026-09-03 00:18:11.130 | INFO     | tt_transformers.modules.lazy_weight:get_device_weight:120 - [32m[cache hit][0m Loading tensor from cache: /localdev/gwang/tt_transformers/model_cache/llama33_70b/T3K/norm/layer60_post_attn_srcshape_1_1_256_32_dtype_BFLOAT16_layout_ROW_MAJOR_mapper_b82b244385ac_device_0.tensorbin
2026-09-03 00:18:11.131 | INFO     | tt_transformers.modules.lazy_weight:get_device_weight:120 - [32m[cache hit][0m Loading tensor from cache: /localdev/gwang/tt_transformers/model_cache/llama33_70b/T3K/mlp/layer60_w1_srcshape_8192_28672_dtype_BFLOAT8_B_layout_TILE_memcfg_1786057467681592545_mapper_660f4331f0f0_device_0.tensorbin
2026-09-03 00:18:11.144 | INFO     | tt_transformers.modules.lazy_weight:get_device_weight:120 - [32m[cache hit][0m Loading tensor from cache: /localdev/gwang/tt_transformers/model_cache/llama33_70b/T3K/mlp/layer60_w2_srcshape_28672_8192_dtype_BFLOAT8_B_layout_TILE_memcfg_906506041791331912_mapper_0cdd7bdaff6f_device_0.tensorbin
2026-09-03 00:18:11.159 | INFO     | tt_transformers.modules.lazy_weight:get_device_weight:120 - [32m[cache hit][0m Loading tensor from cache: /localdev/gwang/tt_transformers/model_cache/llama33_70b/T3K/mlp/layer60_w3_srcshape_8192_28672_dtype_BFLOAT8_B_layout_TILE_memcfg_1786057467681592545_mapper_660f4331f0f0_device_0.tensorbin
2026-09-03 00:18:11.172 | INFO     | tt_transformers.modules.lazy_weight:get_device_weight:120 - [32m[cache hit][0m Loading tensor from cache: /localdev/gwang/tt_transformers/model_cache/llama33_70b/T3K/norm/layer61_pre_attn_srcshape_1_1_256_32_dtype_BFLOAT16_layout_ROW_MAJOR_mapper_241585d9fe31_device_0.tensorbin
2026-09-03 00:18:11.172 | INFO     | tt_transformers.modules.lazy_weight:get_device_weight:120 - [32m[cache hit][0m Loading tensor from cache: /localdev/gwang/tt_transformers/model_cache/llama33_70b/T3K/norm/layer61_pre_attn_srcshape_1_1_256_32_dtype_BFLOAT16_layout_ROW_MAJOR_mapper_b82b244385ac_device_0.tensorbin
2026-09-03 00:18:11.173 | INFO     | tt_transformers.modules.lazy_weight:get_device_weight:120 - [32m[cache hit][0m Loading tensor from cache: /localdev/gwang/tt_transformers/model_cache/llama33_70b/T3K/attn/layer61_wqkv_srcshape_1_1_8192_10240_dtype_BFLOAT8_B_layout_TILE_memcfg_663972112453010226_mapper_660f4331f0f0_device_0.tensorbin
2026-09-03 00:18:11.179 | INFO     | tt_transformers.modules.lazy_weight:get_device_weight:120 - [32m[cache hit][0m Loading tensor from cache: /localdev/gwang/tt_transformers/model_cache/llama33_70b/T3K/attn/layer61_wo_srcshape_1_1_8192_8192_dtype_BFLOAT8_B_layout_TILE_mapper_660f4331f0f0_device_0.tensorbin
2026-09-03 00:18:11.185 | INFO     | tt_transformers.modules.lazy_weight:get_device_weight:120 - [32m[cache hit][0m Loading tensor from cache: /localdev/gwang/tt_transformers/model_cache/llama33_70b/T3K/norm/layer61_post_attn_srcshape_1_1_256_32_dtype_BFLOAT16_layout_ROW_MAJOR_mapper_241585d9fe31_device_0.tensorbin
2026-09-03 00:18:11.185 | INFO     | tt_transformers.modules.lazy_weight:get_device_weight:120 - [32m[cache hit][0m Loading tensor from cache: /localdev/gwang/tt_transformers/model_cache/llama33_70b/T3K/norm/layer61_post_attn_srcshape_1_1_256_32_dtype_BFLOAT16_layout_ROW_MAJOR_mapper_b82b244385ac_device_0.tensorbin
2026-09-03 00:18:11.186 | INFO     | tt_transformers.modules.lazy_weight:get_device_weight:120 - [32m[cache hit][0m Loading tensor from cache: /localdev/gwang/tt_transformers/model_cache/llama33_70b/T3K/mlp/layer61_w1_srcshape_8192_28672_dtype_BFLOAT8_B_layout_TILE_memcfg_1786057467681592545_mapper_660f4331f0f0_device_0.tensorbin
2026-09-03 00:18:11.198 | INFO     | tt_transformers.modules.lazy_weight:get_device_weight:120 - [32m[cache hit][0m Loading tensor from cache: /localdev/gwang/tt_transformers/model_cache/llama33_70b/T3K/mlp/layer61_w2_srcshape_28672_8192_dtype_BFLOAT8_B_layout_TILE_memcfg_906506041791331912_mapper_0cdd7bdaff6f_device_0.tensorbin
2026-09-03 00:18:11.212 | INFO     | tt_transformers.modules.lazy_weight:get_device_weight:120 - [32m[cache hit][0m Loading tensor from cache: /localdev/gwang/tt_transformers/model_cache/llama33_70b/T3K/mlp/layer61_w3_srcshape_8192_28672_dtype_BFLOAT8_B_layout_TILE_memcfg_1786057467681592545_mapper_660f4331f0f0_device_0.tensorbin
2026-09-03 00:18:11.227 | INFO     | tt_transformers.modules.lazy_weight:get_device_weight:120 - [32m[cache hit][0m Loading tensor from cache: /localdev/gwang/tt_transformers/model_cache/llama33_70b/T3K/norm/layer62_pre_attn_srcshape_1_1_256_32_dtype_BFLOAT16_layout_ROW_MAJOR_mapper_241585d9fe31_device_0.tensorbin
2026-09-03 00:18:11.227 | INFO     | tt_transformers.modules.lazy_weight:get_device_weight:120 - [32m[cache hit][0m Loading tensor from cache: /localdev/gwang/tt_transformers/model_cache/llama33_70b/T3K/norm/layer62_pre_attn_srcshape_1_1_256_32_dtype_BFLOAT16_layout_ROW_MAJOR_mapper_b82b244385ac_device_0.tensorbin
2026-09-03 00:18:11.228 | INFO     | tt_transformers.modules.lazy_weight:get_device_weight:120 - [32m[cache hit][0m Loading tensor from cache: /localdev/gwang/tt_transformers/model_cache/llama33_70b/T3K/attn/layer62_wqkv_srcshape_1_1_8192_10240_dtype_BFLOAT8_B_layout_TILE_memcfg_663972112453010226_mapper_660f4331f0f0_device_0.tensorbin
2026-09-03 00:18:11.233 | INFO     | tt_transformers.modules.lazy_weight:get_device_weight:120 - [32m[cache hit][0m Loading tensor from cache: /localdev/gwang/tt_transformers/model_cache/llama33_70b/T3K/attn/layer62_wo_srcshape_1_1_8192_8192_dtype_BFLOAT8_B_layout_TILE_mapper_660f4331f0f0_device_0.tensorbin
2026-09-03 00:18:11.239 | INFO     | tt_transformers.modules.lazy_weight:get_device_weight:120 - [32m[cache hit][0m Loading tensor from cache: /localdev/gwang/tt_transformers/model_cache/llama33_70b/T3K/norm/layer62_post_attn_srcshape_1_1_256_32_dtype_BFLOAT16_layout_ROW_MAJOR_mapper_241585d9fe31_device_0.tensorbin
2026-09-03 00:18:11.239 | INFO     | tt_transformers.modules.lazy_weight:get_device_weight:120 - [32m[cache hit][0m Loading tensor from cache: /localdev/gwang/tt_transformers/model_cache/llama33_70b/T3K/norm/layer62_post_attn_srcshape_1_1_256_32_dtype_BFLOAT16_layout_ROW_MAJOR_mapper_b82b244385ac_device_0.tensorbin
2026-09-03 00:18:11.240 | INFO     | tt_transformers.modules.lazy_weight:get_device_weight:120 - [32m[cache hit][0m Loading tensor from cache: /localdev/gwang/tt_transformers/model_cache/llama33_70b/T3K/mlp/layer62_w1_srcshape_8192_28672_dtype_BFLOAT8_B_layout_TILE_memcfg_1786057467681592545_mapper_660f4331f0f0_device_0.tensorbin
2026-09-03 00:18:11.254 | INFO     | tt_transformers.modules.lazy_weight:get_device_weight:120 - [32m[cache hit][0m Loading tensor from cache: /localdev/gwang/tt_transformers/model_cache/llama33_70b/T3K/mlp/layer62_w2_srcshape_28672_8192_dtype_BFLOAT8_B_layout_TILE_memcfg_906506041791331912_mapper_0cdd7bdaff6f_device_0.tensorbin
2026-09-03 00:18:11.267 | INFO     | tt_transformers.modules.lazy_weight:get_device_weight:120 - [32m[cache hit][0m Loading tensor from cache: /localdev/gwang/tt_transformers/model_cache/llama33_70b/T3K/mlp/layer62_w3_srcshape_8192_28672_dtype_BFLOAT8_B_layout_TILE_memcfg_1786057467681592545_mapper_660f4331f0f0_device_0.tensorbin
2026-09-03 00:18:11.282 | INFO     | tt_transformers.modules.lazy_weight:get_device_weight:120 - [32m[cache hit][0m Loading tensor from cache: /localdev/gwang/tt_transformers/model_cache/llama33_70b/T3K/norm/layer63_pre_attn_srcshape_1_1_256_32_dtype_BFLOAT16_layout_ROW_MAJOR_mapper_241585d9fe31_device_0.tensorbin
2026-09-03 00:18:11.282 | INFO     | tt_transformers.modules.lazy_weight:get_device_weight:120 - [32m[cache hit][0m Loading tensor from cache: /localdev/gwang/tt_transformers/model_cache/llama33_70b/T3K/norm/layer63_pre_attn_srcshape_1_1_256_32_dtype_BFLOAT16_layout_ROW_MAJOR_mapper_b82b244385ac_device_0.tensorbin
2026-09-03 00:18:11.283 | INFO     | tt_transformers.modules.lazy_weight:get_device_weight:120 - [32m[cache hit][0m Loading tensor from cache: /localdev/gwang/tt_transformers/model_cache/llama33_70b/T3K/attn/layer63_wqkv_srcshape_1_1_8192_10240_dtype_BFLOAT8_B_layout_TILE_memcfg_663972112453010226_mapper_660f4331f0f0_device_0.tensorbin
2026-09-03 00:18:11.288 | INFO     | tt_transformers.modules.lazy_weight:get_device_weight:120 - [32m[cache hit][0m Loading tensor from cache: /localdev/gwang/tt_transformers/model_cache/llama33_70b/T3K/attn/layer63_wo_srcshape_1_1_8192_8192_dtype_BFLOAT8_B_layout_TILE_mapper_660f4331f0f0_device_0.tensorbin
2026-09-03 00:18:11.293 | INFO     | tt_transformers.modules.lazy_weight:get_device_weight:120 - [32m[cache hit][0m Loading tensor from cache: /localdev/gwang/tt_transformers/model_cache/llama33_70b/T3K/norm/layer63_post_attn_srcshape_1_1_256_32_dtype_BFLOAT16_layout_ROW_MAJOR_mapper_241585d9fe31_device_0.tensorbin
2026-09-03 00:18:11.294 | INFO     | tt_transformers.modules.lazy_weight:get_device_weight:120 - [32m[cache hit][0m Loading tensor from cache: /localdev/gwang/tt_transformers/model_cache/llama33_70b/T3K/norm/layer63_post_attn_srcshape_1_1_256_32_dtype_BFLOAT16_layout_ROW_MAJOR_mapper_b82b244385ac_device_0.tensorbin
2026-09-03 00:18:11.295 | INFO     | tt_transformers.modules.lazy_weight:get_device_weight:120 - [32m[cache hit][0m Loading tensor from cache: /localdev/gwang/tt_transformers/model_cache/llama33_70b/T3K/mlp/layer63_w1_srcshape_8192_28672_dtype_BFLOAT8_B_layout_TILE_memcfg_1786057467681592545_mapper_660f4331f0f0_device_0.tensorbin
2026-09-03 00:18:11.307 | INFO     | tt_transformers.modules.lazy_weight:get_device_weight:120 - [32m[cache hit][0m Loading tensor from cache: /localdev/gwang/tt_transformers/model_cache/llama33_70b/T3K/mlp/layer63_w2_srcshape_28672_8192_dtype_BFLOAT8_B_layout_TILE_memcfg_906506041791331912_mapper_0cdd7bdaff6f_device_0.tensorbin
2026-09-03 00:18:11.321 | INFO     | tt_transformers.modules.lazy_weight:get_device_weight:120 - [32m[cache hit][0m Loading tensor from cache: /localdev/gwang/tt_transformers/model_cache/llama33_70b/T3K/mlp/layer63_w3_srcshape_8192_28672_dtype_BFLOAT8_B_layout_TILE_memcfg_1786057467681592545_mapper_660f4331f0f0_device_0.tensorbin
2026-09-03 00:18:11.335 | INFO     | tt_transformers.modules.lazy_weight:get_device_weight:120 - [32m[cache hit][0m Loading tensor from cache: /localdev/gwang/tt_transformers/model_cache/llama33_70b/T3K/norm/layer64_pre_attn_srcshape_1_1_256_32_dtype_BFLOAT16_layout_ROW_MAJOR_mapper_241585d9fe31_device_0.tensorbin
2026-09-03 00:18:11.336 | INFO     | tt_transformers.modules.lazy_weight:get_device_weight:120 - [32m[cache hit][0m Loading tensor from cache: /localdev/gwang/tt_transformers/model_cache/llama33_70b/T3K/norm/layer64_pre_attn_srcshape_1_1_256_32_dtype_BFLOAT16_layout_ROW_MAJOR_mapper_b82b244385ac_device_0.tensorbin
2026-09-03 00:18:11.336 | INFO     | tt_transformers.modules.lazy_weight:get_device_weight:120 - [32m[cache hit][0m Loading tensor from cache: /localdev/gwang/tt_transformers/model_cache/llama33_70b/T3K/attn/layer64_wqkv_srcshape_1_1_8192_10240_dtype_BFLOAT8_B_layout_TILE_memcfg_663972112453010226_mapper_660f4331f0f0_device_0.tensorbin
2026-09-03 00:18:11.342 | INFO     | tt_transformers.modules.lazy_weight:get_device_weight:120 - [32m[cache hit][0m Loading tensor from cache: /localdev/gwang/tt_transformers/model_cache/llama33_70b/T3K/attn/layer64_wo_srcshape_1_1_8192_8192_dtype_BFLOAT8_B_layout_TILE_mapper_660f4331f0f0_device_0.tensorbin
2026-09-03 00:18:11.347 | INFO     | tt_transformers.modules.lazy_weight:get_device_weight:120 - [32m[cache hit][0m Loading tensor from cache: /localdev/gwang/tt_transformers/model_cache/llama33_70b/T3K/norm/layer64_post_attn_srcshape_1_1_256_32_dtype_BFLOAT16_layout_ROW_MAJOR_mapper_241585d9fe31_device_0.tensorbin
2026-09-03 00:18:11.348 | INFO     | tt_transformers.modules.lazy_weight:get_device_weight:120 - [32m[cache hit][0m Loading tensor from cache: /localdev/gwang/tt_transformers/model_cache/llama33_70b/T3K/norm/layer64_post_attn_srcshape_1_1_256_32_dtype_BFLOAT16_layout_ROW_MAJOR_mapper_b82b244385ac_device_0.tensorbin
2026-09-03 00:18:11.349 | INFO     | tt_transformers.modules.lazy_weight:get_device_weight:120 - [32m[cache hit][0m Loading tensor from cache: /localdev/gwang/tt_transformers/model_cache/llama33_70b/T3K/mlp/layer64_w1_srcshape_8192_28672_dtype_BFLOAT8_B_layout_TILE_memcfg_1786057467681592545_mapper_660f4331f0f0_device_0.tensorbin
2026-09-03 00:18:11.362 | INFO     | tt_transformers.modules.lazy_weight:get_device_weight:120 - [32m[cache hit][0m Loading tensor from cache: /localdev/gwang/tt_transformers/model_cache/llama33_70b/T3K/mlp/layer64_w2_srcshape_28672_8192_dtype_BFLOAT8_B_layout_TILE_memcfg_906506041791331912_mapper_0cdd7bdaff6f_device_0.tensorbin
2026-09-03 00:18:11.375 | INFO     | tt_transformers.modules.lazy_weight:get_device_weight:120 - [32m[cache hit][0m Loading tensor from cache: /localdev/gwang/tt_transformers/model_cache/llama33_70b/T3K/mlp/layer64_w3_srcshape_8192_28672_dtype_BFLOAT8_B_layout_TILE_memcfg_1786057467681592545_mapper_660f4331f0f0_device_0.tensorbin
2026-09-03 00:18:11.390 | INFO     | tt_transformers.modules.lazy_weight:get_device_weight:120 - [32m[cache hit][0m Loading tensor from cache: /localdev/gwang/tt_transformers/model_cache/llama33_70b/T3K/norm/layer65_pre_attn_srcshape_1_1_256_32_dtype_BFLOAT16_layout_ROW_MAJOR_mapper_241585d9fe31_device_0.tensorbin
2026-09-03 00:18:11.390 | INFO     | tt_transformers.modules.lazy_weight:get_device_weight:120 - [32m[cache hit][0m Loading tensor from cache: /localdev/gwang/tt_transformers/model_cache/llama33_70b/T3K/norm/layer65_pre_attn_srcshape_1_1_256_32_dtype_BFLOAT16_layout_ROW_MAJOR_mapper_b82b244385ac_device_0.tensorbin
2026-09-03 00:18:11.391 | INFO     | tt_transformers.modules.lazy_weight:get_device_weight:120 - [32m[cache hit][0m Loading tensor from cache: /localdev/gwang/tt_transformers/model_cache/llama33_70b/T3K/attn/layer65_wqkv_srcshape_1_1_8192_10240_dtype_BFLOAT8_B_layout_TILE_memcfg_663972112453010226_mapper_660f4331f0f0_device_0.tensorbin
2026-09-03 00:18:11.396 | INFO     | tt_transformers.modules.lazy_weight:get_device_weight:120 - [32m[cache hit][0m Loading tensor from cache: /localdev/gwang/tt_transformers/model_cache/llama33_70b/T3K/attn/layer65_wo_srcshape_1_1_8192_8192_dtype_BFLOAT8_B_layout_TILE_mapper_660f4331f0f0_device_0.tensorbin
2026-09-03 00:18:11.401 | INFO     | tt_transformers.modules.lazy_weight:get_device_weight:120 - [32m[cache hit][0m Loading tensor from cache: /localdev/gwang/tt_transformers/model_cache/llama33_70b/T3K/norm/layer65_post_attn_srcshape_1_1_256_32_dtype_BFLOAT16_layout_ROW_MAJOR_mapper_241585d9fe31_device_0.tensorbin
2026-09-03 00:18:11.402 | INFO     | tt_transformers.modules.lazy_weight:get_device_weight:120 - [32m[cache hit][0m Loading tensor from cache: /localdev/gwang/tt_transformers/model_cache/llama33_70b/T3K/norm/layer65_post_attn_srcshape_1_1_256_32_dtype_BFLOAT16_layout_ROW_MAJOR_mapper_b82b244385ac_device_0.tensorbin
2026-09-03 00:18:11.403 | INFO     | tt_transformers.modules.lazy_weight:get_device_weight:120 - [32m[cache hit][0m Loading tensor from cache: /localdev/gwang/tt_transformers/model_cache/llama33_70b/T3K/mlp/layer65_w1_srcshape_8192_28672_dtype_BFLOAT8_B_layout_TILE_memcfg_1786057467681592545_mapper_660f4331f0f0_device_0.tensorbin
2026-09-03 00:18:11.415 | INFO     | tt_transformers.modules.lazy_weight:get_device_weight:120 - [32m[cache hit][0m Loading tensor from cache: /localdev/gwang/tt_transformers/model_cache/llama33_70b/T3K/mlp/layer65_w2_srcshape_28672_8192_dtype_BFLOAT8_B_layout_TILE_memcfg_906506041791331912_mapper_0cdd7bdaff6f_device_0.tensorbin
2026-09-03 00:18:11.429 | INFO     | tt_transformers.modules.lazy_weight:get_device_weight:120 - [32m[cache hit][0m Loading tensor from cache: /localdev/gwang/tt_transformers/model_cache/llama33_70b/T3K/mlp/layer65_w3_srcshape_8192_28672_dtype_BFLOAT8_B_layout_TILE_memcfg_1786057467681592545_mapper_660f4331f0f0_device_0.tensorbin
2026-09-03 00:18:11.442 | INFO     | tt_transformers.modules.lazy_weight:get_device_weight:120 - [32m[cache hit][0m Loading tensor from cache: /localdev/gwang/tt_transformers/model_cache/llama33_70b/T3K/norm/layer66_pre_attn_srcshape_1_1_256_32_dtype_BFLOAT16_layout_ROW_MAJOR_mapper_241585d9fe31_device_0.tensorbin
2026-09-03 00:18:11.442 | INFO     | tt_transformers.modules.lazy_weight:get_device_weight:120 - [32m[cache hit][0m Loading tensor from cache: /localdev/gwang/tt_transformers/model_cache/llama33_70b/T3K/norm/layer66_pre_attn_srcshape_1_1_256_32_dtype_BFLOAT16_layout_ROW_MAJOR_mapper_b82b244385ac_device_0.tensorbin
2026-09-03 00:18:11.443 | INFO     | tt_transformers.modules.lazy_weight:get_device_weight:120 - [32m[cache hit][0m Loading tensor from cache: /localdev/gwang/tt_transformers/model_cache/llama33_70b/T3K/attn/layer66_wqkv_srcshape_1_1_8192_10240_dtype_BFLOAT8_B_layout_TILE_memcfg_663972112453010226_mapper_660f4331f0f0_device_0.tensorbin
2026-09-03 00:18:11.448 | INFO     | tt_transformers.modules.lazy_weight:get_device_weight:120 - [32m[cache hit][0m Loading tensor from cache: /localdev/gwang/tt_transformers/model_cache/llama33_70b/T3K/attn/layer66_wo_srcshape_1_1_8192_8192_dtype_BFLOAT8_B_layout_TILE_mapper_660f4331f0f0_device_0.tensorbin
2026-09-03 00:18:11.454 | INFO     | tt_transformers.modules.lazy_weight:get_device_weight:120 - [32m[cache hit][0m Loading tensor from cache: /localdev/gwang/tt_transformers/model_cache/llama33_70b/T3K/norm/layer66_post_attn_srcshape_1_1_256_32_dtype_BFLOAT16_layout_ROW_MAJOR_mapper_241585d9fe31_device_0.tensorbin
2026-09-03 00:18:11.455 | INFO     | tt_transformers.modules.lazy_weight:get_device_weight:120 - [32m[cache hit][0m Loading tensor from cache: /localdev/gwang/tt_transformers/model_cache/llama33_70b/T3K/norm/layer66_post_attn_srcshape_1_1_256_32_dtype_BFLOAT16_layout_ROW_MAJOR_mapper_b82b244385ac_device_0.tensorbin
2026-09-03 00:18:11.455 | INFO     | tt_transformers.modules.lazy_weight:get_device_weight:120 - [32m[cache hit][0m Loading tensor from cache: /localdev/gwang/tt_transformers/model_cache/llama33_70b/T3K/mlp/layer66_w1_srcshape_8192_28672_dtype_BFLOAT8_B_layout_TILE_memcfg_1786057467681592545_mapper_660f4331f0f0_device_0.tensorbin
2026-09-03 00:18:11.467 | INFO     | tt_transformers.modules.lazy_weight:get_device_weight:120 - [32m[cache hit][0m Loading tensor from cache: /localdev/gwang/tt_transformers/model_cache/llama33_70b/T3K/mlp/layer66_w2_srcshape_28672_8192_dtype_BFLOAT8_B_layout_TILE_memcfg_906506041791331912_mapper_0cdd7bdaff6f_device_0.tensorbin
2026-09-03 00:18:11.481 | INFO     | tt_transformers.modules.lazy_weight:get_device_weight:120 - [32m[cache hit][0m Loading tensor from cache: /localdev/gwang/tt_transformers/model_cache/llama33_70b/T3K/mlp/layer66_w3_srcshape_8192_28672_dtype_BFLOAT8_B_layout_TILE_memcfg_1786057467681592545_mapper_660f4331f0f0_device_0.tensorbin
2026-09-03 00:18:11.494 | INFO     | tt_transformers.modules.lazy_weight:get_device_weight:120 - [32m[cache hit][0m Loading tensor from cache: /localdev/gwang/tt_transformers/model_cache/llama33_70b/T3K/norm/layer67_pre_attn_srcshape_1_1_256_32_dtype_BFLOAT16_layout_ROW_MAJOR_mapper_241585d9fe31_device_0.tensorbin
2026-09-03 00:18:11.495 | INFO     | tt_transformers.modules.lazy_weight:get_device_weight:120 - [32m[cache hit][0m Loading tensor from cache: /localdev/gwang/tt_transformers/model_cache/llama33_70b/T3K/norm/layer67_pre_attn_srcshape_1_1_256_32_dtype_BFLOAT16_layout_ROW_MAJOR_mapper_b82b244385ac_device_0.tensorbin
2026-09-03 00:18:11.495 | INFO     | tt_transformers.modules.lazy_weight:get_device_weight:120 - [32m[cache hit][0m Loading tensor from cache: /localdev/gwang/tt_transformers/model_cache/llama33_70b/T3K/attn/layer67_wqkv_srcshape_1_1_8192_10240_dtype_BFLOAT8_B_layout_TILE_memcfg_663972112453010226_mapper_660f4331f0f0_device_0.tensorbin
2026-09-03 00:18:11.501 | INFO     | tt_transformers.modules.lazy_weight:get_device_weight:120 - [32m[cache hit][0m Loading tensor from cache: /localdev/gwang/tt_transformers/model_cache/llama33_70b/T3K/attn/layer67_wo_srcshape_1_1_8192_8192_dtype_BFLOAT8_B_layout_TILE_mapper_660f4331f0f0_device_0.tensorbin
2026-09-03 00:18:11.506 | INFO     | tt_transformers.modules.lazy_weight:get_device_weight:120 - [32m[cache hit][0m Loading tensor from cache: /localdev/gwang/tt_transformers/model_cache/llama33_70b/T3K/norm/layer67_post_attn_srcshape_1_1_256_32_dtype_BFLOAT16_layout_ROW_MAJOR_mapper_241585d9fe31_device_0.tensorbin
2026-09-03 00:18:11.507 | INFO     | tt_transformers.modules.lazy_weight:get_device_weight:120 - [32m[cache hit][0m Loading tensor from cache: /localdev/gwang/tt_transformers/model_cache/llama33_70b/T3K/norm/layer67_post_attn_srcshape_1_1_256_32_dtype_BFLOAT16_layout_ROW_MAJOR_mapper_b82b244385ac_device_0.tensorbin
2026-09-03 00:18:11.508 | INFO     | tt_transformers.modules.lazy_weight:get_device_weight:120 - [32m[cache hit][0m Loading tensor from cache: /localdev/gwang/tt_transformers/model_cache/llama33_70b/T3K/mlp/layer67_w1_srcshape_8192_28672_dtype_BFLOAT8_B_layout_TILE_memcfg_1786057467681592545_mapper_660f4331f0f0_device_0.tensorbin
2026-09-03 00:18:11.519 | INFO     | tt_transformers.modules.lazy_weight:get_device_weight:120 - [32m[cache hit][0m Loading tensor from cache: /localdev/gwang/tt_transformers/model_cache/llama33_70b/T3K/mlp/layer67_w2_srcshape_28672_8192_dtype_BFLOAT8_B_layout_TILE_memcfg_906506041791331912_mapper_0cdd7bdaff6f_device_0.tensorbin
2026-09-03 00:18:11.533 | INFO     | tt_transformers.modules.lazy_weight:get_device_weight:120 - [32m[cache hit][0m Loading tensor from cache: /localdev/gwang/tt_transformers/model_cache/llama33_70b/T3K/mlp/layer67_w3_srcshape_8192_28672_dtype_BFLOAT8_B_layout_TILE_memcfg_1786057467681592545_mapper_660f4331f0f0_device_0.tensorbin
2026-09-03 00:18:11.546 | INFO     | tt_transformers.modules.lazy_weight:get_device_weight:120 - [32m[cache hit][0m Loading tensor from cache: /localdev/gwang/tt_transformers/model_cache/llama33_70b/T3K/norm/layer68_pre_attn_srcshape_1_1_256_32_dtype_BFLOAT16_layout_ROW_MAJOR_mapper_241585d9fe31_device_0.tensorbin
2026-09-03 00:18:11.546 | INFO     | tt_transformers.modules.lazy_weight:get_device_weight:120 - [32m[cache hit][0m Loading tensor from cache: /localdev/gwang/tt_transformers/model_cache/llama33_70b/T3K/norm/layer68_pre_attn_srcshape_1_1_256_32_dtype_BFLOAT16_layout_ROW_MAJOR_mapper_b82b244385ac_device_0.tensorbin
2026-09-03 00:18:11.547 | INFO     | tt_transformers.modules.lazy_weight:get_device_weight:120 - [32m[cache hit][0m Loading tensor from cache: /localdev/gwang/tt_transformers/model_cache/llama33_70b/T3K/attn/layer68_wqkv_srcshape_1_1_8192_10240_dtype_BFLOAT8_B_layout_TILE_memcfg_663972112453010226_mapper_660f4331f0f0_device_0.tensorbin
2026-09-03 00:18:11.553 | INFO     | tt_transformers.modules.lazy_weight:get_device_weight:120 - [32m[cache hit][0m Loading tensor from cache: /localdev/gwang/tt_transformers/model_cache/llama33_70b/T3K/attn/layer68_wo_srcshape_1_1_8192_8192_dtype_BFLOAT8_B_layout_TILE_mapper_660f4331f0f0_device_0.tensorbin
2026-09-03 00:18:11.559 | INFO     | tt_transformers.modules.lazy_weight:get_device_weight:120 - [32m[cache hit][0m Loading tensor from cache: /localdev/gwang/tt_transformers/model_cache/llama33_70b/T3K/norm/layer68_post_attn_srcshape_1_1_256_32_dtype_BFLOAT16_layout_ROW_MAJOR_mapper_241585d9fe31_device_0.tensorbin
2026-09-03 00:18:11.559 | INFO     | tt_transformers.modules.lazy_weight:get_device_weight:120 - [32m[cache hit][0m Loading tensor from cache: /localdev/gwang/tt_transformers/model_cache/llama33_70b/T3K/norm/layer68_post_attn_srcshape_1_1_256_32_dtype_BFLOAT16_layout_ROW_MAJOR_mapper_b82b244385ac_device_0.tensorbin
2026-09-03 00:18:11.560 | INFO     | tt_transformers.modules.lazy_weight:get_device_weight:120 - [32m[cache hit][0m Loading tensor from cache: /localdev/gwang/tt_transformers/model_cache/llama33_70b/T3K/mlp/layer68_w1_srcshape_8192_28672_dtype_BFLOAT8_B_layout_TILE_memcfg_1786057467681592545_mapper_660f4331f0f0_device_0.tensorbin
2026-09-03 00:18:11.572 | INFO     | tt_transformers.modules.lazy_weight:get_device_weight:120 - [32m[cache hit][0m Loading tensor from cache: /localdev/gwang/tt_transformers/model_cache/llama33_70b/T3K/mlp/layer68_w2_srcshape_28672_8192_dtype_BFLOAT8_B_layout_TILE_memcfg_906506041791331912_mapper_0cdd7bdaff6f_device_0.tensorbin
2026-09-03 00:18:11.586 | INFO     | tt_transformers.modules.lazy_weight:get_device_weight:120 - [32m[cache hit][0m Loading tensor from cache: /localdev/gwang/tt_transformers/model_cache/llama33_70b/T3K/mlp/layer68_w3_srcshape_8192_28672_dtype_BFLOAT8_B_layout_TILE_memcfg_1786057467681592545_mapper_660f4331f0f0_device_0.tensorbin
2026-09-03 00:18:11.599 | INFO     | tt_transformers.modules.lazy_weight:get_device_weight:120 - [32m[cache hit][0m Loading tensor from cache: /localdev/gwang/tt_transformers/model_cache/llama33_70b/T3K/norm/layer69_pre_attn_srcshape_1_1_256_32_dtype_BFLOAT16_layout_ROW_MAJOR_mapper_241585d9fe31_device_0.tensorbin
2026-09-03 00:18:11.600 | INFO     | tt_transformers.modules.lazy_weight:get_device_weight:120 - [32m[cache hit][0m Loading tensor from cache: /localdev/gwang/tt_transformers/model_cache/llama33_70b/T3K/norm/layer69_pre_attn_srcshape_1_1_256_32_dtype_BFLOAT16_layout_ROW_MAJOR_mapper_b82b244385ac_device_0.tensorbin
2026-09-03 00:18:11.601 | INFO     | tt_transformers.modules.lazy_weight:get_device_weight:120 - [32m[cache hit][0m Loading tensor from cache: /localdev/gwang/tt_transformers/model_cache/llama33_70b/T3K/attn/layer69_wqkv_srcshape_1_1_8192_10240_dtype_BFLOAT8_B_layout_TILE_memcfg_663972112453010226_mapper_660f4331f0f0_device_0.tensorbin
2026-09-03 00:18:11.607 | INFO     | tt_transformers.modules.lazy_weight:get_device_weight:120 - [32m[cache hit][0m Loading tensor from cache: /localdev/gwang/tt_transformers/model_cache/llama33_70b/T3K/attn/layer69_wo_srcshape_1_1_8192_8192_dtype_BFLOAT8_B_layout_TILE_mapper_660f4331f0f0_device_0.tensorbin
2026-09-03 00:18:11.614 | INFO     | tt_transformers.modules.lazy_weight:get_device_weight:120 - [32m[cache hit][0m Loading tensor from cache: /localdev/gwang/tt_transformers/model_cache/llama33_70b/T3K/norm/layer69_post_attn_srcshape_1_1_256_32_dtype_BFLOAT16_layout_ROW_MAJOR_mapper_241585d9fe31_device_0.tensorbin
2026-09-03 00:18:11.615 | INFO     | tt_transformers.modules.lazy_weight:get_device_weight:120 - [32m[cache hit][0m Loading tensor from cache: /localdev/gwang/tt_transformers/model_cache/llama33_70b/T3K/norm/layer69_post_attn_srcshape_1_1_256_32_dtype_BFLOAT16_layout_ROW_MAJOR_mapper_b82b244385ac_device_0.tensorbin
2026-09-03 00:18:11.616 | INFO     | tt_transformers.modules.lazy_weight:get_device_weight:120 - [32m[cache hit][0m Loading tensor from cache: /localdev/gwang/tt_transformers/model_cache/llama33_70b/T3K/mlp/layer69_w1_srcshape_8192_28672_dtype_BFLOAT8_B_layout_TILE_memcfg_1786057467681592545_mapper_660f4331f0f0_device_0.tensorbin
2026-09-03 00:18:11.628 | INFO     | tt_transformers.modules.lazy_weight:get_device_weight:120 - [32m[cache hit][0m Loading tensor from cache: /localdev/gwang/tt_transformers/model_cache/llama33_70b/T3K/mlp/layer69_w2_srcshape_28672_8192_dtype_BFLOAT8_B_layout_TILE_memcfg_906506041791331912_mapper_0cdd7bdaff6f_device_0.tensorbin
2026-09-03 00:18:11.641 | INFO     | tt_transformers.modules.lazy_weight:get_device_weight:120 - [32m[cache hit][0m Loading tensor from cache: /localdev/gwang/tt_transformers/model_cache/llama33_70b/T3K/mlp/layer69_w3_srcshape_8192_28672_dtype_BFLOAT8_B_layout_TILE_memcfg_1786057467681592545_mapper_660f4331f0f0_device_0.tensorbin
2026-09-03 00:18:11.654 | INFO     | tt_transformers.modules.lazy_weight:get_device_weight:120 - [32m[cache hit][0m Loading tensor from cache: /localdev/gwang/tt_transformers/model_cache/llama33_70b/T3K/norm/layer70_pre_attn_srcshape_1_1_256_32_dtype_BFLOAT16_layout_ROW_MAJOR_mapper_241585d9fe31_device_0.tensorbin
2026-09-03 00:18:11.655 | INFO     | tt_transformers.modules.lazy_weight:get_device_weight:120 - [32m[cache hit][0m Loading tensor from cache: /localdev/gwang/tt_transformers/model_cache/llama33_70b/T3K/norm/layer70_pre_attn_srcshape_1_1_256_32_dtype_BFLOAT16_layout_ROW_MAJOR_mapper_b82b244385ac_device_0.tensorbin
2026-09-03 00:18:11.655 | INFO     | tt_transformers.modules.lazy_weight:get_device_weight:120 - [32m[cache hit][0m Loading tensor from cache: /localdev/gwang/tt_transformers/model_cache/llama33_70b/T3K/attn/layer70_wqkv_srcshape_1_1_8192_10240_dtype_BFLOAT8_B_layout_TILE_memcfg_663972112453010226_mapper_660f4331f0f0_device_0.tensorbin
2026-09-03 00:18:11.661 | INFO     | tt_transformers.modules.lazy_weight:get_device_weight:120 - [32m[cache hit][0m Loading tensor from cache: /localdev/gwang/tt_transformers/model_cache/llama33_70b/T3K/attn/layer70_wo_srcshape_1_1_8192_8192_dtype_BFLOAT8_B_layout_TILE_mapper_660f4331f0f0_device_0.tensorbin
2026-09-03 00:18:11.666 | INFO     | tt_transformers.modules.lazy_weight:get_device_weight:120 - [32m[cache hit][0m Loading tensor from cache: /localdev/gwang/tt_transformers/model_cache/llama33_70b/T3K/norm/layer70_post_attn_srcshape_1_1_256_32_dtype_BFLOAT16_layout_ROW_MAJOR_mapper_241585d9fe31_device_0.tensorbin
2026-09-03 00:18:11.667 | INFO     | tt_transformers.modules.lazy_weight:get_device_weight:120 - [32m[cache hit][0m Loading tensor from cache: /localdev/gwang/tt_transformers/model_cache/llama33_70b/T3K/norm/layer70_post_attn_srcshape_1_1_256_32_dtype_BFLOAT16_layout_ROW_MAJOR_mapper_b82b244385ac_device_0.tensorbin
2026-09-03 00:18:11.668 | INFO     | tt_transformers.modules.lazy_weight:get_device_weight:120 - [32m[cache hit][0m Loading tensor from cache: /localdev/gwang/tt_transformers/model_cache/llama33_70b/T3K/mlp/layer70_w1_srcshape_8192_28672_dtype_BFLOAT8_B_layout_TILE_memcfg_1786057467681592545_mapper_660f4331f0f0_device_0.tensorbin
2026-09-03 00:18:11.679 | INFO     | tt_transformers.modules.lazy_weight:get_device_weight:120 - [32m[cache hit][0m Loading tensor from cache: /localdev/gwang/tt_transformers/model_cache/llama33_70b/T3K/mlp/layer70_w2_srcshape_28672_8192_dtype_BFLOAT8_B_layout_TILE_memcfg_906506041791331912_mapper_0cdd7bdaff6f_device_0.tensorbin
2026-09-03 00:18:11.692 | INFO     | tt_transformers.modules.lazy_weight:get_device_weight:120 - [32m[cache hit][0m Loading tensor from cache: /localdev/gwang/tt_transformers/model_cache/llama33_70b/T3K/mlp/layer70_w3_srcshape_8192_28672_dtype_BFLOAT8_B_layout_TILE_memcfg_1786057467681592545_mapper_660f4331f0f0_device_0.tensorbin
2026-09-03 00:18:11.706 | INFO     | tt_transformers.modules.lazy_weight:get_device_weight:120 - [32m[cache hit][0m Loading tensor from cache: /localdev/gwang/tt_transformers/model_cache/llama33_70b/T3K/norm/layer71_pre_attn_srcshape_1_1_256_32_dtype_BFLOAT16_layout_ROW_MAJOR_mapper_241585d9fe31_device_0.tensorbin
2026-09-03 00:18:11.706 | INFO     | tt_transformers.modules.lazy_weight:get_device_weight:120 - [32m[cache hit][0m Loading tensor from cache: /localdev/gwang/tt_transformers/model_cache/llama33_70b/T3K/norm/layer71_pre_attn_srcshape_1_1_256_32_dtype_BFLOAT16_layout_ROW_MAJOR_mapper_b82b244385ac_device_0.tensorbin
2026-09-03 00:18:11.707 | INFO     | tt_transformers.modules.lazy_weight:get_device_weight:120 - [32m[cache hit][0m Loading tensor from cache: /localdev/gwang/tt_transformers/model_cache/llama33_70b/T3K/attn/layer71_wqkv_srcshape_1_1_8192_10240_dtype_BFLOAT8_B_layout_TILE_memcfg_663972112453010226_mapper_660f4331f0f0_device_0.tensorbin
2026-09-03 00:18:11.712 | INFO     | tt_transformers.modules.lazy_weight:get_device_weight:120 - [32m[cache hit][0m Loading tensor from cache: /localdev/gwang/tt_transformers/model_cache/llama33_70b/T3K/attn/layer71_wo_srcshape_1_1_8192_8192_dtype_BFLOAT8_B_layout_TILE_mapper_660f4331f0f0_device_0.tensorbin
2026-09-03 00:18:11.719 | INFO     | tt_transformers.modules.lazy_weight:get_device_weight:120 - [32m[cache hit][0m Loading tensor from cache: /localdev/gwang/tt_transformers/model_cache/llama33_70b/T3K/norm/layer71_post_attn_srcshape_1_1_256_32_dtype_BFLOAT16_layout_ROW_MAJOR_mapper_241585d9fe31_device_0.tensorbin
2026-09-03 00:18:11.720 | INFO     | tt_transformers.modules.lazy_weight:get_device_weight:120 - [32m[cache hit][0m Loading tensor from cache: /localdev/gwang/tt_transformers/model_cache/llama33_70b/T3K/norm/layer71_post_attn_srcshape_1_1_256_32_dtype_BFLOAT16_layout_ROW_MAJOR_mapper_b82b244385ac_device_0.tensorbin
2026-09-03 00:18:11.721 | INFO     | tt_transformers.modules.lazy_weight:get_device_weight:120 - [32m[cache hit][0m Loading tensor from cache: /localdev/gwang/tt_transformers/model_cache/llama33_70b/T3K/mlp/layer71_w1_srcshape_8192_28672_dtype_BFLOAT8_B_layout_TILE_memcfg_1786057467681592545_mapper_660f4331f0f0_device_0.tensorbin
2026-09-03 00:18:11.733 | INFO     | tt_transformers.modules.lazy_weight:get_device_weight:120 - [32m[cache hit][0m Loading tensor from cache: /localdev/gwang/tt_transformers/model_cache/llama33_70b/T3K/mlp/layer71_w2_srcshape_28672_8192_dtype_BFLOAT8_B_layout_TILE_memcfg_906506041791331912_mapper_0cdd7bdaff6f_device_0.tensorbin
2026-09-03 00:18:11.746 | INFO     | tt_transformers.modules.lazy_weight:get_device_weight:120 - [32m[cache hit][0m Loading tensor from cache: /localdev/gwang/tt_transformers/model_cache/llama33_70b/T3K/mlp/layer71_w3_srcshape_8192_28672_dtype_BFLOAT8_B_layout_TILE_memcfg_1786057467681592545_mapper_660f4331f0f0_device_0.tensorbin
2026-09-03 00:18:11.759 | INFO     | tt_transformers.modules.lazy_weight:get_device_weight:120 - [32m[cache hit][0m Loading tensor from cache: /localdev/gwang/tt_transformers/model_cache/llama33_70b/T3K/norm/layer72_pre_attn_srcshape_1_1_256_32_dtype_BFLOAT16_layout_ROW_MAJOR_mapper_241585d9fe31_device_0.tensorbin
2026-09-03 00:18:11.759 | INFO     | tt_transformers.modules.lazy_weight:get_device_weight:120 - [32m[cache hit][0m Loading tensor from cache: /localdev/gwang/tt_transformers/model_cache/llama33_70b/T3K/norm/layer72_pre_attn_srcshape_1_1_256_32_dtype_BFLOAT16_layout_ROW_MAJOR_mapper_b82b244385ac_device_0.tensorbin
2026-09-03 00:18:11.760 | INFO     | tt_transformers.modules.lazy_weight:get_device_weight:120 - [32m[cache hit][0m Loading tensor from cache: /localdev/gwang/tt_transformers/model_cache/llama33_70b/T3K/attn/layer72_wqkv_srcshape_1_1_8192_10240_dtype_BFLOAT8_B_layout_TILE_memcfg_663972112453010226_mapper_660f4331f0f0_device_0.tensorbin
2026-09-03 00:18:11.765 | INFO     | tt_transformers.modules.lazy_weight:get_device_weight:120 - [32m[cache hit][0m Loading tensor from cache: /localdev/gwang/tt_transformers/model_cache/llama33_70b/T3K/attn/layer72_wo_srcshape_1_1_8192_8192_dtype_BFLOAT8_B_layout_TILE_mapper_660f4331f0f0_device_0.tensorbin
2026-09-03 00:18:11.770 | INFO     | tt_transformers.modules.lazy_weight:get_device_weight:120 - [32m[cache hit][0m Loading tensor from cache: /localdev/gwang/tt_transformers/model_cache/llama33_70b/T3K/norm/layer72_post_attn_srcshape_1_1_256_32_dtype_BFLOAT16_layout_ROW_MAJOR_mapper_241585d9fe31_device_0.tensorbin
2026-09-03 00:18:11.770 | INFO     | tt_transformers.modules.lazy_weight:get_device_weight:120 - [32m[cache hit][0m Loading tensor from cache: /localdev/gwang/tt_transformers/model_cache/llama33_70b/T3K/norm/layer72_post_attn_srcshape_1_1_256_32_dtype_BFLOAT16_layout_ROW_MAJOR_mapper_b82b244385ac_device_0.tensorbin
2026-09-03 00:18:11.771 | INFO     | tt_transformers.modules.lazy_weight:get_device_weight:120 - [32m[cache hit][0m Loading tensor from cache: /localdev/gwang/tt_transformers/model_cache/llama33_70b/T3K/mlp/layer72_w1_srcshape_8192_28672_dtype_BFLOAT8_B_layout_TILE_memcfg_1786057467681592545_mapper_660f4331f0f0_device_0.tensorbin
2026-09-03 00:18:11.783 | INFO     | tt_transformers.modules.lazy_weight:get_device_weight:120 - [32m[cache hit][0m Loading tensor from cache: /localdev/gwang/tt_transformers/model_cache/llama33_70b/T3K/mlp/layer72_w2_srcshape_28672_8192_dtype_BFLOAT8_B_layout_TILE_memcfg_906506041791331912_mapper_0cdd7bdaff6f_device_0.tensorbin
2026-09-03 00:18:11.797 | INFO     | tt_transformers.modules.lazy_weight:get_device_weight:120 - [32m[cache hit][0m Loading tensor from cache: /localdev/gwang/tt_transformers/model_cache/llama33_70b/T3K/mlp/layer72_w3_srcshape_8192_28672_dtype_BFLOAT8_B_layout_TILE_memcfg_1786057467681592545_mapper_660f4331f0f0_device_0.tensorbin
2026-09-03 00:18:11.810 | INFO     | tt_transformers.modules.lazy_weight:get_device_weight:120 - [32m[cache hit][0m Loading tensor from cache: /localdev/gwang/tt_transformers/model_cache/llama33_70b/T3K/norm/layer73_pre_attn_srcshape_1_1_256_32_dtype_BFLOAT16_layout_ROW_MAJOR_mapper_241585d9fe31_device_0.tensorbin
2026-09-03 00:18:11.810 | INFO     | tt_transformers.modules.lazy_weight:get_device_weight:120 - [32m[cache hit][0m Loading tensor from cache: /localdev/gwang/tt_transformers/model_cache/llama33_70b/T3K/norm/layer73_pre_attn_srcshape_1_1_256_32_dtype_BFLOAT16_layout_ROW_MAJOR_mapper_b82b244385ac_device_0.tensorbin
2026-09-03 00:18:11.811 | INFO     | tt_transformers.modules.lazy_weight:get_device_weight:120 - [32m[cache hit][0m Loading tensor from cache: /localdev/gwang/tt_transformers/model_cache/llama33_70b/T3K/attn/layer73_wqkv_srcshape_1_1_8192_10240_dtype_BFLOAT8_B_layout_TILE_memcfg_663972112453010226_mapper_660f4331f0f0_device_0.tensorbin
2026-09-03 00:18:11.818 | INFO     | tt_transformers.modules.lazy_weight:get_device_weight:120 - [32m[cache hit][0m Loading tensor from cache: /localdev/gwang/tt_transformers/model_cache/llama33_70b/T3K/attn/layer73_wo_srcshape_1_1_8192_8192_dtype_BFLOAT8_B_layout_TILE_mapper_660f4331f0f0_device_0.tensorbin
2026-09-03 00:18:11.824 | INFO     | tt_transformers.modules.lazy_weight:get_device_weight:120 - [32m[cache hit][0m Loading tensor from cache: /localdev/gwang/tt_transformers/model_cache/llama33_70b/T3K/norm/layer73_post_attn_srcshape_1_1_256_32_dtype_BFLOAT16_layout_ROW_MAJOR_mapper_241585d9fe31_device_0.tensorbin
2026-09-03 00:18:11.824 | INFO     | tt_transformers.modules.lazy_weight:get_device_weight:120 - [32m[cache hit][0m Loading tensor from cache: /localdev/gwang/tt_transformers/model_cache/llama33_70b/T3K/norm/layer73_post_attn_srcshape_1_1_256_32_dtype_BFLOAT16_layout_ROW_MAJOR_mapper_b82b244385ac_device_0.tensorbin
2026-09-03 00:18:11.825 | INFO     | tt_transformers.modules.lazy_weight:get_device_weight:120 - [32m[cache hit][0m Loading tensor from cache: /localdev/gwang/tt_transformers/model_cache/llama33_70b/T3K/mlp/layer73_w1_srcshape_8192_28672_dtype_BFLOAT8_B_layout_TILE_memcfg_1786057467681592545_mapper_660f4331f0f0_device_0.tensorbin
2026-09-03 00:18:11.837 | INFO     | tt_transformers.modules.lazy_weight:get_device_weight:120 - [32m[cache hit][0m Loading tensor from cache: /localdev/gwang/tt_transformers/model_cache/llama33_70b/T3K/mlp/layer73_w2_srcshape_28672_8192_dtype_BFLOAT8_B_layout_TILE_memcfg_906506041791331912_mapper_0cdd7bdaff6f_device_0.tensorbin
2026-09-03 00:18:11.853 | INFO     | tt_transformers.modules.lazy_weight:get_device_weight:120 - [32m[cache hit][0m Loading tensor from cache: /localdev/gwang/tt_transformers/model_cache/llama33_70b/T3K/mlp/layer73_w3_srcshape_8192_28672_dtype_BFLOAT8_B_layout_TILE_memcfg_1786057467681592545_mapper_660f4331f0f0_device_0.tensorbin
2026-09-03 00:18:11.866 | INFO     | tt_transformers.modules.lazy_weight:get_device_weight:120 - [32m[cache hit][0m Loading tensor from cache: /localdev/gwang/tt_transformers/model_cache/llama33_70b/T3K/norm/layer74_pre_attn_srcshape_1_1_256_32_dtype_BFLOAT16_layout_ROW_MAJOR_mapper_241585d9fe31_device_0.tensorbin
2026-09-03 00:18:11.866 | INFO     | tt_transformers.modules.lazy_weight:get_device_weight:120 - [32m[cache hit][0m Loading tensor from cache: /localdev/gwang/tt_transformers/model_cache/llama33_70b/T3K/norm/layer74_pre_attn_srcshape_1_1_256_32_dtype_BFLOAT16_layout_ROW_MAJOR_mapper_b82b244385ac_device_0.tensorbin
2026-09-03 00:18:11.867 | INFO     | tt_transformers.modules.lazy_weight:get_device_weight:120 - [32m[cache hit][0m Loading tensor from cache: /localdev/gwang/tt_transformers/model_cache/llama33_70b/T3K/attn/layer74_wqkv_srcshape_1_1_8192_10240_dtype_BFLOAT8_B_layout_TILE_memcfg_663972112453010226_mapper_660f4331f0f0_device_0.tensorbin
2026-09-03 00:18:11.874 | INFO     | tt_transformers.modules.lazy_weight:get_device_weight:120 - [32m[cache hit][0m Loading tensor from cache: /localdev/gwang/tt_transformers/model_cache/llama33_70b/T3K/attn/layer74_wo_srcshape_1_1_8192_8192_dtype_BFLOAT8_B_layout_TILE_mapper_660f4331f0f0_device_0.tensorbin
2026-09-03 00:18:11.879 | INFO     | tt_transformers.modules.lazy_weight:get_device_weight:120 - [32m[cache hit][0m Loading tensor from cache: /localdev/gwang/tt_transformers/model_cache/llama33_70b/T3K/norm/layer74_post_attn_srcshape_1_1_256_32_dtype_BFLOAT16_layout_ROW_MAJOR_mapper_241585d9fe31_device_0.tensorbin
2026-09-03 00:18:11.879 | INFO     | tt_transformers.modules.lazy_weight:get_device_weight:120 - [32m[cache hit][0m Loading tensor from cache: /localdev/gwang/tt_transformers/model_cache/llama33_70b/T3K/norm/layer74_post_attn_srcshape_1_1_256_32_dtype_BFLOAT16_layout_ROW_MAJOR_mapper_b82b244385ac_device_0.tensorbin
2026-09-03 00:18:11.880 | INFO     | tt_transformers.modules.lazy_weight:get_device_weight:120 - [32m[cache hit][0m Loading tensor from cache: /localdev/gwang/tt_transformers/model_cache/llama33_70b/T3K/mlp/layer74_w1_srcshape_8192_28672_dtype_BFLOAT8_B_layout_TILE_memcfg_1786057467681592545_mapper_660f4331f0f0_device_0.tensorbin
2026-09-03 00:18:11.893 | INFO     | tt_transformers.modules.lazy_weight:get_device_weight:120 - [32m[cache hit][0m Loading tensor from cache: /localdev/gwang/tt_transformers/model_cache/llama33_70b/T3K/mlp/layer74_w2_srcshape_28672_8192_dtype_BFLOAT8_B_layout_TILE_memcfg_906506041791331912_mapper_0cdd7bdaff6f_device_0.tensorbin
2026-09-03 00:18:11.910 | INFO     | tt_transformers.modules.lazy_weight:get_device_weight:120 - [32m[cache hit][0m Loading tensor from cache: /localdev/gwang/tt_transformers/model_cache/llama33_70b/T3K/mlp/layer74_w3_srcshape_8192_28672_dtype_BFLOAT8_B_layout_TILE_memcfg_1786057467681592545_mapper_660f4331f0f0_device_0.tensorbin
2026-09-03 00:18:11.927 | INFO     | tt_transformers.modules.lazy_weight:get_device_weight:120 - [32m[cache hit][0m Loading tensor from cache: /localdev/gwang/tt_transformers/model_cache/llama33_70b/T3K/norm/layer75_pre_attn_srcshape_1_1_256_32_dtype_BFLOAT16_layout_ROW_MAJOR_mapper_241585d9fe31_device_0.tensorbin
2026-09-03 00:18:11.928 | INFO     | tt_transformers.modules.lazy_weight:get_device_weight:120 - [32m[cache hit][0m Loading tensor from cache: /localdev/gwang/tt_transformers/model_cache/llama33_70b/T3K/norm/layer75_pre_attn_srcshape_1_1_256_32_dtype_BFLOAT16_layout_ROW_MAJOR_mapper_b82b244385ac_device_0.tensorbin
2026-09-03 00:18:11.929 | INFO     | tt_transformers.modules.lazy_weight:get_device_weight:120 - [32m[cache hit][0m Loading tensor from cache: /localdev/gwang/tt_transformers/model_cache/llama33_70b/T3K/attn/layer75_wqkv_srcshape_1_1_8192_10240_dtype_BFLOAT8_B_layout_TILE_memcfg_663972112453010226_mapper_660f4331f0f0_device_0.tensorbin
2026-09-03 00:18:11.934 | INFO     | tt_transformers.modules.lazy_weight:get_device_weight:120 - [32m[cache hit][0m Loading tensor from cache: /localdev/gwang/tt_transformers/model_cache/llama33_70b/T3K/attn/layer75_wo_srcshape_1_1_8192_8192_dtype_BFLOAT8_B_layout_TILE_mapper_660f4331f0f0_device_0.tensorbin
2026-09-03 00:18:11.940 | INFO     | tt_transformers.modules.lazy_weight:get_device_weight:120 - [32m[cache hit][0m Loading tensor from cache: /localdev/gwang/tt_transformers/model_cache/llama33_70b/T3K/norm/layer75_post_attn_srcshape_1_1_256_32_dtype_BFLOAT16_layout_ROW_MAJOR_mapper_241585d9fe31_device_0.tensorbin
2026-09-03 00:18:11.941 | INFO     | tt_transformers.modules.lazy_weight:get_device_weight:120 - [32m[cache hit][0m Loading tensor from cache: /localdev/gwang/tt_transformers/model_cache/llama33_70b/T3K/norm/layer75_post_attn_srcshape_1_1_256_32_dtype_BFLOAT16_layout_ROW_MAJOR_mapper_b82b244385ac_device_0.tensorbin
2026-09-03 00:18:11.942 | INFO     | tt_transformers.modules.lazy_weight:get_device_weight:120 - [32m[cache hit][0m Loading tensor from cache: /localdev/gwang/tt_transformers/model_cache/llama33_70b/T3K/mlp/layer75_w1_srcshape_8192_28672_dtype_BFLOAT8_B_layout_TILE_memcfg_1786057467681592545_mapper_660f4331f0f0_device_0.tensorbin
2026-09-03 00:18:11.954 | INFO     | tt_transformers.modules.lazy_weight:get_device_weight:120 - [32m[cache hit][0m Loading tensor from cache: /localdev/gwang/tt_transformers/model_cache/llama33_70b/T3K/mlp/layer75_w2_srcshape_28672_8192_dtype_BFLOAT8_B_layout_TILE_memcfg_906506041791331912_mapper_0cdd7bdaff6f_device_0.tensorbin
2026-09-03 00:18:11.970 | INFO     | tt_transformers.modules.lazy_weight:get_device_weight:120 - [32m[cache hit][0m Loading tensor from cache: /localdev/gwang/tt_transformers/model_cache/llama33_70b/T3K/mlp/layer75_w3_srcshape_8192_28672_dtype_BFLOAT8_B_layout_TILE_memcfg_1786057467681592545_mapper_660f4331f0f0_device_0.tensorbin
2026-09-03 00:18:11.984 | INFO     | tt_transformers.modules.lazy_weight:get_device_weight:120 - [32m[cache hit][0m Loading tensor from cache: /localdev/gwang/tt_transformers/model_cache/llama33_70b/T3K/norm/layer76_pre_attn_srcshape_1_1_256_32_dtype_BFLOAT16_layout_ROW_MAJOR_mapper_241585d9fe31_device_0.tensorbin
2026-09-03 00:18:11.984 | INFO     | tt_transformers.modules.lazy_weight:get_device_weight:120 - [32m[cache hit][0m Loading tensor from cache: /localdev/gwang/tt_transformers/model_cache/llama33_70b/T3K/norm/layer76_pre_attn_srcshape_1_1_256_32_dtype_BFLOAT16_layout_ROW_MAJOR_mapper_b82b244385ac_device_0.tensorbin
2026-09-03 00:18:11.985 | INFO     | tt_transformers.modules.lazy_weight:get_device_weight:120 - [32m[cache hit][0m Loading tensor from cache: /localdev/gwang/tt_transformers/model_cache/llama33_70b/T3K/attn/layer76_wqkv_srcshape_1_1_8192_10240_dtype_BFLOAT8_B_layout_TILE_memcfg_663972112453010226_mapper_660f4331f0f0_device_0.tensorbin
2026-09-03 00:18:11.991 | INFO     | tt_transformers.modules.lazy_weight:get_device_weight:120 - [32m[cache hit][0m Loading tensor from cache: /localdev/gwang/tt_transformers/model_cache/llama33_70b/T3K/attn/layer76_wo_srcshape_1_1_8192_8192_dtype_BFLOAT8_B_layout_TILE_mapper_660f4331f0f0_device_0.tensorbin
2026-09-03 00:18:11.996 | INFO     | tt_transformers.modules.lazy_weight:get_device_weight:120 - [32m[cache hit][0m Loading tensor from cache: /localdev/gwang/tt_transformers/model_cache/llama33_70b/T3K/norm/layer76_post_attn_srcshape_1_1_256_32_dtype_BFLOAT16_layout_ROW_MAJOR_mapper_241585d9fe31_device_0.tensorbin
2026-09-03 00:18:11.997 | INFO     | tt_transformers.modules.lazy_weight:get_device_weight:120 - [32m[cache hit][0m Loading tensor from cache: /localdev/gwang/tt_transformers/model_cache/llama33_70b/T3K/norm/layer76_post_attn_srcshape_1_1_256_32_dtype_BFLOAT16_layout_ROW_MAJOR_mapper_b82b244385ac_device_0.tensorbin
2026-09-03 00:18:11.997 | INFO     | tt_transformers.modules.lazy_weight:get_device_weight:120 - [32m[cache hit][0m Loading tensor from cache: /localdev/gwang/tt_transformers/model_cache/llama33_70b/T3K/mlp/layer76_w1_srcshape_8192_28672_dtype_BFLOAT8_B_layout_TILE_memcfg_1786057467681592545_mapper_660f4331f0f0_device_0.tensorbin
2026-09-03 00:18:12.012 | INFO     | tt_transformers.modules.lazy_weight:get_device_weight:120 - [32m[cache hit][0m Loading tensor from cache: /localdev/gwang/tt_transformers/model_cache/llama33_70b/T3K/mlp/layer76_w2_srcshape_28672_8192_dtype_BFLOAT8_B_layout_TILE_memcfg_906506041791331912_mapper_0cdd7bdaff6f_device_0.tensorbin
2026-09-03 00:18:12.027 | INFO     | tt_transformers.modules.lazy_weight:get_device_weight:120 - [32m[cache hit][0m Loading tensor from cache: /localdev/gwang/tt_transformers/model_cache/llama33_70b/T3K/mlp/layer76_w3_srcshape_8192_28672_dtype_BFLOAT8_B_layout_TILE_memcfg_1786057467681592545_mapper_660f4331f0f0_device_0.tensorbin
2026-09-03 00:18:12.044 | INFO     | tt_transformers.modules.lazy_weight:get_device_weight:120 - [32m[cache hit][0m Loading tensor from cache: /localdev/gwang/tt_transformers/model_cache/llama33_70b/T3K/norm/layer77_pre_attn_srcshape_1_1_256_32_dtype_BFLOAT16_layout_ROW_MAJOR_mapper_241585d9fe31_device_0.tensorbin
2026-09-03 00:18:12.044 | INFO     | tt_transformers.modules.lazy_weight:get_device_weight:120 - [32m[cache hit][0m Loading tensor from cache: /localdev/gwang/tt_transformers/model_cache/llama33_70b/T3K/norm/layer77_pre_attn_srcshape_1_1_256_32_dtype_BFLOAT16_layout_ROW_MAJOR_mapper_b82b244385ac_device_0.tensorbin
2026-09-03 00:18:12.045 | INFO     | tt_transformers.modules.lazy_weight:get_device_weight:120 - [32m[cache hit][0m Loading tensor from cache: /localdev/gwang/tt_transformers/model_cache/llama33_70b/T3K/attn/layer77_wqkv_srcshape_1_1_8192_10240_dtype_BFLOAT8_B_layout_TILE_memcfg_663972112453010226_mapper_660f4331f0f0_device_0.tensorbin
2026-09-03 00:18:12.050 | INFO     | tt_transformers.modules.lazy_weight:get_device_weight:120 - [32m[cache hit][0m Loading tensor from cache: /localdev/gwang/tt_transformers/model_cache/llama33_70b/T3K/attn/layer77_wo_srcshape_1_1_8192_8192_dtype_BFLOAT8_B_layout_TILE_mapper_660f4331f0f0_device_0.tensorbin
2026-09-03 00:18:12.055 | INFO     | tt_transformers.modules.lazy_weight:get_device_weight:120 - [32m[cache hit][0m Loading tensor from cache: /localdev/gwang/tt_transformers/model_cache/llama33_70b/T3K/norm/layer77_post_attn_srcshape_1_1_256_32_dtype_BFLOAT16_layout_ROW_MAJOR_mapper_241585d9fe31_device_0.tensorbin
2026-09-03 00:18:12.055 | INFO     | tt_transformers.modules.lazy_weight:get_device_weight:120 - [32m[cache hit][0m Loading tensor from cache: /localdev/gwang/tt_transformers/model_cache/llama33_70b/T3K/norm/layer77_post_attn_srcshape_1_1_256_32_dtype_BFLOAT16_layout_ROW_MAJOR_mapper_b82b244385ac_device_0.tensorbin
2026-09-03 00:18:12.056 | INFO     | tt_transformers.modules.lazy_weight:get_device_weight:120 - [32m[cache hit][0m Loading tensor from cache: /localdev/gwang/tt_transformers/model_cache/llama33_70b/T3K/mlp/layer77_w1_srcshape_8192_28672_dtype_BFLOAT8_B_layout_TILE_memcfg_1786057467681592545_mapper_660f4331f0f0_device_0.tensorbin
2026-09-03 00:18:12.072 | INFO     | tt_transformers.modules.lazy_weight:get_device_weight:120 - [32m[cache hit][0m Loading tensor from cache: /localdev/gwang/tt_transformers/model_cache/llama33_70b/T3K/mlp/layer77_w2_srcshape_28672_8192_dtype_BFLOAT8_B_layout_TILE_memcfg_906506041791331912_mapper_0cdd7bdaff6f_device_0.tensorbin
2026-09-03 00:18:12.084 | INFO     | tt_transformers.modules.lazy_weight:get_device_weight:120 - [32m[cache hit][0m Loading tensor from cache: /localdev/gwang/tt_transformers/model_cache/llama33_70b/T3K/mlp/layer77_w3_srcshape_8192_28672_dtype_BFLOAT8_B_layout_TILE_memcfg_1786057467681592545_mapper_660f4331f0f0_device_0.tensorbin
2026-09-03 00:18:12.097 | INFO     | tt_transformers.modules.lazy_weight:get_device_weight:120 - [32m[cache hit][0m Loading tensor from cache: /localdev/gwang/tt_transformers/model_cache/llama33_70b/T3K/norm/layer78_pre_attn_srcshape_1_1_256_32_dtype_BFLOAT16_layout_ROW_MAJOR_mapper_241585d9fe31_device_0.tensorbin
2026-09-03 00:18:12.097 | INFO     | tt_transformers.modules.lazy_weight:get_device_weight:120 - [32m[cache hit][0m Loading tensor from cache: /localdev/gwang/tt_transformers/model_cache/llama33_70b/T3K/norm/layer78_pre_attn_srcshape_1_1_256_32_dtype_BFLOAT16_layout_ROW_MAJOR_mapper_b82b244385ac_device_0.tensorbin
2026-09-03 00:18:12.098 | INFO     | tt_transformers.modules.lazy_weight:get_device_weight:120 - [32m[cache hit][0m Loading tensor from cache: /localdev/gwang/tt_transformers/model_cache/llama33_70b/T3K/attn/layer78_wqkv_srcshape_1_1_8192_10240_dtype_BFLOAT8_B_layout_TILE_memcfg_663972112453010226_mapper_660f4331f0f0_device_0.tensorbin
2026-09-03 00:18:12.105 | INFO     | tt_transformers.modules.lazy_weight:get_device_weight:120 - [32m[cache hit][0m Loading tensor from cache: /localdev/gwang/tt_transformers/model_cache/llama33_70b/T3K/attn/layer78_wo_srcshape_1_1_8192_8192_dtype_BFLOAT8_B_layout_TILE_mapper_660f4331f0f0_device_0.tensorbin
2026-09-03 00:18:12.111 | INFO     | tt_transformers.modules.lazy_weight:get_device_weight:120 - [32m[cache hit][0m Loading tensor from cache: /localdev/gwang/tt_transformers/model_cache/llama33_70b/T3K/norm/layer78_post_attn_srcshape_1_1_256_32_dtype_BFLOAT16_layout_ROW_MAJOR_mapper_241585d9fe31_device_0.tensorbin
2026-09-03 00:18:12.112 | INFO     | tt_transformers.modules.lazy_weight:get_device_weight:120 - [32m[cache hit][0m Loading tensor from cache: /localdev/gwang/tt_transformers/model_cache/llama33_70b/T3K/norm/layer78_post_attn_srcshape_1_1_256_32_dtype_BFLOAT16_layout_ROW_MAJOR_mapper_b82b244385ac_device_0.tensorbin
2026-09-03 00:18:12.113 | INFO     | tt_transformers.modules.lazy_weight:get_device_weight:120 - [32m[cache hit][0m Loading tensor from cache: /localdev/gwang/tt_transformers/model_cache/llama33_70b/T3K/mlp/layer78_w1_srcshape_8192_28672_dtype_BFLOAT8_B_layout_TILE_memcfg_1786057467681592545_mapper_660f4331f0f0_device_0.tensorbin
2026-09-03 00:18:12.129 | INFO     | tt_transformers.modules.lazy_weight:get_device_weight:120 - [32m[cache hit][0m Loading tensor from cache: /localdev/gwang/tt_transformers/model_cache/llama33_70b/T3K/mlp/layer78_w2_srcshape_28672_8192_dtype_BFLOAT8_B_layout_TILE_memcfg_906506041791331912_mapper_0cdd7bdaff6f_device_0.tensorbin
2026-09-03 00:18:12.143 | INFO     | tt_transformers.modules.lazy_weight:get_device_weight:120 - [32m[cache hit][0m Loading tensor from cache: /localdev/gwang/tt_transformers/model_cache/llama33_70b/T3K/mlp/layer78_w3_srcshape_8192_28672_dtype_BFLOAT8_B_layout_TILE_memcfg_1786057467681592545_mapper_660f4331f0f0_device_0.tensorbin
2026-09-03 00:18:12.158 | INFO     | tt_transformers.modules.lazy_weight:get_device_weight:120 - [32m[cache hit][0m Loading tensor from cache: /localdev/gwang/tt_transformers/model_cache/llama33_70b/T3K/norm/layer79_pre_attn_srcshape_1_1_256_32_dtype_BFLOAT16_layout_ROW_MAJOR_mapper_241585d9fe31_device_0.tensorbin
2026-09-03 00:18:12.158 | INFO     | tt_transformers.modules.lazy_weight:get_device_weight:120 - [32m[cache hit][0m Loading tensor from cache: /localdev/gwang/tt_transformers/model_cache/llama33_70b/T3K/norm/layer79_pre_attn_srcshape_1_1_256_32_dtype_BFLOAT16_layout_ROW_MAJOR_mapper_b82b244385ac_device_0.tensorbin
2026-09-03 00:18:12.159 | INFO     | tt_transformers.modules.lazy_weight:get_device_weight:120 - [32m[cache hit][0m Loading tensor from cache: /localdev/gwang/tt_transformers/model_cache/llama33_70b/T3K/attn/layer79_wqkv_srcshape_1_1_8192_10240_dtype_BFLOAT8_B_layout_TILE_memcfg_663972112453010226_mapper_660f4331f0f0_device_0.tensorbin
2026-09-03 00:18:12.164 | INFO     | tt_transformers.modules.lazy_weight:get_device_weight:120 - [32m[cache hit][0m Loading tensor from cache: /localdev/gwang/tt_transformers/model_cache/llama33_70b/T3K/attn/layer79_wo_srcshape_1_1_8192_8192_dtype_BFLOAT8_B_layout_TILE_mapper_660f4331f0f0_device_0.tensorbin
2026-09-03 00:18:12.169 | INFO     | tt_transformers.modules.lazy_weight:get_device_weight:120 - [32m[cache hit][0m Loading tensor from cache: /localdev/gwang/tt_transformers/model_cache/llama33_70b/T3K/norm/layer79_post_attn_srcshape_1_1_256_32_dtype_BFLOAT16_layout_ROW_MAJOR_mapper_241585d9fe31_device_0.tensorbin
2026-09-03 00:18:12.170 | INFO     | tt_transformers.modules.lazy_weight:get_device_weight:120 - [32m[cache hit][0m Loading tensor from cache: /localdev/gwang/tt_transformers/model_cache/llama33_70b/T3K/norm/layer79_post_attn_srcshape_1_1_256_32_dtype_BFLOAT16_layout_ROW_MAJOR_mapper_b82b244385ac_device_0.tensorbin
2026-09-03 00:18:12.170 | INFO     | tt_transformers.modules.lazy_weight:get_device_weight:120 - [32m[cache hit][0m Loading tensor from cache: /localdev/gwang/tt_transformers/model_cache/llama33_70b/T3K/mlp/layer79_w1_srcshape_8192_28672_dtype_BFLOAT8_B_layout_TILE_memcfg_1786057467681592545_mapper_660f4331f0f0_device_0.tensorbin
2026-09-03 00:18:12.185 | INFO     | tt_transformers.modules.lazy_weight:get_device_weight:120 - [32m[cache hit][0m Loading tensor from cache: /localdev/gwang/tt_transformers/model_cache/llama33_70b/T3K/mlp/layer79_w2_srcshape_28672_8192_dtype_BFLOAT8_B_layout_TILE_memcfg_906506041791331912_mapper_0cdd7bdaff6f_device_0.tensorbin
2026-09-03 00:18:12.200 | INFO     | tt_transformers.modules.lazy_weight:get_device_weight:120 - [32m[cache hit][0m Loading tensor from cache: /localdev/gwang/tt_transformers/model_cache/llama33_70b/T3K/mlp/layer79_w3_srcshape_8192_28672_dtype_BFLOAT8_B_layout_TILE_memcfg_1786057467681592545_mapper_660f4331f0f0_device_0.tensorbin
2026-09-03 00:18:12.218 | INFO     | tt_transformers.modules.lazy_weight:get_device_weight:120 - [32m[cache hit][0m Loading tensor from cache: /localdev/gwang/tt_transformers/model_cache/llama33_70b/T3K/norm/final_srcshape_1_1_256_32_dtype_BFLOAT16_layout_ROW_MAJOR_mapper_241585d9fe31_device_0.tensorbin
2026-09-03 00:18:12.218 | INFO     | tt_transformers.modules.lazy_weight:get_device_weight:120 - [32m[cache hit][0m Loading tensor from cache: /localdev/gwang/tt_transformers/model_cache/llama33_70b/T3K/norm/final_srcshape_1_1_256_32_dtype_BFLOAT16_layout_ROW_MAJOR_mapper_b82b244385ac_device_0.tensorbin
2026-09-03 00:18:12.249 | INFO     | tt_transformers.modules.lazy_weight:get_device_weight:120 - [32m[cache hit][0m Loading tensor from cache: /localdev/gwang/tt_transformers/model_cache/llama33_70b/T3K/lm_head/lm_head_split_0_logical_8192_physical_65536_srcshape_8192_65536_dtype_BFLOAT8_B_layout_TILE_memcfg_59144006882522099_mapper_660f4331f0f0_device_0.tensorbin
2026-09-03 00:18:12.280 | INFO     | tt_transformers.modules.lazy_weight:get_device_weight:120 - [32m[cache hit][0m Loading tensor from cache: /localdev/gwang/tt_transformers/model_cache/llama33_70b/T3K/lm_head/lm_head_split_1_logical_7840_physical_62720_srcshape_8192_62720_dtype_BFLOAT8_B_layout_TILE_memcfg_6896033901621697515_mapper_660f4331f0f0_device_0.tensorbin
2026-09-03 00:18:16.013 | DEBUG    | core:as_tensor:724 - Loaded cache for /localdev/gwang/tt_transformers/model_cache/llama33_70b/T3K/empty_kcache_paged_attention(2048, 1, 32, 128)_dtype_BFLOAT8_B_layout_TILE.tensorbin of shape Shape([2048, 1, 32, 128])
2026-09-03 00:18:16.016 | DEBUG    | core:as_tensor:724 - Loaded cache for /localdev/gwang/tt_transformers/model_cache/llama33_70b/T3K/empty_vcache_paged_attention(2048, 1, 32, 128)_dtype_BFLOAT8_B_layout_TILE.tensorbin of shape Shape([2048, 1, 32, 128])
2026-09-03 00:18:16.019 | DEBUG    | core:as_tensor:724 - Loaded cache for /localdev/gwang/tt_transformers/model_cache/llama33_70b/T3K/empty_kcache_paged_attention(2048, 1, 32, 128)_dtype_BFLOAT8_B_layout_TILE.tensorbin of shape Shape([2048, 1, 32, 128])
2026-09-03 00:18:16.022 | DEBUG    | core:as_tensor:724 - Loaded cache for /localdev/gwang/tt_transformers/model_cache/llama33_70b/T3K/empty_vcache_paged_attention(2048, 1, 32, 128)_dtype_BFLOAT8_B_layout_TILE.tensorbin of shape Shape([2048, 1, 32, 128])
2026-09-03 00:18:16.025 | DEBUG    | core:as_tensor:724 - Loaded cache for /localdev/gwang/tt_transformers/model_cache/llama33_70b/T3K/empty_kcache_paged_attention(2048, 1, 32, 128)_dtype_BFLOAT8_B_layout_TILE.tensorbin of shape Shape([2048, 1, 32, 128])
2026-09-03 00:18:16.027 | DEBUG    | core:as_tensor:724 - Loaded cache for /localdev/gwang/tt_transformers/model_cache/llama33_70b/T3K/empty_vcache_paged_attention(2048, 1, 32, 128)_dtype_BFLOAT8_B_layout_TILE.tensorbin of shape Shape([2048, 1, 32, 128])
2026-09-03 00:18:16.030 | DEBUG    | core:as_tensor:724 - Loaded cache for /localdev/gwang/tt_transformers/model_cache/llama33_70b/T3K/empty_kcache_paged_attention(2048, 1, 32, 128)_dtype_BFLOAT8_B_layout_TILE.tensorbin of shape Shape([2048, 1, 32, 128])
2026-09-03 00:18:16.033 | DEBUG    | core:as_tensor:724 - Loaded cache for /localdev/gwang/tt_transformers/model_cache/llama33_70b/T3K/empty_vcache_paged_attention(2048, 1, 32, 128)_dtype_BFLOAT8_B_layout_TILE.tensorbin of shape Shape([2048, 1, 32, 128])
2026-09-03 00:18:16.036 | DEBUG    | core:as_tensor:724 - Loaded cache for /localdev/gwang/tt_transformers/model_cache/llama33_70b/T3K/empty_kcache_paged_attention(2048, 1, 32, 128)_dtype_BFLOAT8_B_layout_TILE.tensorbin of shape Shape([2048, 1, 32, 128])
2026-09-03 00:18:16.039 | DEBUG    | core:as_tensor:724 - Loaded cache for /localdev/gwang/tt_transformers/model_cache/llama33_70b/T3K/empty_vcache_paged_attention(2048, 1, 32, 128)_dtype_BFLOAT8_B_layout_TILE.tensorbin of shape Shape([2048, 1, 32, 128])
2026-09-03 00:18:16.041 | DEBUG    | core:as_tensor:724 - Loaded cache for /localdev/gwang/tt_transformers/model_cache/llama33_70b/T3K/empty_kcache_paged_attention(2048, 1, 32, 128)_dtype_BFLOAT8_B_layout_TILE.tensorbin of shape Shape([2048, 1, 32, 128])
2026-09-03 00:18:16.044 | DEBUG    | core:as_tensor:724 - Loaded cache for /localdev/gwang/tt_transformers/model_cache/llama33_70b/T3K/empty_vcache_paged_attention(2048, 1, 32, 128)_dtype_BFLOAT8_B_layout_TILE.tensorbin of shape Shape([2048, 1, 32, 128])
2026-09-03 00:18:16.047 | DEBUG    | core:as_tensor:724 - Loaded cache for /localdev/gwang/tt_transformers/model_cache/llama33_70b/T3K/empty_kcache_paged_attention(2048, 1, 32, 128)_dtype_BFLOAT8_B_layout_TILE.tensorbin of shape Shape([2048, 1, 32, 128])
2026-09-03 00:18:16.050 | DEBUG    | core:as_tensor:724 - Loaded cache for /localdev/gwang/tt_transformers/model_cache/llama33_70b/T3K/empty_vcache_paged_attention(2048, 1, 32, 128)_dtype_BFLOAT8_B_layout_TILE.tensorbin of shape Shape([2048, 1, 32, 128])
2026-09-03 00:18:16.053 | DEBUG    | core:as_tensor:724 - Loaded cache for /localdev/gwang/tt_transformers/model_cache/llama33_70b/T3K/empty_kcache_paged_attention(2048, 1, 32, 128)_dtype_BFLOAT8_B_layout_TILE.tensorbin of shape Shape([2048, 1, 32, 128])
2026-09-03 00:18:16.056 | DEBUG    | core:as_tensor:724 - Loaded cache for /localdev/gwang/tt_transformers/model_cache/llama33_70b/T3K/empty_vcache_paged_attention(2048, 1, 32, 128)_dtype_BFLOAT8_B_layout_TILE.tensorbin of shape Shape([2048, 1, 32, 128])
2026-09-03 00:18:16.059 | DEBUG    | core:as_tensor:724 - Loaded cache for /localdev/gwang/tt_transformers/model_cache/llama33_70b/T3K/empty_kcache_paged_attention(2048, 1, 32, 128)_dtype_BFLOAT8_B_layout_TILE.tensorbin of shape Shape([2048, 1, 32, 128])
2026-09-03 00:18:16.061 | DEBUG    | core:as_tensor:724 - Loaded cache for /localdev/gwang/tt_transformers/model_cache/llama33_70b/T3K/empty_vcache_paged_attention(2048, 1, 32, 128)_dtype_BFLOAT8_B_layout_TILE.tensorbin of shape Shape([2048, 1, 32, 128])
2026-09-03 00:18:16.064 | DEBUG    | core:as_tensor:724 - Loaded cache for /localdev/gwang/tt_transformers/model_cache/llama33_70b/T3K/empty_kcache_paged_attention(2048, 1, 32, 128)_dtype_BFLOAT8_B_layout_TILE.tensorbin of shape Shape([2048, 1, 32, 128])
2026-09-03 00:18:16.067 | DEBUG    | core:as_tensor:724 - Loaded cache for /localdev/gwang/tt_transformers/model_cache/llama33_70b/T3K/empty_vcache_paged_attention(2048, 1, 32, 128)_dtype_BFLOAT8_B_layout_TILE.tensorbin of shape Shape([2048, 1, 32, 128])
2026-09-03 00:18:16.070 | DEBUG    | core:as_tensor:724 - Loaded cache for /localdev/gwang/tt_transformers/model_cache/llama33_70b/T3K/empty_kcache_paged_attention(2048, 1, 32, 128)_dtype_BFLOAT8_B_layout_TILE.tensorbin of shape Shape([2048, 1, 32, 128])
2026-09-03 00:18:16.073 | DEBUG    | core:as_tensor:724 - Loaded cache for /localdev/gwang/tt_transformers/model_cache/llama33_70b/T3K/empty_vcache_paged_attention(2048, 1, 32, 128)_dtype_BFLOAT8_B_layout_TILE.tensorbin of shape Shape([2048, 1, 32, 128])
2026-09-03 00:18:16.075 | DEBUG    | core:as_tensor:724 - Loaded cache for /localdev/gwang/tt_transformers/model_cache/llama33_70b/T3K/empty_kcache_paged_attention(2048, 1, 32, 128)_dtype_BFLOAT8_B_layout_TILE.tensorbin of shape Shape([2048, 1, 32, 128])
2026-09-03 00:18:16.078 | DEBUG    | core:as_tensor:724 - Loaded cache for /localdev/gwang/tt_transformers/model_cache/llama33_70b/T3K/empty_vcache_paged_attention(2048, 1, 32, 128)_dtype_BFLOAT8_B_layout_TILE.tensorbin of shape Shape([2048, 1, 32, 128])
2026-09-03 00:18:16.081 | DEBUG    | core:as_tensor:724 - Loaded cache for /localdev/gwang/tt_transformers/model_cache/llama33_70b/T3K/empty_kcache_paged_attention(2048, 1, 32, 128)_dtype_BFLOAT8_B_layout_TILE.tensorbin of shape Shape([2048, 1, 32, 128])
2026-09-03 00:18:16.084 | DEBUG    | core:as_tensor:724 - Loaded cache for /localdev/gwang/tt_transformers/model_cache/llama33_70b/T3K/empty_vcache_paged_attention(2048, 1, 32, 128)_dtype_BFLOAT8_B_layout_TILE.tensorbin of shape Shape([2048, 1, 32, 128])
2026-09-03 00:18:16.087 | DEBUG    | core:as_tensor:724 - Loaded cache for /localdev/gwang/tt_transformers/model_cache/llama33_70b/T3K/empty_kcache_paged_attention(2048, 1, 32, 128)_dtype_BFLOAT8_B_layout_TILE.tensorbin of shape Shape([2048, 1, 32, 128])
2026-09-03 00:18:16.089 | DEBUG    | core:as_tensor:724 - Loaded cache for /localdev/gwang/tt_transformers/model_cache/llama33_70b/T3K/empty_vcache_paged_attention(2048, 1, 32, 128)_dtype_BFLOAT8_B_layout_TILE.tensorbin of shape Shape([2048, 1, 32, 128])
2026-09-03 00:18:16.092 | DEBUG    | core:as_tensor:724 - Loaded cache for /localdev/gwang/tt_transformers/model_cache/llama33_70b/T3K/empty_kcache_paged_attention(2048, 1, 32, 128)_dtype_BFLOAT8_B_layout_TILE.tensorbin of shape Shape([2048, 1, 32, 128])
2026-09-03 00:18:16.095 | DEBUG    | core:as_tensor:724 - Loaded cache for /localdev/gwang/tt_transformers/model_cache/llama33_70b/T3K/empty_vcache_paged_attention(2048, 1, 32, 128)_dtype_BFLOAT8_B_layout_TILE.tensorbin of shape Shape([2048, 1, 32, 128])
2026-09-03 00:18:16.098 | DEBUG    | core:as_tensor:724 - Loaded cache for /localdev/gwang/tt_transformers/model_cache/llama33_70b/T3K/empty_kcache_paged_attention(2048, 1, 32, 128)_dtype_BFLOAT8_B_layout_TILE.tensorbin of shape Shape([2048, 1, 32, 128])
2026-09-03 00:18:16.101 | DEBUG    | core:as_tensor:724 - Loaded cache for /localdev/gwang/tt_transformers/model_cache/llama33_70b/T3K/empty_vcache_paged_attention(2048, 1, 32, 128)_dtype_BFLOAT8_B_layout_TILE.tensorbin of shape Shape([2048, 1, 32, 128])
2026-09-03 00:18:16.104 | DEBUG    | core:as_tensor:724 - Loaded cache for /localdev/gwang/tt_transformers/model_cache/llama33_70b/T3K/empty_kcache_paged_attention(2048, 1, 32, 128)_dtype_BFLOAT8_B_layout_TILE.tensorbin of shape Shape([2048, 1, 32, 128])
2026-09-03 00:18:16.107 | DEBUG    | core:as_tensor:724 - Loaded cache for /localdev/gwang/tt_transformers/model_cache/llama33_70b/T3K/empty_vcache_paged_attention(2048, 1, 32, 128)_dtype_BFLOAT8_B_layout_TILE.tensorbin of shape Shape([2048, 1, 32, 128])
2026-09-03 00:18:16.109 | DEBUG    | core:as_tensor:724 - Loaded cache for /localdev/gwang/tt_transformers/model_cache/llama33_70b/T3K/empty_kcache_paged_attention(2048, 1, 32, 128)_dtype_BFLOAT8_B_layout_TILE.tensorbin of shape Shape([2048, 1, 32, 128])
2026-09-03 00:18:16.112 | DEBUG    | core:as_tensor:724 - Loaded cache for /localdev/gwang/tt_transformers/model_cache/llama33_70b/T3K/empty_vcache_paged_attention(2048, 1, 32, 128)_dtype_BFLOAT8_B_layout_TILE.tensorbin of shape Shape([2048, 1, 32, 128])
2026-09-03 00:18:16.115 | DEBUG    | core:as_tensor:724 - Loaded cache for /localdev/gwang/tt_transformers/model_cache/llama33_70b/T3K/empty_kcache_paged_attention(2048, 1, 32, 128)_dtype_BFLOAT8_B_layout_TILE.tensorbin of shape Shape([2048, 1, 32, 128])
2026-09-03 00:18:16.118 | DEBUG    | core:as_tensor:724 - Loaded cache for /localdev/gwang/tt_transformers/model_cache/llama33_70b/T3K/empty_vcache_paged_attention(2048, 1, 32, 128)_dtype_BFLOAT8_B_layout_TILE.tensorbin of shape Shape([2048, 1, 32, 128])
2026-09-03 00:18:16.121 | DEBUG    | core:as_tensor:724 - Loaded cache for /localdev/gwang/tt_transformers/model_cache/llama33_70b/T3K/empty_kcache_paged_attention(2048, 1, 32, 128)_dtype_BFLOAT8_B_layout_TILE.tensorbin of shape Shape([2048, 1, 32, 128])
2026-09-03 00:18:16.123 | DEBUG    | core:as_tensor:724 - Loaded cache for /localdev/gwang/tt_transformers/model_cache/llama33_70b/T3K/empty_vcache_paged_attention(2048, 1, 32, 128)_dtype_BFLOAT8_B_layout_TILE.tensorbin of shape Shape([2048, 1, 32, 128])
2026-09-03 00:18:16.126 | DEBUG    | core:as_tensor:724 - Loaded cache for /localdev/gwang/tt_transformers/model_cache/llama33_70b/T3K/empty_kcache_paged_attention(2048, 1, 32, 128)_dtype_BFLOAT8_B_layout_TILE.tensorbin of shape Shape([2048, 1, 32, 128])
2026-09-03 00:18:16.129 | DEBUG    | core:as_tensor:724 - Loaded cache for /localdev/gwang/tt_transformers/model_cache/llama33_70b/T3K/empty_vcache_paged_attention(2048, 1, 32, 128)_dtype_BFLOAT8_B_layout_TILE.tensorbin of shape Shape([2048, 1, 32, 128])
2026-09-03 00:18:16.132 | DEBUG    | core:as_tensor:724 - Loaded cache for /localdev/gwang/tt_transformers/model_cache/llama33_70b/T3K/empty_kcache_paged_attention(2048, 1, 32, 128)_dtype_BFLOAT8_B_layout_TILE.tensorbin of shape Shape([2048, 1, 32, 128])
2026-09-03 00:18:16.135 | DEBUG    | core:as_tensor:724 - Loaded cache for /localdev/gwang/tt_transformers/model_cache/llama33_70b/T3K/empty_vcache_paged_attention(2048, 1, 32, 128)_dtype_BFLOAT8_B_layout_TILE.tensorbin of shape Shape([2048, 1, 32, 128])
2026-09-03 00:18:16.138 | DEBUG    | core:as_tensor:724 - Loaded cache for /localdev/gwang/tt_transformers/model_cache/llama33_70b/T3K/empty_kcache_paged_attention(2048, 1, 32, 128)_dtype_BFLOAT8_B_layout_TILE.tensorbin of shape Shape([2048, 1, 32, 128])
2026-09-03 00:18:16.140 | DEBUG    | core:as_tensor:724 - Loaded cache for /localdev/gwang/tt_transformers/model_cache/llama33_70b/T3K/empty_vcache_paged_attention(2048, 1, 32, 128)_dtype_BFLOAT8_B_layout_TILE.tensorbin of shape Shape([2048, 1, 32, 128])
2026-09-03 00:18:16.143 | DEBUG    | core:as_tensor:724 - Loaded cache for /localdev/gwang/tt_transformers/model_cache/llama33_70b/T3K/empty_kcache_paged_attention(2048, 1, 32, 128)_dtype_BFLOAT8_B_layout_TILE.tensorbin of shape Shape([2048, 1, 32, 128])
2026-09-03 00:18:16.146 | DEBUG    | core:as_tensor:724 - Loaded cache for /localdev/gwang/tt_transformers/model_cache/llama33_70b/T3K/empty_vcache_paged_attention(2048, 1, 32, 128)_dtype_BFLOAT8_B_layout_TILE.tensorbin of shape Shape([2048, 1, 32, 128])
2026-09-03 00:18:16.149 | DEBUG    | core:as_tensor:724 - Loaded cache for /localdev/gwang/tt_transformers/model_cache/llama33_70b/T3K/empty_kcache_paged_attention(2048, 1, 32, 128)_dtype_BFLOAT8_B_layout_TILE.tensorbin of shape Shape([2048, 1, 32, 128])
2026-09-03 00:18:16.152 | DEBUG    | core:as_tensor:724 - Loaded cache for /localdev/gwang/tt_transformers/model_cache/llama33_70b/T3K/empty_vcache_paged_attention(2048, 1, 32, 128)_dtype_BFLOAT8_B_layout_TILE.tensorbin of shape Shape([2048, 1, 32, 128])
2026-09-03 00:18:16.154 | DEBUG    | core:as_tensor:724 - Loaded cache for /localdev/gwang/tt_transformers/model_cache/llama33_70b/T3K/empty_kcache_paged_attention(2048, 1, 32, 128)_dtype_BFLOAT8_B_layout_TILE.tensorbin of shape Shape([2048, 1, 32, 128])
2026-09-03 00:18:16.157 | DEBUG    | core:as_tensor:724 - Loaded cache for /localdev/gwang/tt_transformers/model_cache/llama33_70b/T3K/empty_vcache_paged_attention(2048, 1, 32, 128)_dtype_BFLOAT8_B_layout_TILE.tensorbin of shape Shape([2048, 1, 32, 128])
2026-09-03 00:18:16.160 | DEBUG    | core:as_tensor:724 - Loaded cache for /localdev/gwang/tt_transformers/model_cache/llama33_70b/T3K/empty_kcache_paged_attention(2048, 1, 32, 128)_dtype_BFLOAT8_B_layout_TILE.tensorbin of shape Shape([2048, 1, 32, 128])
2026-09-03 00:18:16.163 | DEBUG    | core:as_tensor:724 - Loaded cache for /localdev/gwang/tt_transformers/model_cache/llama33_70b/T3K/empty_vcache_paged_attention(2048, 1, 32, 128)_dtype_BFLOAT8_B_layout_TILE.tensorbin of shape Shape([2048, 1, 32, 128])
2026-09-03 00:18:16.166 | DEBUG    | core:as_tensor:724 - Loaded cache for /localdev/gwang/tt_transformers/model_cache/llama33_70b/T3K/empty_kcache_paged_attention(2048, 1, 32, 128)_dtype_BFLOAT8_B_layout_TILE.tensorbin of shape Shape([2048, 1, 32, 128])
2026-09-03 00:18:16.169 | DEBUG    | core:as_tensor:724 - Loaded cache for /localdev/gwang/tt_transformers/model_cache/llama33_70b/T3K/empty_vcache_paged_attention(2048, 1, 32, 128)_dtype_BFLOAT8_B_layout_TILE.tensorbin of shape Shape([2048, 1, 32, 128])
2026-09-03 00:18:16.171 | DEBUG    | core:as_tensor:724 - Loaded cache for /localdev/gwang/tt_transformers/model_cache/llama33_70b/T3K/empty_kcache_paged_attention(2048, 1, 32, 128)_dtype_BFLOAT8_B_layout_TILE.tensorbin of shape Shape([2048, 1, 32, 128])
2026-09-03 00:18:16.174 | DEBUG    | core:as_tensor:724 - Loaded cache for /localdev/gwang/tt_transformers/model_cache/llama33_70b/T3K/empty_vcache_paged_attention(2048, 1, 32, 128)_dtype_BFLOAT8_B_layout_TILE.tensorbin of shape Shape([2048, 1, 32, 128])
2026-09-03 00:18:16.177 | DEBUG    | core:as_tensor:724 - Loaded cache for /localdev/gwang/tt_transformers/model_cache/llama33_70b/T3K/empty_kcache_paged_attention(2048, 1, 32, 128)_dtype_BFLOAT8_B_layout_TILE.tensorbin of shape Shape([2048, 1, 32, 128])
2026-09-03 00:18:16.180 | DEBUG    | core:as_tensor:724 - Loaded cache for /localdev/gwang/tt_transformers/model_cache/llama33_70b/T3K/empty_vcache_paged_attention(2048, 1, 32, 128)_dtype_BFLOAT8_B_layout_TILE.tensorbin of shape Shape([2048, 1, 32, 128])
2026-09-03 00:18:16.183 | DEBUG    | core:as_tensor:724 - Loaded cache for /localdev/gwang/tt_transformers/model_cache/llama33_70b/T3K/empty_kcache_paged_attention(2048, 1, 32, 128)_dtype_BFLOAT8_B_layout_TILE.tensorbin of shape Shape([2048, 1, 32, 128])
2026-09-03 00:18:16.186 | DEBUG    | core:as_tensor:724 - Loaded cache for /localdev/gwang/tt_transformers/model_cache/llama33_70b/T3K/empty_vcache_paged_attention(2048, 1, 32, 128)_dtype_BFLOAT8_B_layout_TILE.tensorbin of shape Shape([2048, 1, 32, 128])
2026-09-03 00:18:16.188 | DEBUG    | core:as_tensor:724 - Loaded cache for /localdev/gwang/tt_transformers/model_cache/llama33_70b/T3K/empty_kcache_paged_attention(2048, 1, 32, 128)_dtype_BFLOAT8_B_layout_TILE.tensorbin of shape Shape([2048, 1, 32, 128])
2026-09-03 00:18:16.191 | DEBUG    | core:as_tensor:724 - Loaded cache for /localdev/gwang/tt_transformers/model_cache/llama33_70b/T3K/empty_vcache_paged_attention(2048, 1, 32, 128)_dtype_BFLOAT8_B_layout_TILE.tensorbin of shape Shape([2048, 1, 32, 128])
2026-09-03 00:18:16.194 | DEBUG    | core:as_tensor:724 - Loaded cache for /localdev/gwang/tt_transformers/model_cache/llama33_70b/T3K/empty_kcache_paged_attention(2048, 1, 32, 128)_dtype_BFLOAT8_B_layout_TILE.tensorbin of shape Shape([2048, 1, 32, 128])
2026-09-03 00:18:16.197 | DEBUG    | core:as_tensor:724 - Loaded cache for /localdev/gwang/tt_transformers/model_cache/llama33_70b/T3K/empty_vcache_paged_attention(2048, 1, 32, 128)_dtype_BFLOAT8_B_layout_TILE.tensorbin of shape Shape([2048, 1, 32, 128])
2026-09-03 00:18:16.200 | DEBUG    | core:as_tensor:724 - Loaded cache for /localdev/gwang/tt_transformers/model_cache/llama33_70b/T3K/empty_kcache_paged_attention(2048, 1, 32, 128)_dtype_BFLOAT8_B_layout_TILE.tensorbin of shape Shape([2048, 1, 32, 128])
2026-09-03 00:18:16.203 | DEBUG    | core:as_tensor:724 - Loaded cache for /localdev/gwang/tt_transformers/model_cache/llama33_70b/T3K/empty_vcache_paged_attention(2048, 1, 32, 128)_dtype_BFLOAT8_B_layout_TILE.tensorbin of shape Shape([2048, 1, 32, 128])
2026-09-03 00:18:16.206 | DEBUG    | core:as_tensor:724 - Loaded cache for /localdev/gwang/tt_transformers/model_cache/llama33_70b/T3K/empty_kcache_paged_attention(2048, 1, 32, 128)_dtype_BFLOAT8_B_layout_TILE.tensorbin of shape Shape([2048, 1, 32, 128])
2026-09-03 00:18:16.208 | DEBUG    | core:as_tensor:724 - Loaded cache for /localdev/gwang/tt_transformers/model_cache/llama33_70b/T3K/empty_vcache_paged_attention(2048, 1, 32, 128)_dtype_BFLOAT8_B_layout_TILE.tensorbin of shape Shape([2048, 1, 32, 128])
2026-09-03 00:18:16.211 | DEBUG    | core:as_tensor:724 - Loaded cache for /localdev/gwang/tt_transformers/model_cache/llama33_70b/T3K/empty_kcache_paged_attention(2048, 1, 32, 128)_dtype_BFLOAT8_B_layout_TILE.tensorbin of shape Shape([2048, 1, 32, 128])
2026-09-03 00:18:16.214 | DEBUG    | core:as_tensor:724 - Loaded cache for /localdev/gwang/tt_transformers/model_cache/llama33_70b/T3K/empty_vcache_paged_attention(2048, 1, 32, 128)_dtype_BFLOAT8_B_layout_TILE.tensorbin of shape Shape([2048, 1, 32, 128])
2026-09-03 00:18:16.218 | DEBUG    | core:as_tensor:724 - Loaded cache for /localdev/gwang/tt_transformers/model_cache/llama33_70b/T3K/empty_kcache_paged_attention(2048, 1, 32, 128)_dtype_BFLOAT8_B_layout_TILE.tensorbin of shape Shape([2048, 1, 32, 128])
2026-09-03 00:18:16.221 | DEBUG    | core:as_tensor:724 - Loaded cache for /localdev/gwang/tt_transformers/model_cache/llama33_70b/T3K/empty_vcache_paged_attention(2048, 1, 32, 128)_dtype_BFLOAT8_B_layout_TILE.tensorbin of shape Shape([2048, 1, 32, 128])
2026-09-03 00:18:16.224 | DEBUG    | core:as_tensor:724 - Loaded cache for /localdev/gwang/tt_transformers/model_cache/llama33_70b/T3K/empty_kcache_paged_attention(2048, 1, 32, 128)_dtype_BFLOAT8_B_layout_TILE.tensorbin of shape Shape([2048, 1, 32, 128])
2026-09-03 00:18:16.227 | DEBUG    | core:as_tensor:724 - Loaded cache for /localdev/gwang/tt_transformers/model_cache/llama33_70b/T3K/empty_vcache_paged_attention(2048, 1, 32, 128)_dtype_BFLOAT8_B_layout_TILE.tensorbin of shape Shape([2048, 1, 32, 128])
2026-09-03 00:18:16.230 | DEBUG    | core:as_tensor:724 - Loaded cache for /localdev/gwang/tt_transformers/model_cache/llama33_70b/T3K/empty_kcache_paged_attention(2048, 1, 32, 128)_dtype_BFLOAT8_B_layout_TILE.tensorbin of shape Shape([2048, 1, 32, 128])
2026-09-03 00:18:16.233 | DEBUG    | core:as_tensor:724 - Loaded cache for /localdev/gwang/tt_transformers/model_cache/llama33_70b/T3K/empty_vcache_paged_attention(2048, 1, 32, 128)_dtype_BFLOAT8_B_layout_TILE.tensorbin of shape Shape([2048, 1, 32, 128])
2026-09-03 00:18:16.235 | DEBUG    | core:as_tensor:724 - Loaded cache for /localdev/gwang/tt_transformers/model_cache/llama33_70b/T3K/empty_kcache_paged_attention(2048, 1, 32, 128)_dtype_BFLOAT8_B_layout_TILE.tensorbin of shape Shape([2048, 1, 32, 128])
2026-09-03 00:18:16.238 | DEBUG    | core:as_tensor:724 - Loaded cache for /localdev/gwang/tt_transformers/model_cache/llama33_70b/T3K/empty_vcache_paged_attention(2048, 1, 32, 128)_dtype_BFLOAT8_B_layout_TILE.tensorbin of shape Shape([2048, 1, 32, 128])
2026-09-03 00:18:16.241 | DEBUG    | core:as_tensor:724 - Loaded cache for /localdev/gwang/tt_transformers/model_cache/llama33_70b/T3K/empty_kcache_paged_attention(2048, 1, 32, 128)_dtype_BFLOAT8_B_layout_TILE.tensorbin of shape Shape([2048, 1, 32, 128])
2026-09-03 00:18:16.244 | DEBUG    | core:as_tensor:724 - Loaded cache for /localdev/gwang/tt_transformers/model_cache/llama33_70b/T3K/empty_vcache_paged_attention(2048, 1, 32, 128)_dtype_BFLOAT8_B_layout_TILE.tensorbin of shape Shape([2048, 1, 32, 128])
2026-09-03 00:18:16.247 | DEBUG    | core:as_tensor:724 - Loaded cache for /localdev/gwang/tt_transformers/model_cache/llama33_70b/T3K/empty_kcache_paged_attention(2048, 1, 32, 128)_dtype_BFLOAT8_B_layout_TILE.tensorbin of shape Shape([2048, 1, 32, 128])
2026-09-03 00:18:16.250 | DEBUG    | core:as_tensor:724 - Loaded cache for /localdev/gwang/tt_transformers/model_cache/llama33_70b/T3K/empty_vcache_paged_attention(2048, 1, 32, 128)_dtype_BFLOAT8_B_layout_TILE.tensorbin of shape Shape([2048, 1, 32, 128])
2026-09-03 00:18:16.253 | DEBUG    | core:as_tensor:724 - Loaded cache for /localdev/gwang/tt_transformers/model_cache/llama33_70b/T3K/empty_kcache_paged_attention(2048, 1, 32, 128)_dtype_BFLOAT8_B_layout_TILE.tensorbin of shape Shape([2048, 1, 32, 128])
2026-09-03 00:18:16.256 | DEBUG    | core:as_tensor:724 - Loaded cache for /localdev/gwang/tt_transformers/model_cache/llama33_70b/T3K/empty_vcache_paged_attention(2048, 1, 32, 128)_dtype_BFLOAT8_B_layout_TILE.tensorbin of shape Shape([2048, 1, 32, 128])
2026-09-03 00:18:16.259 | DEBUG    | core:as_tensor:724 - Loaded cache for /localdev/gwang/tt_transformers/model_cache/llama33_70b/T3K/empty_kcache_paged_attention(2048, 1, 32, 128)_dtype_BFLOAT8_B_layout_TILE.tensorbin of shape Shape([2048, 1, 32, 128])
2026-09-03 00:18:16.261 | DEBUG    | core:as_tensor:724 - Loaded cache for /localdev/gwang/tt_transformers/model_cache/llama33_70b/T3K/empty_vcache_paged_attention(2048, 1, 32, 128)_dtype_BFLOAT8_B_layout_TILE.tensorbin of shape Shape([2048, 1, 32, 128])
2026-09-03 00:18:16.264 | DEBUG    | core:as_tensor:724 - Loaded cache for /localdev/gwang/tt_transformers/model_cache/llama33_70b/T3K/empty_kcache_paged_attention(2048, 1, 32, 128)_dtype_BFLOAT8_B_layout_TILE.tensorbin of shape Shape([2048, 1, 32, 128])
2026-09-03 00:18:16.267 | DEBUG    | core:as_tensor:724 - Loaded cache for /localdev/gwang/tt_transformers/model_cache/llama33_70b/T3K/empty_vcache_paged_attention(2048, 1, 32, 128)_dtype_BFLOAT8_B_layout_TILE.tensorbin of shape Shape([2048, 1, 32, 128])
2026-09-03 00:18:16.270 | DEBUG    | core:as_tensor:724 - Loaded cache for /localdev/gwang/tt_transformers/model_cache/llama33_70b/T3K/empty_kcache_paged_attention(2048, 1, 32, 128)_dtype_BFLOAT8_B_layout_TILE.tensorbin of shape Shape([2048, 1, 32, 128])
2026-09-03 00:18:16.273 | DEBUG    | core:as_tensor:724 - Loaded cache for /localdev/gwang/tt_transformers/model_cache/llama33_70b/T3K/empty_vcache_paged_attention(2048, 1, 32, 128)_dtype_BFLOAT8_B_layout_TILE.tensorbin of shape Shape([2048, 1, 32, 128])
2026-09-03 00:18:16.276 | DEBUG    | core:as_tensor:724 - Loaded cache for /localdev/gwang/tt_transformers/model_cache/llama33_70b/T3K/empty_kcache_paged_attention(2048, 1, 32, 128)_dtype_BFLOAT8_B_layout_TILE.tensorbin of shape Shape([2048, 1, 32, 128])
2026-09-03 00:18:16.278 | DEBUG    | core:as_tensor:724 - Loaded cache for /localdev/gwang/tt_transformers/model_cache/llama33_70b/T3K/empty_vcache_paged_attention(2048, 1, 32, 128)_dtype_BFLOAT8_B_layout_TILE.tensorbin of shape Shape([2048, 1, 32, 128])
2026-09-03 00:18:16.281 | DEBUG    | core:as_tensor:724 - Loaded cache for /localdev/gwang/tt_transformers/model_cache/llama33_70b/T3K/empty_kcache_paged_attention(2048, 1, 32, 128)_dtype_BFLOAT8_B_layout_TILE.tensorbin of shape Shape([2048, 1, 32, 128])
2026-09-03 00:18:16.284 | DEBUG    | core:as_tensor:724 - Loaded cache for /localdev/gwang/tt_transformers/model_cache/llama33_70b/T3K/empty_vcache_paged_attention(2048, 1, 32, 128)_dtype_BFLOAT8_B_layout_TILE.tensorbin of shape Shape([2048, 1, 32, 128])
2026-09-03 00:18:16.287 | DEBUG    | core:as_tensor:724 - Loaded cache for /localdev/gwang/tt_transformers/model_cache/llama33_70b/T3K/empty_kcache_paged_attention(2048, 1, 32, 128)_dtype_BFLOAT8_B_layout_TILE.tensorbin of shape Shape([2048, 1, 32, 128])
2026-09-03 00:18:16.290 | DEBUG    | core:as_tensor:724 - Loaded cache for /localdev/gwang/tt_transformers/model_cache/llama33_70b/T3K/empty_vcache_paged_attention(2048, 1, 32, 128)_dtype_BFLOAT8_B_layout_TILE.tensorbin of shape Shape([2048, 1, 32, 128])
2026-09-03 00:18:16.293 | DEBUG    | core:as_tensor:724 - Loaded cache for /localdev/gwang/tt_transformers/model_cache/llama33_70b/T3K/empty_kcache_paged_attention(2048, 1, 32, 128)_dtype_BFLOAT8_B_layout_TILE.tensorbin of shape Shape([2048, 1, 32, 128])
2026-09-03 00:18:16.295 | DEBUG    | core:as_tensor:724 - Loaded cache for /localdev/gwang/tt_transformers/model_cache/llama33_70b/T3K/empty_vcache_paged_attention(2048, 1, 32, 128)_dtype_BFLOAT8_B_layout_TILE.tensorbin of shape Shape([2048, 1, 32, 128])
2026-09-03 00:18:16.298 | DEBUG    | core:as_tensor:724 - Loaded cache for /localdev/gwang/tt_transformers/model_cache/llama33_70b/T3K/empty_kcache_paged_attention(2048, 1, 32, 128)_dtype_BFLOAT8_B_layout_TILE.tensorbin of shape Shape([2048, 1, 32, 128])
2026-09-03 00:18:16.301 | DEBUG    | core:as_tensor:724 - Loaded cache for /localdev/gwang/tt_transformers/model_cache/llama33_70b/T3K/empty_vcache_paged_attention(2048, 1, 32, 128)_dtype_BFLOAT8_B_layout_TILE.tensorbin of shape Shape([2048, 1, 32, 128])
2026-09-03 00:18:16.304 | DEBUG    | core:as_tensor:724 - Loaded cache for /localdev/gwang/tt_transformers/model_cache/llama33_70b/T3K/empty_kcache_paged_attention(2048, 1, 32, 128)_dtype_BFLOAT8_B_layout_TILE.tensorbin of shape Shape([2048, 1, 32, 128])
2026-09-03 00:18:16.307 | DEBUG    | core:as_tensor:724 - Loaded cache for /localdev/gwang/tt_transformers/model_cache/llama33_70b/T3K/empty_vcache_paged_attention(2048, 1, 32, 128)_dtype_BFLOAT8_B_layout_TILE.tensorbin of shape Shape([2048, 1, 32, 128])
2026-09-03 00:18:16.310 | DEBUG    | core:as_tensor:724 - Loaded cache for /localdev/gwang/tt_transformers/model_cache/llama33_70b/T3K/empty_kcache_paged_attention(2048, 1, 32, 128)_dtype_BFLOAT8_B_layout_TILE.tensorbin of shape Shape([2048, 1, 32, 128])
2026-09-03 00:18:16.312 | DEBUG    | core:as_tensor:724 - Loaded cache for /localdev/gwang/tt_transformers/model_cache/llama33_70b/T3K/empty_vcache_paged_attention(2048, 1, 32, 128)_dtype_BFLOAT8_B_layout_TILE.tensorbin of shape Shape([2048, 1, 32, 128])
2026-09-03 00:18:16.315 | DEBUG    | core:as_tensor:724 - Loaded cache for /localdev/gwang/tt_transformers/model_cache/llama33_70b/T3K/empty_kcache_paged_attention(2048, 1, 32, 128)_dtype_BFLOAT8_B_layout_TILE.tensorbin of shape Shape([2048, 1, 32, 128])
2026-09-03 00:18:16.318 | DEBUG    | core:as_tensor:724 - Loaded cache for /localdev/gwang/tt_transformers/model_cache/llama33_70b/T3K/empty_vcache_paged_attention(2048, 1, 32, 128)_dtype_BFLOAT8_B_layout_TILE.tensorbin of shape Shape([2048, 1, 32, 128])
2026-09-03 00:18:16.321 | DEBUG    | core:as_tensor:724 - Loaded cache for /localdev/gwang/tt_transformers/model_cache/llama33_70b/T3K/empty_kcache_paged_attention(2048, 1, 32, 128)_dtype_BFLOAT8_B_layout_TILE.tensorbin of shape Shape([2048, 1, 32, 128])
2026-09-03 00:18:16.324 | DEBUG    | core:as_tensor:724 - Loaded cache for /localdev/gwang/tt_transformers/model_cache/llama33_70b/T3K/empty_vcache_paged_attention(2048, 1, 32, 128)_dtype_BFLOAT8_B_layout_TILE.tensorbin of shape Shape([2048, 1, 32, 128])
2026-09-03 00:18:16.327 | DEBUG    | core:as_tensor:724 - Loaded cache for /localdev/gwang/tt_transformers/model_cache/llama33_70b/T3K/empty_kcache_paged_attention(2048, 1, 32, 128)_dtype_BFLOAT8_B_layout_TILE.tensorbin of shape Shape([2048, 1, 32, 128])
2026-09-03 00:18:16.329 | DEBUG    | core:as_tensor:724 - Loaded cache for /localdev/gwang/tt_transformers/model_cache/llama33_70b/T3K/empty_vcache_paged_attention(2048, 1, 32, 128)_dtype_BFLOAT8_B_layout_TILE.tensorbin of shape Shape([2048, 1, 32, 128])
2026-09-03 00:18:16.332 | DEBUG    | core:as_tensor:724 - Loaded cache for /localdev/gwang/tt_transformers/model_cache/llama33_70b/T3K/empty_kcache_paged_attention(2048, 1, 32, 128)_dtype_BFLOAT8_B_layout_TILE.tensorbin of shape Shape([2048, 1, 32, 128])
2026-09-03 00:18:16.335 | DEBUG    | core:as_tensor:724 - Loaded cache for /localdev/gwang/tt_transformers/model_cache/llama33_70b/T3K/empty_vcache_paged_attention(2048, 1, 32, 128)_dtype_BFLOAT8_B_layout_TILE.tensorbin of shape Shape([2048, 1, 32, 128])
2026-09-03 00:18:16.338 | DEBUG    | core:as_tensor:724 - Loaded cache for /localdev/gwang/tt_transformers/model_cache/llama33_70b/T3K/empty_kcache_paged_attention(2048, 1, 32, 128)_dtype_BFLOAT8_B_layout_TILE.tensorbin of shape Shape([2048, 1, 32, 128])
2026-09-03 00:18:16.341 | DEBUG    | core:as_tensor:724 - Loaded cache for /localdev/gwang/tt_transformers/model_cache/llama33_70b/T3K/empty_vcache_paged_attention(2048, 1, 32, 128)_dtype_BFLOAT8_B_layout_TILE.tensorbin of shape Shape([2048, 1, 32, 128])
2026-09-03 00:18:16.344 | DEBUG    | core:as_tensor:724 - Loaded cache for /localdev/gwang/tt_transformers/model_cache/llama33_70b/T3K/empty_kcache_paged_attention(2048, 1, 32, 128)_dtype_BFLOAT8_B_layout_TILE.tensorbin of shape Shape([2048, 1, 32, 128])
2026-09-03 00:18:16.346 | DEBUG    | core:as_tensor:724 - Loaded cache for /localdev/gwang/tt_transformers/model_cache/llama33_70b/T3K/empty_vcache_paged_attention(2048, 1, 32, 128)_dtype_BFLOAT8_B_layout_TILE.tensorbin of shape Shape([2048, 1, 32, 128])
2026-09-03 00:18:16.349 | DEBUG    | core:as_tensor:724 - Loaded cache for /localdev/gwang/tt_transformers/model_cache/llama33_70b/T3K/empty_kcache_paged_attention(2048, 1, 32, 128)_dtype_BFLOAT8_B_layout_TILE.tensorbin of shape Shape([2048, 1, 32, 128])
2026-09-03 00:18:16.352 | DEBUG    | core:as_tensor:724 - Loaded cache for /localdev/gwang/tt_transformers/model_cache/llama33_70b/T3K/empty_vcache_paged_attention(2048, 1, 32, 128)_dtype_BFLOAT8_B_layout_TILE.tensorbin of shape Shape([2048, 1, 32, 128])
2026-09-03 00:18:16.355 | DEBUG    | core:as_tensor:724 - Loaded cache for /localdev/gwang/tt_transformers/model_cache/llama33_70b/T3K/empty_kcache_paged_attention(2048, 1, 32, 128)_dtype_BFLOAT8_B_layout_TILE.tensorbin of shape Shape([2048, 1, 32, 128])
2026-09-03 00:18:16.358 | DEBUG    | core:as_tensor:724 - Loaded cache for /localdev/gwang/tt_transformers/model_cache/llama33_70b/T3K/empty_vcache_paged_attention(2048, 1, 32, 128)_dtype_BFLOAT8_B_layout_TILE.tensorbin of shape Shape([2048, 1, 32, 128])
2026-09-03 00:18:16.360 | DEBUG    | core:as_tensor:724 - Loaded cache for /localdev/gwang/tt_transformers/model_cache/llama33_70b/T3K/empty_kcache_paged_attention(2048, 1, 32, 128)_dtype_BFLOAT8_B_layout_TILE.tensorbin of shape Shape([2048, 1, 32, 128])
2026-09-03 00:18:16.363 | DEBUG    | core:as_tensor:724 - Loaded cache for /localdev/gwang/tt_transformers/model_cache/llama33_70b/T3K/empty_vcache_paged_attention(2048, 1, 32, 128)_dtype_BFLOAT8_B_layout_TILE.tensorbin of shape Shape([2048, 1, 32, 128])
2026-09-03 00:18:16.366 | DEBUG    | core:as_tensor:724 - Loaded cache for /localdev/gwang/tt_transformers/model_cache/llama33_70b/T3K/empty_kcache_paged_attention(2048, 1, 32, 128)_dtype_BFLOAT8_B_layout_TILE.tensorbin of shape Shape([2048, 1, 32, 128])
2026-09-03 00:18:16.369 | DEBUG    | core:as_tensor:724 - Loaded cache for /localdev/gwang/tt_transformers/model_cache/llama33_70b/T3K/empty_vcache_paged_attention(2048, 1, 32, 128)_dtype_BFLOAT8_B_layout_TILE.tensorbin of shape Shape([2048, 1, 32, 128])
2026-09-03 00:18:16.372 | DEBUG    | core:as_tensor:724 - Loaded cache for /localdev/gwang/tt_transformers/model_cache/llama33_70b/T3K/empty_kcache_paged_attention(2048, 1, 32, 128)_dtype_BFLOAT8_B_layout_TILE.tensorbin of shape Shape([2048, 1, 32, 128])
2026-09-03 00:18:16.375 | DEBUG    | core:as_tensor:724 - Loaded cache for /localdev/gwang/tt_transformers/model_cache/llama33_70b/T3K/empty_vcache_paged_attention(2048, 1, 32, 128)_dtype_BFLOAT8_B_layout_TILE.tensorbin of shape Shape([2048, 1, 32, 128])
2026-09-03 00:18:16.377 | DEBUG    | core:as_tensor:724 - Loaded cache for /localdev/gwang/tt_transformers/model_cache/llama33_70b/T3K/empty_kcache_paged_attention(2048, 1, 32, 128)_dtype_BFLOAT8_B_layout_TILE.tensorbin of shape Shape([2048, 1, 32, 128])
2026-09-03 00:18:16.380 | DEBUG    | core:as_tensor:724 - Loaded cache for /localdev/gwang/tt_transformers/model_cache/llama33_70b/T3K/empty_vcache_paged_attention(2048, 1, 32, 128)_dtype_BFLOAT8_B_layout_TILE.tensorbin of shape Shape([2048, 1, 32, 128])
2026-09-03 00:18:16.383 | DEBUG    | core:as_tensor:724 - Loaded cache for /localdev/gwang/tt_transformers/model_cache/llama33_70b/T3K/empty_kcache_paged_attention(2048, 1, 32, 128)_dtype_BFLOAT8_B_layout_TILE.tensorbin of shape Shape([2048, 1, 32, 128])
2026-09-03 00:18:16.387 | DEBUG    | core:as_tensor:724 - Loaded cache for /localdev/gwang/tt_transformers/model_cache/llama33_70b/T3K/empty_vcache_paged_attention(2048, 1, 32, 128)_dtype_BFLOAT8_B_layout_TILE.tensorbin of shape Shape([2048, 1, 32, 128])
2026-09-03 00:18:16.390 | DEBUG    | core:as_tensor:724 - Loaded cache for /localdev/gwang/tt_transformers/model_cache/llama33_70b/T3K/empty_kcache_paged_attention(2048, 1, 32, 128)_dtype_BFLOAT8_B_layout_TILE.tensorbin of shape Shape([2048, 1, 32, 128])
2026-09-03 00:18:16.392 | DEBUG    | core:as_tensor:724 - Loaded cache for /localdev/gwang/tt_transformers/model_cache/llama33_70b/T3K/empty_vcache_paged_attention(2048, 1, 32, 128)_dtype_BFLOAT8_B_layout_TILE.tensorbin of shape Shape([2048, 1, 32, 128])
2026-09-03 00:18:16.395 | DEBUG    | core:as_tensor:724 - Loaded cache for /localdev/gwang/tt_transformers/model_cache/llama33_70b/T3K/empty_kcache_paged_attention(2048, 1, 32, 128)_dtype_BFLOAT8_B_layout_TILE.tensorbin of shape Shape([2048, 1, 32, 128])
2026-09-03 00:18:16.398 | DEBUG    | core:as_tensor:724 - Loaded cache for /localdev/gwang/tt_transformers/model_cache/llama33_70b/T3K/empty_vcache_paged_attention(2048, 1, 32, 128)_dtype_BFLOAT8_B_layout_TILE.tensorbin of shape Shape([2048, 1, 32, 128])
2026-09-03 00:18:16.401 | DEBUG    | core:as_tensor:724 - Loaded cache for /localdev/gwang/tt_transformers/model_cache/llama33_70b/T3K/empty_kcache_paged_attention(2048, 1, 32, 128)_dtype_BFLOAT8_B_layout_TILE.tensorbin of shape Shape([2048, 1, 32, 128])
2026-09-03 00:18:16.404 | DEBUG    | core:as_tensor:724 - Loaded cache for /localdev/gwang/tt_transformers/model_cache/llama33_70b/T3K/empty_vcache_paged_attention(2048, 1, 32, 128)_dtype_BFLOAT8_B_layout_TILE.tensorbin of shape Shape([2048, 1, 32, 128])
2026-09-03 00:18:16.407 | DEBUG    | core:as_tensor:724 - Loaded cache for /localdev/gwang/tt_transformers/model_cache/llama33_70b/T3K/empty_kcache_paged_attention(2048, 1, 32, 128)_dtype_BFLOAT8_B_layout_TILE.tensorbin of shape Shape([2048, 1, 32, 128])
2026-09-03 00:18:16.409 | DEBUG    | core:as_tensor:724 - Loaded cache for /localdev/gwang/tt_transformers/model_cache/llama33_70b/T3K/empty_vcache_paged_attention(2048, 1, 32, 128)_dtype_BFLOAT8_B_layout_TILE.tensorbin of shape Shape([2048, 1, 32, 128])
2026-09-03 00:18:16.412 | DEBUG    | core:as_tensor:724 - Loaded cache for /localdev/gwang/tt_transformers/model_cache/llama33_70b/T3K/empty_kcache_paged_attention(2048, 1, 32, 128)_dtype_BFLOAT8_B_layout_TILE.tensorbin of shape Shape([2048, 1, 32, 128])
2026-09-03 00:18:16.415 | DEBUG    | core:as_tensor:724 - Loaded cache for /localdev/gwang/tt_transformers/model_cache/llama33_70b/T3K/empty_vcache_paged_attention(2048, 1, 32, 128)_dtype_BFLOAT8_B_layout_TILE.tensorbin of shape Shape([2048, 1, 32, 128])
2026-09-03 00:18:16.418 | DEBUG    | core:as_tensor:724 - Loaded cache for /localdev/gwang/tt_transformers/model_cache/llama33_70b/T3K/empty_kcache_paged_attention(2048, 1, 32, 128)_dtype_BFLOAT8_B_layout_TILE.tensorbin of shape Shape([2048, 1, 32, 128])
2026-09-03 00:18:16.421 | DEBUG    | core:as_tensor:724 - Loaded cache for /localdev/gwang/tt_transformers/model_cache/llama33_70b/T3K/empty_vcache_paged_attention(2048, 1, 32, 128)_dtype_BFLOAT8_B_layout_TILE.tensorbin of shape Shape([2048, 1, 32, 128])
2026-09-03 00:18:16.424 | DEBUG    | core:as_tensor:724 - Loaded cache for /localdev/gwang/tt_transformers/model_cache/llama33_70b/T3K/empty_kcache_paged_attention(2048, 1, 32, 128)_dtype_BFLOAT8_B_layout_TILE.tensorbin of shape Shape([2048, 1, 32, 128])
2026-09-03 00:18:16.426 | DEBUG    | core:as_tensor:724 - Loaded cache for /localdev/gwang/tt_transformers/model_cache/llama33_70b/T3K/empty_vcache_paged_attention(2048, 1, 32, 128)_dtype_BFLOAT8_B_layout_TILE.tensorbin of shape Shape([2048, 1, 32, 128])
2026-09-03 00:18:16.429 | DEBUG    | core:as_tensor:724 - Loaded cache for /localdev/gwang/tt_transformers/model_cache/llama33_70b/T3K/empty_kcache_paged_attention(2048, 1, 32, 128)_dtype_BFLOAT8_B_layout_TILE.tensorbin of shape Shape([2048, 1, 32, 128])
2026-09-03 00:18:16.432 | DEBUG    | core:as_tensor:724 - Loaded cache for /localdev/gwang/tt_transformers/model_cache/llama33_70b/T3K/empty_vcache_paged_attention(2048, 1, 32, 128)_dtype_BFLOAT8_B_layout_TILE.tensorbin of shape Shape([2048, 1, 32, 128])
2026-09-03 00:18:16.435 | DEBUG    | core:as_tensor:724 - Loaded cache for /localdev/gwang/tt_transformers/model_cache/llama33_70b/T3K/empty_kcache_paged_attention(2048, 1, 32, 128)_dtype_BFLOAT8_B_layout_TILE.tensorbin of shape Shape([2048, 1, 32, 128])
2026-09-03 00:18:16.438 | DEBUG    | core:as_tensor:724 - Loaded cache for /localdev/gwang/tt_transformers/model_cache/llama33_70b/T3K/empty_vcache_paged_attention(2048, 1, 32, 128)_dtype_BFLOAT8_B_layout_TILE.tensorbin of shape Shape([2048, 1, 32, 128])
2026-09-03 00:18:16.441 | DEBUG    | core:as_tensor:724 - Loaded cache for /localdev/gwang/tt_transformers/model_cache/llama33_70b/T3K/empty_kcache_paged_attention(2048, 1, 32, 128)_dtype_BFLOAT8_B_layout_TILE.tensorbin of shape Shape([2048, 1, 32, 128])
2026-09-03 00:18:16.444 | DEBUG    | core:as_tensor:724 - Loaded cache for /localdev/gwang/tt_transformers/model_cache/llama33_70b/T3K/empty_vcache_paged_attention(2048, 1, 32, 128)_dtype_BFLOAT8_B_layout_TILE.tensorbin of shape Shape([2048, 1, 32, 128])
2026-09-03 00:18:16.446 | DEBUG    | core:as_tensor:724 - Loaded cache for /localdev/gwang/tt_transformers/model_cache/llama33_70b/T3K/empty_kcache_paged_attention(2048, 1, 32, 128)_dtype_BFLOAT8_B_layout_TILE.tensorbin of shape Shape([2048, 1, 32, 128])
2026-09-03 00:18:16.449 | DEBUG    | core:as_tensor:724 - Loaded cache for /localdev/gwang/tt_transformers/model_cache/llama33_70b/T3K/empty_vcache_paged_attention(2048, 1, 32, 128)_dtype_BFLOAT8_B_layout_TILE.tensorbin of shape Shape([2048, 1, 32, 128])
2026-09-03 00:18:16.452 | DEBUG    | core:as_tensor:724 - Loaded cache for /localdev/gwang/tt_transformers/model_cache/llama33_70b/T3K/empty_kcache_paged_attention(2048, 1, 32, 128)_dtype_BFLOAT8_B_layout_TILE.tensorbin of shape Shape([2048, 1, 32, 128])
2026-09-03 00:18:16.455 | DEBUG    | core:as_tensor:724 - Loaded cache for /localdev/gwang/tt_transformers/model_cache/llama33_70b/T3K/empty_vcache_paged_attention(2048, 1, 32, 128)_dtype_BFLOAT8_B_layout_TILE.tensorbin of shape Shape([2048, 1, 32, 128])
2026-09-03 00:18:16.458 | DEBUG    | core:as_tensor:724 - Loaded cache for /localdev/gwang/tt_transformers/model_cache/llama33_70b/T3K/empty_kcache_paged_attention(2048, 1, 32, 128)_dtype_BFLOAT8_B_layout_TILE.tensorbin of shape Shape([2048, 1, 32, 128])
2026-09-03 00:18:16.461 | DEBUG    | core:as_tensor:724 - Loaded cache for /localdev/gwang/tt_transformers/model_cache/llama33_70b/T3K/empty_vcache_paged_attention(2048, 1, 32, 128)_dtype_BFLOAT8_B_layout_TILE.tensorbin of shape Shape([2048, 1, 32, 128])
2026-09-03 00:18:16.463 | DEBUG    | core:as_tensor:724 - Loaded cache for /localdev/gwang/tt_transformers/model_cache/llama33_70b/T3K/empty_kcache_paged_attention(2048, 1, 32, 128)_dtype_BFLOAT8_B_layout_TILE.tensorbin of shape Shape([2048, 1, 32, 128])
2026-09-03 00:18:16.466 | DEBUG    | core:as_tensor:724 - Loaded cache for /localdev/gwang/tt_transformers/model_cache/llama33_70b/T3K/empty_vcache_paged_attention(2048, 1, 32, 128)_dtype_BFLOAT8_B_layout_TILE.tensorbin of shape Shape([2048, 1, 32, 128])
2026-09-03 00:18:22.464 | DEBUG    | core:as_tensor:724 - Loaded cache for /localdev/gwang/tt_transformers/model_cache/llama33_70b/T3K/empty_kcache_paged_attention(2048, 1, 32, 128)_dtype_BFLOAT8_B_layout_TILE.tensorbin of shape Shape([2048, 1, 32, 128])
2026-09-03 00:18:22.467 | DEBUG    | core:as_tensor:724 - Loaded cache for /localdev/gwang/tt_transformers/model_cache/llama33_70b/T3K/empty_vcache_paged_attention(2048, 1, 32, 128)_dtype_BFLOAT8_B_layout_TILE.tensorbin of shape Shape([2048, 1, 32, 128])
2026-09-03 00:18:22.470 | DEBUG    | core:as_tensor:724 - Loaded cache for /localdev/gwang/tt_transformers/model_cache/llama33_70b/T3K/empty_kcache_paged_attention(2048, 1, 32, 128)_dtype_BFLOAT8_B_layout_TILE.tensorbin of shape Shape([2048, 1, 32, 128])
2026-09-03 00:18:22.473 | DEBUG    | core:as_tensor:724 - Loaded cache for /localdev/gwang/tt_transformers/model_cache/llama33_70b/T3K/empty_vcache_paged_attention(2048, 1, 32, 128)_dtype_BFLOAT8_B_layout_TILE.tensorbin of shape Shape([2048, 1, 32, 128])
2026-09-03 00:18:22.476 | DEBUG    | core:as_tensor:724 - Loaded cache for /localdev/gwang/tt_transformers/model_cache/llama33_70b/T3K/empty_kcache_paged_attention(2048, 1, 32, 128)_dtype_BFLOAT8_B_layout_TILE.tensorbin of shape Shape([2048, 1, 32, 128])
2026-09-03 00:18:22.479 | DEBUG    | core:as_tensor:724 - Loaded cache for /localdev/gwang/tt_transformers/model_cache/llama33_70b/T3K/empty_vcache_paged_attention(2048, 1, 32, 128)_dtype_BFLOAT8_B_layout_TILE.tensorbin of shape Shape([2048, 1, 32, 128])
2026-09-03 00:18:22.481 | DEBUG    | core:as_tensor:724 - Loaded cache for /localdev/gwang/tt_transformers/model_cache/llama33_70b/T3K/empty_kcache_paged_attention(2048, 1, 32, 128)_dtype_BFLOAT8_B_layout_TILE.tensorbin of shape Shape([2048, 1, 32, 128])
2026-09-03 00:18:22.484 | DEBUG    | core:as_tensor:724 - Loaded cache for /localdev/gwang/tt_transformers/model_cache/llama33_70b/T3K/empty_vcache_paged_attention(2048, 1, 32, 128)_dtype_BFLOAT8_B_layout_TILE.tensorbin of shape Shape([2048, 1, 32, 128])
2026-09-03 00:18:22.487 | DEBUG    | core:as_tensor:724 - Loaded cache for /localdev/gwang/tt_transformers/model_cache/llama33_70b/T3K/empty_kcache_paged_attention(2048, 1, 32, 128)_dtype_BFLOAT8_B_layout_TILE.tensorbin of shape Shape([2048, 1, 32, 128])
2026-09-03 00:18:22.490 | DEBUG    | core:as_tensor:724 - Loaded cache for /localdev/gwang/tt_transformers/model_cache/llama33_70b/T3K/empty_vcache_paged_attention(2048, 1, 32, 128)_dtype_BFLOAT8_B_layout_TILE.tensorbin of shape Shape([2048, 1, 32, 128])
2026-09-03 00:18:22.493 | DEBUG    | core:as_tensor:724 - Loaded cache for /localdev/gwang/tt_transformers/model_cache/llama33_70b/T3K/empty_kcache_paged_attention(2048, 1, 32, 128)_dtype_BFLOAT8_B_layout_TILE.tensorbin of shape Shape([2048, 1, 32, 128])
2026-09-03 00:18:22.495 | DEBUG    | core:as_tensor:724 - Loaded cache for /localdev/gwang/tt_transformers/model_cache/llama33_70b/T3K/empty_vcache_paged_attention(2048, 1, 32, 128)_dtype_BFLOAT8_B_layout_TILE.tensorbin of shape Shape([2048, 1, 32, 128])
2026-09-03 00:18:22.498 | DEBUG    | core:as_tensor:724 - Loaded cache for /localdev/gwang/tt_transformers/model_cache/llama33_70b/T3K/empty_kcache_paged_attention(2048, 1, 32, 128)_dtype_BFLOAT8_B_layout_TILE.tensorbin of shape Shape([2048, 1, 32, 128])
2026-09-03 00:18:22.501 | DEBUG    | core:as_tensor:724 - Loaded cache for /localdev/gwang/tt_transformers/model_cache/llama33_70b/T3K/empty_vcache_paged_attention(2048, 1, 32, 128)_dtype_BFLOAT8_B_layout_TILE.tensorbin of shape Shape([2048, 1, 32, 128])
2026-09-03 00:18:22.504 | DEBUG    | core:as_tensor:724 - Loaded cache for /localdev/gwang/tt_transformers/model_cache/llama33_70b/T3K/empty_kcache_paged_attention(2048, 1, 32, 128)_dtype_BFLOAT8_B_layout_TILE.tensorbin of shape Shape([2048, 1, 32, 128])
2026-09-03 00:18:22.507 | DEBUG    | core:as_tensor:724 - Loaded cache for /localdev/gwang/tt_transformers/model_cache/llama33_70b/T3K/empty_vcache_paged_attention(2048, 1, 32, 128)_dtype_BFLOAT8_B_layout_TILE.tensorbin of shape Shape([2048, 1, 32, 128])
2026-09-03 00:18:22.509 | DEBUG    | core:as_tensor:724 - Loaded cache for /localdev/gwang/tt_transformers/model_cache/llama33_70b/T3K/empty_kcache_paged_attention(2048, 1, 32, 128)_dtype_BFLOAT8_B_layout_TILE.tensorbin of shape Shape([2048, 1, 32, 128])
2026-09-03 00:18:22.512 | DEBUG    | core:as_tensor:724 - Loaded cache for /localdev/gwang/tt_transformers/model_cache/llama33_70b/T3K/empty_vcache_paged_attention(2048, 1, 32, 128)_dtype_BFLOAT8_B_layout_TILE.tensorbin of shape Shape([2048, 1, 32, 128])
2026-09-03 00:18:22.515 | DEBUG    | core:as_tensor:724 - Loaded cache for /localdev/gwang/tt_transformers/model_cache/llama33_70b/T3K/empty_kcache_paged_attention(2048, 1, 32, 128)_dtype_BFLOAT8_B_layout_TILE.tensorbin of shape Shape([2048, 1, 32, 128])
2026-09-03 00:18:22.518 | DEBUG    | core:as_tensor:724 - Loaded cache for /localdev/gwang/tt_transformers/model_cache/llama33_70b/T3K/empty_vcache_paged_attention(2048, 1, 32, 128)_dtype_BFLOAT8_B_layout_TILE.tensorbin of shape Shape([2048, 1, 32, 128])
2026-09-03 00:18:22.521 | DEBUG    | core:as_tensor:724 - Loaded cache for /localdev/gwang/tt_transformers/model_cache/llama33_70b/T3K/empty_kcache_paged_attention(2048, 1, 32, 128)_dtype_BFLOAT8_B_layout_TILE.tensorbin of shape Shape([2048, 1, 32, 128])
2026-09-03 00:18:22.524 | DEBUG    | core:as_tensor:724 - Loaded cache for /localdev/gwang/tt_transformers/model_cache/llama33_70b/T3K/empty_vcache_paged_attention(2048, 1, 32, 128)_dtype_BFLOAT8_B_layout_TILE.tensorbin of shape Shape([2048, 1, 32, 128])
2026-09-03 00:18:22.526 | DEBUG    | core:as_tensor:724 - Loaded cache for /localdev/gwang/tt_transformers/model_cache/llama33_70b/T3K/empty_kcache_paged_attention(2048, 1, 32, 128)_dtype_BFLOAT8_B_layout_TILE.tensorbin of shape Shape([2048, 1, 32, 128])
2026-09-03 00:18:22.529 | DEBUG    | core:as_tensor:724 - Loaded cache for /localdev/gwang/tt_transformers/model_cache/llama33_70b/T3K/empty_vcache_paged_attention(2048, 1, 32, 128)_dtype_BFLOAT8_B_layout_TILE.tensorbin of shape Shape([2048, 1, 32, 128])
2026-09-03 00:18:22.532 | DEBUG    | core:as_tensor:724 - Loaded cache for /localdev/gwang/tt_transformers/model_cache/llama33_70b/T3K/empty_kcache_paged_attention(2048, 1, 32, 128)_dtype_BFLOAT8_B_layout_TILE.tensorbin of shape Shape([2048, 1, 32, 128])
2026-09-03 00:18:22.535 | DEBUG    | core:as_tensor:724 - Loaded cache for /localdev/gwang/tt_transformers/model_cache/llama33_70b/T3K/empty_vcache_paged_attention(2048, 1, 32, 128)_dtype_BFLOAT8_B_layout_TILE.tensorbin of shape Shape([2048, 1, 32, 128])
2026-09-03 00:18:22.538 | DEBUG    | core:as_tensor:724 - Loaded cache for /localdev/gwang/tt_transformers/model_cache/llama33_70b/T3K/empty_kcache_paged_attention(2048, 1, 32, 128)_dtype_BFLOAT8_B_layout_TILE.tensorbin of shape Shape([2048, 1, 32, 128])
2026-09-03 00:18:22.540 | DEBUG    | core:as_tensor:724 - Loaded cache for /localdev/gwang/tt_transformers/model_cache/llama33_70b/T3K/empty_vcache_paged_attention(2048, 1, 32, 128)_dtype_BFLOAT8_B_layout_TILE.tensorbin of shape Shape([2048, 1, 32, 128])
2026-09-03 00:18:22.543 | DEBUG    | core:as_tensor:724 - Loaded cache for /localdev/gwang/tt_transformers/model_cache/llama33_70b/T3K/empty_kcache_paged_attention(2048, 1, 32, 128)_dtype_BFLOAT8_B_layout_TILE.tensorbin of shape Shape([2048, 1, 32, 128])
2026-09-03 00:18:22.546 | DEBUG    | core:as_tensor:724 - Loaded cache for /localdev/gwang/tt_transformers/model_cache/llama33_70b/T3K/empty_vcache_paged_attention(2048, 1, 32, 128)_dtype_BFLOAT8_B_layout_TILE.tensorbin of shape Shape([2048, 1, 32, 128])
2026-09-03 00:18:22.549 | DEBUG    | core:as_tensor:724 - Loaded cache for /localdev/gwang/tt_transformers/model_cache/llama33_70b/T3K/empty_kcache_paged_attention(2048, 1, 32, 128)_dtype_BFLOAT8_B_layout_TILE.tensorbin of shape Shape([2048, 1, 32, 128])
2026-09-03 00:18:22.552 | DEBUG    | core:as_tensor:724 - Loaded cache for /localdev/gwang/tt_transformers/model_cache/llama33_70b/T3K/empty_vcache_paged_attention(2048, 1, 32, 128)_dtype_BFLOAT8_B_layout_TILE.tensorbin of shape Shape([2048, 1, 32, 128])
2026-09-03 00:18:22.554 | DEBUG    | core:as_tensor:724 - Loaded cache for /localdev/gwang/tt_transformers/model_cache/llama33_70b/T3K/empty_kcache_paged_attention(2048, 1, 32, 128)_dtype_BFLOAT8_B_layout_TILE.tensorbin of shape Shape([2048, 1, 32, 128])
2026-09-03 00:18:22.557 | DEBUG    | core:as_tensor:724 - Loaded cache for /localdev/gwang/tt_transformers/model_cache/llama33_70b/T3K/empty_vcache_paged_attention(2048, 1, 32, 128)_dtype_BFLOAT8_B_layout_TILE.tensorbin of shape Shape([2048, 1, 32, 128])
2026-09-03 00:18:22.560 | DEBUG    | core:as_tensor:724 - Loaded cache for /localdev/gwang/tt_transformers/model_cache/llama33_70b/T3K/empty_kcache_paged_attention(2048, 1, 32, 128)_dtype_BFLOAT8_B_layout_TILE.tensorbin of shape Shape([2048, 1, 32, 128])
2026-09-03 00:18:22.563 | DEBUG    | core:as_tensor:724 - Loaded cache for /localdev/gwang/tt_transformers/model_cache/llama33_70b/T3K/empty_vcache_paged_attention(2048, 1, 32, 128)_dtype_BFLOAT8_B_layout_TILE.tensorbin of shape Shape([2048, 1, 32, 128])
2026-09-03 00:18:22.566 | DEBUG    | core:as_tensor:724 - Loaded cache for /localdev/gwang/tt_transformers/model_cache/llama33_70b/T3K/empty_kcache_paged_attention(2048, 1, 32, 128)_dtype_BFLOAT8_B_layout_TILE.tensorbin of shape Shape([2048, 1, 32, 128])
2026-09-03 00:18:22.569 | DEBUG    | core:as_tensor:724 - Loaded cache for /localdev/gwang/tt_transformers/model_cache/llama33_70b/T3K/empty_vcache_paged_attention(2048, 1, 32, 128)_dtype_BFLOAT8_B_layout_TILE.tensorbin of shape Shape([2048, 1, 32, 128])
2026-09-03 00:18:22.571 | DEBUG    | core:as_tensor:724 - Loaded cache for /localdev/gwang/tt_transformers/model_cache/llama33_70b/T3K/empty_kcache_paged_attention(2048, 1, 32, 128)_dtype_BFLOAT8_B_layout_TILE.tensorbin of shape Shape([2048, 1, 32, 128])
2026-09-03 00:18:22.574 | DEBUG    | core:as_tensor:724 - Loaded cache for /localdev/gwang/tt_transformers/model_cache/llama33_70b/T3K/empty_vcache_paged_attention(2048, 1, 32, 128)_dtype_BFLOAT8_B_layout_TILE.tensorbin of shape Shape([2048, 1, 32, 128])
2026-09-03 00:18:22.577 | DEBUG    | core:as_tensor:724 - Loaded cache for /localdev/gwang/tt_transformers/model_cache/llama33_70b/T3K/empty_kcache_paged_attention(2048, 1, 32, 128)_dtype_BFLOAT8_B_layout_TILE.tensorbin of shape Shape([2048, 1, 32, 128])
2026-09-03 00:18:22.580 | DEBUG    | core:as_tensor:724 - Loaded cache for /localdev/gwang/tt_transformers/model_cache/llama33_70b/T3K/empty_vcache_paged_attention(2048, 1, 32, 128)_dtype_BFLOAT8_B_layout_TILE.tensorbin of shape Shape([2048, 1, 32, 128])
2026-09-03 00:18:22.583 | DEBUG    | core:as_tensor:724 - Loaded cache for /localdev/gwang/tt_transformers/model_cache/llama33_70b/T3K/empty_kcache_paged_attention(2048, 1, 32, 128)_dtype_BFLOAT8_B_layout_TILE.tensorbin of shape Shape([2048, 1, 32, 128])
2026-09-03 00:18:22.585 | DEBUG    | core:as_tensor:724 - Loaded cache for /localdev/gwang/tt_transformers/model_cache/llama33_70b/T3K/empty_vcache_paged_attention(2048, 1, 32, 128)_dtype_BFLOAT8_B_layout_TILE.tensorbin of shape Shape([2048, 1, 32, 128])
2026-09-03 00:18:22.588 | DEBUG    | core:as_tensor:724 - Loaded cache for /localdev/gwang/tt_transformers/model_cache/llama33_70b/T3K/empty_kcache_paged_attention(2048, 1, 32, 128)_dtype_BFLOAT8_B_layout_TILE.tensorbin of shape Shape([2048, 1, 32, 128])
2026-09-03 00:18:22.591 | DEBUG    | core:as_tensor:724 - Loaded cache for /localdev/gwang/tt_transformers/model_cache/llama33_70b/T3K/empty_vcache_paged_attention(2048, 1, 32, 128)_dtype_BFLOAT8_B_layout_TILE.tensorbin of shape Shape([2048, 1, 32, 128])
2026-09-03 00:18:22.594 | DEBUG    | core:as_tensor:724 - Loaded cache for /localdev/gwang/tt_transformers/model_cache/llama33_70b/T3K/empty_kcache_paged_attention(2048, 1, 32, 128)_dtype_BFLOAT8_B_layout_TILE.tensorbin of shape Shape([2048, 1, 32, 128])
2026-09-03 00:18:22.596 | DEBUG    | core:as_tensor:724 - Loaded cache for /localdev/gwang/tt_transformers/model_cache/llama33_70b/T3K/empty_vcache_paged_attention(2048, 1, 32, 128)_dtype_BFLOAT8_B_layout_TILE.tensorbin of shape Shape([2048, 1, 32, 128])
2026-09-03 00:18:22.599 | DEBUG    | core:as_tensor:724 - Loaded cache for /localdev/gwang/tt_transformers/model_cache/llama33_70b/T3K/empty_kcache_paged_attention(2048, 1, 32, 128)_dtype_BFLOAT8_B_layout_TILE.tensorbin of shape Shape([2048, 1, 32, 128])
2026-09-03 00:18:22.602 | DEBUG    | core:as_tensor:724 - Loaded cache for /localdev/gwang/tt_transformers/model_cache/llama33_70b/T3K/empty_vcache_paged_attention(2048, 1, 32, 128)_dtype_BFLOAT8_B_layout_TILE.tensorbin of shape Shape([2048, 1, 32, 128])
2026-09-03 00:18:22.605 | DEBUG    | core:as_tensor:724 - Loaded cache for /localdev/gwang/tt_transformers/model_cache/llama33_70b/T3K/empty_kcache_paged_attention(2048, 1, 32, 128)_dtype_BFLOAT8_B_layout_TILE.tensorbin of shape Shape([2048, 1, 32, 128])
2026-09-03 00:18:22.608 | DEBUG    | core:as_tensor:724 - Loaded cache for /localdev/gwang/tt_transformers/model_cache/llama33_70b/T3K/empty_vcache_paged_attention(2048, 1, 32, 128)_dtype_BFLOAT8_B_layout_TILE.tensorbin of shape Shape([2048, 1, 32, 128])
2026-09-03 00:18:22.611 | DEBUG    | core:as_tensor:724 - Loaded cache for /localdev/gwang/tt_transformers/model_cache/llama33_70b/T3K/empty_kcache_paged_attention(2048, 1, 32, 128)_dtype_BFLOAT8_B_layout_TILE.tensorbin of shape Shape([2048, 1, 32, 128])
2026-09-03 00:18:22.613 | DEBUG    | core:as_tensor:724 - Loaded cache for /localdev/gwang/tt_transformers/model_cache/llama33_70b/T3K/empty_vcache_paged_attention(2048, 1, 32, 128)_dtype_BFLOAT8_B_layout_TILE.tensorbin of shape Shape([2048, 1, 32, 128])
2026-09-03 00:18:22.617 | DEBUG    | core:as_tensor:724 - Loaded cache for /localdev/gwang/tt_transformers/model_cache/llama33_70b/T3K/empty_kcache_paged_attention(2048, 1, 32, 128)_dtype_BFLOAT8_B_layout_TILE.tensorbin of shape Shape([2048, 1, 32, 128])
2026-09-03 00:18:22.620 | DEBUG    | core:as_tensor:724 - Loaded cache for /localdev/gwang/tt_transformers/model_cache/llama33_70b/T3K/empty_vcache_paged_attention(2048, 1, 32, 128)_dtype_BFLOAT8_B_layout_TILE.tensorbin of shape Shape([2048, 1, 32, 128])
2026-09-03 00:18:22.623 | DEBUG    | core:as_tensor:724 - Loaded cache for /localdev/gwang/tt_transformers/model_cache/llama33_70b/T3K/empty_kcache_paged_attention(2048, 1, 32, 128)_dtype_BFLOAT8_B_layout_TILE.tensorbin of shape Shape([2048, 1, 32, 128])
2026-09-03 00:18:22.625 | DEBUG    | core:as_tensor:724 - Loaded cache for /localdev/gwang/tt_transformers/model_cache/llama33_70b/T3K/empty_vcache_paged_attention(2048, 1, 32, 128)_dtype_BFLOAT8_B_layout_TILE.tensorbin of shape Shape([2048, 1, 32, 128])
2026-09-03 00:18:22.628 | DEBUG    | core:as_tensor:724 - Loaded cache for /localdev/gwang/tt_transformers/model_cache/llama33_70b/T3K/empty_kcache_paged_attention(2048, 1, 32, 128)_dtype_BFLOAT8_B_layout_TILE.tensorbin of shape Shape([2048, 1, 32, 128])
2026-09-03 00:18:22.631 | DEBUG    | core:as_tensor:724 - Loaded cache for /localdev/gwang/tt_transformers/model_cache/llama33_70b/T3K/empty_vcache_paged_attention(2048, 1, 32, 128)_dtype_BFLOAT8_B_layout_TILE.tensorbin of shape Shape([2048, 1, 32, 128])
2026-09-03 00:18:22.634 | DEBUG    | core:as_tensor:724 - Loaded cache for /localdev/gwang/tt_transformers/model_cache/llama33_70b/T3K/empty_kcache_paged_attention(2048, 1, 32, 128)_dtype_BFLOAT8_B_layout_TILE.tensorbin of shape Shape([2048, 1, 32, 128])
2026-09-03 00:18:22.637 | DEBUG    | core:as_tensor:724 - Loaded cache for /localdev/gwang/tt_transformers/model_cache/llama33_70b/T3K/empty_vcache_paged_attention(2048, 1, 32, 128)_dtype_BFLOAT8_B_layout_TILE.tensorbin of shape Shape([2048, 1, 32, 128])
2026-09-03 00:18:22.640 | DEBUG    | core:as_tensor:724 - Loaded cache for /localdev/gwang/tt_transformers/model_cache/llama33_70b/T3K/empty_kcache_paged_attention(2048, 1, 32, 128)_dtype_BFLOAT8_B_layout_TILE.tensorbin of shape Shape([2048, 1, 32, 128])
2026-09-03 00:18:22.642 | DEBUG    | core:as_tensor:724 - Loaded cache for /localdev/gwang/tt_transformers/model_cache/llama33_70b/T3K/empty_vcache_paged_attention(2048, 1, 32, 128)_dtype_BFLOAT8_B_layout_TILE.tensorbin of shape Shape([2048, 1, 32, 128])
2026-09-03 00:18:22.645 | DEBUG    | core:as_tensor:724 - Loaded cache for /localdev/gwang/tt_transformers/model_cache/llama33_70b/T3K/empty_kcache_paged_attention(2048, 1, 32, 128)_dtype_BFLOAT8_B_layout_TILE.tensorbin of shape Shape([2048, 1, 32, 128])
2026-09-03 00:18:22.648 | DEBUG    | core:as_tensor:724 - Loaded cache for /localdev/gwang/tt_transformers/model_cache/llama33_70b/T3K/empty_vcache_paged_attention(2048, 1, 32, 128)_dtype_BFLOAT8_B_layout_TILE.tensorbin of shape Shape([2048, 1, 32, 128])
2026-09-03 00:18:22.651 | DEBUG    | core:as_tensor:724 - Loaded cache for /localdev/gwang/tt_transformers/model_cache/llama33_70b/T3K/empty_kcache_paged_attention(2048, 1, 32, 128)_dtype_BFLOAT8_B_layout_TILE.tensorbin of shape Shape([2048, 1, 32, 128])
2026-09-03 00:18:22.654 | DEBUG    | core:as_tensor:724 - Loaded cache for /localdev/gwang/tt_transformers/model_cache/llama33_70b/T3K/empty_vcache_paged_attention(2048, 1, 32, 128)_dtype_BFLOAT8_B_layout_TILE.tensorbin of shape Shape([2048, 1, 32, 128])
2026-09-03 00:18:22.656 | DEBUG    | core:as_tensor:724 - Loaded cache for /localdev/gwang/tt_transformers/model_cache/llama33_70b/T3K/empty_kcache_paged_attention(2048, 1, 32, 128)_dtype_BFLOAT8_B_layout_TILE.tensorbin of shape Shape([2048, 1, 32, 128])
2026-09-03 00:18:22.659 | DEBUG    | core:as_tensor:724 - Loaded cache for /localdev/gwang/tt_transformers/model_cache/llama33_70b/T3K/empty_vcache_paged_attention(2048, 1, 32, 128)_dtype_BFLOAT8_B_layout_TILE.tensorbin of shape Shape([2048, 1, 32, 128])
2026-09-03 00:18:22.662 | DEBUG    | core:as_tensor:724 - Loaded cache for /localdev/gwang/tt_transformers/model_cache/llama33_70b/T3K/empty_kcache_paged_attention(2048, 1, 32, 128)_dtype_BFLOAT8_B_layout_TILE.tensorbin of shape Shape([2048, 1, 32, 128])
2026-09-03 00:18:22.665 | DEBUG    | core:as_tensor:724 - Loaded cache for /localdev/gwang/tt_transformers/model_cache/llama33_70b/T3K/empty_vcache_paged_attention(2048, 1, 32, 128)_dtype_BFLOAT8_B_layout_TILE.tensorbin of shape Shape([2048, 1, 32, 128])
2026-09-03 00:18:22.668 | DEBUG    | core:as_tensor:724 - Loaded cache for /localdev/gwang/tt_transformers/model_cache/llama33_70b/T3K/empty_kcache_paged_attention(2048, 1, 32, 128)_dtype_BFLOAT8_B_layout_TILE.tensorbin of shape Shape([2048, 1, 32, 128])
2026-09-03 00:18:22.670 | DEBUG    | core:as_tensor:724 - Loaded cache for /localdev/gwang/tt_transformers/model_cache/llama33_70b/T3K/empty_vcache_paged_attention(2048, 1, 32, 128)_dtype_BFLOAT8_B_layout_TILE.tensorbin of shape Shape([2048, 1, 32, 128])
2026-09-03 00:18:22.673 | DEBUG    | core:as_tensor:724 - Loaded cache for /localdev/gwang/tt_transformers/model_cache/llama33_70b/T3K/empty_kcache_paged_attention(2048, 1, 32, 128)_dtype_BFLOAT8_B_layout_TILE.tensorbin of shape Shape([2048, 1, 32, 128])
2026-09-03 00:18:22.676 | DEBUG    | core:as_tensor:724 - Loaded cache for /localdev/gwang/tt_transformers/model_cache/llama33_70b/T3K/empty_vcache_paged_attention(2048, 1, 32, 128)_dtype_BFLOAT8_B_layout_TILE.tensorbin of shape Shape([2048, 1, 32, 128])
2026-09-03 00:18:22.679 | DEBUG    | core:as_tensor:724 - Loaded cache for /localdev/gwang/tt_transformers/model_cache/llama33_70b/T3K/empty_kcache_paged_attention(2048, 1, 32, 128)_dtype_BFLOAT8_B_layout_TILE.tensorbin of shape Shape([2048, 1, 32, 128])
2026-09-03 00:18:22.682 | DEBUG    | core:as_tensor:724 - Loaded cache for /localdev/gwang/tt_transformers/model_cache/llama33_70b/T3K/empty_vcache_paged_attention(2048, 1, 32, 128)_dtype_BFLOAT8_B_layout_TILE.tensorbin of shape Shape([2048, 1, 32, 128])
2026-09-03 00:18:22.685 | DEBUG    | core:as_tensor:724 - Loaded cache for /localdev/gwang/tt_transformers/model_cache/llama33_70b/T3K/empty_kcache_paged_attention(2048, 1, 32, 128)_dtype_BFLOAT8_B_layout_TILE.tensorbin of shape Shape([2048, 1, 32, 128])
2026-09-03 00:18:22.687 | DEBUG    | core:as_tensor:724 - Loaded cache for /localdev/gwang/tt_transformers/model_cache/llama33_70b/T3K/empty_vcache_paged_attention(2048, 1, 32, 128)_dtype_BFLOAT8_B_layout_TILE.tensorbin of shape Shape([2048, 1, 32, 128])
2026-09-03 00:18:22.690 | DEBUG    | core:as_tensor:724 - Loaded cache for /localdev/gwang/tt_transformers/model_cache/llama33_70b/T3K/empty_kcache_paged_attention(2048, 1, 32, 128)_dtype_BFLOAT8_B_layout_TILE.tensorbin of shape Shape([2048, 1, 32, 128])
2026-09-03 00:18:22.693 | DEBUG    | core:as_tensor:724 - Loaded cache for /localdev/gwang/tt_transformers/model_cache/llama33_70b/T3K/empty_vcache_paged_attention(2048, 1, 32, 128)_dtype_BFLOAT8_B_layout_TILE.tensorbin of shape Shape([2048, 1, 32, 128])
2026-09-03 00:18:22.696 | DEBUG    | core:as_tensor:724 - Loaded cache for /localdev/gwang/tt_transformers/model_cache/llama33_70b/T3K/empty_kcache_paged_attention(2048, 1, 32, 128)_dtype_BFLOAT8_B_layout_TILE.tensorbin of shape Shape([2048, 1, 32, 128])
2026-09-03 00:18:22.699 | DEBUG    | core:as_tensor:724 - Loaded cache for /localdev/gwang/tt_transformers/model_cache/llama33_70b/T3K/empty_vcache_paged_attention(2048, 1, 32, 128)_dtype_BFLOAT8_B_layout_TILE.tensorbin of shape Shape([2048, 1, 32, 128])
2026-09-03 00:18:22.702 | DEBUG    | core:as_tensor:724 - Loaded cache for /localdev/gwang/tt_transformers/model_cache/llama33_70b/T3K/empty_kcache_paged_attention(2048, 1, 32, 128)_dtype_BFLOAT8_B_layout_TILE.tensorbin of shape Shape([2048, 1, 32, 128])
2026-09-03 00:18:22.704 | DEBUG    | core:as_tensor:724 - Loaded cache for /localdev/gwang/tt_transformers/model_cache/llama33_70b/T3K/empty_vcache_paged_attention(2048, 1, 32, 128)_dtype_BFLOAT8_B_layout_TILE.tensorbin of shape Shape([2048, 1, 32, 128])
2026-09-03 00:18:22.707 | DEBUG    | core:as_tensor:724 - Loaded cache for /localdev/gwang/tt_transformers/model_cache/llama33_70b/T3K/empty_kcache_paged_attention(2048, 1, 32, 128)_dtype_BFLOAT8_B_layout_TILE.tensorbin of shape Shape([2048, 1, 32, 128])
2026-09-03 00:18:22.710 | DEBUG    | core:as_tensor:724 - Loaded cache for /localdev/gwang/tt_transformers/model_cache/llama33_70b/T3K/empty_vcache_paged_attention(2048, 1, 32, 128)_dtype_BFLOAT8_B_layout_TILE.tensorbin of shape Shape([2048, 1, 32, 128])
2026-09-03 00:18:22.713 | DEBUG    | core:as_tensor:724 - Loaded cache for /localdev/gwang/tt_transformers/model_cache/llama33_70b/T3K/empty_kcache_paged_attention(2048, 1, 32, 128)_dtype_BFLOAT8_B_layout_TILE.tensorbin of shape Shape([2048, 1, 32, 128])
2026-09-03 00:18:22.716 | DEBUG    | core:as_tensor:724 - Loaded cache for /localdev/gwang/tt_transformers/model_cache/llama33_70b/T3K/empty_vcache_paged_attention(2048, 1, 32, 128)_dtype_BFLOAT8_B_layout_TILE.tensorbin of shape Shape([2048, 1, 32, 128])
2026-09-03 00:18:22.718 | DEBUG    | core:as_tensor:724 - Loaded cache for /localdev/gwang/tt_transformers/model_cache/llama33_70b/T3K/empty_kcache_paged_attention(2048, 1, 32, 128)_dtype_BFLOAT8_B_layout_TILE.tensorbin of shape Shape([2048, 1, 32, 128])
2026-09-03 00:18:22.721 | DEBUG    | core:as_tensor:724 - Loaded cache for /localdev/gwang/tt_transformers/model_cache/llama33_70b/T3K/empty_vcache_paged_attention(2048, 1, 32, 128)_dtype_BFLOAT8_B_layout_TILE.tensorbin of shape Shape([2048, 1, 32, 128])
2026-09-03 00:18:22.724 | DEBUG    | core:as_tensor:724 - Loaded cache for /localdev/gwang/tt_transformers/model_cache/llama33_70b/T3K/empty_kcache_paged_attention(2048, 1, 32, 128)_dtype_BFLOAT8_B_layout_TILE.tensorbin of shape Shape([2048, 1, 32, 128])
2026-09-03 00:18:22.727 | DEBUG    | core:as_tensor:724 - Loaded cache for /localdev/gwang/tt_transformers/model_cache/llama33_70b/T3K/empty_vcache_paged_attention(2048, 1, 32, 128)_dtype_BFLOAT8_B_layout_TILE.tensorbin of shape Shape([2048, 1, 32, 128])
2026-09-03 00:18:22.730 | DEBUG    | core:as_tensor:724 - Loaded cache for /localdev/gwang/tt_transformers/model_cache/llama33_70b/T3K/empty_kcache_paged_attention(2048, 1, 32, 128)_dtype_BFLOAT8_B_layout_TILE.tensorbin of shape Shape([2048, 1, 32, 128])
2026-09-03 00:18:22.733 | DEBUG    | core:as_tensor:724 - Loaded cache for /localdev/gwang/tt_transformers/model_cache/llama33_70b/T3K/empty_vcache_paged_attention(2048, 1, 32, 128)_dtype_BFLOAT8_B_layout_TILE.tensorbin of shape Shape([2048, 1, 32, 128])
2026-09-03 00:18:22.736 | DEBUG    | core:as_tensor:724 - Loaded cache for /localdev/gwang/tt_transformers/model_cache/llama33_70b/T3K/empty_kcache_paged_attention(2048, 1, 32, 128)_dtype_BFLOAT8_B_layout_TILE.tensorbin of shape Shape([2048, 1, 32, 128])
2026-09-03 00:18:22.738 | DEBUG    | core:as_tensor:724 - Loaded cache for /localdev/gwang/tt_transformers/model_cache/llama33_70b/T3K/empty_vcache_paged_attention(2048, 1, 32, 128)_dtype_BFLOAT8_B_layout_TILE.tensorbin of shape Shape([2048, 1, 32, 128])
2026-09-03 00:18:22.741 | DEBUG    | core:as_tensor:724 - Loaded cache for /localdev/gwang/tt_transformers/model_cache/llama33_70b/T3K/empty_kcache_paged_attention(2048, 1, 32, 128)_dtype_BFLOAT8_B_layout_TILE.tensorbin of shape Shape([2048, 1, 32, 128])
2026-09-03 00:18:22.744 | DEBUG    | core:as_tensor:724 - Loaded cache for /localdev/gwang/tt_transformers/model_cache/llama33_70b/T3K/empty_vcache_paged_attention(2048, 1, 32, 128)_dtype_BFLOAT8_B_layout_TILE.tensorbin of shape Shape([2048, 1, 32, 128])
2026-09-03 00:18:22.747 | DEBUG    | core:as_tensor:724 - Loaded cache for /localdev/gwang/tt_transformers/model_cache/llama33_70b/T3K/empty_kcache_paged_attention(2048, 1, 32, 128)_dtype_BFLOAT8_B_layout_TILE.tensorbin of shape Shape([2048, 1, 32, 128])
2026-09-03 00:18:22.750 | DEBUG    | core:as_tensor:724 - Loaded cache for /localdev/gwang/tt_transformers/model_cache/llama33_70b/T3K/empty_vcache_paged_attention(2048, 1, 32, 128)_dtype_BFLOAT8_B_layout_TILE.tensorbin of shape Shape([2048, 1, 32, 128])
2026-09-03 00:18:22.753 | DEBUG    | core:as_tensor:724 - Loaded cache for /localdev/gwang/tt_transformers/model_cache/llama33_70b/T3K/empty_kcache_paged_attention(2048, 1, 32, 128)_dtype_BFLOAT8_B_layout_TILE.tensorbin of shape Shape([2048, 1, 32, 128])
2026-09-03 00:18:22.755 | DEBUG    | core:as_tensor:724 - Loaded cache for /localdev/gwang/tt_transformers/model_cache/llama33_70b/T3K/empty_vcache_paged_attention(2048, 1, 32, 128)_dtype_BFLOAT8_B_layout_TILE.tensorbin of shape Shape([2048, 1, 32, 128])
2026-09-03 00:18:22.758 | DEBUG    | core:as_tensor:724 - Loaded cache for /localdev/gwang/tt_transformers/model_cache/llama33_70b/T3K/empty_kcache_paged_attention(2048, 1, 32, 128)_dtype_BFLOAT8_B_layout_TILE.tensorbin of shape Shape([2048, 1, 32, 128])
2026-09-03 00:18:22.761 | DEBUG    | core:as_tensor:724 - Loaded cache for /localdev/gwang/tt_transformers/model_cache/llama33_70b/T3K/empty_vcache_paged_attention(2048, 1, 32, 128)_dtype_BFLOAT8_B_layout_TILE.tensorbin of shape Shape([2048, 1, 32, 128])
2026-09-03 00:18:22.764 | DEBUG    | core:as_tensor:724 - Loaded cache for /localdev/gwang/tt_transformers/model_cache/llama33_70b/T3K/empty_kcache_paged_attention(2048, 1, 32, 128)_dtype_BFLOAT8_B_layout_TILE.tensorbin of shape Shape([2048, 1, 32, 128])
2026-09-03 00:18:22.767 | DEBUG    | core:as_tensor:724 - Loaded cache for /localdev/gwang/tt_transformers/model_cache/llama33_70b/T3K/empty_vcache_paged_attention(2048, 1, 32, 128)_dtype_BFLOAT8_B_layout_TILE.tensorbin of shape Shape([2048, 1, 32, 128])
2026-09-03 00:18:22.770 | DEBUG    | core:as_tensor:724 - Loaded cache for /localdev/gwang/tt_transformers/model_cache/llama33_70b/T3K/empty_kcache_paged_attention(2048, 1, 32, 128)_dtype_BFLOAT8_B_layout_TILE.tensorbin of shape Shape([2048, 1, 32, 128])
2026-09-03 00:18:22.772 | DEBUG    | core:as_tensor:724 - Loaded cache for /localdev/gwang/tt_transformers/model_cache/llama33_70b/T3K/empty_vcache_paged_attention(2048, 1, 32, 128)_dtype_BFLOAT8_B_layout_TILE.tensorbin of shape Shape([2048, 1, 32, 128])
2026-09-03 00:18:22.775 | DEBUG    | core:as_tensor:724 - Loaded cache for /localdev/gwang/tt_transformers/model_cache/llama33_70b/T3K/empty_kcache_paged_attention(2048, 1, 32, 128)_dtype_BFLOAT8_B_layout_TILE.tensorbin of shape Shape([2048, 1, 32, 128])
2026-09-03 00:18:22.778 | DEBUG    | core:as_tensor:724 - Loaded cache for /localdev/gwang/tt_transformers/model_cache/llama33_70b/T3K/empty_vcache_paged_attention(2048, 1, 32, 128)_dtype_BFLOAT8_B_layout_TILE.tensorbin of shape Shape([2048, 1, 32, 128])
2026-09-03 00:18:22.781 | DEBUG    | core:as_tensor:724 - Loaded cache for /localdev/gwang/tt_transformers/model_cache/llama33_70b/T3K/empty_kcache_paged_attention(2048, 1, 32, 128)_dtype_BFLOAT8_B_layout_TILE.tensorbin of shape Shape([2048, 1, 32, 128])
2026-09-03 00:18:22.784 | DEBUG    | core:as_tensor:724 - Loaded cache for /localdev/gwang/tt_transformers/model_cache/llama33_70b/T3K/empty_vcache_paged_attention(2048, 1, 32, 128)_dtype_BFLOAT8_B_layout_TILE.tensorbin of shape Shape([2048, 1, 32, 128])
2026-09-03 00:18:22.787 | DEBUG    | core:as_tensor:724 - Loaded cache for /localdev/gwang/tt_transformers/model_cache/llama33_70b/T3K/empty_kcache_paged_attention(2048, 1, 32, 128)_dtype_BFLOAT8_B_layout_TILE.tensorbin of shape Shape([2048, 1, 32, 128])
2026-09-03 00:18:22.789 | DEBUG    | core:as_tensor:724 - Loaded cache for /localdev/gwang/tt_transformers/model_cache/llama33_70b/T3K/empty_vcache_paged_attention(2048, 1, 32, 128)_dtype_BFLOAT8_B_layout_TILE.tensorbin of shape Shape([2048, 1, 32, 128])
2026-09-03 00:18:22.792 | DEBUG    | core:as_tensor:724 - Loaded cache for /localdev/gwang/tt_transformers/model_cache/llama33_70b/T3K/empty_kcache_paged_attention(2048, 1, 32, 128)_dtype_BFLOAT8_B_layout_TILE.tensorbin of shape Shape([2048, 1, 32, 128])
2026-09-03 00:18:22.795 | DEBUG    | core:as_tensor:724 - Loaded cache for /localdev/gwang/tt_transformers/model_cache/llama33_70b/T3K/empty_vcache_paged_attention(2048, 1, 32, 128)_dtype_BFLOAT8_B_layout_TILE.tensorbin of shape Shape([2048, 1, 32, 128])
2026-09-03 00:18:22.798 | DEBUG    | core:as_tensor:724 - Loaded cache for /localdev/gwang/tt_transformers/model_cache/llama33_70b/T3K/empty_kcache_paged_attention(2048, 1, 32, 128)_dtype_BFLOAT8_B_layout_TILE.tensorbin of shape Shape([2048, 1, 32, 128])
2026-09-03 00:18:22.801 | DEBUG    | core:as_tensor:724 - Loaded cache for /localdev/gwang/tt_transformers/model_cache/llama33_70b/T3K/empty_vcache_paged_attention(2048, 1, 32, 128)_dtype_BFLOAT8_B_layout_TILE.tensorbin of shape Shape([2048, 1, 32, 128])
2026-09-03 00:18:22.804 | DEBUG    | core:as_tensor:724 - Loaded cache for /localdev/gwang/tt_transformers/model_cache/llama33_70b/T3K/empty_kcache_paged_attention(2048, 1, 32, 128)_dtype_BFLOAT8_B_layout_TILE.tensorbin of shape Shape([2048, 1, 32, 128])
2026-09-03 00:18:22.806 | DEBUG    | core:as_tensor:724 - Loaded cache for /localdev/gwang/tt_transformers/model_cache/llama33_70b/T3K/empty_vcache_paged_attention(2048, 1, 32, 128)_dtype_BFLOAT8_B_layout_TILE.tensorbin of shape Shape([2048, 1, 32, 128])
2026-09-03 00:18:22.809 | DEBUG    | core:as_tensor:724 - Loaded cache for /localdev/gwang/tt_transformers/model_cache/llama33_70b/T3K/empty_kcache_paged_attention(2048, 1, 32, 128)_dtype_BFLOAT8_B_layout_TILE.tensorbin of shape Shape([2048, 1, 32, 128])
2026-09-03 00:18:22.812 | DEBUG    | core:as_tensor:724 - Loaded cache for /localdev/gwang/tt_transformers/model_cache/llama33_70b/T3K/empty_vcache_paged_attention(2048, 1, 32, 128)_dtype_BFLOAT8_B_layout_TILE.tensorbin of shape Shape([2048, 1, 32, 128])
2026-09-03 00:18:22.815 | DEBUG    | core:as_tensor:724 - Loaded cache for /localdev/gwang/tt_transformers/model_cache/llama33_70b/T3K/empty_kcache_paged_attention(2048, 1, 32, 128)_dtype_BFLOAT8_B_layout_TILE.tensorbin of shape Shape([2048, 1, 32, 128])
2026-09-03 00:18:22.818 | DEBUG    | core:as_tensor:724 - Loaded cache for /localdev/gwang/tt_transformers/model_cache/llama33_70b/T3K/empty_vcache_paged_attention(2048, 1, 32, 128)_dtype_BFLOAT8_B_layout_TILE.tensorbin of shape Shape([2048, 1, 32, 128])
2026-09-03 00:18:22.821 | DEBUG    | core:as_tensor:724 - Loaded cache for /localdev/gwang/tt_transformers/model_cache/llama33_70b/T3K/empty_kcache_paged_attention(2048, 1, 32, 128)_dtype_BFLOAT8_B_layout_TILE.tensorbin of shape Shape([2048, 1, 32, 128])
2026-09-03 00:18:22.823 | DEBUG    | core:as_tensor:724 - Loaded cache for /localdev/gwang/tt_transformers/model_cache/llama33_70b/T3K/empty_vcache_paged_attention(2048, 1, 32, 128)_dtype_BFLOAT8_B_layout_TILE.tensorbin of shape Shape([2048, 1, 32, 128])
2026-09-03 00:18:22.826 | DEBUG    | core:as_tensor:724 - Loaded cache for /localdev/gwang/tt_transformers/model_cache/llama33_70b/T3K/empty_kcache_paged_attention(2048, 1, 32, 128)_dtype_BFLOAT8_B_layout_TILE.tensorbin of shape Shape([2048, 1, 32, 128])
2026-09-03 00:18:22.829 | DEBUG    | core:as_tensor:724 - Loaded cache for /localdev/gwang/tt_transformers/model_cache/llama33_70b/T3K/empty_vcache_paged_attention(2048, 1, 32, 128)_dtype_BFLOAT8_B_layout_TILE.tensorbin of shape Shape([2048, 1, 32, 128])
2026-09-03 00:18:22.832 | DEBUG    | core:as_tensor:724 - Loaded cache for /localdev/gwang/tt_transformers/model_cache/llama33_70b/T3K/empty_kcache_paged_attention(2048, 1, 32, 128)_dtype_BFLOAT8_B_layout_TILE.tensorbin of shape Shape([2048, 1, 32, 128])
2026-09-03 00:18:22.835 | DEBUG    | core:as_tensor:724 - Loaded cache for /localdev/gwang/tt_transformers/model_cache/llama33_70b/T3K/empty_vcache_paged_attention(2048, 1, 32, 128)_dtype_BFLOAT8_B_layout_TILE.tensorbin of shape Shape([2048, 1, 32, 128])
2026-09-03 00:18:22.838 | DEBUG    | core:as_tensor:724 - Loaded cache for /localdev/gwang/tt_transformers/model_cache/llama33_70b/T3K/empty_kcache_paged_attention(2048, 1, 32, 128)_dtype_BFLOAT8_B_layout_TILE.tensorbin of shape Shape([2048, 1, 32, 128])
2026-09-03 00:18:22.841 | DEBUG    | core:as_tensor:724 - Loaded cache for /localdev/gwang/tt_transformers/model_cache/llama33_70b/T3K/empty_vcache_paged_attention(2048, 1, 32, 128)_dtype_BFLOAT8_B_layout_TILE.tensorbin of shape Shape([2048, 1, 32, 128])
2026-09-03 00:18:22.844 | DEBUG    | core:as_tensor:724 - Loaded cache for /localdev/gwang/tt_transformers/model_cache/llama33_70b/T3K/empty_kcache_paged_attention(2048, 1, 32, 128)_dtype_BFLOAT8_B_layout_TILE.tensorbin of shape Shape([2048, 1, 32, 128])
2026-09-03 00:18:22.846 | DEBUG    | core:as_tensor:724 - Loaded cache for /localdev/gwang/tt_transformers/model_cache/llama33_70b/T3K/empty_vcache_paged_attention(2048, 1, 32, 128)_dtype_BFLOAT8_B_layout_TILE.tensorbin of shape Shape([2048, 1, 32, 128])
2026-09-03 00:18:22.849 | DEBUG    | core:as_tensor:724 - Loaded cache for /localdev/gwang/tt_transformers/model_cache/llama33_70b/T3K/empty_kcache_paged_attention(2048, 1, 32, 128)_dtype_BFLOAT8_B_layout_TILE.tensorbin of shape Shape([2048, 1, 32, 128])
2026-09-03 00:18:22.852 | DEBUG    | core:as_tensor:724 - Loaded cache for /localdev/gwang/tt_transformers/model_cache/llama33_70b/T3K/empty_vcache_paged_attention(2048, 1, 32, 128)_dtype_BFLOAT8_B_layout_TILE.tensorbin of shape Shape([2048, 1, 32, 128])
2026-09-03 00:18:22.855 | DEBUG    | core:as_tensor:724 - Loaded cache for /localdev/gwang/tt_transformers/model_cache/llama33_70b/T3K/empty_kcache_paged_attention(2048, 1, 32, 128)_dtype_BFLOAT8_B_layout_TILE.tensorbin of shape Shape([2048, 1, 32, 128])
2026-09-03 00:18:22.858 | DEBUG    | core:as_tensor:724 - Loaded cache for /localdev/gwang/tt_transformers/model_cache/llama33_70b/T3K/empty_vcache_paged_attention(2048, 1, 32, 128)_dtype_BFLOAT8_B_layout_TILE.tensorbin of shape Shape([2048, 1, 32, 128])
2026-09-03 00:18:22.860 | DEBUG    | core:as_tensor:724 - Loaded cache for /localdev/gwang/tt_transformers/model_cache/llama33_70b/T3K/empty_kcache_paged_attention(2048, 1, 32, 128)_dtype_BFLOAT8_B_layout_TILE.tensorbin of shape Shape([2048, 1, 32, 128])
2026-09-03 00:18:22.863 | DEBUG    | core:as_tensor:724 - Loaded cache for /localdev/gwang/tt_transformers/model_cache/llama33_70b/T3K/empty_vcache_paged_attention(2048, 1, 32, 128)_dtype_BFLOAT8_B_layout_TILE.tensorbin of shape Shape([2048, 1, 32, 128])
2026-09-03 00:18:22.866 | DEBUG    | core:as_tensor:724 - Loaded cache for /localdev/gwang/tt_transformers/model_cache/llama33_70b/T3K/empty_kcache_paged_attention(2048, 1, 32, 128)_dtype_BFLOAT8_B_layout_TILE.tensorbin of shape Shape([2048, 1, 32, 128])
2026-09-03 00:18:22.869 | DEBUG    | core:as_tensor:724 - Loaded cache for /localdev/gwang/tt_transformers/model_cache/llama33_70b/T3K/empty_vcache_paged_attention(2048, 1, 32, 128)_dtype_BFLOAT8_B_layout_TILE.tensorbin of shape Shape([2048, 1, 32, 128])
2026-09-03 00:18:22.872 | DEBUG    | core:as_tensor:724 - Loaded cache for /localdev/gwang/tt_transformers/model_cache/llama33_70b/T3K/empty_kcache_paged_attention(2048, 1, 32, 128)_dtype_BFLOAT8_B_layout_TILE.tensorbin of shape Shape([2048, 1, 32, 128])
2026-09-03 00:18:22.875 | DEBUG    | core:as_tensor:724 - Loaded cache for /localdev/gwang/tt_transformers/model_cache/llama33_70b/T3K/empty_vcache_paged_attention(2048, 1, 32, 128)_dtype_BFLOAT8_B_layout_TILE.tensorbin of shape Shape([2048, 1, 32, 128])
2026-09-03 00:18:22.878 | DEBUG    | core:as_tensor:724 - Loaded cache for /localdev/gwang/tt_transformers/model_cache/llama33_70b/T3K/empty_kcache_paged_attention(2048, 1, 32, 128)_dtype_BFLOAT8_B_layout_TILE.tensorbin of shape Shape([2048, 1, 32, 128])
2026-09-03 00:18:22.881 | DEBUG    | core:as_tensor:724 - Loaded cache for /localdev/gwang/tt_transformers/model_cache/llama33_70b/T3K/empty_vcache_paged_attention(2048, 1, 32, 128)_dtype_BFLOAT8_B_layout_TILE.tensorbin of shape Shape([2048, 1, 32, 128])
2026-09-03 00:18:22.884 | DEBUG    | core:as_tensor:724 - Loaded cache for /localdev/gwang/tt_transformers/model_cache/llama33_70b/T3K/empty_kcache_paged_attention(2048, 1, 32, 128)_dtype_BFLOAT8_B_layout_TILE.tensorbin of shape Shape([2048, 1, 32, 128])
2026-09-03 00:18:22.886 | DEBUG    | core:as_tensor:724 - Loaded cache for /localdev/gwang/tt_transformers/model_cache/llama33_70b/T3K/empty_vcache_paged_attention(2048, 1, 32, 128)_dtype_BFLOAT8_B_layout_TILE.tensorbin of shape Shape([2048, 1, 32, 128])
2026-09-03 00:18:22.889 | DEBUG    | core:as_tensor:724 - Loaded cache for /localdev/gwang/tt_transformers/model_cache/llama33_70b/T3K/empty_kcache_paged_attention(2048, 1, 32, 128)_dtype_BFLOAT8_B_layout_TILE.tensorbin of shape Shape([2048, 1, 32, 128])
2026-09-03 00:18:22.892 | DEBUG    | core:as_tensor:724 - Loaded cache for /localdev/gwang/tt_transformers/model_cache/llama33_70b/T3K/empty_vcache_paged_attention(2048, 1, 32, 128)_dtype_BFLOAT8_B_layout_TILE.tensorbin of shape Shape([2048, 1, 32, 128])
2026-09-03 00:18:22.895 | DEBUG    | core:as_tensor:724 - Loaded cache for /localdev/gwang/tt_transformers/model_cache/llama33_70b/T3K/empty_kcache_paged_attention(2048, 1, 32, 128)_dtype_BFLOAT8_B_layout_TILE.tensorbin of shape Shape([2048, 1, 32, 128])
2026-09-03 00:18:22.897 | DEBUG    | core:as_tensor:724 - Loaded cache for /localdev/gwang/tt_transformers/model_cache/llama33_70b/T3K/empty_vcache_paged_attention(2048, 1, 32, 128)_dtype_BFLOAT8_B_layout_TILE.tensorbin of shape Shape([2048, 1, 32, 128])
2026-09-03 00:18:22.900 | DEBUG    | core:as_tensor:724 - Loaded cache for /localdev/gwang/tt_transformers/model_cache/llama33_70b/T3K/empty_kcache_paged_attention(2048, 1, 32, 128)_dtype_BFLOAT8_B_layout_TILE.tensorbin of shape Shape([2048, 1, 32, 128])
2026-09-03 00:18:22.903 | DEBUG    | core:as_tensor:724 - Loaded cache for /localdev/gwang/tt_transformers/model_cache/llama33_70b/T3K/empty_vcache_paged_attention(2048, 1, 32, 128)_dtype_BFLOAT8_B_layout_TILE.tensorbin of shape Shape([2048, 1, 32, 128])
2026-09-03 00:18:22.906 | DEBUG    | core:as_tensor:724 - Loaded cache for /localdev/gwang/tt_transformers/model_cache/llama33_70b/T3K/empty_kcache_paged_attention(2048, 1, 32, 128)_dtype_BFLOAT8_B_layout_TILE.tensorbin of shape Shape([2048, 1, 32, 128])
2026-09-03 00:18:22.909 | DEBUG    | core:as_tensor:724 - Loaded cache for /localdev/gwang/tt_transformers/model_cache/llama33_70b/T3K/empty_vcache_paged_attention(2048, 1, 32, 128)_dtype_BFLOAT8_B_layout_TILE.tensorbin of shape Shape([2048, 1, 32, 128])
2026-09-03 00:18:22.912 | DEBUG    | core:as_tensor:724 - Loaded cache for /localdev/gwang/tt_transformers/model_cache/llama33_70b/T3K/empty_kcache_paged_attention(2048, 1, 32, 128)_dtype_BFLOAT8_B_layout_TILE.tensorbin of shape Shape([2048, 1, 32, 128])
2026-09-03 00:18:22.915 | DEBUG    | core:as_tensor:724 - Loaded cache for /localdev/gwang/tt_transformers/model_cache/llama33_70b/T3K/empty_vcache_paged_attention(2048, 1, 32, 128)_dtype_BFLOAT8_B_layout_TILE.tensorbin of shape Shape([2048, 1, 32, 128])
2026-09-03 00:18:24.829 | INFO     | tt_transformers.llm_runtime.warmup:warmup_decode:485 - Compiled decode
2026-09-03 00:18:25.117 | INFO     | tt_transformers.llm_runtime.warmup:warmup_decode:485 - Compiled decode
2026-09-03 00:18:25.117 | INFO     | tt_transformers.llm_runtime.warmup:warmup_decode:487 - Compiled on-device sampling
2026-09-03 00:18:37.083 | INFO     | tt_transformers.llm_runtime.trace_compiler:capture_all:336 - Captured decode trace: signature=DecodeTraceSignature(batch_size=16, page_table_width=128, sampling_path='logits', device_feedback=False, penalties_enabled=False, logprobs_enabled=False)
2026-09-03 00:18:37.397 | INFO     | tt_transformers.llm_runtime.trace_compiler:capture_all:336 - Captured decode trace: signature=DecodeTraceSignature(batch_size=16, page_table_width=128, sampling_path='topk', device_feedback=True, penalties_enabled=False, logprobs_enabled=False)
2026-09-03 00:18:38.021 | INFO     | tt_transformers.llm_runtime.trace_compiler:capture_all:336 - Captured prefill trace: signature=PrefillTraceSignature(operation_variant='regular-batched', padded_batch_size=16, padded_sequence_length=128, page_table_width=192, chunk_page_table_width=None, sampling_path='logits', penalties_enabled=False, logprobs_enabled=False)
2026-09-03 00:18:38.652 | INFO     | tt_transformers.llm_runtime.trace_compiler:capture_all:336 - Captured prefill trace: signature=PrefillTraceSignature(operation_variant='regular-batched', padded_batch_size=16, padded_sequence_length=128, page_table_width=192, chunk_page_table_width=None, sampling_path='topk', penalties_enabled=False, logprobs_enabled=False)
2026-09-03 00:18:38.938 | INFO     | tt_transformers.llm_runtime.trace_compiler:capture_all:336 - Captured prefill trace: signature=PrefillTraceSignature(operation_variant='regular-single', padded_batch_size=1, padded_sequence_length=128, page_table_width=192, chunk_page_table_width=None, sampling_path='topk', penalties_enabled=False, logprobs_enabled=False)
2026-09-03 00:18:39.278 | INFO     | tt_transformers.llm_runtime.trace_compiler:capture_all:336 - Captured prefill trace: signature=PrefillTraceSignature(operation_variant='regular-batched', padded_batch_size=2, padded_sequence_length=128, page_table_width=192, chunk_page_table_width=None, sampling_path='topk', penalties_enabled=False, logprobs_enabled=False)
2026-09-03 00:18:39.659 | INFO     | tt_transformers.llm_runtime.trace_compiler:capture_all:336 - Captured prefill trace: signature=PrefillTraceSignature(operation_variant='regular-batched', padded_batch_size=4, padded_sequence_length=128, page_table_width=192, chunk_page_table_width=None, sampling_path='topk', penalties_enabled=False, logprobs_enabled=False)
2026-09-03 00:18:40.151 | INFO     | tt_transformers.llm_runtime.trace_compiler:capture_all:336 - Captured prefill trace: signature=PrefillTraceSignature(operation_variant='regular-batched', padded_batch_size=8, padded_sequence_length=128, page_table_width=192, chunk_page_table_width=None, sampling_path='topk', penalties_enabled=False, logprobs_enabled=False)
2026-09-03 00:18:40.445 | INFO     | tt_transformers.llm_runtime.trace_compiler:capture_all:336 - Captured prefill trace: signature=PrefillTraceSignature(operation_variant='chunked', padded_batch_size=1, padded_sequence_length=128, page_table_width=192, chunk_page_table_width=4, sampling_path='topk', penalties_enabled=False, logprobs_enabled=False)
2026-09-03 00:18:40.781 | INFO     | tt_transformers.llm_runtime.trace_compiler:capture_all:336 - Captured prefill trace: signature=PrefillTraceSignature(operation_variant='regular-single', padded_batch_size=1, padded_sequence_length=2048, page_table_width=192, chunk_page_table_width=None, sampling_path='topk', penalties_enabled=False, logprobs_enabled=False)
2026-09-03 00:18:41.120 | INFO     | tt_transformers.llm_runtime.trace_compiler:capture_all:336 - Captured prefill trace: signature=PrefillTraceSignature(operation_variant='chunked', padded_batch_size=1, padded_sequence_length=2048, page_table_width=192, chunk_page_table_width=64, sampling_path='topk', penalties_enabled=False, logprobs_enabled=False)
2026-09-03 00:18:41.411 | INFO     | tt_transformers.llm_runtime.trace_compiler:capture_all:336 - Captured prefill trace: signature=PrefillTraceSignature(operation_variant='regular-single', padded_batch_size=1, padded_sequence_length=128, page_table_width=192, chunk_page_table_width=None, sampling_path='logits', penalties_enabled=False, logprobs_enabled=False)
2026-09-03 00:18:41.755 | INFO     | tt_transformers.llm_runtime.trace_compiler:capture_all:336 - Captured prefill trace: signature=PrefillTraceSignature(operation_variant='regular-batched', padded_batch_size=2, padded_sequence_length=128, page_table_width=192, chunk_page_table_width=None, sampling_path='logits', penalties_enabled=False, logprobs_enabled=False)
2026-09-03 00:18:42.137 | INFO     | tt_transformers.llm_runtime.trace_compiler:capture_all:336 - Captured prefill trace: signature=PrefillTraceSignature(operation_variant='regular-batched', padded_batch_size=4, padded_sequence_length=128, page_table_width=192, chunk_page_table_width=None, sampling_path='logits', penalties_enabled=False, logprobs_enabled=False)
2026-09-03 00:18:42.630 | INFO     | tt_transformers.llm_runtime.trace_compiler:capture_all:336 - Captured prefill trace: signature=PrefillTraceSignature(operation_variant='regular-batched', padded_batch_size=8, padded_sequence_length=128, page_table_width=192, chunk_page_table_width=None, sampling_path='logits', penalties_enabled=False, logprobs_enabled=False)
2026-09-03 00:18:42.931 | INFO     | tt_transformers.llm_runtime.trace_compiler:capture_all:336 - Captured prefill trace: signature=PrefillTraceSignature(operation_variant='chunked', padded_batch_size=1, padded_sequence_length=128, page_table_width=192, chunk_page_table_width=4, sampling_path='logits', penalties_enabled=False, logprobs_enabled=False)
2026-09-03 00:18:43.269 | INFO     | tt_transformers.llm_runtime.trace_compiler:capture_all:336 - Captured prefill trace: signature=PrefillTraceSignature(operation_variant='regular-single', padded_batch_size=1, padded_sequence_length=2048, page_table_width=192, chunk_page_table_width=None, sampling_path='logits', penalties_enabled=False, logprobs_enabled=False)
2026-09-03 00:18:43.610 | INFO     | tt_transformers.llm_runtime.trace_compiler:capture_all:336 - Captured prefill trace: signature=PrefillTraceSignature(operation_variant='chunked', padded_batch_size=1, padded_sequence_length=2048, page_table_width=192, chunk_page_table_width=64, sampling_path='logits', penalties_enabled=False, logprobs_enabled=False)
2026-09-03 00:18:44.271 | INFO     | tt_transformers.llm_runtime.execution:_execute_prefill:671 - TTTV2_RUNTIME_EVIDENCE {"active_batch_size": 1, "execution": "trace_replay", "lane": 0, "operation": "prefill", "padded_batch_size": 1, "padded_sequence_length": 128, "program_key": "999cbf354c9bdd6077cabb45b51d31c2abbe52833ac910f642e5bcbb3cdd4494", "rank": 0, "replay_steps": 1, "sampling_path": "logits", "trace_key": "469283b260195f80b5f03bce4eb3044eeef47176541b1aae9a1d1a6ecb5917fe", "variant": "regular-single"}
2026-09-03 00:18:44.800 | INFO     | tt_transformers.llm_runtime.execution:_execute_prefill:671 - TTTV2_RUNTIME_EVIDENCE {"active_batch_size": 15, "execution": "trace_replay", "lane": 0, "operation": "prefill", "padded_batch_size": 16, "padded_sequence_length": 128, "program_key": "c7a3e8066537c19ac3fa869ec3ca1bc407bafcd8502d3b01be5dae9a2ed0b276", "rank": 0, "replay_steps": 1, "sampling_path": "logits", "trace_key": "d6be81420b505b3fe570ee657d153901af70fb56b5e1e9fbbb41b8205b87409b", "variant": "regular-batched"}
______ test_w6_active15_padded16_trace_correctness[logits-topk-15-16-T3K] ______

production_model = <tt_transformers.models.llama33_70b.model.Llama33_70BTransformer1D object at 0x7f74387c6380>
ttnn_mesh_device = MeshDevice(1x8 grid, 8 devices), capture_order = (15, 16)
sampling_order = ('logits', 'topk')

    @pytest.mark.device
    @pytest.mark.model
    @pytest.mark.wormhole
    @pytest.mark.t3k
    @pytest.mark.parametrize("capture_order", [(16, 15), (15, 16)], ids=["16-15", "15-16"])
    @pytest.mark.parametrize(
        "sampling_order",
        [("logits", "topk"), ("topk", "logits")],
        ids=["logits-topk", "topk-logits"],
    )
    def test_w6_active15_padded16_trace_correctness(
        production_model,
        ttnn_mesh_device,
        capture_order,
        sampling_order,
    ):
        stale_block = _STALE_BLOCK
        page_table = _page_table(stale_block=stale_block)
        resident_table = _page_table()[_RESIDENT_SLOT : _RESIDENT_SLOT + 1]
        resident_table[:, :4] = torch.arange(_RESIDENT_BLOCK_START, _RESIDENT_BLOCK_START + 4, dtype=torch.int32)
        tokens = _tokens(15)
        resident_tokens = _tokens(1, salt=101)
        expected_logits, expected_active_decode, expected_resident_decode = _run_sequential_oracle(
            production_model, tokens, page_table, resident_tokens, resident_table
        )
        batched_eager_logits, batched_eager_kv, batched_eager_active_decode = _run_batched_eager_oracle(
            production_model, tokens, page_table, resident_tokens, resident_table
        )
    
        executor = create_executor(production_model, traced=True, device_sampling_enabled=True, trace_mode="all")
        try:
            assert executor.config.trace.mode == "all"
            # Production Llama33 disables force-argmax, so argmax->top-k is not an
            # executable registration order for this candidate.
            assert not production_model.sampling.config.allow_force_argmax
            assert executor.prefill_runtime.config.device_sampling_enabled
            assert not executor.prefill_runtime.config.disable_batched_prefill
            kv_cache = executor.allocate_kv_cache()
            # Compile the read-only KV evidence slices before trace activation so
            # the later program-cache invariant measures runtime work, not test
            # instrumentation first use.
            _kv_snapshot(
                kv_cache,
                (0, 60),
                (_STALE_BLOCK, _STALE_BLOCK + 1),
                (_RESIDENT_BLOCK_START, _RESIDENT_BLOCK_START + 4),
            )
            topk = _compile_registration_order(executor, kv_cache, page_table, capture_order, sampling_order)
            assert executor.trace_compiler.trace_active
            baseline_registry = len(executor.program_compiler.compiled_programs)
            baseline_program_cache = _program_cache_entries(ttnn_mesh_device)
            baseline_summary = executor.traced_executor.runtime_summary()
    
            prepared = _prepared(executor, tokens, page_table)
            assert len(prepared) == 1
            item = prepared[0]
            assert item.request.kind == "batched"
            assert item.request.source_rows == tuple(range(15))
            assert item.request.padded_batch_size == 16
            assert item.program_signatures[0].operation_variant == "regular-batched"
            assert item.sampling_path == "logits"
            assert item.trace_signature is not None
            assert torch.all(item.request.tokens[15] == 0)
            assert torch.all(item.request.page_table[15] == -1)
            assert torch.all(item.request.page_table[:15, 4:] == -1)
            program_key = executor.program_compiler.key_for(item.program_signatures[0])
            trace_key = executor.trace_compiler.trace_key_for_program(program_key)
            assert trace_key is not None
            assert executor.trace_compiler.get(trace_key).artifact is not None
    
            stale_before = _kv_snapshot(kv_cache, (_STALE_BLOCK, _STALE_BLOCK + 1))
            resident_logits = executor.prefill_forward(
                resident_tokens,
                resident_table,
                kv_cache=kv_cache,
                prompt_lens=torch.tensor([_PROMPT_LEN]),
                empty_slots=[_RESIDENT_SLOT],
                execution=executor.traced_prefill_execution,
            )
            resident_before = _kv_snapshot(kv_cache, (_RESIDENT_BLOCK_START, _RESIDENT_BLOCK_START + 4))
            actual_logits = executor.prefill_forward(
                tokens,
                page_table[:15],
                kv_cache=kv_cache,
                prompt_lens=torch.full((15,), _PROMPT_LEN, dtype=torch.long),
                empty_slots=list(range(15)),
                execution=executor.traced_prefill_execution,
            )
            actual_kv = _kv_snapshot(
                kv_cache,
                (0, 60),
                (_RESIDENT_BLOCK_START, _RESIDENT_BLOCK_START + 4),
            )
            resident_after = _kv_snapshot(kv_cache, (_RESIDENT_BLOCK_START, _RESIDENT_BLOCK_START + 4))
>           assert_rowwise_logits_parity(
                batched_eager_logits,
                expected_logits,
                min_row_pcc=_LOGITS_MIN_ROW_PCC,
                max_abs=_LOGITS_MAX_ABS,
                require_exact_top1=False,
                max_top1_mismatches=_LOGITS_MAX_TOP1_MISMATCHES,
                expected_top1_in_actual_topk=_LOGITS_TOPK,
                min_topk_overlap=_LOGITS_MIN_TOPK_OVERLAP,
                isclose_atol=_LOGITS_ATOL,
                isclose_rtol=0.05,
                max_isclose_failure_fraction=_LOGITS_MAX_ISCLOSE_FAILURE_FRACTION,
            )

tests/models/llama33_70b/test_t3k_batched_prefill_correctness.py:471: 
_ _ _ _ _ _ _ _ _ _ _ _ _ _ _ _ _ _ _ _ _ _ _ _ _ _ _ _ _ _ _ _ _ _ _ _ _ _ _ _ 

actual = tensor([[[-21.0000, -19.0000, -12.0000,  ...,   5.8750,   5.8750,   5.8750]],

        [[  3.8750,   3.1875,   2.1875,...,  ...,  -8.0000,  -8.0000,  -8.0000]],

        [[  0.8125,   1.4688,  -1.0625,  ...,  -7.5625,  -7.5625,  -7.5625]]])
expected = tensor([[[-20.5000, -19.0000, -12.0000,  ...,   5.6875,   5.6875,   5.6875]],

        [[  3.6875,   3.0625,   2.0000,...,  ...,  -8.0000,  -8.0000,  -8.0000]],

        [[  0.8125,   1.2500,  -1.0625,  ...,  -7.5000,  -7.5000,  -7.5000]]])

    def assert_rowwise_logits_parity(
        actual: torch.Tensor,
        expected: torch.Tensor,
        *,
        min_row_pcc: float,
        max_abs: float,
        require_exact_top1: bool = True,
        max_top1_mismatches: int | None = None,
        expected_top1_in_actual_topk: int | None = None,
        min_topk_overlap: int | None = None,
        isclose_atol: float | None = None,
        isclose_rtol: float | None = None,
        max_isclose_failure_fraction: float | None = None,
    ) -> None:
        """Require every batch row to preserve logits shape, quality, and ranking."""
    
        if require_exact_top1 and (max_top1_mismatches is not None or expected_top1_in_actual_topk is not None):
            raise ValueError("exact top-1 and top-k containment are mutually exclusive")
        if min_topk_overlap is not None and expected_top1_in_actual_topk is None:
            raise ValueError("min_topk_overlap requires expected_top1_in_actual_topk")
        isclose_options = (isclose_atol, isclose_rtol, max_isclose_failure_fraction)
        if any(value is not None for value in isclose_options) and not all(value is not None for value in isclose_options):
            raise ValueError("isclose_atol, isclose_rtol, and max_isclose_failure_fraction must be supplied together")
    
        if actual.shape != expected.shape:
            raise AssertionError(f"logits shape mismatch: actual={tuple(actual.shape)}, expected={tuple(expected.shape)}")
        if actual.ndim < 2:
            raise AssertionError(f"logits must have batch and vocabulary dimensions, got {tuple(actual.shape)}")
    
        actual_rows = actual.detach().float().reshape(actual.shape[0], -1)
        expected_rows = expected.detach().float().reshape(expected.shape[0], -1)
        if not torch.isfinite(actual_rows).all() or not torch.isfinite(expected_rows).all():
            raise AssertionError("logits contain non-finite values")
    
        actual_centered = actual_rows - actual_rows.mean(dim=1, keepdim=True)
        expected_centered = expected_rows - expected_rows.mean(dim=1, keepdim=True)
        denominator = actual_centered.norm(dim=1) * expected_centered.norm(dim=1)
        numerator = (actual_centered * expected_centered).sum(dim=1)
        row_pcc = torch.where(
            denominator > 0,
            numerator / denominator,
            torch.where(
                torch.all(actual_rows == expected_rows, dim=1),
                torch.ones_like(denominator),
                torch.zeros_like(denominator),
            ),
        )
        row_max_abs = (actual_rows - expected_rows).abs().amax(dim=1)
        actual_top1 = actual_rows.argmax(dim=1)
        expected_top1 = expected_rows.argmax(dim=1)
    
        failures = []
        bad_pcc = torch.nonzero(row_pcc < min_row_pcc, as_tuple=False).reshape(-1)
        if bad_pcc.numel():
            failures.append(
                f"row PCC below {min_row_pcc}: "
                + ", ".join(f"row {row}: {row_pcc[row].item():.8f}" for row in bad_pcc.tolist())
            )
        bad_max_abs = torch.nonzero(row_max_abs > max_abs, as_tuple=False).reshape(-1)
        if bad_max_abs.numel():
            failures.append(
                f"row max-abs above {max_abs}: "
                + ", ".join(f"row {row}: {row_max_abs[row].item():.8f}" for row in bad_max_abs.tolist())
            )
        if require_exact_top1 and not torch.equal(actual_top1, expected_top1):
            disagreement = torch.nonzero(actual_top1 != expected_top1, as_tuple=False)
            failures.append(f"top-1 mismatch at {disagreement.tolist()}")
        if max_top1_mismatches is not None:
            mismatch_count = int((actual_top1 != expected_top1).sum().item())
            if mismatch_count > int(max_top1_mismatches):
                failures.append(f"top-1 mismatch count {mismatch_count} exceeds {max_top1_mismatches}")
        if expected_top1_in_actual_topk is not None:
            topk = int(expected_top1_in_actual_topk)
            if topk <= 0 or topk > actual_rows.shape[1]:
                raise ValueError(f"top-k must be in [1, {actual_rows.shape[1]}], got {topk}")
            actual_topk = actual_rows.topk(topk, dim=1).indices
            expected_topk = expected_rows.topk(topk, dim=1).indices
            expected_top1_rows = expected_top1.unsqueeze(1)
            missing_top1 = torch.nonzero(~(actual_topk == expected_top1_rows).any(dim=1), as_tuple=False).reshape(-1)
            if missing_top1.numel():
                failures.append(f"expected top-1 missing from actual top-{topk} at rows {missing_top1.tolist()}")
            if min_topk_overlap is not None:
                minimum = int(min_topk_overlap)
                if minimum <= 0 or minimum > topk:
                    raise ValueError(f"min_topk_overlap must be in [1, {topk}], got {minimum}")
                overlaps = (actual_topk.unsqueeze(2) == expected_topk.unsqueeze(1)).any(dim=2).sum(dim=1)
                bad_overlap = torch.nonzero(overlaps < minimum, as_tuple=False).reshape(-1)
                if bad_overlap.numel():
                    failures.append(
                        f"top-{topk} overlap below {minimum}: "
                        + ", ".join(f"row {row}: {overlaps[row].item()}" for row in bad_overlap.tolist())
                    )
        if max_isclose_failure_fraction is not None:
            close = torch.isclose(actual_rows, expected_rows, atol=float(isclose_atol), rtol=float(isclose_rtol))
            failure_fraction = float((~close).float().mean().item())
            if failure_fraction > float(max_isclose_failure_fraction):
                row_fractions = (~close).float().mean(dim=1)
                failures.append(
                    f"isclose failure fraction {failure_fraction:.8f} exceeds {max_isclose_failure_fraction}; "
                    + ", ".join(f"row {row}: {value.item():.8f}" for row, value in enumerate(row_fractions))
                )
    
        if failures:
>           raise AssertionError("logits parity failed; " + "; ".join(failures))
E           AssertionError: logits parity failed; row max-abs above 1.0: row 0: 1.50000000; top-5 overlap below 4: row 0: 3

tests/models/llama33_70b/logits_oracle.py:114: AssertionError
----------------------------- Captured stdout call -----------------------------
2026-09-03 00:19:01.403 | warning  |              Op | The following ttnn.all_gather args are deprecated and will be removed in September-2026: num_links, topology, chunks_per_sync, num_workers_per_link, num_buffers_per_channel, use_l1_small_for_semaphores. (all_gather.cpp:148)
2026-09-03 00:19:01.403 | warning  |              Op | The following ttnn.all_gather args are deprecated and will be removed in September-2026: num_links, topology, chunks_per_sync, num_workers_per_link, num_buffers_per_channel, use_l1_small_for_semaphores. (all_gather.cpp:148)
2026-09-03 00:19:01.811 | warning  |              Op | The following ttnn.all_gather args are deprecated and will be removed in September-2026: num_links, topology, chunks_per_sync, num_workers_per_link, num_buffers_per_channel, use_l1_small_for_semaphores. (all_gather.cpp:148)
2026-09-03 00:19:01.811 | warning  |              Op | The following ttnn.all_gather args are deprecated and will be removed in September-2026: num_links, topology, chunks_per_sync, num_workers_per_link, num_buffers_per_channel, use_l1_small_for_semaphores. (all_gather.cpp:148)
2026-09-03 00:19:02.309 | warning  |              Op | The following ttnn.all_gather args are deprecated and will be removed in September-2026: num_links, topology, chunks_per_sync, num_workers_per_link, num_buffers_per_channel, use_l1_small_for_semaphores. (all_gather.cpp:148)
2026-09-03 00:19:02.310 | warning  |              Op | The following ttnn.all_gather args are deprecated and will be removed in September-2026: num_links, topology, chunks_per_sync, num_workers_per_link, num_buffers_per_channel, use_l1_small_for_semaphores. (all_gather.cpp:148)
2026-09-03 00:19:03.008 | warning  |              Op | The following ttnn.all_gather args are deprecated and will be removed in September-2026: num_links, topology, chunks_per_sync, num_workers_per_link, num_buffers_per_channel, use_l1_small_for_semaphores. (all_gather.cpp:148)
2026-09-03 00:19:03.008 | warning  |              Op | The following ttnn.all_gather args are deprecated and will be removed in September-2026: num_links, topology, chunks_per_sync, num_workers_per_link, num_buffers_per_channel, use_l1_small_for_semaphores. (all_gather.cpp:148)
2026-09-03 00:19:04.222 | warning  |              Op | The following ttnn.all_gather args are deprecated and will be removed in September-2026: num_links, topology, chunks_per_sync, num_workers_per_link, num_buffers_per_channel, use_l1_small_for_semaphores. (all_gather.cpp:148)
2026-09-03 00:19:04.223 | warning  |              Op | The following ttnn.all_gather args are deprecated and will be removed in September-2026: num_links, topology, chunks_per_sync, num_workers_per_link, num_buffers_per_channel, use_l1_small_for_semaphores. (all_gather.cpp:148)
2026-09-03 00:19:06.567 | warning  |              Op | The following ttnn.all_gather args are deprecated and will be removed in September-2026: num_links, topology, chunks_per_sync, num_workers_per_link, num_buffers_per_channel, use_l1_small_for_semaphores. (all_gather.cpp:148)
2026-09-03 00:19:06.568 | warning  |              Op | The following ttnn.all_gather args are deprecated and will be removed in September-2026: num_links, topology, chunks_per_sync, num_workers_per_link, num_buffers_per_channel, use_l1_small_for_semaphores. (all_gather.cpp:148)
2026-09-03 00:19:06.992 | warning  |              Op | The following ttnn.all_gather args are deprecated and will be removed in September-2026: num_links, topology, chunks_per_sync, num_workers_per_link, num_buffers_per_channel, use_l1_small_for_semaphores. (all_gather.cpp:148)
2026-09-03 00:19:06.993 | warning  |              Op | The following ttnn.all_gather args are deprecated and will be removed in September-2026: num_links, topology, chunks_per_sync, num_workers_per_link, num_buffers_per_channel, use_l1_small_for_semaphores. (all_gather.cpp:148)
2026-09-03 00:19:09.345 | warning  |              Op | The following ttnn.all_gather args are deprecated and will be removed in September-2026: num_links, topology, chunks_per_sync, num_workers_per_link, num_buffers_per_channel, use_l1_small_for_semaphores. (all_gather.cpp:148)
2026-09-03 00:19:09.347 | warning  |              Op | The following ttnn.all_gather args are deprecated and will be removed in September-2026: num_links, topology, chunks_per_sync, num_workers_per_link, num_buffers_per_channel, use_l1_small_for_semaphores. (all_gather.cpp:148)
2026-09-03 00:19:11.923 | warning  |              Op | The following ttnn.all_gather args are deprecated and will be removed in September-2026: num_links, topology, chunks_per_sync, num_workers_per_link, num_buffers_per_channel, use_l1_small_for_semaphores. (all_gather.cpp:148)
2026-09-03 00:19:11.924 | warning  |              Op | The following ttnn.all_gather args are deprecated and will be removed in September-2026: num_links, topology, chunks_per_sync, num_workers_per_link, num_buffers_per_channel, use_l1_small_for_semaphores. (all_gather.cpp:148)
2026-09-03 00:19:12.192 | warning  |              Op | The following ttnn.all_gather args are deprecated and will be removed in September-2026: num_links, topology, chunks_per_sync, num_workers_per_link, num_buffers_per_channel, use_l1_small_for_semaphores. (all_gather.cpp:148)
2026-09-03 00:19:12.192 | warning  |              Op | The following ttnn.all_gather args are deprecated and will be removed in September-2026: num_links, topology, chunks_per_sync, num_workers_per_link, num_buffers_per_channel, use_l1_small_for_semaphores. (all_gather.cpp:148)
2026-09-03 00:19:12.416 | warning  |              Op | The following ttnn.all_gather args are deprecated and will be removed in September-2026: num_links, topology, chunks_per_sync, num_workers_per_link, num_buffers_per_channel, use_l1_small_for_semaphores. (all_gather.cpp:148)
2026-09-03 00:19:12.416 | warning  |              Op | The following ttnn.all_gather args are deprecated and will be removed in September-2026: num_links, topology, chunks_per_sync, num_workers_per_link, num_buffers_per_channel, use_l1_small_for_semaphores. (all_gather.cpp:148)
2026-09-03 00:19:12.616 | warning  |              Op | The following ttnn.all_gather args are deprecated and will be removed in September-2026: num_links, topology, chunks_per_sync, num_workers_per_link, num_buffers_per_channel, use_l1_small_for_semaphores. (all_gather.cpp:148)
2026-09-03 00:19:12.616 | warning  |              Op | The following ttnn.all_gather args are deprecated and will be removed in September-2026: num_links, topology, chunks_per_sync, num_workers_per_link, num_buffers_per_channel, use_l1_small_for_semaphores. (all_gather.cpp:148)
2026-09-03 00:19:13.148 | warning  |              Op | The following ttnn.all_gather args are deprecated and will be removed in September-2026: num_links, topology, chunks_per_sync, num_workers_per_link, num_buffers_per_channel, use_l1_small_for_semaphores. (all_gather.cpp:148)
2026-09-03 00:19:13.148 | warning  |              Op | The following ttnn.all_gather args are deprecated and will be removed in September-2026: num_links, topology, chunks_per_sync, num_workers_per_link, num_buffers_per_channel, use_l1_small_for_semaphores. (all_gather.cpp:148)
----------------------------- Captured stderr call -----------------------------
2026-09-03 00:18:48.116 | DEBUG    | core:as_tensor:724 - Loaded cache for /localdev/gwang/tt_transformers/model_cache/llama33_70b/T3K/empty_kcache_paged_attention(2048, 1, 32, 128)_dtype_BFLOAT8_B_layout_TILE.tensorbin of shape Shape([2048, 1, 32, 128])
2026-09-03 00:18:48.119 | DEBUG    | core:as_tensor:724 - Loaded cache for /localdev/gwang/tt_transformers/model_cache/llama33_70b/T3K/empty_vcache_paged_attention(2048, 1, 32, 128)_dtype_BFLOAT8_B_layout_TILE.tensorbin of shape Shape([2048, 1, 32, 128])
2026-09-03 00:18:48.122 | DEBUG    | core:as_tensor:724 - Loaded cache for /localdev/gwang/tt_transformers/model_cache/llama33_70b/T3K/empty_kcache_paged_attention(2048, 1, 32, 128)_dtype_BFLOAT8_B_layout_TILE.tensorbin of shape Shape([2048, 1, 32, 128])
2026-09-03 00:18:48.125 | DEBUG    | core:as_tensor:724 - Loaded cache for /localdev/gwang/tt_transformers/model_cache/llama33_70b/T3K/empty_vcache_paged_attention(2048, 1, 32, 128)_dtype_BFLOAT8_B_layout_TILE.tensorbin of shape Shape([2048, 1, 32, 128])
2026-09-03 00:18:48.128 | DEBUG    | core:as_tensor:724 - Loaded cache for /localdev/gwang/tt_transformers/model_cache/llama33_70b/T3K/empty_kcache_paged_attention(2048, 1, 32, 128)_dtype_BFLOAT8_B_layout_TILE.tensorbin of shape Shape([2048, 1, 32, 128])
2026-09-03 00:18:48.131 | DEBUG    | core:as_tensor:724 - Loaded cache for /localdev/gwang/tt_transformers/model_cache/llama33_70b/T3K/empty_vcache_paged_attention(2048, 1, 32, 128)_dtype_BFLOAT8_B_layout_TILE.tensorbin of shape Shape([2048, 1, 32, 128])
2026-09-03 00:18:48.134 | DEBUG    | core:as_tensor:724 - Loaded cache for /localdev/gwang/tt_transformers/model_cache/llama33_70b/T3K/empty_kcache_paged_attention(2048, 1, 32, 128)_dtype_BFLOAT8_B_layout_TILE.tensorbin of shape Shape([2048, 1, 32, 128])
2026-09-03 00:18:48.137 | DEBUG    | core:as_tensor:724 - Loaded cache for /localdev/gwang/tt_transformers/model_cache/llama33_70b/T3K/empty_vcache_paged_attention(2048, 1, 32, 128)_dtype_BFLOAT8_B_layout_TILE.tensorbin of shape Shape([2048, 1, 32, 128])
2026-09-03 00:18:48.140 | DEBUG    | core:as_tensor:724 - Loaded cache for /localdev/gwang/tt_transformers/model_cache/llama33_70b/T3K/empty_kcache_paged_attention(2048, 1, 32, 128)_dtype_BFLOAT8_B_layout_TILE.tensorbin of shape Shape([2048, 1, 32, 128])
2026-09-03 00:18:48.142 | DEBUG    | core:as_tensor:724 - Loaded cache for /localdev/gwang/tt_transformers/model_cache/llama33_70b/T3K/empty_vcache_paged_attention(2048, 1, 32, 128)_dtype_BFLOAT8_B_layout_TILE.tensorbin of shape Shape([2048, 1, 32, 128])
2026-09-03 00:18:48.145 | DEBUG    | core:as_tensor:724 - Loaded cache for /localdev/gwang/tt_transformers/model_cache/llama33_70b/T3K/empty_kcache_paged_attention(2048, 1, 32, 128)_dtype_BFLOAT8_B_layout_TILE.tensorbin of shape Shape([2048, 1, 32, 128])
2026-09-03 00:18:48.148 | DEBUG    | core:as_tensor:724 - Loaded cache for /localdev/gwang/tt_transformers/model_cache/llama33_70b/T3K/empty_vcache_paged_attention(2048, 1, 32, 128)_dtype_BFLOAT8_B_layout_TILE.tensorbin of shape Shape([2048, 1, 32, 128])
2026-09-03 00:18:48.151 | DEBUG    | core:as_tensor:724 - Loaded cache for /localdev/gwang/tt_transformers/model_cache/llama33_70b/T3K/empty_kcache_paged_attention(2048, 1, 32, 128)_dtype_BFLOAT8_B_layout_TILE.tensorbin of shape Shape([2048, 1, 32, 128])
2026-09-03 00:18:48.154 | DEBUG    | core:as_tensor:724 - Loaded cache for /localdev/gwang/tt_transformers/model_cache/llama33_70b/T3K/empty_vcache_paged_attention(2048, 1, 32, 128)_dtype_BFLOAT8_B_layout_TILE.tensorbin of shape Shape([2048, 1, 32, 128])
2026-09-03 00:18:48.157 | DEBUG    | core:as_tensor:724 - Loaded cache for /localdev/gwang/tt_transformers/model_cache/llama33_70b/T3K/empty_kcache_paged_attention(2048, 1, 32, 128)_dtype_BFLOAT8_B_layout_TILE.tensorbin of shape Shape([2048, 1, 32, 128])
2026-09-03 00:18:48.159 | DEBUG    | core:as_tensor:724 - Loaded cache for /localdev/gwang/tt_transformers/model_cache/llama33_70b/T3K/empty_vcache_paged_attention(2048, 1, 32, 128)_dtype_BFLOAT8_B_layout_TILE.tensorbin of shape Shape([2048, 1, 32, 128])
2026-09-03 00:18:48.162 | DEBUG    | core:as_tensor:724 - Loaded cache for /localdev/gwang/tt_transformers/model_cache/llama33_70b/T3K/empty_kcache_paged_attention(2048, 1, 32, 128)_dtype_BFLOAT8_B_layout_TILE.tensorbin of shape Shape([2048, 1, 32, 128])
2026-09-03 00:18:48.165 | DEBUG    | core:as_tensor:724 - Loaded cache for /localdev/gwang/tt_transformers/model_cache/llama33_70b/T3K/empty_vcache_paged_attention(2048, 1, 32, 128)_dtype_BFLOAT8_B_layout_TILE.tensorbin of shape Shape([2048, 1, 32, 128])
2026-09-03 00:18:48.168 | DEBUG    | core:as_tensor:724 - Loaded cache for /localdev/gwang/tt_transformers/model_cache/llama33_70b/T3K/empty_kcache_paged_attention(2048, 1, 32, 128)_dtype_BFLOAT8_B_layout_TILE.tensorbin of shape Shape([2048, 1, 32, 128])
2026-09-03 00:18:48.170 | DEBUG    | core:as_tensor:724 - Loaded cache for /localdev/gwang/tt_transformers/model_cache/llama33_70b/T3K/empty_vcache_paged_attention(2048, 1, 32, 128)_dtype_BFLOAT8_B_layout_TILE.tensorbin of shape Shape([2048, 1, 32, 128])
2026-09-03 00:18:48.173 | DEBUG    | core:as_tensor:724 - Loaded cache for /localdev/gwang/tt_transformers/model_cache/llama33_70b/T3K/empty_kcache_paged_attention(2048, 1, 32, 128)_dtype_BFLOAT8_B_layout_TILE.tensorbin of shape Shape([2048, 1, 32, 128])
2026-09-03 00:18:48.176 | DEBUG    | core:as_tensor:724 - Loaded cache for /localdev/gwang/tt_transformers/model_cache/llama33_70b/T3K/empty_vcache_paged_attention(2048, 1, 32, 128)_dtype_BFLOAT8_B_layout_TILE.tensorbin of shape Shape([2048, 1, 32, 128])
2026-09-03 00:18:48.179 | DEBUG    | core:as_tensor:724 - Loaded cache for /localdev/gwang/tt_transformers/model_cache/llama33_70b/T3K/empty_kcache_paged_attention(2048, 1, 32, 128)_dtype_BFLOAT8_B_layout_TILE.tensorbin of shape Shape([2048, 1, 32, 128])
2026-09-03 00:18:48.182 | DEBUG    | core:as_tensor:724 - Loaded cache for /localdev/gwang/tt_transformers/model_cache/llama33_70b/T3K/empty_vcache_paged_attention(2048, 1, 32, 128)_dtype_BFLOAT8_B_layout_TILE.tensorbin of shape Shape([2048, 1, 32, 128])
2026-09-03 00:18:48.185 | DEBUG    | core:as_tensor:724 - Loaded cache for /localdev/gwang/tt_transformers/model_cache/llama33_70b/T3K/empty_kcache_paged_attention(2048, 1, 32, 128)_dtype_BFLOAT8_B_layout_TILE.tensorbin of shape Shape([2048, 1, 32, 128])
2026-09-03 00:18:48.187 | DEBUG    | core:as_tensor:724 - Loaded cache for /localdev/gwang/tt_transformers/model_cache/llama33_70b/T3K/empty_vcache_paged_attention(2048, 1, 32, 128)_dtype_BFLOAT8_B_layout_TILE.tensorbin of shape Shape([2048, 1, 32, 128])
2026-09-03 00:18:48.190 | DEBUG    | core:as_tensor:724 - Loaded cache for /localdev/gwang/tt_transformers/model_cache/llama33_70b/T3K/empty_kcache_paged_attention(2048, 1, 32, 128)_dtype_BFLOAT8_B_layout_TILE.tensorbin of shape Shape([2048, 1, 32, 128])
2026-09-03 00:18:48.193 | DEBUG    | core:as_tensor:724 - Loaded cache for /localdev/gwang/tt_transformers/model_cache/llama33_70b/T3K/empty_vcache_paged_attention(2048, 1, 32, 128)_dtype_BFLOAT8_B_layout_TILE.tensorbin of shape Shape([2048, 1, 32, 128])
2026-09-03 00:18:48.196 | DEBUG    | core:as_tensor:724 - Loaded cache for /localdev/gwang/tt_transformers/model_cache/llama33_70b/T3K/empty_kcache_paged_attention(2048, 1, 32, 128)_dtype_BFLOAT8_B_layout_TILE.tensorbin of shape Shape([2048, 1, 32, 128])
2026-09-03 00:18:48.199 | DEBUG    | core:as_tensor:724 - Loaded cache for /localdev/gwang/tt_transformers/model_cache/llama33_70b/T3K/empty_vcache_paged_attention(2048, 1, 32, 128)_dtype_BFLOAT8_B_layout_TILE.tensorbin of shape Shape([2048, 1, 32, 128])
2026-09-03 00:18:48.202 | DEBUG    | core:as_tensor:724 - Loaded cache for /localdev/gwang/tt_transformers/model_cache/llama33_70b/T3K/empty_kcache_paged_attention(2048, 1, 32, 128)_dtype_BFLOAT8_B_layout_TILE.tensorbin of shape Shape([2048, 1, 32, 128])
2026-09-03 00:18:48.204 | DEBUG    | core:as_tensor:724 - Loaded cache for /localdev/gwang/tt_transformers/model_cache/llama33_70b/T3K/empty_vcache_paged_attention(2048, 1, 32, 128)_dtype_BFLOAT8_B_layout_TILE.tensorbin of shape Shape([2048, 1, 32, 128])
2026-09-03 00:18:48.207 | DEBUG    | core:as_tensor:724 - Loaded cache for /localdev/gwang/tt_transformers/model_cache/llama33_70b/T3K/empty_kcache_paged_attention(2048, 1, 32, 128)_dtype_BFLOAT8_B_layout_TILE.tensorbin of shape Shape([2048, 1, 32, 128])
2026-09-03 00:18:48.210 | DEBUG    | core:as_tensor:724 - Loaded cache for /localdev/gwang/tt_transformers/model_cache/llama33_70b/T3K/empty_vcache_paged_attention(2048, 1, 32, 128)_dtype_BFLOAT8_B_layout_TILE.tensorbin of shape Shape([2048, 1, 32, 128])
2026-09-03 00:18:48.213 | DEBUG    | core:as_tensor:724 - Loaded cache for /localdev/gwang/tt_transformers/model_cache/llama33_70b/T3K/empty_kcache_paged_attention(2048, 1, 32, 128)_dtype_BFLOAT8_B_layout_TILE.tensorbin of shape Shape([2048, 1, 32, 128])
2026-09-03 00:18:48.216 | DEBUG    | core:as_tensor:724 - Loaded cache for /localdev/gwang/tt_transformers/model_cache/llama33_70b/T3K/empty_vcache_paged_attention(2048, 1, 32, 128)_dtype_BFLOAT8_B_layout_TILE.tensorbin of shape Shape([2048, 1, 32, 128])
2026-09-03 00:18:48.219 | DEBUG    | core:as_tensor:724 - Loaded cache for /localdev/gwang/tt_transformers/model_cache/llama33_70b/T3K/empty_kcache_paged_attention(2048, 1, 32, 128)_dtype_BFLOAT8_B_layout_TILE.tensorbin of shape Shape([2048, 1, 32, 128])
2026-09-03 00:18:48.221 | DEBUG    | core:as_tensor:724 - Loaded cache for /localdev/gwang/tt_transformers/model_cache/llama33_70b/T3K/empty_vcache_paged_attention(2048, 1, 32, 128)_dtype_BFLOAT8_B_layout_TILE.tensorbin of shape Shape([2048, 1, 32, 128])
2026-09-03 00:18:48.224 | DEBUG    | core:as_tensor:724 - Loaded cache for /localdev/gwang/tt_transformers/model_cache/llama33_70b/T3K/empty_kcache_paged_attention(2048, 1, 32, 128)_dtype_BFLOAT8_B_layout_TILE.tensorbin of shape Shape([2048, 1, 32, 128])
2026-09-03 00:18:48.227 | DEBUG    | core:as_tensor:724 - Loaded cache for /localdev/gwang/tt_transformers/model_cache/llama33_70b/T3K/empty_vcache_paged_attention(2048, 1, 32, 128)_dtype_BFLOAT8_B_layout_TILE.tensorbin of shape Shape([2048, 1, 32, 128])
2026-09-03 00:18:48.230 | DEBUG    | core:as_tensor:724 - Loaded cache for /localdev/gwang/tt_transformers/model_cache/llama33_70b/T3K/empty_kcache_paged_attention(2048, 1, 32, 128)_dtype_BFLOAT8_B_layout_TILE.tensorbin of shape Shape([2048, 1, 32, 128])
2026-09-03 00:18:48.233 | DEBUG    | core:as_tensor:724 - Loaded cache for /localdev/gwang/tt_transformers/model_cache/llama33_70b/T3K/empty_vcache_paged_attention(2048, 1, 32, 128)_dtype_BFLOAT8_B_layout_TILE.tensorbin of shape Shape([2048, 1, 32, 128])
2026-09-03 00:18:48.235 | DEBUG    | core:as_tensor:724 - Loaded cache for /localdev/gwang/tt_transformers/model_cache/llama33_70b/T3K/empty_kcache_paged_attention(2048, 1, 32, 128)_dtype_BFLOAT8_B_layout_TILE.tensorbin of shape Shape([2048, 1, 32, 128])
2026-09-03 00:18:48.240 | DEBUG    | core:as_tensor:724 - Loaded cache for /localdev/gwang/tt_transformers/model_cache/llama33_70b/T3K/empty_vcache_paged_attention(2048, 1, 32, 128)_dtype_BFLOAT8_B_layout_TILE.tensorbin of shape Shape([2048, 1, 32, 128])
2026-09-03 00:18:48.242 | DEBUG    | core:as_tensor:724 - Loaded cache for /localdev/gwang/tt_transformers/model_cache/llama33_70b/T3K/empty_kcache_paged_attention(2048, 1, 32, 128)_dtype_BFLOAT8_B_layout_TILE.tensorbin of shape Shape([2048, 1, 32, 128])
2026-09-03 00:18:48.246 | DEBUG    | core:as_tensor:724 - Loaded cache for /localdev/gwang/tt_transformers/model_cache/llama33_70b/T3K/empty_vcache_paged_attention(2048, 1, 32, 128)_dtype_BFLOAT8_B_layout_TILE.tensorbin of shape Shape([2048, 1, 32, 128])
2026-09-03 00:18:48.249 | DEBUG    | core:as_tensor:724 - Loaded cache for /localdev/gwang/tt_transformers/model_cache/llama33_70b/T3K/empty_kcache_paged_attention(2048, 1, 32, 128)_dtype_BFLOAT8_B_layout_TILE.tensorbin of shape Shape([2048, 1, 32, 128])
2026-09-03 00:18:48.252 | DEBUG    | core:as_tensor:724 - Loaded cache for /localdev/gwang/tt_transformers/model_cache/llama33_70b/T3K/empty_vcache_paged_attention(2048, 1, 32, 128)_dtype_BFLOAT8_B_layout_TILE.tensorbin of shape Shape([2048, 1, 32, 128])
2026-09-03 00:18:48.255 | DEBUG    | core:as_tensor:724 - Loaded cache for /localdev/gwang/tt_transformers/model_cache/llama33_70b/T3K/empty_kcache_paged_attention(2048, 1, 32, 128)_dtype_BFLOAT8_B_layout_TILE.tensorbin of shape Shape([2048, 1, 32, 128])
2026-09-03 00:18:48.257 | DEBUG    | core:as_tensor:724 - Loaded cache for /localdev/gwang/tt_transformers/model_cache/llama33_70b/T3K/empty_vcache_paged_attention(2048, 1, 32, 128)_dtype_BFLOAT8_B_layout_TILE.tensorbin of shape Shape([2048, 1, 32, 128])
2026-09-03 00:18:48.260 | DEBUG    | core:as_tensor:724 - Loaded cache for /localdev/gwang/tt_transformers/model_cache/llama33_70b/T3K/empty_kcache_paged_attention(2048, 1, 32, 128)_dtype_BFLOAT8_B_layout_TILE.tensorbin of shape Shape([2048, 1, 32, 128])
2026-09-03 00:18:48.263 | DEBUG    | core:as_tensor:724 - Loaded cache for /localdev/gwang/tt_transformers/model_cache/llama33_70b/T3K/empty_vcache_paged_attention(2048, 1, 32, 128)_dtype_BFLOAT8_B_layout_TILE.tensorbin of shape Shape([2048, 1, 32, 128])
2026-09-03 00:18:48.266 | DEBUG    | core:as_tensor:724 - Loaded cache for /localdev/gwang/tt_transformers/model_cache/llama33_70b/T3K/empty_kcache_paged_attention(2048, 1, 32, 128)_dtype_BFLOAT8_B_layout_TILE.tensorbin of shape Shape([2048, 1, 32, 128])
2026-09-03 00:18:48.269 | DEBUG    | core:as_tensor:724 - Loaded cache for /localdev/gwang/tt_transformers/model_cache/llama33_70b/T3K/empty_vcache_paged_attention(2048, 1, 32, 128)_dtype_BFLOAT8_B_layout_TILE.tensorbin of shape Shape([2048, 1, 32, 128])
2026-09-03 00:18:48.272 | DEBUG    | core:as_tensor:724 - Loaded cache for /localdev/gwang/tt_transformers/model_cache/llama33_70b/T3K/empty_kcache_paged_attention(2048, 1, 32, 128)_dtype_BFLOAT8_B_layout_TILE.tensorbin of shape Shape([2048, 1, 32, 128])
2026-09-03 00:18:48.275 | DEBUG    | core:as_tensor:724 - Loaded cache for /localdev/gwang/tt_transformers/model_cache/llama33_70b/T3K/empty_vcache_paged_attention(2048, 1, 32, 128)_dtype_BFLOAT8_B_layout_TILE.tensorbin of shape Shape([2048, 1, 32, 128])
2026-09-03 00:18:48.278 | DEBUG    | core:as_tensor:724 - Loaded cache for /localdev/gwang/tt_transformers/model_cache/llama33_70b/T3K/empty_kcache_paged_attention(2048, 1, 32, 128)_dtype_BFLOAT8_B_layout_TILE.tensorbin of shape Shape([2048, 1, 32, 128])
2026-09-03 00:18:48.280 | DEBUG    | core:as_tensor:724 - Loaded cache for /localdev/gwang/tt_transformers/model_cache/llama33_70b/T3K/empty_vcache_paged_attention(2048, 1, 32, 128)_dtype_BFLOAT8_B_layout_TILE.tensorbin of shape Shape([2048, 1, 32, 128])
2026-09-03 00:18:48.283 | DEBUG    | core:as_tensor:724 - Loaded cache for /localdev/gwang/tt_transformers/model_cache/llama33_70b/T3K/empty_kcache_paged_attention(2048, 1, 32, 128)_dtype_BFLOAT8_B_layout_TILE.tensorbin of shape Shape([2048, 1, 32, 128])
2026-09-03 00:18:48.286 | DEBUG    | core:as_tensor:724 - Loaded cache for /localdev/gwang/tt_transformers/model_cache/llama33_70b/T3K/empty_vcache_paged_attention(2048, 1, 32, 128)_dtype_BFLOAT8_B_layout_TILE.tensorbin of shape Shape([2048, 1, 32, 128])
2026-09-03 00:18:48.289 | DEBUG    | core:as_tensor:724 - Loaded cache for /localdev/gwang/tt_transformers/model_cache/llama33_70b/T3K/empty_kcache_paged_attention(2048, 1, 32, 128)_dtype_BFLOAT8_B_layout_TILE.tensorbin of shape Shape([2048, 1, 32, 128])
2026-09-03 00:18:48.292 | DEBUG    | core:as_tensor:724 - Loaded cache for /localdev/gwang/tt_transformers/model_cache/llama33_70b/T3K/empty_vcache_paged_attention(2048, 1, 32, 128)_dtype_BFLOAT8_B_layout_TILE.tensorbin of shape Shape([2048, 1, 32, 128])
2026-09-03 00:18:48.295 | DEBUG    | core:as_tensor:724 - Loaded cache for /localdev/gwang/tt_transformers/model_cache/llama33_70b/T3K/empty_kcache_paged_attention(2048, 1, 32, 128)_dtype_BFLOAT8_B_layout_TILE.tensorbin of shape Shape([2048, 1, 32, 128])
2026-09-03 00:18:48.297 | DEBUG    | core:as_tensor:724 - Loaded cache for /localdev/gwang/tt_transformers/model_cache/llama33_70b/T3K/empty_vcache_paged_attention(2048, 1, 32, 128)_dtype_BFLOAT8_B_layout_TILE.tensorbin of shape Shape([2048, 1, 32, 128])
2026-09-03 00:18:48.300 | DEBUG    | core:as_tensor:724 - Loaded cache for /localdev/gwang/tt_transformers/model_cache/llama33_70b/T3K/empty_kcache_paged_attention(2048, 1, 32, 128)_dtype_BFLOAT8_B_layout_TILE.tensorbin of shape Shape([2048, 1, 32, 128])
2026-09-03 00:18:48.303 | DEBUG    | core:as_tensor:724 - Loaded cache for /localdev/gwang/tt_transformers/model_cache/llama33_70b/T3K/empty_vcache_paged_attention(2048, 1, 32, 128)_dtype_BFLOAT8_B_layout_TILE.tensorbin of shape Shape([2048, 1, 32, 128])
2026-09-03 00:18:48.306 | DEBUG    | core:as_tensor:724 - Loaded cache for /localdev/gwang/tt_transformers/model_cache/llama33_70b/T3K/empty_kcache_paged_attention(2048, 1, 32, 128)_dtype_BFLOAT8_B_layout_TILE.tensorbin of shape Shape([2048, 1, 32, 128])
2026-09-03 00:18:48.309 | DEBUG    | core:as_tensor:724 - Loaded cache for /localdev/gwang/tt_transformers/model_cache/llama33_70b/T3K/empty_vcache_paged_attention(2048, 1, 32, 128)_dtype_BFLOAT8_B_layout_TILE.tensorbin of shape Shape([2048, 1, 32, 128])
2026-09-03 00:18:48.311 | DEBUG    | core:as_tensor:724 - Loaded cache for /localdev/gwang/tt_transformers/model_cache/llama33_70b/T3K/empty_kcache_paged_attention(2048, 1, 32, 128)_dtype_BFLOAT8_B_layout_TILE.tensorbin of shape Shape([2048, 1, 32, 128])
2026-09-03 00:18:48.314 | DEBUG    | core:as_tensor:724 - Loaded cache for /localdev/gwang/tt_transformers/model_cache/llama33_70b/T3K/empty_vcache_paged_attention(2048, 1, 32, 128)_dtype_BFLOAT8_B_layout_TILE.tensorbin of shape Shape([2048, 1, 32, 128])
2026-09-03 00:18:48.317 | DEBUG    | core:as_tensor:724 - Loaded cache for /localdev/gwang/tt_transformers/model_cache/llama33_70b/T3K/empty_kcache_paged_attention(2048, 1, 32, 128)_dtype_BFLOAT8_B_layout_TILE.tensorbin of shape Shape([2048, 1, 32, 128])
2026-09-03 00:18:48.320 | DEBUG    | core:as_tensor:724 - Loaded cache for /localdev/gwang/tt_transformers/model_cache/llama33_70b/T3K/empty_vcache_paged_attention(2048, 1, 32, 128)_dtype_BFLOAT8_B_layout_TILE.tensorbin of shape Shape([2048, 1, 32, 128])
2026-09-03 00:18:48.323 | DEBUG    | core:as_tensor:724 - Loaded cache for /localdev/gwang/tt_transformers/model_cache/llama33_70b/T3K/empty_kcache_paged_attention(2048, 1, 32, 128)_dtype_BFLOAT8_B_layout_TILE.tensorbin of shape Shape([2048, 1, 32, 128])
2026-09-03 00:18:48.326 | DEBUG    | core:as_tensor:724 - Loaded cache for /localdev/gwang/tt_transformers/model_cache/llama33_70b/T3K/empty_vcache_paged_attention(2048, 1, 32, 128)_dtype_BFLOAT8_B_layout_TILE.tensorbin of shape Shape([2048, 1, 32, 128])
2026-09-03 00:18:48.328 | DEBUG    | core:as_tensor:724 - Loaded cache for /localdev/gwang/tt_transformers/model_cache/llama33_70b/T3K/empty_kcache_paged_attention(2048, 1, 32, 128)_dtype_BFLOAT8_B_layout_TILE.tensorbin of shape Shape([2048, 1, 32, 128])
2026-09-03 00:18:48.331 | DEBUG    | core:as_tensor:724 - Loaded cache for /localdev/gwang/tt_transformers/model_cache/llama33_70b/T3K/empty_vcache_paged_attention(2048, 1, 32, 128)_dtype_BFLOAT8_B_layout_TILE.tensorbin of shape Shape([2048, 1, 32, 128])
2026-09-03 00:18:48.334 | DEBUG    | core:as_tensor:724 - Loaded cache for /localdev/gwang/tt_transformers/model_cache/llama33_70b/T3K/empty_kcache_paged_attention(2048, 1, 32, 128)_dtype_BFLOAT8_B_layout_TILE.tensorbin of shape Shape([2048, 1, 32, 128])
2026-09-03 00:18:48.337 | DEBUG    | core:as_tensor:724 - Loaded cache for /localdev/gwang/tt_transformers/model_cache/llama33_70b/T3K/empty_vcache_paged_attention(2048, 1, 32, 128)_dtype_BFLOAT8_B_layout_TILE.tensorbin of shape Shape([2048, 1, 32, 128])
2026-09-03 00:18:48.340 | DEBUG    | core:as_tensor:724 - Loaded cache for /localdev/gwang/tt_transformers/model_cache/llama33_70b/T3K/empty_kcache_paged_attention(2048, 1, 32, 128)_dtype_BFLOAT8_B_layout_TILE.tensorbin of shape Shape([2048, 1, 32, 128])
2026-09-03 00:18:48.342 | DEBUG    | core:as_tensor:724 - Loaded cache for /localdev/gwang/tt_transformers/model_cache/llama33_70b/T3K/empty_vcache_paged_attention(2048, 1, 32, 128)_dtype_BFLOAT8_B_layout_TILE.tensorbin of shape Shape([2048, 1, 32, 128])
2026-09-03 00:18:48.345 | DEBUG    | core:as_tensor:724 - Loaded cache for /localdev/gwang/tt_transformers/model_cache/llama33_70b/T3K/empty_kcache_paged_attention(2048, 1, 32, 128)_dtype_BFLOAT8_B_layout_TILE.tensorbin of shape Shape([2048, 1, 32, 128])
2026-09-03 00:18:48.348 | DEBUG    | core:as_tensor:724 - Loaded cache for /localdev/gwang/tt_transformers/model_cache/llama33_70b/T3K/empty_vcache_paged_attention(2048, 1, 32, 128)_dtype_BFLOAT8_B_layout_TILE.tensorbin of shape Shape([2048, 1, 32, 128])
2026-09-03 00:18:48.351 | DEBUG    | core:as_tensor:724 - Loaded cache for /localdev/gwang/tt_transformers/model_cache/llama33_70b/T3K/empty_kcache_paged_attention(2048, 1, 32, 128)_dtype_BFLOAT8_B_layout_TILE.tensorbin of shape Shape([2048, 1, 32, 128])
2026-09-03 00:18:48.354 | DEBUG    | core:as_tensor:724 - Loaded cache for /localdev/gwang/tt_transformers/model_cache/llama33_70b/T3K/empty_vcache_paged_attention(2048, 1, 32, 128)_dtype_BFLOAT8_B_layout_TILE.tensorbin of shape Shape([2048, 1, 32, 128])
2026-09-03 00:18:48.357 | DEBUG    | core:as_tensor:724 - Loaded cache for /localdev/gwang/tt_transformers/model_cache/llama33_70b/T3K/empty_kcache_paged_attention(2048, 1, 32, 128)_dtype_BFLOAT8_B_layout_TILE.tensorbin of shape Shape([2048, 1, 32, 128])
2026-09-03 00:18:48.360 | DEBUG    | core:as_tensor:724 - Loaded cache for /localdev/gwang/tt_transformers/model_cache/llama33_70b/T3K/empty_vcache_paged_attention(2048, 1, 32, 128)_dtype_BFLOAT8_B_layout_TILE.tensorbin of shape Shape([2048, 1, 32, 128])
2026-09-03 00:18:48.362 | DEBUG    | core:as_tensor:724 - Loaded cache for /localdev/gwang/tt_transformers/model_cache/llama33_70b/T3K/empty_kcache_paged_attention(2048, 1, 32, 128)_dtype_BFLOAT8_B_layout_TILE.tensorbin of shape Shape([2048, 1, 32, 128])
2026-09-03 00:18:48.365 | DEBUG    | core:as_tensor:724 - Loaded cache for /localdev/gwang/tt_transformers/model_cache/llama33_70b/T3K/empty_vcache_paged_attention(2048, 1, 32, 128)_dtype_BFLOAT8_B_layout_TILE.tensorbin of shape Shape([2048, 1, 32, 128])
2026-09-03 00:18:48.368 | DEBUG    | core:as_tensor:724 - Loaded cache for /localdev/gwang/tt_transformers/model_cache/llama33_70b/T3K/empty_kcache_paged_attention(2048, 1, 32, 128)_dtype_BFLOAT8_B_layout_TILE.tensorbin of shape Shape([2048, 1, 32, 128])
2026-09-03 00:18:48.371 | DEBUG    | core:as_tensor:724 - Loaded cache for /localdev/gwang/tt_transformers/model_cache/llama33_70b/T3K/empty_vcache_paged_attention(2048, 1, 32, 128)_dtype_BFLOAT8_B_layout_TILE.tensorbin of shape Shape([2048, 1, 32, 128])
2026-09-03 00:18:48.374 | DEBUG    | core:as_tensor:724 - Loaded cache for /localdev/gwang/tt_transformers/model_cache/llama33_70b/T3K/empty_kcache_paged_attention(2048, 1, 32, 128)_dtype_BFLOAT8_B_layout_TILE.tensorbin of shape Shape([2048, 1, 32, 128])
2026-09-03 00:18:48.377 | DEBUG    | core:as_tensor:724 - Loaded cache for /localdev/gwang/tt_transformers/model_cache/llama33_70b/T3K/empty_vcache_paged_attention(2048, 1, 32, 128)_dtype_BFLOAT8_B_layout_TILE.tensorbin of shape Shape([2048, 1, 32, 128])
2026-09-03 00:18:48.379 | DEBUG    | core:as_tensor:724 - Loaded cache for /localdev/gwang/tt_transformers/model_cache/llama33_70b/T3K/empty_kcache_paged_attention(2048, 1, 32, 128)_dtype_BFLOAT8_B_layout_TILE.tensorbin of shape Shape([2048, 1, 32, 128])
2026-09-03 00:18:48.382 | DEBUG    | core:as_tensor:724 - Loaded cache for /localdev/gwang/tt_transformers/model_cache/llama33_70b/T3K/empty_vcache_paged_attention(2048, 1, 32, 128)_dtype_BFLOAT8_B_layout_TILE.tensorbin of shape Shape([2048, 1, 32, 128])
2026-09-03 00:18:48.385 | DEBUG    | core:as_tensor:724 - Loaded cache for /localdev/gwang/tt_transformers/model_cache/llama33_70b/T3K/empty_kcache_paged_attention(2048, 1, 32, 128)_dtype_BFLOAT8_B_layout_TILE.tensorbin of shape Shape([2048, 1, 32, 128])
2026-09-03 00:18:48.387 | DEBUG    | core:as_tensor:724 - Loaded cache for /localdev/gwang/tt_transformers/model_cache/llama33_70b/T3K/empty_vcache_paged_attention(2048, 1, 32, 128)_dtype_BFLOAT8_B_layout_TILE.tensorbin of shape Shape([2048, 1, 32, 128])
2026-09-03 00:18:48.390 | DEBUG    | core:as_tensor:724 - Loaded cache for /localdev/gwang/tt_transformers/model_cache/llama33_70b/T3K/empty_kcache_paged_attention(2048, 1, 32, 128)_dtype_BFLOAT8_B_layout_TILE.tensorbin of shape Shape([2048, 1, 32, 128])
2026-09-03 00:18:48.393 | DEBUG    | core:as_tensor:724 - Loaded cache for /localdev/gwang/tt_transformers/model_cache/llama33_70b/T3K/empty_vcache_paged_attention(2048, 1, 32, 128)_dtype_BFLOAT8_B_layout_TILE.tensorbin of shape Shape([2048, 1, 32, 128])
2026-09-03 00:18:48.395 | DEBUG    | core:as_tensor:724 - Loaded cache for /localdev/gwang/tt_transformers/model_cache/llama33_70b/T3K/empty_kcache_paged_attention(2048, 1, 32, 128)_dtype_BFLOAT8_B_layout_TILE.tensorbin of shape Shape([2048, 1, 32, 128])
2026-09-03 00:18:48.398 | DEBUG    | core:as_tensor:724 - Loaded cache for /localdev/gwang/tt_transformers/model_cache/llama33_70b/T3K/empty_vcache_paged_attention(2048, 1, 32, 128)_dtype_BFLOAT8_B_layout_TILE.tensorbin of shape Shape([2048, 1, 32, 128])
2026-09-03 00:18:48.401 | DEBUG    | core:as_tensor:724 - Loaded cache for /localdev/gwang/tt_transformers/model_cache/llama33_70b/T3K/empty_kcache_paged_attention(2048, 1, 32, 128)_dtype_BFLOAT8_B_layout_TILE.tensorbin of shape Shape([2048, 1, 32, 128])
2026-09-03 00:18:48.403 | DEBUG    | core:as_tensor:724 - Loaded cache for /localdev/gwang/tt_transformers/model_cache/llama33_70b/T3K/empty_vcache_paged_attention(2048, 1, 32, 128)_dtype_BFLOAT8_B_layout_TILE.tensorbin of shape Shape([2048, 1, 32, 128])
2026-09-03 00:18:48.406 | DEBUG    | core:as_tensor:724 - Loaded cache for /localdev/gwang/tt_transformers/model_cache/llama33_70b/T3K/empty_kcache_paged_attention(2048, 1, 32, 128)_dtype_BFLOAT8_B_layout_TILE.tensorbin of shape Shape([2048, 1, 32, 128])
2026-09-03 00:18:48.409 | DEBUG    | core:as_tensor:724 - Loaded cache for /localdev/gwang/tt_transformers/model_cache/llama33_70b/T3K/empty_vcache_paged_attention(2048, 1, 32, 128)_dtype_BFLOAT8_B_layout_TILE.tensorbin of shape Shape([2048, 1, 32, 128])
2026-09-03 00:18:48.412 | DEBUG    | core:as_tensor:724 - Loaded cache for /localdev/gwang/tt_transformers/model_cache/llama33_70b/T3K/empty_kcache_paged_attention(2048, 1, 32, 128)_dtype_BFLOAT8_B_layout_TILE.tensorbin of shape Shape([2048, 1, 32, 128])
2026-09-03 00:18:48.414 | DEBUG    | core:as_tensor:724 - Loaded cache for /localdev/gwang/tt_transformers/model_cache/llama33_70b/T3K/empty_vcache_paged_attention(2048, 1, 32, 128)_dtype_BFLOAT8_B_layout_TILE.tensorbin of shape Shape([2048, 1, 32, 128])
2026-09-03 00:18:48.417 | DEBUG    | core:as_tensor:724 - Loaded cache for /localdev/gwang/tt_transformers/model_cache/llama33_70b/T3K/empty_kcache_paged_attention(2048, 1, 32, 128)_dtype_BFLOAT8_B_layout_TILE.tensorbin of shape Shape([2048, 1, 32, 128])
2026-09-03 00:18:48.419 | DEBUG    | core:as_tensor:724 - Loaded cache for /localdev/gwang/tt_transformers/model_cache/llama33_70b/T3K/empty_vcache_paged_attention(2048, 1, 32, 128)_dtype_BFLOAT8_B_layout_TILE.tensorbin of shape Shape([2048, 1, 32, 128])
2026-09-03 00:18:48.422 | DEBUG    | core:as_tensor:724 - Loaded cache for /localdev/gwang/tt_transformers/model_cache/llama33_70b/T3K/empty_kcache_paged_attention(2048, 1, 32, 128)_dtype_BFLOAT8_B_layout_TILE.tensorbin of shape Shape([2048, 1, 32, 128])
2026-09-03 00:18:48.425 | DEBUG    | core:as_tensor:724 - Loaded cache for /localdev/gwang/tt_transformers/model_cache/llama33_70b/T3K/empty_vcache_paged_attention(2048, 1, 32, 128)_dtype_BFLOAT8_B_layout_TILE.tensorbin of shape Shape([2048, 1, 32, 128])
2026-09-03 00:18:48.427 | DEBUG    | core:as_tensor:724 - Loaded cache for /localdev/gwang/tt_transformers/model_cache/llama33_70b/T3K/empty_kcache_paged_attention(2048, 1, 32, 128)_dtype_BFLOAT8_B_layout_TILE.tensorbin of shape Shape([2048, 1, 32, 128])
2026-09-03 00:18:48.430 | DEBUG    | core:as_tensor:724 - Loaded cache for /localdev/gwang/tt_transformers/model_cache/llama33_70b/T3K/empty_vcache_paged_attention(2048, 1, 32, 128)_dtype_BFLOAT8_B_layout_TILE.tensorbin of shape Shape([2048, 1, 32, 128])
2026-09-03 00:18:48.433 | DEBUG    | core:as_tensor:724 - Loaded cache for /localdev/gwang/tt_transformers/model_cache/llama33_70b/T3K/empty_kcache_paged_attention(2048, 1, 32, 128)_dtype_BFLOAT8_B_layout_TILE.tensorbin of shape Shape([2048, 1, 32, 128])
2026-09-03 00:18:48.435 | DEBUG    | core:as_tensor:724 - Loaded cache for /localdev/gwang/tt_transformers/model_cache/llama33_70b/T3K/empty_vcache_paged_attention(2048, 1, 32, 128)_dtype_BFLOAT8_B_layout_TILE.tensorbin of shape Shape([2048, 1, 32, 128])
2026-09-03 00:18:48.438 | DEBUG    | core:as_tensor:724 - Loaded cache for /localdev/gwang/tt_transformers/model_cache/llama33_70b/T3K/empty_kcache_paged_attention(2048, 1, 32, 128)_dtype_BFLOAT8_B_layout_TILE.tensorbin of shape Shape([2048, 1, 32, 128])
2026-09-03 00:18:48.441 | DEBUG    | core:as_tensor:724 - Loaded cache for /localdev/gwang/tt_transformers/model_cache/llama33_70b/T3K/empty_vcache_paged_attention(2048, 1, 32, 128)_dtype_BFLOAT8_B_layout_TILE.tensorbin of shape Shape([2048, 1, 32, 128])
2026-09-03 00:18:48.443 | DEBUG    | core:as_tensor:724 - Loaded cache for /localdev/gwang/tt_transformers/model_cache/llama33_70b/T3K/empty_kcache_paged_attention(2048, 1, 32, 128)_dtype_BFLOAT8_B_layout_TILE.tensorbin of shape Shape([2048, 1, 32, 128])
2026-09-03 00:18:48.446 | DEBUG    | core:as_tensor:724 - Loaded cache for /localdev/gwang/tt_transformers/model_cache/llama33_70b/T3K/empty_vcache_paged_attention(2048, 1, 32, 128)_dtype_BFLOAT8_B_layout_TILE.tensorbin of shape Shape([2048, 1, 32, 128])
2026-09-03 00:18:48.449 | DEBUG    | core:as_tensor:724 - Loaded cache for /localdev/gwang/tt_transformers/model_cache/llama33_70b/T3K/empty_kcache_paged_attention(2048, 1, 32, 128)_dtype_BFLOAT8_B_layout_TILE.tensorbin of shape Shape([2048, 1, 32, 128])
2026-09-03 00:18:48.451 | DEBUG    | core:as_tensor:724 - Loaded cache for /localdev/gwang/tt_transformers/model_cache/llama33_70b/T3K/empty_vcache_paged_attention(2048, 1, 32, 128)_dtype_BFLOAT8_B_layout_TILE.tensorbin of shape Shape([2048, 1, 32, 128])
2026-09-03 00:18:48.454 | DEBUG    | core:as_tensor:724 - Loaded cache for /localdev/gwang/tt_transformers/model_cache/llama33_70b/T3K/empty_kcache_paged_attention(2048, 1, 32, 128)_dtype_BFLOAT8_B_layout_TILE.tensorbin of shape Shape([2048, 1, 32, 128])
2026-09-03 00:18:48.456 | DEBUG    | core:as_tensor:724 - Loaded cache for /localdev/gwang/tt_transformers/model_cache/llama33_70b/T3K/empty_vcache_paged_attention(2048, 1, 32, 128)_dtype_BFLOAT8_B_layout_TILE.tensorbin of shape Shape([2048, 1, 32, 128])
2026-09-03 00:18:48.459 | DEBUG    | core:as_tensor:724 - Loaded cache for /localdev/gwang/tt_transformers/model_cache/llama33_70b/T3K/empty_kcache_paged_attention(2048, 1, 32, 128)_dtype_BFLOAT8_B_layout_TILE.tensorbin of shape Shape([2048, 1, 32, 128])
2026-09-03 00:18:48.462 | DEBUG    | core:as_tensor:724 - Loaded cache for /localdev/gwang/tt_transformers/model_cache/llama33_70b/T3K/empty_vcache_paged_attention(2048, 1, 32, 128)_dtype_BFLOAT8_B_layout_TILE.tensorbin of shape Shape([2048, 1, 32, 128])
2026-09-03 00:18:48.465 | DEBUG    | core:as_tensor:724 - Loaded cache for /localdev/gwang/tt_transformers/model_cache/llama33_70b/T3K/empty_kcache_paged_attention(2048, 1, 32, 128)_dtype_BFLOAT8_B_layout_TILE.tensorbin of shape Shape([2048, 1, 32, 128])
2026-09-03 00:18:48.467 | DEBUG    | core:as_tensor:724 - Loaded cache for /localdev/gwang/tt_transformers/model_cache/llama33_70b/T3K/empty_vcache_paged_attention(2048, 1, 32, 128)_dtype_BFLOAT8_B_layout_TILE.tensorbin of shape Shape([2048, 1, 32, 128])
2026-09-03 00:18:48.470 | DEBUG    | core:as_tensor:724 - Loaded cache for /localdev/gwang/tt_transformers/model_cache/llama33_70b/T3K/empty_kcache_paged_attention(2048, 1, 32, 128)_dtype_BFLOAT8_B_layout_TILE.tensorbin of shape Shape([2048, 1, 32, 128])
2026-09-03 00:18:48.472 | DEBUG    | core:as_tensor:724 - Loaded cache for /localdev/gwang/tt_transformers/model_cache/llama33_70b/T3K/empty_vcache_paged_attention(2048, 1, 32, 128)_dtype_BFLOAT8_B_layout_TILE.tensorbin of shape Shape([2048, 1, 32, 128])
2026-09-03 00:18:48.475 | DEBUG    | core:as_tensor:724 - Loaded cache for /localdev/gwang/tt_transformers/model_cache/llama33_70b/T3K/empty_kcache_paged_attention(2048, 1, 32, 128)_dtype_BFLOAT8_B_layout_TILE.tensorbin of shape Shape([2048, 1, 32, 128])
2026-09-03 00:18:48.478 | DEBUG    | core:as_tensor:724 - Loaded cache for /localdev/gwang/tt_transformers/model_cache/llama33_70b/T3K/empty_vcache_paged_attention(2048, 1, 32, 128)_dtype_BFLOAT8_B_layout_TILE.tensorbin of shape Shape([2048, 1, 32, 128])
2026-09-03 00:18:48.481 | DEBUG    | core:as_tensor:724 - Loaded cache for /localdev/gwang/tt_transformers/model_cache/llama33_70b/T3K/empty_kcache_paged_attention(2048, 1, 32, 128)_dtype_BFLOAT8_B_layout_TILE.tensorbin of shape Shape([2048, 1, 32, 128])
2026-09-03 00:18:48.483 | DEBUG    | core:as_tensor:724 - Loaded cache for /localdev/gwang/tt_transformers/model_cache/llama33_70b/T3K/empty_vcache_paged_attention(2048, 1, 32, 128)_dtype_BFLOAT8_B_layout_TILE.tensorbin of shape Shape([2048, 1, 32, 128])
2026-09-03 00:18:48.486 | DEBUG    | core:as_tensor:724 - Loaded cache for /localdev/gwang/tt_transformers/model_cache/llama33_70b/T3K/empty_kcache_paged_attention(2048, 1, 32, 128)_dtype_BFLOAT8_B_layout_TILE.tensorbin of shape Shape([2048, 1, 32, 128])
2026-09-03 00:18:48.489 | DEBUG    | core:as_tensor:724 - Loaded cache for /localdev/gwang/tt_transformers/model_cache/llama33_70b/T3K/empty_vcache_paged_attention(2048, 1, 32, 128)_dtype_BFLOAT8_B_layout_TILE.tensorbin of shape Shape([2048, 1, 32, 128])
2026-09-03 00:18:48.491 | DEBUG    | core:as_tensor:724 - Loaded cache for /localdev/gwang/tt_transformers/model_cache/llama33_70b/T3K/empty_kcache_paged_attention(2048, 1, 32, 128)_dtype_BFLOAT8_B_layout_TILE.tensorbin of shape Shape([2048, 1, 32, 128])
2026-09-03 00:18:48.494 | DEBUG    | core:as_tensor:724 - Loaded cache for /localdev/gwang/tt_transformers/model_cache/llama33_70b/T3K/empty_vcache_paged_attention(2048, 1, 32, 128)_dtype_BFLOAT8_B_layout_TILE.tensorbin of shape Shape([2048, 1, 32, 128])
2026-09-03 00:18:48.497 | DEBUG    | core:as_tensor:724 - Loaded cache for /localdev/gwang/tt_transformers/model_cache/llama33_70b/T3K/empty_kcache_paged_attention(2048, 1, 32, 128)_dtype_BFLOAT8_B_layout_TILE.tensorbin of shape Shape([2048, 1, 32, 128])
2026-09-03 00:18:48.499 | DEBUG    | core:as_tensor:724 - Loaded cache for /localdev/gwang/tt_transformers/model_cache/llama33_70b/T3K/empty_vcache_paged_attention(2048, 1, 32, 128)_dtype_BFLOAT8_B_layout_TILE.tensorbin of shape Shape([2048, 1, 32, 128])
2026-09-03 00:18:48.502 | DEBUG    | core:as_tensor:724 - Loaded cache for /localdev/gwang/tt_transformers/model_cache/llama33_70b/T3K/empty_kcache_paged_attention(2048, 1, 32, 128)_dtype_BFLOAT8_B_layout_TILE.tensorbin of shape Shape([2048, 1, 32, 128])
2026-09-03 00:18:48.505 | DEBUG    | core:as_tensor:724 - Loaded cache for /localdev/gwang/tt_transformers/model_cache/llama33_70b/T3K/empty_vcache_paged_attention(2048, 1, 32, 128)_dtype_BFLOAT8_B_layout_TILE.tensorbin of shape Shape([2048, 1, 32, 128])
2026-09-03 00:18:48.508 | DEBUG    | core:as_tensor:724 - Loaded cache for /localdev/gwang/tt_transformers/model_cache/llama33_70b/T3K/empty_kcache_paged_attention(2048, 1, 32, 128)_dtype_BFLOAT8_B_layout_TILE.tensorbin of shape Shape([2048, 1, 32, 128])
2026-09-03 00:18:48.510 | DEBUG    | core:as_tensor:724 - Loaded cache for /localdev/gwang/tt_transformers/model_cache/llama33_70b/T3K/empty_vcache_paged_attention(2048, 1, 32, 128)_dtype_BFLOAT8_B_layout_TILE.tensorbin of shape Shape([2048, 1, 32, 128])
2026-09-03 00:18:48.513 | DEBUG    | core:as_tensor:724 - Loaded cache for /localdev/gwang/tt_transformers/model_cache/llama33_70b/T3K/empty_kcache_paged_attention(2048, 1, 32, 128)_dtype_BFLOAT8_B_layout_TILE.tensorbin of shape Shape([2048, 1, 32, 128])
2026-09-03 00:18:48.516 | DEBUG    | core:as_tensor:724 - Loaded cache for /localdev/gwang/tt_transformers/model_cache/llama33_70b/T3K/empty_vcache_paged_attention(2048, 1, 32, 128)_dtype_BFLOAT8_B_layout_TILE.tensorbin of shape Shape([2048, 1, 32, 128])
2026-09-03 00:18:48.518 | DEBUG    | core:as_tensor:724 - Loaded cache for /localdev/gwang/tt_transformers/model_cache/llama33_70b/T3K/empty_kcache_paged_attention(2048, 1, 32, 128)_dtype_BFLOAT8_B_layout_TILE.tensorbin of shape Shape([2048, 1, 32, 128])
2026-09-03 00:18:48.521 | DEBUG    | core:as_tensor:724 - Loaded cache for /localdev/gwang/tt_transformers/model_cache/llama33_70b/T3K/empty_vcache_paged_attention(2048, 1, 32, 128)_dtype_BFLOAT8_B_layout_TILE.tensorbin of shape Shape([2048, 1, 32, 128])
2026-09-03 00:18:48.524 | DEBUG    | core:as_tensor:724 - Loaded cache for /localdev/gwang/tt_transformers/model_cache/llama33_70b/T3K/empty_kcache_paged_attention(2048, 1, 32, 128)_dtype_BFLOAT8_B_layout_TILE.tensorbin of shape Shape([2048, 1, 32, 128])
2026-09-03 00:18:48.526 | DEBUG    | core:as_tensor:724 - Loaded cache for /localdev/gwang/tt_transformers/model_cache/llama33_70b/T3K/empty_vcache_paged_attention(2048, 1, 32, 128)_dtype_BFLOAT8_B_layout_TILE.tensorbin of shape Shape([2048, 1, 32, 128])
2026-09-03 00:18:48.529 | DEBUG    | core:as_tensor:724 - Loaded cache for /localdev/gwang/tt_transformers/model_cache/llama33_70b/T3K/empty_kcache_paged_attention(2048, 1, 32, 128)_dtype_BFLOAT8_B_layout_TILE.tensorbin of shape Shape([2048, 1, 32, 128])
2026-09-03 00:18:48.532 | DEBUG    | core:as_tensor:724 - Loaded cache for /localdev/gwang/tt_transformers/model_cache/llama33_70b/T3K/empty_vcache_paged_attention(2048, 1, 32, 128)_dtype_BFLOAT8_B_layout_TILE.tensorbin of shape Shape([2048, 1, 32, 128])
2026-09-03 00:18:48.534 | DEBUG    | core:as_tensor:724 - Loaded cache for /localdev/gwang/tt_transformers/model_cache/llama33_70b/T3K/empty_kcache_paged_attention(2048, 1, 32, 128)_dtype_BFLOAT8_B_layout_TILE.tensorbin of shape Shape([2048, 1, 32, 128])
2026-09-03 00:18:48.537 | DEBUG    | core:as_tensor:724 - Loaded cache for /localdev/gwang/tt_transformers/model_cache/llama33_70b/T3K/empty_vcache_paged_attention(2048, 1, 32, 128)_dtype_BFLOAT8_B_layout_TILE.tensorbin of shape Shape([2048, 1, 32, 128])
2026-09-03 00:18:48.540 | DEBUG    | core:as_tensor:724 - Loaded cache for /localdev/gwang/tt_transformers/model_cache/llama33_70b/T3K/empty_kcache_paged_attention(2048, 1, 32, 128)_dtype_BFLOAT8_B_layout_TILE.tensorbin of shape Shape([2048, 1, 32, 128])
2026-09-03 00:18:48.542 | DEBUG    | core:as_tensor:724 - Loaded cache for /localdev/gwang/tt_transformers/model_cache/llama33_70b/T3K/empty_vcache_paged_attention(2048, 1, 32, 128)_dtype_BFLOAT8_B_layout_TILE.tensorbin of shape Shape([2048, 1, 32, 128])
2026-09-03 00:18:48.545 | DEBUG    | core:as_tensor:724 - Loaded cache for /localdev/gwang/tt_transformers/model_cache/llama33_70b/T3K/empty_kcache_paged_attention(2048, 1, 32, 128)_dtype_BFLOAT8_B_layout_TILE.tensorbin of shape Shape([2048, 1, 32, 128])
2026-09-03 00:18:48.547 | DEBUG    | core:as_tensor:724 - Loaded cache for /localdev/gwang/tt_transformers/model_cache/llama33_70b/T3K/empty_vcache_paged_attention(2048, 1, 32, 128)_dtype_BFLOAT8_B_layout_TILE.tensorbin of shape Shape([2048, 1, 32, 128])
2026-09-03 00:18:48.550 | DEBUG    | core:as_tensor:724 - Loaded cache for /localdev/gwang/tt_transformers/model_cache/llama33_70b/T3K/empty_kcache_paged_attention(2048, 1, 32, 128)_dtype_BFLOAT8_B_layout_TILE.tensorbin of shape Shape([2048, 1, 32, 128])
2026-09-03 00:18:48.553 | DEBUG    | core:as_tensor:724 - Loaded cache for /localdev/gwang/tt_transformers/model_cache/llama33_70b/T3K/empty_vcache_paged_attention(2048, 1, 32, 128)_dtype_BFLOAT8_B_layout_TILE.tensorbin of shape Shape([2048, 1, 32, 128])
2026-09-03 00:18:48.555 | DEBUG    | core:as_tensor:724 - Loaded cache for /localdev/gwang/tt_transformers/model_cache/llama33_70b/T3K/empty_kcache_paged_attention(2048, 1, 32, 128)_dtype_BFLOAT8_B_layout_TILE.tensorbin of shape Shape([2048, 1, 32, 128])
2026-09-03 00:18:48.558 | DEBUG    | core:as_tensor:724 - Loaded cache for /localdev/gwang/tt_transformers/model_cache/llama33_70b/T3K/empty_vcache_paged_attention(2048, 1, 32, 128)_dtype_BFLOAT8_B_layout_TILE.tensorbin of shape Shape([2048, 1, 32, 128])
2026-09-03 00:18:52.371 | DEBUG    | core:as_tensor:724 - Loaded cache for /localdev/gwang/tt_transformers/model_cache/llama33_70b/T3K/empty_kcache_paged_attention(2048, 1, 32, 128)_dtype_BFLOAT8_B_layout_TILE.tensorbin of shape Shape([2048, 1, 32, 128])
2026-09-03 00:18:52.374 | DEBUG    | core:as_tensor:724 - Loaded cache for /localdev/gwang/tt_transformers/model_cache/llama33_70b/T3K/empty_vcache_paged_attention(2048, 1, 32, 128)_dtype_BFLOAT8_B_layout_TILE.tensorbin of shape Shape([2048, 1, 32, 128])
2026-09-03 00:18:52.377 | DEBUG    | core:as_tensor:724 - Loaded cache for /localdev/gwang/tt_transformers/model_cache/llama33_70b/T3K/empty_kcache_paged_attention(2048, 1, 32, 128)_dtype_BFLOAT8_B_layout_TILE.tensorbin of shape Shape([2048, 1, 32, 128])
2026-09-03 00:18:52.380 | DEBUG    | core:as_tensor:724 - Loaded cache for /localdev/gwang/tt_transformers/model_cache/llama33_70b/T3K/empty_vcache_paged_attention(2048, 1, 32, 128)_dtype_BFLOAT8_B_layout_TILE.tensorbin of shape Shape([2048, 1, 32, 128])
2026-09-03 00:18:52.383 | DEBUG    | core:as_tensor:724 - Loaded cache for /localdev/gwang/tt_transformers/model_cache/llama33_70b/T3K/empty_kcache_paged_attention(2048, 1, 32, 128)_dtype_BFLOAT8_B_layout_TILE.tensorbin of shape Shape([2048, 1, 32, 128])
2026-09-03 00:18:52.387 | DEBUG    | core:as_tensor:724 - Loaded cache for /localdev/gwang/tt_transformers/model_cache/llama33_70b/T3K/empty_vcache_paged_attention(2048, 1, 32, 128)_dtype_BFLOAT8_B_layout_TILE.tensorbin of shape Shape([2048, 1, 32, 128])
2026-09-03 00:18:52.390 | DEBUG    | core:as_tensor:724 - Loaded cache for /localdev/gwang/tt_transformers/model_cache/llama33_70b/T3K/empty_kcache_paged_attention(2048, 1, 32, 128)_dtype_BFLOAT8_B_layout_TILE.tensorbin of shape Shape([2048, 1, 32, 128])
2026-09-03 00:18:52.392 | DEBUG    | core:as_tensor:724 - Loaded cache for /localdev/gwang/tt_transformers/model_cache/llama33_70b/T3K/empty_vcache_paged_attention(2048, 1, 32, 128)_dtype_BFLOAT8_B_layout_TILE.tensorbin of shape Shape([2048, 1, 32, 128])
2026-09-03 00:18:52.395 | DEBUG    | core:as_tensor:724 - Loaded cache for /localdev/gwang/tt_transformers/model_cache/llama33_70b/T3K/empty_kcache_paged_attention(2048, 1, 32, 128)_dtype_BFLOAT8_B_layout_TILE.tensorbin of shape Shape([2048, 1, 32, 128])
2026-09-03 00:18:52.398 | DEBUG    | core:as_tensor:724 - Loaded cache for /localdev/gwang/tt_transformers/model_cache/llama33_70b/T3K/empty_vcache_paged_attention(2048, 1, 32, 128)_dtype_BFLOAT8_B_layout_TILE.tensorbin of shape Shape([2048, 1, 32, 128])
2026-09-03 00:18:52.400 | DEBUG    | core:as_tensor:724 - Loaded cache for /localdev/gwang/tt_transformers/model_cache/llama33_70b/T3K/empty_kcache_paged_attention(2048, 1, 32, 128)_dtype_BFLOAT8_B_layout_TILE.tensorbin of shape Shape([2048, 1, 32, 128])
2026-09-03 00:18:52.403 | DEBUG    | core:as_tensor:724 - Loaded cache for /localdev/gwang/tt_transformers/model_cache/llama33_70b/T3K/empty_vcache_paged_attention(2048, 1, 32, 128)_dtype_BFLOAT8_B_layout_TILE.tensorbin of shape Shape([2048, 1, 32, 128])
2026-09-03 00:18:52.406 | DEBUG    | core:as_tensor:724 - Loaded cache for /localdev/gwang/tt_transformers/model_cache/llama33_70b/T3K/empty_kcache_paged_attention(2048, 1, 32, 128)_dtype_BFLOAT8_B_layout_TILE.tensorbin of shape Shape([2048, 1, 32, 128])
2026-09-03 00:18:52.408 | DEBUG    | core:as_tensor:724 - Loaded cache for /localdev/gwang/tt_transformers/model_cache/llama33_70b/T3K/empty_vcache_paged_attention(2048, 1, 32, 128)_dtype_BFLOAT8_B_layout_TILE.tensorbin of shape Shape([2048, 1, 32, 128])
2026-09-03 00:18:52.411 | DEBUG    | core:as_tensor:724 - Loaded cache for /localdev/gwang/tt_transformers/model_cache/llama33_70b/T3K/empty_kcache_paged_attention(2048, 1, 32, 128)_dtype_BFLOAT8_B_layout_TILE.tensorbin of shape Shape([2048, 1, 32, 128])
2026-09-03 00:18:52.414 | DEBUG    | core:as_tensor:724 - Loaded cache for /localdev/gwang/tt_transformers/model_cache/llama33_70b/T3K/empty_vcache_paged_attention(2048, 1, 32, 128)_dtype_BFLOAT8_B_layout_TILE.tensorbin of shape Shape([2048, 1, 32, 128])
2026-09-03 00:18:52.416 | DEBUG    | core:as_tensor:724 - Loaded cache for /localdev/gwang/tt_transformers/model_cache/llama33_70b/T3K/empty_kcache_paged_attention(2048, 1, 32, 128)_dtype_BFLOAT8_B_layout_TILE.tensorbin of shape Shape([2048, 1, 32, 128])
2026-09-03 00:18:52.419 | DEBUG    | core:as_tensor:724 - Loaded cache for /localdev/gwang/tt_transformers/model_cache/llama33_70b/T3K/empty_vcache_paged_attention(2048, 1, 32, 128)_dtype_BFLOAT8_B_layout_TILE.tensorbin of shape Shape([2048, 1, 32, 128])
2026-09-03 00:18:52.422 | DEBUG    | core:as_tensor:724 - Loaded cache for /localdev/gwang/tt_transformers/model_cache/llama33_70b/T3K/empty_kcache_paged_attention(2048, 1, 32, 128)_dtype_BFLOAT8_B_layout_TILE.tensorbin of shape Shape([2048, 1, 32, 128])
2026-09-03 00:18:52.424 | DEBUG    | core:as_tensor:724 - Loaded cache for /localdev/gwang/tt_transformers/model_cache/llama33_70b/T3K/empty_vcache_paged_attention(2048, 1, 32, 128)_dtype_BFLOAT8_B_layout_TILE.tensorbin of shape Shape([2048, 1, 32, 128])
2026-09-03 00:18:52.427 | DEBUG    | core:as_tensor:724 - Loaded cache for /localdev/gwang/tt_transformers/model_cache/llama33_70b/T3K/empty_kcache_paged_attention(2048, 1, 32, 128)_dtype_BFLOAT8_B_layout_TILE.tensorbin of shape Shape([2048, 1, 32, 128])
2026-09-03 00:18:52.430 | DEBUG    | core:as_tensor:724 - Loaded cache for /localdev/gwang/tt_transformers/model_cache/llama33_70b/T3K/empty_vcache_paged_attention(2048, 1, 32, 128)_dtype_BFLOAT8_B_layout_TILE.tensorbin of shape Shape([2048, 1, 32, 128])
2026-09-03 00:18:52.433 | DEBUG    | core:as_tensor:724 - Loaded cache for /localdev/gwang/tt_transformers/model_cache/llama33_70b/T3K/empty_kcache_paged_attention(2048, 1, 32, 128)_dtype_BFLOAT8_B_layout_TILE.tensorbin of shape Shape([2048, 1, 32, 128])
2026-09-03 00:18:52.435 | DEBUG    | core:as_tensor:724 - Loaded cache for /localdev/gwang/tt_transformers/model_cache/llama33_70b/T3K/empty_vcache_paged_attention(2048, 1, 32, 128)_dtype_BFLOAT8_B_layout_TILE.tensorbin of shape Shape([2048, 1, 32, 128])
2026-09-03 00:18:52.438 | DEBUG    | core:as_tensor:724 - Loaded cache for /localdev/gwang/tt_transformers/model_cache/llama33_70b/T3K/empty_kcache_paged_attention(2048, 1, 32, 128)_dtype_BFLOAT8_B_layout_TILE.tensorbin of shape Shape([2048, 1, 32, 128])
2026-09-03 00:18:52.441 | DEBUG    | core:as_tensor:724 - Loaded cache for /localdev/gwang/tt_transformers/model_cache/llama33_70b/T3K/empty_vcache_paged_attention(2048, 1, 32, 128)_dtype_BFLOAT8_B_layout_TILE.tensorbin of shape Shape([2048, 1, 32, 128])
2026-09-03 00:18:52.443 | DEBUG    | core:as_tensor:724 - Loaded cache for /localdev/gwang/tt_transformers/model_cache/llama33_70b/T3K/empty_kcache_paged_attention(2048, 1, 32, 128)_dtype_BFLOAT8_B_layout_TILE.tensorbin of shape Shape([2048, 1, 32, 128])
2026-09-03 00:18:52.446 | DEBUG    | core:as_tensor:724 - Loaded cache for /localdev/gwang/tt_transformers/model_cache/llama33_70b/T3K/empty_vcache_paged_attention(2048, 1, 32, 128)_dtype_BFLOAT8_B_layout_TILE.tensorbin of shape Shape([2048, 1, 32, 128])
2026-09-03 00:18:52.449 | DEBUG    | core:as_tensor:724 - Loaded cache for /localdev/gwang/tt_transformers/model_cache/llama33_70b/T3K/empty_kcache_paged_attention(2048, 1, 32, 128)_dtype_BFLOAT8_B_layout_TILE.tensorbin of shape Shape([2048, 1, 32, 128])
2026-09-03 00:18:52.451 | DEBUG    | core:as_tensor:724 - Loaded cache for /localdev/gwang/tt_transformers/model_cache/llama33_70b/T3K/empty_vcache_paged_attention(2048, 1, 32, 128)_dtype_BFLOAT8_B_layout_TILE.tensorbin of shape Shape([2048, 1, 32, 128])
2026-09-03 00:18:52.454 | DEBUG    | core:as_tensor:724 - Loaded cache for /localdev/gwang/tt_transformers/model_cache/llama33_70b/T3K/empty_kcache_paged_attention(2048, 1, 32, 128)_dtype_BFLOAT8_B_layout_TILE.tensorbin of shape Shape([2048, 1, 32, 128])
2026-09-03 00:18:52.457 | DEBUG    | core:as_tensor:724 - Loaded cache for /localdev/gwang/tt_transformers/model_cache/llama33_70b/T3K/empty_vcache_paged_attention(2048, 1, 32, 128)_dtype_BFLOAT8_B_layout_TILE.tensorbin of shape Shape([2048, 1, 32, 128])
2026-09-03 00:18:52.459 | DEBUG    | core:as_tensor:724 - Loaded cache for /localdev/gwang/tt_transformers/model_cache/llama33_70b/T3K/empty_kcache_paged_attention(2048, 1, 32, 128)_dtype_BFLOAT8_B_layout_TILE.tensorbin of shape Shape([2048, 1, 32, 128])
2026-09-03 00:18:52.462 | DEBUG    | core:as_tensor:724 - Loaded cache for /localdev/gwang/tt_transformers/model_cache/llama33_70b/T3K/empty_vcache_paged_attention(2048, 1, 32, 128)_dtype_BFLOAT8_B_layout_TILE.tensorbin of shape Shape([2048, 1, 32, 128])
2026-09-03 00:18:52.465 | DEBUG    | core:as_tensor:724 - Loaded cache for /localdev/gwang/tt_transformers/model_cache/llama33_70b/T3K/empty_kcache_paged_attention(2048, 1, 32, 128)_dtype_BFLOAT8_B_layout_TILE.tensorbin of shape Shape([2048, 1, 32, 128])
2026-09-03 00:18:52.467 | DEBUG    | core:as_tensor:724 - Loaded cache for /localdev/gwang/tt_transformers/model_cache/llama33_70b/T3K/empty_vcache_paged_attention(2048, 1, 32, 128)_dtype_BFLOAT8_B_layout_TILE.tensorbin of shape Shape([2048, 1, 32, 128])
2026-09-03 00:18:52.470 | DEBUG    | core:as_tensor:724 - Loaded cache for /localdev/gwang/tt_transformers/model_cache/llama33_70b/T3K/empty_kcache_paged_attention(2048, 1, 32, 128)_dtype_BFLOAT8_B_layout_TILE.tensorbin of shape Shape([2048, 1, 32, 128])
2026-09-03 00:18:52.473 | DEBUG    | core:as_tensor:724 - Loaded cache for /localdev/gwang/tt_transformers/model_cache/llama33_70b/T3K/empty_vcache_paged_attention(2048, 1, 32, 128)_dtype_BFLOAT8_B_layout_TILE.tensorbin of shape Shape([2048, 1, 32, 128])
2026-09-03 00:18:52.475 | DEBUG    | core:as_tensor:724 - Loaded cache for /localdev/gwang/tt_transformers/model_cache/llama33_70b/T3K/empty_kcache_paged_attention(2048, 1, 32, 128)_dtype_BFLOAT8_B_layout_TILE.tensorbin of shape Shape([2048, 1, 32, 128])
2026-09-03 00:18:52.478 | DEBUG    | core:as_tensor:724 - Loaded cache for /localdev/gwang/tt_transformers/model_cache/llama33_70b/T3K/empty_vcache_paged_attention(2048, 1, 32, 128)_dtype_BFLOAT8_B_layout_TILE.tensorbin of shape Shape([2048, 1, 32, 128])
2026-09-03 00:18:52.481 | DEBUG    | core:as_tensor:724 - Loaded cache for /localdev/gwang/tt_transformers/model_cache/llama33_70b/T3K/empty_kcache_paged_attention(2048, 1, 32, 128)_dtype_BFLOAT8_B_layout_TILE.tensorbin of shape Shape([2048, 1, 32, 128])
2026-09-03 00:18:52.483 | DEBUG    | core:as_tensor:724 - Loaded cache for /localdev/gwang/tt_transformers/model_cache/llama33_70b/T3K/empty_vcache_paged_attention(2048, 1, 32, 128)_dtype_BFLOAT8_B_layout_TILE.tensorbin of shape Shape([2048, 1, 32, 128])
2026-09-03 00:18:52.486 | DEBUG    | core:as_tensor:724 - Loaded cache for /localdev/gwang/tt_transformers/model_cache/llama33_70b/T3K/empty_kcache_paged_attention(2048, 1, 32, 128)_dtype_BFLOAT8_B_layout_TILE.tensorbin of shape Shape([2048, 1, 32, 128])
2026-09-03 00:18:52.489 | DEBUG    | core:as_tensor:724 - Loaded cache for /localdev/gwang/tt_transformers/model_cache/llama33_70b/T3K/empty_vcache_paged_attention(2048, 1, 32, 128)_dtype_BFLOAT8_B_layout_TILE.tensorbin of shape Shape([2048, 1, 32, 128])
2026-09-03 00:18:52.491 | DEBUG    | core:as_tensor:724 - Loaded cache for /localdev/gwang/tt_transformers/model_cache/llama33_70b/T3K/empty_kcache_paged_attention(2048, 1, 32, 128)_dtype_BFLOAT8_B_layout_TILE.tensorbin of shape Shape([2048, 1, 32, 128])
2026-09-03 00:18:52.494 | DEBUG    | core:as_tensor:724 - Loaded cache for /localdev/gwang/tt_transformers/model_cache/llama33_70b/T3K/empty_vcache_paged_attention(2048, 1, 32, 128)_dtype_BFLOAT8_B_layout_TILE.tensorbin of shape Shape([2048, 1, 32, 128])
2026-09-03 00:18:52.497 | DEBUG    | core:as_tensor:724 - Loaded cache for /localdev/gwang/tt_transformers/model_cache/llama33_70b/T3K/empty_kcache_paged_attention(2048, 1, 32, 128)_dtype_BFLOAT8_B_layout_TILE.tensorbin of shape Shape([2048, 1, 32, 128])
2026-09-03 00:18:52.499 | DEBUG    | core:as_tensor:724 - Loaded cache for /localdev/gwang/tt_transformers/model_cache/llama33_70b/T3K/empty_vcache_paged_attention(2048, 1, 32, 128)_dtype_BFLOAT8_B_layout_TILE.tensorbin of shape Shape([2048, 1, 32, 128])
2026-09-03 00:18:52.502 | DEBUG    | core:as_tensor:724 - Loaded cache for /localdev/gwang/tt_transformers/model_cache/llama33_70b/T3K/empty_kcache_paged_attention(2048, 1, 32, 128)_dtype_BFLOAT8_B_layout_TILE.tensorbin of shape Shape([2048, 1, 32, 128])
2026-09-03 00:18:52.504 | DEBUG    | core:as_tensor:724 - Loaded cache for /localdev/gwang/tt_transformers/model_cache/llama33_70b/T3K/empty_vcache_paged_attention(2048, 1, 32, 128)_dtype_BFLOAT8_B_layout_TILE.tensorbin of shape Shape([2048, 1, 32, 128])
2026-09-03 00:18:52.507 | DEBUG    | core:as_tensor:724 - Loaded cache for /localdev/gwang/tt_transformers/model_cache/llama33_70b/T3K/empty_kcache_paged_attention(2048, 1, 32, 128)_dtype_BFLOAT8_B_layout_TILE.tensorbin of shape Shape([2048, 1, 32, 128])
2026-09-03 00:18:52.510 | DEBUG    | core:as_tensor:724 - Loaded cache for /localdev/gwang/tt_transformers/model_cache/llama33_70b/T3K/empty_vcache_paged_attention(2048, 1, 32, 128)_dtype_BFLOAT8_B_layout_TILE.tensorbin of shape Shape([2048, 1, 32, 128])
2026-09-03 00:18:52.512 | DEBUG    | core:as_tensor:724 - Loaded cache for /localdev/gwang/tt_transformers/model_cache/llama33_70b/T3K/empty_kcache_paged_attention(2048, 1, 32, 128)_dtype_BFLOAT8_B_layout_TILE.tensorbin of shape Shape([2048, 1, 32, 128])
2026-09-03 00:18:52.515 | DEBUG    | core:as_tensor:724 - Loaded cache for /localdev/gwang/tt_transformers/model_cache/llama33_70b/T3K/empty_vcache_paged_attention(2048, 1, 32, 128)_dtype_BFLOAT8_B_layout_TILE.tensorbin of shape Shape([2048, 1, 32, 128])
2026-09-03 00:18:52.518 | DEBUG    | core:as_tensor:724 - Loaded cache for /localdev/gwang/tt_transformers/model_cache/llama33_70b/T3K/empty_kcache_paged_attention(2048, 1, 32, 128)_dtype_BFLOAT8_B_layout_TILE.tensorbin of shape Shape([2048, 1, 32, 128])
2026-09-03 00:18:52.520 | DEBUG    | core:as_tensor:724 - Loaded cache for /localdev/gwang/tt_transformers/model_cache/llama33_70b/T3K/empty_vcache_paged_attention(2048, 1, 32, 128)_dtype_BFLOAT8_B_layout_TILE.tensorbin of shape Shape([2048, 1, 32, 128])
2026-09-03 00:18:52.523 | DEBUG    | core:as_tensor:724 - Loaded cache for /localdev/gwang/tt_transformers/model_cache/llama33_70b/T3K/empty_kcache_paged_attention(2048, 1, 32, 128)_dtype_BFLOAT8_B_layout_TILE.tensorbin of shape Shape([2048, 1, 32, 128])
2026-09-03 00:18:52.525 | DEBUG    | core:as_tensor:724 - Loaded cache for /localdev/gwang/tt_transformers/model_cache/llama33_70b/T3K/empty_vcache_paged_attention(2048, 1, 32, 128)_dtype_BFLOAT8_B_layout_TILE.tensorbin of shape Shape([2048, 1, 32, 128])
2026-09-03 00:18:52.528 | DEBUG    | core:as_tensor:724 - Loaded cache for /localdev/gwang/tt_transformers/model_cache/llama33_70b/T3K/empty_kcache_paged_attention(2048, 1, 32, 128)_dtype_BFLOAT8_B_layout_TILE.tensorbin of shape Shape([2048, 1, 32, 128])
2026-09-03 00:18:52.531 | DEBUG    | core:as_tensor:724 - Loaded cache for /localdev/gwang/tt_transformers/model_cache/llama33_70b/T3K/empty_vcache_paged_attention(2048, 1, 32, 128)_dtype_BFLOAT8_B_layout_TILE.tensorbin of shape Shape([2048, 1, 32, 128])
2026-09-03 00:18:52.533 | DEBUG    | core:as_tensor:724 - Loaded cache for /localdev/gwang/tt_transformers/model_cache/llama33_70b/T3K/empty_kcache_paged_attention(2048, 1, 32, 128)_dtype_BFLOAT8_B_layout_TILE.tensorbin of shape Shape([2048, 1, 32, 128])
2026-09-03 00:18:52.536 | DEBUG    | core:as_tensor:724 - Loaded cache for /localdev/gwang/tt_transformers/model_cache/llama33_70b/T3K/empty_vcache_paged_attention(2048, 1, 32, 128)_dtype_BFLOAT8_B_layout_TILE.tensorbin of shape Shape([2048, 1, 32, 128])
2026-09-03 00:18:52.539 | DEBUG    | core:as_tensor:724 - Loaded cache for /localdev/gwang/tt_transformers/model_cache/llama33_70b/T3K/empty_kcache_paged_attention(2048, 1, 32, 128)_dtype_BFLOAT8_B_layout_TILE.tensorbin of shape Shape([2048, 1, 32, 128])
2026-09-03 00:18:52.541 | DEBUG    | core:as_tensor:724 - Loaded cache for /localdev/gwang/tt_transformers/model_cache/llama33_70b/T3K/empty_vcache_paged_attention(2048, 1, 32, 128)_dtype_BFLOAT8_B_layout_TILE.tensorbin of shape Shape([2048, 1, 32, 128])
2026-09-03 00:18:52.544 | DEBUG    | core:as_tensor:724 - Loaded cache for /localdev/gwang/tt_transformers/model_cache/llama33_70b/T3K/empty_kcache_paged_attention(2048, 1, 32, 128)_dtype_BFLOAT8_B_layout_TILE.tensorbin of shape Shape([2048, 1, 32, 128])
2026-09-03 00:18:52.547 | DEBUG    | core:as_tensor:724 - Loaded cache for /localdev/gwang/tt_transformers/model_cache/llama33_70b/T3K/empty_vcache_paged_attention(2048, 1, 32, 128)_dtype_BFLOAT8_B_layout_TILE.tensorbin of shape Shape([2048, 1, 32, 128])
2026-09-03 00:18:52.549 | DEBUG    | core:as_tensor:724 - Loaded cache for /localdev/gwang/tt_transformers/model_cache/llama33_70b/T3K/empty_kcache_paged_attention(2048, 1, 32, 128)_dtype_BFLOAT8_B_layout_TILE.tensorbin of shape Shape([2048, 1, 32, 128])
2026-09-03 00:18:52.552 | DEBUG    | core:as_tensor:724 - Loaded cache for /localdev/gwang/tt_transformers/model_cache/llama33_70b/T3K/empty_vcache_paged_attention(2048, 1, 32, 128)_dtype_BFLOAT8_B_layout_TILE.tensorbin of shape Shape([2048, 1, 32, 128])
2026-09-03 00:18:52.555 | DEBUG    | core:as_tensor:724 - Loaded cache for /localdev/gwang/tt_transformers/model_cache/llama33_70b/T3K/empty_kcache_paged_attention(2048, 1, 32, 128)_dtype_BFLOAT8_B_layout_TILE.tensorbin of shape Shape([2048, 1, 32, 128])
2026-09-03 00:18:52.557 | DEBUG    | core:as_tensor:724 - Loaded cache for /localdev/gwang/tt_transformers/model_cache/llama33_70b/T3K/empty_vcache_paged_attention(2048, 1, 32, 128)_dtype_BFLOAT8_B_layout_TILE.tensorbin of shape Shape([2048, 1, 32, 128])
2026-09-03 00:18:52.560 | DEBUG    | core:as_tensor:724 - Loaded cache for /localdev/gwang/tt_transformers/model_cache/llama33_70b/T3K/empty_kcache_paged_attention(2048, 1, 32, 128)_dtype_BFLOAT8_B_layout_TILE.tensorbin of shape Shape([2048, 1, 32, 128])
2026-09-03 00:18:52.563 | DEBUG    | core:as_tensor:724 - Loaded cache for /localdev/gwang/tt_transformers/model_cache/llama33_70b/T3K/empty_vcache_paged_attention(2048, 1, 32, 128)_dtype_BFLOAT8_B_layout_TILE.tensorbin of shape Shape([2048, 1, 32, 128])
2026-09-03 00:18:52.565 | DEBUG    | core:as_tensor:724 - Loaded cache for /localdev/gwang/tt_transformers/model_cache/llama33_70b/T3K/empty_kcache_paged_attention(2048, 1, 32, 128)_dtype_BFLOAT8_B_layout_TILE.tensorbin of shape Shape([2048, 1, 32, 128])
2026-09-03 00:18:52.568 | DEBUG    | core:as_tensor:724 - Loaded cache for /localdev/gwang/tt_transformers/model_cache/llama33_70b/T3K/empty_vcache_paged_attention(2048, 1, 32, 128)_dtype_BFLOAT8_B_layout_TILE.tensorbin of shape Shape([2048, 1, 32, 128])
2026-09-03 00:18:52.570 | DEBUG    | core:as_tensor:724 - Loaded cache for /localdev/gwang/tt_transformers/model_cache/llama33_70b/T3K/empty_kcache_paged_attention(2048, 1, 32, 128)_dtype_BFLOAT8_B_layout_TILE.tensorbin of shape Shape([2048, 1, 32, 128])
2026-09-03 00:18:52.573 | DEBUG    | core:as_tensor:724 - Loaded cache for /localdev/gwang/tt_transformers/model_cache/llama33_70b/T3K/empty_vcache_paged_attention(2048, 1, 32, 128)_dtype_BFLOAT8_B_layout_TILE.tensorbin of shape Shape([2048, 1, 32, 128])
2026-09-03 00:18:52.576 | DEBUG    | core:as_tensor:724 - Loaded cache for /localdev/gwang/tt_transformers/model_cache/llama33_70b/T3K/empty_kcache_paged_attention(2048, 1, 32, 128)_dtype_BFLOAT8_B_layout_TILE.tensorbin of shape Shape([2048, 1, 32, 128])
2026-09-03 00:18:52.578 | DEBUG    | core:as_tensor:724 - Loaded cache for /localdev/gwang/tt_transformers/model_cache/llama33_70b/T3K/empty_vcache_paged_attention(2048, 1, 32, 128)_dtype_BFLOAT8_B_layout_TILE.tensorbin of shape Shape([2048, 1, 32, 128])
2026-09-03 00:18:52.581 | DEBUG    | core:as_tensor:724 - Loaded cache for /localdev/gwang/tt_transformers/model_cache/llama33_70b/T3K/empty_kcache_paged_attention(2048, 1, 32, 128)_dtype_BFLOAT8_B_layout_TILE.tensorbin of shape Shape([2048, 1, 32, 128])
2026-09-03 00:18:52.584 | DEBUG    | core:as_tensor:724 - Loaded cache for /localdev/gwang/tt_transformers/model_cache/llama33_70b/T3K/empty_vcache_paged_attention(2048, 1, 32, 128)_dtype_BFLOAT8_B_layout_TILE.tensorbin of shape Shape([2048, 1, 32, 128])
2026-09-03 00:18:52.586 | DEBUG    | core:as_tensor:724 - Loaded cache for /localdev/gwang/tt_transformers/model_cache/llama33_70b/T3K/empty_kcache_paged_attention(2048, 1, 32, 128)_dtype_BFLOAT8_B_layout_TILE.tensorbin of shape Shape([2048, 1, 32, 128])
2026-09-03 00:18:52.589 | DEBUG    | core:as_tensor:724 - Loaded cache for /localdev/gwang/tt_transformers/model_cache/llama33_70b/T3K/empty_vcache_paged_attention(2048, 1, 32, 128)_dtype_BFLOAT8_B_layout_TILE.tensorbin of shape Shape([2048, 1, 32, 128])
2026-09-03 00:18:52.592 | DEBUG    | core:as_tensor:724 - Loaded cache for /localdev/gwang/tt_transformers/model_cache/llama33_70b/T3K/empty_kcache_paged_attention(2048, 1, 32, 128)_dtype_BFLOAT8_B_layout_TILE.tensorbin of shape Shape([2048, 1, 32, 128])
2026-09-03 00:18:52.594 | DEBUG    | core:as_tensor:724 - Loaded cache for /localdev/gwang/tt_transformers/model_cache/llama33_70b/T3K/empty_vcache_paged_attention(2048, 1, 32, 128)_dtype_BFLOAT8_B_layout_TILE.tensorbin of shape Shape([2048, 1, 32, 128])
2026-09-03 00:18:52.597 | DEBUG    | core:as_tensor:724 - Loaded cache for /localdev/gwang/tt_transformers/model_cache/llama33_70b/T3K/empty_kcache_paged_attention(2048, 1, 32, 128)_dtype_BFLOAT8_B_layout_TILE.tensorbin of shape Shape([2048, 1, 32, 128])
2026-09-03 00:18:52.600 | DEBUG    | core:as_tensor:724 - Loaded cache for /localdev/gwang/tt_transformers/model_cache/llama33_70b/T3K/empty_vcache_paged_attention(2048, 1, 32, 128)_dtype_BFLOAT8_B_layout_TILE.tensorbin of shape Shape([2048, 1, 32, 128])
2026-09-03 00:18:52.602 | DEBUG    | core:as_tensor:724 - Loaded cache for /localdev/gwang/tt_transformers/model_cache/llama33_70b/T3K/empty_kcache_paged_attention(2048, 1, 32, 128)_dtype_BFLOAT8_B_layout_TILE.tensorbin of shape Shape([2048, 1, 32, 128])
2026-09-03 00:18:52.605 | DEBUG    | core:as_tensor:724 - Loaded cache for /localdev/gwang/tt_transformers/model_cache/llama33_70b/T3K/empty_vcache_paged_attention(2048, 1, 32, 128)_dtype_BFLOAT8_B_layout_TILE.tensorbin of shape Shape([2048, 1, 32, 128])
2026-09-03 00:18:52.608 | DEBUG    | core:as_tensor:724 - Loaded cache for /localdev/gwang/tt_transformers/model_cache/llama33_70b/T3K/empty_kcache_paged_attention(2048, 1, 32, 128)_dtype_BFLOAT8_B_layout_TILE.tensorbin of shape Shape([2048, 1, 32, 128])
2026-09-03 00:18:52.610 | DEBUG    | core:as_tensor:724 - Loaded cache for /localdev/gwang/tt_transformers/model_cache/llama33_70b/T3K/empty_vcache_paged_attention(2048, 1, 32, 128)_dtype_BFLOAT8_B_layout_TILE.tensorbin of shape Shape([2048, 1, 32, 128])
2026-09-03 00:18:52.613 | DEBUG    | core:as_tensor:724 - Loaded cache for /localdev/gwang/tt_transformers/model_cache/llama33_70b/T3K/empty_kcache_paged_attention(2048, 1, 32, 128)_dtype_BFLOAT8_B_layout_TILE.tensorbin of shape Shape([2048, 1, 32, 128])
2026-09-03 00:18:52.616 | DEBUG    | core:as_tensor:724 - Loaded cache for /localdev/gwang/tt_transformers/model_cache/llama33_70b/T3K/empty_vcache_paged_attention(2048, 1, 32, 128)_dtype_BFLOAT8_B_layout_TILE.tensorbin of shape Shape([2048, 1, 32, 128])
2026-09-03 00:18:52.618 | DEBUG    | core:as_tensor:724 - Loaded cache for /localdev/gwang/tt_transformers/model_cache/llama33_70b/T3K/empty_kcache_paged_attention(2048, 1, 32, 128)_dtype_BFLOAT8_B_layout_TILE.tensorbin of shape Shape([2048, 1, 32, 128])
2026-09-03 00:18:52.621 | DEBUG    | core:as_tensor:724 - Loaded cache for /localdev/gwang/tt_transformers/model_cache/llama33_70b/T3K/empty_vcache_paged_attention(2048, 1, 32, 128)_dtype_BFLOAT8_B_layout_TILE.tensorbin of shape Shape([2048, 1, 32, 128])
2026-09-03 00:18:52.624 | DEBUG    | core:as_tensor:724 - Loaded cache for /localdev/gwang/tt_transformers/model_cache/llama33_70b/T3K/empty_kcache_paged_attention(2048, 1, 32, 128)_dtype_BFLOAT8_B_layout_TILE.tensorbin of shape Shape([2048, 1, 32, 128])
2026-09-03 00:18:52.626 | DEBUG    | core:as_tensor:724 - Loaded cache for /localdev/gwang/tt_transformers/model_cache/llama33_70b/T3K/empty_vcache_paged_attention(2048, 1, 32, 128)_dtype_BFLOAT8_B_layout_TILE.tensorbin of shape Shape([2048, 1, 32, 128])
2026-09-03 00:18:52.629 | DEBUG    | core:as_tensor:724 - Loaded cache for /localdev/gwang/tt_transformers/model_cache/llama33_70b/T3K/empty_kcache_paged_attention(2048, 1, 32, 128)_dtype_BFLOAT8_B_layout_TILE.tensorbin of shape Shape([2048, 1, 32, 128])
2026-09-03 00:18:52.632 | DEBUG    | core:as_tensor:724 - Loaded cache for /localdev/gwang/tt_transformers/model_cache/llama33_70b/T3K/empty_vcache_paged_attention(2048, 1, 32, 128)_dtype_BFLOAT8_B_layout_TILE.tensorbin of shape Shape([2048, 1, 32, 128])
2026-09-03 00:18:52.635 | DEBUG    | core:as_tensor:724 - Loaded cache for /localdev/gwang/tt_transformers/model_cache/llama33_70b/T3K/empty_kcache_paged_attention(2048, 1, 32, 128)_dtype_BFLOAT8_B_layout_TILE.tensorbin of shape Shape([2048, 1, 32, 128])
2026-09-03 00:18:52.637 | DEBUG    | core:as_tensor:724 - Loaded cache for /localdev/gwang/tt_transformers/model_cache/llama33_70b/T3K/empty_vcache_paged_attention(2048, 1, 32, 128)_dtype_BFLOAT8_B_layout_TILE.tensorbin of shape Shape([2048, 1, 32, 128])
2026-09-03 00:18:52.640 | DEBUG    | core:as_tensor:724 - Loaded cache for /localdev/gwang/tt_transformers/model_cache/llama33_70b/T3K/empty_kcache_paged_attention(2048, 1, 32, 128)_dtype_BFLOAT8_B_layout_TILE.tensorbin of shape Shape([2048, 1, 32, 128])
2026-09-03 00:18:52.643 | DEBUG    | core:as_tensor:724 - Loaded cache for /localdev/gwang/tt_transformers/model_cache/llama33_70b/T3K/empty_vcache_paged_attention(2048, 1, 32, 128)_dtype_BFLOAT8_B_layout_TILE.tensorbin of shape Shape([2048, 1, 32, 128])
2026-09-03 00:18:52.645 | DEBUG    | core:as_tensor:724 - Loaded cache for /localdev/gwang/tt_transformers/model_cache/llama33_70b/T3K/empty_kcache_paged_attention(2048, 1, 32, 128)_dtype_BFLOAT8_B_layout_TILE.tensorbin of shape Shape([2048, 1, 32, 128])
2026-09-03 00:18:52.648 | DEBUG    | core:as_tensor:724 - Loaded cache for /localdev/gwang/tt_transformers/model_cache/llama33_70b/T3K/empty_vcache_paged_attention(2048, 1, 32, 128)_dtype_BFLOAT8_B_layout_TILE.tensorbin of shape Shape([2048, 1, 32, 128])
2026-09-03 00:18:52.651 | DEBUG    | core:as_tensor:724 - Loaded cache for /localdev/gwang/tt_transformers/model_cache/llama33_70b/T3K/empty_kcache_paged_attention(2048, 1, 32, 128)_dtype_BFLOAT8_B_layout_TILE.tensorbin of shape Shape([2048, 1, 32, 128])
2026-09-03 00:18:52.653 | DEBUG    | core:as_tensor:724 - Loaded cache for /localdev/gwang/tt_transformers/model_cache/llama33_70b/T3K/empty_vcache_paged_attention(2048, 1, 32, 128)_dtype_BFLOAT8_B_layout_TILE.tensorbin of shape Shape([2048, 1, 32, 128])
2026-09-03 00:18:52.656 | DEBUG    | core:as_tensor:724 - Loaded cache for /localdev/gwang/tt_transformers/model_cache/llama33_70b/T3K/empty_kcache_paged_attention(2048, 1, 32, 128)_dtype_BFLOAT8_B_layout_TILE.tensorbin of shape Shape([2048, 1, 32, 128])
2026-09-03 00:18:52.659 | DEBUG    | core:as_tensor:724 - Loaded cache for /localdev/gwang/tt_transformers/model_cache/llama33_70b/T3K/empty_vcache_paged_attention(2048, 1, 32, 128)_dtype_BFLOAT8_B_layout_TILE.tensorbin of shape Shape([2048, 1, 32, 128])
2026-09-03 00:18:52.661 | DEBUG    | core:as_tensor:724 - Loaded cache for /localdev/gwang/tt_transformers/model_cache/llama33_70b/T3K/empty_kcache_paged_attention(2048, 1, 32, 128)_dtype_BFLOAT8_B_layout_TILE.tensorbin of shape Shape([2048, 1, 32, 128])
2026-09-03 00:18:52.664 | DEBUG    | core:as_tensor:724 - Loaded cache for /localdev/gwang/tt_transformers/model_cache/llama33_70b/T3K/empty_vcache_paged_attention(2048, 1, 32, 128)_dtype_BFLOAT8_B_layout_TILE.tensorbin of shape Shape([2048, 1, 32, 128])
2026-09-03 00:18:52.667 | DEBUG    | core:as_tensor:724 - Loaded cache for /localdev/gwang/tt_transformers/model_cache/llama33_70b/T3K/empty_kcache_paged_attention(2048, 1, 32, 128)_dtype_BFLOAT8_B_layout_TILE.tensorbin of shape Shape([2048, 1, 32, 128])
2026-09-03 00:18:52.669 | DEBUG    | core:as_tensor:724 - Loaded cache for /localdev/gwang/tt_transformers/model_cache/llama33_70b/T3K/empty_vcache_paged_attention(2048, 1, 32, 128)_dtype_BFLOAT8_B_layout_TILE.tensorbin of shape Shape([2048, 1, 32, 128])
2026-09-03 00:18:52.672 | DEBUG    | core:as_tensor:724 - Loaded cache for /localdev/gwang/tt_transformers/model_cache/llama33_70b/T3K/empty_kcache_paged_attention(2048, 1, 32, 128)_dtype_BFLOAT8_B_layout_TILE.tensorbin of shape Shape([2048, 1, 32, 128])
2026-09-03 00:18:52.675 | DEBUG    | core:as_tensor:724 - Loaded cache for /localdev/gwang/tt_transformers/model_cache/llama33_70b/T3K/empty_vcache_paged_attention(2048, 1, 32, 128)_dtype_BFLOAT8_B_layout_TILE.tensorbin of shape Shape([2048, 1, 32, 128])
2026-09-03 00:18:52.678 | DEBUG    | core:as_tensor:724 - Loaded cache for /localdev/gwang/tt_transformers/model_cache/llama33_70b/T3K/empty_kcache_paged_attention(2048, 1, 32, 128)_dtype_BFLOAT8_B_layout_TILE.tensorbin of shape Shape([2048, 1, 32, 128])
2026-09-03 00:18:52.680 | DEBUG    | core:as_tensor:724 - Loaded cache for /localdev/gwang/tt_transformers/model_cache/llama33_70b/T3K/empty_vcache_paged_attention(2048, 1, 32, 128)_dtype_BFLOAT8_B_layout_TILE.tensorbin of shape Shape([2048, 1, 32, 128])
2026-09-03 00:18:52.683 | DEBUG    | core:as_tensor:724 - Loaded cache for /localdev/gwang/tt_transformers/model_cache/llama33_70b/T3K/empty_kcache_paged_attention(2048, 1, 32, 128)_dtype_BFLOAT8_B_layout_TILE.tensorbin of shape Shape([2048, 1, 32, 128])
2026-09-03 00:18:52.685 | DEBUG    | core:as_tensor:724 - Loaded cache for /localdev/gwang/tt_transformers/model_cache/llama33_70b/T3K/empty_vcache_paged_attention(2048, 1, 32, 128)_dtype_BFLOAT8_B_layout_TILE.tensorbin of shape Shape([2048, 1, 32, 128])
2026-09-03 00:18:52.688 | DEBUG    | core:as_tensor:724 - Loaded cache for /localdev/gwang/tt_transformers/model_cache/llama33_70b/T3K/empty_kcache_paged_attention(2048, 1, 32, 128)_dtype_BFLOAT8_B_layout_TILE.tensorbin of shape Shape([2048, 1, 32, 128])
2026-09-03 00:18:52.691 | DEBUG    | core:as_tensor:724 - Loaded cache for /localdev/gwang/tt_transformers/model_cache/llama33_70b/T3K/empty_vcache_paged_attention(2048, 1, 32, 128)_dtype_BFLOAT8_B_layout_TILE.tensorbin of shape Shape([2048, 1, 32, 128])
2026-09-03 00:18:52.693 | DEBUG    | core:as_tensor:724 - Loaded cache for /localdev/gwang/tt_transformers/model_cache/llama33_70b/T3K/empty_kcache_paged_attention(2048, 1, 32, 128)_dtype_BFLOAT8_B_layout_TILE.tensorbin of shape Shape([2048, 1, 32, 128])
2026-09-03 00:18:52.696 | DEBUG    | core:as_tensor:724 - Loaded cache for /localdev/gwang/tt_transformers/model_cache/llama33_70b/T3K/empty_vcache_paged_attention(2048, 1, 32, 128)_dtype_BFLOAT8_B_layout_TILE.tensorbin of shape Shape([2048, 1, 32, 128])
2026-09-03 00:18:52.699 | DEBUG    | core:as_tensor:724 - Loaded cache for /localdev/gwang/tt_transformers/model_cache/llama33_70b/T3K/empty_kcache_paged_attention(2048, 1, 32, 128)_dtype_BFLOAT8_B_layout_TILE.tensorbin of shape Shape([2048, 1, 32, 128])
2026-09-03 00:18:52.701 | DEBUG    | core:as_tensor:724 - Loaded cache for /localdev/gwang/tt_transformers/model_cache/llama33_70b/T3K/empty_vcache_paged_attention(2048, 1, 32, 128)_dtype_BFLOAT8_B_layout_TILE.tensorbin of shape Shape([2048, 1, 32, 128])
2026-09-03 00:18:52.704 | DEBUG    | core:as_tensor:724 - Loaded cache for /localdev/gwang/tt_transformers/model_cache/llama33_70b/T3K/empty_kcache_paged_attention(2048, 1, 32, 128)_dtype_BFLOAT8_B_layout_TILE.tensorbin of shape Shape([2048, 1, 32, 128])
2026-09-03 00:18:52.707 | DEBUG    | core:as_tensor:724 - Loaded cache for /localdev/gwang/tt_transformers/model_cache/llama33_70b/T3K/empty_vcache_paged_attention(2048, 1, 32, 128)_dtype_BFLOAT8_B_layout_TILE.tensorbin of shape Shape([2048, 1, 32, 128])
2026-09-03 00:18:52.709 | DEBUG    | core:as_tensor:724 - Loaded cache for /localdev/gwang/tt_transformers/model_cache/llama33_70b/T3K/empty_kcache_paged_attention(2048, 1, 32, 128)_dtype_BFLOAT8_B_layout_TILE.tensorbin of shape Shape([2048, 1, 32, 128])
2026-09-03 00:18:52.712 | DEBUG    | core:as_tensor:724 - Loaded cache for /localdev/gwang/tt_transformers/model_cache/llama33_70b/T3K/empty_vcache_paged_attention(2048, 1, 32, 128)_dtype_BFLOAT8_B_layout_TILE.tensorbin of shape Shape([2048, 1, 32, 128])
2026-09-03 00:18:52.715 | DEBUG    | core:as_tensor:724 - Loaded cache for /localdev/gwang/tt_transformers/model_cache/llama33_70b/T3K/empty_kcache_paged_attention(2048, 1, 32, 128)_dtype_BFLOAT8_B_layout_TILE.tensorbin of shape Shape([2048, 1, 32, 128])
2026-09-03 00:18:52.717 | DEBUG    | core:as_tensor:724 - Loaded cache for /localdev/gwang/tt_transformers/model_cache/llama33_70b/T3K/empty_vcache_paged_attention(2048, 1, 32, 128)_dtype_BFLOAT8_B_layout_TILE.tensorbin of shape Shape([2048, 1, 32, 128])
2026-09-03 00:18:52.720 | DEBUG    | core:as_tensor:724 - Loaded cache for /localdev/gwang/tt_transformers/model_cache/llama33_70b/T3K/empty_kcache_paged_attention(2048, 1, 32, 128)_dtype_BFLOAT8_B_layout_TILE.tensorbin of shape Shape([2048, 1, 32, 128])
2026-09-03 00:18:52.723 | DEBUG    | core:as_tensor:724 - Loaded cache for /localdev/gwang/tt_transformers/model_cache/llama33_70b/T3K/empty_vcache_paged_attention(2048, 1, 32, 128)_dtype_BFLOAT8_B_layout_TILE.tensorbin of shape Shape([2048, 1, 32, 128])
2026-09-03 00:18:52.725 | DEBUG    | core:as_tensor:724 - Loaded cache for /localdev/gwang/tt_transformers/model_cache/llama33_70b/T3K/empty_kcache_paged_attention(2048, 1, 32, 128)_dtype_BFLOAT8_B_layout_TILE.tensorbin of shape Shape([2048, 1, 32, 128])
2026-09-03 00:18:52.728 | DEBUG    | core:as_tensor:724 - Loaded cache for /localdev/gwang/tt_transformers/model_cache/llama33_70b/T3K/empty_vcache_paged_attention(2048, 1, 32, 128)_dtype_BFLOAT8_B_layout_TILE.tensorbin of shape Shape([2048, 1, 32, 128])
2026-09-03 00:18:52.731 | DEBUG    | core:as_tensor:724 - Loaded cache for /localdev/gwang/tt_transformers/model_cache/llama33_70b/T3K/empty_kcache_paged_attention(2048, 1, 32, 128)_dtype_BFLOAT8_B_layout_TILE.tensorbin of shape Shape([2048, 1, 32, 128])
2026-09-03 00:18:52.733 | DEBUG    | core:as_tensor:724 - Loaded cache for /localdev/gwang/tt_transformers/model_cache/llama33_70b/T3K/empty_vcache_paged_attention(2048, 1, 32, 128)_dtype_BFLOAT8_B_layout_TILE.tensorbin of shape Shape([2048, 1, 32, 128])
2026-09-03 00:18:52.736 | DEBUG    | core:as_tensor:724 - Loaded cache for /localdev/gwang/tt_transformers/model_cache/llama33_70b/T3K/empty_kcache_paged_attention(2048, 1, 32, 128)_dtype_BFLOAT8_B_layout_TILE.tensorbin of shape Shape([2048, 1, 32, 128])
2026-09-03 00:18:52.739 | DEBUG    | core:as_tensor:724 - Loaded cache for /localdev/gwang/tt_transformers/model_cache/llama33_70b/T3K/empty_vcache_paged_attention(2048, 1, 32, 128)_dtype_BFLOAT8_B_layout_TILE.tensorbin of shape Shape([2048, 1, 32, 128])
2026-09-03 00:18:52.741 | DEBUG    | core:as_tensor:724 - Loaded cache for /localdev/gwang/tt_transformers/model_cache/llama33_70b/T3K/empty_kcache_paged_attention(2048, 1, 32, 128)_dtype_BFLOAT8_B_layout_TILE.tensorbin of shape Shape([2048, 1, 32, 128])
2026-09-03 00:18:52.744 | DEBUG    | core:as_tensor:724 - Loaded cache for /localdev/gwang/tt_transformers/model_cache/llama33_70b/T3K/empty_vcache_paged_attention(2048, 1, 32, 128)_dtype_BFLOAT8_B_layout_TILE.tensorbin of shape Shape([2048, 1, 32, 128])
2026-09-03 00:18:52.747 | DEBUG    | core:as_tensor:724 - Loaded cache for /localdev/gwang/tt_transformers/model_cache/llama33_70b/T3K/empty_kcache_paged_attention(2048, 1, 32, 128)_dtype_BFLOAT8_B_layout_TILE.tensorbin of shape Shape([2048, 1, 32, 128])
2026-09-03 00:18:52.749 | DEBUG    | core:as_tensor:724 - Loaded cache for /localdev/gwang/tt_transformers/model_cache/llama33_70b/T3K/empty_vcache_paged_attention(2048, 1, 32, 128)_dtype_BFLOAT8_B_layout_TILE.tensorbin of shape Shape([2048, 1, 32, 128])
2026-09-03 00:18:52.752 | DEBUG    | core:as_tensor:724 - Loaded cache for /localdev/gwang/tt_transformers/model_cache/llama33_70b/T3K/empty_kcache_paged_attention(2048, 1, 32, 128)_dtype_BFLOAT8_B_layout_TILE.tensorbin of shape Shape([2048, 1, 32, 128])
2026-09-03 00:18:52.755 | DEBUG    | core:as_tensor:724 - Loaded cache for /localdev/gwang/tt_transformers/model_cache/llama33_70b/T3K/empty_vcache_paged_attention(2048, 1, 32, 128)_dtype_BFLOAT8_B_layout_TILE.tensorbin of shape Shape([2048, 1, 32, 128])
2026-09-03 00:18:52.757 | DEBUG    | core:as_tensor:724 - Loaded cache for /localdev/gwang/tt_transformers/model_cache/llama33_70b/T3K/empty_kcache_paged_attention(2048, 1, 32, 128)_dtype_BFLOAT8_B_layout_TILE.tensorbin of shape Shape([2048, 1, 32, 128])
2026-09-03 00:18:52.760 | DEBUG    | core:as_tensor:724 - Loaded cache for /localdev/gwang/tt_transformers/model_cache/llama33_70b/T3K/empty_vcache_paged_attention(2048, 1, 32, 128)_dtype_BFLOAT8_B_layout_TILE.tensorbin of shape Shape([2048, 1, 32, 128])
2026-09-03 00:18:52.763 | DEBUG    | core:as_tensor:724 - Loaded cache for /localdev/gwang/tt_transformers/model_cache/llama33_70b/T3K/empty_kcache_paged_attention(2048, 1, 32, 128)_dtype_BFLOAT8_B_layout_TILE.tensorbin of shape Shape([2048, 1, 32, 128])
2026-09-03 00:18:52.765 | DEBUG    | core:as_tensor:724 - Loaded cache for /localdev/gwang/tt_transformers/model_cache/llama33_70b/T3K/empty_vcache_paged_attention(2048, 1, 32, 128)_dtype_BFLOAT8_B_layout_TILE.tensorbin of shape Shape([2048, 1, 32, 128])
2026-09-03 00:18:52.768 | DEBUG    | core:as_tensor:724 - Loaded cache for /localdev/gwang/tt_transformers/model_cache/llama33_70b/T3K/empty_kcache_paged_attention(2048, 1, 32, 128)_dtype_BFLOAT8_B_layout_TILE.tensorbin of shape Shape([2048, 1, 32, 128])
2026-09-03 00:18:52.770 | DEBUG    | core:as_tensor:724 - Loaded cache for /localdev/gwang/tt_transformers/model_cache/llama33_70b/T3K/empty_vcache_paged_attention(2048, 1, 32, 128)_dtype_BFLOAT8_B_layout_TILE.tensorbin of shape Shape([2048, 1, 32, 128])
2026-09-03 00:18:52.773 | DEBUG    | core:as_tensor:724 - Loaded cache for /localdev/gwang/tt_transformers/model_cache/llama33_70b/T3K/empty_kcache_paged_attention(2048, 1, 32, 128)_dtype_BFLOAT8_B_layout_TILE.tensorbin of shape Shape([2048, 1, 32, 128])
2026-09-03 00:18:52.776 | DEBUG    | core:as_tensor:724 - Loaded cache for /localdev/gwang/tt_transformers/model_cache/llama33_70b/T3K/empty_vcache_paged_attention(2048, 1, 32, 128)_dtype_BFLOAT8_B_layout_TILE.tensorbin of shape Shape([2048, 1, 32, 128])
2026-09-03 00:18:52.778 | DEBUG    | core:as_tensor:724 - Loaded cache for /localdev/gwang/tt_transformers/model_cache/llama33_70b/T3K/empty_kcache_paged_attention(2048, 1, 32, 128)_dtype_BFLOAT8_B_layout_TILE.tensorbin of shape Shape([2048, 1, 32, 128])
2026-09-03 00:18:52.781 | DEBUG    | core:as_tensor:724 - Loaded cache for /localdev/gwang/tt_transformers/model_cache/llama33_70b/T3K/empty_vcache_paged_attention(2048, 1, 32, 128)_dtype_BFLOAT8_B_layout_TILE.tensorbin of shape Shape([2048, 1, 32, 128])
2026-09-03 00:18:52.784 | DEBUG    | core:as_tensor:724 - Loaded cache for /localdev/gwang/tt_transformers/model_cache/llama33_70b/T3K/empty_kcache_paged_attention(2048, 1, 32, 128)_dtype_BFLOAT8_B_layout_TILE.tensorbin of shape Shape([2048, 1, 32, 128])
2026-09-03 00:18:52.786 | DEBUG    | core:as_tensor:724 - Loaded cache for /localdev/gwang/tt_transformers/model_cache/llama33_70b/T3K/empty_vcache_paged_attention(2048, 1, 32, 128)_dtype_BFLOAT8_B_layout_TILE.tensorbin of shape Shape([2048, 1, 32, 128])
2026-09-03 00:18:52.789 | DEBUG    | core:as_tensor:724 - Loaded cache for /localdev/gwang/tt_transformers/model_cache/llama33_70b/T3K/empty_kcache_paged_attention(2048, 1, 32, 128)_dtype_BFLOAT8_B_layout_TILE.tensorbin of shape Shape([2048, 1, 32, 128])
2026-09-03 00:18:52.792 | DEBUG    | core:as_tensor:724 - Loaded cache for /localdev/gwang/tt_transformers/model_cache/llama33_70b/T3K/empty_vcache_paged_attention(2048, 1, 32, 128)_dtype_BFLOAT8_B_layout_TILE.tensorbin of shape Shape([2048, 1, 32, 128])
2026-09-03 00:18:52.795 | DEBUG    | core:as_tensor:724 - Loaded cache for /localdev/gwang/tt_transformers/model_cache/llama33_70b/T3K/empty_kcache_paged_attention(2048, 1, 32, 128)_dtype_BFLOAT8_B_layout_TILE.tensorbin of shape Shape([2048, 1, 32, 128])
2026-09-03 00:18:52.797 | DEBUG    | core:as_tensor:724 - Loaded cache for /localdev/gwang/tt_transformers/model_cache/llama33_70b/T3K/empty_vcache_paged_attention(2048, 1, 32, 128)_dtype_BFLOAT8_B_layout_TILE.tensorbin of shape Shape([2048, 1, 32, 128])
2026-09-03 00:18:58.767 | DEBUG    | core:as_tensor:724 - Loaded cache for /localdev/gwang/tt_transformers/model_cache/llama33_70b/T3K/empty_kcache_paged_attention(2048, 1, 32, 128)_dtype_BFLOAT8_B_layout_TILE.tensorbin of shape Shape([2048, 1, 32, 128])
2026-09-03 00:18:58.770 | DEBUG    | core:as_tensor:724 - Loaded cache for /localdev/gwang/tt_transformers/model_cache/llama33_70b/T3K/empty_vcache_paged_attention(2048, 1, 32, 128)_dtype_BFLOAT8_B_layout_TILE.tensorbin of shape Shape([2048, 1, 32, 128])
2026-09-03 00:18:58.773 | DEBUG    | core:as_tensor:724 - Loaded cache for /localdev/gwang/tt_transformers/model_cache/llama33_70b/T3K/empty_kcache_paged_attention(2048, 1, 32, 128)_dtype_BFLOAT8_B_layout_TILE.tensorbin of shape Shape([2048, 1, 32, 128])
2026-09-03 00:18:58.776 | DEBUG    | core:as_tensor:724 - Loaded cache for /localdev/gwang/tt_transformers/model_cache/llama33_70b/T3K/empty_vcache_paged_attention(2048, 1, 32, 128)_dtype_BFLOAT8_B_layout_TILE.tensorbin of shape Shape([2048, 1, 32, 128])
2026-09-03 00:18:58.779 | DEBUG    | core:as_tensor:724 - Loaded cache for /localdev/gwang/tt_transformers/model_cache/llama33_70b/T3K/empty_kcache_paged_attention(2048, 1, 32, 128)_dtype_BFLOAT8_B_layout_TILE.tensorbin of shape Shape([2048, 1, 32, 128])
2026-09-03 00:18:58.782 | DEBUG    | core:as_tensor:724 - Loaded cache for /localdev/gwang/tt_transformers/model_cache/llama33_70b/T3K/empty_vcache_paged_attention(2048, 1, 32, 128)_dtype_BFLOAT8_B_layout_TILE.tensorbin of shape Shape([2048, 1, 32, 128])
2026-09-03 00:18:58.785 | DEBUG    | core:as_tensor:724 - Loaded cache for /localdev/gwang/tt_transformers/model_cache/llama33_70b/T3K/empty_kcache_paged_attention(2048, 1, 32, 128)_dtype_BFLOAT8_B_layout_TILE.tensorbin of shape Shape([2048, 1, 32, 128])
2026-09-03 00:18:58.788 | DEBUG    | core:as_tensor:724 - Loaded cache for /localdev/gwang/tt_transformers/model_cache/llama33_70b/T3K/empty_vcache_paged_attention(2048, 1, 32, 128)_dtype_BFLOAT8_B_layout_TILE.tensorbin of shape Shape([2048, 1, 32, 128])
2026-09-03 00:18:58.791 | DEBUG    | core:as_tensor:724 - Loaded cache for /localdev/gwang/tt_transformers/model_cache/llama33_70b/T3K/empty_kcache_paged_attention(2048, 1, 32, 128)_dtype_BFLOAT8_B_layout_TILE.tensorbin of shape Shape([2048, 1, 32, 128])
2026-09-03 00:18:58.794 | DEBUG    | core:as_tensor:724 - Loaded cache for /localdev/gwang/tt_transformers/model_cache/llama33_70b/T3K/empty_vcache_paged_attention(2048, 1, 32, 128)_dtype_BFLOAT8_B_layout_TILE.tensorbin of shape Shape([2048, 1, 32, 128])
2026-09-03 00:18:58.797 | DEBUG    | core:as_tensor:724 - Loaded cache for /localdev/gwang/tt_transformers/model_cache/llama33_70b/T3K/empty_kcache_paged_attention(2048, 1, 32, 128)_dtype_BFLOAT8_B_layout_TILE.tensorbin of shape Shape([2048, 1, 32, 128])
2026-09-03 00:18:58.799 | DEBUG    | core:as_tensor:724 - Loaded cache for /localdev/gwang/tt_transformers/model_cache/llama33_70b/T3K/empty_vcache_paged_attention(2048, 1, 32, 128)_dtype_BFLOAT8_B_layout_TILE.tensorbin of shape Shape([2048, 1, 32, 128])
2026-09-03 00:18:58.802 | DEBUG    | core:as_tensor:724 - Loaded cache for /localdev/gwang/tt_transformers/model_cache/llama33_70b/T3K/empty_kcache_paged_attention(2048, 1, 32, 128)_dtype_BFLOAT8_B_layout_TILE.tensorbin of shape Shape([2048, 1, 32, 128])
2026-09-03 00:18:58.805 | DEBUG    | core:as_tensor:724 - Loaded cache for /localdev/gwang/tt_transformers/model_cache/llama33_70b/T3K/empty_vcache_paged_attention(2048, 1, 32, 128)_dtype_BFLOAT8_B_layout_TILE.tensorbin of shape Shape([2048, 1, 32, 128])
2026-09-03 00:18:58.808 | DEBUG    | core:as_tensor:724 - Loaded cache for /localdev/gwang/tt_transformers/model_cache/llama33_70b/T3K/empty_kcache_paged_attention(2048, 1, 32, 128)_dtype_BFLOAT8_B_layout_TILE.tensorbin of shape Shape([2048, 1, 32, 128])
2026-09-03 00:18:58.811 | DEBUG    | core:as_tensor:724 - Loaded cache for /localdev/gwang/tt_transformers/model_cache/llama33_70b/T3K/empty_vcache_paged_attention(2048, 1, 32, 128)_dtype_BFLOAT8_B_layout_TILE.tensorbin of shape Shape([2048, 1, 32, 128])
2026-09-03 00:18:58.814 | DEBUG    | core:as_tensor:724 - Loaded cache for /localdev/gwang/tt_transformers/model_cache/llama33_70b/T3K/empty_kcache_paged_attention(2048, 1, 32, 128)_dtype_BFLOAT8_B_layout_TILE.tensorbin of shape Shape([2048, 1, 32, 128])
2026-09-03 00:18:58.816 | DEBUG    | core:as_tensor:724 - Loaded cache for /localdev/gwang/tt_transformers/model_cache/llama33_70b/T3K/empty_vcache_paged_attention(2048, 1, 32, 128)_dtype_BFLOAT8_B_layout_TILE.tensorbin of shape Shape([2048, 1, 32, 128])
2026-09-03 00:18:58.819 | DEBUG    | core:as_tensor:724 - Loaded cache for /localdev/gwang/tt_transformers/model_cache/llama33_70b/T3K/empty_kcache_paged_attention(2048, 1, 32, 128)_dtype_BFLOAT8_B_layout_TILE.tensorbin of shape Shape([2048, 1, 32, 128])
2026-09-03 00:18:58.822 | DEBUG    | core:as_tensor:724 - Loaded cache for /localdev/gwang/tt_transformers/model_cache/llama33_70b/T3K/empty_vcache_paged_attention(2048, 1, 32, 128)_dtype_BFLOAT8_B_layout_TILE.tensorbin of shape Shape([2048, 1, 32, 128])
2026-09-03 00:18:58.825 | DEBUG    | core:as_tensor:724 - Loaded cache for /localdev/gwang/tt_transformers/model_cache/llama33_70b/T3K/empty_kcache_paged_attention(2048, 1, 32, 128)_dtype_BFLOAT8_B_layout_TILE.tensorbin of shape Shape([2048, 1, 32, 128])
2026-09-03 00:18:58.828 | DEBUG    | core:as_tensor:724 - Loaded cache for /localdev/gwang/tt_transformers/model_cache/llama33_70b/T3K/empty_vcache_paged_attention(2048, 1, 32, 128)_dtype_BFLOAT8_B_layout_TILE.tensorbin of shape Shape([2048, 1, 32, 128])
2026-09-03 00:18:58.831 | DEBUG    | core:as_tensor:724 - Loaded cache for /localdev/gwang/tt_transformers/model_cache/llama33_70b/T3K/empty_kcache_paged_attention(2048, 1, 32, 128)_dtype_BFLOAT8_B_layout_TILE.tensorbin of shape Shape([2048, 1, 32, 128])
2026-09-03 00:18:58.833 | DEBUG    | core:as_tensor:724 - Loaded cache for /localdev/gwang/tt_transformers/model_cache/llama33_70b/T3K/empty_vcache_paged_attention(2048, 1, 32, 128)_dtype_BFLOAT8_B_layout_TILE.tensorbin of shape Shape([2048, 1, 32, 128])
2026-09-03 00:18:58.836 | DEBUG    | core:as_tensor:724 - Loaded cache for /localdev/gwang/tt_transformers/model_cache/llama33_70b/T3K/empty_kcache_paged_attention(2048, 1, 32, 128)_dtype_BFLOAT8_B_layout_TILE.tensorbin of shape Shape([2048, 1, 32, 128])
2026-09-03 00:18:58.839 | DEBUG    | core:as_tensor:724 - Loaded cache for /localdev/gwang/tt_transformers/model_cache/llama33_70b/T3K/empty_vcache_paged_attention(2048, 1, 32, 128)_dtype_BFLOAT8_B_layout_TILE.tensorbin of shape Shape([2048, 1, 32, 128])
2026-09-03 00:18:58.842 | DEBUG    | core:as_tensor:724 - Loaded cache for /localdev/gwang/tt_transformers/model_cache/llama33_70b/T3K/empty_kcache_paged_attention(2048, 1, 32, 128)_dtype_BFLOAT8_B_layout_TILE.tensorbin of shape Shape([2048, 1, 32, 128])
2026-09-03 00:18:58.845 | DEBUG    | core:as_tensor:724 - Loaded cache for /localdev/gwang/tt_transformers/model_cache/llama33_70b/T3K/empty_vcache_paged_attention(2048, 1, 32, 128)_dtype_BFLOAT8_B_layout_TILE.tensorbin of shape Shape([2048, 1, 32, 128])
2026-09-03 00:18:58.848 | DEBUG    | core:as_tensor:724 - Loaded cache for /localdev/gwang/tt_transformers/model_cache/llama33_70b/T3K/empty_kcache_paged_attention(2048, 1, 32, 128)_dtype_BFLOAT8_B_layout_TILE.tensorbin of shape Shape([2048, 1, 32, 128])
2026-09-03 00:18:58.851 | DEBUG    | core:as_tensor:724 - Loaded cache for /localdev/gwang/tt_transformers/model_cache/llama33_70b/T3K/empty_vcache_paged_attention(2048, 1, 32, 128)_dtype_BFLOAT8_B_layout_TILE.tensorbin of shape Shape([2048, 1, 32, 128])
2026-09-03 00:18:58.853 | DEBUG    | core:as_tensor:724 - Loaded cache for /localdev/gwang/tt_transformers/model_cache/llama33_70b/T3K/empty_kcache_paged_attention(2048, 1, 32, 128)_dtype_BFLOAT8_B_layout_TILE.tensorbin of shape Shape([2048, 1, 32, 128])
2026-09-03 00:18:58.856 | DEBUG    | core:as_tensor:724 - Loaded cache for /localdev/gwang/tt_transformers/model_cache/llama33_70b/T3K/empty_vcache_paged_attention(2048, 1, 32, 128)_dtype_BFLOAT8_B_layout_TILE.tensorbin of shape Shape([2048, 1, 32, 128])
2026-09-03 00:18:58.859 | DEBUG    | core:as_tensor:724 - Loaded cache for /localdev/gwang/tt_transformers/model_cache/llama33_70b/T3K/empty_kcache_paged_attention(2048, 1, 32, 128)_dtype_BFLOAT8_B_layout_TILE.tensorbin of shape Shape([2048, 1, 32, 128])
2026-09-03 00:18:58.862 | DEBUG    | core:as_tensor:724 - Loaded cache for /localdev/gwang/tt_transformers/model_cache/llama33_70b/T3K/empty_vcache_paged_attention(2048, 1, 32, 128)_dtype_BFLOAT8_B_layout_TILE.tensorbin of shape Shape([2048, 1, 32, 128])
2026-09-03 00:18:58.865 | DEBUG    | core:as_tensor:724 - Loaded cache for /localdev/gwang/tt_transformers/model_cache/llama33_70b/T3K/empty_kcache_paged_attention(2048, 1, 32, 128)_dtype_BFLOAT8_B_layout_TILE.tensorbin of shape Shape([2048, 1, 32, 128])
2026-09-03 00:18:58.868 | DEBUG    | core:as_tensor:724 - Loaded cache for /localdev/gwang/tt_transformers/model_cache/llama33_70b/T3K/empty_vcache_paged_attention(2048, 1, 32, 128)_dtype_BFLOAT8_B_layout_TILE.tensorbin of shape Shape([2048, 1, 32, 128])
2026-09-03 00:18:58.871 | DEBUG    | core:as_tensor:724 - Loaded cache for /localdev/gwang/tt_transformers/model_cache/llama33_70b/T3K/empty_kcache_paged_attention(2048, 1, 32, 128)_dtype_BFLOAT8_B_layout_TILE.tensorbin of shape Shape([2048, 1, 32, 128])
2026-09-03 00:18:58.873 | DEBUG    | core:as_tensor:724 - Loaded cache for /localdev/gwang/tt_transformers/model_cache/llama33_70b/T3K/empty_vcache_paged_attention(2048, 1, 32, 128)_dtype_BFLOAT8_B_layout_TILE.tensorbin of shape Shape([2048, 1, 32, 128])
2026-09-03 00:18:58.876 | DEBUG    | core:as_tensor:724 - Loaded cache for /localdev/gwang/tt_transformers/model_cache/llama33_70b/T3K/empty_kcache_paged_attention(2048, 1, 32, 128)_dtype_BFLOAT8_B_layout_TILE.tensorbin of shape Shape([2048, 1, 32, 128])
2026-09-03 00:18:58.879 | DEBUG    | core:as_tensor:724 - Loaded cache for /localdev/gwang/tt_transformers/model_cache/llama33_70b/T3K/empty_vcache_paged_attention(2048, 1, 32, 128)_dtype_BFLOAT8_B_layout_TILE.tensorbin of shape Shape([2048, 1, 32, 128])
2026-09-03 00:18:58.882 | DEBUG    | core:as_tensor:724 - Loaded cache for /localdev/gwang/tt_transformers/model_cache/llama33_70b/T3K/empty_kcache_paged_attention(2048, 1, 32, 128)_dtype_BFLOAT8_B_layout_TILE.tensorbin of shape Shape([2048, 1, 32, 128])
2026-09-03 00:18:58.885 | DEBUG    | core:as_tensor:724 - Loaded cache for /localdev/gwang/tt_transformers/model_cache/llama33_70b/T3K/empty_vcache_paged_attention(2048, 1, 32, 128)_dtype_BFLOAT8_B_layout_TILE.tensorbin of shape Shape([2048, 1, 32, 128])
2026-09-03 00:18:58.888 | DEBUG    | core:as_tensor:724 - Loaded cache for /localdev/gwang/tt_transformers/model_cache/llama33_70b/T3K/empty_kcache_paged_attention(2048, 1, 32, 128)_dtype_BFLOAT8_B_layout_TILE.tensorbin of shape Shape([2048, 1, 32, 128])
2026-09-03 00:18:58.890 | DEBUG    | core:as_tensor:724 - Loaded cache for /localdev/gwang/tt_transformers/model_cache/llama33_70b/T3K/empty_vcache_paged_attention(2048, 1, 32, 128)_dtype_BFLOAT8_B_layout_TILE.tensorbin of shape Shape([2048, 1, 32, 128])
2026-09-03 00:18:58.893 | DEBUG    | core:as_tensor:724 - Loaded cache for /localdev/gwang/tt_transformers/model_cache/llama33_70b/T3K/empty_kcache_paged_attention(2048, 1, 32, 128)_dtype_BFLOAT8_B_layout_TILE.tensorbin of shape Shape([2048, 1, 32, 128])
2026-09-03 00:18:58.896 | DEBUG    | core:as_tensor:724 - Loaded cache for /localdev/gwang/tt_transformers/model_cache/llama33_70b/T3K/empty_vcache_paged_attention(2048, 1, 32, 128)_dtype_BFLOAT8_B_layout_TILE.tensorbin of shape Shape([2048, 1, 32, 128])
2026-09-03 00:18:58.899 | DEBUG    | core:as_tensor:724 - Loaded cache for /localdev/gwang/tt_transformers/model_cache/llama33_70b/T3K/empty_kcache_paged_attention(2048, 1, 32, 128)_dtype_BFLOAT8_B_layout_TILE.tensorbin of shape Shape([2048, 1, 32, 128])
2026-09-03 00:18:58.902 | DEBUG    | core:as_tensor:724 - Loaded cache for /localdev/gwang/tt_transformers/model_cache/llama33_70b/T3K/empty_vcache_paged_attention(2048, 1, 32, 128)_dtype_BFLOAT8_B_layout_TILE.tensorbin of shape Shape([2048, 1, 32, 128])
2026-09-03 00:18:58.905 | DEBUG    | core:as_tensor:724 - Loaded cache for /localdev/gwang/tt_transformers/model_cache/llama33_70b/T3K/empty_kcache_paged_attention(2048, 1, 32, 128)_dtype_BFLOAT8_B_layout_TILE.tensorbin of shape Shape([2048, 1, 32, 128])
2026-09-03 00:18:58.907 | DEBUG    | core:as_tensor:724 - Loaded cache for /localdev/gwang/tt_transformers/model_cache/llama33_70b/T3K/empty_vcache_paged_attention(2048, 1, 32, 128)_dtype_BFLOAT8_B_layout_TILE.tensorbin of shape Shape([2048, 1, 32, 128])
2026-09-03 00:18:58.910 | DEBUG    | core:as_tensor:724 - Loaded cache for /localdev/gwang/tt_transformers/model_cache/llama33_70b/T3K/empty_kcache_paged_attention(2048, 1, 32, 128)_dtype_BFLOAT8_B_layout_TILE.tensorbin of shape Shape([2048, 1, 32, 128])
2026-09-03 00:18:58.913 | DEBUG    | core:as_tensor:724 - Loaded cache for /localdev/gwang/tt_transformers/model_cache/llama33_70b/T3K/empty_vcache_paged_attention(2048, 1, 32, 128)_dtype_BFLOAT8_B_layout_TILE.tensorbin of shape Shape([2048, 1, 32, 128])
2026-09-03 00:18:58.916 | DEBUG    | core:as_tensor:724 - Loaded cache for /localdev/gwang/tt_transformers/model_cache/llama33_70b/T3K/empty_kcache_paged_attention(2048, 1, 32, 128)_dtype_BFLOAT8_B_layout_TILE.tensorbin of shape Shape([2048, 1, 32, 128])
2026-09-03 00:18:58.919 | DEBUG    | core:as_tensor:724 - Loaded cache for /localdev/gwang/tt_transformers/model_cache/llama33_70b/T3K/empty_vcache_paged_attention(2048, 1, 32, 128)_dtype_BFLOAT8_B_layout_TILE.tensorbin of shape Shape([2048, 1, 32, 128])
2026-09-03 00:18:58.922 | DEBUG    | core:as_tensor:724 - Loaded cache for /localdev/gwang/tt_transformers/model_cache/llama33_70b/T3K/empty_kcache_paged_attention(2048, 1, 32, 128)_dtype_BFLOAT8_B_layout_TILE.tensorbin of shape Shape([2048, 1, 32, 128])
2026-09-03 00:18:58.924 | DEBUG    | core:as_tensor:724 - Loaded cache for /localdev/gwang/tt_transformers/model_cache/llama33_70b/T3K/empty_vcache_paged_attention(2048, 1, 32, 128)_dtype_BFLOAT8_B_layout_TILE.tensorbin of shape Shape([2048, 1, 32, 128])
2026-09-03 00:18:58.927 | DEBUG    | core:as_tensor:724 - Loaded cache for /localdev/gwang/tt_transformers/model_cache/llama33_70b/T3K/empty_kcache_paged_attention(2048, 1, 32, 128)_dtype_BFLOAT8_B_layout_TILE.tensorbin of shape Shape([2048, 1, 32, 128])
2026-09-03 00:18:58.930 | DEBUG    | core:as_tensor:724 - Loaded cache for /localdev/gwang/tt_transformers/model_cache/llama33_70b/T3K/empty_vcache_paged_attention(2048, 1, 32, 128)_dtype_BFLOAT8_B_layout_TILE.tensorbin of shape Shape([2048, 1, 32, 128])
2026-09-03 00:18:58.933 | DEBUG    | core:as_tensor:724 - Loaded cache for /localdev/gwang/tt_transformers/model_cache/llama33_70b/T3K/empty_kcache_paged_attention(2048, 1, 32, 128)_dtype_BFLOAT8_B_layout_TILE.tensorbin of shape Shape([2048, 1, 32, 128])
2026-09-03 00:18:58.936 | DEBUG    | core:as_tensor:724 - Loaded cache for /localdev/gwang/tt_transformers/model_cache/llama33_70b/T3K/empty_vcache_paged_attention(2048, 1, 32, 128)_dtype_BFLOAT8_B_layout_TILE.tensorbin of shape Shape([2048, 1, 32, 128])
2026-09-03 00:18:58.939 | DEBUG    | core:as_tensor:724 - Loaded cache for /localdev/gwang/tt_transformers/model_cache/llama33_70b/T3K/empty_kcache_paged_attention(2048, 1, 32, 128)_dtype_BFLOAT8_B_layout_TILE.tensorbin of shape Shape([2048, 1, 32, 128])
2026-09-03 00:18:58.941 | DEBUG    | core:as_tensor:724 - Loaded cache for /localdev/gwang/tt_transformers/model_cache/llama33_70b/T3K/empty_vcache_paged_attention(2048, 1, 32, 128)_dtype_BFLOAT8_B_layout_TILE.tensorbin of shape Shape([2048, 1, 32, 128])
2026-09-03 00:18:58.944 | DEBUG    | core:as_tensor:724 - Loaded cache for /localdev/gwang/tt_transformers/model_cache/llama33_70b/T3K/empty_kcache_paged_attention(2048, 1, 32, 128)_dtype_BFLOAT8_B_layout_TILE.tensorbin of shape Shape([2048, 1, 32, 128])
2026-09-03 00:18:58.947 | DEBUG    | core:as_tensor:724 - Loaded cache for /localdev/gwang/tt_transformers/model_cache/llama33_70b/T3K/empty_vcache_paged_attention(2048, 1, 32, 128)_dtype_BFLOAT8_B_layout_TILE.tensorbin of shape Shape([2048, 1, 32, 128])
2026-09-03 00:18:58.950 | DEBUG    | core:as_tensor:724 - Loaded cache for /localdev/gwang/tt_transformers/model_cache/llama33_70b/T3K/empty_kcache_paged_attention(2048, 1, 32, 128)_dtype_BFLOAT8_B_layout_TILE.tensorbin of shape Shape([2048, 1, 32, 128])
2026-09-03 00:18:58.952 | DEBUG    | core:as_tensor:724 - Loaded cache for /localdev/gwang/tt_transformers/model_cache/llama33_70b/T3K/empty_vcache_paged_attention(2048, 1, 32, 128)_dtype_BFLOAT8_B_layout_TILE.tensorbin of shape Shape([2048, 1, 32, 128])
2026-09-03 00:18:58.955 | DEBUG    | core:as_tensor:724 - Loaded cache for /localdev/gwang/tt_transformers/model_cache/llama33_70b/T3K/empty_kcache_paged_attention(2048, 1, 32, 128)_dtype_BFLOAT8_B_layout_TILE.tensorbin of shape Shape([2048, 1, 32, 128])
2026-09-03 00:18:58.958 | DEBUG    | core:as_tensor:724 - Loaded cache for /localdev/gwang/tt_transformers/model_cache/llama33_70b/T3K/empty_vcache_paged_attention(2048, 1, 32, 128)_dtype_BFLOAT8_B_layout_TILE.tensorbin of shape Shape([2048, 1, 32, 128])
2026-09-03 00:18:58.961 | DEBUG    | core:as_tensor:724 - Loaded cache for /localdev/gwang/tt_transformers/model_cache/llama33_70b/T3K/empty_kcache_paged_attention(2048, 1, 32, 128)_dtype_BFLOAT8_B_layout_TILE.tensorbin of shape Shape([2048, 1, 32, 128])
2026-09-03 00:18:58.964 | DEBUG    | core:as_tensor:724 - Loaded cache for /localdev/gwang/tt_transformers/model_cache/llama33_70b/T3K/empty_vcache_paged_attention(2048, 1, 32, 128)_dtype_BFLOAT8_B_layout_TILE.tensorbin of shape Shape([2048, 1, 32, 128])
2026-09-03 00:18:58.967 | DEBUG    | core:as_tensor:724 - Loaded cache for /localdev/gwang/tt_transformers/model_cache/llama33_70b/T3K/empty_kcache_paged_attention(2048, 1, 32, 128)_dtype_BFLOAT8_B_layout_TILE.tensorbin of shape Shape([2048, 1, 32, 128])
2026-09-03 00:18:58.970 | DEBUG    | core:as_tensor:724 - Loaded cache for /localdev/gwang/tt_transformers/model_cache/llama33_70b/T3K/empty_vcache_paged_attention(2048, 1, 32, 128)_dtype_BFLOAT8_B_layout_TILE.tensorbin of shape Shape([2048, 1, 32, 128])
2026-09-03 00:18:58.972 | DEBUG    | core:as_tensor:724 - Loaded cache for /localdev/gwang/tt_transformers/model_cache/llama33_70b/T3K/empty_kcache_paged_attention(2048, 1, 32, 128)_dtype_BFLOAT8_B_layout_TILE.tensorbin of shape Shape([2048, 1, 32, 128])
2026-09-03 00:18:58.975 | DEBUG    | core:as_tensor:724 - Loaded cache for /localdev/gwang/tt_transformers/model_cache/llama33_70b/T3K/empty_vcache_paged_attention(2048, 1, 32, 128)_dtype_BFLOAT8_B_layout_TILE.tensorbin of shape Shape([2048, 1, 32, 128])
2026-09-03 00:18:58.978 | DEBUG    | core:as_tensor:724 - Loaded cache for /localdev/gwang/tt_transformers/model_cache/llama33_70b/T3K/empty_kcache_paged_attention(2048, 1, 32, 128)_dtype_BFLOAT8_B_layout_TILE.tensorbin of shape Shape([2048, 1, 32, 128])
2026-09-03 00:18:58.981 | DEBUG    | core:as_tensor:724 - Loaded cache for /localdev/gwang/tt_transformers/model_cache/llama33_70b/T3K/empty_vcache_paged_attention(2048, 1, 32, 128)_dtype_BFLOAT8_B_layout_TILE.tensorbin of shape Shape([2048, 1, 32, 128])
2026-09-03 00:18:58.984 | DEBUG    | core:as_tensor:724 - Loaded cache for /localdev/gwang/tt_transformers/model_cache/llama33_70b/T3K/empty_kcache_paged_attention(2048, 1, 32, 128)_dtype_BFLOAT8_B_layout_TILE.tensorbin of shape Shape([2048, 1, 32, 128])
2026-09-03 00:18:58.987 | DEBUG    | core:as_tensor:724 - Loaded cache for /localdev/gwang/tt_transformers/model_cache/llama33_70b/T3K/empty_vcache_paged_attention(2048, 1, 32, 128)_dtype_BFLOAT8_B_layout_TILE.tensorbin of shape Shape([2048, 1, 32, 128])
2026-09-03 00:18:58.990 | DEBUG    | core:as_tensor:724 - Loaded cache for /localdev/gwang/tt_transformers/model_cache/llama33_70b/T3K/empty_kcache_paged_attention(2048, 1, 32, 128)_dtype_BFLOAT8_B_layout_TILE.tensorbin of shape Shape([2048, 1, 32, 128])
2026-09-03 00:18:58.992 | DEBUG    | core:as_tensor:724 - Loaded cache for /localdev/gwang/tt_transformers/model_cache/llama33_70b/T3K/empty_vcache_paged_attention(2048, 1, 32, 128)_dtype_BFLOAT8_B_layout_TILE.tensorbin of shape Shape([2048, 1, 32, 128])
2026-09-03 00:18:58.995 | DEBUG    | core:as_tensor:724 - Loaded cache for /localdev/gwang/tt_transformers/model_cache/llama33_70b/T3K/empty_kcache_paged_attention(2048, 1, 32, 128)_dtype_BFLOAT8_B_layout_TILE.tensorbin of shape Shape([2048, 1, 32, 128])
2026-09-03 00:18:58.998 | DEBUG    | core:as_tensor:724 - Loaded cache for /localdev/gwang/tt_transformers/model_cache/llama33_70b/T3K/empty_vcache_paged_attention(2048, 1, 32, 128)_dtype_BFLOAT8_B_layout_TILE.tensorbin of shape Shape([2048, 1, 32, 128])
2026-09-03 00:18:59.001 | DEBUG    | core:as_tensor:724 - Loaded cache for /localdev/gwang/tt_transformers/model_cache/llama33_70b/T3K/empty_kcache_paged_attention(2048, 1, 32, 128)_dtype_BFLOAT8_B_layout_TILE.tensorbin of shape Shape([2048, 1, 32, 128])
2026-09-03 00:18:59.004 | DEBUG    | core:as_tensor:724 - Loaded cache for /localdev/gwang/tt_transformers/model_cache/llama33_70b/T3K/empty_vcache_paged_attention(2048, 1, 32, 128)_dtype_BFLOAT8_B_layout_TILE.tensorbin of shape Shape([2048, 1, 32, 128])
2026-09-03 00:18:59.007 | DEBUG    | core:as_tensor:724 - Loaded cache for /localdev/gwang/tt_transformers/model_cache/llama33_70b/T3K/empty_kcache_paged_attention(2048, 1, 32, 128)_dtype_BFLOAT8_B_layout_TILE.tensorbin of shape Shape([2048, 1, 32, 128])
2026-09-03 00:18:59.010 | DEBUG    | core:as_tensor:724 - Loaded cache for /localdev/gwang/tt_transformers/model_cache/llama33_70b/T3K/empty_vcache_paged_attention(2048, 1, 32, 128)_dtype_BFLOAT8_B_layout_TILE.tensorbin of shape Shape([2048, 1, 32, 128])
2026-09-03 00:18:59.012 | DEBUG    | core:as_tensor:724 - Loaded cache for /localdev/gwang/tt_transformers/model_cache/llama33_70b/T3K/empty_kcache_paged_attention(2048, 1, 32, 128)_dtype_BFLOAT8_B_layout_TILE.tensorbin of shape Shape([2048, 1, 32, 128])
2026-09-03 00:18:59.015 | DEBUG    | core:as_tensor:724 - Loaded cache for /localdev/gwang/tt_transformers/model_cache/llama33_70b/T3K/empty_vcache_paged_attention(2048, 1, 32, 128)_dtype_BFLOAT8_B_layout_TILE.tensorbin of shape Shape([2048, 1, 32, 128])
2026-09-03 00:18:59.018 | DEBUG    | core:as_tensor:724 - Loaded cache for /localdev/gwang/tt_transformers/model_cache/llama33_70b/T3K/empty_kcache_paged_attention(2048, 1, 32, 128)_dtype_BFLOAT8_B_layout_TILE.tensorbin of shape Shape([2048, 1, 32, 128])
2026-09-03 00:18:59.021 | DEBUG    | core:as_tensor:724 - Loaded cache for /localdev/gwang/tt_transformers/model_cache/llama33_70b/T3K/empty_vcache_paged_attention(2048, 1, 32, 128)_dtype_BFLOAT8_B_layout_TILE.tensorbin of shape Shape([2048, 1, 32, 128])
2026-09-03 00:18:59.024 | DEBUG    | core:as_tensor:724 - Loaded cache for /localdev/gwang/tt_transformers/model_cache/llama33_70b/T3K/empty_kcache_paged_attention(2048, 1, 32, 128)_dtype_BFLOAT8_B_layout_TILE.tensorbin of shape Shape([2048, 1, 32, 128])
2026-09-03 00:18:59.027 | DEBUG    | core:as_tensor:724 - Loaded cache for /localdev/gwang/tt_transformers/model_cache/llama33_70b/T3K/empty_vcache_paged_attention(2048, 1, 32, 128)_dtype_BFLOAT8_B_layout_TILE.tensorbin of shape Shape([2048, 1, 32, 128])
2026-09-03 00:18:59.030 | DEBUG    | core:as_tensor:724 - Loaded cache for /localdev/gwang/tt_transformers/model_cache/llama33_70b/T3K/empty_kcache_paged_attention(2048, 1, 32, 128)_dtype_BFLOAT8_B_layout_TILE.tensorbin of shape Shape([2048, 1, 32, 128])
2026-09-03 00:18:59.032 | DEBUG    | core:as_tensor:724 - Loaded cache for /localdev/gwang/tt_transformers/model_cache/llama33_70b/T3K/empty_vcache_paged_attention(2048, 1, 32, 128)_dtype_BFLOAT8_B_layout_TILE.tensorbin of shape Shape([2048, 1, 32, 128])
2026-09-03 00:18:59.035 | DEBUG    | core:as_tensor:724 - Loaded cache for /localdev/gwang/tt_transformers/model_cache/llama33_70b/T3K/empty_kcache_paged_attention(2048, 1, 32, 128)_dtype_BFLOAT8_B_layout_TILE.tensorbin of shape Shape([2048, 1, 32, 128])
2026-09-03 00:18:59.038 | DEBUG    | core:as_tensor:724 - Loaded cache for /localdev/gwang/tt_transformers/model_cache/llama33_70b/T3K/empty_vcache_paged_attention(2048, 1, 32, 128)_dtype_BFLOAT8_B_layout_TILE.tensorbin of shape Shape([2048, 1, 32, 128])
2026-09-03 00:18:59.041 | DEBUG    | core:as_tensor:724 - Loaded cache for /localdev/gwang/tt_transformers/model_cache/llama33_70b/T3K/empty_kcache_paged_attention(2048, 1, 32, 128)_dtype_BFLOAT8_B_layout_TILE.tensorbin of shape Shape([2048, 1, 32, 128])
2026-09-03 00:18:59.044 | DEBUG    | core:as_tensor:724 - Loaded cache for /localdev/gwang/tt_transformers/model_cache/llama33_70b/T3K/empty_vcache_paged_attention(2048, 1, 32, 128)_dtype_BFLOAT8_B_layout_TILE.tensorbin of shape Shape([2048, 1, 32, 128])
2026-09-03 00:18:59.047 | DEBUG    | core:as_tensor:724 - Loaded cache for /localdev/gwang/tt_transformers/model_cache/llama33_70b/T3K/empty_kcache_paged_attention(2048, 1, 32, 128)_dtype_BFLOAT8_B_layout_TILE.tensorbin of shape Shape([2048, 1, 32, 128])
2026-09-03 00:18:59.049 | DEBUG    | core:as_tensor:724 - Loaded cache for /localdev/gwang/tt_transformers/model_cache/llama33_70b/T3K/empty_vcache_paged_attention(2048, 1, 32, 128)_dtype_BFLOAT8_B_layout_TILE.tensorbin of shape Shape([2048, 1, 32, 128])
2026-09-03 00:18:59.052 | DEBUG    | core:as_tensor:724 - Loaded cache for /localdev/gwang/tt_transformers/model_cache/llama33_70b/T3K/empty_kcache_paged_attention(2048, 1, 32, 128)_dtype_BFLOAT8_B_layout_TILE.tensorbin of shape Shape([2048, 1, 32, 128])
2026-09-03 00:18:59.055 | DEBUG    | core:as_tensor:724 - Loaded cache for /localdev/gwang/tt_transformers/model_cache/llama33_70b/T3K/empty_vcache_paged_attention(2048, 1, 32, 128)_dtype_BFLOAT8_B_layout_TILE.tensorbin of shape Shape([2048, 1, 32, 128])
2026-09-03 00:18:59.058 | DEBUG    | core:as_tensor:724 - Loaded cache for /localdev/gwang/tt_transformers/model_cache/llama33_70b/T3K/empty_kcache_paged_attention(2048, 1, 32, 128)_dtype_BFLOAT8_B_layout_TILE.tensorbin of shape Shape([2048, 1, 32, 128])
2026-09-03 00:18:59.061 | DEBUG    | core:as_tensor:724 - Loaded cache for /localdev/gwang/tt_transformers/model_cache/llama33_70b/T3K/empty_vcache_paged_attention(2048, 1, 32, 128)_dtype_BFLOAT8_B_layout_TILE.tensorbin of shape Shape([2048, 1, 32, 128])
2026-09-03 00:18:59.064 | DEBUG    | core:as_tensor:724 - Loaded cache for /localdev/gwang/tt_transformers/model_cache/llama33_70b/T3K/empty_kcache_paged_attention(2048, 1, 32, 128)_dtype_BFLOAT8_B_layout_TILE.tensorbin of shape Shape([2048, 1, 32, 128])
2026-09-03 00:18:59.066 | DEBUG    | core:as_tensor:724 - Loaded cache for /localdev/gwang/tt_transformers/model_cache/llama33_70b/T3K/empty_vcache_paged_attention(2048, 1, 32, 128)_dtype_BFLOAT8_B_layout_TILE.tensorbin of shape Shape([2048, 1, 32, 128])
2026-09-03 00:18:59.069 | DEBUG    | core:as_tensor:724 - Loaded cache for /localdev/gwang/tt_transformers/model_cache/llama33_70b/T3K/empty_kcache_paged_attention(2048, 1, 32, 128)_dtype_BFLOAT8_B_layout_TILE.tensorbin of shape Shape([2048, 1, 32, 128])
2026-09-03 00:18:59.072 | DEBUG    | core:as_tensor:724 - Loaded cache for /localdev/gwang/tt_transformers/model_cache/llama33_70b/T3K/empty_vcache_paged_attention(2048, 1, 32, 128)_dtype_BFLOAT8_B_layout_TILE.tensorbin of shape Shape([2048, 1, 32, 128])
2026-09-03 00:18:59.075 | DEBUG    | core:as_tensor:724 - Loaded cache for /localdev/gwang/tt_transformers/model_cache/llama33_70b/T3K/empty_kcache_paged_attention(2048, 1, 32, 128)_dtype_BFLOAT8_B_layout_TILE.tensorbin of shape Shape([2048, 1, 32, 128])
2026-09-03 00:18:59.078 | DEBUG    | core:as_tensor:724 - Loaded cache for /localdev/gwang/tt_transformers/model_cache/llama33_70b/T3K/empty_vcache_paged_attention(2048, 1, 32, 128)_dtype_BFLOAT8_B_layout_TILE.tensorbin of shape Shape([2048, 1, 32, 128])
2026-09-03 00:18:59.081 | DEBUG    | core:as_tensor:724 - Loaded cache for /localdev/gwang/tt_transformers/model_cache/llama33_70b/T3K/empty_kcache_paged_attention(2048, 1, 32, 128)_dtype_BFLOAT8_B_layout_TILE.tensorbin of shape Shape([2048, 1, 32, 128])
2026-09-03 00:18:59.083 | DEBUG    | core:as_tensor:724 - Loaded cache for /localdev/gwang/tt_transformers/model_cache/llama33_70b/T3K/empty_vcache_paged_attention(2048, 1, 32, 128)_dtype_BFLOAT8_B_layout_TILE.tensorbin of shape Shape([2048, 1, 32, 128])
2026-09-03 00:18:59.086 | DEBUG    | core:as_tensor:724 - Loaded cache for /localdev/gwang/tt_transformers/model_cache/llama33_70b/T3K/empty_kcache_paged_attention(2048, 1, 32, 128)_dtype_BFLOAT8_B_layout_TILE.tensorbin of shape Shape([2048, 1, 32, 128])
2026-09-03 00:18:59.089 | DEBUG    | core:as_tensor:724 - Loaded cache for /localdev/gwang/tt_transformers/model_cache/llama33_70b/T3K/empty_vcache_paged_attention(2048, 1, 32, 128)_dtype_BFLOAT8_B_layout_TILE.tensorbin of shape Shape([2048, 1, 32, 128])
2026-09-03 00:18:59.092 | DEBUG    | core:as_tensor:724 - Loaded cache for /localdev/gwang/tt_transformers/model_cache/llama33_70b/T3K/empty_kcache_paged_attention(2048, 1, 32, 128)_dtype_BFLOAT8_B_layout_TILE.tensorbin of shape Shape([2048, 1, 32, 128])
2026-09-03 00:18:59.095 | DEBUG    | core:as_tensor:724 - Loaded cache for /localdev/gwang/tt_transformers/model_cache/llama33_70b/T3K/empty_vcache_paged_attention(2048, 1, 32, 128)_dtype_BFLOAT8_B_layout_TILE.tensorbin of shape Shape([2048, 1, 32, 128])
2026-09-03 00:18:59.098 | DEBUG    | core:as_tensor:724 - Loaded cache for /localdev/gwang/tt_transformers/model_cache/llama33_70b/T3K/empty_kcache_paged_attention(2048, 1, 32, 128)_dtype_BFLOAT8_B_layout_TILE.tensorbin of shape Shape([2048, 1, 32, 128])
2026-09-03 00:18:59.100 | DEBUG    | core:as_tensor:724 - Loaded cache for /localdev/gwang/tt_transformers/model_cache/llama33_70b/T3K/empty_vcache_paged_attention(2048, 1, 32, 128)_dtype_BFLOAT8_B_layout_TILE.tensorbin of shape Shape([2048, 1, 32, 128])
2026-09-03 00:18:59.103 | DEBUG    | core:as_tensor:724 - Loaded cache for /localdev/gwang/tt_transformers/model_cache/llama33_70b/T3K/empty_kcache_paged_attention(2048, 1, 32, 128)_dtype_BFLOAT8_B_layout_TILE.tensorbin of shape Shape([2048, 1, 32, 128])
2026-09-03 00:18:59.106 | DEBUG    | core:as_tensor:724 - Loaded cache for /localdev/gwang/tt_transformers/model_cache/llama33_70b/T3K/empty_vcache_paged_attention(2048, 1, 32, 128)_dtype_BFLOAT8_B_layout_TILE.tensorbin of shape Shape([2048, 1, 32, 128])
2026-09-03 00:18:59.109 | DEBUG    | core:as_tensor:724 - Loaded cache for /localdev/gwang/tt_transformers/model_cache/llama33_70b/T3K/empty_kcache_paged_attention(2048, 1, 32, 128)_dtype_BFLOAT8_B_layout_TILE.tensorbin of shape Shape([2048, 1, 32, 128])
2026-09-03 00:18:59.112 | DEBUG    | core:as_tensor:724 - Loaded cache for /localdev/gwang/tt_transformers/model_cache/llama33_70b/T3K/empty_vcache_paged_attention(2048, 1, 32, 128)_dtype_BFLOAT8_B_layout_TILE.tensorbin of shape Shape([2048, 1, 32, 128])
2026-09-03 00:18:59.115 | DEBUG    | core:as_tensor:724 - Loaded cache for /localdev/gwang/tt_transformers/model_cache/llama33_70b/T3K/empty_kcache_paged_attention(2048, 1, 32, 128)_dtype_BFLOAT8_B_layout_TILE.tensorbin of shape Shape([2048, 1, 32, 128])
2026-09-03 00:18:59.117 | DEBUG    | core:as_tensor:724 - Loaded cache for /localdev/gwang/tt_transformers/model_cache/llama33_70b/T3K/empty_vcache_paged_attention(2048, 1, 32, 128)_dtype_BFLOAT8_B_layout_TILE.tensorbin of shape Shape([2048, 1, 32, 128])
2026-09-03 00:18:59.120 | DEBUG    | core:as_tensor:724 - Loaded cache for /localdev/gwang/tt_transformers/model_cache/llama33_70b/T3K/empty_kcache_paged_attention(2048, 1, 32, 128)_dtype_BFLOAT8_B_layout_TILE.tensorbin of shape Shape([2048, 1, 32, 128])
2026-09-03 00:18:59.123 | DEBUG    | core:as_tensor:724 - Loaded cache for /localdev/gwang/tt_transformers/model_cache/llama33_70b/T3K/empty_vcache_paged_attention(2048, 1, 32, 128)_dtype_BFLOAT8_B_layout_TILE.tensorbin of shape Shape([2048, 1, 32, 128])
2026-09-03 00:18:59.126 | DEBUG    | core:as_tensor:724 - Loaded cache for /localdev/gwang/tt_transformers/model_cache/llama33_70b/T3K/empty_kcache_paged_attention(2048, 1, 32, 128)_dtype_BFLOAT8_B_layout_TILE.tensorbin of shape Shape([2048, 1, 32, 128])
2026-09-03 00:18:59.129 | DEBUG    | core:as_tensor:724 - Loaded cache for /localdev/gwang/tt_transformers/model_cache/llama33_70b/T3K/empty_vcache_paged_attention(2048, 1, 32, 128)_dtype_BFLOAT8_B_layout_TILE.tensorbin of shape Shape([2048, 1, 32, 128])
2026-09-03 00:18:59.132 | DEBUG    | core:as_tensor:724 - Loaded cache for /localdev/gwang/tt_transformers/model_cache/llama33_70b/T3K/empty_kcache_paged_attention(2048, 1, 32, 128)_dtype_BFLOAT8_B_layout_TILE.tensorbin of shape Shape([2048, 1, 32, 128])
2026-09-03 00:18:59.134 | DEBUG    | core:as_tensor:724 - Loaded cache for /localdev/gwang/tt_transformers/model_cache/llama33_70b/T3K/empty_vcache_paged_attention(2048, 1, 32, 128)_dtype_BFLOAT8_B_layout_TILE.tensorbin of shape Shape([2048, 1, 32, 128])
2026-09-03 00:18:59.137 | DEBUG    | core:as_tensor:724 - Loaded cache for /localdev/gwang/tt_transformers/model_cache/llama33_70b/T3K/empty_kcache_paged_attention(2048, 1, 32, 128)_dtype_BFLOAT8_B_layout_TILE.tensorbin of shape Shape([2048, 1, 32, 128])
2026-09-03 00:18:59.140 | DEBUG    | core:as_tensor:724 - Loaded cache for /localdev/gwang/tt_transformers/model_cache/llama33_70b/T3K/empty_vcache_paged_attention(2048, 1, 32, 128)_dtype_BFLOAT8_B_layout_TILE.tensorbin of shape Shape([2048, 1, 32, 128])
2026-09-03 00:18:59.143 | DEBUG    | core:as_tensor:724 - Loaded cache for /localdev/gwang/tt_transformers/model_cache/llama33_70b/T3K/empty_kcache_paged_attention(2048, 1, 32, 128)_dtype_BFLOAT8_B_layout_TILE.tensorbin of shape Shape([2048, 1, 32, 128])
2026-09-03 00:18:59.146 | DEBUG    | core:as_tensor:724 - Loaded cache for /localdev/gwang/tt_transformers/model_cache/llama33_70b/T3K/empty_vcache_paged_attention(2048, 1, 32, 128)_dtype_BFLOAT8_B_layout_TILE.tensorbin of shape Shape([2048, 1, 32, 128])
2026-09-03 00:18:59.149 | DEBUG    | core:as_tensor:724 - Loaded cache for /localdev/gwang/tt_transformers/model_cache/llama33_70b/T3K/empty_kcache_paged_attention(2048, 1, 32, 128)_dtype_BFLOAT8_B_layout_TILE.tensorbin of shape Shape([2048, 1, 32, 128])
2026-09-03 00:18:59.152 | DEBUG    | core:as_tensor:724 - Loaded cache for /localdev/gwang/tt_transformers/model_cache/llama33_70b/T3K/empty_vcache_paged_attention(2048, 1, 32, 128)_dtype_BFLOAT8_B_layout_TILE.tensorbin of shape Shape([2048, 1, 32, 128])
2026-09-03 00:18:59.154 | DEBUG    | core:as_tensor:724 - Loaded cache for /localdev/gwang/tt_transformers/model_cache/llama33_70b/T3K/empty_kcache_paged_attention(2048, 1, 32, 128)_dtype_BFLOAT8_B_layout_TILE.tensorbin of shape Shape([2048, 1, 32, 128])
2026-09-03 00:18:59.157 | DEBUG    | core:as_tensor:724 - Loaded cache for /localdev/gwang/tt_transformers/model_cache/llama33_70b/T3K/empty_vcache_paged_attention(2048, 1, 32, 128)_dtype_BFLOAT8_B_layout_TILE.tensorbin of shape Shape([2048, 1, 32, 128])
2026-09-03 00:18:59.160 | DEBUG    | core:as_tensor:724 - Loaded cache for /localdev/gwang/tt_transformers/model_cache/llama33_70b/T3K/empty_kcache_paged_attention(2048, 1, 32, 128)_dtype_BFLOAT8_B_layout_TILE.tensorbin of shape Shape([2048, 1, 32, 128])
2026-09-03 00:18:59.163 | DEBUG    | core:as_tensor:724 - Loaded cache for /localdev/gwang/tt_transformers/model_cache/llama33_70b/T3K/empty_vcache_paged_attention(2048, 1, 32, 128)_dtype_BFLOAT8_B_layout_TILE.tensorbin of shape Shape([2048, 1, 32, 128])
2026-09-03 00:18:59.166 | DEBUG    | core:as_tensor:724 - Loaded cache for /localdev/gwang/tt_transformers/model_cache/llama33_70b/T3K/empty_kcache_paged_attention(2048, 1, 32, 128)_dtype_BFLOAT8_B_layout_TILE.tensorbin of shape Shape([2048, 1, 32, 128])
2026-09-03 00:18:59.169 | DEBUG    | core:as_tensor:724 - Loaded cache for /localdev/gwang/tt_transformers/model_cache/llama33_70b/T3K/empty_vcache_paged_attention(2048, 1, 32, 128)_dtype_BFLOAT8_B_layout_TILE.tensorbin of shape Shape([2048, 1, 32, 128])
2026-09-03 00:18:59.172 | DEBUG    | core:as_tensor:724 - Loaded cache for /localdev/gwang/tt_transformers/model_cache/llama33_70b/T3K/empty_kcache_paged_attention(2048, 1, 32, 128)_dtype_BFLOAT8_B_layout_TILE.tensorbin of shape Shape([2048, 1, 32, 128])
2026-09-03 00:18:59.175 | DEBUG    | core:as_tensor:724 - Loaded cache for /localdev/gwang/tt_transformers/model_cache/llama33_70b/T3K/empty_vcache_paged_attention(2048, 1, 32, 128)_dtype_BFLOAT8_B_layout_TILE.tensorbin of shape Shape([2048, 1, 32, 128])
2026-09-03 00:18:59.177 | DEBUG    | core:as_tensor:724 - Loaded cache for /localdev/gwang/tt_transformers/model_cache/llama33_70b/T3K/empty_kcache_paged_attention(2048, 1, 32, 128)_dtype_BFLOAT8_B_layout_TILE.tensorbin of shape Shape([2048, 1, 32, 128])
2026-09-03 00:18:59.180 | DEBUG    | core:as_tensor:724 - Loaded cache for /localdev/gwang/tt_transformers/model_cache/llama33_70b/T3K/empty_vcache_paged_attention(2048, 1, 32, 128)_dtype_BFLOAT8_B_layout_TILE.tensorbin of shape Shape([2048, 1, 32, 128])
2026-09-03 00:18:59.183 | DEBUG    | core:as_tensor:724 - Loaded cache for /localdev/gwang/tt_transformers/model_cache/llama33_70b/T3K/empty_kcache_paged_attention(2048, 1, 32, 128)_dtype_BFLOAT8_B_layout_TILE.tensorbin of shape Shape([2048, 1, 32, 128])
2026-09-03 00:18:59.186 | DEBUG    | core:as_tensor:724 - Loaded cache for /localdev/gwang/tt_transformers/model_cache/llama33_70b/T3K/empty_vcache_paged_attention(2048, 1, 32, 128)_dtype_BFLOAT8_B_layout_TILE.tensorbin of shape Shape([2048, 1, 32, 128])
2026-09-03 00:18:59.189 | DEBUG    | core:as_tensor:724 - Loaded cache for /localdev/gwang/tt_transformers/model_cache/llama33_70b/T3K/empty_kcache_paged_attention(2048, 1, 32, 128)_dtype_BFLOAT8_B_layout_TILE.tensorbin of shape Shape([2048, 1, 32, 128])
2026-09-03 00:18:59.191 | DEBUG    | core:as_tensor:724 - Loaded cache for /localdev/gwang/tt_transformers/model_cache/llama33_70b/T3K/empty_vcache_paged_attention(2048, 1, 32, 128)_dtype_BFLOAT8_B_layout_TILE.tensorbin of shape Shape([2048, 1, 32, 128])
2026-09-03 00:18:59.194 | DEBUG    | core:as_tensor:724 - Loaded cache for /localdev/gwang/tt_transformers/model_cache/llama33_70b/T3K/empty_kcache_paged_attention(2048, 1, 32, 128)_dtype_BFLOAT8_B_layout_TILE.tensorbin of shape Shape([2048, 1, 32, 128])
2026-09-03 00:18:59.197 | DEBUG    | core:as_tensor:724 - Loaded cache for /localdev/gwang/tt_transformers/model_cache/llama33_70b/T3K/empty_vcache_paged_attention(2048, 1, 32, 128)_dtype_BFLOAT8_B_layout_TILE.tensorbin of shape Shape([2048, 1, 32, 128])
2026-09-03 00:18:59.200 | DEBUG    | core:as_tensor:724 - Loaded cache for /localdev/gwang/tt_transformers/model_cache/llama33_70b/T3K/empty_kcache_paged_attention(2048, 1, 32, 128)_dtype_BFLOAT8_B_layout_TILE.tensorbin of shape Shape([2048, 1, 32, 128])
2026-09-03 00:18:59.203 | DEBUG    | core:as_tensor:724 - Loaded cache for /localdev/gwang/tt_transformers/model_cache/llama33_70b/T3K/empty_vcache_paged_attention(2048, 1, 32, 128)_dtype_BFLOAT8_B_layout_TILE.tensorbin of shape Shape([2048, 1, 32, 128])
2026-09-03 00:18:59.206 | DEBUG    | core:as_tensor:724 - Loaded cache for /localdev/gwang/tt_transformers/model_cache/llama33_70b/T3K/empty_kcache_paged_attention(2048, 1, 32, 128)_dtype_BFLOAT8_B_layout_TILE.tensorbin of shape Shape([2048, 1, 32, 128])
2026-09-03 00:18:59.209 | DEBUG    | core:as_tensor:724 - Loaded cache for /localdev/gwang/tt_transformers/model_cache/llama33_70b/T3K/empty_vcache_paged_attention(2048, 1, 32, 128)_dtype_BFLOAT8_B_layout_TILE.tensorbin of shape Shape([2048, 1, 32, 128])
2026-09-03 00:18:59.212 | DEBUG    | core:as_tensor:724 - Loaded cache for /localdev/gwang/tt_transformers/model_cache/llama33_70b/T3K/empty_kcache_paged_attention(2048, 1, 32, 128)_dtype_BFLOAT8_B_layout_TILE.tensorbin of shape Shape([2048, 1, 32, 128])
2026-09-03 00:18:59.214 | DEBUG    | core:as_tensor:724 - Loaded cache for /localdev/gwang/tt_transformers/model_cache/llama33_70b/T3K/empty_vcache_paged_attention(2048, 1, 32, 128)_dtype_BFLOAT8_B_layout_TILE.tensorbin of shape Shape([2048, 1, 32, 128])
2026-09-03 00:18:59.218 | DEBUG    | core:as_tensor:724 - Loaded cache for /localdev/gwang/tt_transformers/model_cache/llama33_70b/T3K/empty_kcache_paged_attention(2048, 1, 32, 128)_dtype_BFLOAT8_B_layout_TILE.tensorbin of shape Shape([2048, 1, 32, 128])
2026-09-03 00:18:59.221 | DEBUG    | core:as_tensor:724 - Loaded cache for /localdev/gwang/tt_transformers/model_cache/llama33_70b/T3K/empty_vcache_paged_attention(2048, 1, 32, 128)_dtype_BFLOAT8_B_layout_TILE.tensorbin of shape Shape([2048, 1, 32, 128])
2026-09-03 00:19:01.179 | INFO     | tt_transformers.llm_runtime.warmup:warmup_decode:485 - Compiled decode
2026-09-03 00:19:01.408 | INFO     | tt_transformers.llm_runtime.warmup:warmup_decode:485 - Compiled decode
2026-09-03 00:19:01.409 | INFO     | tt_transformers.llm_runtime.warmup:warmup_decode:487 - Compiled on-device sampling
2026-09-03 00:19:12.987 | INFO     | tt_transformers.llm_runtime.trace_compiler:capture_all:336 - Captured decode trace: signature=DecodeTraceSignature(batch_size=16, page_table_width=128, sampling_path='logits', device_feedback=False, penalties_enabled=False, logprobs_enabled=False)
2026-09-03 00:19:13.314 | INFO     | tt_transformers.llm_runtime.trace_compiler:capture_all:336 - Captured decode trace: signature=DecodeTraceSignature(batch_size=16, page_table_width=128, sampling_path='topk', device_feedback=True, penalties_enabled=False, logprobs_enabled=False)
2026-09-03 00:19:13.945 | INFO     | tt_transformers.llm_runtime.trace_compiler:capture_all:336 - Captured prefill trace: signature=PrefillTraceSignature(operation_variant='regular-batched', padded_batch_size=16, padded_sequence_length=128, page_table_width=192, chunk_page_table_width=None, sampling_path='logits', penalties_enabled=False, logprobs_enabled=False)
2026-09-03 00:19:14.586 | INFO     | tt_transformers.llm_runtime.trace_compiler:capture_all:336 - Captured prefill trace: signature=PrefillTraceSignature(operation_variant='regular-batched', padded_batch_size=16, padded_sequence_length=128, page_table_width=192, chunk_page_table_width=None, sampling_path='topk', penalties_enabled=False, logprobs_enabled=False)
2026-09-03 00:19:14.875 | INFO     | tt_transformers.llm_runtime.trace_compiler:capture_all:336 - Captured prefill trace: signature=PrefillTraceSignature(operation_variant='regular-single', padded_batch_size=1, padded_sequence_length=128, page_table_width=192, chunk_page_table_width=None, sampling_path='topk', penalties_enabled=False, logprobs_enabled=False)
2026-09-03 00:19:15.217 | INFO     | tt_transformers.llm_runtime.trace_compiler:capture_all:336 - Captured prefill trace: signature=PrefillTraceSignature(operation_variant='regular-batched', padded_batch_size=2, padded_sequence_length=128, page_table_width=192, chunk_page_table_width=None, sampling_path='topk', penalties_enabled=False, logprobs_enabled=False)
2026-09-03 00:19:15.592 | INFO     | tt_transformers.llm_runtime.trace_compiler:capture_all:336 - Captured prefill trace: signature=PrefillTraceSignature(operation_variant='regular-batched', padded_batch_size=4, padded_sequence_length=128, page_table_width=192, chunk_page_table_width=None, sampling_path='topk', penalties_enabled=False, logprobs_enabled=False)
2026-09-03 00:19:16.081 | INFO     | tt_transformers.llm_runtime.trace_compiler:capture_all:336 - Captured prefill trace: signature=PrefillTraceSignature(operation_variant='regular-batched', padded_batch_size=8, padded_sequence_length=128, page_table_width=192, chunk_page_table_width=None, sampling_path='topk', penalties_enabled=False, logprobs_enabled=False)
2026-09-03 00:19:16.380 | INFO     | tt_transformers.llm_runtime.trace_compiler:capture_all:336 - Captured prefill trace: signature=PrefillTraceSignature(operation_variant='chunked', padded_batch_size=1, padded_sequence_length=128, page_table_width=192, chunk_page_table_width=4, sampling_path='topk', penalties_enabled=False, logprobs_enabled=False)
2026-09-03 00:19:16.718 | INFO     | tt_transformers.llm_runtime.trace_compiler:capture_all:336 - Captured prefill trace: signature=PrefillTraceSignature(operation_variant='regular-single', padded_batch_size=1, padded_sequence_length=2048, page_table_width=192, chunk_page_table_width=None, sampling_path='topk', penalties_enabled=False, logprobs_enabled=False)
2026-09-03 00:19:17.057 | INFO     | tt_transformers.llm_runtime.trace_compiler:capture_all:336 - Captured prefill trace: signature=PrefillTraceSignature(operation_variant='chunked', padded_batch_size=1, padded_sequence_length=2048, page_table_width=192, chunk_page_table_width=64, sampling_path='topk', penalties_enabled=False, logprobs_enabled=False)
2026-09-03 00:19:17.349 | INFO     | tt_transformers.llm_runtime.trace_compiler:capture_all:336 - Captured prefill trace: signature=PrefillTraceSignature(operation_variant='regular-single', padded_batch_size=1, padded_sequence_length=128, page_table_width=192, chunk_page_table_width=None, sampling_path='logits', penalties_enabled=False, logprobs_enabled=False)
2026-09-03 00:19:17.692 | INFO     | tt_transformers.llm_runtime.trace_compiler:capture_all:336 - Captured prefill trace: signature=PrefillTraceSignature(operation_variant='regular-batched', padded_batch_size=2, padded_sequence_length=128, page_table_width=192, chunk_page_table_width=None, sampling_path='logits', penalties_enabled=False, logprobs_enabled=False)
2026-09-03 00:19:18.076 | INFO     | tt_transformers.llm_runtime.trace_compiler:capture_all:336 - Captured prefill trace: signature=PrefillTraceSignature(operation_variant='regular-batched', padded_batch_size=4, padded_sequence_length=128, page_table_width=192, chunk_page_table_width=None, sampling_path='logits', penalties_enabled=False, logprobs_enabled=False)
2026-09-03 00:19:18.575 | INFO     | tt_transformers.llm_runtime.trace_compiler:capture_all:336 - Captured prefill trace: signature=PrefillTraceSignature(operation_variant='regular-batched', padded_batch_size=8, padded_sequence_length=128, page_table_width=192, chunk_page_table_width=None, sampling_path='logits', penalties_enabled=False, logprobs_enabled=False)
2026-09-03 00:19:18.876 | INFO     | tt_transformers.llm_runtime.trace_compiler:capture_all:336 - Captured prefill trace: signature=PrefillTraceSignature(operation_variant='chunked', padded_batch_size=1, padded_sequence_length=128, page_table_width=192, chunk_page_table_width=4, sampling_path='logits', penalties_enabled=False, logprobs_enabled=False)
2026-09-03 00:19:19.218 | INFO     | tt_transformers.llm_runtime.trace_compiler:capture_all:336 - Captured prefill trace: signature=PrefillTraceSignature(operation_variant='regular-single', padded_batch_size=1, padded_sequence_length=2048, page_table_width=192, chunk_page_table_width=None, sampling_path='logits', penalties_enabled=False, logprobs_enabled=False)
2026-09-03 00:19:19.561 | INFO     | tt_transformers.llm_runtime.trace_compiler:capture_all:336 - Captured prefill trace: signature=PrefillTraceSignature(operation_variant='chunked', padded_batch_size=1, padded_sequence_length=2048, page_table_width=192, chunk_page_table_width=64, sampling_path='logits', penalties_enabled=False, logprobs_enabled=False)
2026-09-03 00:19:19.874 | INFO     | tt_transformers.llm_runtime.execution:_execute_prefill:671 - TTTV2_RUNTIME_EVIDENCE {"active_batch_size": 1, "execution": "trace_replay", "lane": 0, "operation": "prefill", "padded_batch_size": 1, "padded_sequence_length": 128, "program_key": "999cbf354c9bdd6077cabb45b51d31c2abbe52833ac910f642e5bcbb3cdd4494", "rank": 0, "replay_steps": 1, "sampling_path": "logits", "trace_key": "469283b260195f80b5f03bce4eb3044eeef47176541b1aae9a1d1a6ecb5917fe", "variant": "regular-single"}
2026-09-03 00:19:20.399 | INFO     | tt_transformers.llm_runtime.execution:_execute_prefill:671 - TTTV2_RUNTIME_EVIDENCE {"active_batch_size": 15, "execution": "trace_replay", "lane": 0, "operation": "prefill", "padded_batch_size": 16, "padded_sequence_length": 128, "program_key": "c7a3e8066537c19ac3fa869ec3ca1bc407bafcd8502d3b01be5dae9a2ed0b276", "rank": 0, "replay_steps": 1, "sampling_path": "logits", "trace_key": "d6be81420b505b3fe570ee657d153901af70fb56b5e1e9fbbb41b8205b87409b", "variant": "regular-batched"}
______ test_w6_active15_padded16_trace_correctness[topk-logits-16-15-T3K] ______

production_model = <tt_transformers.models.llama33_70b.model.Llama33_70BTransformer1D object at 0x7f74387c6380>
ttnn_mesh_device = MeshDevice(1x8 grid, 8 devices), capture_order = (16, 15)
sampling_order = ('topk', 'logits')

    @pytest.mark.device
    @pytest.mark.model
    @pytest.mark.wormhole
    @pytest.mark.t3k
    @pytest.mark.parametrize("capture_order", [(16, 15), (15, 16)], ids=["16-15", "15-16"])
    @pytest.mark.parametrize(
        "sampling_order",
        [("logits", "topk"), ("topk", "logits")],
        ids=["logits-topk", "topk-logits"],
    )
    def test_w6_active15_padded16_trace_correctness(
        production_model,
        ttnn_mesh_device,
        capture_order,
        sampling_order,
    ):
        stale_block = _STALE_BLOCK
        page_table = _page_table(stale_block=stale_block)
        resident_table = _page_table()[_RESIDENT_SLOT : _RESIDENT_SLOT + 1]
        resident_table[:, :4] = torch.arange(_RESIDENT_BLOCK_START, _RESIDENT_BLOCK_START + 4, dtype=torch.int32)
        tokens = _tokens(15)
        resident_tokens = _tokens(1, salt=101)
        expected_logits, expected_active_decode, expected_resident_decode = _run_sequential_oracle(
            production_model, tokens, page_table, resident_tokens, resident_table
        )
        batched_eager_logits, batched_eager_kv, batched_eager_active_decode = _run_batched_eager_oracle(
            production_model, tokens, page_table, resident_tokens, resident_table
        )
    
        executor = create_executor(production_model, traced=True, device_sampling_enabled=True, trace_mode="all")
        try:
            assert executor.config.trace.mode == "all"
            # Production Llama33 disables force-argmax, so argmax->top-k is not an
            # executable registration order for this candidate.
            assert not production_model.sampling.config.allow_force_argmax
            assert executor.prefill_runtime.config.device_sampling_enabled
            assert not executor.prefill_runtime.config.disable_batched_prefill
            kv_cache = executor.allocate_kv_cache()
            # Compile the read-only KV evidence slices before trace activation so
            # the later program-cache invariant measures runtime work, not test
            # instrumentation first use.
            _kv_snapshot(
                kv_cache,
                (0, 60),
                (_STALE_BLOCK, _STALE_BLOCK + 1),
                (_RESIDENT_BLOCK_START, _RESIDENT_BLOCK_START + 4),
            )
            topk = _compile_registration_order(executor, kv_cache, page_table, capture_order, sampling_order)
            assert executor.trace_compiler.trace_active
            baseline_registry = len(executor.program_compiler.compiled_programs)
            baseline_program_cache = _program_cache_entries(ttnn_mesh_device)
            baseline_summary = executor.traced_executor.runtime_summary()
    
            prepared = _prepared(executor, tokens, page_table)
            assert len(prepared) == 1
            item = prepared[0]
            assert item.request.kind == "batched"
            assert item.request.source_rows == tuple(range(15))
            assert item.request.padded_batch_size == 16
            assert item.program_signatures[0].operation_variant == "regular-batched"
            assert item.sampling_path == "logits"
            assert item.trace_signature is not None
            assert torch.all(item.request.tokens[15] == 0)
            assert torch.all(item.request.page_table[15] == -1)
            assert torch.all(item.request.page_table[:15, 4:] == -1)
            program_key = executor.program_compiler.key_for(item.program_signatures[0])
            trace_key = executor.trace_compiler.trace_key_for_program(program_key)
            assert trace_key is not None
            assert executor.trace_compiler.get(trace_key).artifact is not None
    
            stale_before = _kv_snapshot(kv_cache, (_STALE_BLOCK, _STALE_BLOCK + 1))
            resident_logits = executor.prefill_forward(
                resident_tokens,
                resident_table,
                kv_cache=kv_cache,
                prompt_lens=torch.tensor([_PROMPT_LEN]),
                empty_slots=[_RESIDENT_SLOT],
                execution=executor.traced_prefill_execution,
            )
            resident_before = _kv_snapshot(kv_cache, (_RESIDENT_BLOCK_START, _RESIDENT_BLOCK_START + 4))
            actual_logits = executor.prefill_forward(
                tokens,
                page_table[:15],
                kv_cache=kv_cache,
                prompt_lens=torch.full((15,), _PROMPT_LEN, dtype=torch.long),
                empty_slots=list(range(15)),
                execution=executor.traced_prefill_execution,
            )
            actual_kv = _kv_snapshot(
                kv_cache,
                (0, 60),
                (_RESIDENT_BLOCK_START, _RESIDENT_BLOCK_START + 4),
            )
            resident_after = _kv_snapshot(kv_cache, (_RESIDENT_BLOCK_START, _RESIDENT_BLOCK_START + 4))
>           assert_rowwise_logits_parity(
                batched_eager_logits,
                expected_logits,
                min_row_pcc=_LOGITS_MIN_ROW_PCC,
                max_abs=_LOGITS_MAX_ABS,
                require_exact_top1=False,
                max_top1_mismatches=_LOGITS_MAX_TOP1_MISMATCHES,
                expected_top1_in_actual_topk=_LOGITS_TOPK,
                min_topk_overlap=_LOGITS_MIN_TOPK_OVERLAP,
                isclose_atol=_LOGITS_ATOL,
                isclose_rtol=0.05,
                max_isclose_failure_fraction=_LOGITS_MAX_ISCLOSE_FAILURE_FRACTION,
            )

tests/models/llama33_70b/test_t3k_batched_prefill_correctness.py:471: 
_ _ _ _ _ _ _ _ _ _ _ _ _ _ _ _ _ _ _ _ _ _ _ _ _ _ _ _ _ _ _ _ _ _ _ _ _ _ _ _ 

actual = tensor([[[-21.0000, -19.0000, -12.0000,  ...,   5.8750,   5.8750,   5.8750]],

        [[  3.8750,   3.1875,   2.1875,...,  ...,  -8.0000,  -8.0000,  -8.0000]],

        [[  0.8125,   1.4688,  -1.0625,  ...,  -7.5625,  -7.5625,  -7.5625]]])
expected = tensor([[[-20.5000, -19.0000, -12.0000,  ...,   5.6875,   5.6875,   5.6875]],

        [[  3.6875,   3.0625,   2.0000,...,  ...,  -8.0000,  -8.0000,  -8.0000]],

        [[  0.8125,   1.2500,  -1.0625,  ...,  -7.5000,  -7.5000,  -7.5000]]])

    def assert_rowwise_logits_parity(
        actual: torch.Tensor,
        expected: torch.Tensor,
        *,
        min_row_pcc: float,
        max_abs: float,
        require_exact_top1: bool = True,
        max_top1_mismatches: int | None = None,
        expected_top1_in_actual_topk: int | None = None,
        min_topk_overlap: int | None = None,
        isclose_atol: float | None = None,
        isclose_rtol: float | None = None,
        max_isclose_failure_fraction: float | None = None,
    ) -> None:
        """Require every batch row to preserve logits shape, quality, and ranking."""
    
        if require_exact_top1 and (max_top1_mismatches is not None or expected_top1_in_actual_topk is not None):
            raise ValueError("exact top-1 and top-k containment are mutually exclusive")
        if min_topk_overlap is not None and expected_top1_in_actual_topk is None:
            raise ValueError("min_topk_overlap requires expected_top1_in_actual_topk")
        isclose_options = (isclose_atol, isclose_rtol, max_isclose_failure_fraction)
        if any(value is not None for value in isclose_options) and not all(value is not None for value in isclose_options):
            raise ValueError("isclose_atol, isclose_rtol, and max_isclose_failure_fraction must be supplied together")
    
        if actual.shape != expected.shape:
            raise AssertionError(f"logits shape mismatch: actual={tuple(actual.shape)}, expected={tuple(expected.shape)}")
        if actual.ndim < 2:
            raise AssertionError(f"logits must have batch and vocabulary dimensions, got {tuple(actual.shape)}")
    
        actual_rows = actual.detach().float().reshape(actual.shape[0], -1)
        expected_rows = expected.detach().float().reshape(expected.shape[0], -1)
        if not torch.isfinite(actual_rows).all() or not torch.isfinite(expected_rows).all():
            raise AssertionError("logits contain non-finite values")
    
        actual_centered = actual_rows - actual_rows.mean(dim=1, keepdim=True)
        expected_centered = expected_rows - expected_rows.mean(dim=1, keepdim=True)
        denominator = actual_centered.norm(dim=1) * expected_centered.norm(dim=1)
        numerator = (actual_centered * expected_centered).sum(dim=1)
        row_pcc = torch.where(
            denominator > 0,
            numerator / denominator,
            torch.where(
                torch.all(actual_rows == expected_rows, dim=1),
                torch.ones_like(denominator),
                torch.zeros_like(denominator),
            ),
        )
        row_max_abs = (actual_rows - expected_rows).abs().amax(dim=1)
        actual_top1 = actual_rows.argmax(dim=1)
        expected_top1 = expected_rows.argmax(dim=1)
    
        failures = []
        bad_pcc = torch.nonzero(row_pcc < min_row_pcc, as_tuple=False).reshape(-1)
        if bad_pcc.numel():
            failures.append(
                f"row PCC below {min_row_pcc}: "
                + ", ".join(f"row {row}: {row_pcc[row].item():.8f}" for row in bad_pcc.tolist())
            )
        bad_max_abs = torch.nonzero(row_max_abs > max_abs, as_tuple=False).reshape(-1)
        if bad_max_abs.numel():
            failures.append(
                f"row max-abs above {max_abs}: "
                + ", ".join(f"row {row}: {row_max_abs[row].item():.8f}" for row in bad_max_abs.tolist())
            )
        if require_exact_top1 and not torch.equal(actual_top1, expected_top1):
            disagreement = torch.nonzero(actual_top1 != expected_top1, as_tuple=False)
            failures.append(f"top-1 mismatch at {disagreement.tolist()}")
        if max_top1_mismatches is not None:
            mismatch_count = int((actual_top1 != expected_top1).sum().item())
            if mismatch_count > int(max_top1_mismatches):
                failures.append(f"top-1 mismatch count {mismatch_count} exceeds {max_top1_mismatches}")
        if expected_top1_in_actual_topk is not None:
            topk = int(expected_top1_in_actual_topk)
            if topk <= 0 or topk > actual_rows.shape[1]:
                raise ValueError(f"top-k must be in [1, {actual_rows.shape[1]}], got {topk}")
            actual_topk = actual_rows.topk(topk, dim=1).indices
            expected_topk = expected_rows.topk(topk, dim=1).indices
            expected_top1_rows = expected_top1.unsqueeze(1)
            missing_top1 = torch.nonzero(~(actual_topk == expected_top1_rows).any(dim=1), as_tuple=False).reshape(-1)
            if missing_top1.numel():
                failures.append(f"expected top-1 missing from actual top-{topk} at rows {missing_top1.tolist()}")
            if min_topk_overlap is not None:
                minimum = int(min_topk_overlap)
                if minimum <= 0 or minimum > topk:
                    raise ValueError(f"min_topk_overlap must be in [1, {topk}], got {minimum}")
                overlaps = (actual_topk.unsqueeze(2) == expected_topk.unsqueeze(1)).any(dim=2).sum(dim=1)
                bad_overlap = torch.nonzero(overlaps < minimum, as_tuple=False).reshape(-1)
                if bad_overlap.numel():
                    failures.append(
                        f"top-{topk} overlap below {minimum}: "
                        + ", ".join(f"row {row}: {overlaps[row].item()}" for row in bad_overlap.tolist())
                    )
        if max_isclose_failure_fraction is not None:
            close = torch.isclose(actual_rows, expected_rows, atol=float(isclose_atol), rtol=float(isclose_rtol))
            failure_fraction = float((~close).float().mean().item())
            if failure_fraction > float(max_isclose_failure_fraction):
                row_fractions = (~close).float().mean(dim=1)
                failures.append(
                    f"isclose failure fraction {failure_fraction:.8f} exceeds {max_isclose_failure_fraction}; "
                    + ", ".join(f"row {row}: {value.item():.8f}" for row, value in enumerate(row_fractions))
                )
    
        if failures:
>           raise AssertionError("logits parity failed; " + "; ".join(failures))
E           AssertionError: logits parity failed; row max-abs above 1.0: row 0: 1.50000000; top-5 overlap below 4: row 0: 3

tests/models/llama33_70b/logits_oracle.py:114: AssertionError
----------------------------- Captured stdout call -----------------------------
2026-09-03 00:19:37.241 | warning  |              Op | The following ttnn.all_gather args are deprecated and will be removed in September-2026: num_links, topology, chunks_per_sync, num_workers_per_link, num_buffers_per_channel, use_l1_small_for_semaphores. (all_gather.cpp:148)
2026-09-03 00:19:37.241 | warning  |              Op | The following ttnn.all_gather args are deprecated and will be removed in September-2026: num_links, topology, chunks_per_sync, num_workers_per_link, num_buffers_per_channel, use_l1_small_for_semaphores. (all_gather.cpp:148)
2026-09-03 00:19:37.646 | warning  |              Op | The following ttnn.all_gather args are deprecated and will be removed in September-2026: num_links, topology, chunks_per_sync, num_workers_per_link, num_buffers_per_channel, use_l1_small_for_semaphores. (all_gather.cpp:148)
2026-09-03 00:19:37.646 | warning  |              Op | The following ttnn.all_gather args are deprecated and will be removed in September-2026: num_links, topology, chunks_per_sync, num_workers_per_link, num_buffers_per_channel, use_l1_small_for_semaphores. (all_gather.cpp:148)
2026-09-03 00:19:38.144 | warning  |              Op | The following ttnn.all_gather args are deprecated and will be removed in September-2026: num_links, topology, chunks_per_sync, num_workers_per_link, num_buffers_per_channel, use_l1_small_for_semaphores. (all_gather.cpp:148)
2026-09-03 00:19:38.144 | warning  |              Op | The following ttnn.all_gather args are deprecated and will be removed in September-2026: num_links, topology, chunks_per_sync, num_workers_per_link, num_buffers_per_channel, use_l1_small_for_semaphores. (all_gather.cpp:148)
2026-09-03 00:19:38.844 | warning  |              Op | The following ttnn.all_gather args are deprecated and will be removed in September-2026: num_links, topology, chunks_per_sync, num_workers_per_link, num_buffers_per_channel, use_l1_small_for_semaphores. (all_gather.cpp:148)
2026-09-03 00:19:38.845 | warning  |              Op | The following ttnn.all_gather args are deprecated and will be removed in September-2026: num_links, topology, chunks_per_sync, num_workers_per_link, num_buffers_per_channel, use_l1_small_for_semaphores. (all_gather.cpp:148)
2026-09-03 00:19:40.063 | warning  |              Op | The following ttnn.all_gather args are deprecated and will be removed in September-2026: num_links, topology, chunks_per_sync, num_workers_per_link, num_buffers_per_channel, use_l1_small_for_semaphores. (all_gather.cpp:148)
2026-09-03 00:19:40.063 | warning  |              Op | The following ttnn.all_gather args are deprecated and will be removed in September-2026: num_links, topology, chunks_per_sync, num_workers_per_link, num_buffers_per_channel, use_l1_small_for_semaphores. (all_gather.cpp:148)
2026-09-03 00:19:42.416 | warning  |              Op | The following ttnn.all_gather args are deprecated and will be removed in September-2026: num_links, topology, chunks_per_sync, num_workers_per_link, num_buffers_per_channel, use_l1_small_for_semaphores. (all_gather.cpp:148)
2026-09-03 00:19:42.416 | warning  |              Op | The following ttnn.all_gather args are deprecated and will be removed in September-2026: num_links, topology, chunks_per_sync, num_workers_per_link, num_buffers_per_channel, use_l1_small_for_semaphores. (all_gather.cpp:148)
2026-09-03 00:19:42.842 | warning  |              Op | The following ttnn.all_gather args are deprecated and will be removed in September-2026: num_links, topology, chunks_per_sync, num_workers_per_link, num_buffers_per_channel, use_l1_small_for_semaphores. (all_gather.cpp:148)
2026-09-03 00:19:42.842 | warning  |              Op | The following ttnn.all_gather args are deprecated and will be removed in September-2026: num_links, topology, chunks_per_sync, num_workers_per_link, num_buffers_per_channel, use_l1_small_for_semaphores. (all_gather.cpp:148)
2026-09-03 00:19:45.201 | warning  |              Op | The following ttnn.all_gather args are deprecated and will be removed in September-2026: num_links, topology, chunks_per_sync, num_workers_per_link, num_buffers_per_channel, use_l1_small_for_semaphores. (all_gather.cpp:148)
2026-09-03 00:19:45.203 | warning  |              Op | The following ttnn.all_gather args are deprecated and will be removed in September-2026: num_links, topology, chunks_per_sync, num_workers_per_link, num_buffers_per_channel, use_l1_small_for_semaphores. (all_gather.cpp:148)
2026-09-03 00:19:47.782 | warning  |              Op | The following ttnn.all_gather args are deprecated and will be removed in September-2026: num_links, topology, chunks_per_sync, num_workers_per_link, num_buffers_per_channel, use_l1_small_for_semaphores. (all_gather.cpp:148)
2026-09-03 00:19:47.782 | warning  |              Op | The following ttnn.all_gather args are deprecated and will be removed in September-2026: num_links, topology, chunks_per_sync, num_workers_per_link, num_buffers_per_channel, use_l1_small_for_semaphores. (all_gather.cpp:148)
2026-09-03 00:19:48.049 | warning  |              Op | The following ttnn.all_gather args are deprecated and will be removed in September-2026: num_links, topology, chunks_per_sync, num_workers_per_link, num_buffers_per_channel, use_l1_small_for_semaphores. (all_gather.cpp:148)
2026-09-03 00:19:48.049 | warning  |              Op | The following ttnn.all_gather args are deprecated and will be removed in September-2026: num_links, topology, chunks_per_sync, num_workers_per_link, num_buffers_per_channel, use_l1_small_for_semaphores. (all_gather.cpp:148)
2026-09-03 00:19:48.259 | warning  |              Op | The following ttnn.all_gather args are deprecated and will be removed in September-2026: num_links, topology, chunks_per_sync, num_workers_per_link, num_buffers_per_channel, use_l1_small_for_semaphores. (all_gather.cpp:148)
2026-09-03 00:19:48.260 | warning  |              Op | The following ttnn.all_gather args are deprecated and will be removed in September-2026: num_links, topology, chunks_per_sync, num_workers_per_link, num_buffers_per_channel, use_l1_small_for_semaphores. (all_gather.cpp:148)
2026-09-03 00:19:48.466 | warning  |              Op | The following ttnn.all_gather args are deprecated and will be removed in September-2026: num_links, topology, chunks_per_sync, num_workers_per_link, num_buffers_per_channel, use_l1_small_for_semaphores. (all_gather.cpp:148)
2026-09-03 00:19:48.466 | warning  |              Op | The following ttnn.all_gather args are deprecated and will be removed in September-2026: num_links, topology, chunks_per_sync, num_workers_per_link, num_buffers_per_channel, use_l1_small_for_semaphores. (all_gather.cpp:148)
2026-09-03 00:19:48.994 | warning  |              Op | The following ttnn.all_gather args are deprecated and will be removed in September-2026: num_links, topology, chunks_per_sync, num_workers_per_link, num_buffers_per_channel, use_l1_small_for_semaphores. (all_gather.cpp:148)
2026-09-03 00:19:48.995 | warning  |              Op | The following ttnn.all_gather args are deprecated and will be removed in September-2026: num_links, topology, chunks_per_sync, num_workers_per_link, num_buffers_per_channel, use_l1_small_for_semaphores. (all_gather.cpp:148)
----------------------------- Captured stderr call -----------------------------
2026-09-03 00:19:23.646 | DEBUG    | core:as_tensor:724 - Loaded cache for /localdev/gwang/tt_transformers/model_cache/llama33_70b/T3K/empty_kcache_paged_attention(2048, 1, 32, 128)_dtype_BFLOAT8_B_layout_TILE.tensorbin of shape Shape([2048, 1, 32, 128])
2026-09-03 00:19:23.649 | DEBUG    | core:as_tensor:724 - Loaded cache for /localdev/gwang/tt_transformers/model_cache/llama33_70b/T3K/empty_vcache_paged_attention(2048, 1, 32, 128)_dtype_BFLOAT8_B_layout_TILE.tensorbin of shape Shape([2048, 1, 32, 128])
2026-09-03 00:19:23.652 | DEBUG    | core:as_tensor:724 - Loaded cache for /localdev/gwang/tt_transformers/model_cache/llama33_70b/T3K/empty_kcache_paged_attention(2048, 1, 32, 128)_dtype_BFLOAT8_B_layout_TILE.tensorbin of shape Shape([2048, 1, 32, 128])
2026-09-03 00:19:23.655 | DEBUG    | core:as_tensor:724 - Loaded cache for /localdev/gwang/tt_transformers/model_cache/llama33_70b/T3K/empty_vcache_paged_attention(2048, 1, 32, 128)_dtype_BFLOAT8_B_layout_TILE.tensorbin of shape Shape([2048, 1, 32, 128])
2026-09-03 00:19:23.657 | DEBUG    | core:as_tensor:724 - Loaded cache for /localdev/gwang/tt_transformers/model_cache/llama33_70b/T3K/empty_kcache_paged_attention(2048, 1, 32, 128)_dtype_BFLOAT8_B_layout_TILE.tensorbin of shape Shape([2048, 1, 32, 128])
2026-09-03 00:19:23.660 | DEBUG    | core:as_tensor:724 - Loaded cache for /localdev/gwang/tt_transformers/model_cache/llama33_70b/T3K/empty_vcache_paged_attention(2048, 1, 32, 128)_dtype_BFLOAT8_B_layout_TILE.tensorbin of shape Shape([2048, 1, 32, 128])
2026-09-03 00:19:23.663 | DEBUG    | core:as_tensor:724 - Loaded cache for /localdev/gwang/tt_transformers/model_cache/llama33_70b/T3K/empty_kcache_paged_attention(2048, 1, 32, 128)_dtype_BFLOAT8_B_layout_TILE.tensorbin of shape Shape([2048, 1, 32, 128])
2026-09-03 00:19:23.666 | DEBUG    | core:as_tensor:724 - Loaded cache for /localdev/gwang/tt_transformers/model_cache/llama33_70b/T3K/empty_vcache_paged_attention(2048, 1, 32, 128)_dtype_BFLOAT8_B_layout_TILE.tensorbin of shape Shape([2048, 1, 32, 128])
2026-09-03 00:19:23.668 | DEBUG    | core:as_tensor:724 - Loaded cache for /localdev/gwang/tt_transformers/model_cache/llama33_70b/T3K/empty_kcache_paged_attention(2048, 1, 32, 128)_dtype_BFLOAT8_B_layout_TILE.tensorbin of shape Shape([2048, 1, 32, 128])
2026-09-03 00:19:23.671 | DEBUG    | core:as_tensor:724 - Loaded cache for /localdev/gwang/tt_transformers/model_cache/llama33_70b/T3K/empty_vcache_paged_attention(2048, 1, 32, 128)_dtype_BFLOAT8_B_layout_TILE.tensorbin of shape Shape([2048, 1, 32, 128])
2026-09-03 00:19:23.674 | DEBUG    | core:as_tensor:724 - Loaded cache for /localdev/gwang/tt_transformers/model_cache/llama33_70b/T3K/empty_kcache_paged_attention(2048, 1, 32, 128)_dtype_BFLOAT8_B_layout_TILE.tensorbin of shape Shape([2048, 1, 32, 128])
2026-09-03 00:19:23.676 | DEBUG    | core:as_tensor:724 - Loaded cache for /localdev/gwang/tt_transformers/model_cache/llama33_70b/T3K/empty_vcache_paged_attention(2048, 1, 32, 128)_dtype_BFLOAT8_B_layout_TILE.tensorbin of shape Shape([2048, 1, 32, 128])
2026-09-03 00:19:23.679 | DEBUG    | core:as_tensor:724 - Loaded cache for /localdev/gwang/tt_transformers/model_cache/llama33_70b/T3K/empty_kcache_paged_attention(2048, 1, 32, 128)_dtype_BFLOAT8_B_layout_TILE.tensorbin of shape Shape([2048, 1, 32, 128])
2026-09-03 00:19:23.682 | DEBUG    | core:as_tensor:724 - Loaded cache for /localdev/gwang/tt_transformers/model_cache/llama33_70b/T3K/empty_vcache_paged_attention(2048, 1, 32, 128)_dtype_BFLOAT8_B_layout_TILE.tensorbin of shape Shape([2048, 1, 32, 128])
2026-09-03 00:19:23.685 | DEBUG    | core:as_tensor:724 - Loaded cache for /localdev/gwang/tt_transformers/model_cache/llama33_70b/T3K/empty_kcache_paged_attention(2048, 1, 32, 128)_dtype_BFLOAT8_B_layout_TILE.tensorbin of shape Shape([2048, 1, 32, 128])
2026-09-03 00:19:23.687 | DEBUG    | core:as_tensor:724 - Loaded cache for /localdev/gwang/tt_transformers/model_cache/llama33_70b/T3K/empty_vcache_paged_attention(2048, 1, 32, 128)_dtype_BFLOAT8_B_layout_TILE.tensorbin of shape Shape([2048, 1, 32, 128])
2026-09-03 00:19:23.690 | DEBUG    | core:as_tensor:724 - Loaded cache for /localdev/gwang/tt_transformers/model_cache/llama33_70b/T3K/empty_kcache_paged_attention(2048, 1, 32, 128)_dtype_BFLOAT8_B_layout_TILE.tensorbin of shape Shape([2048, 1, 32, 128])
2026-09-03 00:19:23.693 | DEBUG    | core:as_tensor:724 - Loaded cache for /localdev/gwang/tt_transformers/model_cache/llama33_70b/T3K/empty_vcache_paged_attention(2048, 1, 32, 128)_dtype_BFLOAT8_B_layout_TILE.tensorbin of shape Shape([2048, 1, 32, 128])
2026-09-03 00:19:23.695 | DEBUG    | core:as_tensor:724 - Loaded cache for /localdev/gwang/tt_transformers/model_cache/llama33_70b/T3K/empty_kcache_paged_attention(2048, 1, 32, 128)_dtype_BFLOAT8_B_layout_TILE.tensorbin of shape Shape([2048, 1, 32, 128])
2026-09-03 00:19:23.698 | DEBUG    | core:as_tensor:724 - Loaded cache for /localdev/gwang/tt_transformers/model_cache/llama33_70b/T3K/empty_vcache_paged_attention(2048, 1, 32, 128)_dtype_BFLOAT8_B_layout_TILE.tensorbin of shape Shape([2048, 1, 32, 128])
2026-09-03 00:19:23.701 | DEBUG    | core:as_tensor:724 - Loaded cache for /localdev/gwang/tt_transformers/model_cache/llama33_70b/T3K/empty_kcache_paged_attention(2048, 1, 32, 128)_dtype_BFLOAT8_B_layout_TILE.tensorbin of shape Shape([2048, 1, 32, 128])
2026-09-03 00:19:23.703 | DEBUG    | core:as_tensor:724 - Loaded cache for /localdev/gwang/tt_transformers/model_cache/llama33_70b/T3K/empty_vcache_paged_attention(2048, 1, 32, 128)_dtype_BFLOAT8_B_layout_TILE.tensorbin of shape Shape([2048, 1, 32, 128])
2026-09-03 00:19:23.706 | DEBUG    | core:as_tensor:724 - Loaded cache for /localdev/gwang/tt_transformers/model_cache/llama33_70b/T3K/empty_kcache_paged_attention(2048, 1, 32, 128)_dtype_BFLOAT8_B_layout_TILE.tensorbin of shape Shape([2048, 1, 32, 128])
2026-09-03 00:19:23.708 | DEBUG    | core:as_tensor:724 - Loaded cache for /localdev/gwang/tt_transformers/model_cache/llama33_70b/T3K/empty_vcache_paged_attention(2048, 1, 32, 128)_dtype_BFLOAT8_B_layout_TILE.tensorbin of shape Shape([2048, 1, 32, 128])
2026-09-03 00:19:23.711 | DEBUG    | core:as_tensor:724 - Loaded cache for /localdev/gwang/tt_transformers/model_cache/llama33_70b/T3K/empty_kcache_paged_attention(2048, 1, 32, 128)_dtype_BFLOAT8_B_layout_TILE.tensorbin of shape Shape([2048, 1, 32, 128])
2026-09-03 00:19:23.714 | DEBUG    | core:as_tensor:724 - Loaded cache for /localdev/gwang/tt_transformers/model_cache/llama33_70b/T3K/empty_vcache_paged_attention(2048, 1, 32, 128)_dtype_BFLOAT8_B_layout_TILE.tensorbin of shape Shape([2048, 1, 32, 128])
2026-09-03 00:19:23.718 | DEBUG    | core:as_tensor:724 - Loaded cache for /localdev/gwang/tt_transformers/model_cache/llama33_70b/T3K/empty_kcache_paged_attention(2048, 1, 32, 128)_dtype_BFLOAT8_B_layout_TILE.tensorbin of shape Shape([2048, 1, 32, 128])
2026-09-03 00:19:23.721 | DEBUG    | core:as_tensor:724 - Loaded cache for /localdev/gwang/tt_transformers/model_cache/llama33_70b/T3K/empty_vcache_paged_attention(2048, 1, 32, 128)_dtype_BFLOAT8_B_layout_TILE.tensorbin of shape Shape([2048, 1, 32, 128])
2026-09-03 00:19:23.724 | DEBUG    | core:as_tensor:724 - Loaded cache for /localdev/gwang/tt_transformers/model_cache/llama33_70b/T3K/empty_kcache_paged_attention(2048, 1, 32, 128)_dtype_BFLOAT8_B_layout_TILE.tensorbin of shape Shape([2048, 1, 32, 128])
2026-09-03 00:19:23.726 | DEBUG    | core:as_tensor:724 - Loaded cache for /localdev/gwang/tt_transformers/model_cache/llama33_70b/T3K/empty_vcache_paged_attention(2048, 1, 32, 128)_dtype_BFLOAT8_B_layout_TILE.tensorbin of shape Shape([2048, 1, 32, 128])
2026-09-03 00:19:23.729 | DEBUG    | core:as_tensor:724 - Loaded cache for /localdev/gwang/tt_transformers/model_cache/llama33_70b/T3K/empty_kcache_paged_attention(2048, 1, 32, 128)_dtype_BFLOAT8_B_layout_TILE.tensorbin of shape Shape([2048, 1, 32, 128])
2026-09-03 00:19:23.732 | DEBUG    | core:as_tensor:724 - Loaded cache for /localdev/gwang/tt_transformers/model_cache/llama33_70b/T3K/empty_vcache_paged_attention(2048, 1, 32, 128)_dtype_BFLOAT8_B_layout_TILE.tensorbin of shape Shape([2048, 1, 32, 128])
2026-09-03 00:19:23.735 | DEBUG    | core:as_tensor:724 - Loaded cache for /localdev/gwang/tt_transformers/model_cache/llama33_70b/T3K/empty_kcache_paged_attention(2048, 1, 32, 128)_dtype_BFLOAT8_B_layout_TILE.tensorbin of shape Shape([2048, 1, 32, 128])
2026-09-03 00:19:23.737 | DEBUG    | core:as_tensor:724 - Loaded cache for /localdev/gwang/tt_transformers/model_cache/llama33_70b/T3K/empty_vcache_paged_attention(2048, 1, 32, 128)_dtype_BFLOAT8_B_layout_TILE.tensorbin of shape Shape([2048, 1, 32, 128])
2026-09-03 00:19:23.740 | DEBUG    | core:as_tensor:724 - Loaded cache for /localdev/gwang/tt_transformers/model_cache/llama33_70b/T3K/empty_kcache_paged_attention(2048, 1, 32, 128)_dtype_BFLOAT8_B_layout_TILE.tensorbin of shape Shape([2048, 1, 32, 128])
2026-09-03 00:19:23.744 | DEBUG    | core:as_tensor:724 - Loaded cache for /localdev/gwang/tt_transformers/model_cache/llama33_70b/T3K/empty_vcache_paged_attention(2048, 1, 32, 128)_dtype_BFLOAT8_B_layout_TILE.tensorbin of shape Shape([2048, 1, 32, 128])
2026-09-03 00:19:23.747 | DEBUG    | core:as_tensor:724 - Loaded cache for /localdev/gwang/tt_transformers/model_cache/llama33_70b/T3K/empty_kcache_paged_attention(2048, 1, 32, 128)_dtype_BFLOAT8_B_layout_TILE.tensorbin of shape Shape([2048, 1, 32, 128])
2026-09-03 00:19:23.749 | DEBUG    | core:as_tensor:724 - Loaded cache for /localdev/gwang/tt_transformers/model_cache/llama33_70b/T3K/empty_vcache_paged_attention(2048, 1, 32, 128)_dtype_BFLOAT8_B_layout_TILE.tensorbin of shape Shape([2048, 1, 32, 128])
2026-09-03 00:19:23.752 | DEBUG    | core:as_tensor:724 - Loaded cache for /localdev/gwang/tt_transformers/model_cache/llama33_70b/T3K/empty_kcache_paged_attention(2048, 1, 32, 128)_dtype_BFLOAT8_B_layout_TILE.tensorbin of shape Shape([2048, 1, 32, 128])
2026-09-03 00:19:23.754 | DEBUG    | core:as_tensor:724 - Loaded cache for /localdev/gwang/tt_transformers/model_cache/llama33_70b/T3K/empty_vcache_paged_attention(2048, 1, 32, 128)_dtype_BFLOAT8_B_layout_TILE.tensorbin of shape Shape([2048, 1, 32, 128])
2026-09-03 00:19:23.757 | DEBUG    | core:as_tensor:724 - Loaded cache for /localdev/gwang/tt_transformers/model_cache/llama33_70b/T3K/empty_kcache_paged_attention(2048, 1, 32, 128)_dtype_BFLOAT8_B_layout_TILE.tensorbin of shape Shape([2048, 1, 32, 128])
2026-09-03 00:19:23.760 | DEBUG    | core:as_tensor:724 - Loaded cache for /localdev/gwang/tt_transformers/model_cache/llama33_70b/T3K/empty_vcache_paged_attention(2048, 1, 32, 128)_dtype_BFLOAT8_B_layout_TILE.tensorbin of shape Shape([2048, 1, 32, 128])
2026-09-03 00:19:23.763 | DEBUG    | core:as_tensor:724 - Loaded cache for /localdev/gwang/tt_transformers/model_cache/llama33_70b/T3K/empty_kcache_paged_attention(2048, 1, 32, 128)_dtype_BFLOAT8_B_layout_TILE.tensorbin of shape Shape([2048, 1, 32, 128])
2026-09-03 00:19:23.765 | DEBUG    | core:as_tensor:724 - Loaded cache for /localdev/gwang/tt_transformers/model_cache/llama33_70b/T3K/empty_vcache_paged_attention(2048, 1, 32, 128)_dtype_BFLOAT8_B_layout_TILE.tensorbin of shape Shape([2048, 1, 32, 128])
2026-09-03 00:19:23.768 | DEBUG    | core:as_tensor:724 - Loaded cache for /localdev/gwang/tt_transformers/model_cache/llama33_70b/T3K/empty_kcache_paged_attention(2048, 1, 32, 128)_dtype_BFLOAT8_B_layout_TILE.tensorbin of shape Shape([2048, 1, 32, 128])
2026-09-03 00:19:23.771 | DEBUG    | core:as_tensor:724 - Loaded cache for /localdev/gwang/tt_transformers/model_cache/llama33_70b/T3K/empty_vcache_paged_attention(2048, 1, 32, 128)_dtype_BFLOAT8_B_layout_TILE.tensorbin of shape Shape([2048, 1, 32, 128])
2026-09-03 00:19:23.773 | DEBUG    | core:as_tensor:724 - Loaded cache for /localdev/gwang/tt_transformers/model_cache/llama33_70b/T3K/empty_kcache_paged_attention(2048, 1, 32, 128)_dtype_BFLOAT8_B_layout_TILE.tensorbin of shape Shape([2048, 1, 32, 128])
2026-09-03 00:19:23.776 | DEBUG    | core:as_tensor:724 - Loaded cache for /localdev/gwang/tt_transformers/model_cache/llama33_70b/T3K/empty_vcache_paged_attention(2048, 1, 32, 128)_dtype_BFLOAT8_B_layout_TILE.tensorbin of shape Shape([2048, 1, 32, 128])
2026-09-03 00:19:23.779 | DEBUG    | core:as_tensor:724 - Loaded cache for /localdev/gwang/tt_transformers/model_cache/llama33_70b/T3K/empty_kcache_paged_attention(2048, 1, 32, 128)_dtype_BFLOAT8_B_layout_TILE.tensorbin of shape Shape([2048, 1, 32, 128])
2026-09-03 00:19:23.781 | DEBUG    | core:as_tensor:724 - Loaded cache for /localdev/gwang/tt_transformers/model_cache/llama33_70b/T3K/empty_vcache_paged_attention(2048, 1, 32, 128)_dtype_BFLOAT8_B_layout_TILE.tensorbin of shape Shape([2048, 1, 32, 128])
2026-09-03 00:19:23.784 | DEBUG    | core:as_tensor:724 - Loaded cache for /localdev/gwang/tt_transformers/model_cache/llama33_70b/T3K/empty_kcache_paged_attention(2048, 1, 32, 128)_dtype_BFLOAT8_B_layout_TILE.tensorbin of shape Shape([2048, 1, 32, 128])
2026-09-03 00:19:23.787 | DEBUG    | core:as_tensor:724 - Loaded cache for /localdev/gwang/tt_transformers/model_cache/llama33_70b/T3K/empty_vcache_paged_attention(2048, 1, 32, 128)_dtype_BFLOAT8_B_layout_TILE.tensorbin of shape Shape([2048, 1, 32, 128])
2026-09-03 00:19:23.789 | DEBUG    | core:as_tensor:724 - Loaded cache for /localdev/gwang/tt_transformers/model_cache/llama33_70b/T3K/empty_kcache_paged_attention(2048, 1, 32, 128)_dtype_BFLOAT8_B_layout_TILE.tensorbin of shape Shape([2048, 1, 32, 128])
2026-09-03 00:19:23.792 | DEBUG    | core:as_tensor:724 - Loaded cache for /localdev/gwang/tt_transformers/model_cache/llama33_70b/T3K/empty_vcache_paged_attention(2048, 1, 32, 128)_dtype_BFLOAT8_B_layout_TILE.tensorbin of shape Shape([2048, 1, 32, 128])
2026-09-03 00:19:23.795 | DEBUG    | core:as_tensor:724 - Loaded cache for /localdev/gwang/tt_transformers/model_cache/llama33_70b/T3K/empty_kcache_paged_attention(2048, 1, 32, 128)_dtype_BFLOAT8_B_layout_TILE.tensorbin of shape Shape([2048, 1, 32, 128])
2026-09-03 00:19:23.797 | DEBUG    | core:as_tensor:724 - Loaded cache for /localdev/gwang/tt_transformers/model_cache/llama33_70b/T3K/empty_vcache_paged_attention(2048, 1, 32, 128)_dtype_BFLOAT8_B_layout_TILE.tensorbin of shape Shape([2048, 1, 32, 128])
2026-09-03 00:19:23.800 | DEBUG    | core:as_tensor:724 - Loaded cache for /localdev/gwang/tt_transformers/model_cache/llama33_70b/T3K/empty_kcache_paged_attention(2048, 1, 32, 128)_dtype_BFLOAT8_B_layout_TILE.tensorbin of shape Shape([2048, 1, 32, 128])
2026-09-03 00:19:23.803 | DEBUG    | core:as_tensor:724 - Loaded cache for /localdev/gwang/tt_transformers/model_cache/llama33_70b/T3K/empty_vcache_paged_attention(2048, 1, 32, 128)_dtype_BFLOAT8_B_layout_TILE.tensorbin of shape Shape([2048, 1, 32, 128])
2026-09-03 00:19:23.806 | DEBUG    | core:as_tensor:724 - Loaded cache for /localdev/gwang/tt_transformers/model_cache/llama33_70b/T3K/empty_kcache_paged_attention(2048, 1, 32, 128)_dtype_BFLOAT8_B_layout_TILE.tensorbin of shape Shape([2048, 1, 32, 128])
2026-09-03 00:19:23.808 | DEBUG    | core:as_tensor:724 - Loaded cache for /localdev/gwang/tt_transformers/model_cache/llama33_70b/T3K/empty_vcache_paged_attention(2048, 1, 32, 128)_dtype_BFLOAT8_B_layout_TILE.tensorbin of shape Shape([2048, 1, 32, 128])
2026-09-03 00:19:23.811 | DEBUG    | core:as_tensor:724 - Loaded cache for /localdev/gwang/tt_transformers/model_cache/llama33_70b/T3K/empty_kcache_paged_attention(2048, 1, 32, 128)_dtype_BFLOAT8_B_layout_TILE.tensorbin of shape Shape([2048, 1, 32, 128])
2026-09-03 00:19:23.813 | DEBUG    | core:as_tensor:724 - Loaded cache for /localdev/gwang/tt_transformers/model_cache/llama33_70b/T3K/empty_vcache_paged_attention(2048, 1, 32, 128)_dtype_BFLOAT8_B_layout_TILE.tensorbin of shape Shape([2048, 1, 32, 128])
2026-09-03 00:19:23.816 | DEBUG    | core:as_tensor:724 - Loaded cache for /localdev/gwang/tt_transformers/model_cache/llama33_70b/T3K/empty_kcache_paged_attention(2048, 1, 32, 128)_dtype_BFLOAT8_B_layout_TILE.tensorbin of shape Shape([2048, 1, 32, 128])
2026-09-03 00:19:23.819 | DEBUG    | core:as_tensor:724 - Loaded cache for /localdev/gwang/tt_transformers/model_cache/llama33_70b/T3K/empty_vcache_paged_attention(2048, 1, 32, 128)_dtype_BFLOAT8_B_layout_TILE.tensorbin of shape Shape([2048, 1, 32, 128])
2026-09-03 00:19:23.822 | DEBUG    | core:as_tensor:724 - Loaded cache for /localdev/gwang/tt_transformers/model_cache/llama33_70b/T3K/empty_kcache_paged_attention(2048, 1, 32, 128)_dtype_BFLOAT8_B_layout_TILE.tensorbin of shape Shape([2048, 1, 32, 128])
2026-09-03 00:19:23.824 | DEBUG    | core:as_tensor:724 - Loaded cache for /localdev/gwang/tt_transformers/model_cache/llama33_70b/T3K/empty_vcache_paged_attention(2048, 1, 32, 128)_dtype_BFLOAT8_B_layout_TILE.tensorbin of shape Shape([2048, 1, 32, 128])
2026-09-03 00:19:23.827 | DEBUG    | core:as_tensor:724 - Loaded cache for /localdev/gwang/tt_transformers/model_cache/llama33_70b/T3K/empty_kcache_paged_attention(2048, 1, 32, 128)_dtype_BFLOAT8_B_layout_TILE.tensorbin of shape Shape([2048, 1, 32, 128])
2026-09-03 00:19:23.829 | DEBUG    | core:as_tensor:724 - Loaded cache for /localdev/gwang/tt_transformers/model_cache/llama33_70b/T3K/empty_vcache_paged_attention(2048, 1, 32, 128)_dtype_BFLOAT8_B_layout_TILE.tensorbin of shape Shape([2048, 1, 32, 128])
2026-09-03 00:19:23.832 | DEBUG    | core:as_tensor:724 - Loaded cache for /localdev/gwang/tt_transformers/model_cache/llama33_70b/T3K/empty_kcache_paged_attention(2048, 1, 32, 128)_dtype_BFLOAT8_B_layout_TILE.tensorbin of shape Shape([2048, 1, 32, 128])
2026-09-03 00:19:23.835 | DEBUG    | core:as_tensor:724 - Loaded cache for /localdev/gwang/tt_transformers/model_cache/llama33_70b/T3K/empty_vcache_paged_attention(2048, 1, 32, 128)_dtype_BFLOAT8_B_layout_TILE.tensorbin of shape Shape([2048, 1, 32, 128])
2026-09-03 00:19:23.837 | DEBUG    | core:as_tensor:724 - Loaded cache for /localdev/gwang/tt_transformers/model_cache/llama33_70b/T3K/empty_kcache_paged_attention(2048, 1, 32, 128)_dtype_BFLOAT8_B_layout_TILE.tensorbin of shape Shape([2048, 1, 32, 128])
2026-09-03 00:19:23.840 | DEBUG    | core:as_tensor:724 - Loaded cache for /localdev/gwang/tt_transformers/model_cache/llama33_70b/T3K/empty_vcache_paged_attention(2048, 1, 32, 128)_dtype_BFLOAT8_B_layout_TILE.tensorbin of shape Shape([2048, 1, 32, 128])
2026-09-03 00:19:23.843 | DEBUG    | core:as_tensor:724 - Loaded cache for /localdev/gwang/tt_transformers/model_cache/llama33_70b/T3K/empty_kcache_paged_attention(2048, 1, 32, 128)_dtype_BFLOAT8_B_layout_TILE.tensorbin of shape Shape([2048, 1, 32, 128])
2026-09-03 00:19:23.845 | DEBUG    | core:as_tensor:724 - Loaded cache for /localdev/gwang/tt_transformers/model_cache/llama33_70b/T3K/empty_vcache_paged_attention(2048, 1, 32, 128)_dtype_BFLOAT8_B_layout_TILE.tensorbin of shape Shape([2048, 1, 32, 128])
2026-09-03 00:19:23.848 | DEBUG    | core:as_tensor:724 - Loaded cache for /localdev/gwang/tt_transformers/model_cache/llama33_70b/T3K/empty_kcache_paged_attention(2048, 1, 32, 128)_dtype_BFLOAT8_B_layout_TILE.tensorbin of shape Shape([2048, 1, 32, 128])
2026-09-03 00:19:23.851 | DEBUG    | core:as_tensor:724 - Loaded cache for /localdev/gwang/tt_transformers/model_cache/llama33_70b/T3K/empty_vcache_paged_attention(2048, 1, 32, 128)_dtype_BFLOAT8_B_layout_TILE.tensorbin of shape Shape([2048, 1, 32, 128])
2026-09-03 00:19:23.854 | DEBUG    | core:as_tensor:724 - Loaded cache for /localdev/gwang/tt_transformers/model_cache/llama33_70b/T3K/empty_kcache_paged_attention(2048, 1, 32, 128)_dtype_BFLOAT8_B_layout_TILE.tensorbin of shape Shape([2048, 1, 32, 128])
2026-09-03 00:19:23.856 | DEBUG    | core:as_tensor:724 - Loaded cache for /localdev/gwang/tt_transformers/model_cache/llama33_70b/T3K/empty_vcache_paged_attention(2048, 1, 32, 128)_dtype_BFLOAT8_B_layout_TILE.tensorbin of shape Shape([2048, 1, 32, 128])
2026-09-03 00:19:23.859 | DEBUG    | core:as_tensor:724 - Loaded cache for /localdev/gwang/tt_transformers/model_cache/llama33_70b/T3K/empty_kcache_paged_attention(2048, 1, 32, 128)_dtype_BFLOAT8_B_layout_TILE.tensorbin of shape Shape([2048, 1, 32, 128])
2026-09-03 00:19:23.862 | DEBUG    | core:as_tensor:724 - Loaded cache for /localdev/gwang/tt_transformers/model_cache/llama33_70b/T3K/empty_vcache_paged_attention(2048, 1, 32, 128)_dtype_BFLOAT8_B_layout_TILE.tensorbin of shape Shape([2048, 1, 32, 128])
2026-09-03 00:19:23.864 | DEBUG    | core:as_tensor:724 - Loaded cache for /localdev/gwang/tt_transformers/model_cache/llama33_70b/T3K/empty_kcache_paged_attention(2048, 1, 32, 128)_dtype_BFLOAT8_B_layout_TILE.tensorbin of shape Shape([2048, 1, 32, 128])
2026-09-03 00:19:23.867 | DEBUG    | core:as_tensor:724 - Loaded cache for /localdev/gwang/tt_transformers/model_cache/llama33_70b/T3K/empty_vcache_paged_attention(2048, 1, 32, 128)_dtype_BFLOAT8_B_layout_TILE.tensorbin of shape Shape([2048, 1, 32, 128])
2026-09-03 00:19:23.870 | DEBUG    | core:as_tensor:724 - Loaded cache for /localdev/gwang/tt_transformers/model_cache/llama33_70b/T3K/empty_kcache_paged_attention(2048, 1, 32, 128)_dtype_BFLOAT8_B_layout_TILE.tensorbin of shape Shape([2048, 1, 32, 128])
2026-09-03 00:19:23.873 | DEBUG    | core:as_tensor:724 - Loaded cache for /localdev/gwang/tt_transformers/model_cache/llama33_70b/T3K/empty_vcache_paged_attention(2048, 1, 32, 128)_dtype_BFLOAT8_B_layout_TILE.tensorbin of shape Shape([2048, 1, 32, 128])
2026-09-03 00:19:23.875 | DEBUG    | core:as_tensor:724 - Loaded cache for /localdev/gwang/tt_transformers/model_cache/llama33_70b/T3K/empty_kcache_paged_attention(2048, 1, 32, 128)_dtype_BFLOAT8_B_layout_TILE.tensorbin of shape Shape([2048, 1, 32, 128])
2026-09-03 00:19:23.878 | DEBUG    | core:as_tensor:724 - Loaded cache for /localdev/gwang/tt_transformers/model_cache/llama33_70b/T3K/empty_vcache_paged_attention(2048, 1, 32, 128)_dtype_BFLOAT8_B_layout_TILE.tensorbin of shape Shape([2048, 1, 32, 128])
2026-09-03 00:19:23.881 | DEBUG    | core:as_tensor:724 - Loaded cache for /localdev/gwang/tt_transformers/model_cache/llama33_70b/T3K/empty_kcache_paged_attention(2048, 1, 32, 128)_dtype_BFLOAT8_B_layout_TILE.tensorbin of shape Shape([2048, 1, 32, 128])
2026-09-03 00:19:23.883 | DEBUG    | core:as_tensor:724 - Loaded cache for /localdev/gwang/tt_transformers/model_cache/llama33_70b/T3K/empty_vcache_paged_attention(2048, 1, 32, 128)_dtype_BFLOAT8_B_layout_TILE.tensorbin of shape Shape([2048, 1, 32, 128])
2026-09-03 00:19:23.887 | DEBUG    | core:as_tensor:724 - Loaded cache for /localdev/gwang/tt_transformers/model_cache/llama33_70b/T3K/empty_kcache_paged_attention(2048, 1, 32, 128)_dtype_BFLOAT8_B_layout_TILE.tensorbin of shape Shape([2048, 1, 32, 128])
2026-09-03 00:19:23.889 | DEBUG    | core:as_tensor:724 - Loaded cache for /localdev/gwang/tt_transformers/model_cache/llama33_70b/T3K/empty_vcache_paged_attention(2048, 1, 32, 128)_dtype_BFLOAT8_B_layout_TILE.tensorbin of shape Shape([2048, 1, 32, 128])
2026-09-03 00:19:23.892 | DEBUG    | core:as_tensor:724 - Loaded cache for /localdev/gwang/tt_transformers/model_cache/llama33_70b/T3K/empty_kcache_paged_attention(2048, 1, 32, 128)_dtype_BFLOAT8_B_layout_TILE.tensorbin of shape Shape([2048, 1, 32, 128])
2026-09-03 00:19:23.895 | DEBUG    | core:as_tensor:724 - Loaded cache for /localdev/gwang/tt_transformers/model_cache/llama33_70b/T3K/empty_vcache_paged_attention(2048, 1, 32, 128)_dtype_BFLOAT8_B_layout_TILE.tensorbin of shape Shape([2048, 1, 32, 128])
2026-09-03 00:19:23.898 | DEBUG    | core:as_tensor:724 - Loaded cache for /localdev/gwang/tt_transformers/model_cache/llama33_70b/T3K/empty_kcache_paged_attention(2048, 1, 32, 128)_dtype_BFLOAT8_B_layout_TILE.tensorbin of shape Shape([2048, 1, 32, 128])
2026-09-03 00:19:23.900 | DEBUG    | core:as_tensor:724 - Loaded cache for /localdev/gwang/tt_transformers/model_cache/llama33_70b/T3K/empty_vcache_paged_attention(2048, 1, 32, 128)_dtype_BFLOAT8_B_layout_TILE.tensorbin of shape Shape([2048, 1, 32, 128])
2026-09-03 00:19:23.903 | DEBUG    | core:as_tensor:724 - Loaded cache for /localdev/gwang/tt_transformers/model_cache/llama33_70b/T3K/empty_kcache_paged_attention(2048, 1, 32, 128)_dtype_BFLOAT8_B_layout_TILE.tensorbin of shape Shape([2048, 1, 32, 128])
2026-09-03 00:19:23.905 | DEBUG    | core:as_tensor:724 - Loaded cache for /localdev/gwang/tt_transformers/model_cache/llama33_70b/T3K/empty_vcache_paged_attention(2048, 1, 32, 128)_dtype_BFLOAT8_B_layout_TILE.tensorbin of shape Shape([2048, 1, 32, 128])
2026-09-03 00:19:23.908 | DEBUG    | core:as_tensor:724 - Loaded cache for /localdev/gwang/tt_transformers/model_cache/llama33_70b/T3K/empty_kcache_paged_attention(2048, 1, 32, 128)_dtype_BFLOAT8_B_layout_TILE.tensorbin of shape Shape([2048, 1, 32, 128])
2026-09-03 00:19:23.911 | DEBUG    | core:as_tensor:724 - Loaded cache for /localdev/gwang/tt_transformers/model_cache/llama33_70b/T3K/empty_vcache_paged_attention(2048, 1, 32, 128)_dtype_BFLOAT8_B_layout_TILE.tensorbin of shape Shape([2048, 1, 32, 128])
2026-09-03 00:19:23.914 | DEBUG    | core:as_tensor:724 - Loaded cache for /localdev/gwang/tt_transformers/model_cache/llama33_70b/T3K/empty_kcache_paged_attention(2048, 1, 32, 128)_dtype_BFLOAT8_B_layout_TILE.tensorbin of shape Shape([2048, 1, 32, 128])
2026-09-03 00:19:23.916 | DEBUG    | core:as_tensor:724 - Loaded cache for /localdev/gwang/tt_transformers/model_cache/llama33_70b/T3K/empty_vcache_paged_attention(2048, 1, 32, 128)_dtype_BFLOAT8_B_layout_TILE.tensorbin of shape Shape([2048, 1, 32, 128])
2026-09-03 00:19:23.919 | DEBUG    | core:as_tensor:724 - Loaded cache for /localdev/gwang/tt_transformers/model_cache/llama33_70b/T3K/empty_kcache_paged_attention(2048, 1, 32, 128)_dtype_BFLOAT8_B_layout_TILE.tensorbin of shape Shape([2048, 1, 32, 128])
2026-09-03 00:19:23.921 | DEBUG    | core:as_tensor:724 - Loaded cache for /localdev/gwang/tt_transformers/model_cache/llama33_70b/T3K/empty_vcache_paged_attention(2048, 1, 32, 128)_dtype_BFLOAT8_B_layout_TILE.tensorbin of shape Shape([2048, 1, 32, 128])
2026-09-03 00:19:23.924 | DEBUG    | core:as_tensor:724 - Loaded cache for /localdev/gwang/tt_transformers/model_cache/llama33_70b/T3K/empty_kcache_paged_attention(2048, 1, 32, 128)_dtype_BFLOAT8_B_layout_TILE.tensorbin of shape Shape([2048, 1, 32, 128])
2026-09-03 00:19:23.927 | DEBUG    | core:as_tensor:724 - Loaded cache for /localdev/gwang/tt_transformers/model_cache/llama33_70b/T3K/empty_vcache_paged_attention(2048, 1, 32, 128)_dtype_BFLOAT8_B_layout_TILE.tensorbin of shape Shape([2048, 1, 32, 128])
2026-09-03 00:19:23.929 | DEBUG    | core:as_tensor:724 - Loaded cache for /localdev/gwang/tt_transformers/model_cache/llama33_70b/T3K/empty_kcache_paged_attention(2048, 1, 32, 128)_dtype_BFLOAT8_B_layout_TILE.tensorbin of shape Shape([2048, 1, 32, 128])
2026-09-03 00:19:23.932 | DEBUG    | core:as_tensor:724 - Loaded cache for /localdev/gwang/tt_transformers/model_cache/llama33_70b/T3K/empty_vcache_paged_attention(2048, 1, 32, 128)_dtype_BFLOAT8_B_layout_TILE.tensorbin of shape Shape([2048, 1, 32, 128])
2026-09-03 00:19:23.935 | DEBUG    | core:as_tensor:724 - Loaded cache for /localdev/gwang/tt_transformers/model_cache/llama33_70b/T3K/empty_kcache_paged_attention(2048, 1, 32, 128)_dtype_BFLOAT8_B_layout_TILE.tensorbin of shape Shape([2048, 1, 32, 128])
2026-09-03 00:19:23.937 | DEBUG    | core:as_tensor:724 - Loaded cache for /localdev/gwang/tt_transformers/model_cache/llama33_70b/T3K/empty_vcache_paged_attention(2048, 1, 32, 128)_dtype_BFLOAT8_B_layout_TILE.tensorbin of shape Shape([2048, 1, 32, 128])
2026-09-03 00:19:23.940 | DEBUG    | core:as_tensor:724 - Loaded cache for /localdev/gwang/tt_transformers/model_cache/llama33_70b/T3K/empty_kcache_paged_attention(2048, 1, 32, 128)_dtype_BFLOAT8_B_layout_TILE.tensorbin of shape Shape([2048, 1, 32, 128])
2026-09-03 00:19:23.943 | DEBUG    | core:as_tensor:724 - Loaded cache for /localdev/gwang/tt_transformers/model_cache/llama33_70b/T3K/empty_vcache_paged_attention(2048, 1, 32, 128)_dtype_BFLOAT8_B_layout_TILE.tensorbin of shape Shape([2048, 1, 32, 128])
2026-09-03 00:19:23.945 | DEBUG    | core:as_tensor:724 - Loaded cache for /localdev/gwang/tt_transformers/model_cache/llama33_70b/T3K/empty_kcache_paged_attention(2048, 1, 32, 128)_dtype_BFLOAT8_B_layout_TILE.tensorbin of shape Shape([2048, 1, 32, 128])
2026-09-03 00:19:23.948 | DEBUG    | core:as_tensor:724 - Loaded cache for /localdev/gwang/tt_transformers/model_cache/llama33_70b/T3K/empty_vcache_paged_attention(2048, 1, 32, 128)_dtype_BFLOAT8_B_layout_TILE.tensorbin of shape Shape([2048, 1, 32, 128])
2026-09-03 00:19:23.951 | DEBUG    | core:as_tensor:724 - Loaded cache for /localdev/gwang/tt_transformers/model_cache/llama33_70b/T3K/empty_kcache_paged_attention(2048, 1, 32, 128)_dtype_BFLOAT8_B_layout_TILE.tensorbin of shape Shape([2048, 1, 32, 128])
2026-09-03 00:19:23.954 | DEBUG    | core:as_tensor:724 - Loaded cache for /localdev/gwang/tt_transformers/model_cache/llama33_70b/T3K/empty_vcache_paged_attention(2048, 1, 32, 128)_dtype_BFLOAT8_B_layout_TILE.tensorbin of shape Shape([2048, 1, 32, 128])
2026-09-03 00:19:23.956 | DEBUG    | core:as_tensor:724 - Loaded cache for /localdev/gwang/tt_transformers/model_cache/llama33_70b/T3K/empty_kcache_paged_attention(2048, 1, 32, 128)_dtype_BFLOAT8_B_layout_TILE.tensorbin of shape Shape([2048, 1, 32, 128])
2026-09-03 00:19:23.959 | DEBUG    | core:as_tensor:724 - Loaded cache for /localdev/gwang/tt_transformers/model_cache/llama33_70b/T3K/empty_vcache_paged_attention(2048, 1, 32, 128)_dtype_BFLOAT8_B_layout_TILE.tensorbin of shape Shape([2048, 1, 32, 128])
2026-09-03 00:19:23.962 | DEBUG    | core:as_tensor:724 - Loaded cache for /localdev/gwang/tt_transformers/model_cache/llama33_70b/T3K/empty_kcache_paged_attention(2048, 1, 32, 128)_dtype_BFLOAT8_B_layout_TILE.tensorbin of shape Shape([2048, 1, 32, 128])
2026-09-03 00:19:23.964 | DEBUG    | core:as_tensor:724 - Loaded cache for /localdev/gwang/tt_transformers/model_cache/llama33_70b/T3K/empty_vcache_paged_attention(2048, 1, 32, 128)_dtype_BFLOAT8_B_layout_TILE.tensorbin of shape Shape([2048, 1, 32, 128])
2026-09-03 00:19:23.967 | DEBUG    | core:as_tensor:724 - Loaded cache for /localdev/gwang/tt_transformers/model_cache/llama33_70b/T3K/empty_kcache_paged_attention(2048, 1, 32, 128)_dtype_BFLOAT8_B_layout_TILE.tensorbin of shape Shape([2048, 1, 32, 128])
2026-09-03 00:19:23.970 | DEBUG    | core:as_tensor:724 - Loaded cache for /localdev/gwang/tt_transformers/model_cache/llama33_70b/T3K/empty_vcache_paged_attention(2048, 1, 32, 128)_dtype_BFLOAT8_B_layout_TILE.tensorbin of shape Shape([2048, 1, 32, 128])
2026-09-03 00:19:23.972 | DEBUG    | core:as_tensor:724 - Loaded cache for /localdev/gwang/tt_transformers/model_cache/llama33_70b/T3K/empty_kcache_paged_attention(2048, 1, 32, 128)_dtype_BFLOAT8_B_layout_TILE.tensorbin of shape Shape([2048, 1, 32, 128])
2026-09-03 00:19:23.975 | DEBUG    | core:as_tensor:724 - Loaded cache for /localdev/gwang/tt_transformers/model_cache/llama33_70b/T3K/empty_vcache_paged_attention(2048, 1, 32, 128)_dtype_BFLOAT8_B_layout_TILE.tensorbin of shape Shape([2048, 1, 32, 128])
2026-09-03 00:19:23.978 | DEBUG    | core:as_tensor:724 - Loaded cache for /localdev/gwang/tt_transformers/model_cache/llama33_70b/T3K/empty_kcache_paged_attention(2048, 1, 32, 128)_dtype_BFLOAT8_B_layout_TILE.tensorbin of shape Shape([2048, 1, 32, 128])
2026-09-03 00:19:23.980 | DEBUG    | core:as_tensor:724 - Loaded cache for /localdev/gwang/tt_transformers/model_cache/llama33_70b/T3K/empty_vcache_paged_attention(2048, 1, 32, 128)_dtype_BFLOAT8_B_layout_TILE.tensorbin of shape Shape([2048, 1, 32, 128])
2026-09-03 00:19:23.983 | DEBUG    | core:as_tensor:724 - Loaded cache for /localdev/gwang/tt_transformers/model_cache/llama33_70b/T3K/empty_kcache_paged_attention(2048, 1, 32, 128)_dtype_BFLOAT8_B_layout_TILE.tensorbin of shape Shape([2048, 1, 32, 128])
2026-09-03 00:19:23.986 | DEBUG    | core:as_tensor:724 - Loaded cache for /localdev/gwang/tt_transformers/model_cache/llama33_70b/T3K/empty_vcache_paged_attention(2048, 1, 32, 128)_dtype_BFLOAT8_B_layout_TILE.tensorbin of shape Shape([2048, 1, 32, 128])
2026-09-03 00:19:23.989 | DEBUG    | core:as_tensor:724 - Loaded cache for /localdev/gwang/tt_transformers/model_cache/llama33_70b/T3K/empty_kcache_paged_attention(2048, 1, 32, 128)_dtype_BFLOAT8_B_layout_TILE.tensorbin of shape Shape([2048, 1, 32, 128])
2026-09-03 00:19:23.992 | DEBUG    | core:as_tensor:724 - Loaded cache for /localdev/gwang/tt_transformers/model_cache/llama33_70b/T3K/empty_vcache_paged_attention(2048, 1, 32, 128)_dtype_BFLOAT8_B_layout_TILE.tensorbin of shape Shape([2048, 1, 32, 128])
2026-09-03 00:19:23.994 | DEBUG    | core:as_tensor:724 - Loaded cache for /localdev/gwang/tt_transformers/model_cache/llama33_70b/T3K/empty_kcache_paged_attention(2048, 1, 32, 128)_dtype_BFLOAT8_B_layout_TILE.tensorbin of shape Shape([2048, 1, 32, 128])
2026-09-03 00:19:23.997 | DEBUG    | core:as_tensor:724 - Loaded cache for /localdev/gwang/tt_transformers/model_cache/llama33_70b/T3K/empty_vcache_paged_attention(2048, 1, 32, 128)_dtype_BFLOAT8_B_layout_TILE.tensorbin of shape Shape([2048, 1, 32, 128])
2026-09-03 00:19:24.000 | DEBUG    | core:as_tensor:724 - Loaded cache for /localdev/gwang/tt_transformers/model_cache/llama33_70b/T3K/empty_kcache_paged_attention(2048, 1, 32, 128)_dtype_BFLOAT8_B_layout_TILE.tensorbin of shape Shape([2048, 1, 32, 128])
2026-09-03 00:19:24.002 | DEBUG    | core:as_tensor:724 - Loaded cache for /localdev/gwang/tt_transformers/model_cache/llama33_70b/T3K/empty_vcache_paged_attention(2048, 1, 32, 128)_dtype_BFLOAT8_B_layout_TILE.tensorbin of shape Shape([2048, 1, 32, 128])
2026-09-03 00:19:24.005 | DEBUG    | core:as_tensor:724 - Loaded cache for /localdev/gwang/tt_transformers/model_cache/llama33_70b/T3K/empty_kcache_paged_attention(2048, 1, 32, 128)_dtype_BFLOAT8_B_layout_TILE.tensorbin of shape Shape([2048, 1, 32, 128])
2026-09-03 00:19:24.008 | DEBUG    | core:as_tensor:724 - Loaded cache for /localdev/gwang/tt_transformers/model_cache/llama33_70b/T3K/empty_vcache_paged_attention(2048, 1, 32, 128)_dtype_BFLOAT8_B_layout_TILE.tensorbin of shape Shape([2048, 1, 32, 128])
2026-09-03 00:19:24.010 | DEBUG    | core:as_tensor:724 - Loaded cache for /localdev/gwang/tt_transformers/model_cache/llama33_70b/T3K/empty_kcache_paged_attention(2048, 1, 32, 128)_dtype_BFLOAT8_B_layout_TILE.tensorbin of shape Shape([2048, 1, 32, 128])
2026-09-03 00:19:24.013 | DEBUG    | core:as_tensor:724 - Loaded cache for /localdev/gwang/tt_transformers/model_cache/llama33_70b/T3K/empty_vcache_paged_attention(2048, 1, 32, 128)_dtype_BFLOAT8_B_layout_TILE.tensorbin of shape Shape([2048, 1, 32, 128])
2026-09-03 00:19:24.016 | DEBUG    | core:as_tensor:724 - Loaded cache for /localdev/gwang/tt_transformers/model_cache/llama33_70b/T3K/empty_kcache_paged_attention(2048, 1, 32, 128)_dtype_BFLOAT8_B_layout_TILE.tensorbin of shape Shape([2048, 1, 32, 128])
2026-09-03 00:19:24.018 | DEBUG    | core:as_tensor:724 - Loaded cache for /localdev/gwang/tt_transformers/model_cache/llama33_70b/T3K/empty_vcache_paged_attention(2048, 1, 32, 128)_dtype_BFLOAT8_B_layout_TILE.tensorbin of shape Shape([2048, 1, 32, 128])
2026-09-03 00:19:24.021 | DEBUG    | core:as_tensor:724 - Loaded cache for /localdev/gwang/tt_transformers/model_cache/llama33_70b/T3K/empty_kcache_paged_attention(2048, 1, 32, 128)_dtype_BFLOAT8_B_layout_TILE.tensorbin of shape Shape([2048, 1, 32, 128])
2026-09-03 00:19:24.024 | DEBUG    | core:as_tensor:724 - Loaded cache for /localdev/gwang/tt_transformers/model_cache/llama33_70b/T3K/empty_vcache_paged_attention(2048, 1, 32, 128)_dtype_BFLOAT8_B_layout_TILE.tensorbin of shape Shape([2048, 1, 32, 128])
2026-09-03 00:19:24.027 | DEBUG    | core:as_tensor:724 - Loaded cache for /localdev/gwang/tt_transformers/model_cache/llama33_70b/T3K/empty_kcache_paged_attention(2048, 1, 32, 128)_dtype_BFLOAT8_B_layout_TILE.tensorbin of shape Shape([2048, 1, 32, 128])
2026-09-03 00:19:24.029 | DEBUG    | core:as_tensor:724 - Loaded cache for /localdev/gwang/tt_transformers/model_cache/llama33_70b/T3K/empty_vcache_paged_attention(2048, 1, 32, 128)_dtype_BFLOAT8_B_layout_TILE.tensorbin of shape Shape([2048, 1, 32, 128])
2026-09-03 00:19:24.032 | DEBUG    | core:as_tensor:724 - Loaded cache for /localdev/gwang/tt_transformers/model_cache/llama33_70b/T3K/empty_kcache_paged_attention(2048, 1, 32, 128)_dtype_BFLOAT8_B_layout_TILE.tensorbin of shape Shape([2048, 1, 32, 128])
2026-09-03 00:19:24.035 | DEBUG    | core:as_tensor:724 - Loaded cache for /localdev/gwang/tt_transformers/model_cache/llama33_70b/T3K/empty_vcache_paged_attention(2048, 1, 32, 128)_dtype_BFLOAT8_B_layout_TILE.tensorbin of shape Shape([2048, 1, 32, 128])
2026-09-03 00:19:24.037 | DEBUG    | core:as_tensor:724 - Loaded cache for /localdev/gwang/tt_transformers/model_cache/llama33_70b/T3K/empty_kcache_paged_attention(2048, 1, 32, 128)_dtype_BFLOAT8_B_layout_TILE.tensorbin of shape Shape([2048, 1, 32, 128])
2026-09-03 00:19:24.040 | DEBUG    | core:as_tensor:724 - Loaded cache for /localdev/gwang/tt_transformers/model_cache/llama33_70b/T3K/empty_vcache_paged_attention(2048, 1, 32, 128)_dtype_BFLOAT8_B_layout_TILE.tensorbin of shape Shape([2048, 1, 32, 128])
2026-09-03 00:19:24.043 | DEBUG    | core:as_tensor:724 - Loaded cache for /localdev/gwang/tt_transformers/model_cache/llama33_70b/T3K/empty_kcache_paged_attention(2048, 1, 32, 128)_dtype_BFLOAT8_B_layout_TILE.tensorbin of shape Shape([2048, 1, 32, 128])
2026-09-03 00:19:24.045 | DEBUG    | core:as_tensor:724 - Loaded cache for /localdev/gwang/tt_transformers/model_cache/llama33_70b/T3K/empty_vcache_paged_attention(2048, 1, 32, 128)_dtype_BFLOAT8_B_layout_TILE.tensorbin of shape Shape([2048, 1, 32, 128])
2026-09-03 00:19:24.048 | DEBUG    | core:as_tensor:724 - Loaded cache for /localdev/gwang/tt_transformers/model_cache/llama33_70b/T3K/empty_kcache_paged_attention(2048, 1, 32, 128)_dtype_BFLOAT8_B_layout_TILE.tensorbin of shape Shape([2048, 1, 32, 128])
2026-09-03 00:19:24.051 | DEBUG    | core:as_tensor:724 - Loaded cache for /localdev/gwang/tt_transformers/model_cache/llama33_70b/T3K/empty_vcache_paged_attention(2048, 1, 32, 128)_dtype_BFLOAT8_B_layout_TILE.tensorbin of shape Shape([2048, 1, 32, 128])
2026-09-03 00:19:24.054 | DEBUG    | core:as_tensor:724 - Loaded cache for /localdev/gwang/tt_transformers/model_cache/llama33_70b/T3K/empty_kcache_paged_attention(2048, 1, 32, 128)_dtype_BFLOAT8_B_layout_TILE.tensorbin of shape Shape([2048, 1, 32, 128])
2026-09-03 00:19:24.056 | DEBUG    | core:as_tensor:724 - Loaded cache for /localdev/gwang/tt_transformers/model_cache/llama33_70b/T3K/empty_vcache_paged_attention(2048, 1, 32, 128)_dtype_BFLOAT8_B_layout_TILE.tensorbin of shape Shape([2048, 1, 32, 128])
2026-09-03 00:19:24.059 | DEBUG    | core:as_tensor:724 - Loaded cache for /localdev/gwang/tt_transformers/model_cache/llama33_70b/T3K/empty_kcache_paged_attention(2048, 1, 32, 128)_dtype_BFLOAT8_B_layout_TILE.tensorbin of shape Shape([2048, 1, 32, 128])
2026-09-03 00:19:24.062 | DEBUG    | core:as_tensor:724 - Loaded cache for /localdev/gwang/tt_transformers/model_cache/llama33_70b/T3K/empty_vcache_paged_attention(2048, 1, 32, 128)_dtype_BFLOAT8_B_layout_TILE.tensorbin of shape Shape([2048, 1, 32, 128])
2026-09-03 00:19:24.065 | DEBUG    | core:as_tensor:724 - Loaded cache for /localdev/gwang/tt_transformers/model_cache/llama33_70b/T3K/empty_kcache_paged_attention(2048, 1, 32, 128)_dtype_BFLOAT8_B_layout_TILE.tensorbin of shape Shape([2048, 1, 32, 128])
2026-09-03 00:19:24.067 | DEBUG    | core:as_tensor:724 - Loaded cache for /localdev/gwang/tt_transformers/model_cache/llama33_70b/T3K/empty_vcache_paged_attention(2048, 1, 32, 128)_dtype_BFLOAT8_B_layout_TILE.tensorbin of shape Shape([2048, 1, 32, 128])
2026-09-03 00:19:24.070 | DEBUG    | core:as_tensor:724 - Loaded cache for /localdev/gwang/tt_transformers/model_cache/llama33_70b/T3K/empty_kcache_paged_attention(2048, 1, 32, 128)_dtype_BFLOAT8_B_layout_TILE.tensorbin of shape Shape([2048, 1, 32, 128])
2026-09-03 00:19:24.073 | DEBUG    | core:as_tensor:724 - Loaded cache for /localdev/gwang/tt_transformers/model_cache/llama33_70b/T3K/empty_vcache_paged_attention(2048, 1, 32, 128)_dtype_BFLOAT8_B_layout_TILE.tensorbin of shape Shape([2048, 1, 32, 128])
2026-09-03 00:19:24.076 | DEBUG    | core:as_tensor:724 - Loaded cache for /localdev/gwang/tt_transformers/model_cache/llama33_70b/T3K/empty_kcache_paged_attention(2048, 1, 32, 128)_dtype_BFLOAT8_B_layout_TILE.tensorbin of shape Shape([2048, 1, 32, 128])
2026-09-03 00:19:24.078 | DEBUG    | core:as_tensor:724 - Loaded cache for /localdev/gwang/tt_transformers/model_cache/llama33_70b/T3K/empty_vcache_paged_attention(2048, 1, 32, 128)_dtype_BFLOAT8_B_layout_TILE.tensorbin of shape Shape([2048, 1, 32, 128])
2026-09-03 00:19:27.869 | DEBUG    | core:as_tensor:724 - Loaded cache for /localdev/gwang/tt_transformers/model_cache/llama33_70b/T3K/empty_kcache_paged_attention(2048, 1, 32, 128)_dtype_BFLOAT8_B_layout_TILE.tensorbin of shape Shape([2048, 1, 32, 128])
2026-09-03 00:19:27.872 | DEBUG    | core:as_tensor:724 - Loaded cache for /localdev/gwang/tt_transformers/model_cache/llama33_70b/T3K/empty_vcache_paged_attention(2048, 1, 32, 128)_dtype_BFLOAT8_B_layout_TILE.tensorbin of shape Shape([2048, 1, 32, 128])
2026-09-03 00:19:27.875 | DEBUG    | core:as_tensor:724 - Loaded cache for /localdev/gwang/tt_transformers/model_cache/llama33_70b/T3K/empty_kcache_paged_attention(2048, 1, 32, 128)_dtype_BFLOAT8_B_layout_TILE.tensorbin of shape Shape([2048, 1, 32, 128])
2026-09-03 00:19:27.877 | DEBUG    | core:as_tensor:724 - Loaded cache for /localdev/gwang/tt_transformers/model_cache/llama33_70b/T3K/empty_vcache_paged_attention(2048, 1, 32, 128)_dtype_BFLOAT8_B_layout_TILE.tensorbin of shape Shape([2048, 1, 32, 128])
2026-09-03 00:19:27.880 | DEBUG    | core:as_tensor:724 - Loaded cache for /localdev/gwang/tt_transformers/model_cache/llama33_70b/T3K/empty_kcache_paged_attention(2048, 1, 32, 128)_dtype_BFLOAT8_B_layout_TILE.tensorbin of shape Shape([2048, 1, 32, 128])
2026-09-03 00:19:27.883 | DEBUG    | core:as_tensor:724 - Loaded cache for /localdev/gwang/tt_transformers/model_cache/llama33_70b/T3K/empty_vcache_paged_attention(2048, 1, 32, 128)_dtype_BFLOAT8_B_layout_TILE.tensorbin of shape Shape([2048, 1, 32, 128])
2026-09-03 00:19:27.887 | DEBUG    | core:as_tensor:724 - Loaded cache for /localdev/gwang/tt_transformers/model_cache/llama33_70b/T3K/empty_kcache_paged_attention(2048, 1, 32, 128)_dtype_BFLOAT8_B_layout_TILE.tensorbin of shape Shape([2048, 1, 32, 128])
2026-09-03 00:19:27.890 | DEBUG    | core:as_tensor:724 - Loaded cache for /localdev/gwang/tt_transformers/model_cache/llama33_70b/T3K/empty_vcache_paged_attention(2048, 1, 32, 128)_dtype_BFLOAT8_B_layout_TILE.tensorbin of shape Shape([2048, 1, 32, 128])
2026-09-03 00:19:27.893 | DEBUG    | core:as_tensor:724 - Loaded cache for /localdev/gwang/tt_transformers/model_cache/llama33_70b/T3K/empty_kcache_paged_attention(2048, 1, 32, 128)_dtype_BFLOAT8_B_layout_TILE.tensorbin of shape Shape([2048, 1, 32, 128])
2026-09-03 00:19:27.895 | DEBUG    | core:as_tensor:724 - Loaded cache for /localdev/gwang/tt_transformers/model_cache/llama33_70b/T3K/empty_vcache_paged_attention(2048, 1, 32, 128)_dtype_BFLOAT8_B_layout_TILE.tensorbin of shape Shape([2048, 1, 32, 128])
2026-09-03 00:19:27.898 | DEBUG    | core:as_tensor:724 - Loaded cache for /localdev/gwang/tt_transformers/model_cache/llama33_70b/T3K/empty_kcache_paged_attention(2048, 1, 32, 128)_dtype_BFLOAT8_B_layout_TILE.tensorbin of shape Shape([2048, 1, 32, 128])
2026-09-03 00:19:27.901 | DEBUG    | core:as_tensor:724 - Loaded cache for /localdev/gwang/tt_transformers/model_cache/llama33_70b/T3K/empty_vcache_paged_attention(2048, 1, 32, 128)_dtype_BFLOAT8_B_layout_TILE.tensorbin of shape Shape([2048, 1, 32, 128])
2026-09-03 00:19:27.903 | DEBUG    | core:as_tensor:724 - Loaded cache for /localdev/gwang/tt_transformers/model_cache/llama33_70b/T3K/empty_kcache_paged_attention(2048, 1, 32, 128)_dtype_BFLOAT8_B_layout_TILE.tensorbin of shape Shape([2048, 1, 32, 128])
2026-09-03 00:19:27.906 | DEBUG    | core:as_tensor:724 - Loaded cache for /localdev/gwang/tt_transformers/model_cache/llama33_70b/T3K/empty_vcache_paged_attention(2048, 1, 32, 128)_dtype_BFLOAT8_B_layout_TILE.tensorbin of shape Shape([2048, 1, 32, 128])
2026-09-03 00:19:27.909 | DEBUG    | core:as_tensor:724 - Loaded cache for /localdev/gwang/tt_transformers/model_cache/llama33_70b/T3K/empty_kcache_paged_attention(2048, 1, 32, 128)_dtype_BFLOAT8_B_layout_TILE.tensorbin of shape Shape([2048, 1, 32, 128])
2026-09-03 00:19:27.911 | DEBUG    | core:as_tensor:724 - Loaded cache for /localdev/gwang/tt_transformers/model_cache/llama33_70b/T3K/empty_vcache_paged_attention(2048, 1, 32, 128)_dtype_BFLOAT8_B_layout_TILE.tensorbin of shape Shape([2048, 1, 32, 128])
2026-09-03 00:19:27.914 | DEBUG    | core:as_tensor:724 - Loaded cache for /localdev/gwang/tt_transformers/model_cache/llama33_70b/T3K/empty_kcache_paged_attention(2048, 1, 32, 128)_dtype_BFLOAT8_B_layout_TILE.tensorbin of shape Shape([2048, 1, 32, 128])
2026-09-03 00:19:27.917 | DEBUG    | core:as_tensor:724 - Loaded cache for /localdev/gwang/tt_transformers/model_cache/llama33_70b/T3K/empty_vcache_paged_attention(2048, 1, 32, 128)_dtype_BFLOAT8_B_layout_TILE.tensorbin of shape Shape([2048, 1, 32, 128])
2026-09-03 00:19:27.920 | DEBUG    | core:as_tensor:724 - Loaded cache for /localdev/gwang/tt_transformers/model_cache/llama33_70b/T3K/empty_kcache_paged_attention(2048, 1, 32, 128)_dtype_BFLOAT8_B_layout_TILE.tensorbin of shape Shape([2048, 1, 32, 128])
2026-09-03 00:19:27.922 | DEBUG    | core:as_tensor:724 - Loaded cache for /localdev/gwang/tt_transformers/model_cache/llama33_70b/T3K/empty_vcache_paged_attention(2048, 1, 32, 128)_dtype_BFLOAT8_B_layout_TILE.tensorbin of shape Shape([2048, 1, 32, 128])
2026-09-03 00:19:27.925 | DEBUG    | core:as_tensor:724 - Loaded cache for /localdev/gwang/tt_transformers/model_cache/llama33_70b/T3K/empty_kcache_paged_attention(2048, 1, 32, 128)_dtype_BFLOAT8_B_layout_TILE.tensorbin of shape Shape([2048, 1, 32, 128])
2026-09-03 00:19:27.928 | DEBUG    | core:as_tensor:724 - Loaded cache for /localdev/gwang/tt_transformers/model_cache/llama33_70b/T3K/empty_vcache_paged_attention(2048, 1, 32, 128)_dtype_BFLOAT8_B_layout_TILE.tensorbin of shape Shape([2048, 1, 32, 128])
2026-09-03 00:19:27.930 | DEBUG    | core:as_tensor:724 - Loaded cache for /localdev/gwang/tt_transformers/model_cache/llama33_70b/T3K/empty_kcache_paged_attention(2048, 1, 32, 128)_dtype_BFLOAT8_B_layout_TILE.tensorbin of shape Shape([2048, 1, 32, 128])
2026-09-03 00:19:27.933 | DEBUG    | core:as_tensor:724 - Loaded cache for /localdev/gwang/tt_transformers/model_cache/llama33_70b/T3K/empty_vcache_paged_attention(2048, 1, 32, 128)_dtype_BFLOAT8_B_layout_TILE.tensorbin of shape Shape([2048, 1, 32, 128])
2026-09-03 00:19:27.936 | DEBUG    | core:as_tensor:724 - Loaded cache for /localdev/gwang/tt_transformers/model_cache/llama33_70b/T3K/empty_kcache_paged_attention(2048, 1, 32, 128)_dtype_BFLOAT8_B_layout_TILE.tensorbin of shape Shape([2048, 1, 32, 128])
2026-09-03 00:19:27.938 | DEBUG    | core:as_tensor:724 - Loaded cache for /localdev/gwang/tt_transformers/model_cache/llama33_70b/T3K/empty_vcache_paged_attention(2048, 1, 32, 128)_dtype_BFLOAT8_B_layout_TILE.tensorbin of shape Shape([2048, 1, 32, 128])
2026-09-03 00:19:27.941 | DEBUG    | core:as_tensor:724 - Loaded cache for /localdev/gwang/tt_transformers/model_cache/llama33_70b/T3K/empty_kcache_paged_attention(2048, 1, 32, 128)_dtype_BFLOAT8_B_layout_TILE.tensorbin of shape Shape([2048, 1, 32, 128])
2026-09-03 00:19:27.944 | DEBUG    | core:as_tensor:724 - Loaded cache for /localdev/gwang/tt_transformers/model_cache/llama33_70b/T3K/empty_vcache_paged_attention(2048, 1, 32, 128)_dtype_BFLOAT8_B_layout_TILE.tensorbin of shape Shape([2048, 1, 32, 128])
2026-09-03 00:19:27.946 | DEBUG    | core:as_tensor:724 - Loaded cache for /localdev/gwang/tt_transformers/model_cache/llama33_70b/T3K/empty_kcache_paged_attention(2048, 1, 32, 128)_dtype_BFLOAT8_B_layout_TILE.tensorbin of shape Shape([2048, 1, 32, 128])
2026-09-03 00:19:27.949 | DEBUG    | core:as_tensor:724 - Loaded cache for /localdev/gwang/tt_transformers/model_cache/llama33_70b/T3K/empty_vcache_paged_attention(2048, 1, 32, 128)_dtype_BFLOAT8_B_layout_TILE.tensorbin of shape Shape([2048, 1, 32, 128])
2026-09-03 00:19:27.952 | DEBUG    | core:as_tensor:724 - Loaded cache for /localdev/gwang/tt_transformers/model_cache/llama33_70b/T3K/empty_kcache_paged_attention(2048, 1, 32, 128)_dtype_BFLOAT8_B_layout_TILE.tensorbin of shape Shape([2048, 1, 32, 128])
2026-09-03 00:19:27.954 | DEBUG    | core:as_tensor:724 - Loaded cache for /localdev/gwang/tt_transformers/model_cache/llama33_70b/T3K/empty_vcache_paged_attention(2048, 1, 32, 128)_dtype_BFLOAT8_B_layout_TILE.tensorbin of shape Shape([2048, 1, 32, 128])
2026-09-03 00:19:27.957 | DEBUG    | core:as_tensor:724 - Loaded cache for /localdev/gwang/tt_transformers/model_cache/llama33_70b/T3K/empty_kcache_paged_attention(2048, 1, 32, 128)_dtype_BFLOAT8_B_layout_TILE.tensorbin of shape Shape([2048, 1, 32, 128])
2026-09-03 00:19:27.960 | DEBUG    | core:as_tensor:724 - Loaded cache for /localdev/gwang/tt_transformers/model_cache/llama33_70b/T3K/empty_vcache_paged_attention(2048, 1, 32, 128)_dtype_BFLOAT8_B_layout_TILE.tensorbin of shape Shape([2048, 1, 32, 128])
2026-09-03 00:19:27.962 | DEBUG    | core:as_tensor:724 - Loaded cache for /localdev/gwang/tt_transformers/model_cache/llama33_70b/T3K/empty_kcache_paged_attention(2048, 1, 32, 128)_dtype_BFLOAT8_B_layout_TILE.tensorbin of shape Shape([2048, 1, 32, 128])
2026-09-03 00:19:27.965 | DEBUG    | core:as_tensor:724 - Loaded cache for /localdev/gwang/tt_transformers/model_cache/llama33_70b/T3K/empty_vcache_paged_attention(2048, 1, 32, 128)_dtype_BFLOAT8_B_layout_TILE.tensorbin of shape Shape([2048, 1, 32, 128])
2026-09-03 00:19:27.968 | DEBUG    | core:as_tensor:724 - Loaded cache for /localdev/gwang/tt_transformers/model_cache/llama33_70b/T3K/empty_kcache_paged_attention(2048, 1, 32, 128)_dtype_BFLOAT8_B_layout_TILE.tensorbin of shape Shape([2048, 1, 32, 128])
2026-09-03 00:19:27.970 | DEBUG    | core:as_tensor:724 - Loaded cache for /localdev/gwang/tt_transformers/model_cache/llama33_70b/T3K/empty_vcache_paged_attention(2048, 1, 32, 128)_dtype_BFLOAT8_B_layout_TILE.tensorbin of shape Shape([2048, 1, 32, 128])
2026-09-03 00:19:27.973 | DEBUG    | core:as_tensor:724 - Loaded cache for /localdev/gwang/tt_transformers/model_cache/llama33_70b/T3K/empty_kcache_paged_attention(2048, 1, 32, 128)_dtype_BFLOAT8_B_layout_TILE.tensorbin of shape Shape([2048, 1, 32, 128])
2026-09-03 00:19:27.976 | DEBUG    | core:as_tensor:724 - Loaded cache for /localdev/gwang/tt_transformers/model_cache/llama33_70b/T3K/empty_vcache_paged_attention(2048, 1, 32, 128)_dtype_BFLOAT8_B_layout_TILE.tensorbin of shape Shape([2048, 1, 32, 128])
2026-09-03 00:19:27.978 | DEBUG    | core:as_tensor:724 - Loaded cache for /localdev/gwang/tt_transformers/model_cache/llama33_70b/T3K/empty_kcache_paged_attention(2048, 1, 32, 128)_dtype_BFLOAT8_B_layout_TILE.tensorbin of shape Shape([2048, 1, 32, 128])
2026-09-03 00:19:27.981 | DEBUG    | core:as_tensor:724 - Loaded cache for /localdev/gwang/tt_transformers/model_cache/llama33_70b/T3K/empty_vcache_paged_attention(2048, 1, 32, 128)_dtype_BFLOAT8_B_layout_TILE.tensorbin of shape Shape([2048, 1, 32, 128])
2026-09-03 00:19:27.984 | DEBUG    | core:as_tensor:724 - Loaded cache for /localdev/gwang/tt_transformers/model_cache/llama33_70b/T3K/empty_kcache_paged_attention(2048, 1, 32, 128)_dtype_BFLOAT8_B_layout_TILE.tensorbin of shape Shape([2048, 1, 32, 128])
2026-09-03 00:19:27.986 | DEBUG    | core:as_tensor:724 - Loaded cache for /localdev/gwang/tt_transformers/model_cache/llama33_70b/T3K/empty_vcache_paged_attention(2048, 1, 32, 128)_dtype_BFLOAT8_B_layout_TILE.tensorbin of shape Shape([2048, 1, 32, 128])
2026-09-03 00:19:27.989 | DEBUG    | core:as_tensor:724 - Loaded cache for /localdev/gwang/tt_transformers/model_cache/llama33_70b/T3K/empty_kcache_paged_attention(2048, 1, 32, 128)_dtype_BFLOAT8_B_layout_TILE.tensorbin of shape Shape([2048, 1, 32, 128])
2026-09-03 00:19:27.992 | DEBUG    | core:as_tensor:724 - Loaded cache for /localdev/gwang/tt_transformers/model_cache/llama33_70b/T3K/empty_vcache_paged_attention(2048, 1, 32, 128)_dtype_BFLOAT8_B_layout_TILE.tensorbin of shape Shape([2048, 1, 32, 128])
2026-09-03 00:19:27.994 | DEBUG    | core:as_tensor:724 - Loaded cache for /localdev/gwang/tt_transformers/model_cache/llama33_70b/T3K/empty_kcache_paged_attention(2048, 1, 32, 128)_dtype_BFLOAT8_B_layout_TILE.tensorbin of shape Shape([2048, 1, 32, 128])
2026-09-03 00:19:27.997 | DEBUG    | core:as_tensor:724 - Loaded cache for /localdev/gwang/tt_transformers/model_cache/llama33_70b/T3K/empty_vcache_paged_attention(2048, 1, 32, 128)_dtype_BFLOAT8_B_layout_TILE.tensorbin of shape Shape([2048, 1, 32, 128])
2026-09-03 00:19:28.000 | DEBUG    | core:as_tensor:724 - Loaded cache for /localdev/gwang/tt_transformers/model_cache/llama33_70b/T3K/empty_kcache_paged_attention(2048, 1, 32, 128)_dtype_BFLOAT8_B_layout_TILE.tensorbin of shape Shape([2048, 1, 32, 128])
2026-09-03 00:19:28.002 | DEBUG    | core:as_tensor:724 - Loaded cache for /localdev/gwang/tt_transformers/model_cache/llama33_70b/T3K/empty_vcache_paged_attention(2048, 1, 32, 128)_dtype_BFLOAT8_B_layout_TILE.tensorbin of shape Shape([2048, 1, 32, 128])
2026-09-03 00:19:28.005 | DEBUG    | core:as_tensor:724 - Loaded cache for /localdev/gwang/tt_transformers/model_cache/llama33_70b/T3K/empty_kcache_paged_attention(2048, 1, 32, 128)_dtype_BFLOAT8_B_layout_TILE.tensorbin of shape Shape([2048, 1, 32, 128])
2026-09-03 00:19:28.008 | DEBUG    | core:as_tensor:724 - Loaded cache for /localdev/gwang/tt_transformers/model_cache/llama33_70b/T3K/empty_vcache_paged_attention(2048, 1, 32, 128)_dtype_BFLOAT8_B_layout_TILE.tensorbin of shape Shape([2048, 1, 32, 128])
2026-09-03 00:19:28.011 | DEBUG    | core:as_tensor:724 - Loaded cache for /localdev/gwang/tt_transformers/model_cache/llama33_70b/T3K/empty_kcache_paged_attention(2048, 1, 32, 128)_dtype_BFLOAT8_B_layout_TILE.tensorbin of shape Shape([2048, 1, 32, 128])
2026-09-03 00:19:28.013 | DEBUG    | core:as_tensor:724 - Loaded cache for /localdev/gwang/tt_transformers/model_cache/llama33_70b/T3K/empty_vcache_paged_attention(2048, 1, 32, 128)_dtype_BFLOAT8_B_layout_TILE.tensorbin of shape Shape([2048, 1, 32, 128])
2026-09-03 00:19:28.016 | DEBUG    | core:as_tensor:724 - Loaded cache for /localdev/gwang/tt_transformers/model_cache/llama33_70b/T3K/empty_kcache_paged_attention(2048, 1, 32, 128)_dtype_BFLOAT8_B_layout_TILE.tensorbin of shape Shape([2048, 1, 32, 128])
2026-09-03 00:19:28.019 | DEBUG    | core:as_tensor:724 - Loaded cache for /localdev/gwang/tt_transformers/model_cache/llama33_70b/T3K/empty_vcache_paged_attention(2048, 1, 32, 128)_dtype_BFLOAT8_B_layout_TILE.tensorbin of shape Shape([2048, 1, 32, 128])
2026-09-03 00:19:28.021 | DEBUG    | core:as_tensor:724 - Loaded cache for /localdev/gwang/tt_transformers/model_cache/llama33_70b/T3K/empty_kcache_paged_attention(2048, 1, 32, 128)_dtype_BFLOAT8_B_layout_TILE.tensorbin of shape Shape([2048, 1, 32, 128])
2026-09-03 00:19:28.024 | DEBUG    | core:as_tensor:724 - Loaded cache for /localdev/gwang/tt_transformers/model_cache/llama33_70b/T3K/empty_vcache_paged_attention(2048, 1, 32, 128)_dtype_BFLOAT8_B_layout_TILE.tensorbin of shape Shape([2048, 1, 32, 128])
2026-09-03 00:19:28.027 | DEBUG    | core:as_tensor:724 - Loaded cache for /localdev/gwang/tt_transformers/model_cache/llama33_70b/T3K/empty_kcache_paged_attention(2048, 1, 32, 128)_dtype_BFLOAT8_B_layout_TILE.tensorbin of shape Shape([2048, 1, 32, 128])
2026-09-03 00:19:28.030 | DEBUG    | core:as_tensor:724 - Loaded cache for /localdev/gwang/tt_transformers/model_cache/llama33_70b/T3K/empty_vcache_paged_attention(2048, 1, 32, 128)_dtype_BFLOAT8_B_layout_TILE.tensorbin of shape Shape([2048, 1, 32, 128])
2026-09-03 00:19:28.032 | DEBUG    | core:as_tensor:724 - Loaded cache for /localdev/gwang/tt_transformers/model_cache/llama33_70b/T3K/empty_kcache_paged_attention(2048, 1, 32, 128)_dtype_BFLOAT8_B_layout_TILE.tensorbin of shape Shape([2048, 1, 32, 128])
2026-09-03 00:19:28.035 | DEBUG    | core:as_tensor:724 - Loaded cache for /localdev/gwang/tt_transformers/model_cache/llama33_70b/T3K/empty_vcache_paged_attention(2048, 1, 32, 128)_dtype_BFLOAT8_B_layout_TILE.tensorbin of shape Shape([2048, 1, 32, 128])
2026-09-03 00:19:28.038 | DEBUG    | core:as_tensor:724 - Loaded cache for /localdev/gwang/tt_transformers/model_cache/llama33_70b/T3K/empty_kcache_paged_attention(2048, 1, 32, 128)_dtype_BFLOAT8_B_layout_TILE.tensorbin of shape Shape([2048, 1, 32, 128])
2026-09-03 00:19:28.041 | DEBUG    | core:as_tensor:724 - Loaded cache for /localdev/gwang/tt_transformers/model_cache/llama33_70b/T3K/empty_vcache_paged_attention(2048, 1, 32, 128)_dtype_BFLOAT8_B_layout_TILE.tensorbin of shape Shape([2048, 1, 32, 128])
2026-09-03 00:19:28.044 | DEBUG    | core:as_tensor:724 - Loaded cache for /localdev/gwang/tt_transformers/model_cache/llama33_70b/T3K/empty_kcache_paged_attention(2048, 1, 32, 128)_dtype_BFLOAT8_B_layout_TILE.tensorbin of shape Shape([2048, 1, 32, 128])
2026-09-03 00:19:28.046 | DEBUG    | core:as_tensor:724 - Loaded cache for /localdev/gwang/tt_transformers/model_cache/llama33_70b/T3K/empty_vcache_paged_attention(2048, 1, 32, 128)_dtype_BFLOAT8_B_layout_TILE.tensorbin of shape Shape([2048, 1, 32, 128])
2026-09-03 00:19:28.049 | DEBUG    | core:as_tensor:724 - Loaded cache for /localdev/gwang/tt_transformers/model_cache/llama33_70b/T3K/empty_kcache_paged_attention(2048, 1, 32, 128)_dtype_BFLOAT8_B_layout_TILE.tensorbin of shape Shape([2048, 1, 32, 128])
2026-09-03 00:19:28.052 | DEBUG    | core:as_tensor:724 - Loaded cache for /localdev/gwang/tt_transformers/model_cache/llama33_70b/T3K/empty_vcache_paged_attention(2048, 1, 32, 128)_dtype_BFLOAT8_B_layout_TILE.tensorbin of shape Shape([2048, 1, 32, 128])
2026-09-03 00:19:28.054 | DEBUG    | core:as_tensor:724 - Loaded cache for /localdev/gwang/tt_transformers/model_cache/llama33_70b/T3K/empty_kcache_paged_attention(2048, 1, 32, 128)_dtype_BFLOAT8_B_layout_TILE.tensorbin of shape Shape([2048, 1, 32, 128])
2026-09-03 00:19:28.057 | DEBUG    | core:as_tensor:724 - Loaded cache for /localdev/gwang/tt_transformers/model_cache/llama33_70b/T3K/empty_vcache_paged_attention(2048, 1, 32, 128)_dtype_BFLOAT8_B_layout_TILE.tensorbin of shape Shape([2048, 1, 32, 128])
2026-09-03 00:19:28.060 | DEBUG    | core:as_tensor:724 - Loaded cache for /localdev/gwang/tt_transformers/model_cache/llama33_70b/T3K/empty_kcache_paged_attention(2048, 1, 32, 128)_dtype_BFLOAT8_B_layout_TILE.tensorbin of shape Shape([2048, 1, 32, 128])
2026-09-03 00:19:28.062 | DEBUG    | core:as_tensor:724 - Loaded cache for /localdev/gwang/tt_transformers/model_cache/llama33_70b/T3K/empty_vcache_paged_attention(2048, 1, 32, 128)_dtype_BFLOAT8_B_layout_TILE.tensorbin of shape Shape([2048, 1, 32, 128])
2026-09-03 00:19:28.065 | DEBUG    | core:as_tensor:724 - Loaded cache for /localdev/gwang/tt_transformers/model_cache/llama33_70b/T3K/empty_kcache_paged_attention(2048, 1, 32, 128)_dtype_BFLOAT8_B_layout_TILE.tensorbin of shape Shape([2048, 1, 32, 128])
2026-09-03 00:19:28.068 | DEBUG    | core:as_tensor:724 - Loaded cache for /localdev/gwang/tt_transformers/model_cache/llama33_70b/T3K/empty_vcache_paged_attention(2048, 1, 32, 128)_dtype_BFLOAT8_B_layout_TILE.tensorbin of shape Shape([2048, 1, 32, 128])
2026-09-03 00:19:28.071 | DEBUG    | core:as_tensor:724 - Loaded cache for /localdev/gwang/tt_transformers/model_cache/llama33_70b/T3K/empty_kcache_paged_attention(2048, 1, 32, 128)_dtype_BFLOAT8_B_layout_TILE.tensorbin of shape Shape([2048, 1, 32, 128])
2026-09-03 00:19:28.073 | DEBUG    | core:as_tensor:724 - Loaded cache for /localdev/gwang/tt_transformers/model_cache/llama33_70b/T3K/empty_vcache_paged_attention(2048, 1, 32, 128)_dtype_BFLOAT8_B_layout_TILE.tensorbin of shape Shape([2048, 1, 32, 128])
2026-09-03 00:19:28.076 | DEBUG    | core:as_tensor:724 - Loaded cache for /localdev/gwang/tt_transformers/model_cache/llama33_70b/T3K/empty_kcache_paged_attention(2048, 1, 32, 128)_dtype_BFLOAT8_B_layout_TILE.tensorbin of shape Shape([2048, 1, 32, 128])
2026-09-03 00:19:28.079 | DEBUG    | core:as_tensor:724 - Loaded cache for /localdev/gwang/tt_transformers/model_cache/llama33_70b/T3K/empty_vcache_paged_attention(2048, 1, 32, 128)_dtype_BFLOAT8_B_layout_TILE.tensorbin of shape Shape([2048, 1, 32, 128])
2026-09-03 00:19:28.081 | DEBUG    | core:as_tensor:724 - Loaded cache for /localdev/gwang/tt_transformers/model_cache/llama33_70b/T3K/empty_kcache_paged_attention(2048, 1, 32, 128)_dtype_BFLOAT8_B_layout_TILE.tensorbin of shape Shape([2048, 1, 32, 128])
2026-09-03 00:19:28.084 | DEBUG    | core:as_tensor:724 - Loaded cache for /localdev/gwang/tt_transformers/model_cache/llama33_70b/T3K/empty_vcache_paged_attention(2048, 1, 32, 128)_dtype_BFLOAT8_B_layout_TILE.tensorbin of shape Shape([2048, 1, 32, 128])
2026-09-03 00:19:28.087 | DEBUG    | core:as_tensor:724 - Loaded cache for /localdev/gwang/tt_transformers/model_cache/llama33_70b/T3K/empty_kcache_paged_attention(2048, 1, 32, 128)_dtype_BFLOAT8_B_layout_TILE.tensorbin of shape Shape([2048, 1, 32, 128])
2026-09-03 00:19:28.089 | DEBUG    | core:as_tensor:724 - Loaded cache for /localdev/gwang/tt_transformers/model_cache/llama33_70b/T3K/empty_vcache_paged_attention(2048, 1, 32, 128)_dtype_BFLOAT8_B_layout_TILE.tensorbin of shape Shape([2048, 1, 32, 128])
2026-09-03 00:19:28.092 | DEBUG    | core:as_tensor:724 - Loaded cache for /localdev/gwang/tt_transformers/model_cache/llama33_70b/T3K/empty_kcache_paged_attention(2048, 1, 32, 128)_dtype_BFLOAT8_B_layout_TILE.tensorbin of shape Shape([2048, 1, 32, 128])
2026-09-03 00:19:28.095 | DEBUG    | core:as_tensor:724 - Loaded cache for /localdev/gwang/tt_transformers/model_cache/llama33_70b/T3K/empty_vcache_paged_attention(2048, 1, 32, 128)_dtype_BFLOAT8_B_layout_TILE.tensorbin of shape Shape([2048, 1, 32, 128])
2026-09-03 00:19:28.098 | DEBUG    | core:as_tensor:724 - Loaded cache for /localdev/gwang/tt_transformers/model_cache/llama33_70b/T3K/empty_kcache_paged_attention(2048, 1, 32, 128)_dtype_BFLOAT8_B_layout_TILE.tensorbin of shape Shape([2048, 1, 32, 128])
2026-09-03 00:19:28.100 | DEBUG    | core:as_tensor:724 - Loaded cache for /localdev/gwang/tt_transformers/model_cache/llama33_70b/T3K/empty_vcache_paged_attention(2048, 1, 32, 128)_dtype_BFLOAT8_B_layout_TILE.tensorbin of shape Shape([2048, 1, 32, 128])
2026-09-03 00:19:28.103 | DEBUG    | core:as_tensor:724 - Loaded cache for /localdev/gwang/tt_transformers/model_cache/llama33_70b/T3K/empty_kcache_paged_attention(2048, 1, 32, 128)_dtype_BFLOAT8_B_layout_TILE.tensorbin of shape Shape([2048, 1, 32, 128])
2026-09-03 00:19:28.106 | DEBUG    | core:as_tensor:724 - Loaded cache for /localdev/gwang/tt_transformers/model_cache/llama33_70b/T3K/empty_vcache_paged_attention(2048, 1, 32, 128)_dtype_BFLOAT8_B_layout_TILE.tensorbin of shape Shape([2048, 1, 32, 128])
2026-09-03 00:19:28.109 | DEBUG    | core:as_tensor:724 - Loaded cache for /localdev/gwang/tt_transformers/model_cache/llama33_70b/T3K/empty_kcache_paged_attention(2048, 1, 32, 128)_dtype_BFLOAT8_B_layout_TILE.tensorbin of shape Shape([2048, 1, 32, 128])
2026-09-03 00:19:28.111 | DEBUG    | core:as_tensor:724 - Loaded cache for /localdev/gwang/tt_transformers/model_cache/llama33_70b/T3K/empty_vcache_paged_attention(2048, 1, 32, 128)_dtype_BFLOAT8_B_layout_TILE.tensorbin of shape Shape([2048, 1, 32, 128])
2026-09-03 00:19:28.114 | DEBUG    | core:as_tensor:724 - Loaded cache for /localdev/gwang/tt_transformers/model_cache/llama33_70b/T3K/empty_kcache_paged_attention(2048, 1, 32, 128)_dtype_BFLOAT8_B_layout_TILE.tensorbin of shape Shape([2048, 1, 32, 128])
2026-09-03 00:19:28.117 | DEBUG    | core:as_tensor:724 - Loaded cache for /localdev/gwang/tt_transformers/model_cache/llama33_70b/T3K/empty_vcache_paged_attention(2048, 1, 32, 128)_dtype_BFLOAT8_B_layout_TILE.tensorbin of shape Shape([2048, 1, 32, 128])
2026-09-03 00:19:28.119 | DEBUG    | core:as_tensor:724 - Loaded cache for /localdev/gwang/tt_transformers/model_cache/llama33_70b/T3K/empty_kcache_paged_attention(2048, 1, 32, 128)_dtype_BFLOAT8_B_layout_TILE.tensorbin of shape Shape([2048, 1, 32, 128])
2026-09-03 00:19:28.122 | DEBUG    | core:as_tensor:724 - Loaded cache for /localdev/gwang/tt_transformers/model_cache/llama33_70b/T3K/empty_vcache_paged_attention(2048, 1, 32, 128)_dtype_BFLOAT8_B_layout_TILE.tensorbin of shape Shape([2048, 1, 32, 128])
2026-09-03 00:19:28.125 | DEBUG    | core:as_tensor:724 - Loaded cache for /localdev/gwang/tt_transformers/model_cache/llama33_70b/T3K/empty_kcache_paged_attention(2048, 1, 32, 128)_dtype_BFLOAT8_B_layout_TILE.tensorbin of shape Shape([2048, 1, 32, 128])
2026-09-03 00:19:28.127 | DEBUG    | core:as_tensor:724 - Loaded cache for /localdev/gwang/tt_transformers/model_cache/llama33_70b/T3K/empty_vcache_paged_attention(2048, 1, 32, 128)_dtype_BFLOAT8_B_layout_TILE.tensorbin of shape Shape([2048, 1, 32, 128])
2026-09-03 00:19:28.130 | DEBUG    | core:as_tensor:724 - Loaded cache for /localdev/gwang/tt_transformers/model_cache/llama33_70b/T3K/empty_kcache_paged_attention(2048, 1, 32, 128)_dtype_BFLOAT8_B_layout_TILE.tensorbin of shape Shape([2048, 1, 32, 128])
2026-09-03 00:19:28.133 | DEBUG    | core:as_tensor:724 - Loaded cache for /localdev/gwang/tt_transformers/model_cache/llama33_70b/T3K/empty_vcache_paged_attention(2048, 1, 32, 128)_dtype_BFLOAT8_B_layout_TILE.tensorbin of shape Shape([2048, 1, 32, 128])
2026-09-03 00:19:28.135 | DEBUG    | core:as_tensor:724 - Loaded cache for /localdev/gwang/tt_transformers/model_cache/llama33_70b/T3K/empty_kcache_paged_attention(2048, 1, 32, 128)_dtype_BFLOAT8_B_layout_TILE.tensorbin of shape Shape([2048, 1, 32, 128])
2026-09-03 00:19:28.138 | DEBUG    | core:as_tensor:724 - Loaded cache for /localdev/gwang/tt_transformers/model_cache/llama33_70b/T3K/empty_vcache_paged_attention(2048, 1, 32, 128)_dtype_BFLOAT8_B_layout_TILE.tensorbin of shape Shape([2048, 1, 32, 128])
2026-09-03 00:19:28.141 | DEBUG    | core:as_tensor:724 - Loaded cache for /localdev/gwang/tt_transformers/model_cache/llama33_70b/T3K/empty_kcache_paged_attention(2048, 1, 32, 128)_dtype_BFLOAT8_B_layout_TILE.tensorbin of shape Shape([2048, 1, 32, 128])
2026-09-03 00:19:28.143 | DEBUG    | core:as_tensor:724 - Loaded cache for /localdev/gwang/tt_transformers/model_cache/llama33_70b/T3K/empty_vcache_paged_attention(2048, 1, 32, 128)_dtype_BFLOAT8_B_layout_TILE.tensorbin of shape Shape([2048, 1, 32, 128])
2026-09-03 00:19:28.146 | DEBUG    | core:as_tensor:724 - Loaded cache for /localdev/gwang/tt_transformers/model_cache/llama33_70b/T3K/empty_kcache_paged_attention(2048, 1, 32, 128)_dtype_BFLOAT8_B_layout_TILE.tensorbin of shape Shape([2048, 1, 32, 128])
2026-09-03 00:19:28.149 | DEBUG    | core:as_tensor:724 - Loaded cache for /localdev/gwang/tt_transformers/model_cache/llama33_70b/T3K/empty_vcache_paged_attention(2048, 1, 32, 128)_dtype_BFLOAT8_B_layout_TILE.tensorbin of shape Shape([2048, 1, 32, 128])
2026-09-03 00:19:28.151 | DEBUG    | core:as_tensor:724 - Loaded cache for /localdev/gwang/tt_transformers/model_cache/llama33_70b/T3K/empty_kcache_paged_attention(2048, 1, 32, 128)_dtype_BFLOAT8_B_layout_TILE.tensorbin of shape Shape([2048, 1, 32, 128])
2026-09-03 00:19:28.154 | DEBUG    | core:as_tensor:724 - Loaded cache for /localdev/gwang/tt_transformers/model_cache/llama33_70b/T3K/empty_vcache_paged_attention(2048, 1, 32, 128)_dtype_BFLOAT8_B_layout_TILE.tensorbin of shape Shape([2048, 1, 32, 128])
2026-09-03 00:19:28.157 | DEBUG    | core:as_tensor:724 - Loaded cache for /localdev/gwang/tt_transformers/model_cache/llama33_70b/T3K/empty_kcache_paged_attention(2048, 1, 32, 128)_dtype_BFLOAT8_B_layout_TILE.tensorbin of shape Shape([2048, 1, 32, 128])
2026-09-03 00:19:28.159 | DEBUG    | core:as_tensor:724 - Loaded cache for /localdev/gwang/tt_transformers/model_cache/llama33_70b/T3K/empty_vcache_paged_attention(2048, 1, 32, 128)_dtype_BFLOAT8_B_layout_TILE.tensorbin of shape Shape([2048, 1, 32, 128])
2026-09-03 00:19:28.162 | DEBUG    | core:as_tensor:724 - Loaded cache for /localdev/gwang/tt_transformers/model_cache/llama33_70b/T3K/empty_kcache_paged_attention(2048, 1, 32, 128)_dtype_BFLOAT8_B_layout_TILE.tensorbin of shape Shape([2048, 1, 32, 128])
2026-09-03 00:19:28.165 | DEBUG    | core:as_tensor:724 - Loaded cache for /localdev/gwang/tt_transformers/model_cache/llama33_70b/T3K/empty_vcache_paged_attention(2048, 1, 32, 128)_dtype_BFLOAT8_B_layout_TILE.tensorbin of shape Shape([2048, 1, 32, 128])
2026-09-03 00:19:28.167 | DEBUG    | core:as_tensor:724 - Loaded cache for /localdev/gwang/tt_transformers/model_cache/llama33_70b/T3K/empty_kcache_paged_attention(2048, 1, 32, 128)_dtype_BFLOAT8_B_layout_TILE.tensorbin of shape Shape([2048, 1, 32, 128])
2026-09-03 00:19:28.170 | DEBUG    | core:as_tensor:724 - Loaded cache for /localdev/gwang/tt_transformers/model_cache/llama33_70b/T3K/empty_vcache_paged_attention(2048, 1, 32, 128)_dtype_BFLOAT8_B_layout_TILE.tensorbin of shape Shape([2048, 1, 32, 128])
2026-09-03 00:19:28.173 | DEBUG    | core:as_tensor:724 - Loaded cache for /localdev/gwang/tt_transformers/model_cache/llama33_70b/T3K/empty_kcache_paged_attention(2048, 1, 32, 128)_dtype_BFLOAT8_B_layout_TILE.tensorbin of shape Shape([2048, 1, 32, 128])
2026-09-03 00:19:28.175 | DEBUG    | core:as_tensor:724 - Loaded cache for /localdev/gwang/tt_transformers/model_cache/llama33_70b/T3K/empty_vcache_paged_attention(2048, 1, 32, 128)_dtype_BFLOAT8_B_layout_TILE.tensorbin of shape Shape([2048, 1, 32, 128])
2026-09-03 00:19:28.178 | DEBUG    | core:as_tensor:724 - Loaded cache for /localdev/gwang/tt_transformers/model_cache/llama33_70b/T3K/empty_kcache_paged_attention(2048, 1, 32, 128)_dtype_BFLOAT8_B_layout_TILE.tensorbin of shape Shape([2048, 1, 32, 128])
2026-09-03 00:19:28.181 | DEBUG    | core:as_tensor:724 - Loaded cache for /localdev/gwang/tt_transformers/model_cache/llama33_70b/T3K/empty_vcache_paged_attention(2048, 1, 32, 128)_dtype_BFLOAT8_B_layout_TILE.tensorbin of shape Shape([2048, 1, 32, 128])
2026-09-03 00:19:28.183 | DEBUG    | core:as_tensor:724 - Loaded cache for /localdev/gwang/tt_transformers/model_cache/llama33_70b/T3K/empty_kcache_paged_attention(2048, 1, 32, 128)_dtype_BFLOAT8_B_layout_TILE.tensorbin of shape Shape([2048, 1, 32, 128])
2026-09-03 00:19:28.186 | DEBUG    | core:as_tensor:724 - Loaded cache for /localdev/gwang/tt_transformers/model_cache/llama33_70b/T3K/empty_vcache_paged_attention(2048, 1, 32, 128)_dtype_BFLOAT8_B_layout_TILE.tensorbin of shape Shape([2048, 1, 32, 128])
2026-09-03 00:19:28.189 | DEBUG    | core:as_tensor:724 - Loaded cache for /localdev/gwang/tt_transformers/model_cache/llama33_70b/T3K/empty_kcache_paged_attention(2048, 1, 32, 128)_dtype_BFLOAT8_B_layout_TILE.tensorbin of shape Shape([2048, 1, 32, 128])
2026-09-03 00:19:28.191 | DEBUG    | core:as_tensor:724 - Loaded cache for /localdev/gwang/tt_transformers/model_cache/llama33_70b/T3K/empty_vcache_paged_attention(2048, 1, 32, 128)_dtype_BFLOAT8_B_layout_TILE.tensorbin of shape Shape([2048, 1, 32, 128])
2026-09-03 00:19:28.194 | DEBUG    | core:as_tensor:724 - Loaded cache for /localdev/gwang/tt_transformers/model_cache/llama33_70b/T3K/empty_kcache_paged_attention(2048, 1, 32, 128)_dtype_BFLOAT8_B_layout_TILE.tensorbin of shape Shape([2048, 1, 32, 128])
2026-09-03 00:19:28.197 | DEBUG    | core:as_tensor:724 - Loaded cache for /localdev/gwang/tt_transformers/model_cache/llama33_70b/T3K/empty_vcache_paged_attention(2048, 1, 32, 128)_dtype_BFLOAT8_B_layout_TILE.tensorbin of shape Shape([2048, 1, 32, 128])
2026-09-03 00:19:28.200 | DEBUG    | core:as_tensor:724 - Loaded cache for /localdev/gwang/tt_transformers/model_cache/llama33_70b/T3K/empty_kcache_paged_attention(2048, 1, 32, 128)_dtype_BFLOAT8_B_layout_TILE.tensorbin of shape Shape([2048, 1, 32, 128])
2026-09-03 00:19:28.202 | DEBUG    | core:as_tensor:724 - Loaded cache for /localdev/gwang/tt_transformers/model_cache/llama33_70b/T3K/empty_vcache_paged_attention(2048, 1, 32, 128)_dtype_BFLOAT8_B_layout_TILE.tensorbin of shape Shape([2048, 1, 32, 128])
2026-09-03 00:19:28.205 | DEBUG    | core:as_tensor:724 - Loaded cache for /localdev/gwang/tt_transformers/model_cache/llama33_70b/T3K/empty_kcache_paged_attention(2048, 1, 32, 128)_dtype_BFLOAT8_B_layout_TILE.tensorbin of shape Shape([2048, 1, 32, 128])
2026-09-03 00:19:28.208 | DEBUG    | core:as_tensor:724 - Loaded cache for /localdev/gwang/tt_transformers/model_cache/llama33_70b/T3K/empty_vcache_paged_attention(2048, 1, 32, 128)_dtype_BFLOAT8_B_layout_TILE.tensorbin of shape Shape([2048, 1, 32, 128])
2026-09-03 00:19:28.210 | DEBUG    | core:as_tensor:724 - Loaded cache for /localdev/gwang/tt_transformers/model_cache/llama33_70b/T3K/empty_kcache_paged_attention(2048, 1, 32, 128)_dtype_BFLOAT8_B_layout_TILE.tensorbin of shape Shape([2048, 1, 32, 128])
2026-09-03 00:19:28.213 | DEBUG    | core:as_tensor:724 - Loaded cache for /localdev/gwang/tt_transformers/model_cache/llama33_70b/T3K/empty_vcache_paged_attention(2048, 1, 32, 128)_dtype_BFLOAT8_B_layout_TILE.tensorbin of shape Shape([2048, 1, 32, 128])
2026-09-03 00:19:28.216 | DEBUG    | core:as_tensor:724 - Loaded cache for /localdev/gwang/tt_transformers/model_cache/llama33_70b/T3K/empty_kcache_paged_attention(2048, 1, 32, 128)_dtype_BFLOAT8_B_layout_TILE.tensorbin of shape Shape([2048, 1, 32, 128])
2026-09-03 00:19:28.218 | DEBUG    | core:as_tensor:724 - Loaded cache for /localdev/gwang/tt_transformers/model_cache/llama33_70b/T3K/empty_vcache_paged_attention(2048, 1, 32, 128)_dtype_BFLOAT8_B_layout_TILE.tensorbin of shape Shape([2048, 1, 32, 128])
2026-09-03 00:19:28.221 | DEBUG    | core:as_tensor:724 - Loaded cache for /localdev/gwang/tt_transformers/model_cache/llama33_70b/T3K/empty_kcache_paged_attention(2048, 1, 32, 128)_dtype_BFLOAT8_B_layout_TILE.tensorbin of shape Shape([2048, 1, 32, 128])
2026-09-03 00:19:28.224 | DEBUG    | core:as_tensor:724 - Loaded cache for /localdev/gwang/tt_transformers/model_cache/llama33_70b/T3K/empty_vcache_paged_attention(2048, 1, 32, 128)_dtype_BFLOAT8_B_layout_TILE.tensorbin of shape Shape([2048, 1, 32, 128])
2026-09-03 00:19:28.226 | DEBUG    | core:as_tensor:724 - Loaded cache for /localdev/gwang/tt_transformers/model_cache/llama33_70b/T3K/empty_kcache_paged_attention(2048, 1, 32, 128)_dtype_BFLOAT8_B_layout_TILE.tensorbin of shape Shape([2048, 1, 32, 128])
2026-09-03 00:19:28.229 | DEBUG    | core:as_tensor:724 - Loaded cache for /localdev/gwang/tt_transformers/model_cache/llama33_70b/T3K/empty_vcache_paged_attention(2048, 1, 32, 128)_dtype_BFLOAT8_B_layout_TILE.tensorbin of shape Shape([2048, 1, 32, 128])
2026-09-03 00:19:28.232 | DEBUG    | core:as_tensor:724 - Loaded cache for /localdev/gwang/tt_transformers/model_cache/llama33_70b/T3K/empty_kcache_paged_attention(2048, 1, 32, 128)_dtype_BFLOAT8_B_layout_TILE.tensorbin of shape Shape([2048, 1, 32, 128])
2026-09-03 00:19:28.235 | DEBUG    | core:as_tensor:724 - Loaded cache for /localdev/gwang/tt_transformers/model_cache/llama33_70b/T3K/empty_vcache_paged_attention(2048, 1, 32, 128)_dtype_BFLOAT8_B_layout_TILE.tensorbin of shape Shape([2048, 1, 32, 128])
2026-09-03 00:19:28.239 | DEBUG    | core:as_tensor:724 - Loaded cache for /localdev/gwang/tt_transformers/model_cache/llama33_70b/T3K/empty_kcache_paged_attention(2048, 1, 32, 128)_dtype_BFLOAT8_B_layout_TILE.tensorbin of shape Shape([2048, 1, 32, 128])
2026-09-03 00:19:28.243 | DEBUG    | core:as_tensor:724 - Loaded cache for /localdev/gwang/tt_transformers/model_cache/llama33_70b/T3K/empty_vcache_paged_attention(2048, 1, 32, 128)_dtype_BFLOAT8_B_layout_TILE.tensorbin of shape Shape([2048, 1, 32, 128])
2026-09-03 00:19:28.246 | DEBUG    | core:as_tensor:724 - Loaded cache for /localdev/gwang/tt_transformers/model_cache/llama33_70b/T3K/empty_kcache_paged_attention(2048, 1, 32, 128)_dtype_BFLOAT8_B_layout_TILE.tensorbin of shape Shape([2048, 1, 32, 128])
2026-09-03 00:19:28.248 | DEBUG    | core:as_tensor:724 - Loaded cache for /localdev/gwang/tt_transformers/model_cache/llama33_70b/T3K/empty_vcache_paged_attention(2048, 1, 32, 128)_dtype_BFLOAT8_B_layout_TILE.tensorbin of shape Shape([2048, 1, 32, 128])
2026-09-03 00:19:28.251 | DEBUG    | core:as_tensor:724 - Loaded cache for /localdev/gwang/tt_transformers/model_cache/llama33_70b/T3K/empty_kcache_paged_attention(2048, 1, 32, 128)_dtype_BFLOAT8_B_layout_TILE.tensorbin of shape Shape([2048, 1, 32, 128])
2026-09-03 00:19:28.253 | DEBUG    | core:as_tensor:724 - Loaded cache for /localdev/gwang/tt_transformers/model_cache/llama33_70b/T3K/empty_vcache_paged_attention(2048, 1, 32, 128)_dtype_BFLOAT8_B_layout_TILE.tensorbin of shape Shape([2048, 1, 32, 128])
2026-09-03 00:19:28.256 | DEBUG    | core:as_tensor:724 - Loaded cache for /localdev/gwang/tt_transformers/model_cache/llama33_70b/T3K/empty_kcache_paged_attention(2048, 1, 32, 128)_dtype_BFLOAT8_B_layout_TILE.tensorbin of shape Shape([2048, 1, 32, 128])
2026-09-03 00:19:28.259 | DEBUG    | core:as_tensor:724 - Loaded cache for /localdev/gwang/tt_transformers/model_cache/llama33_70b/T3K/empty_vcache_paged_attention(2048, 1, 32, 128)_dtype_BFLOAT8_B_layout_TILE.tensorbin of shape Shape([2048, 1, 32, 128])
2026-09-03 00:19:28.262 | DEBUG    | core:as_tensor:724 - Loaded cache for /localdev/gwang/tt_transformers/model_cache/llama33_70b/T3K/empty_kcache_paged_attention(2048, 1, 32, 128)_dtype_BFLOAT8_B_layout_TILE.tensorbin of shape Shape([2048, 1, 32, 128])
2026-09-03 00:19:28.264 | DEBUG    | core:as_tensor:724 - Loaded cache for /localdev/gwang/tt_transformers/model_cache/llama33_70b/T3K/empty_vcache_paged_attention(2048, 1, 32, 128)_dtype_BFLOAT8_B_layout_TILE.tensorbin of shape Shape([2048, 1, 32, 128])
2026-09-03 00:19:28.267 | DEBUG    | core:as_tensor:724 - Loaded cache for /localdev/gwang/tt_transformers/model_cache/llama33_70b/T3K/empty_kcache_paged_attention(2048, 1, 32, 128)_dtype_BFLOAT8_B_layout_TILE.tensorbin of shape Shape([2048, 1, 32, 128])
2026-09-03 00:19:28.269 | DEBUG    | core:as_tensor:724 - Loaded cache for /localdev/gwang/tt_transformers/model_cache/llama33_70b/T3K/empty_vcache_paged_attention(2048, 1, 32, 128)_dtype_BFLOAT8_B_layout_TILE.tensorbin of shape Shape([2048, 1, 32, 128])
2026-09-03 00:19:28.274 | DEBUG    | core:as_tensor:724 - Loaded cache for /localdev/gwang/tt_transformers/model_cache/llama33_70b/T3K/empty_kcache_paged_attention(2048, 1, 32, 128)_dtype_BFLOAT8_B_layout_TILE.tensorbin of shape Shape([2048, 1, 32, 128])
2026-09-03 00:19:28.277 | DEBUG    | core:as_tensor:724 - Loaded cache for /localdev/gwang/tt_transformers/model_cache/llama33_70b/T3K/empty_vcache_paged_attention(2048, 1, 32, 128)_dtype_BFLOAT8_B_layout_TILE.tensorbin of shape Shape([2048, 1, 32, 128])
2026-09-03 00:19:28.280 | DEBUG    | core:as_tensor:724 - Loaded cache for /localdev/gwang/tt_transformers/model_cache/llama33_70b/T3K/empty_kcache_paged_attention(2048, 1, 32, 128)_dtype_BFLOAT8_B_layout_TILE.tensorbin of shape Shape([2048, 1, 32, 128])
2026-09-03 00:19:28.283 | DEBUG    | core:as_tensor:724 - Loaded cache for /localdev/gwang/tt_transformers/model_cache/llama33_70b/T3K/empty_vcache_paged_attention(2048, 1, 32, 128)_dtype_BFLOAT8_B_layout_TILE.tensorbin of shape Shape([2048, 1, 32, 128])
2026-09-03 00:19:28.285 | DEBUG    | core:as_tensor:724 - Loaded cache for /localdev/gwang/tt_transformers/model_cache/llama33_70b/T3K/empty_kcache_paged_attention(2048, 1, 32, 128)_dtype_BFLOAT8_B_layout_TILE.tensorbin of shape Shape([2048, 1, 32, 128])
2026-09-03 00:19:28.288 | DEBUG    | core:as_tensor:724 - Loaded cache for /localdev/gwang/tt_transformers/model_cache/llama33_70b/T3K/empty_vcache_paged_attention(2048, 1, 32, 128)_dtype_BFLOAT8_B_layout_TILE.tensorbin of shape Shape([2048, 1, 32, 128])
2026-09-03 00:19:28.291 | DEBUG    | core:as_tensor:724 - Loaded cache for /localdev/gwang/tt_transformers/model_cache/llama33_70b/T3K/empty_kcache_paged_attention(2048, 1, 32, 128)_dtype_BFLOAT8_B_layout_TILE.tensorbin of shape Shape([2048, 1, 32, 128])
2026-09-03 00:19:28.293 | DEBUG    | core:as_tensor:724 - Loaded cache for /localdev/gwang/tt_transformers/model_cache/llama33_70b/T3K/empty_vcache_paged_attention(2048, 1, 32, 128)_dtype_BFLOAT8_B_layout_TILE.tensorbin of shape Shape([2048, 1, 32, 128])
2026-09-03 00:19:28.296 | DEBUG    | core:as_tensor:724 - Loaded cache for /localdev/gwang/tt_transformers/model_cache/llama33_70b/T3K/empty_kcache_paged_attention(2048, 1, 32, 128)_dtype_BFLOAT8_B_layout_TILE.tensorbin of shape Shape([2048, 1, 32, 128])
2026-09-03 00:19:28.299 | DEBUG    | core:as_tensor:724 - Loaded cache for /localdev/gwang/tt_transformers/model_cache/llama33_70b/T3K/empty_vcache_paged_attention(2048, 1, 32, 128)_dtype_BFLOAT8_B_layout_TILE.tensorbin of shape Shape([2048, 1, 32, 128])
2026-09-03 00:19:28.301 | DEBUG    | core:as_tensor:724 - Loaded cache for /localdev/gwang/tt_transformers/model_cache/llama33_70b/T3K/empty_kcache_paged_attention(2048, 1, 32, 128)_dtype_BFLOAT8_B_layout_TILE.tensorbin of shape Shape([2048, 1, 32, 128])
2026-09-03 00:19:28.304 | DEBUG    | core:as_tensor:724 - Loaded cache for /localdev/gwang/tt_transformers/model_cache/llama33_70b/T3K/empty_vcache_paged_attention(2048, 1, 32, 128)_dtype_BFLOAT8_B_layout_TILE.tensorbin of shape Shape([2048, 1, 32, 128])
2026-09-03 00:19:34.521 | DEBUG    | core:as_tensor:724 - Loaded cache for /localdev/gwang/tt_transformers/model_cache/llama33_70b/T3K/empty_kcache_paged_attention(2048, 1, 32, 128)_dtype_BFLOAT8_B_layout_TILE.tensorbin of shape Shape([2048, 1, 32, 128])
2026-09-03 00:19:34.524 | DEBUG    | core:as_tensor:724 - Loaded cache for /localdev/gwang/tt_transformers/model_cache/llama33_70b/T3K/empty_vcache_paged_attention(2048, 1, 32, 128)_dtype_BFLOAT8_B_layout_TILE.tensorbin of shape Shape([2048, 1, 32, 128])
2026-09-03 00:19:34.527 | DEBUG    | core:as_tensor:724 - Loaded cache for /localdev/gwang/tt_transformers/model_cache/llama33_70b/T3K/empty_kcache_paged_attention(2048, 1, 32, 128)_dtype_BFLOAT8_B_layout_TILE.tensorbin of shape Shape([2048, 1, 32, 128])
2026-09-03 00:19:34.530 | DEBUG    | core:as_tensor:724 - Loaded cache for /localdev/gwang/tt_transformers/model_cache/llama33_70b/T3K/empty_vcache_paged_attention(2048, 1, 32, 128)_dtype_BFLOAT8_B_layout_TILE.tensorbin of shape Shape([2048, 1, 32, 128])
2026-09-03 00:19:34.533 | DEBUG    | core:as_tensor:724 - Loaded cache for /localdev/gwang/tt_transformers/model_cache/llama33_70b/T3K/empty_kcache_paged_attention(2048, 1, 32, 128)_dtype_BFLOAT8_B_layout_TILE.tensorbin of shape Shape([2048, 1, 32, 128])
2026-09-03 00:19:34.536 | DEBUG    | core:as_tensor:724 - Loaded cache for /localdev/gwang/tt_transformers/model_cache/llama33_70b/T3K/empty_vcache_paged_attention(2048, 1, 32, 128)_dtype_BFLOAT8_B_layout_TILE.tensorbin of shape Shape([2048, 1, 32, 128])
2026-09-03 00:19:34.539 | DEBUG    | core:as_tensor:724 - Loaded cache for /localdev/gwang/tt_transformers/model_cache/llama33_70b/T3K/empty_kcache_paged_attention(2048, 1, 32, 128)_dtype_BFLOAT8_B_layout_TILE.tensorbin of shape Shape([2048, 1, 32, 128])
2026-09-03 00:19:34.542 | DEBUG    | core:as_tensor:724 - Loaded cache for /localdev/gwang/tt_transformers/model_cache/llama33_70b/T3K/empty_vcache_paged_attention(2048, 1, 32, 128)_dtype_BFLOAT8_B_layout_TILE.tensorbin of shape Shape([2048, 1, 32, 128])
2026-09-03 00:19:34.544 | DEBUG    | core:as_tensor:724 - Loaded cache for /localdev/gwang/tt_transformers/model_cache/llama33_70b/T3K/empty_kcache_paged_attention(2048, 1, 32, 128)_dtype_BFLOAT8_B_layout_TILE.tensorbin of shape Shape([2048, 1, 32, 128])
2026-09-03 00:19:34.547 | DEBUG    | core:as_tensor:724 - Loaded cache for /localdev/gwang/tt_transformers/model_cache/llama33_70b/T3K/empty_vcache_paged_attention(2048, 1, 32, 128)_dtype_BFLOAT8_B_layout_TILE.tensorbin of shape Shape([2048, 1, 32, 128])
2026-09-03 00:19:34.550 | DEBUG    | core:as_tensor:724 - Loaded cache for /localdev/gwang/tt_transformers/model_cache/llama33_70b/T3K/empty_kcache_paged_attention(2048, 1, 32, 128)_dtype_BFLOAT8_B_layout_TILE.tensorbin of shape Shape([2048, 1, 32, 128])
2026-09-03 00:19:34.553 | DEBUG    | core:as_tensor:724 - Loaded cache for /localdev/gwang/tt_transformers/model_cache/llama33_70b/T3K/empty_vcache_paged_attention(2048, 1, 32, 128)_dtype_BFLOAT8_B_layout_TILE.tensorbin of shape Shape([2048, 1, 32, 128])
2026-09-03 00:19:34.556 | DEBUG    | core:as_tensor:724 - Loaded cache for /localdev/gwang/tt_transformers/model_cache/llama33_70b/T3K/empty_kcache_paged_attention(2048, 1, 32, 128)_dtype_BFLOAT8_B_layout_TILE.tensorbin of shape Shape([2048, 1, 32, 128])
2026-09-03 00:19:34.559 | DEBUG    | core:as_tensor:724 - Loaded cache for /localdev/gwang/tt_transformers/model_cache/llama33_70b/T3K/empty_vcache_paged_attention(2048, 1, 32, 128)_dtype_BFLOAT8_B_layout_TILE.tensorbin of shape Shape([2048, 1, 32, 128])
2026-09-03 00:19:34.562 | DEBUG    | core:as_tensor:724 - Loaded cache for /localdev/gwang/tt_transformers/model_cache/llama33_70b/T3K/empty_kcache_paged_attention(2048, 1, 32, 128)_dtype_BFLOAT8_B_layout_TILE.tensorbin of shape Shape([2048, 1, 32, 128])
2026-09-03 00:19:34.564 | DEBUG    | core:as_tensor:724 - Loaded cache for /localdev/gwang/tt_transformers/model_cache/llama33_70b/T3K/empty_vcache_paged_attention(2048, 1, 32, 128)_dtype_BFLOAT8_B_layout_TILE.tensorbin of shape Shape([2048, 1, 32, 128])
2026-09-03 00:19:34.567 | DEBUG    | core:as_tensor:724 - Loaded cache for /localdev/gwang/tt_transformers/model_cache/llama33_70b/T3K/empty_kcache_paged_attention(2048, 1, 32, 128)_dtype_BFLOAT8_B_layout_TILE.tensorbin of shape Shape([2048, 1, 32, 128])
2026-09-03 00:19:34.570 | DEBUG    | core:as_tensor:724 - Loaded cache for /localdev/gwang/tt_transformers/model_cache/llama33_70b/T3K/empty_vcache_paged_attention(2048, 1, 32, 128)_dtype_BFLOAT8_B_layout_TILE.tensorbin of shape Shape([2048, 1, 32, 128])
2026-09-03 00:19:34.573 | DEBUG    | core:as_tensor:724 - Loaded cache for /localdev/gwang/tt_transformers/model_cache/llama33_70b/T3K/empty_kcache_paged_attention(2048, 1, 32, 128)_dtype_BFLOAT8_B_layout_TILE.tensorbin of shape Shape([2048, 1, 32, 128])
2026-09-03 00:19:34.576 | DEBUG    | core:as_tensor:724 - Loaded cache for /localdev/gwang/tt_transformers/model_cache/llama33_70b/T3K/empty_vcache_paged_attention(2048, 1, 32, 128)_dtype_BFLOAT8_B_layout_TILE.tensorbin of shape Shape([2048, 1, 32, 128])
2026-09-03 00:19:34.579 | DEBUG    | core:as_tensor:724 - Loaded cache for /localdev/gwang/tt_transformers/model_cache/llama33_70b/T3K/empty_kcache_paged_attention(2048, 1, 32, 128)_dtype_BFLOAT8_B_layout_TILE.tensorbin of shape Shape([2048, 1, 32, 128])
2026-09-03 00:19:34.582 | DEBUG    | core:as_tensor:724 - Loaded cache for /localdev/gwang/tt_transformers/model_cache/llama33_70b/T3K/empty_vcache_paged_attention(2048, 1, 32, 128)_dtype_BFLOAT8_B_layout_TILE.tensorbin of shape Shape([2048, 1, 32, 128])
2026-09-03 00:19:34.585 | DEBUG    | core:as_tensor:724 - Loaded cache for /localdev/gwang/tt_transformers/model_cache/llama33_70b/T3K/empty_kcache_paged_attention(2048, 1, 32, 128)_dtype_BFLOAT8_B_layout_TILE.tensorbin of shape Shape([2048, 1, 32, 128])
2026-09-03 00:19:34.587 | DEBUG    | core:as_tensor:724 - Loaded cache for /localdev/gwang/tt_transformers/model_cache/llama33_70b/T3K/empty_vcache_paged_attention(2048, 1, 32, 128)_dtype_BFLOAT8_B_layout_TILE.tensorbin of shape Shape([2048, 1, 32, 128])
2026-09-03 00:19:34.590 | DEBUG    | core:as_tensor:724 - Loaded cache for /localdev/gwang/tt_transformers/model_cache/llama33_70b/T3K/empty_kcache_paged_attention(2048, 1, 32, 128)_dtype_BFLOAT8_B_layout_TILE.tensorbin of shape Shape([2048, 1, 32, 128])
2026-09-03 00:19:34.593 | DEBUG    | core:as_tensor:724 - Loaded cache for /localdev/gwang/tt_transformers/model_cache/llama33_70b/T3K/empty_vcache_paged_attention(2048, 1, 32, 128)_dtype_BFLOAT8_B_layout_TILE.tensorbin of shape Shape([2048, 1, 32, 128])
2026-09-03 00:19:34.596 | DEBUG    | core:as_tensor:724 - Loaded cache for /localdev/gwang/tt_transformers/model_cache/llama33_70b/T3K/empty_kcache_paged_attention(2048, 1, 32, 128)_dtype_BFLOAT8_B_layout_TILE.tensorbin of shape Shape([2048, 1, 32, 128])
2026-09-03 00:19:34.599 | DEBUG    | core:as_tensor:724 - Loaded cache for /localdev/gwang/tt_transformers/model_cache/llama33_70b/T3K/empty_vcache_paged_attention(2048, 1, 32, 128)_dtype_BFLOAT8_B_layout_TILE.tensorbin of shape Shape([2048, 1, 32, 128])
2026-09-03 00:19:34.602 | DEBUG    | core:as_tensor:724 - Loaded cache for /localdev/gwang/tt_transformers/model_cache/llama33_70b/T3K/empty_kcache_paged_attention(2048, 1, 32, 128)_dtype_BFLOAT8_B_layout_TILE.tensorbin of shape Shape([2048, 1, 32, 128])
2026-09-03 00:19:34.605 | DEBUG    | core:as_tensor:724 - Loaded cache for /localdev/gwang/tt_transformers/model_cache/llama33_70b/T3K/empty_vcache_paged_attention(2048, 1, 32, 128)_dtype_BFLOAT8_B_layout_TILE.tensorbin of shape Shape([2048, 1, 32, 128])
2026-09-03 00:19:34.608 | DEBUG    | core:as_tensor:724 - Loaded cache for /localdev/gwang/tt_transformers/model_cache/llama33_70b/T3K/empty_kcache_paged_attention(2048, 1, 32, 128)_dtype_BFLOAT8_B_layout_TILE.tensorbin of shape Shape([2048, 1, 32, 128])
2026-09-03 00:19:34.610 | DEBUG    | core:as_tensor:724 - Loaded cache for /localdev/gwang/tt_transformers/model_cache/llama33_70b/T3K/empty_vcache_paged_attention(2048, 1, 32, 128)_dtype_BFLOAT8_B_layout_TILE.tensorbin of shape Shape([2048, 1, 32, 128])
2026-09-03 00:19:34.613 | DEBUG    | core:as_tensor:724 - Loaded cache for /localdev/gwang/tt_transformers/model_cache/llama33_70b/T3K/empty_kcache_paged_attention(2048, 1, 32, 128)_dtype_BFLOAT8_B_layout_TILE.tensorbin of shape Shape([2048, 1, 32, 128])
2026-09-03 00:19:34.616 | DEBUG    | core:as_tensor:724 - Loaded cache for /localdev/gwang/tt_transformers/model_cache/llama33_70b/T3K/empty_vcache_paged_attention(2048, 1, 32, 128)_dtype_BFLOAT8_B_layout_TILE.tensorbin of shape Shape([2048, 1, 32, 128])
2026-09-03 00:19:34.619 | DEBUG    | core:as_tensor:724 - Loaded cache for /localdev/gwang/tt_transformers/model_cache/llama33_70b/T3K/empty_kcache_paged_attention(2048, 1, 32, 128)_dtype_BFLOAT8_B_layout_TILE.tensorbin of shape Shape([2048, 1, 32, 128])
2026-09-03 00:19:34.622 | DEBUG    | core:as_tensor:724 - Loaded cache for /localdev/gwang/tt_transformers/model_cache/llama33_70b/T3K/empty_vcache_paged_attention(2048, 1, 32, 128)_dtype_BFLOAT8_B_layout_TILE.tensorbin of shape Shape([2048, 1, 32, 128])
2026-09-03 00:19:34.625 | DEBUG    | core:as_tensor:724 - Loaded cache for /localdev/gwang/tt_transformers/model_cache/llama33_70b/T3K/empty_kcache_paged_attention(2048, 1, 32, 128)_dtype_BFLOAT8_B_layout_TILE.tensorbin of shape Shape([2048, 1, 32, 128])
2026-09-03 00:19:34.627 | DEBUG    | core:as_tensor:724 - Loaded cache for /localdev/gwang/tt_transformers/model_cache/llama33_70b/T3K/empty_vcache_paged_attention(2048, 1, 32, 128)_dtype_BFLOAT8_B_layout_TILE.tensorbin of shape Shape([2048, 1, 32, 128])
2026-09-03 00:19:34.630 | DEBUG    | core:as_tensor:724 - Loaded cache for /localdev/gwang/tt_transformers/model_cache/llama33_70b/T3K/empty_kcache_paged_attention(2048, 1, 32, 128)_dtype_BFLOAT8_B_layout_TILE.tensorbin of shape Shape([2048, 1, 32, 128])
2026-09-03 00:19:34.633 | DEBUG    | core:as_tensor:724 - Loaded cache for /localdev/gwang/tt_transformers/model_cache/llama33_70b/T3K/empty_vcache_paged_attention(2048, 1, 32, 128)_dtype_BFLOAT8_B_layout_TILE.tensorbin of shape Shape([2048, 1, 32, 128])
2026-09-03 00:19:34.636 | DEBUG    | core:as_tensor:724 - Loaded cache for /localdev/gwang/tt_transformers/model_cache/llama33_70b/T3K/empty_kcache_paged_attention(2048, 1, 32, 128)_dtype_BFLOAT8_B_layout_TILE.tensorbin of shape Shape([2048, 1, 32, 128])
2026-09-03 00:19:34.639 | DEBUG    | core:as_tensor:724 - Loaded cache for /localdev/gwang/tt_transformers/model_cache/llama33_70b/T3K/empty_vcache_paged_attention(2048, 1, 32, 128)_dtype_BFLOAT8_B_layout_TILE.tensorbin of shape Shape([2048, 1, 32, 128])
2026-09-03 00:19:34.641 | DEBUG    | core:as_tensor:724 - Loaded cache for /localdev/gwang/tt_transformers/model_cache/llama33_70b/T3K/empty_kcache_paged_attention(2048, 1, 32, 128)_dtype_BFLOAT8_B_layout_TILE.tensorbin of shape Shape([2048, 1, 32, 128])
2026-09-03 00:19:34.644 | DEBUG    | core:as_tensor:724 - Loaded cache for /localdev/gwang/tt_transformers/model_cache/llama33_70b/T3K/empty_vcache_paged_attention(2048, 1, 32, 128)_dtype_BFLOAT8_B_layout_TILE.tensorbin of shape Shape([2048, 1, 32, 128])
2026-09-03 00:19:34.647 | DEBUG    | core:as_tensor:724 - Loaded cache for /localdev/gwang/tt_transformers/model_cache/llama33_70b/T3K/empty_kcache_paged_attention(2048, 1, 32, 128)_dtype_BFLOAT8_B_layout_TILE.tensorbin of shape Shape([2048, 1, 32, 128])
2026-09-03 00:19:34.650 | DEBUG    | core:as_tensor:724 - Loaded cache for /localdev/gwang/tt_transformers/model_cache/llama33_70b/T3K/empty_vcache_paged_attention(2048, 1, 32, 128)_dtype_BFLOAT8_B_layout_TILE.tensorbin of shape Shape([2048, 1, 32, 128])
2026-09-03 00:19:34.653 | DEBUG    | core:as_tensor:724 - Loaded cache for /localdev/gwang/tt_transformers/model_cache/llama33_70b/T3K/empty_kcache_paged_attention(2048, 1, 32, 128)_dtype_BFLOAT8_B_layout_TILE.tensorbin of shape Shape([2048, 1, 32, 128])
2026-09-03 00:19:34.655 | DEBUG    | core:as_tensor:724 - Loaded cache for /localdev/gwang/tt_transformers/model_cache/llama33_70b/T3K/empty_vcache_paged_attention(2048, 1, 32, 128)_dtype_BFLOAT8_B_layout_TILE.tensorbin of shape Shape([2048, 1, 32, 128])
2026-09-03 00:19:34.658 | DEBUG    | core:as_tensor:724 - Loaded cache for /localdev/gwang/tt_transformers/model_cache/llama33_70b/T3K/empty_kcache_paged_attention(2048, 1, 32, 128)_dtype_BFLOAT8_B_layout_TILE.tensorbin of shape Shape([2048, 1, 32, 128])
2026-09-03 00:19:34.661 | DEBUG    | core:as_tensor:724 - Loaded cache for /localdev/gwang/tt_transformers/model_cache/llama33_70b/T3K/empty_vcache_paged_attention(2048, 1, 32, 128)_dtype_BFLOAT8_B_layout_TILE.tensorbin of shape Shape([2048, 1, 32, 128])
2026-09-03 00:19:34.664 | DEBUG    | core:as_tensor:724 - Loaded cache for /localdev/gwang/tt_transformers/model_cache/llama33_70b/T3K/empty_kcache_paged_attention(2048, 1, 32, 128)_dtype_BFLOAT8_B_layout_TILE.tensorbin of shape Shape([2048, 1, 32, 128])
2026-09-03 00:19:34.667 | DEBUG    | core:as_tensor:724 - Loaded cache for /localdev/gwang/tt_transformers/model_cache/llama33_70b/T3K/empty_vcache_paged_attention(2048, 1, 32, 128)_dtype_BFLOAT8_B_layout_TILE.tensorbin of shape Shape([2048, 1, 32, 128])
2026-09-03 00:19:34.670 | DEBUG    | core:as_tensor:724 - Loaded cache for /localdev/gwang/tt_transformers/model_cache/llama33_70b/T3K/empty_kcache_paged_attention(2048, 1, 32, 128)_dtype_BFLOAT8_B_layout_TILE.tensorbin of shape Shape([2048, 1, 32, 128])
2026-09-03 00:19:34.672 | DEBUG    | core:as_tensor:724 - Loaded cache for /localdev/gwang/tt_transformers/model_cache/llama33_70b/T3K/empty_vcache_paged_attention(2048, 1, 32, 128)_dtype_BFLOAT8_B_layout_TILE.tensorbin of shape Shape([2048, 1, 32, 128])
2026-09-03 00:19:34.675 | DEBUG    | core:as_tensor:724 - Loaded cache for /localdev/gwang/tt_transformers/model_cache/llama33_70b/T3K/empty_kcache_paged_attention(2048, 1, 32, 128)_dtype_BFLOAT8_B_layout_TILE.tensorbin of shape Shape([2048, 1, 32, 128])
2026-09-03 00:19:34.678 | DEBUG    | core:as_tensor:724 - Loaded cache for /localdev/gwang/tt_transformers/model_cache/llama33_70b/T3K/empty_vcache_paged_attention(2048, 1, 32, 128)_dtype_BFLOAT8_B_layout_TILE.tensorbin of shape Shape([2048, 1, 32, 128])
2026-09-03 00:19:34.681 | DEBUG    | core:as_tensor:724 - Loaded cache for /localdev/gwang/tt_transformers/model_cache/llama33_70b/T3K/empty_kcache_paged_attention(2048, 1, 32, 128)_dtype_BFLOAT8_B_layout_TILE.tensorbin of shape Shape([2048, 1, 32, 128])
2026-09-03 00:19:34.684 | DEBUG    | core:as_tensor:724 - Loaded cache for /localdev/gwang/tt_transformers/model_cache/llama33_70b/T3K/empty_vcache_paged_attention(2048, 1, 32, 128)_dtype_BFLOAT8_B_layout_TILE.tensorbin of shape Shape([2048, 1, 32, 128])
2026-09-03 00:19:34.687 | DEBUG    | core:as_tensor:724 - Loaded cache for /localdev/gwang/tt_transformers/model_cache/llama33_70b/T3K/empty_kcache_paged_attention(2048, 1, 32, 128)_dtype_BFLOAT8_B_layout_TILE.tensorbin of shape Shape([2048, 1, 32, 128])
2026-09-03 00:19:34.690 | DEBUG    | core:as_tensor:724 - Loaded cache for /localdev/gwang/tt_transformers/model_cache/llama33_70b/T3K/empty_vcache_paged_attention(2048, 1, 32, 128)_dtype_BFLOAT8_B_layout_TILE.tensorbin of shape Shape([2048, 1, 32, 128])
2026-09-03 00:19:34.692 | DEBUG    | core:as_tensor:724 - Loaded cache for /localdev/gwang/tt_transformers/model_cache/llama33_70b/T3K/empty_kcache_paged_attention(2048, 1, 32, 128)_dtype_BFLOAT8_B_layout_TILE.tensorbin of shape Shape([2048, 1, 32, 128])
2026-09-03 00:19:34.695 | DEBUG    | core:as_tensor:724 - Loaded cache for /localdev/gwang/tt_transformers/model_cache/llama33_70b/T3K/empty_vcache_paged_attention(2048, 1, 32, 128)_dtype_BFLOAT8_B_layout_TILE.tensorbin of shape Shape([2048, 1, 32, 128])
2026-09-03 00:19:34.698 | DEBUG    | core:as_tensor:724 - Loaded cache for /localdev/gwang/tt_transformers/model_cache/llama33_70b/T3K/empty_kcache_paged_attention(2048, 1, 32, 128)_dtype_BFLOAT8_B_layout_TILE.tensorbin of shape Shape([2048, 1, 32, 128])
2026-09-03 00:19:34.701 | DEBUG    | core:as_tensor:724 - Loaded cache for /localdev/gwang/tt_transformers/model_cache/llama33_70b/T3K/empty_vcache_paged_attention(2048, 1, 32, 128)_dtype_BFLOAT8_B_layout_TILE.tensorbin of shape Shape([2048, 1, 32, 128])
2026-09-03 00:19:34.704 | DEBUG    | core:as_tensor:724 - Loaded cache for /localdev/gwang/tt_transformers/model_cache/llama33_70b/T3K/empty_kcache_paged_attention(2048, 1, 32, 128)_dtype_BFLOAT8_B_layout_TILE.tensorbin of shape Shape([2048, 1, 32, 128])
2026-09-03 00:19:34.706 | DEBUG    | core:as_tensor:724 - Loaded cache for /localdev/gwang/tt_transformers/model_cache/llama33_70b/T3K/empty_vcache_paged_attention(2048, 1, 32, 128)_dtype_BFLOAT8_B_layout_TILE.tensorbin of shape Shape([2048, 1, 32, 128])
2026-09-03 00:19:34.709 | DEBUG    | core:as_tensor:724 - Loaded cache for /localdev/gwang/tt_transformers/model_cache/llama33_70b/T3K/empty_kcache_paged_attention(2048, 1, 32, 128)_dtype_BFLOAT8_B_layout_TILE.tensorbin of shape Shape([2048, 1, 32, 128])
2026-09-03 00:19:34.712 | DEBUG    | core:as_tensor:724 - Loaded cache for /localdev/gwang/tt_transformers/model_cache/llama33_70b/T3K/empty_vcache_paged_attention(2048, 1, 32, 128)_dtype_BFLOAT8_B_layout_TILE.tensorbin of shape Shape([2048, 1, 32, 128])
2026-09-03 00:19:34.715 | DEBUG    | core:as_tensor:724 - Loaded cache for /localdev/gwang/tt_transformers/model_cache/llama33_70b/T3K/empty_kcache_paged_attention(2048, 1, 32, 128)_dtype_BFLOAT8_B_layout_TILE.tensorbin of shape Shape([2048, 1, 32, 128])
2026-09-03 00:19:34.718 | DEBUG    | core:as_tensor:724 - Loaded cache for /localdev/gwang/tt_transformers/model_cache/llama33_70b/T3K/empty_vcache_paged_attention(2048, 1, 32, 128)_dtype_BFLOAT8_B_layout_TILE.tensorbin of shape Shape([2048, 1, 32, 128])
2026-09-03 00:19:34.721 | DEBUG    | core:as_tensor:724 - Loaded cache for /localdev/gwang/tt_transformers/model_cache/llama33_70b/T3K/empty_kcache_paged_attention(2048, 1, 32, 128)_dtype_BFLOAT8_B_layout_TILE.tensorbin of shape Shape([2048, 1, 32, 128])
2026-09-03 00:19:34.724 | DEBUG    | core:as_tensor:724 - Loaded cache for /localdev/gwang/tt_transformers/model_cache/llama33_70b/T3K/empty_vcache_paged_attention(2048, 1, 32, 128)_dtype_BFLOAT8_B_layout_TILE.tensorbin of shape Shape([2048, 1, 32, 128])
2026-09-03 00:19:34.727 | DEBUG    | core:as_tensor:724 - Loaded cache for /localdev/gwang/tt_transformers/model_cache/llama33_70b/T3K/empty_kcache_paged_attention(2048, 1, 32, 128)_dtype_BFLOAT8_B_layout_TILE.tensorbin of shape Shape([2048, 1, 32, 128])
2026-09-03 00:19:34.729 | DEBUG    | core:as_tensor:724 - Loaded cache for /localdev/gwang/tt_transformers/model_cache/llama33_70b/T3K/empty_vcache_paged_attention(2048, 1, 32, 128)_dtype_BFLOAT8_B_layout_TILE.tensorbin of shape Shape([2048, 1, 32, 128])
2026-09-03 00:19:34.732 | DEBUG    | core:as_tensor:724 - Loaded cache for /localdev/gwang/tt_transformers/model_cache/llama33_70b/T3K/empty_kcache_paged_attention(2048, 1, 32, 128)_dtype_BFLOAT8_B_layout_TILE.tensorbin of shape Shape([2048, 1, 32, 128])
2026-09-03 00:19:34.735 | DEBUG    | core:as_tensor:724 - Loaded cache for /localdev/gwang/tt_transformers/model_cache/llama33_70b/T3K/empty_vcache_paged_attention(2048, 1, 32, 128)_dtype_BFLOAT8_B_layout_TILE.tensorbin of shape Shape([2048, 1, 32, 128])
2026-09-03 00:19:34.738 | DEBUG    | core:as_tensor:724 - Loaded cache for /localdev/gwang/tt_transformers/model_cache/llama33_70b/T3K/empty_kcache_paged_attention(2048, 1, 32, 128)_dtype_BFLOAT8_B_layout_TILE.tensorbin of shape Shape([2048, 1, 32, 128])
2026-09-03 00:19:34.741 | DEBUG    | core:as_tensor:724 - Loaded cache for /localdev/gwang/tt_transformers/model_cache/llama33_70b/T3K/empty_vcache_paged_attention(2048, 1, 32, 128)_dtype_BFLOAT8_B_layout_TILE.tensorbin of shape Shape([2048, 1, 32, 128])
2026-09-03 00:19:34.744 | DEBUG    | core:as_tensor:724 - Loaded cache for /localdev/gwang/tt_transformers/model_cache/llama33_70b/T3K/empty_kcache_paged_attention(2048, 1, 32, 128)_dtype_BFLOAT8_B_layout_TILE.tensorbin of shape Shape([2048, 1, 32, 128])
2026-09-03 00:19:34.746 | DEBUG    | core:as_tensor:724 - Loaded cache for /localdev/gwang/tt_transformers/model_cache/llama33_70b/T3K/empty_vcache_paged_attention(2048, 1, 32, 128)_dtype_BFLOAT8_B_layout_TILE.tensorbin of shape Shape([2048, 1, 32, 128])
2026-09-03 00:19:34.749 | DEBUG    | core:as_tensor:724 - Loaded cache for /localdev/gwang/tt_transformers/model_cache/llama33_70b/T3K/empty_kcache_paged_attention(2048, 1, 32, 128)_dtype_BFLOAT8_B_layout_TILE.tensorbin of shape Shape([2048, 1, 32, 128])
2026-09-03 00:19:34.752 | DEBUG    | core:as_tensor:724 - Loaded cache for /localdev/gwang/tt_transformers/model_cache/llama33_70b/T3K/empty_vcache_paged_attention(2048, 1, 32, 128)_dtype_BFLOAT8_B_layout_TILE.tensorbin of shape Shape([2048, 1, 32, 128])
2026-09-03 00:19:34.755 | DEBUG    | core:as_tensor:724 - Loaded cache for /localdev/gwang/tt_transformers/model_cache/llama33_70b/T3K/empty_kcache_paged_attention(2048, 1, 32, 128)_dtype_BFLOAT8_B_layout_TILE.tensorbin of shape Shape([2048, 1, 32, 128])
2026-09-03 00:19:34.758 | DEBUG    | core:as_tensor:724 - Loaded cache for /localdev/gwang/tt_transformers/model_cache/llama33_70b/T3K/empty_vcache_paged_attention(2048, 1, 32, 128)_dtype_BFLOAT8_B_layout_TILE.tensorbin of shape Shape([2048, 1, 32, 128])
2026-09-03 00:19:34.761 | DEBUG    | core:as_tensor:724 - Loaded cache for /localdev/gwang/tt_transformers/model_cache/llama33_70b/T3K/empty_kcache_paged_attention(2048, 1, 32, 128)_dtype_BFLOAT8_B_layout_TILE.tensorbin of shape Shape([2048, 1, 32, 128])
2026-09-03 00:19:34.764 | DEBUG    | core:as_tensor:724 - Loaded cache for /localdev/gwang/tt_transformers/model_cache/llama33_70b/T3K/empty_vcache_paged_attention(2048, 1, 32, 128)_dtype_BFLOAT8_B_layout_TILE.tensorbin of shape Shape([2048, 1, 32, 128])
2026-09-03 00:19:34.767 | DEBUG    | core:as_tensor:724 - Loaded cache for /localdev/gwang/tt_transformers/model_cache/llama33_70b/T3K/empty_kcache_paged_attention(2048, 1, 32, 128)_dtype_BFLOAT8_B_layout_TILE.tensorbin of shape Shape([2048, 1, 32, 128])
2026-09-03 00:19:34.770 | DEBUG    | core:as_tensor:724 - Loaded cache for /localdev/gwang/tt_transformers/model_cache/llama33_70b/T3K/empty_vcache_paged_attention(2048, 1, 32, 128)_dtype_BFLOAT8_B_layout_TILE.tensorbin of shape Shape([2048, 1, 32, 128])
2026-09-03 00:19:34.772 | DEBUG    | core:as_tensor:724 - Loaded cache for /localdev/gwang/tt_transformers/model_cache/llama33_70b/T3K/empty_kcache_paged_attention(2048, 1, 32, 128)_dtype_BFLOAT8_B_layout_TILE.tensorbin of shape Shape([2048, 1, 32, 128])
2026-09-03 00:19:34.775 | DEBUG    | core:as_tensor:724 - Loaded cache for /localdev/gwang/tt_transformers/model_cache/llama33_70b/T3K/empty_vcache_paged_attention(2048, 1, 32, 128)_dtype_BFLOAT8_B_layout_TILE.tensorbin of shape Shape([2048, 1, 32, 128])
2026-09-03 00:19:34.778 | DEBUG    | core:as_tensor:724 - Loaded cache for /localdev/gwang/tt_transformers/model_cache/llama33_70b/T3K/empty_kcache_paged_attention(2048, 1, 32, 128)_dtype_BFLOAT8_B_layout_TILE.tensorbin of shape Shape([2048, 1, 32, 128])
2026-09-03 00:19:34.781 | DEBUG    | core:as_tensor:724 - Loaded cache for /localdev/gwang/tt_transformers/model_cache/llama33_70b/T3K/empty_vcache_paged_attention(2048, 1, 32, 128)_dtype_BFLOAT8_B_layout_TILE.tensorbin of shape Shape([2048, 1, 32, 128])
2026-09-03 00:19:34.786 | DEBUG    | core:as_tensor:724 - Loaded cache for /localdev/gwang/tt_transformers/model_cache/llama33_70b/T3K/empty_kcache_paged_attention(2048, 1, 32, 128)_dtype_BFLOAT8_B_layout_TILE.tensorbin of shape Shape([2048, 1, 32, 128])
2026-09-03 00:19:34.789 | DEBUG    | core:as_tensor:724 - Loaded cache for /localdev/gwang/tt_transformers/model_cache/llama33_70b/T3K/empty_vcache_paged_attention(2048, 1, 32, 128)_dtype_BFLOAT8_B_layout_TILE.tensorbin of shape Shape([2048, 1, 32, 128])
2026-09-03 00:19:34.792 | DEBUG    | core:as_tensor:724 - Loaded cache for /localdev/gwang/tt_transformers/model_cache/llama33_70b/T3K/empty_kcache_paged_attention(2048, 1, 32, 128)_dtype_BFLOAT8_B_layout_TILE.tensorbin of shape Shape([2048, 1, 32, 128])
2026-09-03 00:19:34.795 | DEBUG    | core:as_tensor:724 - Loaded cache for /localdev/gwang/tt_transformers/model_cache/llama33_70b/T3K/empty_vcache_paged_attention(2048, 1, 32, 128)_dtype_BFLOAT8_B_layout_TILE.tensorbin of shape Shape([2048, 1, 32, 128])
2026-09-03 00:19:34.798 | DEBUG    | core:as_tensor:724 - Loaded cache for /localdev/gwang/tt_transformers/model_cache/llama33_70b/T3K/empty_kcache_paged_attention(2048, 1, 32, 128)_dtype_BFLOAT8_B_layout_TILE.tensorbin of shape Shape([2048, 1, 32, 128])
2026-09-03 00:19:34.801 | DEBUG    | core:as_tensor:724 - Loaded cache for /localdev/gwang/tt_transformers/model_cache/llama33_70b/T3K/empty_vcache_paged_attention(2048, 1, 32, 128)_dtype_BFLOAT8_B_layout_TILE.tensorbin of shape Shape([2048, 1, 32, 128])
2026-09-03 00:19:34.804 | DEBUG    | core:as_tensor:724 - Loaded cache for /localdev/gwang/tt_transformers/model_cache/llama33_70b/T3K/empty_kcache_paged_attention(2048, 1, 32, 128)_dtype_BFLOAT8_B_layout_TILE.tensorbin of shape Shape([2048, 1, 32, 128])
2026-09-03 00:19:34.807 | DEBUG    | core:as_tensor:724 - Loaded cache for /localdev/gwang/tt_transformers/model_cache/llama33_70b/T3K/empty_vcache_paged_attention(2048, 1, 32, 128)_dtype_BFLOAT8_B_layout_TILE.tensorbin of shape Shape([2048, 1, 32, 128])
2026-09-03 00:19:34.810 | DEBUG    | core:as_tensor:724 - Loaded cache for /localdev/gwang/tt_transformers/model_cache/llama33_70b/T3K/empty_kcache_paged_attention(2048, 1, 32, 128)_dtype_BFLOAT8_B_layout_TILE.tensorbin of shape Shape([2048, 1, 32, 128])
2026-09-03 00:19:34.813 | DEBUG    | core:as_tensor:724 - Loaded cache for /localdev/gwang/tt_transformers/model_cache/llama33_70b/T3K/empty_vcache_paged_attention(2048, 1, 32, 128)_dtype_BFLOAT8_B_layout_TILE.tensorbin of shape Shape([2048, 1, 32, 128])
2026-09-03 00:19:34.815 | DEBUG    | core:as_tensor:724 - Loaded cache for /localdev/gwang/tt_transformers/model_cache/llama33_70b/T3K/empty_kcache_paged_attention(2048, 1, 32, 128)_dtype_BFLOAT8_B_layout_TILE.tensorbin of shape Shape([2048, 1, 32, 128])
2026-09-03 00:19:34.818 | DEBUG    | core:as_tensor:724 - Loaded cache for /localdev/gwang/tt_transformers/model_cache/llama33_70b/T3K/empty_vcache_paged_attention(2048, 1, 32, 128)_dtype_BFLOAT8_B_layout_TILE.tensorbin of shape Shape([2048, 1, 32, 128])
2026-09-03 00:19:34.821 | DEBUG    | core:as_tensor:724 - Loaded cache for /localdev/gwang/tt_transformers/model_cache/llama33_70b/T3K/empty_kcache_paged_attention(2048, 1, 32, 128)_dtype_BFLOAT8_B_layout_TILE.tensorbin of shape Shape([2048, 1, 32, 128])
2026-09-03 00:19:34.824 | DEBUG    | core:as_tensor:724 - Loaded cache for /localdev/gwang/tt_transformers/model_cache/llama33_70b/T3K/empty_vcache_paged_attention(2048, 1, 32, 128)_dtype_BFLOAT8_B_layout_TILE.tensorbin of shape Shape([2048, 1, 32, 128])
2026-09-03 00:19:34.827 | DEBUG    | core:as_tensor:724 - Loaded cache for /localdev/gwang/tt_transformers/model_cache/llama33_70b/T3K/empty_kcache_paged_attention(2048, 1, 32, 128)_dtype_BFLOAT8_B_layout_TILE.tensorbin of shape Shape([2048, 1, 32, 128])
2026-09-03 00:19:34.830 | DEBUG    | core:as_tensor:724 - Loaded cache for /localdev/gwang/tt_transformers/model_cache/llama33_70b/T3K/empty_vcache_paged_attention(2048, 1, 32, 128)_dtype_BFLOAT8_B_layout_TILE.tensorbin of shape Shape([2048, 1, 32, 128])
2026-09-03 00:19:34.833 | DEBUG    | core:as_tensor:724 - Loaded cache for /localdev/gwang/tt_transformers/model_cache/llama33_70b/T3K/empty_kcache_paged_attention(2048, 1, 32, 128)_dtype_BFLOAT8_B_layout_TILE.tensorbin of shape Shape([2048, 1, 32, 128])
2026-09-03 00:19:34.835 | DEBUG    | core:as_tensor:724 - Loaded cache for /localdev/gwang/tt_transformers/model_cache/llama33_70b/T3K/empty_vcache_paged_attention(2048, 1, 32, 128)_dtype_BFLOAT8_B_layout_TILE.tensorbin of shape Shape([2048, 1, 32, 128])
2026-09-03 00:19:34.838 | DEBUG    | core:as_tensor:724 - Loaded cache for /localdev/gwang/tt_transformers/model_cache/llama33_70b/T3K/empty_kcache_paged_attention(2048, 1, 32, 128)_dtype_BFLOAT8_B_layout_TILE.tensorbin of shape Shape([2048, 1, 32, 128])
2026-09-03 00:19:34.841 | DEBUG    | core:as_tensor:724 - Loaded cache for /localdev/gwang/tt_transformers/model_cache/llama33_70b/T3K/empty_vcache_paged_attention(2048, 1, 32, 128)_dtype_BFLOAT8_B_layout_TILE.tensorbin of shape Shape([2048, 1, 32, 128])
2026-09-03 00:19:34.844 | DEBUG    | core:as_tensor:724 - Loaded cache for /localdev/gwang/tt_transformers/model_cache/llama33_70b/T3K/empty_kcache_paged_attention(2048, 1, 32, 128)_dtype_BFLOAT8_B_layout_TILE.tensorbin of shape Shape([2048, 1, 32, 128])
2026-09-03 00:19:34.847 | DEBUG    | core:as_tensor:724 - Loaded cache for /localdev/gwang/tt_transformers/model_cache/llama33_70b/T3K/empty_vcache_paged_attention(2048, 1, 32, 128)_dtype_BFLOAT8_B_layout_TILE.tensorbin of shape Shape([2048, 1, 32, 128])
2026-09-03 00:19:34.850 | DEBUG    | core:as_tensor:724 - Loaded cache for /localdev/gwang/tt_transformers/model_cache/llama33_70b/T3K/empty_kcache_paged_attention(2048, 1, 32, 128)_dtype_BFLOAT8_B_layout_TILE.tensorbin of shape Shape([2048, 1, 32, 128])
2026-09-03 00:19:34.853 | DEBUG    | core:as_tensor:724 - Loaded cache for /localdev/gwang/tt_transformers/model_cache/llama33_70b/T3K/empty_vcache_paged_attention(2048, 1, 32, 128)_dtype_BFLOAT8_B_layout_TILE.tensorbin of shape Shape([2048, 1, 32, 128])
2026-09-03 00:19:34.856 | DEBUG    | core:as_tensor:724 - Loaded cache for /localdev/gwang/tt_transformers/model_cache/llama33_70b/T3K/empty_kcache_paged_attention(2048, 1, 32, 128)_dtype_BFLOAT8_B_layout_TILE.tensorbin of shape Shape([2048, 1, 32, 128])
2026-09-03 00:19:34.858 | DEBUG    | core:as_tensor:724 - Loaded cache for /localdev/gwang/tt_transformers/model_cache/llama33_70b/T3K/empty_vcache_paged_attention(2048, 1, 32, 128)_dtype_BFLOAT8_B_layout_TILE.tensorbin of shape Shape([2048, 1, 32, 128])
2026-09-03 00:19:34.861 | DEBUG    | core:as_tensor:724 - Loaded cache for /localdev/gwang/tt_transformers/model_cache/llama33_70b/T3K/empty_kcache_paged_attention(2048, 1, 32, 128)_dtype_BFLOAT8_B_layout_TILE.tensorbin of shape Shape([2048, 1, 32, 128])
2026-09-03 00:19:34.864 | DEBUG    | core:as_tensor:724 - Loaded cache for /localdev/gwang/tt_transformers/model_cache/llama33_70b/T3K/empty_vcache_paged_attention(2048, 1, 32, 128)_dtype_BFLOAT8_B_layout_TILE.tensorbin of shape Shape([2048, 1, 32, 128])
2026-09-03 00:19:34.867 | DEBUG    | core:as_tensor:724 - Loaded cache for /localdev/gwang/tt_transformers/model_cache/llama33_70b/T3K/empty_kcache_paged_attention(2048, 1, 32, 128)_dtype_BFLOAT8_B_layout_TILE.tensorbin of shape Shape([2048, 1, 32, 128])
2026-09-03 00:19:34.870 | DEBUG    | core:as_tensor:724 - Loaded cache for /localdev/gwang/tt_transformers/model_cache/llama33_70b/T3K/empty_vcache_paged_attention(2048, 1, 32, 128)_dtype_BFLOAT8_B_layout_TILE.tensorbin of shape Shape([2048, 1, 32, 128])
2026-09-03 00:19:34.873 | DEBUG    | core:as_tensor:724 - Loaded cache for /localdev/gwang/tt_transformers/model_cache/llama33_70b/T3K/empty_kcache_paged_attention(2048, 1, 32, 128)_dtype_BFLOAT8_B_layout_TILE.tensorbin of shape Shape([2048, 1, 32, 128])
2026-09-03 00:19:34.875 | DEBUG    | core:as_tensor:724 - Loaded cache for /localdev/gwang/tt_transformers/model_cache/llama33_70b/T3K/empty_vcache_paged_attention(2048, 1, 32, 128)_dtype_BFLOAT8_B_layout_TILE.tensorbin of shape Shape([2048, 1, 32, 128])
2026-09-03 00:19:34.878 | DEBUG    | core:as_tensor:724 - Loaded cache for /localdev/gwang/tt_transformers/model_cache/llama33_70b/T3K/empty_kcache_paged_attention(2048, 1, 32, 128)_dtype_BFLOAT8_B_layout_TILE.tensorbin of shape Shape([2048, 1, 32, 128])
2026-09-03 00:19:34.881 | DEBUG    | core:as_tensor:724 - Loaded cache for /localdev/gwang/tt_transformers/model_cache/llama33_70b/T3K/empty_vcache_paged_attention(2048, 1, 32, 128)_dtype_BFLOAT8_B_layout_TILE.tensorbin of shape Shape([2048, 1, 32, 128])
2026-09-03 00:19:34.884 | DEBUG    | core:as_tensor:724 - Loaded cache for /localdev/gwang/tt_transformers/model_cache/llama33_70b/T3K/empty_kcache_paged_attention(2048, 1, 32, 128)_dtype_BFLOAT8_B_layout_TILE.tensorbin of shape Shape([2048, 1, 32, 128])
2026-09-03 00:19:34.887 | DEBUG    | core:as_tensor:724 - Loaded cache for /localdev/gwang/tt_transformers/model_cache/llama33_70b/T3K/empty_vcache_paged_attention(2048, 1, 32, 128)_dtype_BFLOAT8_B_layout_TILE.tensorbin of shape Shape([2048, 1, 32, 128])
2026-09-03 00:19:34.890 | DEBUG    | core:as_tensor:724 - Loaded cache for /localdev/gwang/tt_transformers/model_cache/llama33_70b/T3K/empty_kcache_paged_attention(2048, 1, 32, 128)_dtype_BFLOAT8_B_layout_TILE.tensorbin of shape Shape([2048, 1, 32, 128])
2026-09-03 00:19:34.893 | DEBUG    | core:as_tensor:724 - Loaded cache for /localdev/gwang/tt_transformers/model_cache/llama33_70b/T3K/empty_vcache_paged_attention(2048, 1, 32, 128)_dtype_BFLOAT8_B_layout_TILE.tensorbin of shape Shape([2048, 1, 32, 128])
2026-09-03 00:19:34.895 | DEBUG    | core:as_tensor:724 - Loaded cache for /localdev/gwang/tt_transformers/model_cache/llama33_70b/T3K/empty_kcache_paged_attention(2048, 1, 32, 128)_dtype_BFLOAT8_B_layout_TILE.tensorbin of shape Shape([2048, 1, 32, 128])
2026-09-03 00:19:34.898 | DEBUG    | core:as_tensor:724 - Loaded cache for /localdev/gwang/tt_transformers/model_cache/llama33_70b/T3K/empty_vcache_paged_attention(2048, 1, 32, 128)_dtype_BFLOAT8_B_layout_TILE.tensorbin of shape Shape([2048, 1, 32, 128])
2026-09-03 00:19:34.901 | DEBUG    | core:as_tensor:724 - Loaded cache for /localdev/gwang/tt_transformers/model_cache/llama33_70b/T3K/empty_kcache_paged_attention(2048, 1, 32, 128)_dtype_BFLOAT8_B_layout_TILE.tensorbin of shape Shape([2048, 1, 32, 128])
2026-09-03 00:19:34.904 | DEBUG    | core:as_tensor:724 - Loaded cache for /localdev/gwang/tt_transformers/model_cache/llama33_70b/T3K/empty_vcache_paged_attention(2048, 1, 32, 128)_dtype_BFLOAT8_B_layout_TILE.tensorbin of shape Shape([2048, 1, 32, 128])
2026-09-03 00:19:34.907 | DEBUG    | core:as_tensor:724 - Loaded cache for /localdev/gwang/tt_transformers/model_cache/llama33_70b/T3K/empty_kcache_paged_attention(2048, 1, 32, 128)_dtype_BFLOAT8_B_layout_TILE.tensorbin of shape Shape([2048, 1, 32, 128])
2026-09-03 00:19:34.910 | DEBUG    | core:as_tensor:724 - Loaded cache for /localdev/gwang/tt_transformers/model_cache/llama33_70b/T3K/empty_vcache_paged_attention(2048, 1, 32, 128)_dtype_BFLOAT8_B_layout_TILE.tensorbin of shape Shape([2048, 1, 32, 128])
2026-09-03 00:19:34.913 | DEBUG    | core:as_tensor:724 - Loaded cache for /localdev/gwang/tt_transformers/model_cache/llama33_70b/T3K/empty_kcache_paged_attention(2048, 1, 32, 128)_dtype_BFLOAT8_B_layout_TILE.tensorbin of shape Shape([2048, 1, 32, 128])
2026-09-03 00:19:34.915 | DEBUG    | core:as_tensor:724 - Loaded cache for /localdev/gwang/tt_transformers/model_cache/llama33_70b/T3K/empty_vcache_paged_attention(2048, 1, 32, 128)_dtype_BFLOAT8_B_layout_TILE.tensorbin of shape Shape([2048, 1, 32, 128])
2026-09-03 00:19:34.918 | DEBUG    | core:as_tensor:724 - Loaded cache for /localdev/gwang/tt_transformers/model_cache/llama33_70b/T3K/empty_kcache_paged_attention(2048, 1, 32, 128)_dtype_BFLOAT8_B_layout_TILE.tensorbin of shape Shape([2048, 1, 32, 128])
2026-09-03 00:19:34.921 | DEBUG    | core:as_tensor:724 - Loaded cache for /localdev/gwang/tt_transformers/model_cache/llama33_70b/T3K/empty_vcache_paged_attention(2048, 1, 32, 128)_dtype_BFLOAT8_B_layout_TILE.tensorbin of shape Shape([2048, 1, 32, 128])
2026-09-03 00:19:34.924 | DEBUG    | core:as_tensor:724 - Loaded cache for /localdev/gwang/tt_transformers/model_cache/llama33_70b/T3K/empty_kcache_paged_attention(2048, 1, 32, 128)_dtype_BFLOAT8_B_layout_TILE.tensorbin of shape Shape([2048, 1, 32, 128])
2026-09-03 00:19:34.927 | DEBUG    | core:as_tensor:724 - Loaded cache for /localdev/gwang/tt_transformers/model_cache/llama33_70b/T3K/empty_vcache_paged_attention(2048, 1, 32, 128)_dtype_BFLOAT8_B_layout_TILE.tensorbin of shape Shape([2048, 1, 32, 128])
2026-09-03 00:19:34.930 | DEBUG    | core:as_tensor:724 - Loaded cache for /localdev/gwang/tt_transformers/model_cache/llama33_70b/T3K/empty_kcache_paged_attention(2048, 1, 32, 128)_dtype_BFLOAT8_B_layout_TILE.tensorbin of shape Shape([2048, 1, 32, 128])
2026-09-03 00:19:34.933 | DEBUG    | core:as_tensor:724 - Loaded cache for /localdev/gwang/tt_transformers/model_cache/llama33_70b/T3K/empty_vcache_paged_attention(2048, 1, 32, 128)_dtype_BFLOAT8_B_layout_TILE.tensorbin of shape Shape([2048, 1, 32, 128])
2026-09-03 00:19:34.935 | DEBUG    | core:as_tensor:724 - Loaded cache for /localdev/gwang/tt_transformers/model_cache/llama33_70b/T3K/empty_kcache_paged_attention(2048, 1, 32, 128)_dtype_BFLOAT8_B_layout_TILE.tensorbin of shape Shape([2048, 1, 32, 128])
2026-09-03 00:19:34.938 | DEBUG    | core:as_tensor:724 - Loaded cache for /localdev/gwang/tt_transformers/model_cache/llama33_70b/T3K/empty_vcache_paged_attention(2048, 1, 32, 128)_dtype_BFLOAT8_B_layout_TILE.tensorbin of shape Shape([2048, 1, 32, 128])
2026-09-03 00:19:34.941 | DEBUG    | core:as_tensor:724 - Loaded cache for /localdev/gwang/tt_transformers/model_cache/llama33_70b/T3K/empty_kcache_paged_attention(2048, 1, 32, 128)_dtype_BFLOAT8_B_layout_TILE.tensorbin of shape Shape([2048, 1, 32, 128])
2026-09-03 00:19:34.944 | DEBUG    | core:as_tensor:724 - Loaded cache for /localdev/gwang/tt_transformers/model_cache/llama33_70b/T3K/empty_vcache_paged_attention(2048, 1, 32, 128)_dtype_BFLOAT8_B_layout_TILE.tensorbin of shape Shape([2048, 1, 32, 128])
2026-09-03 00:19:34.947 | DEBUG    | core:as_tensor:724 - Loaded cache for /localdev/gwang/tt_transformers/model_cache/llama33_70b/T3K/empty_kcache_paged_attention(2048, 1, 32, 128)_dtype_BFLOAT8_B_layout_TILE.tensorbin of shape Shape([2048, 1, 32, 128])
2026-09-03 00:19:34.950 | DEBUG    | core:as_tensor:724 - Loaded cache for /localdev/gwang/tt_transformers/model_cache/llama33_70b/T3K/empty_vcache_paged_attention(2048, 1, 32, 128)_dtype_BFLOAT8_B_layout_TILE.tensorbin of shape Shape([2048, 1, 32, 128])
2026-09-03 00:19:34.953 | DEBUG    | core:as_tensor:724 - Loaded cache for /localdev/gwang/tt_transformers/model_cache/llama33_70b/T3K/empty_kcache_paged_attention(2048, 1, 32, 128)_dtype_BFLOAT8_B_layout_TILE.tensorbin of shape Shape([2048, 1, 32, 128])
2026-09-03 00:19:34.955 | DEBUG    | core:as_tensor:724 - Loaded cache for /localdev/gwang/tt_transformers/model_cache/llama33_70b/T3K/empty_vcache_paged_attention(2048, 1, 32, 128)_dtype_BFLOAT8_B_layout_TILE.tensorbin of shape Shape([2048, 1, 32, 128])
2026-09-03 00:19:34.958 | DEBUG    | core:as_tensor:724 - Loaded cache for /localdev/gwang/tt_transformers/model_cache/llama33_70b/T3K/empty_kcache_paged_attention(2048, 1, 32, 128)_dtype_BFLOAT8_B_layout_TILE.tensorbin of shape Shape([2048, 1, 32, 128])
2026-09-03 00:19:34.961 | DEBUG    | core:as_tensor:724 - Loaded cache for /localdev/gwang/tt_transformers/model_cache/llama33_70b/T3K/empty_vcache_paged_attention(2048, 1, 32, 128)_dtype_BFLOAT8_B_layout_TILE.tensorbin of shape Shape([2048, 1, 32, 128])
2026-09-03 00:19:34.964 | DEBUG    | core:as_tensor:724 - Loaded cache for /localdev/gwang/tt_transformers/model_cache/llama33_70b/T3K/empty_kcache_paged_attention(2048, 1, 32, 128)_dtype_BFLOAT8_B_layout_TILE.tensorbin of shape Shape([2048, 1, 32, 128])
2026-09-03 00:19:34.967 | DEBUG    | core:as_tensor:724 - Loaded cache for /localdev/gwang/tt_transformers/model_cache/llama33_70b/T3K/empty_vcache_paged_attention(2048, 1, 32, 128)_dtype_BFLOAT8_B_layout_TILE.tensorbin of shape Shape([2048, 1, 32, 128])
2026-09-03 00:19:34.970 | DEBUG    | core:as_tensor:724 - Loaded cache for /localdev/gwang/tt_transformers/model_cache/llama33_70b/T3K/empty_kcache_paged_attention(2048, 1, 32, 128)_dtype_BFLOAT8_B_layout_TILE.tensorbin of shape Shape([2048, 1, 32, 128])
2026-09-03 00:19:34.972 | DEBUG    | core:as_tensor:724 - Loaded cache for /localdev/gwang/tt_transformers/model_cache/llama33_70b/T3K/empty_vcache_paged_attention(2048, 1, 32, 128)_dtype_BFLOAT8_B_layout_TILE.tensorbin of shape Shape([2048, 1, 32, 128])
2026-09-03 00:19:34.975 | DEBUG    | core:as_tensor:724 - Loaded cache for /localdev/gwang/tt_transformers/model_cache/llama33_70b/T3K/empty_kcache_paged_attention(2048, 1, 32, 128)_dtype_BFLOAT8_B_layout_TILE.tensorbin of shape Shape([2048, 1, 32, 128])
2026-09-03 00:19:34.978 | DEBUG    | core:as_tensor:724 - Loaded cache for /localdev/gwang/tt_transformers/model_cache/llama33_70b/T3K/empty_vcache_paged_attention(2048, 1, 32, 128)_dtype_BFLOAT8_B_layout_TILE.tensorbin of shape Shape([2048, 1, 32, 128])
2026-09-03 00:19:37.011 | INFO     | tt_transformers.llm_runtime.warmup:warmup_decode:485 - Compiled decode
2026-09-03 00:19:37.247 | INFO     | tt_transformers.llm_runtime.warmup:warmup_decode:485 - Compiled decode
2026-09-03 00:19:37.247 | INFO     | tt_transformers.llm_runtime.warmup:warmup_decode:487 - Compiled on-device sampling
2026-09-03 00:19:48.835 | INFO     | tt_transformers.llm_runtime.trace_compiler:capture_all:336 - Captured decode trace: signature=DecodeTraceSignature(batch_size=16, page_table_width=128, sampling_path='logits', device_feedback=False, penalties_enabled=False, logprobs_enabled=False)
2026-09-03 00:19:49.168 | INFO     | tt_transformers.llm_runtime.trace_compiler:capture_all:336 - Captured decode trace: signature=DecodeTraceSignature(batch_size=16, page_table_width=128, sampling_path='topk', device_feedback=True, penalties_enabled=False, logprobs_enabled=False)
2026-09-03 00:19:49.801 | INFO     | tt_transformers.llm_runtime.trace_compiler:capture_all:336 - Captured prefill trace: signature=PrefillTraceSignature(operation_variant='regular-batched', padded_batch_size=16, padded_sequence_length=128, page_table_width=192, chunk_page_table_width=None, sampling_path='topk', penalties_enabled=False, logprobs_enabled=False)
2026-09-03 00:19:50.443 | INFO     | tt_transformers.llm_runtime.trace_compiler:capture_all:336 - Captured prefill trace: signature=PrefillTraceSignature(operation_variant='regular-batched', padded_batch_size=16, padded_sequence_length=128, page_table_width=192, chunk_page_table_width=None, sampling_path='logits', penalties_enabled=False, logprobs_enabled=False)
2026-09-03 00:19:50.732 | INFO     | tt_transformers.llm_runtime.trace_compiler:capture_all:336 - Captured prefill trace: signature=PrefillTraceSignature(operation_variant='regular-single', padded_batch_size=1, padded_sequence_length=128, page_table_width=192, chunk_page_table_width=None, sampling_path='topk', penalties_enabled=False, logprobs_enabled=False)
2026-09-03 00:19:51.077 | INFO     | tt_transformers.llm_runtime.trace_compiler:capture_all:336 - Captured prefill trace: signature=PrefillTraceSignature(operation_variant='regular-batched', padded_batch_size=2, padded_sequence_length=128, page_table_width=192, chunk_page_table_width=None, sampling_path='topk', penalties_enabled=False, logprobs_enabled=False)
2026-09-03 00:19:51.464 | INFO     | tt_transformers.llm_runtime.trace_compiler:capture_all:336 - Captured prefill trace: signature=PrefillTraceSignature(operation_variant='regular-batched', padded_batch_size=4, padded_sequence_length=128, page_table_width=192, chunk_page_table_width=None, sampling_path='topk', penalties_enabled=False, logprobs_enabled=False)
2026-09-03 00:19:51.962 | INFO     | tt_transformers.llm_runtime.trace_compiler:capture_all:336 - Captured prefill trace: signature=PrefillTraceSignature(operation_variant='regular-batched', padded_batch_size=8, padded_sequence_length=128, page_table_width=192, chunk_page_table_width=None, sampling_path='topk', penalties_enabled=False, logprobs_enabled=False)
2026-09-03 00:19:52.264 | INFO     | tt_transformers.llm_runtime.trace_compiler:capture_all:336 - Captured prefill trace: signature=PrefillTraceSignature(operation_variant='chunked', padded_batch_size=1, padded_sequence_length=128, page_table_width=192, chunk_page_table_width=4, sampling_path='topk', penalties_enabled=False, logprobs_enabled=False)
2026-09-03 00:19:52.608 | INFO     | tt_transformers.llm_runtime.trace_compiler:capture_all:336 - Captured prefill trace: signature=PrefillTraceSignature(operation_variant='regular-single', padded_batch_size=1, padded_sequence_length=2048, page_table_width=192, chunk_page_table_width=None, sampling_path='topk', penalties_enabled=False, logprobs_enabled=False)
2026-09-03 00:19:52.954 | INFO     | tt_transformers.llm_runtime.trace_compiler:capture_all:336 - Captured prefill trace: signature=PrefillTraceSignature(operation_variant='chunked', padded_batch_size=1, padded_sequence_length=2048, page_table_width=192, chunk_page_table_width=64, sampling_path='topk', penalties_enabled=False, logprobs_enabled=False)
2026-09-03 00:19:53.251 | INFO     | tt_transformers.llm_runtime.trace_compiler:capture_all:336 - Captured prefill trace: signature=PrefillTraceSignature(operation_variant='regular-single', padded_batch_size=1, padded_sequence_length=128, page_table_width=192, chunk_page_table_width=None, sampling_path='logits', penalties_enabled=False, logprobs_enabled=False)
2026-09-03 00:19:53.601 | INFO     | tt_transformers.llm_runtime.trace_compiler:capture_all:336 - Captured prefill trace: signature=PrefillTraceSignature(operation_variant='regular-batched', padded_batch_size=2, padded_sequence_length=128, page_table_width=192, chunk_page_table_width=None, sampling_path='logits', penalties_enabled=False, logprobs_enabled=False)
2026-09-03 00:19:53.990 | INFO     | tt_transformers.llm_runtime.trace_compiler:capture_all:336 - Captured prefill trace: signature=PrefillTraceSignature(operation_variant='regular-batched', padded_batch_size=4, padded_sequence_length=128, page_table_width=192, chunk_page_table_width=None, sampling_path='logits', penalties_enabled=False, logprobs_enabled=False)
2026-09-03 00:19:54.490 | INFO     | tt_transformers.llm_runtime.trace_compiler:capture_all:336 - Captured prefill trace: signature=PrefillTraceSignature(operation_variant='regular-batched', padded_batch_size=8, padded_sequence_length=128, page_table_width=192, chunk_page_table_width=None, sampling_path='logits', penalties_enabled=False, logprobs_enabled=False)
2026-09-03 00:19:54.797 | INFO     | tt_transformers.llm_runtime.trace_compiler:capture_all:336 - Captured prefill trace: signature=PrefillTraceSignature(operation_variant='chunked', padded_batch_size=1, padded_sequence_length=128, page_table_width=192, chunk_page_table_width=4, sampling_path='logits', penalties_enabled=False, logprobs_enabled=False)
2026-09-03 00:19:55.142 | INFO     | tt_transformers.llm_runtime.trace_compiler:capture_all:336 - Captured prefill trace: signature=PrefillTraceSignature(operation_variant='regular-single', padded_batch_size=1, padded_sequence_length=2048, page_table_width=192, chunk_page_table_width=None, sampling_path='logits', penalties_enabled=False, logprobs_enabled=False)
2026-09-03 00:19:55.493 | INFO     | tt_transformers.llm_runtime.trace_compiler:capture_all:336 - Captured prefill trace: signature=PrefillTraceSignature(operation_variant='chunked', padded_batch_size=1, padded_sequence_length=2048, page_table_width=192, chunk_page_table_width=64, sampling_path='logits', penalties_enabled=False, logprobs_enabled=False)
2026-09-03 00:19:55.793 | INFO     | tt_transformers.llm_runtime.execution:_execute_prefill:671 - TTTV2_RUNTIME_EVIDENCE {"active_batch_size": 1, "execution": "trace_replay", "lane": 0, "operation": "prefill", "padded_batch_size": 1, "padded_sequence_length": 128, "program_key": "999cbf354c9bdd6077cabb45b51d31c2abbe52833ac910f642e5bcbb3cdd4494", "rank": 0, "replay_steps": 1, "sampling_path": "logits", "trace_key": "469283b260195f80b5f03bce4eb3044eeef47176541b1aae9a1d1a6ecb5917fe", "variant": "regular-single"}
2026-09-03 00:19:56.351 | INFO     | tt_transformers.llm_runtime.execution:_execute_prefill:671 - TTTV2_RUNTIME_EVIDENCE {"active_batch_size": 15, "execution": "trace_replay", "lane": 0, "operation": "prefill", "padded_batch_size": 16, "padded_sequence_length": 128, "program_key": "c7a3e8066537c19ac3fa869ec3ca1bc407bafcd8502d3b01be5dae9a2ed0b276", "rank": 0, "replay_steps": 1, "sampling_path": "logits", "trace_key": "d6be81420b505b3fe570ee657d153901af70fb56b5e1e9fbbb41b8205b87409b", "variant": "regular-batched"}
______ test_w6_active15_padded16_trace_correctness[topk-logits-15-16-T3K] ______

production_model = <tt_transformers.models.llama33_70b.model.Llama33_70BTransformer1D object at 0x7f74387c6380>
ttnn_mesh_device = MeshDevice(1x8 grid, 8 devices), capture_order = (15, 16)
sampling_order = ('topk', 'logits')

    @pytest.mark.device
    @pytest.mark.model
    @pytest.mark.wormhole
    @pytest.mark.t3k
    @pytest.mark.parametrize("capture_order", [(16, 15), (15, 16)], ids=["16-15", "15-16"])
    @pytest.mark.parametrize(
        "sampling_order",
        [("logits", "topk"), ("topk", "logits")],
        ids=["logits-topk", "topk-logits"],
    )
    def test_w6_active15_padded16_trace_correctness(
        production_model,
        ttnn_mesh_device,
        capture_order,
        sampling_order,
    ):
        stale_block = _STALE_BLOCK
        page_table = _page_table(stale_block=stale_block)
        resident_table = _page_table()[_RESIDENT_SLOT : _RESIDENT_SLOT + 1]
        resident_table[:, :4] = torch.arange(_RESIDENT_BLOCK_START, _RESIDENT_BLOCK_START + 4, dtype=torch.int32)
        tokens = _tokens(15)
        resident_tokens = _tokens(1, salt=101)
        expected_logits, expected_active_decode, expected_resident_decode = _run_sequential_oracle(
            production_model, tokens, page_table, resident_tokens, resident_table
        )
        batched_eager_logits, batched_eager_kv, batched_eager_active_decode = _run_batched_eager_oracle(
            production_model, tokens, page_table, resident_tokens, resident_table
        )
    
        executor = create_executor(production_model, traced=True, device_sampling_enabled=True, trace_mode="all")
        try:
            assert executor.config.trace.mode == "all"
            # Production Llama33 disables force-argmax, so argmax->top-k is not an
            # executable registration order for this candidate.
            assert not production_model.sampling.config.allow_force_argmax
            assert executor.prefill_runtime.config.device_sampling_enabled
            assert not executor.prefill_runtime.config.disable_batched_prefill
            kv_cache = executor.allocate_kv_cache()
            # Compile the read-only KV evidence slices before trace activation so
            # the later program-cache invariant measures runtime work, not test
            # instrumentation first use.
            _kv_snapshot(
                kv_cache,
                (0, 60),
                (_STALE_BLOCK, _STALE_BLOCK + 1),
                (_RESIDENT_BLOCK_START, _RESIDENT_BLOCK_START + 4),
            )
            topk = _compile_registration_order(executor, kv_cache, page_table, capture_order, sampling_order)
            assert executor.trace_compiler.trace_active
            baseline_registry = len(executor.program_compiler.compiled_programs)
            baseline_program_cache = _program_cache_entries(ttnn_mesh_device)
            baseline_summary = executor.traced_executor.runtime_summary()
    
            prepared = _prepared(executor, tokens, page_table)
            assert len(prepared) == 1
            item = prepared[0]
            assert item.request.kind == "batched"
            assert item.request.source_rows == tuple(range(15))
            assert item.request.padded_batch_size == 16
            assert item.program_signatures[0].operation_variant == "regular-batched"
            assert item.sampling_path == "logits"
            assert item.trace_signature is not None
            assert torch.all(item.request.tokens[15] == 0)
            assert torch.all(item.request.page_table[15] == -1)
            assert torch.all(item.request.page_table[:15, 4:] == -1)
            program_key = executor.program_compiler.key_for(item.program_signatures[0])
            trace_key = executor.trace_compiler.trace_key_for_program(program_key)
            assert trace_key is not None
            assert executor.trace_compiler.get(trace_key).artifact is not None
    
            stale_before = _kv_snapshot(kv_cache, (_STALE_BLOCK, _STALE_BLOCK + 1))
            resident_logits = executor.prefill_forward(
                resident_tokens,
                resident_table,
                kv_cache=kv_cache,
                prompt_lens=torch.tensor([_PROMPT_LEN]),
                empty_slots=[_RESIDENT_SLOT],
                execution=executor.traced_prefill_execution,
            )
            resident_before = _kv_snapshot(kv_cache, (_RESIDENT_BLOCK_START, _RESIDENT_BLOCK_START + 4))
            actual_logits = executor.prefill_forward(
                tokens,
                page_table[:15],
                kv_cache=kv_cache,
                prompt_lens=torch.full((15,), _PROMPT_LEN, dtype=torch.long),
                empty_slots=list(range(15)),
                execution=executor.traced_prefill_execution,
            )
            actual_kv = _kv_snapshot(
                kv_cache,
                (0, 60),
                (_RESIDENT_BLOCK_START, _RESIDENT_BLOCK_START + 4),
            )
            resident_after = _kv_snapshot(kv_cache, (_RESIDENT_BLOCK_START, _RESIDENT_BLOCK_START + 4))
>           assert_rowwise_logits_parity(
                batched_eager_logits,
                expected_logits,
                min_row_pcc=_LOGITS_MIN_ROW_PCC,
                max_abs=_LOGITS_MAX_ABS,
                require_exact_top1=False,
                max_top1_mismatches=_LOGITS_MAX_TOP1_MISMATCHES,
                expected_top1_in_actual_topk=_LOGITS_TOPK,
                min_topk_overlap=_LOGITS_MIN_TOPK_OVERLAP,
                isclose_atol=_LOGITS_ATOL,
                isclose_rtol=0.05,
                max_isclose_failure_fraction=_LOGITS_MAX_ISCLOSE_FAILURE_FRACTION,
            )

tests/models/llama33_70b/test_t3k_batched_prefill_correctness.py:471: 
_ _ _ _ _ _ _ _ _ _ _ _ _ _ _ _ _ _ _ _ _ _ _ _ _ _ _ _ _ _ _ _ _ _ _ _ _ _ _ _ 

actual = tensor([[[-21.0000, -19.0000, -12.0000,  ...,   5.8750,   5.8750,   5.8750]],

        [[  3.8750,   3.1875,   2.1875,...,  ...,  -8.0000,  -8.0000,  -8.0000]],

        [[  0.8125,   1.4688,  -1.0625,  ...,  -7.5625,  -7.5625,  -7.5625]]])
expected = tensor([[[-20.5000, -19.0000, -12.0000,  ...,   5.6875,   5.6875,   5.6875]],

        [[  3.6875,   3.0625,   2.0000,...,  ...,  -8.0000,  -8.0000,  -8.0000]],

        [[  0.8125,   1.2500,  -1.0625,  ...,  -7.5000,  -7.5000,  -7.5000]]])

    def assert_rowwise_logits_parity(
        actual: torch.Tensor,
        expected: torch.Tensor,
        *,
        min_row_pcc: float,
        max_abs: float,
        require_exact_top1: bool = True,
        max_top1_mismatches: int | None = None,
        expected_top1_in_actual_topk: int | None = None,
        min_topk_overlap: int | None = None,
        isclose_atol: float | None = None,
        isclose_rtol: float | None = None,
        max_isclose_failure_fraction: float | None = None,
    ) -> None:
        """Require every batch row to preserve logits shape, quality, and ranking."""
    
        if require_exact_top1 and (max_top1_mismatches is not None or expected_top1_in_actual_topk is not None):
            raise ValueError("exact top-1 and top-k containment are mutually exclusive")
        if min_topk_overlap is not None and expected_top1_in_actual_topk is None:
            raise ValueError("min_topk_overlap requires expected_top1_in_actual_topk")
        isclose_options = (isclose_atol, isclose_rtol, max_isclose_failure_fraction)
        if any(value is not None for value in isclose_options) and not all(value is not None for value in isclose_options):
            raise ValueError("isclose_atol, isclose_rtol, and max_isclose_failure_fraction must be supplied together")
    
        if actual.shape != expected.shape:
            raise AssertionError(f"logits shape mismatch: actual={tuple(actual.shape)}, expected={tuple(expected.shape)}")
        if actual.ndim < 2:
            raise AssertionError(f"logits must have batch and vocabulary dimensions, got {tuple(actual.shape)}")
    
        actual_rows = actual.detach().float().reshape(actual.shape[0], -1)
        expected_rows = expected.detach().float().reshape(expected.shape[0], -1)
        if not torch.isfinite(actual_rows).all() or not torch.isfinite(expected_rows).all():
            raise AssertionError("logits contain non-finite values")
    
        actual_centered = actual_rows - actual_rows.mean(dim=1, keepdim=True)
        expected_centered = expected_rows - expected_rows.mean(dim=1, keepdim=True)
        denominator = actual_centered.norm(dim=1) * expected_centered.norm(dim=1)
        numerator = (actual_centered * expected_centered).sum(dim=1)
        row_pcc = torch.where(
            denominator > 0,
            numerator / denominator,
            torch.where(
                torch.all(actual_rows == expected_rows, dim=1),
                torch.ones_like(denominator),
                torch.zeros_like(denominator),
            ),
        )
        row_max_abs = (actual_rows - expected_rows).abs().amax(dim=1)
        actual_top1 = actual_rows.argmax(dim=1)
        expected_top1 = expected_rows.argmax(dim=1)
    
        failures = []
        bad_pcc = torch.nonzero(row_pcc < min_row_pcc, as_tuple=False).reshape(-1)
        if bad_pcc.numel():
            failures.append(
                f"row PCC below {min_row_pcc}: "
                + ", ".join(f"row {row}: {row_pcc[row].item():.8f}" for row in bad_pcc.tolist())
            )
        bad_max_abs = torch.nonzero(row_max_abs > max_abs, as_tuple=False).reshape(-1)
        if bad_max_abs.numel():
            failures.append(
                f"row max-abs above {max_abs}: "
                + ", ".join(f"row {row}: {row_max_abs[row].item():.8f}" for row in bad_max_abs.tolist())
            )
        if require_exact_top1 and not torch.equal(actual_top1, expected_top1):
            disagreement = torch.nonzero(actual_top1 != expected_top1, as_tuple=False)
            failures.append(f"top-1 mismatch at {disagreement.tolist()}")
        if max_top1_mismatches is not None:
            mismatch_count = int((actual_top1 != expected_top1).sum().item())
            if mismatch_count > int(max_top1_mismatches):
                failures.append(f"top-1 mismatch count {mismatch_count} exceeds {max_top1_mismatches}")
        if expected_top1_in_actual_topk is not None:
            topk = int(expected_top1_in_actual_topk)
            if topk <= 0 or topk > actual_rows.shape[1]:
                raise ValueError(f"top-k must be in [1, {actual_rows.shape[1]}], got {topk}")
            actual_topk = actual_rows.topk(topk, dim=1).indices
            expected_topk = expected_rows.topk(topk, dim=1).indices
            expected_top1_rows = expected_top1.unsqueeze(1)
            missing_top1 = torch.nonzero(~(actual_topk == expected_top1_rows).any(dim=1), as_tuple=False).reshape(-1)
            if missing_top1.numel():
                failures.append(f"expected top-1 missing from actual top-{topk} at rows {missing_top1.tolist()}")
            if min_topk_overlap is not None:
                minimum = int(min_topk_overlap)
                if minimum <= 0 or minimum > topk:
                    raise ValueError(f"min_topk_overlap must be in [1, {topk}], got {minimum}")
                overlaps = (actual_topk.unsqueeze(2) == expected_topk.unsqueeze(1)).any(dim=2).sum(dim=1)
                bad_overlap = torch.nonzero(overlaps < minimum, as_tuple=False).reshape(-1)
                if bad_overlap.numel():
                    failures.append(
                        f"top-{topk} overlap below {minimum}: "
                        + ", ".join(f"row {row}: {overlaps[row].item()}" for row in bad_overlap.tolist())
                    )
        if max_isclose_failure_fraction is not None:
            close = torch.isclose(actual_rows, expected_rows, atol=float(isclose_atol), rtol=float(isclose_rtol))
            failure_fraction = float((~close).float().mean().item())
            if failure_fraction > float(max_isclose_failure_fraction):
                row_fractions = (~close).float().mean(dim=1)
                failures.append(
                    f"isclose failure fraction {failure_fraction:.8f} exceeds {max_isclose_failure_fraction}; "
                    + ", ".join(f"row {row}: {value.item():.8f}" for row, value in enumerate(row_fractions))
                )
    
        if failures:
>           raise AssertionError("logits parity failed; " + "; ".join(failures))
E           AssertionError: logits parity failed; row max-abs above 1.0: row 0: 1.50000000; top-5 overlap below 4: row 0: 3

tests/models/llama33_70b/logits_oracle.py:114: AssertionError
----------------------------- Captured stdout call -----------------------------
2026-09-03 00:20:13.732 | warning  |              Op | The following ttnn.all_gather args are deprecated and will be removed in September-2026: num_links, topology, chunks_per_sync, num_workers_per_link, num_buffers_per_channel, use_l1_small_for_semaphores. (all_gather.cpp:148)
2026-09-03 00:20:13.732 | warning  |              Op | The following ttnn.all_gather args are deprecated and will be removed in September-2026: num_links, topology, chunks_per_sync, num_workers_per_link, num_buffers_per_channel, use_l1_small_for_semaphores. (all_gather.cpp:148)
2026-09-03 00:20:14.135 | warning  |              Op | The following ttnn.all_gather args are deprecated and will be removed in September-2026: num_links, topology, chunks_per_sync, num_workers_per_link, num_buffers_per_channel, use_l1_small_for_semaphores. (all_gather.cpp:148)
2026-09-03 00:20:14.135 | warning  |              Op | The following ttnn.all_gather args are deprecated and will be removed in September-2026: num_links, topology, chunks_per_sync, num_workers_per_link, num_buffers_per_channel, use_l1_small_for_semaphores. (all_gather.cpp:148)
2026-09-03 00:20:14.635 | warning  |              Op | The following ttnn.all_gather args are deprecated and will be removed in September-2026: num_links, topology, chunks_per_sync, num_workers_per_link, num_buffers_per_channel, use_l1_small_for_semaphores. (all_gather.cpp:148)
2026-09-03 00:20:14.635 | warning  |              Op | The following ttnn.all_gather args are deprecated and will be removed in September-2026: num_links, topology, chunks_per_sync, num_workers_per_link, num_buffers_per_channel, use_l1_small_for_semaphores. (all_gather.cpp:148)
2026-09-03 00:20:15.334 | warning  |              Op | The following ttnn.all_gather args are deprecated and will be removed in September-2026: num_links, topology, chunks_per_sync, num_workers_per_link, num_buffers_per_channel, use_l1_small_for_semaphores. (all_gather.cpp:148)
2026-09-03 00:20:15.335 | warning  |              Op | The following ttnn.all_gather args are deprecated and will be removed in September-2026: num_links, topology, chunks_per_sync, num_workers_per_link, num_buffers_per_channel, use_l1_small_for_semaphores. (all_gather.cpp:148)
2026-09-03 00:20:16.547 | warning  |              Op | The following ttnn.all_gather args are deprecated and will be removed in September-2026: num_links, topology, chunks_per_sync, num_workers_per_link, num_buffers_per_channel, use_l1_small_for_semaphores. (all_gather.cpp:148)
2026-09-03 00:20:16.547 | warning  |              Op | The following ttnn.all_gather args are deprecated and will be removed in September-2026: num_links, topology, chunks_per_sync, num_workers_per_link, num_buffers_per_channel, use_l1_small_for_semaphores. (all_gather.cpp:148)
2026-09-03 00:20:18.904 | warning  |              Op | The following ttnn.all_gather args are deprecated and will be removed in September-2026: num_links, topology, chunks_per_sync, num_workers_per_link, num_buffers_per_channel, use_l1_small_for_semaphores. (all_gather.cpp:148)
2026-09-03 00:20:18.904 | warning  |              Op | The following ttnn.all_gather args are deprecated and will be removed in September-2026: num_links, topology, chunks_per_sync, num_workers_per_link, num_buffers_per_channel, use_l1_small_for_semaphores. (all_gather.cpp:148)
2026-09-03 00:20:19.327 | warning  |              Op | The following ttnn.all_gather args are deprecated and will be removed in September-2026: num_links, topology, chunks_per_sync, num_workers_per_link, num_buffers_per_channel, use_l1_small_for_semaphores. (all_gather.cpp:148)
2026-09-03 00:20:19.327 | warning  |              Op | The following ttnn.all_gather args are deprecated and will be removed in September-2026: num_links, topology, chunks_per_sync, num_workers_per_link, num_buffers_per_channel, use_l1_small_for_semaphores. (all_gather.cpp:148)
2026-09-03 00:20:21.682 | warning  |              Op | The following ttnn.all_gather args are deprecated and will be removed in September-2026: num_links, topology, chunks_per_sync, num_workers_per_link, num_buffers_per_channel, use_l1_small_for_semaphores. (all_gather.cpp:148)
2026-09-03 00:20:21.684 | warning  |              Op | The following ttnn.all_gather args are deprecated and will be removed in September-2026: num_links, topology, chunks_per_sync, num_workers_per_link, num_buffers_per_channel, use_l1_small_for_semaphores. (all_gather.cpp:148)
2026-09-03 00:20:24.261 | warning  |              Op | The following ttnn.all_gather args are deprecated and will be removed in September-2026: num_links, topology, chunks_per_sync, num_workers_per_link, num_buffers_per_channel, use_l1_small_for_semaphores. (all_gather.cpp:148)
2026-09-03 00:20:24.262 | warning  |              Op | The following ttnn.all_gather args are deprecated and will be removed in September-2026: num_links, topology, chunks_per_sync, num_workers_per_link, num_buffers_per_channel, use_l1_small_for_semaphores. (all_gather.cpp:148)
2026-09-03 00:20:24.537 | warning  |              Op | The following ttnn.all_gather args are deprecated and will be removed in September-2026: num_links, topology, chunks_per_sync, num_workers_per_link, num_buffers_per_channel, use_l1_small_for_semaphores. (all_gather.cpp:148)
2026-09-03 00:20:24.538 | warning  |              Op | The following ttnn.all_gather args are deprecated and will be removed in September-2026: num_links, topology, chunks_per_sync, num_workers_per_link, num_buffers_per_channel, use_l1_small_for_semaphores. (all_gather.cpp:148)
2026-09-03 00:20:24.744 | warning  |              Op | The following ttnn.all_gather args are deprecated and will be removed in September-2026: num_links, topology, chunks_per_sync, num_workers_per_link, num_buffers_per_channel, use_l1_small_for_semaphores. (all_gather.cpp:148)
2026-09-03 00:20:24.744 | warning  |              Op | The following ttnn.all_gather args are deprecated and will be removed in September-2026: num_links, topology, chunks_per_sync, num_workers_per_link, num_buffers_per_channel, use_l1_small_for_semaphores. (all_gather.cpp:148)
2026-09-03 00:20:24.951 | warning  |              Op | The following ttnn.all_gather args are deprecated and will be removed in September-2026: num_links, topology, chunks_per_sync, num_workers_per_link, num_buffers_per_channel, use_l1_small_for_semaphores. (all_gather.cpp:148)
2026-09-03 00:20:24.951 | warning  |              Op | The following ttnn.all_gather args are deprecated and will be removed in September-2026: num_links, topology, chunks_per_sync, num_workers_per_link, num_buffers_per_channel, use_l1_small_for_semaphores. (all_gather.cpp:148)
2026-09-03 00:20:25.489 | warning  |              Op | The following ttnn.all_gather args are deprecated and will be removed in September-2026: num_links, topology, chunks_per_sync, num_workers_per_link, num_buffers_per_channel, use_l1_small_for_semaphores. (all_gather.cpp:148)
2026-09-03 00:20:25.489 | warning  |              Op | The following ttnn.all_gather args are deprecated and will be removed in September-2026: num_links, topology, chunks_per_sync, num_workers_per_link, num_buffers_per_channel, use_l1_small_for_semaphores. (all_gather.cpp:148)
----------------------------- Captured stderr call -----------------------------
2026-09-03 00:19:59.491 | DEBUG    | core:as_tensor:724 - Loaded cache for /localdev/gwang/tt_transformers/model_cache/llama33_70b/T3K/empty_kcache_paged_attention(2048, 1, 32, 128)_dtype_BFLOAT8_B_layout_TILE.tensorbin of shape Shape([2048, 1, 32, 128])
2026-09-03 00:19:59.494 | DEBUG    | core:as_tensor:724 - Loaded cache for /localdev/gwang/tt_transformers/model_cache/llama33_70b/T3K/empty_vcache_paged_attention(2048, 1, 32, 128)_dtype_BFLOAT8_B_layout_TILE.tensorbin of shape Shape([2048, 1, 32, 128])
2026-09-03 00:19:59.497 | DEBUG    | core:as_tensor:724 - Loaded cache for /localdev/gwang/tt_transformers/model_cache/llama33_70b/T3K/empty_kcache_paged_attention(2048, 1, 32, 128)_dtype_BFLOAT8_B_layout_TILE.tensorbin of shape Shape([2048, 1, 32, 128])
2026-09-03 00:19:59.500 | DEBUG    | core:as_tensor:724 - Loaded cache for /localdev/gwang/tt_transformers/model_cache/llama33_70b/T3K/empty_vcache_paged_attention(2048, 1, 32, 128)_dtype_BFLOAT8_B_layout_TILE.tensorbin of shape Shape([2048, 1, 32, 128])
2026-09-03 00:19:59.503 | DEBUG    | core:as_tensor:724 - Loaded cache for /localdev/gwang/tt_transformers/model_cache/llama33_70b/T3K/empty_kcache_paged_attention(2048, 1, 32, 128)_dtype_BFLOAT8_B_layout_TILE.tensorbin of shape Shape([2048, 1, 32, 128])
2026-09-03 00:19:59.505 | DEBUG    | core:as_tensor:724 - Loaded cache for /localdev/gwang/tt_transformers/model_cache/llama33_70b/T3K/empty_vcache_paged_attention(2048, 1, 32, 128)_dtype_BFLOAT8_B_layout_TILE.tensorbin of shape Shape([2048, 1, 32, 128])
2026-09-03 00:19:59.508 | DEBUG    | core:as_tensor:724 - Loaded cache for /localdev/gwang/tt_transformers/model_cache/llama33_70b/T3K/empty_kcache_paged_attention(2048, 1, 32, 128)_dtype_BFLOAT8_B_layout_TILE.tensorbin of shape Shape([2048, 1, 32, 128])
2026-09-03 00:19:59.511 | DEBUG    | core:as_tensor:724 - Loaded cache for /localdev/gwang/tt_transformers/model_cache/llama33_70b/T3K/empty_vcache_paged_attention(2048, 1, 32, 128)_dtype_BFLOAT8_B_layout_TILE.tensorbin of shape Shape([2048, 1, 32, 128])
2026-09-03 00:19:59.514 | DEBUG    | core:as_tensor:724 - Loaded cache for /localdev/gwang/tt_transformers/model_cache/llama33_70b/T3K/empty_kcache_paged_attention(2048, 1, 32, 128)_dtype_BFLOAT8_B_layout_TILE.tensorbin of shape Shape([2048, 1, 32, 128])
2026-09-03 00:19:59.523 | DEBUG    | core:as_tensor:724 - Loaded cache for /localdev/gwang/tt_transformers/model_cache/llama33_70b/T3K/empty_vcache_paged_attention(2048, 1, 32, 128)_dtype_BFLOAT8_B_layout_TILE.tensorbin of shape Shape([2048, 1, 32, 128])
2026-09-03 00:19:59.526 | DEBUG    | core:as_tensor:724 - Loaded cache for /localdev/gwang/tt_transformers/model_cache/llama33_70b/T3K/empty_kcache_paged_attention(2048, 1, 32, 128)_dtype_BFLOAT8_B_layout_TILE.tensorbin of shape Shape([2048, 1, 32, 128])
2026-09-03 00:19:59.529 | DEBUG    | core:as_tensor:724 - Loaded cache for /localdev/gwang/tt_transformers/model_cache/llama33_70b/T3K/empty_vcache_paged_attention(2048, 1, 32, 128)_dtype_BFLOAT8_B_layout_TILE.tensorbin of shape Shape([2048, 1, 32, 128])
2026-09-03 00:19:59.532 | DEBUG    | core:as_tensor:724 - Loaded cache for /localdev/gwang/tt_transformers/model_cache/llama33_70b/T3K/empty_kcache_paged_attention(2048, 1, 32, 128)_dtype_BFLOAT8_B_layout_TILE.tensorbin of shape Shape([2048, 1, 32, 128])
2026-09-03 00:19:59.537 | DEBUG    | core:as_tensor:724 - Loaded cache for /localdev/gwang/tt_transformers/model_cache/llama33_70b/T3K/empty_vcache_paged_attention(2048, 1, 32, 128)_dtype_BFLOAT8_B_layout_TILE.tensorbin of shape Shape([2048, 1, 32, 128])
2026-09-03 00:19:59.540 | DEBUG    | core:as_tensor:724 - Loaded cache for /localdev/gwang/tt_transformers/model_cache/llama33_70b/T3K/empty_kcache_paged_attention(2048, 1, 32, 128)_dtype_BFLOAT8_B_layout_TILE.tensorbin of shape Shape([2048, 1, 32, 128])
2026-09-03 00:19:59.543 | DEBUG    | core:as_tensor:724 - Loaded cache for /localdev/gwang/tt_transformers/model_cache/llama33_70b/T3K/empty_vcache_paged_attention(2048, 1, 32, 128)_dtype_BFLOAT8_B_layout_TILE.tensorbin of shape Shape([2048, 1, 32, 128])
2026-09-03 00:19:59.546 | DEBUG    | core:as_tensor:724 - Loaded cache for /localdev/gwang/tt_transformers/model_cache/llama33_70b/T3K/empty_kcache_paged_attention(2048, 1, 32, 128)_dtype_BFLOAT8_B_layout_TILE.tensorbin of shape Shape([2048, 1, 32, 128])
2026-09-03 00:19:59.548 | DEBUG    | core:as_tensor:724 - Loaded cache for /localdev/gwang/tt_transformers/model_cache/llama33_70b/T3K/empty_vcache_paged_attention(2048, 1, 32, 128)_dtype_BFLOAT8_B_layout_TILE.tensorbin of shape Shape([2048, 1, 32, 128])
2026-09-03 00:19:59.552 | DEBUG    | core:as_tensor:724 - Loaded cache for /localdev/gwang/tt_transformers/model_cache/llama33_70b/T3K/empty_kcache_paged_attention(2048, 1, 32, 128)_dtype_BFLOAT8_B_layout_TILE.tensorbin of shape Shape([2048, 1, 32, 128])
2026-09-03 00:19:59.555 | DEBUG    | core:as_tensor:724 - Loaded cache for /localdev/gwang/tt_transformers/model_cache/llama33_70b/T3K/empty_vcache_paged_attention(2048, 1, 32, 128)_dtype_BFLOAT8_B_layout_TILE.tensorbin of shape Shape([2048, 1, 32, 128])
2026-09-03 00:19:59.557 | DEBUG    | core:as_tensor:724 - Loaded cache for /localdev/gwang/tt_transformers/model_cache/llama33_70b/T3K/empty_kcache_paged_attention(2048, 1, 32, 128)_dtype_BFLOAT8_B_layout_TILE.tensorbin of shape Shape([2048, 1, 32, 128])
2026-09-03 00:19:59.560 | DEBUG    | core:as_tensor:724 - Loaded cache for /localdev/gwang/tt_transformers/model_cache/llama33_70b/T3K/empty_vcache_paged_attention(2048, 1, 32, 128)_dtype_BFLOAT8_B_layout_TILE.tensorbin of shape Shape([2048, 1, 32, 128])
2026-09-03 00:19:59.563 | DEBUG    | core:as_tensor:724 - Loaded cache for /localdev/gwang/tt_transformers/model_cache/llama33_70b/T3K/empty_kcache_paged_attention(2048, 1, 32, 128)_dtype_BFLOAT8_B_layout_TILE.tensorbin of shape Shape([2048, 1, 32, 128])
2026-09-03 00:19:59.566 | DEBUG    | core:as_tensor:724 - Loaded cache for /localdev/gwang/tt_transformers/model_cache/llama33_70b/T3K/empty_vcache_paged_attention(2048, 1, 32, 128)_dtype_BFLOAT8_B_layout_TILE.tensorbin of shape Shape([2048, 1, 32, 128])
2026-09-03 00:19:59.568 | DEBUG    | core:as_tensor:724 - Loaded cache for /localdev/gwang/tt_transformers/model_cache/llama33_70b/T3K/empty_kcache_paged_attention(2048, 1, 32, 128)_dtype_BFLOAT8_B_layout_TILE.tensorbin of shape Shape([2048, 1, 32, 128])
2026-09-03 00:19:59.571 | DEBUG    | core:as_tensor:724 - Loaded cache for /localdev/gwang/tt_transformers/model_cache/llama33_70b/T3K/empty_vcache_paged_attention(2048, 1, 32, 128)_dtype_BFLOAT8_B_layout_TILE.tensorbin of shape Shape([2048, 1, 32, 128])
2026-09-03 00:19:59.574 | DEBUG    | core:as_tensor:724 - Loaded cache for /localdev/gwang/tt_transformers/model_cache/llama33_70b/T3K/empty_kcache_paged_attention(2048, 1, 32, 128)_dtype_BFLOAT8_B_layout_TILE.tensorbin of shape Shape([2048, 1, 32, 128])
2026-09-03 00:19:59.577 | DEBUG    | core:as_tensor:724 - Loaded cache for /localdev/gwang/tt_transformers/model_cache/llama33_70b/T3K/empty_vcache_paged_attention(2048, 1, 32, 128)_dtype_BFLOAT8_B_layout_TILE.tensorbin of shape Shape([2048, 1, 32, 128])
2026-09-03 00:19:59.579 | DEBUG    | core:as_tensor:724 - Loaded cache for /localdev/gwang/tt_transformers/model_cache/llama33_70b/T3K/empty_kcache_paged_attention(2048, 1, 32, 128)_dtype_BFLOAT8_B_layout_TILE.tensorbin of shape Shape([2048, 1, 32, 128])
2026-09-03 00:19:59.582 | DEBUG    | core:as_tensor:724 - Loaded cache for /localdev/gwang/tt_transformers/model_cache/llama33_70b/T3K/empty_vcache_paged_attention(2048, 1, 32, 128)_dtype_BFLOAT8_B_layout_TILE.tensorbin of shape Shape([2048, 1, 32, 128])
2026-09-03 00:19:59.585 | DEBUG    | core:as_tensor:724 - Loaded cache for /localdev/gwang/tt_transformers/model_cache/llama33_70b/T3K/empty_kcache_paged_attention(2048, 1, 32, 128)_dtype_BFLOAT8_B_layout_TILE.tensorbin of shape Shape([2048, 1, 32, 128])
2026-09-03 00:19:59.588 | DEBUG    | core:as_tensor:724 - Loaded cache for /localdev/gwang/tt_transformers/model_cache/llama33_70b/T3K/empty_vcache_paged_attention(2048, 1, 32, 128)_dtype_BFLOAT8_B_layout_TILE.tensorbin of shape Shape([2048, 1, 32, 128])
2026-09-03 00:19:59.590 | DEBUG    | core:as_tensor:724 - Loaded cache for /localdev/gwang/tt_transformers/model_cache/llama33_70b/T3K/empty_kcache_paged_attention(2048, 1, 32, 128)_dtype_BFLOAT8_B_layout_TILE.tensorbin of shape Shape([2048, 1, 32, 128])
2026-09-03 00:19:59.593 | DEBUG    | core:as_tensor:724 - Loaded cache for /localdev/gwang/tt_transformers/model_cache/llama33_70b/T3K/empty_vcache_paged_attention(2048, 1, 32, 128)_dtype_BFLOAT8_B_layout_TILE.tensorbin of shape Shape([2048, 1, 32, 128])
2026-09-03 00:19:59.596 | DEBUG    | core:as_tensor:724 - Loaded cache for /localdev/gwang/tt_transformers/model_cache/llama33_70b/T3K/empty_kcache_paged_attention(2048, 1, 32, 128)_dtype_BFLOAT8_B_layout_TILE.tensorbin of shape Shape([2048, 1, 32, 128])
2026-09-03 00:19:59.599 | DEBUG    | core:as_tensor:724 - Loaded cache for /localdev/gwang/tt_transformers/model_cache/llama33_70b/T3K/empty_vcache_paged_attention(2048, 1, 32, 128)_dtype_BFLOAT8_B_layout_TILE.tensorbin of shape Shape([2048, 1, 32, 128])
2026-09-03 00:19:59.601 | DEBUG    | core:as_tensor:724 - Loaded cache for /localdev/gwang/tt_transformers/model_cache/llama33_70b/T3K/empty_kcache_paged_attention(2048, 1, 32, 128)_dtype_BFLOAT8_B_layout_TILE.tensorbin of shape Shape([2048, 1, 32, 128])
2026-09-03 00:19:59.604 | DEBUG    | core:as_tensor:724 - Loaded cache for /localdev/gwang/tt_transformers/model_cache/llama33_70b/T3K/empty_vcache_paged_attention(2048, 1, 32, 128)_dtype_BFLOAT8_B_layout_TILE.tensorbin of shape Shape([2048, 1, 32, 128])
2026-09-03 00:19:59.607 | DEBUG    | core:as_tensor:724 - Loaded cache for /localdev/gwang/tt_transformers/model_cache/llama33_70b/T3K/empty_kcache_paged_attention(2048, 1, 32, 128)_dtype_BFLOAT8_B_layout_TILE.tensorbin of shape Shape([2048, 1, 32, 128])
2026-09-03 00:19:59.609 | DEBUG    | core:as_tensor:724 - Loaded cache for /localdev/gwang/tt_transformers/model_cache/llama33_70b/T3K/empty_vcache_paged_attention(2048, 1, 32, 128)_dtype_BFLOAT8_B_layout_TILE.tensorbin of shape Shape([2048, 1, 32, 128])
2026-09-03 00:19:59.612 | DEBUG    | core:as_tensor:724 - Loaded cache for /localdev/gwang/tt_transformers/model_cache/llama33_70b/T3K/empty_kcache_paged_attention(2048, 1, 32, 128)_dtype_BFLOAT8_B_layout_TILE.tensorbin of shape Shape([2048, 1, 32, 128])
2026-09-03 00:19:59.615 | DEBUG    | core:as_tensor:724 - Loaded cache for /localdev/gwang/tt_transformers/model_cache/llama33_70b/T3K/empty_vcache_paged_attention(2048, 1, 32, 128)_dtype_BFLOAT8_B_layout_TILE.tensorbin of shape Shape([2048, 1, 32, 128])
2026-09-03 00:19:59.618 | DEBUG    | core:as_tensor:724 - Loaded cache for /localdev/gwang/tt_transformers/model_cache/llama33_70b/T3K/empty_kcache_paged_attention(2048, 1, 32, 128)_dtype_BFLOAT8_B_layout_TILE.tensorbin of shape Shape([2048, 1, 32, 128])
2026-09-03 00:19:59.620 | DEBUG    | core:as_tensor:724 - Loaded cache for /localdev/gwang/tt_transformers/model_cache/llama33_70b/T3K/empty_vcache_paged_attention(2048, 1, 32, 128)_dtype_BFLOAT8_B_layout_TILE.tensorbin of shape Shape([2048, 1, 32, 128])
2026-09-03 00:19:59.623 | DEBUG    | core:as_tensor:724 - Loaded cache for /localdev/gwang/tt_transformers/model_cache/llama33_70b/T3K/empty_kcache_paged_attention(2048, 1, 32, 128)_dtype_BFLOAT8_B_layout_TILE.tensorbin of shape Shape([2048, 1, 32, 128])
2026-09-03 00:19:59.626 | DEBUG    | core:as_tensor:724 - Loaded cache for /localdev/gwang/tt_transformers/model_cache/llama33_70b/T3K/empty_vcache_paged_attention(2048, 1, 32, 128)_dtype_BFLOAT8_B_layout_TILE.tensorbin of shape Shape([2048, 1, 32, 128])
2026-09-03 00:19:59.629 | DEBUG    | core:as_tensor:724 - Loaded cache for /localdev/gwang/tt_transformers/model_cache/llama33_70b/T3K/empty_kcache_paged_attention(2048, 1, 32, 128)_dtype_BFLOAT8_B_layout_TILE.tensorbin of shape Shape([2048, 1, 32, 128])
2026-09-03 00:19:59.639 | DEBUG    | core:as_tensor:724 - Loaded cache for /localdev/gwang/tt_transformers/model_cache/llama33_70b/T3K/empty_vcache_paged_attention(2048, 1, 32, 128)_dtype_BFLOAT8_B_layout_TILE.tensorbin of shape Shape([2048, 1, 32, 128])
2026-09-03 00:19:59.647 | DEBUG    | core:as_tensor:724 - Loaded cache for /localdev/gwang/tt_transformers/model_cache/llama33_70b/T3K/empty_kcache_paged_attention(2048, 1, 32, 128)_dtype_BFLOAT8_B_layout_TILE.tensorbin of shape Shape([2048, 1, 32, 128])
2026-09-03 00:19:59.659 | DEBUG    | core:as_tensor:724 - Loaded cache for /localdev/gwang/tt_transformers/model_cache/llama33_70b/T3K/empty_vcache_paged_attention(2048, 1, 32, 128)_dtype_BFLOAT8_B_layout_TILE.tensorbin of shape Shape([2048, 1, 32, 128])
2026-09-03 00:19:59.662 | DEBUG    | core:as_tensor:724 - Loaded cache for /localdev/gwang/tt_transformers/model_cache/llama33_70b/T3K/empty_kcache_paged_attention(2048, 1, 32, 128)_dtype_BFLOAT8_B_layout_TILE.tensorbin of shape Shape([2048, 1, 32, 128])
2026-09-03 00:19:59.679 | DEBUG    | core:as_tensor:724 - Loaded cache for /localdev/gwang/tt_transformers/model_cache/llama33_70b/T3K/empty_vcache_paged_attention(2048, 1, 32, 128)_dtype_BFLOAT8_B_layout_TILE.tensorbin of shape Shape([2048, 1, 32, 128])
2026-09-03 00:19:59.688 | DEBUG    | core:as_tensor:724 - Loaded cache for /localdev/gwang/tt_transformers/model_cache/llama33_70b/T3K/empty_kcache_paged_attention(2048, 1, 32, 128)_dtype_BFLOAT8_B_layout_TILE.tensorbin of shape Shape([2048, 1, 32, 128])
2026-09-03 00:19:59.692 | DEBUG    | core:as_tensor:724 - Loaded cache for /localdev/gwang/tt_transformers/model_cache/llama33_70b/T3K/empty_vcache_paged_attention(2048, 1, 32, 128)_dtype_BFLOAT8_B_layout_TILE.tensorbin of shape Shape([2048, 1, 32, 128])
2026-09-03 00:19:59.696 | DEBUG    | core:as_tensor:724 - Loaded cache for /localdev/gwang/tt_transformers/model_cache/llama33_70b/T3K/empty_kcache_paged_attention(2048, 1, 32, 128)_dtype_BFLOAT8_B_layout_TILE.tensorbin of shape Shape([2048, 1, 32, 128])
2026-09-03 00:19:59.699 | DEBUG    | core:as_tensor:724 - Loaded cache for /localdev/gwang/tt_transformers/model_cache/llama33_70b/T3K/empty_vcache_paged_attention(2048, 1, 32, 128)_dtype_BFLOAT8_B_layout_TILE.tensorbin of shape Shape([2048, 1, 32, 128])
2026-09-03 00:19:59.702 | DEBUG    | core:as_tensor:724 - Loaded cache for /localdev/gwang/tt_transformers/model_cache/llama33_70b/T3K/empty_kcache_paged_attention(2048, 1, 32, 128)_dtype_BFLOAT8_B_layout_TILE.tensorbin of shape Shape([2048, 1, 32, 128])
2026-09-03 00:19:59.707 | DEBUG    | core:as_tensor:724 - Loaded cache for /localdev/gwang/tt_transformers/model_cache/llama33_70b/T3K/empty_vcache_paged_attention(2048, 1, 32, 128)_dtype_BFLOAT8_B_layout_TILE.tensorbin of shape Shape([2048, 1, 32, 128])
2026-09-03 00:19:59.714 | DEBUG    | core:as_tensor:724 - Loaded cache for /localdev/gwang/tt_transformers/model_cache/llama33_70b/T3K/empty_kcache_paged_attention(2048, 1, 32, 128)_dtype_BFLOAT8_B_layout_TILE.tensorbin of shape Shape([2048, 1, 32, 128])
2026-09-03 00:19:59.719 | DEBUG    | core:as_tensor:724 - Loaded cache for /localdev/gwang/tt_transformers/model_cache/llama33_70b/T3K/empty_vcache_paged_attention(2048, 1, 32, 128)_dtype_BFLOAT8_B_layout_TILE.tensorbin of shape Shape([2048, 1, 32, 128])
2026-09-03 00:19:59.728 | DEBUG    | core:as_tensor:724 - Loaded cache for /localdev/gwang/tt_transformers/model_cache/llama33_70b/T3K/empty_kcache_paged_attention(2048, 1, 32, 128)_dtype_BFLOAT8_B_layout_TILE.tensorbin of shape Shape([2048, 1, 32, 128])
2026-09-03 00:19:59.738 | DEBUG    | core:as_tensor:724 - Loaded cache for /localdev/gwang/tt_transformers/model_cache/llama33_70b/T3K/empty_vcache_paged_attention(2048, 1, 32, 128)_dtype_BFLOAT8_B_layout_TILE.tensorbin of shape Shape([2048, 1, 32, 128])
2026-09-03 00:19:59.741 | DEBUG    | core:as_tensor:724 - Loaded cache for /localdev/gwang/tt_transformers/model_cache/llama33_70b/T3K/empty_kcache_paged_attention(2048, 1, 32, 128)_dtype_BFLOAT8_B_layout_TILE.tensorbin of shape Shape([2048, 1, 32, 128])
2026-09-03 00:19:59.750 | DEBUG    | core:as_tensor:724 - Loaded cache for /localdev/gwang/tt_transformers/model_cache/llama33_70b/T3K/empty_vcache_paged_attention(2048, 1, 32, 128)_dtype_BFLOAT8_B_layout_TILE.tensorbin of shape Shape([2048, 1, 32, 128])
2026-09-03 00:19:59.753 | DEBUG    | core:as_tensor:724 - Loaded cache for /localdev/gwang/tt_transformers/model_cache/llama33_70b/T3K/empty_kcache_paged_attention(2048, 1, 32, 128)_dtype_BFLOAT8_B_layout_TILE.tensorbin of shape Shape([2048, 1, 32, 128])
2026-09-03 00:19:59.757 | DEBUG    | core:as_tensor:724 - Loaded cache for /localdev/gwang/tt_transformers/model_cache/llama33_70b/T3K/empty_vcache_paged_attention(2048, 1, 32, 128)_dtype_BFLOAT8_B_layout_TILE.tensorbin of shape Shape([2048, 1, 32, 128])
2026-09-03 00:19:59.765 | DEBUG    | core:as_tensor:724 - Loaded cache for /localdev/gwang/tt_transformers/model_cache/llama33_70b/T3K/empty_kcache_paged_attention(2048, 1, 32, 128)_dtype_BFLOAT8_B_layout_TILE.tensorbin of shape Shape([2048, 1, 32, 128])
2026-09-03 00:19:59.773 | DEBUG    | core:as_tensor:724 - Loaded cache for /localdev/gwang/tt_transformers/model_cache/llama33_70b/T3K/empty_vcache_paged_attention(2048, 1, 32, 128)_dtype_BFLOAT8_B_layout_TILE.tensorbin of shape Shape([2048, 1, 32, 128])
2026-09-03 00:19:59.779 | DEBUG    | core:as_tensor:724 - Loaded cache for /localdev/gwang/tt_transformers/model_cache/llama33_70b/T3K/empty_kcache_paged_attention(2048, 1, 32, 128)_dtype_BFLOAT8_B_layout_TILE.tensorbin of shape Shape([2048, 1, 32, 128])
2026-09-03 00:19:59.785 | DEBUG    | core:as_tensor:724 - Loaded cache for /localdev/gwang/tt_transformers/model_cache/llama33_70b/T3K/empty_vcache_paged_attention(2048, 1, 32, 128)_dtype_BFLOAT8_B_layout_TILE.tensorbin of shape Shape([2048, 1, 32, 128])
2026-09-03 00:19:59.794 | DEBUG    | core:as_tensor:724 - Loaded cache for /localdev/gwang/tt_transformers/model_cache/llama33_70b/T3K/empty_kcache_paged_attention(2048, 1, 32, 128)_dtype_BFLOAT8_B_layout_TILE.tensorbin of shape Shape([2048, 1, 32, 128])
2026-09-03 00:19:59.799 | DEBUG    | core:as_tensor:724 - Loaded cache for /localdev/gwang/tt_transformers/model_cache/llama33_70b/T3K/empty_vcache_paged_attention(2048, 1, 32, 128)_dtype_BFLOAT8_B_layout_TILE.tensorbin of shape Shape([2048, 1, 32, 128])
2026-09-03 00:19:59.803 | DEBUG    | core:as_tensor:724 - Loaded cache for /localdev/gwang/tt_transformers/model_cache/llama33_70b/T3K/empty_kcache_paged_attention(2048, 1, 32, 128)_dtype_BFLOAT8_B_layout_TILE.tensorbin of shape Shape([2048, 1, 32, 128])
2026-09-03 00:19:59.810 | DEBUG    | core:as_tensor:724 - Loaded cache for /localdev/gwang/tt_transformers/model_cache/llama33_70b/T3K/empty_vcache_paged_attention(2048, 1, 32, 128)_dtype_BFLOAT8_B_layout_TILE.tensorbin of shape Shape([2048, 1, 32, 128])
2026-09-03 00:19:59.817 | DEBUG    | core:as_tensor:724 - Loaded cache for /localdev/gwang/tt_transformers/model_cache/llama33_70b/T3K/empty_kcache_paged_attention(2048, 1, 32, 128)_dtype_BFLOAT8_B_layout_TILE.tensorbin of shape Shape([2048, 1, 32, 128])
2026-09-03 00:19:59.825 | DEBUG    | core:as_tensor:724 - Loaded cache for /localdev/gwang/tt_transformers/model_cache/llama33_70b/T3K/empty_vcache_paged_attention(2048, 1, 32, 128)_dtype_BFLOAT8_B_layout_TILE.tensorbin of shape Shape([2048, 1, 32, 128])
2026-09-03 00:19:59.831 | DEBUG    | core:as_tensor:724 - Loaded cache for /localdev/gwang/tt_transformers/model_cache/llama33_70b/T3K/empty_kcache_paged_attention(2048, 1, 32, 128)_dtype_BFLOAT8_B_layout_TILE.tensorbin of shape Shape([2048, 1, 32, 128])
2026-09-03 00:19:59.834 | DEBUG    | core:as_tensor:724 - Loaded cache for /localdev/gwang/tt_transformers/model_cache/llama33_70b/T3K/empty_vcache_paged_attention(2048, 1, 32, 128)_dtype_BFLOAT8_B_layout_TILE.tensorbin of shape Shape([2048, 1, 32, 128])
2026-09-03 00:19:59.837 | DEBUG    | core:as_tensor:724 - Loaded cache for /localdev/gwang/tt_transformers/model_cache/llama33_70b/T3K/empty_kcache_paged_attention(2048, 1, 32, 128)_dtype_BFLOAT8_B_layout_TILE.tensorbin of shape Shape([2048, 1, 32, 128])
2026-09-03 00:19:59.839 | DEBUG    | core:as_tensor:724 - Loaded cache for /localdev/gwang/tt_transformers/model_cache/llama33_70b/T3K/empty_vcache_paged_attention(2048, 1, 32, 128)_dtype_BFLOAT8_B_layout_TILE.tensorbin of shape Shape([2048, 1, 32, 128])
2026-09-03 00:19:59.842 | DEBUG    | core:as_tensor:724 - Loaded cache for /localdev/gwang/tt_transformers/model_cache/llama33_70b/T3K/empty_kcache_paged_attention(2048, 1, 32, 128)_dtype_BFLOAT8_B_layout_TILE.tensorbin of shape Shape([2048, 1, 32, 128])
2026-09-03 00:19:59.845 | DEBUG    | core:as_tensor:724 - Loaded cache for /localdev/gwang/tt_transformers/model_cache/llama33_70b/T3K/empty_vcache_paged_attention(2048, 1, 32, 128)_dtype_BFLOAT8_B_layout_TILE.tensorbin of shape Shape([2048, 1, 32, 128])
2026-09-03 00:19:59.848 | DEBUG    | core:as_tensor:724 - Loaded cache for /localdev/gwang/tt_transformers/model_cache/llama33_70b/T3K/empty_kcache_paged_attention(2048, 1, 32, 128)_dtype_BFLOAT8_B_layout_TILE.tensorbin of shape Shape([2048, 1, 32, 128])
2026-09-03 00:19:59.850 | DEBUG    | core:as_tensor:724 - Loaded cache for /localdev/gwang/tt_transformers/model_cache/llama33_70b/T3K/empty_vcache_paged_attention(2048, 1, 32, 128)_dtype_BFLOAT8_B_layout_TILE.tensorbin of shape Shape([2048, 1, 32, 128])
2026-09-03 00:19:59.853 | DEBUG    | core:as_tensor:724 - Loaded cache for /localdev/gwang/tt_transformers/model_cache/llama33_70b/T3K/empty_kcache_paged_attention(2048, 1, 32, 128)_dtype_BFLOAT8_B_layout_TILE.tensorbin of shape Shape([2048, 1, 32, 128])
2026-09-03 00:19:59.856 | DEBUG    | core:as_tensor:724 - Loaded cache for /localdev/gwang/tt_transformers/model_cache/llama33_70b/T3K/empty_vcache_paged_attention(2048, 1, 32, 128)_dtype_BFLOAT8_B_layout_TILE.tensorbin of shape Shape([2048, 1, 32, 128])
2026-09-03 00:19:59.858 | DEBUG    | core:as_tensor:724 - Loaded cache for /localdev/gwang/tt_transformers/model_cache/llama33_70b/T3K/empty_kcache_paged_attention(2048, 1, 32, 128)_dtype_BFLOAT8_B_layout_TILE.tensorbin of shape Shape([2048, 1, 32, 128])
2026-09-03 00:19:59.861 | DEBUG    | core:as_tensor:724 - Loaded cache for /localdev/gwang/tt_transformers/model_cache/llama33_70b/T3K/empty_vcache_paged_attention(2048, 1, 32, 128)_dtype_BFLOAT8_B_layout_TILE.tensorbin of shape Shape([2048, 1, 32, 128])
2026-09-03 00:19:59.864 | DEBUG    | core:as_tensor:724 - Loaded cache for /localdev/gwang/tt_transformers/model_cache/llama33_70b/T3K/empty_kcache_paged_attention(2048, 1, 32, 128)_dtype_BFLOAT8_B_layout_TILE.tensorbin of shape Shape([2048, 1, 32, 128])
2026-09-03 00:19:59.866 | DEBUG    | core:as_tensor:724 - Loaded cache for /localdev/gwang/tt_transformers/model_cache/llama33_70b/T3K/empty_vcache_paged_attention(2048, 1, 32, 128)_dtype_BFLOAT8_B_layout_TILE.tensorbin of shape Shape([2048, 1, 32, 128])
2026-09-03 00:19:59.869 | DEBUG    | core:as_tensor:724 - Loaded cache for /localdev/gwang/tt_transformers/model_cache/llama33_70b/T3K/empty_kcache_paged_attention(2048, 1, 32, 128)_dtype_BFLOAT8_B_layout_TILE.tensorbin of shape Shape([2048, 1, 32, 128])
2026-09-03 00:19:59.872 | DEBUG    | core:as_tensor:724 - Loaded cache for /localdev/gwang/tt_transformers/model_cache/llama33_70b/T3K/empty_vcache_paged_attention(2048, 1, 32, 128)_dtype_BFLOAT8_B_layout_TILE.tensorbin of shape Shape([2048, 1, 32, 128])
2026-09-03 00:19:59.875 | DEBUG    | core:as_tensor:724 - Loaded cache for /localdev/gwang/tt_transformers/model_cache/llama33_70b/T3K/empty_kcache_paged_attention(2048, 1, 32, 128)_dtype_BFLOAT8_B_layout_TILE.tensorbin of shape Shape([2048, 1, 32, 128])
2026-09-03 00:19:59.877 | DEBUG    | core:as_tensor:724 - Loaded cache for /localdev/gwang/tt_transformers/model_cache/llama33_70b/T3K/empty_vcache_paged_attention(2048, 1, 32, 128)_dtype_BFLOAT8_B_layout_TILE.tensorbin of shape Shape([2048, 1, 32, 128])
2026-09-03 00:19:59.881 | DEBUG    | core:as_tensor:724 - Loaded cache for /localdev/gwang/tt_transformers/model_cache/llama33_70b/T3K/empty_kcache_paged_attention(2048, 1, 32, 128)_dtype_BFLOAT8_B_layout_TILE.tensorbin of shape Shape([2048, 1, 32, 128])
2026-09-03 00:19:59.884 | DEBUG    | core:as_tensor:724 - Loaded cache for /localdev/gwang/tt_transformers/model_cache/llama33_70b/T3K/empty_vcache_paged_attention(2048, 1, 32, 128)_dtype_BFLOAT8_B_layout_TILE.tensorbin of shape Shape([2048, 1, 32, 128])
2026-09-03 00:19:59.886 | DEBUG    | core:as_tensor:724 - Loaded cache for /localdev/gwang/tt_transformers/model_cache/llama33_70b/T3K/empty_kcache_paged_attention(2048, 1, 32, 128)_dtype_BFLOAT8_B_layout_TILE.tensorbin of shape Shape([2048, 1, 32, 128])
2026-09-03 00:19:59.889 | DEBUG    | core:as_tensor:724 - Loaded cache for /localdev/gwang/tt_transformers/model_cache/llama33_70b/T3K/empty_vcache_paged_attention(2048, 1, 32, 128)_dtype_BFLOAT8_B_layout_TILE.tensorbin of shape Shape([2048, 1, 32, 128])
2026-09-03 00:19:59.892 | DEBUG    | core:as_tensor:724 - Loaded cache for /localdev/gwang/tt_transformers/model_cache/llama33_70b/T3K/empty_kcache_paged_attention(2048, 1, 32, 128)_dtype_BFLOAT8_B_layout_TILE.tensorbin of shape Shape([2048, 1, 32, 128])
2026-09-03 00:19:59.894 | DEBUG    | core:as_tensor:724 - Loaded cache for /localdev/gwang/tt_transformers/model_cache/llama33_70b/T3K/empty_vcache_paged_attention(2048, 1, 32, 128)_dtype_BFLOAT8_B_layout_TILE.tensorbin of shape Shape([2048, 1, 32, 128])
2026-09-03 00:19:59.897 | DEBUG    | core:as_tensor:724 - Loaded cache for /localdev/gwang/tt_transformers/model_cache/llama33_70b/T3K/empty_kcache_paged_attention(2048, 1, 32, 128)_dtype_BFLOAT8_B_layout_TILE.tensorbin of shape Shape([2048, 1, 32, 128])
2026-09-03 00:19:59.900 | DEBUG    | core:as_tensor:724 - Loaded cache for /localdev/gwang/tt_transformers/model_cache/llama33_70b/T3K/empty_vcache_paged_attention(2048, 1, 32, 128)_dtype_BFLOAT8_B_layout_TILE.tensorbin of shape Shape([2048, 1, 32, 128])
2026-09-03 00:19:59.903 | DEBUG    | core:as_tensor:724 - Loaded cache for /localdev/gwang/tt_transformers/model_cache/llama33_70b/T3K/empty_kcache_paged_attention(2048, 1, 32, 128)_dtype_BFLOAT8_B_layout_TILE.tensorbin of shape Shape([2048, 1, 32, 128])
2026-09-03 00:19:59.905 | DEBUG    | core:as_tensor:724 - Loaded cache for /localdev/gwang/tt_transformers/model_cache/llama33_70b/T3K/empty_vcache_paged_attention(2048, 1, 32, 128)_dtype_BFLOAT8_B_layout_TILE.tensorbin of shape Shape([2048, 1, 32, 128])
2026-09-03 00:19:59.908 | DEBUG    | core:as_tensor:724 - Loaded cache for /localdev/gwang/tt_transformers/model_cache/llama33_70b/T3K/empty_kcache_paged_attention(2048, 1, 32, 128)_dtype_BFLOAT8_B_layout_TILE.tensorbin of shape Shape([2048, 1, 32, 128])
2026-09-03 00:19:59.911 | DEBUG    | core:as_tensor:724 - Loaded cache for /localdev/gwang/tt_transformers/model_cache/llama33_70b/T3K/empty_vcache_paged_attention(2048, 1, 32, 128)_dtype_BFLOAT8_B_layout_TILE.tensorbin of shape Shape([2048, 1, 32, 128])
2026-09-03 00:19:59.913 | DEBUG    | core:as_tensor:724 - Loaded cache for /localdev/gwang/tt_transformers/model_cache/llama33_70b/T3K/empty_kcache_paged_attention(2048, 1, 32, 128)_dtype_BFLOAT8_B_layout_TILE.tensorbin of shape Shape([2048, 1, 32, 128])
2026-09-03 00:19:59.916 | DEBUG    | core:as_tensor:724 - Loaded cache for /localdev/gwang/tt_transformers/model_cache/llama33_70b/T3K/empty_vcache_paged_attention(2048, 1, 32, 128)_dtype_BFLOAT8_B_layout_TILE.tensorbin of shape Shape([2048, 1, 32, 128])
2026-09-03 00:19:59.919 | DEBUG    | core:as_tensor:724 - Loaded cache for /localdev/gwang/tt_transformers/model_cache/llama33_70b/T3K/empty_kcache_paged_attention(2048, 1, 32, 128)_dtype_BFLOAT8_B_layout_TILE.tensorbin of shape Shape([2048, 1, 32, 128])
2026-09-03 00:19:59.921 | DEBUG    | core:as_tensor:724 - Loaded cache for /localdev/gwang/tt_transformers/model_cache/llama33_70b/T3K/empty_vcache_paged_attention(2048, 1, 32, 128)_dtype_BFLOAT8_B_layout_TILE.tensorbin of shape Shape([2048, 1, 32, 128])
2026-09-03 00:19:59.924 | DEBUG    | core:as_tensor:724 - Loaded cache for /localdev/gwang/tt_transformers/model_cache/llama33_70b/T3K/empty_kcache_paged_attention(2048, 1, 32, 128)_dtype_BFLOAT8_B_layout_TILE.tensorbin of shape Shape([2048, 1, 32, 128])
2026-09-03 00:19:59.927 | DEBUG    | core:as_tensor:724 - Loaded cache for /localdev/gwang/tt_transformers/model_cache/llama33_70b/T3K/empty_vcache_paged_attention(2048, 1, 32, 128)_dtype_BFLOAT8_B_layout_TILE.tensorbin of shape Shape([2048, 1, 32, 128])
2026-09-03 00:19:59.930 | DEBUG    | core:as_tensor:724 - Loaded cache for /localdev/gwang/tt_transformers/model_cache/llama33_70b/T3K/empty_kcache_paged_attention(2048, 1, 32, 128)_dtype_BFLOAT8_B_layout_TILE.tensorbin of shape Shape([2048, 1, 32, 128])
2026-09-03 00:19:59.932 | DEBUG    | core:as_tensor:724 - Loaded cache for /localdev/gwang/tt_transformers/model_cache/llama33_70b/T3K/empty_vcache_paged_attention(2048, 1, 32, 128)_dtype_BFLOAT8_B_layout_TILE.tensorbin of shape Shape([2048, 1, 32, 128])
2026-09-03 00:19:59.935 | DEBUG    | core:as_tensor:724 - Loaded cache for /localdev/gwang/tt_transformers/model_cache/llama33_70b/T3K/empty_kcache_paged_attention(2048, 1, 32, 128)_dtype_BFLOAT8_B_layout_TILE.tensorbin of shape Shape([2048, 1, 32, 128])
2026-09-03 00:19:59.938 | DEBUG    | core:as_tensor:724 - Loaded cache for /localdev/gwang/tt_transformers/model_cache/llama33_70b/T3K/empty_vcache_paged_attention(2048, 1, 32, 128)_dtype_BFLOAT8_B_layout_TILE.tensorbin of shape Shape([2048, 1, 32, 128])
2026-09-03 00:19:59.940 | DEBUG    | core:as_tensor:724 - Loaded cache for /localdev/gwang/tt_transformers/model_cache/llama33_70b/T3K/empty_kcache_paged_attention(2048, 1, 32, 128)_dtype_BFLOAT8_B_layout_TILE.tensorbin of shape Shape([2048, 1, 32, 128])
2026-09-03 00:19:59.943 | DEBUG    | core:as_tensor:724 - Loaded cache for /localdev/gwang/tt_transformers/model_cache/llama33_70b/T3K/empty_vcache_paged_attention(2048, 1, 32, 128)_dtype_BFLOAT8_B_layout_TILE.tensorbin of shape Shape([2048, 1, 32, 128])
2026-09-03 00:19:59.946 | DEBUG    | core:as_tensor:724 - Loaded cache for /localdev/gwang/tt_transformers/model_cache/llama33_70b/T3K/empty_kcache_paged_attention(2048, 1, 32, 128)_dtype_BFLOAT8_B_layout_TILE.tensorbin of shape Shape([2048, 1, 32, 128])
2026-09-03 00:19:59.948 | DEBUG    | core:as_tensor:724 - Loaded cache for /localdev/gwang/tt_transformers/model_cache/llama33_70b/T3K/empty_vcache_paged_attention(2048, 1, 32, 128)_dtype_BFLOAT8_B_layout_TILE.tensorbin of shape Shape([2048, 1, 32, 128])
2026-09-03 00:19:59.951 | DEBUG    | core:as_tensor:724 - Loaded cache for /localdev/gwang/tt_transformers/model_cache/llama33_70b/T3K/empty_kcache_paged_attention(2048, 1, 32, 128)_dtype_BFLOAT8_B_layout_TILE.tensorbin of shape Shape([2048, 1, 32, 128])
2026-09-03 00:19:59.954 | DEBUG    | core:as_tensor:724 - Loaded cache for /localdev/gwang/tt_transformers/model_cache/llama33_70b/T3K/empty_vcache_paged_attention(2048, 1, 32, 128)_dtype_BFLOAT8_B_layout_TILE.tensorbin of shape Shape([2048, 1, 32, 128])
2026-09-03 00:19:59.957 | DEBUG    | core:as_tensor:724 - Loaded cache for /localdev/gwang/tt_transformers/model_cache/llama33_70b/T3K/empty_kcache_paged_attention(2048, 1, 32, 128)_dtype_BFLOAT8_B_layout_TILE.tensorbin of shape Shape([2048, 1, 32, 128])
2026-09-03 00:19:59.959 | DEBUG    | core:as_tensor:724 - Loaded cache for /localdev/gwang/tt_transformers/model_cache/llama33_70b/T3K/empty_vcache_paged_attention(2048, 1, 32, 128)_dtype_BFLOAT8_B_layout_TILE.tensorbin of shape Shape([2048, 1, 32, 128])
2026-09-03 00:19:59.962 | DEBUG    | core:as_tensor:724 - Loaded cache for /localdev/gwang/tt_transformers/model_cache/llama33_70b/T3K/empty_kcache_paged_attention(2048, 1, 32, 128)_dtype_BFLOAT8_B_layout_TILE.tensorbin of shape Shape([2048, 1, 32, 128])
2026-09-03 00:19:59.965 | DEBUG    | core:as_tensor:724 - Loaded cache for /localdev/gwang/tt_transformers/model_cache/llama33_70b/T3K/empty_vcache_paged_attention(2048, 1, 32, 128)_dtype_BFLOAT8_B_layout_TILE.tensorbin of shape Shape([2048, 1, 32, 128])
2026-09-03 00:19:59.967 | DEBUG    | core:as_tensor:724 - Loaded cache for /localdev/gwang/tt_transformers/model_cache/llama33_70b/T3K/empty_kcache_paged_attention(2048, 1, 32, 128)_dtype_BFLOAT8_B_layout_TILE.tensorbin of shape Shape([2048, 1, 32, 128])
2026-09-03 00:19:59.970 | DEBUG    | core:as_tensor:724 - Loaded cache for /localdev/gwang/tt_transformers/model_cache/llama33_70b/T3K/empty_vcache_paged_attention(2048, 1, 32, 128)_dtype_BFLOAT8_B_layout_TILE.tensorbin of shape Shape([2048, 1, 32, 128])
2026-09-03 00:19:59.973 | DEBUG    | core:as_tensor:724 - Loaded cache for /localdev/gwang/tt_transformers/model_cache/llama33_70b/T3K/empty_kcache_paged_attention(2048, 1, 32, 128)_dtype_BFLOAT8_B_layout_TILE.tensorbin of shape Shape([2048, 1, 32, 128])
2026-09-03 00:19:59.975 | DEBUG    | core:as_tensor:724 - Loaded cache for /localdev/gwang/tt_transformers/model_cache/llama33_70b/T3K/empty_vcache_paged_attention(2048, 1, 32, 128)_dtype_BFLOAT8_B_layout_TILE.tensorbin of shape Shape([2048, 1, 32, 128])
2026-09-03 00:19:59.978 | DEBUG    | core:as_tensor:724 - Loaded cache for /localdev/gwang/tt_transformers/model_cache/llama33_70b/T3K/empty_kcache_paged_attention(2048, 1, 32, 128)_dtype_BFLOAT8_B_layout_TILE.tensorbin of shape Shape([2048, 1, 32, 128])
2026-09-03 00:19:59.981 | DEBUG    | core:as_tensor:724 - Loaded cache for /localdev/gwang/tt_transformers/model_cache/llama33_70b/T3K/empty_vcache_paged_attention(2048, 1, 32, 128)_dtype_BFLOAT8_B_layout_TILE.tensorbin of shape Shape([2048, 1, 32, 128])
2026-09-03 00:19:59.984 | DEBUG    | core:as_tensor:724 - Loaded cache for /localdev/gwang/tt_transformers/model_cache/llama33_70b/T3K/empty_kcache_paged_attention(2048, 1, 32, 128)_dtype_BFLOAT8_B_layout_TILE.tensorbin of shape Shape([2048, 1, 32, 128])
2026-09-03 00:19:59.986 | DEBUG    | core:as_tensor:724 - Loaded cache for /localdev/gwang/tt_transformers/model_cache/llama33_70b/T3K/empty_vcache_paged_attention(2048, 1, 32, 128)_dtype_BFLOAT8_B_layout_TILE.tensorbin of shape Shape([2048, 1, 32, 128])
2026-09-03 00:19:59.989 | DEBUG    | core:as_tensor:724 - Loaded cache for /localdev/gwang/tt_transformers/model_cache/llama33_70b/T3K/empty_kcache_paged_attention(2048, 1, 32, 128)_dtype_BFLOAT8_B_layout_TILE.tensorbin of shape Shape([2048, 1, 32, 128])
2026-09-03 00:19:59.991 | DEBUG    | core:as_tensor:724 - Loaded cache for /localdev/gwang/tt_transformers/model_cache/llama33_70b/T3K/empty_vcache_paged_attention(2048, 1, 32, 128)_dtype_BFLOAT8_B_layout_TILE.tensorbin of shape Shape([2048, 1, 32, 128])
2026-09-03 00:19:59.994 | DEBUG    | core:as_tensor:724 - Loaded cache for /localdev/gwang/tt_transformers/model_cache/llama33_70b/T3K/empty_kcache_paged_attention(2048, 1, 32, 128)_dtype_BFLOAT8_B_layout_TILE.tensorbin of shape Shape([2048, 1, 32, 128])
2026-09-03 00:19:59.997 | DEBUG    | core:as_tensor:724 - Loaded cache for /localdev/gwang/tt_transformers/model_cache/llama33_70b/T3K/empty_vcache_paged_attention(2048, 1, 32, 128)_dtype_BFLOAT8_B_layout_TILE.tensorbin of shape Shape([2048, 1, 32, 128])
2026-09-03 00:20:00.000 | DEBUG    | core:as_tensor:724 - Loaded cache for /localdev/gwang/tt_transformers/model_cache/llama33_70b/T3K/empty_kcache_paged_attention(2048, 1, 32, 128)_dtype_BFLOAT8_B_layout_TILE.tensorbin of shape Shape([2048, 1, 32, 128])
2026-09-03 00:20:00.002 | DEBUG    | core:as_tensor:724 - Loaded cache for /localdev/gwang/tt_transformers/model_cache/llama33_70b/T3K/empty_vcache_paged_attention(2048, 1, 32, 128)_dtype_BFLOAT8_B_layout_TILE.tensorbin of shape Shape([2048, 1, 32, 128])
2026-09-03 00:20:00.005 | DEBUG    | core:as_tensor:724 - Loaded cache for /localdev/gwang/tt_transformers/model_cache/llama33_70b/T3K/empty_kcache_paged_attention(2048, 1, 32, 128)_dtype_BFLOAT8_B_layout_TILE.tensorbin of shape Shape([2048, 1, 32, 128])
2026-09-03 00:20:00.007 | DEBUG    | core:as_tensor:724 - Loaded cache for /localdev/gwang/tt_transformers/model_cache/llama33_70b/T3K/empty_vcache_paged_attention(2048, 1, 32, 128)_dtype_BFLOAT8_B_layout_TILE.tensorbin of shape Shape([2048, 1, 32, 128])
2026-09-03 00:20:00.010 | DEBUG    | core:as_tensor:724 - Loaded cache for /localdev/gwang/tt_transformers/model_cache/llama33_70b/T3K/empty_kcache_paged_attention(2048, 1, 32, 128)_dtype_BFLOAT8_B_layout_TILE.tensorbin of shape Shape([2048, 1, 32, 128])
2026-09-03 00:20:00.013 | DEBUG    | core:as_tensor:724 - Loaded cache for /localdev/gwang/tt_transformers/model_cache/llama33_70b/T3K/empty_vcache_paged_attention(2048, 1, 32, 128)_dtype_BFLOAT8_B_layout_TILE.tensorbin of shape Shape([2048, 1, 32, 128])
2026-09-03 00:20:00.016 | DEBUG    | core:as_tensor:724 - Loaded cache for /localdev/gwang/tt_transformers/model_cache/llama33_70b/T3K/empty_kcache_paged_attention(2048, 1, 32, 128)_dtype_BFLOAT8_B_layout_TILE.tensorbin of shape Shape([2048, 1, 32, 128])
2026-09-03 00:20:00.018 | DEBUG    | core:as_tensor:724 - Loaded cache for /localdev/gwang/tt_transformers/model_cache/llama33_70b/T3K/empty_vcache_paged_attention(2048, 1, 32, 128)_dtype_BFLOAT8_B_layout_TILE.tensorbin of shape Shape([2048, 1, 32, 128])
2026-09-03 00:20:00.021 | DEBUG    | core:as_tensor:724 - Loaded cache for /localdev/gwang/tt_transformers/model_cache/llama33_70b/T3K/empty_kcache_paged_attention(2048, 1, 32, 128)_dtype_BFLOAT8_B_layout_TILE.tensorbin of shape Shape([2048, 1, 32, 128])
2026-09-03 00:20:00.024 | DEBUG    | core:as_tensor:724 - Loaded cache for /localdev/gwang/tt_transformers/model_cache/llama33_70b/T3K/empty_vcache_paged_attention(2048, 1, 32, 128)_dtype_BFLOAT8_B_layout_TILE.tensorbin of shape Shape([2048, 1, 32, 128])
2026-09-03 00:20:00.026 | DEBUG    | core:as_tensor:724 - Loaded cache for /localdev/gwang/tt_transformers/model_cache/llama33_70b/T3K/empty_kcache_paged_attention(2048, 1, 32, 128)_dtype_BFLOAT8_B_layout_TILE.tensorbin of shape Shape([2048, 1, 32, 128])
2026-09-03 00:20:00.029 | DEBUG    | core:as_tensor:724 - Loaded cache for /localdev/gwang/tt_transformers/model_cache/llama33_70b/T3K/empty_vcache_paged_attention(2048, 1, 32, 128)_dtype_BFLOAT8_B_layout_TILE.tensorbin of shape Shape([2048, 1, 32, 128])
2026-09-03 00:20:00.032 | DEBUG    | core:as_tensor:724 - Loaded cache for /localdev/gwang/tt_transformers/model_cache/llama33_70b/T3K/empty_kcache_paged_attention(2048, 1, 32, 128)_dtype_BFLOAT8_B_layout_TILE.tensorbin of shape Shape([2048, 1, 32, 128])
2026-09-03 00:20:00.035 | DEBUG    | core:as_tensor:724 - Loaded cache for /localdev/gwang/tt_transformers/model_cache/llama33_70b/T3K/empty_vcache_paged_attention(2048, 1, 32, 128)_dtype_BFLOAT8_B_layout_TILE.tensorbin of shape Shape([2048, 1, 32, 128])
2026-09-03 00:20:00.037 | DEBUG    | core:as_tensor:724 - Loaded cache for /localdev/gwang/tt_transformers/model_cache/llama33_70b/T3K/empty_kcache_paged_attention(2048, 1, 32, 128)_dtype_BFLOAT8_B_layout_TILE.tensorbin of shape Shape([2048, 1, 32, 128])
2026-09-03 00:20:00.040 | DEBUG    | core:as_tensor:724 - Loaded cache for /localdev/gwang/tt_transformers/model_cache/llama33_70b/T3K/empty_vcache_paged_attention(2048, 1, 32, 128)_dtype_BFLOAT8_B_layout_TILE.tensorbin of shape Shape([2048, 1, 32, 128])
2026-09-03 00:20:00.043 | DEBUG    | core:as_tensor:724 - Loaded cache for /localdev/gwang/tt_transformers/model_cache/llama33_70b/T3K/empty_kcache_paged_attention(2048, 1, 32, 128)_dtype_BFLOAT8_B_layout_TILE.tensorbin of shape Shape([2048, 1, 32, 128])
2026-09-03 00:20:00.045 | DEBUG    | core:as_tensor:724 - Loaded cache for /localdev/gwang/tt_transformers/model_cache/llama33_70b/T3K/empty_vcache_paged_attention(2048, 1, 32, 128)_dtype_BFLOAT8_B_layout_TILE.tensorbin of shape Shape([2048, 1, 32, 128])
2026-09-03 00:20:00.048 | DEBUG    | core:as_tensor:724 - Loaded cache for /localdev/gwang/tt_transformers/model_cache/llama33_70b/T3K/empty_kcache_paged_attention(2048, 1, 32, 128)_dtype_BFLOAT8_B_layout_TILE.tensorbin of shape Shape([2048, 1, 32, 128])
2026-09-03 00:20:00.051 | DEBUG    | core:as_tensor:724 - Loaded cache for /localdev/gwang/tt_transformers/model_cache/llama33_70b/T3K/empty_vcache_paged_attention(2048, 1, 32, 128)_dtype_BFLOAT8_B_layout_TILE.tensorbin of shape Shape([2048, 1, 32, 128])
2026-09-03 00:20:00.053 | DEBUG    | core:as_tensor:724 - Loaded cache for /localdev/gwang/tt_transformers/model_cache/llama33_70b/T3K/empty_kcache_paged_attention(2048, 1, 32, 128)_dtype_BFLOAT8_B_layout_TILE.tensorbin of shape Shape([2048, 1, 32, 128])
2026-09-03 00:20:00.056 | DEBUG    | core:as_tensor:724 - Loaded cache for /localdev/gwang/tt_transformers/model_cache/llama33_70b/T3K/empty_vcache_paged_attention(2048, 1, 32, 128)_dtype_BFLOAT8_B_layout_TILE.tensorbin of shape Shape([2048, 1, 32, 128])
2026-09-03 00:20:04.231 | DEBUG    | core:as_tensor:724 - Loaded cache for /localdev/gwang/tt_transformers/model_cache/llama33_70b/T3K/empty_kcache_paged_attention(2048, 1, 32, 128)_dtype_BFLOAT8_B_layout_TILE.tensorbin of shape Shape([2048, 1, 32, 128])
2026-09-03 00:20:04.343 | DEBUG    | core:as_tensor:724 - Loaded cache for /localdev/gwang/tt_transformers/model_cache/llama33_70b/T3K/empty_vcache_paged_attention(2048, 1, 32, 128)_dtype_BFLOAT8_B_layout_TILE.tensorbin of shape Shape([2048, 1, 32, 128])
2026-09-03 00:20:04.360 | DEBUG    | core:as_tensor:724 - Loaded cache for /localdev/gwang/tt_transformers/model_cache/llama33_70b/T3K/empty_kcache_paged_attention(2048, 1, 32, 128)_dtype_BFLOAT8_B_layout_TILE.tensorbin of shape Shape([2048, 1, 32, 128])
2026-09-03 00:20:04.364 | DEBUG    | core:as_tensor:724 - Loaded cache for /localdev/gwang/tt_transformers/model_cache/llama33_70b/T3K/empty_vcache_paged_attention(2048, 1, 32, 128)_dtype_BFLOAT8_B_layout_TILE.tensorbin of shape Shape([2048, 1, 32, 128])
2026-09-03 00:20:04.369 | DEBUG    | core:as_tensor:724 - Loaded cache for /localdev/gwang/tt_transformers/model_cache/llama33_70b/T3K/empty_kcache_paged_attention(2048, 1, 32, 128)_dtype_BFLOAT8_B_layout_TILE.tensorbin of shape Shape([2048, 1, 32, 128])
2026-09-03 00:20:04.372 | DEBUG    | core:as_tensor:724 - Loaded cache for /localdev/gwang/tt_transformers/model_cache/llama33_70b/T3K/empty_vcache_paged_attention(2048, 1, 32, 128)_dtype_BFLOAT8_B_layout_TILE.tensorbin of shape Shape([2048, 1, 32, 128])
2026-09-03 00:20:04.374 | DEBUG    | core:as_tensor:724 - Loaded cache for /localdev/gwang/tt_transformers/model_cache/llama33_70b/T3K/empty_kcache_paged_attention(2048, 1, 32, 128)_dtype_BFLOAT8_B_layout_TILE.tensorbin of shape Shape([2048, 1, 32, 128])
2026-09-03 00:20:04.377 | DEBUG    | core:as_tensor:724 - Loaded cache for /localdev/gwang/tt_transformers/model_cache/llama33_70b/T3K/empty_vcache_paged_attention(2048, 1, 32, 128)_dtype_BFLOAT8_B_layout_TILE.tensorbin of shape Shape([2048, 1, 32, 128])
2026-09-03 00:20:04.380 | DEBUG    | core:as_tensor:724 - Loaded cache for /localdev/gwang/tt_transformers/model_cache/llama33_70b/T3K/empty_kcache_paged_attention(2048, 1, 32, 128)_dtype_BFLOAT8_B_layout_TILE.tensorbin of shape Shape([2048, 1, 32, 128])
2026-09-03 00:20:04.383 | DEBUG    | core:as_tensor:724 - Loaded cache for /localdev/gwang/tt_transformers/model_cache/llama33_70b/T3K/empty_vcache_paged_attention(2048, 1, 32, 128)_dtype_BFLOAT8_B_layout_TILE.tensorbin of shape Shape([2048, 1, 32, 128])
2026-09-03 00:20:04.386 | DEBUG    | core:as_tensor:724 - Loaded cache for /localdev/gwang/tt_transformers/model_cache/llama33_70b/T3K/empty_kcache_paged_attention(2048, 1, 32, 128)_dtype_BFLOAT8_B_layout_TILE.tensorbin of shape Shape([2048, 1, 32, 128])
2026-09-03 00:20:04.389 | DEBUG    | core:as_tensor:724 - Loaded cache for /localdev/gwang/tt_transformers/model_cache/llama33_70b/T3K/empty_vcache_paged_attention(2048, 1, 32, 128)_dtype_BFLOAT8_B_layout_TILE.tensorbin of shape Shape([2048, 1, 32, 128])
2026-09-03 00:20:04.391 | DEBUG    | core:as_tensor:724 - Loaded cache for /localdev/gwang/tt_transformers/model_cache/llama33_70b/T3K/empty_kcache_paged_attention(2048, 1, 32, 128)_dtype_BFLOAT8_B_layout_TILE.tensorbin of shape Shape([2048, 1, 32, 128])
2026-09-03 00:20:04.394 | DEBUG    | core:as_tensor:724 - Loaded cache for /localdev/gwang/tt_transformers/model_cache/llama33_70b/T3K/empty_vcache_paged_attention(2048, 1, 32, 128)_dtype_BFLOAT8_B_layout_TILE.tensorbin of shape Shape([2048, 1, 32, 128])
2026-09-03 00:20:04.397 | DEBUG    | core:as_tensor:724 - Loaded cache for /localdev/gwang/tt_transformers/model_cache/llama33_70b/T3K/empty_kcache_paged_attention(2048, 1, 32, 128)_dtype_BFLOAT8_B_layout_TILE.tensorbin of shape Shape([2048, 1, 32, 128])
2026-09-03 00:20:04.400 | DEBUG    | core:as_tensor:724 - Loaded cache for /localdev/gwang/tt_transformers/model_cache/llama33_70b/T3K/empty_vcache_paged_attention(2048, 1, 32, 128)_dtype_BFLOAT8_B_layout_TILE.tensorbin of shape Shape([2048, 1, 32, 128])
2026-09-03 00:20:04.402 | DEBUG    | core:as_tensor:724 - Loaded cache for /localdev/gwang/tt_transformers/model_cache/llama33_70b/T3K/empty_kcache_paged_attention(2048, 1, 32, 128)_dtype_BFLOAT8_B_layout_TILE.tensorbin of shape Shape([2048, 1, 32, 128])
2026-09-03 00:20:04.405 | DEBUG    | core:as_tensor:724 - Loaded cache for /localdev/gwang/tt_transformers/model_cache/llama33_70b/T3K/empty_vcache_paged_attention(2048, 1, 32, 128)_dtype_BFLOAT8_B_layout_TILE.tensorbin of shape Shape([2048, 1, 32, 128])
2026-09-03 00:20:04.408 | DEBUG    | core:as_tensor:724 - Loaded cache for /localdev/gwang/tt_transformers/model_cache/llama33_70b/T3K/empty_kcache_paged_attention(2048, 1, 32, 128)_dtype_BFLOAT8_B_layout_TILE.tensorbin of shape Shape([2048, 1, 32, 128])
2026-09-03 00:20:04.410 | DEBUG    | core:as_tensor:724 - Loaded cache for /localdev/gwang/tt_transformers/model_cache/llama33_70b/T3K/empty_vcache_paged_attention(2048, 1, 32, 128)_dtype_BFLOAT8_B_layout_TILE.tensorbin of shape Shape([2048, 1, 32, 128])
2026-09-03 00:20:04.413 | DEBUG    | core:as_tensor:724 - Loaded cache for /localdev/gwang/tt_transformers/model_cache/llama33_70b/T3K/empty_kcache_paged_attention(2048, 1, 32, 128)_dtype_BFLOAT8_B_layout_TILE.tensorbin of shape Shape([2048, 1, 32, 128])
2026-09-03 00:20:04.416 | DEBUG    | core:as_tensor:724 - Loaded cache for /localdev/gwang/tt_transformers/model_cache/llama33_70b/T3K/empty_vcache_paged_attention(2048, 1, 32, 128)_dtype_BFLOAT8_B_layout_TILE.tensorbin of shape Shape([2048, 1, 32, 128])
2026-09-03 00:20:04.419 | DEBUG    | core:as_tensor:724 - Loaded cache for /localdev/gwang/tt_transformers/model_cache/llama33_70b/T3K/empty_kcache_paged_attention(2048, 1, 32, 128)_dtype_BFLOAT8_B_layout_TILE.tensorbin of shape Shape([2048, 1, 32, 128])
2026-09-03 00:20:04.421 | DEBUG    | core:as_tensor:724 - Loaded cache for /localdev/gwang/tt_transformers/model_cache/llama33_70b/T3K/empty_vcache_paged_attention(2048, 1, 32, 128)_dtype_BFLOAT8_B_layout_TILE.tensorbin of shape Shape([2048, 1, 32, 128])
2026-09-03 00:20:04.424 | DEBUG    | core:as_tensor:724 - Loaded cache for /localdev/gwang/tt_transformers/model_cache/llama33_70b/T3K/empty_kcache_paged_attention(2048, 1, 32, 128)_dtype_BFLOAT8_B_layout_TILE.tensorbin of shape Shape([2048, 1, 32, 128])
2026-09-03 00:20:04.427 | DEBUG    | core:as_tensor:724 - Loaded cache for /localdev/gwang/tt_transformers/model_cache/llama33_70b/T3K/empty_vcache_paged_attention(2048, 1, 32, 128)_dtype_BFLOAT8_B_layout_TILE.tensorbin of shape Shape([2048, 1, 32, 128])
2026-09-03 00:20:04.429 | DEBUG    | core:as_tensor:724 - Loaded cache for /localdev/gwang/tt_transformers/model_cache/llama33_70b/T3K/empty_kcache_paged_attention(2048, 1, 32, 128)_dtype_BFLOAT8_B_layout_TILE.tensorbin of shape Shape([2048, 1, 32, 128])
2026-09-03 00:20:04.432 | DEBUG    | core:as_tensor:724 - Loaded cache for /localdev/gwang/tt_transformers/model_cache/llama33_70b/T3K/empty_vcache_paged_attention(2048, 1, 32, 128)_dtype_BFLOAT8_B_layout_TILE.tensorbin of shape Shape([2048, 1, 32, 128])
2026-09-03 00:20:04.435 | DEBUG    | core:as_tensor:724 - Loaded cache for /localdev/gwang/tt_transformers/model_cache/llama33_70b/T3K/empty_kcache_paged_attention(2048, 1, 32, 128)_dtype_BFLOAT8_B_layout_TILE.tensorbin of shape Shape([2048, 1, 32, 128])
2026-09-03 00:20:04.437 | DEBUG    | core:as_tensor:724 - Loaded cache for /localdev/gwang/tt_transformers/model_cache/llama33_70b/T3K/empty_vcache_paged_attention(2048, 1, 32, 128)_dtype_BFLOAT8_B_layout_TILE.tensorbin of shape Shape([2048, 1, 32, 128])
2026-09-03 00:20:04.440 | DEBUG    | core:as_tensor:724 - Loaded cache for /localdev/gwang/tt_transformers/model_cache/llama33_70b/T3K/empty_kcache_paged_attention(2048, 1, 32, 128)_dtype_BFLOAT8_B_layout_TILE.tensorbin of shape Shape([2048, 1, 32, 128])
2026-09-03 00:20:04.443 | DEBUG    | core:as_tensor:724 - Loaded cache for /localdev/gwang/tt_transformers/model_cache/llama33_70b/T3K/empty_vcache_paged_attention(2048, 1, 32, 128)_dtype_BFLOAT8_B_layout_TILE.tensorbin of shape Shape([2048, 1, 32, 128])
2026-09-03 00:20:04.446 | DEBUG    | core:as_tensor:724 - Loaded cache for /localdev/gwang/tt_transformers/model_cache/llama33_70b/T3K/empty_kcache_paged_attention(2048, 1, 32, 128)_dtype_BFLOAT8_B_layout_TILE.tensorbin of shape Shape([2048, 1, 32, 128])
2026-09-03 00:20:04.448 | DEBUG    | core:as_tensor:724 - Loaded cache for /localdev/gwang/tt_transformers/model_cache/llama33_70b/T3K/empty_vcache_paged_attention(2048, 1, 32, 128)_dtype_BFLOAT8_B_layout_TILE.tensorbin of shape Shape([2048, 1, 32, 128])
2026-09-03 00:20:04.451 | DEBUG    | core:as_tensor:724 - Loaded cache for /localdev/gwang/tt_transformers/model_cache/llama33_70b/T3K/empty_kcache_paged_attention(2048, 1, 32, 128)_dtype_BFLOAT8_B_layout_TILE.tensorbin of shape Shape([2048, 1, 32, 128])
2026-09-03 00:20:04.454 | DEBUG    | core:as_tensor:724 - Loaded cache for /localdev/gwang/tt_transformers/model_cache/llama33_70b/T3K/empty_vcache_paged_attention(2048, 1, 32, 128)_dtype_BFLOAT8_B_layout_TILE.tensorbin of shape Shape([2048, 1, 32, 128])
2026-09-03 00:20:04.456 | DEBUG    | core:as_tensor:724 - Loaded cache for /localdev/gwang/tt_transformers/model_cache/llama33_70b/T3K/empty_kcache_paged_attention(2048, 1, 32, 128)_dtype_BFLOAT8_B_layout_TILE.tensorbin of shape Shape([2048, 1, 32, 128])
2026-09-03 00:20:04.459 | DEBUG    | core:as_tensor:724 - Loaded cache for /localdev/gwang/tt_transformers/model_cache/llama33_70b/T3K/empty_vcache_paged_attention(2048, 1, 32, 128)_dtype_BFLOAT8_B_layout_TILE.tensorbin of shape Shape([2048, 1, 32, 128])
2026-09-03 00:20:04.462 | DEBUG    | core:as_tensor:724 - Loaded cache for /localdev/gwang/tt_transformers/model_cache/llama33_70b/T3K/empty_kcache_paged_attention(2048, 1, 32, 128)_dtype_BFLOAT8_B_layout_TILE.tensorbin of shape Shape([2048, 1, 32, 128])
2026-09-03 00:20:04.465 | DEBUG    | core:as_tensor:724 - Loaded cache for /localdev/gwang/tt_transformers/model_cache/llama33_70b/T3K/empty_vcache_paged_attention(2048, 1, 32, 128)_dtype_BFLOAT8_B_layout_TILE.tensorbin of shape Shape([2048, 1, 32, 128])
2026-09-03 00:20:04.467 | DEBUG    | core:as_tensor:724 - Loaded cache for /localdev/gwang/tt_transformers/model_cache/llama33_70b/T3K/empty_kcache_paged_attention(2048, 1, 32, 128)_dtype_BFLOAT8_B_layout_TILE.tensorbin of shape Shape([2048, 1, 32, 128])
2026-09-03 00:20:04.470 | DEBUG    | core:as_tensor:724 - Loaded cache for /localdev/gwang/tt_transformers/model_cache/llama33_70b/T3K/empty_vcache_paged_attention(2048, 1, 32, 128)_dtype_BFLOAT8_B_layout_TILE.tensorbin of shape Shape([2048, 1, 32, 128])
2026-09-03 00:20:04.473 | DEBUG    | core:as_tensor:724 - Loaded cache for /localdev/gwang/tt_transformers/model_cache/llama33_70b/T3K/empty_kcache_paged_attention(2048, 1, 32, 128)_dtype_BFLOAT8_B_layout_TILE.tensorbin of shape Shape([2048, 1, 32, 128])
2026-09-03 00:20:04.475 | DEBUG    | core:as_tensor:724 - Loaded cache for /localdev/gwang/tt_transformers/model_cache/llama33_70b/T3K/empty_vcache_paged_attention(2048, 1, 32, 128)_dtype_BFLOAT8_B_layout_TILE.tensorbin of shape Shape([2048, 1, 32, 128])
2026-09-03 00:20:04.478 | DEBUG    | core:as_tensor:724 - Loaded cache for /localdev/gwang/tt_transformers/model_cache/llama33_70b/T3K/empty_kcache_paged_attention(2048, 1, 32, 128)_dtype_BFLOAT8_B_layout_TILE.tensorbin of shape Shape([2048, 1, 32, 128])
2026-09-03 00:20:04.481 | DEBUG    | core:as_tensor:724 - Loaded cache for /localdev/gwang/tt_transformers/model_cache/llama33_70b/T3K/empty_vcache_paged_attention(2048, 1, 32, 128)_dtype_BFLOAT8_B_layout_TILE.tensorbin of shape Shape([2048, 1, 32, 128])
2026-09-03 00:20:04.484 | DEBUG    | core:as_tensor:724 - Loaded cache for /localdev/gwang/tt_transformers/model_cache/llama33_70b/T3K/empty_kcache_paged_attention(2048, 1, 32, 128)_dtype_BFLOAT8_B_layout_TILE.tensorbin of shape Shape([2048, 1, 32, 128])
2026-09-03 00:20:04.486 | DEBUG    | core:as_tensor:724 - Loaded cache for /localdev/gwang/tt_transformers/model_cache/llama33_70b/T3K/empty_vcache_paged_attention(2048, 1, 32, 128)_dtype_BFLOAT8_B_layout_TILE.tensorbin of shape Shape([2048, 1, 32, 128])
2026-09-03 00:20:04.489 | DEBUG    | core:as_tensor:724 - Loaded cache for /localdev/gwang/tt_transformers/model_cache/llama33_70b/T3K/empty_kcache_paged_attention(2048, 1, 32, 128)_dtype_BFLOAT8_B_layout_TILE.tensorbin of shape Shape([2048, 1, 32, 128])
2026-09-03 00:20:04.492 | DEBUG    | core:as_tensor:724 - Loaded cache for /localdev/gwang/tt_transformers/model_cache/llama33_70b/T3K/empty_vcache_paged_attention(2048, 1, 32, 128)_dtype_BFLOAT8_B_layout_TILE.tensorbin of shape Shape([2048, 1, 32, 128])
2026-09-03 00:20:04.494 | DEBUG    | core:as_tensor:724 - Loaded cache for /localdev/gwang/tt_transformers/model_cache/llama33_70b/T3K/empty_kcache_paged_attention(2048, 1, 32, 128)_dtype_BFLOAT8_B_layout_TILE.tensorbin of shape Shape([2048, 1, 32, 128])
2026-09-03 00:20:04.497 | DEBUG    | core:as_tensor:724 - Loaded cache for /localdev/gwang/tt_transformers/model_cache/llama33_70b/T3K/empty_vcache_paged_attention(2048, 1, 32, 128)_dtype_BFLOAT8_B_layout_TILE.tensorbin of shape Shape([2048, 1, 32, 128])
2026-09-03 00:20:04.500 | DEBUG    | core:as_tensor:724 - Loaded cache for /localdev/gwang/tt_transformers/model_cache/llama33_70b/T3K/empty_kcache_paged_attention(2048, 1, 32, 128)_dtype_BFLOAT8_B_layout_TILE.tensorbin of shape Shape([2048, 1, 32, 128])
2026-09-03 00:20:04.502 | DEBUG    | core:as_tensor:724 - Loaded cache for /localdev/gwang/tt_transformers/model_cache/llama33_70b/T3K/empty_vcache_paged_attention(2048, 1, 32, 128)_dtype_BFLOAT8_B_layout_TILE.tensorbin of shape Shape([2048, 1, 32, 128])
2026-09-03 00:20:04.505 | DEBUG    | core:as_tensor:724 - Loaded cache for /localdev/gwang/tt_transformers/model_cache/llama33_70b/T3K/empty_kcache_paged_attention(2048, 1, 32, 128)_dtype_BFLOAT8_B_layout_TILE.tensorbin of shape Shape([2048, 1, 32, 128])
2026-09-03 00:20:04.508 | DEBUG    | core:as_tensor:724 - Loaded cache for /localdev/gwang/tt_transformers/model_cache/llama33_70b/T3K/empty_vcache_paged_attention(2048, 1, 32, 128)_dtype_BFLOAT8_B_layout_TILE.tensorbin of shape Shape([2048, 1, 32, 128])
2026-09-03 00:20:04.510 | DEBUG    | core:as_tensor:724 - Loaded cache for /localdev/gwang/tt_transformers/model_cache/llama33_70b/T3K/empty_kcache_paged_attention(2048, 1, 32, 128)_dtype_BFLOAT8_B_layout_TILE.tensorbin of shape Shape([2048, 1, 32, 128])
2026-09-03 00:20:04.513 | DEBUG    | core:as_tensor:724 - Loaded cache for /localdev/gwang/tt_transformers/model_cache/llama33_70b/T3K/empty_vcache_paged_attention(2048, 1, 32, 128)_dtype_BFLOAT8_B_layout_TILE.tensorbin of shape Shape([2048, 1, 32, 128])
2026-09-03 00:20:04.516 | DEBUG    | core:as_tensor:724 - Loaded cache for /localdev/gwang/tt_transformers/model_cache/llama33_70b/T3K/empty_kcache_paged_attention(2048, 1, 32, 128)_dtype_BFLOAT8_B_layout_TILE.tensorbin of shape Shape([2048, 1, 32, 128])
2026-09-03 00:20:04.518 | DEBUG    | core:as_tensor:724 - Loaded cache for /localdev/gwang/tt_transformers/model_cache/llama33_70b/T3K/empty_vcache_paged_attention(2048, 1, 32, 128)_dtype_BFLOAT8_B_layout_TILE.tensorbin of shape Shape([2048, 1, 32, 128])
2026-09-03 00:20:04.521 | DEBUG    | core:as_tensor:724 - Loaded cache for /localdev/gwang/tt_transformers/model_cache/llama33_70b/T3K/empty_kcache_paged_attention(2048, 1, 32, 128)_dtype_BFLOAT8_B_layout_TILE.tensorbin of shape Shape([2048, 1, 32, 128])
2026-09-03 00:20:04.524 | DEBUG    | core:as_tensor:724 - Loaded cache for /localdev/gwang/tt_transformers/model_cache/llama33_70b/T3K/empty_vcache_paged_attention(2048, 1, 32, 128)_dtype_BFLOAT8_B_layout_TILE.tensorbin of shape Shape([2048, 1, 32, 128])
2026-09-03 00:20:04.527 | DEBUG    | core:as_tensor:724 - Loaded cache for /localdev/gwang/tt_transformers/model_cache/llama33_70b/T3K/empty_kcache_paged_attention(2048, 1, 32, 128)_dtype_BFLOAT8_B_layout_TILE.tensorbin of shape Shape([2048, 1, 32, 128])
2026-09-03 00:20:04.529 | DEBUG    | core:as_tensor:724 - Loaded cache for /localdev/gwang/tt_transformers/model_cache/llama33_70b/T3K/empty_vcache_paged_attention(2048, 1, 32, 128)_dtype_BFLOAT8_B_layout_TILE.tensorbin of shape Shape([2048, 1, 32, 128])
2026-09-03 00:20:04.532 | DEBUG    | core:as_tensor:724 - Loaded cache for /localdev/gwang/tt_transformers/model_cache/llama33_70b/T3K/empty_kcache_paged_attention(2048, 1, 32, 128)_dtype_BFLOAT8_B_layout_TILE.tensorbin of shape Shape([2048, 1, 32, 128])
2026-09-03 00:20:04.535 | DEBUG    | core:as_tensor:724 - Loaded cache for /localdev/gwang/tt_transformers/model_cache/llama33_70b/T3K/empty_vcache_paged_attention(2048, 1, 32, 128)_dtype_BFLOAT8_B_layout_TILE.tensorbin of shape Shape([2048, 1, 32, 128])
2026-09-03 00:20:04.537 | DEBUG    | core:as_tensor:724 - Loaded cache for /localdev/gwang/tt_transformers/model_cache/llama33_70b/T3K/empty_kcache_paged_attention(2048, 1, 32, 128)_dtype_BFLOAT8_B_layout_TILE.tensorbin of shape Shape([2048, 1, 32, 128])
2026-09-03 00:20:04.540 | DEBUG    | core:as_tensor:724 - Loaded cache for /localdev/gwang/tt_transformers/model_cache/llama33_70b/T3K/empty_vcache_paged_attention(2048, 1, 32, 128)_dtype_BFLOAT8_B_layout_TILE.tensorbin of shape Shape([2048, 1, 32, 128])
2026-09-03 00:20:04.543 | DEBUG    | core:as_tensor:724 - Loaded cache for /localdev/gwang/tt_transformers/model_cache/llama33_70b/T3K/empty_kcache_paged_attention(2048, 1, 32, 128)_dtype_BFLOAT8_B_layout_TILE.tensorbin of shape Shape([2048, 1, 32, 128])
2026-09-03 00:20:04.545 | DEBUG    | core:as_tensor:724 - Loaded cache for /localdev/gwang/tt_transformers/model_cache/llama33_70b/T3K/empty_vcache_paged_attention(2048, 1, 32, 128)_dtype_BFLOAT8_B_layout_TILE.tensorbin of shape Shape([2048, 1, 32, 128])
2026-09-03 00:20:04.548 | DEBUG    | core:as_tensor:724 - Loaded cache for /localdev/gwang/tt_transformers/model_cache/llama33_70b/T3K/empty_kcache_paged_attention(2048, 1, 32, 128)_dtype_BFLOAT8_B_layout_TILE.tensorbin of shape Shape([2048, 1, 32, 128])
2026-09-03 00:20:04.551 | DEBUG    | core:as_tensor:724 - Loaded cache for /localdev/gwang/tt_transformers/model_cache/llama33_70b/T3K/empty_vcache_paged_attention(2048, 1, 32, 128)_dtype_BFLOAT8_B_layout_TILE.tensorbin of shape Shape([2048, 1, 32, 128])
2026-09-03 00:20:04.553 | DEBUG    | core:as_tensor:724 - Loaded cache for /localdev/gwang/tt_transformers/model_cache/llama33_70b/T3K/empty_kcache_paged_attention(2048, 1, 32, 128)_dtype_BFLOAT8_B_layout_TILE.tensorbin of shape Shape([2048, 1, 32, 128])
2026-09-03 00:20:04.556 | DEBUG    | core:as_tensor:724 - Loaded cache for /localdev/gwang/tt_transformers/model_cache/llama33_70b/T3K/empty_vcache_paged_attention(2048, 1, 32, 128)_dtype_BFLOAT8_B_layout_TILE.tensorbin of shape Shape([2048, 1, 32, 128])
2026-09-03 00:20:04.559 | DEBUG    | core:as_tensor:724 - Loaded cache for /localdev/gwang/tt_transformers/model_cache/llama33_70b/T3K/empty_kcache_paged_attention(2048, 1, 32, 128)_dtype_BFLOAT8_B_layout_TILE.tensorbin of shape Shape([2048, 1, 32, 128])
2026-09-03 00:20:04.561 | DEBUG    | core:as_tensor:724 - Loaded cache for /localdev/gwang/tt_transformers/model_cache/llama33_70b/T3K/empty_vcache_paged_attention(2048, 1, 32, 128)_dtype_BFLOAT8_B_layout_TILE.tensorbin of shape Shape([2048, 1, 32, 128])
2026-09-03 00:20:04.564 | DEBUG    | core:as_tensor:724 - Loaded cache for /localdev/gwang/tt_transformers/model_cache/llama33_70b/T3K/empty_kcache_paged_attention(2048, 1, 32, 128)_dtype_BFLOAT8_B_layout_TILE.tensorbin of shape Shape([2048, 1, 32, 128])
2026-09-03 00:20:04.567 | DEBUG    | core:as_tensor:724 - Loaded cache for /localdev/gwang/tt_transformers/model_cache/llama33_70b/T3K/empty_vcache_paged_attention(2048, 1, 32, 128)_dtype_BFLOAT8_B_layout_TILE.tensorbin of shape Shape([2048, 1, 32, 128])
2026-09-03 00:20:04.570 | DEBUG    | core:as_tensor:724 - Loaded cache for /localdev/gwang/tt_transformers/model_cache/llama33_70b/T3K/empty_kcache_paged_attention(2048, 1, 32, 128)_dtype_BFLOAT8_B_layout_TILE.tensorbin of shape Shape([2048, 1, 32, 128])
2026-09-03 00:20:04.572 | DEBUG    | core:as_tensor:724 - Loaded cache for /localdev/gwang/tt_transformers/model_cache/llama33_70b/T3K/empty_vcache_paged_attention(2048, 1, 32, 128)_dtype_BFLOAT8_B_layout_TILE.tensorbin of shape Shape([2048, 1, 32, 128])
2026-09-03 00:20:04.575 | DEBUG    | core:as_tensor:724 - Loaded cache for /localdev/gwang/tt_transformers/model_cache/llama33_70b/T3K/empty_kcache_paged_attention(2048, 1, 32, 128)_dtype_BFLOAT8_B_layout_TILE.tensorbin of shape Shape([2048, 1, 32, 128])
2026-09-03 00:20:04.578 | DEBUG    | core:as_tensor:724 - Loaded cache for /localdev/gwang/tt_transformers/model_cache/llama33_70b/T3K/empty_vcache_paged_attention(2048, 1, 32, 128)_dtype_BFLOAT8_B_layout_TILE.tensorbin of shape Shape([2048, 1, 32, 128])
2026-09-03 00:20:04.580 | DEBUG    | core:as_tensor:724 - Loaded cache for /localdev/gwang/tt_transformers/model_cache/llama33_70b/T3K/empty_kcache_paged_attention(2048, 1, 32, 128)_dtype_BFLOAT8_B_layout_TILE.tensorbin of shape Shape([2048, 1, 32, 128])
2026-09-03 00:20:04.583 | DEBUG    | core:as_tensor:724 - Loaded cache for /localdev/gwang/tt_transformers/model_cache/llama33_70b/T3K/empty_vcache_paged_attention(2048, 1, 32, 128)_dtype_BFLOAT8_B_layout_TILE.tensorbin of shape Shape([2048, 1, 32, 128])
2026-09-03 00:20:04.586 | DEBUG    | core:as_tensor:724 - Loaded cache for /localdev/gwang/tt_transformers/model_cache/llama33_70b/T3K/empty_kcache_paged_attention(2048, 1, 32, 128)_dtype_BFLOAT8_B_layout_TILE.tensorbin of shape Shape([2048, 1, 32, 128])
2026-09-03 00:20:04.588 | DEBUG    | core:as_tensor:724 - Loaded cache for /localdev/gwang/tt_transformers/model_cache/llama33_70b/T3K/empty_vcache_paged_attention(2048, 1, 32, 128)_dtype_BFLOAT8_B_layout_TILE.tensorbin of shape Shape([2048, 1, 32, 128])
2026-09-03 00:20:04.591 | DEBUG    | core:as_tensor:724 - Loaded cache for /localdev/gwang/tt_transformers/model_cache/llama33_70b/T3K/empty_kcache_paged_attention(2048, 1, 32, 128)_dtype_BFLOAT8_B_layout_TILE.tensorbin of shape Shape([2048, 1, 32, 128])
2026-09-03 00:20:04.594 | DEBUG    | core:as_tensor:724 - Loaded cache for /localdev/gwang/tt_transformers/model_cache/llama33_70b/T3K/empty_vcache_paged_attention(2048, 1, 32, 128)_dtype_BFLOAT8_B_layout_TILE.tensorbin of shape Shape([2048, 1, 32, 128])
2026-09-03 00:20:04.597 | DEBUG    | core:as_tensor:724 - Loaded cache for /localdev/gwang/tt_transformers/model_cache/llama33_70b/T3K/empty_kcache_paged_attention(2048, 1, 32, 128)_dtype_BFLOAT8_B_layout_TILE.tensorbin of shape Shape([2048, 1, 32, 128])
2026-09-03 00:20:04.599 | DEBUG    | core:as_tensor:724 - Loaded cache for /localdev/gwang/tt_transformers/model_cache/llama33_70b/T3K/empty_vcache_paged_attention(2048, 1, 32, 128)_dtype_BFLOAT8_B_layout_TILE.tensorbin of shape Shape([2048, 1, 32, 128])
2026-09-03 00:20:04.602 | DEBUG    | core:as_tensor:724 - Loaded cache for /localdev/gwang/tt_transformers/model_cache/llama33_70b/T3K/empty_kcache_paged_attention(2048, 1, 32, 128)_dtype_BFLOAT8_B_layout_TILE.tensorbin of shape Shape([2048, 1, 32, 128])
2026-09-03 00:20:04.605 | DEBUG    | core:as_tensor:724 - Loaded cache for /localdev/gwang/tt_transformers/model_cache/llama33_70b/T3K/empty_vcache_paged_attention(2048, 1, 32, 128)_dtype_BFLOAT8_B_layout_TILE.tensorbin of shape Shape([2048, 1, 32, 128])
2026-09-03 00:20:04.607 | DEBUG    | core:as_tensor:724 - Loaded cache for /localdev/gwang/tt_transformers/model_cache/llama33_70b/T3K/empty_kcache_paged_attention(2048, 1, 32, 128)_dtype_BFLOAT8_B_layout_TILE.tensorbin of shape Shape([2048, 1, 32, 128])
2026-09-03 00:20:04.610 | DEBUG    | core:as_tensor:724 - Loaded cache for /localdev/gwang/tt_transformers/model_cache/llama33_70b/T3K/empty_vcache_paged_attention(2048, 1, 32, 128)_dtype_BFLOAT8_B_layout_TILE.tensorbin of shape Shape([2048, 1, 32, 128])
2026-09-03 00:20:04.613 | DEBUG    | core:as_tensor:724 - Loaded cache for /localdev/gwang/tt_transformers/model_cache/llama33_70b/T3K/empty_kcache_paged_attention(2048, 1, 32, 128)_dtype_BFLOAT8_B_layout_TILE.tensorbin of shape Shape([2048, 1, 32, 128])
2026-09-03 00:20:04.616 | DEBUG    | core:as_tensor:724 - Loaded cache for /localdev/gwang/tt_transformers/model_cache/llama33_70b/T3K/empty_vcache_paged_attention(2048, 1, 32, 128)_dtype_BFLOAT8_B_layout_TILE.tensorbin of shape Shape([2048, 1, 32, 128])
2026-09-03 00:20:04.618 | DEBUG    | core:as_tensor:724 - Loaded cache for /localdev/gwang/tt_transformers/model_cache/llama33_70b/T3K/empty_kcache_paged_attention(2048, 1, 32, 128)_dtype_BFLOAT8_B_layout_TILE.tensorbin of shape Shape([2048, 1, 32, 128])
2026-09-03 00:20:04.621 | DEBUG    | core:as_tensor:724 - Loaded cache for /localdev/gwang/tt_transformers/model_cache/llama33_70b/T3K/empty_vcache_paged_attention(2048, 1, 32, 128)_dtype_BFLOAT8_B_layout_TILE.tensorbin of shape Shape([2048, 1, 32, 128])
2026-09-03 00:20:04.624 | DEBUG    | core:as_tensor:724 - Loaded cache for /localdev/gwang/tt_transformers/model_cache/llama33_70b/T3K/empty_kcache_paged_attention(2048, 1, 32, 128)_dtype_BFLOAT8_B_layout_TILE.tensorbin of shape Shape([2048, 1, 32, 128])
2026-09-03 00:20:04.626 | DEBUG    | core:as_tensor:724 - Loaded cache for /localdev/gwang/tt_transformers/model_cache/llama33_70b/T3K/empty_vcache_paged_attention(2048, 1, 32, 128)_dtype_BFLOAT8_B_layout_TILE.tensorbin of shape Shape([2048, 1, 32, 128])
2026-09-03 00:20:04.629 | DEBUG    | core:as_tensor:724 - Loaded cache for /localdev/gwang/tt_transformers/model_cache/llama33_70b/T3K/empty_kcache_paged_attention(2048, 1, 32, 128)_dtype_BFLOAT8_B_layout_TILE.tensorbin of shape Shape([2048, 1, 32, 128])
2026-09-03 00:20:04.632 | DEBUG    | core:as_tensor:724 - Loaded cache for /localdev/gwang/tt_transformers/model_cache/llama33_70b/T3K/empty_vcache_paged_attention(2048, 1, 32, 128)_dtype_BFLOAT8_B_layout_TILE.tensorbin of shape Shape([2048, 1, 32, 128])
2026-09-03 00:20:04.634 | DEBUG    | core:as_tensor:724 - Loaded cache for /localdev/gwang/tt_transformers/model_cache/llama33_70b/T3K/empty_kcache_paged_attention(2048, 1, 32, 128)_dtype_BFLOAT8_B_layout_TILE.tensorbin of shape Shape([2048, 1, 32, 128])
2026-09-03 00:20:04.637 | DEBUG    | core:as_tensor:724 - Loaded cache for /localdev/gwang/tt_transformers/model_cache/llama33_70b/T3K/empty_vcache_paged_attention(2048, 1, 32, 128)_dtype_BFLOAT8_B_layout_TILE.tensorbin of shape Shape([2048, 1, 32, 128])
2026-09-03 00:20:04.640 | DEBUG    | core:as_tensor:724 - Loaded cache for /localdev/gwang/tt_transformers/model_cache/llama33_70b/T3K/empty_kcache_paged_attention(2048, 1, 32, 128)_dtype_BFLOAT8_B_layout_TILE.tensorbin of shape Shape([2048, 1, 32, 128])
2026-09-03 00:20:04.642 | DEBUG    | core:as_tensor:724 - Loaded cache for /localdev/gwang/tt_transformers/model_cache/llama33_70b/T3K/empty_vcache_paged_attention(2048, 1, 32, 128)_dtype_BFLOAT8_B_layout_TILE.tensorbin of shape Shape([2048, 1, 32, 128])
2026-09-03 00:20:04.645 | DEBUG    | core:as_tensor:724 - Loaded cache for /localdev/gwang/tt_transformers/model_cache/llama33_70b/T3K/empty_kcache_paged_attention(2048, 1, 32, 128)_dtype_BFLOAT8_B_layout_TILE.tensorbin of shape Shape([2048, 1, 32, 128])
2026-09-03 00:20:04.648 | DEBUG    | core:as_tensor:724 - Loaded cache for /localdev/gwang/tt_transformers/model_cache/llama33_70b/T3K/empty_vcache_paged_attention(2048, 1, 32, 128)_dtype_BFLOAT8_B_layout_TILE.tensorbin of shape Shape([2048, 1, 32, 128])
2026-09-03 00:20:04.651 | DEBUG    | core:as_tensor:724 - Loaded cache for /localdev/gwang/tt_transformers/model_cache/llama33_70b/T3K/empty_kcache_paged_attention(2048, 1, 32, 128)_dtype_BFLOAT8_B_layout_TILE.tensorbin of shape Shape([2048, 1, 32, 128])
2026-09-03 00:20:04.653 | DEBUG    | core:as_tensor:724 - Loaded cache for /localdev/gwang/tt_transformers/model_cache/llama33_70b/T3K/empty_vcache_paged_attention(2048, 1, 32, 128)_dtype_BFLOAT8_B_layout_TILE.tensorbin of shape Shape([2048, 1, 32, 128])
2026-09-03 00:20:04.656 | DEBUG    | core:as_tensor:724 - Loaded cache for /localdev/gwang/tt_transformers/model_cache/llama33_70b/T3K/empty_kcache_paged_attention(2048, 1, 32, 128)_dtype_BFLOAT8_B_layout_TILE.tensorbin of shape Shape([2048, 1, 32, 128])
2026-09-03 00:20:04.658 | DEBUG    | core:as_tensor:724 - Loaded cache for /localdev/gwang/tt_transformers/model_cache/llama33_70b/T3K/empty_vcache_paged_attention(2048, 1, 32, 128)_dtype_BFLOAT8_B_layout_TILE.tensorbin of shape Shape([2048, 1, 32, 128])
2026-09-03 00:20:04.661 | DEBUG    | core:as_tensor:724 - Loaded cache for /localdev/gwang/tt_transformers/model_cache/llama33_70b/T3K/empty_kcache_paged_attention(2048, 1, 32, 128)_dtype_BFLOAT8_B_layout_TILE.tensorbin of shape Shape([2048, 1, 32, 128])
2026-09-03 00:20:04.664 | DEBUG    | core:as_tensor:724 - Loaded cache for /localdev/gwang/tt_transformers/model_cache/llama33_70b/T3K/empty_vcache_paged_attention(2048, 1, 32, 128)_dtype_BFLOAT8_B_layout_TILE.tensorbin of shape Shape([2048, 1, 32, 128])
2026-09-03 00:20:04.667 | DEBUG    | core:as_tensor:724 - Loaded cache for /localdev/gwang/tt_transformers/model_cache/llama33_70b/T3K/empty_kcache_paged_attention(2048, 1, 32, 128)_dtype_BFLOAT8_B_layout_TILE.tensorbin of shape Shape([2048, 1, 32, 128])
2026-09-03 00:20:04.669 | DEBUG    | core:as_tensor:724 - Loaded cache for /localdev/gwang/tt_transformers/model_cache/llama33_70b/T3K/empty_vcache_paged_attention(2048, 1, 32, 128)_dtype_BFLOAT8_B_layout_TILE.tensorbin of shape Shape([2048, 1, 32, 128])
2026-09-03 00:20:04.672 | DEBUG    | core:as_tensor:724 - Loaded cache for /localdev/gwang/tt_transformers/model_cache/llama33_70b/T3K/empty_kcache_paged_attention(2048, 1, 32, 128)_dtype_BFLOAT8_B_layout_TILE.tensorbin of shape Shape([2048, 1, 32, 128])
2026-09-03 00:20:04.675 | DEBUG    | core:as_tensor:724 - Loaded cache for /localdev/gwang/tt_transformers/model_cache/llama33_70b/T3K/empty_vcache_paged_attention(2048, 1, 32, 128)_dtype_BFLOAT8_B_layout_TILE.tensorbin of shape Shape([2048, 1, 32, 128])
2026-09-03 00:20:04.677 | DEBUG    | core:as_tensor:724 - Loaded cache for /localdev/gwang/tt_transformers/model_cache/llama33_70b/T3K/empty_kcache_paged_attention(2048, 1, 32, 128)_dtype_BFLOAT8_B_layout_TILE.tensorbin of shape Shape([2048, 1, 32, 128])
2026-09-03 00:20:04.680 | DEBUG    | core:as_tensor:724 - Loaded cache for /localdev/gwang/tt_transformers/model_cache/llama33_70b/T3K/empty_vcache_paged_attention(2048, 1, 32, 128)_dtype_BFLOAT8_B_layout_TILE.tensorbin of shape Shape([2048, 1, 32, 128])
2026-09-03 00:20:04.683 | DEBUG    | core:as_tensor:724 - Loaded cache for /localdev/gwang/tt_transformers/model_cache/llama33_70b/T3K/empty_kcache_paged_attention(2048, 1, 32, 128)_dtype_BFLOAT8_B_layout_TILE.tensorbin of shape Shape([2048, 1, 32, 128])
2026-09-03 00:20:04.685 | DEBUG    | core:as_tensor:724 - Loaded cache for /localdev/gwang/tt_transformers/model_cache/llama33_70b/T3K/empty_vcache_paged_attention(2048, 1, 32, 128)_dtype_BFLOAT8_B_layout_TILE.tensorbin of shape Shape([2048, 1, 32, 128])
2026-09-03 00:20:04.688 | DEBUG    | core:as_tensor:724 - Loaded cache for /localdev/gwang/tt_transformers/model_cache/llama33_70b/T3K/empty_kcache_paged_attention(2048, 1, 32, 128)_dtype_BFLOAT8_B_layout_TILE.tensorbin of shape Shape([2048, 1, 32, 128])
2026-09-03 00:20:04.691 | DEBUG    | core:as_tensor:724 - Loaded cache for /localdev/gwang/tt_transformers/model_cache/llama33_70b/T3K/empty_vcache_paged_attention(2048, 1, 32, 128)_dtype_BFLOAT8_B_layout_TILE.tensorbin of shape Shape([2048, 1, 32, 128])
2026-09-03 00:20:04.694 | DEBUG    | core:as_tensor:724 - Loaded cache for /localdev/gwang/tt_transformers/model_cache/llama33_70b/T3K/empty_kcache_paged_attention(2048, 1, 32, 128)_dtype_BFLOAT8_B_layout_TILE.tensorbin of shape Shape([2048, 1, 32, 128])
2026-09-03 00:20:04.696 | DEBUG    | core:as_tensor:724 - Loaded cache for /localdev/gwang/tt_transformers/model_cache/llama33_70b/T3K/empty_vcache_paged_attention(2048, 1, 32, 128)_dtype_BFLOAT8_B_layout_TILE.tensorbin of shape Shape([2048, 1, 32, 128])
2026-09-03 00:20:04.699 | DEBUG    | core:as_tensor:724 - Loaded cache for /localdev/gwang/tt_transformers/model_cache/llama33_70b/T3K/empty_kcache_paged_attention(2048, 1, 32, 128)_dtype_BFLOAT8_B_layout_TILE.tensorbin of shape Shape([2048, 1, 32, 128])
2026-09-03 00:20:04.702 | DEBUG    | core:as_tensor:724 - Loaded cache for /localdev/gwang/tt_transformers/model_cache/llama33_70b/T3K/empty_vcache_paged_attention(2048, 1, 32, 128)_dtype_BFLOAT8_B_layout_TILE.tensorbin of shape Shape([2048, 1, 32, 128])
2026-09-03 00:20:04.704 | DEBUG    | core:as_tensor:724 - Loaded cache for /localdev/gwang/tt_transformers/model_cache/llama33_70b/T3K/empty_kcache_paged_attention(2048, 1, 32, 128)_dtype_BFLOAT8_B_layout_TILE.tensorbin of shape Shape([2048, 1, 32, 128])
2026-09-03 00:20:04.707 | DEBUG    | core:as_tensor:724 - Loaded cache for /localdev/gwang/tt_transformers/model_cache/llama33_70b/T3K/empty_vcache_paged_attention(2048, 1, 32, 128)_dtype_BFLOAT8_B_layout_TILE.tensorbin of shape Shape([2048, 1, 32, 128])
2026-09-03 00:20:04.710 | DEBUG    | core:as_tensor:724 - Loaded cache for /localdev/gwang/tt_transformers/model_cache/llama33_70b/T3K/empty_kcache_paged_attention(2048, 1, 32, 128)_dtype_BFLOAT8_B_layout_TILE.tensorbin of shape Shape([2048, 1, 32, 128])
2026-09-03 00:20:04.713 | DEBUG    | core:as_tensor:724 - Loaded cache for /localdev/gwang/tt_transformers/model_cache/llama33_70b/T3K/empty_vcache_paged_attention(2048, 1, 32, 128)_dtype_BFLOAT8_B_layout_TILE.tensorbin of shape Shape([2048, 1, 32, 128])
2026-09-03 00:20:04.715 | DEBUG    | core:as_tensor:724 - Loaded cache for /localdev/gwang/tt_transformers/model_cache/llama33_70b/T3K/empty_kcache_paged_attention(2048, 1, 32, 128)_dtype_BFLOAT8_B_layout_TILE.tensorbin of shape Shape([2048, 1, 32, 128])
2026-09-03 00:20:04.718 | DEBUG    | core:as_tensor:724 - Loaded cache for /localdev/gwang/tt_transformers/model_cache/llama33_70b/T3K/empty_vcache_paged_attention(2048, 1, 32, 128)_dtype_BFLOAT8_B_layout_TILE.tensorbin of shape Shape([2048, 1, 32, 128])
2026-09-03 00:20:04.722 | DEBUG    | core:as_tensor:724 - Loaded cache for /localdev/gwang/tt_transformers/model_cache/llama33_70b/T3K/empty_kcache_paged_attention(2048, 1, 32, 128)_dtype_BFLOAT8_B_layout_TILE.tensorbin of shape Shape([2048, 1, 32, 128])
2026-09-03 00:20:04.726 | DEBUG    | core:as_tensor:724 - Loaded cache for /localdev/gwang/tt_transformers/model_cache/llama33_70b/T3K/empty_vcache_paged_attention(2048, 1, 32, 128)_dtype_BFLOAT8_B_layout_TILE.tensorbin of shape Shape([2048, 1, 32, 128])
2026-09-03 00:20:04.728 | DEBUG    | core:as_tensor:724 - Loaded cache for /localdev/gwang/tt_transformers/model_cache/llama33_70b/T3K/empty_kcache_paged_attention(2048, 1, 32, 128)_dtype_BFLOAT8_B_layout_TILE.tensorbin of shape Shape([2048, 1, 32, 128])
2026-09-03 00:20:04.731 | DEBUG    | core:as_tensor:724 - Loaded cache for /localdev/gwang/tt_transformers/model_cache/llama33_70b/T3K/empty_vcache_paged_attention(2048, 1, 32, 128)_dtype_BFLOAT8_B_layout_TILE.tensorbin of shape Shape([2048, 1, 32, 128])
2026-09-03 00:20:04.734 | DEBUG    | core:as_tensor:724 - Loaded cache for /localdev/gwang/tt_transformers/model_cache/llama33_70b/T3K/empty_kcache_paged_attention(2048, 1, 32, 128)_dtype_BFLOAT8_B_layout_TILE.tensorbin of shape Shape([2048, 1, 32, 128])
2026-09-03 00:20:04.737 | DEBUG    | core:as_tensor:724 - Loaded cache for /localdev/gwang/tt_transformers/model_cache/llama33_70b/T3K/empty_vcache_paged_attention(2048, 1, 32, 128)_dtype_BFLOAT8_B_layout_TILE.tensorbin of shape Shape([2048, 1, 32, 128])
2026-09-03 00:20:04.739 | DEBUG    | core:as_tensor:724 - Loaded cache for /localdev/gwang/tt_transformers/model_cache/llama33_70b/T3K/empty_kcache_paged_attention(2048, 1, 32, 128)_dtype_BFLOAT8_B_layout_TILE.tensorbin of shape Shape([2048, 1, 32, 128])
2026-09-03 00:20:04.743 | DEBUG    | core:as_tensor:724 - Loaded cache for /localdev/gwang/tt_transformers/model_cache/llama33_70b/T3K/empty_vcache_paged_attention(2048, 1, 32, 128)_dtype_BFLOAT8_B_layout_TILE.tensorbin of shape Shape([2048, 1, 32, 128])
2026-09-03 00:20:04.746 | DEBUG    | core:as_tensor:724 - Loaded cache for /localdev/gwang/tt_transformers/model_cache/llama33_70b/T3K/empty_kcache_paged_attention(2048, 1, 32, 128)_dtype_BFLOAT8_B_layout_TILE.tensorbin of shape Shape([2048, 1, 32, 128])
2026-09-03 00:20:04.748 | DEBUG    | core:as_tensor:724 - Loaded cache for /localdev/gwang/tt_transformers/model_cache/llama33_70b/T3K/empty_vcache_paged_attention(2048, 1, 32, 128)_dtype_BFLOAT8_B_layout_TILE.tensorbin of shape Shape([2048, 1, 32, 128])
2026-09-03 00:20:04.751 | DEBUG    | core:as_tensor:724 - Loaded cache for /localdev/gwang/tt_transformers/model_cache/llama33_70b/T3K/empty_kcache_paged_attention(2048, 1, 32, 128)_dtype_BFLOAT8_B_layout_TILE.tensorbin of shape Shape([2048, 1, 32, 128])
2026-09-03 00:20:04.754 | DEBUG    | core:as_tensor:724 - Loaded cache for /localdev/gwang/tt_transformers/model_cache/llama33_70b/T3K/empty_vcache_paged_attention(2048, 1, 32, 128)_dtype_BFLOAT8_B_layout_TILE.tensorbin of shape Shape([2048, 1, 32, 128])
2026-09-03 00:20:04.757 | DEBUG    | core:as_tensor:724 - Loaded cache for /localdev/gwang/tt_transformers/model_cache/llama33_70b/T3K/empty_kcache_paged_attention(2048, 1, 32, 128)_dtype_BFLOAT8_B_layout_TILE.tensorbin of shape Shape([2048, 1, 32, 128])
2026-09-03 00:20:04.759 | DEBUG    | core:as_tensor:724 - Loaded cache for /localdev/gwang/tt_transformers/model_cache/llama33_70b/T3K/empty_vcache_paged_attention(2048, 1, 32, 128)_dtype_BFLOAT8_B_layout_TILE.tensorbin of shape Shape([2048, 1, 32, 128])
2026-09-03 00:20:04.762 | DEBUG    | core:as_tensor:724 - Loaded cache for /localdev/gwang/tt_transformers/model_cache/llama33_70b/T3K/empty_kcache_paged_attention(2048, 1, 32, 128)_dtype_BFLOAT8_B_layout_TILE.tensorbin of shape Shape([2048, 1, 32, 128])
2026-09-03 00:20:04.764 | DEBUG    | core:as_tensor:724 - Loaded cache for /localdev/gwang/tt_transformers/model_cache/llama33_70b/T3K/empty_vcache_paged_attention(2048, 1, 32, 128)_dtype_BFLOAT8_B_layout_TILE.tensorbin of shape Shape([2048, 1, 32, 128])
2026-09-03 00:20:04.767 | DEBUG    | core:as_tensor:724 - Loaded cache for /localdev/gwang/tt_transformers/model_cache/llama33_70b/T3K/empty_kcache_paged_attention(2048, 1, 32, 128)_dtype_BFLOAT8_B_layout_TILE.tensorbin of shape Shape([2048, 1, 32, 128])
2026-09-03 00:20:04.770 | DEBUG    | core:as_tensor:724 - Loaded cache for /localdev/gwang/tt_transformers/model_cache/llama33_70b/T3K/empty_vcache_paged_attention(2048, 1, 32, 128)_dtype_BFLOAT8_B_layout_TILE.tensorbin of shape Shape([2048, 1, 32, 128])
2026-09-03 00:20:04.773 | DEBUG    | core:as_tensor:724 - Loaded cache for /localdev/gwang/tt_transformers/model_cache/llama33_70b/T3K/empty_kcache_paged_attention(2048, 1, 32, 128)_dtype_BFLOAT8_B_layout_TILE.tensorbin of shape Shape([2048, 1, 32, 128])
2026-09-03 00:20:04.775 | DEBUG    | core:as_tensor:724 - Loaded cache for /localdev/gwang/tt_transformers/model_cache/llama33_70b/T3K/empty_vcache_paged_attention(2048, 1, 32, 128)_dtype_BFLOAT8_B_layout_TILE.tensorbin of shape Shape([2048, 1, 32, 128])
2026-09-03 00:20:04.778 | DEBUG    | core:as_tensor:724 - Loaded cache for /localdev/gwang/tt_transformers/model_cache/llama33_70b/T3K/empty_kcache_paged_attention(2048, 1, 32, 128)_dtype_BFLOAT8_B_layout_TILE.tensorbin of shape Shape([2048, 1, 32, 128])
2026-09-03 00:20:04.781 | DEBUG    | core:as_tensor:724 - Loaded cache for /localdev/gwang/tt_transformers/model_cache/llama33_70b/T3K/empty_vcache_paged_attention(2048, 1, 32, 128)_dtype_BFLOAT8_B_layout_TILE.tensorbin of shape Shape([2048, 1, 32, 128])
2026-09-03 00:20:04.783 | DEBUG    | core:as_tensor:724 - Loaded cache for /localdev/gwang/tt_transformers/model_cache/llama33_70b/T3K/empty_kcache_paged_attention(2048, 1, 32, 128)_dtype_BFLOAT8_B_layout_TILE.tensorbin of shape Shape([2048, 1, 32, 128])
2026-09-03 00:20:04.786 | DEBUG    | core:as_tensor:724 - Loaded cache for /localdev/gwang/tt_transformers/model_cache/llama33_70b/T3K/empty_vcache_paged_attention(2048, 1, 32, 128)_dtype_BFLOAT8_B_layout_TILE.tensorbin of shape Shape([2048, 1, 32, 128])
2026-09-03 00:20:04.789 | DEBUG    | core:as_tensor:724 - Loaded cache for /localdev/gwang/tt_transformers/model_cache/llama33_70b/T3K/empty_kcache_paged_attention(2048, 1, 32, 128)_dtype_BFLOAT8_B_layout_TILE.tensorbin of shape Shape([2048, 1, 32, 128])
2026-09-03 00:20:04.792 | DEBUG    | core:as_tensor:724 - Loaded cache for /localdev/gwang/tt_transformers/model_cache/llama33_70b/T3K/empty_vcache_paged_attention(2048, 1, 32, 128)_dtype_BFLOAT8_B_layout_TILE.tensorbin of shape Shape([2048, 1, 32, 128])
2026-09-03 00:20:10.986 | DEBUG    | core:as_tensor:724 - Loaded cache for /localdev/gwang/tt_transformers/model_cache/llama33_70b/T3K/empty_kcache_paged_attention(2048, 1, 32, 128)_dtype_BFLOAT8_B_layout_TILE.tensorbin of shape Shape([2048, 1, 32, 128])
2026-09-03 00:20:10.989 | DEBUG    | core:as_tensor:724 - Loaded cache for /localdev/gwang/tt_transformers/model_cache/llama33_70b/T3K/empty_vcache_paged_attention(2048, 1, 32, 128)_dtype_BFLOAT8_B_layout_TILE.tensorbin of shape Shape([2048, 1, 32, 128])
2026-09-03 00:20:10.992 | DEBUG    | core:as_tensor:724 - Loaded cache for /localdev/gwang/tt_transformers/model_cache/llama33_70b/T3K/empty_kcache_paged_attention(2048, 1, 32, 128)_dtype_BFLOAT8_B_layout_TILE.tensorbin of shape Shape([2048, 1, 32, 128])
2026-09-03 00:20:10.994 | DEBUG    | core:as_tensor:724 - Loaded cache for /localdev/gwang/tt_transformers/model_cache/llama33_70b/T3K/empty_vcache_paged_attention(2048, 1, 32, 128)_dtype_BFLOAT8_B_layout_TILE.tensorbin of shape Shape([2048, 1, 32, 128])
2026-09-03 00:20:10.997 | DEBUG    | core:as_tensor:724 - Loaded cache for /localdev/gwang/tt_transformers/model_cache/llama33_70b/T3K/empty_kcache_paged_attention(2048, 1, 32, 128)_dtype_BFLOAT8_B_layout_TILE.tensorbin of shape Shape([2048, 1, 32, 128])
2026-09-03 00:20:11.000 | DEBUG    | core:as_tensor:724 - Loaded cache for /localdev/gwang/tt_transformers/model_cache/llama33_70b/T3K/empty_vcache_paged_attention(2048, 1, 32, 128)_dtype_BFLOAT8_B_layout_TILE.tensorbin of shape Shape([2048, 1, 32, 128])
2026-09-03 00:20:11.003 | DEBUG    | core:as_tensor:724 - Loaded cache for /localdev/gwang/tt_transformers/model_cache/llama33_70b/T3K/empty_kcache_paged_attention(2048, 1, 32, 128)_dtype_BFLOAT8_B_layout_TILE.tensorbin of shape Shape([2048, 1, 32, 128])
2026-09-03 00:20:11.006 | DEBUG    | core:as_tensor:724 - Loaded cache for /localdev/gwang/tt_transformers/model_cache/llama33_70b/T3K/empty_vcache_paged_attention(2048, 1, 32, 128)_dtype_BFLOAT8_B_layout_TILE.tensorbin of shape Shape([2048, 1, 32, 128])
2026-09-03 00:20:11.009 | DEBUG    | core:as_tensor:724 - Loaded cache for /localdev/gwang/tt_transformers/model_cache/llama33_70b/T3K/empty_kcache_paged_attention(2048, 1, 32, 128)_dtype_BFLOAT8_B_layout_TILE.tensorbin of shape Shape([2048, 1, 32, 128])
2026-09-03 00:20:11.012 | DEBUG    | core:as_tensor:724 - Loaded cache for /localdev/gwang/tt_transformers/model_cache/llama33_70b/T3K/empty_vcache_paged_attention(2048, 1, 32, 128)_dtype_BFLOAT8_B_layout_TILE.tensorbin of shape Shape([2048, 1, 32, 128])
2026-09-03 00:20:11.015 | DEBUG    | core:as_tensor:724 - Loaded cache for /localdev/gwang/tt_transformers/model_cache/llama33_70b/T3K/empty_kcache_paged_attention(2048, 1, 32, 128)_dtype_BFLOAT8_B_layout_TILE.tensorbin of shape Shape([2048, 1, 32, 128])
2026-09-03 00:20:11.018 | DEBUG    | core:as_tensor:724 - Loaded cache for /localdev/gwang/tt_transformers/model_cache/llama33_70b/T3K/empty_vcache_paged_attention(2048, 1, 32, 128)_dtype_BFLOAT8_B_layout_TILE.tensorbin of shape Shape([2048, 1, 32, 128])
2026-09-03 00:20:11.020 | DEBUG    | core:as_tensor:724 - Loaded cache for /localdev/gwang/tt_transformers/model_cache/llama33_70b/T3K/empty_kcache_paged_attention(2048, 1, 32, 128)_dtype_BFLOAT8_B_layout_TILE.tensorbin of shape Shape([2048, 1, 32, 128])
2026-09-03 00:20:11.023 | DEBUG    | core:as_tensor:724 - Loaded cache for /localdev/gwang/tt_transformers/model_cache/llama33_70b/T3K/empty_vcache_paged_attention(2048, 1, 32, 128)_dtype_BFLOAT8_B_layout_TILE.tensorbin of shape Shape([2048, 1, 32, 128])
2026-09-03 00:20:11.026 | DEBUG    | core:as_tensor:724 - Loaded cache for /localdev/gwang/tt_transformers/model_cache/llama33_70b/T3K/empty_kcache_paged_attention(2048, 1, 32, 128)_dtype_BFLOAT8_B_layout_TILE.tensorbin of shape Shape([2048, 1, 32, 128])
2026-09-03 00:20:11.029 | DEBUG    | core:as_tensor:724 - Loaded cache for /localdev/gwang/tt_transformers/model_cache/llama33_70b/T3K/empty_vcache_paged_attention(2048, 1, 32, 128)_dtype_BFLOAT8_B_layout_TILE.tensorbin of shape Shape([2048, 1, 32, 128])
2026-09-03 00:20:11.032 | DEBUG    | core:as_tensor:724 - Loaded cache for /localdev/gwang/tt_transformers/model_cache/llama33_70b/T3K/empty_kcache_paged_attention(2048, 1, 32, 128)_dtype_BFLOAT8_B_layout_TILE.tensorbin of shape Shape([2048, 1, 32, 128])
2026-09-03 00:20:11.035 | DEBUG    | core:as_tensor:724 - Loaded cache for /localdev/gwang/tt_transformers/model_cache/llama33_70b/T3K/empty_vcache_paged_attention(2048, 1, 32, 128)_dtype_BFLOAT8_B_layout_TILE.tensorbin of shape Shape([2048, 1, 32, 128])
2026-09-03 00:20:11.038 | DEBUG    | core:as_tensor:724 - Loaded cache for /localdev/gwang/tt_transformers/model_cache/llama33_70b/T3K/empty_kcache_paged_attention(2048, 1, 32, 128)_dtype_BFLOAT8_B_layout_TILE.tensorbin of shape Shape([2048, 1, 32, 128])
2026-09-03 00:20:11.040 | DEBUG    | core:as_tensor:724 - Loaded cache for /localdev/gwang/tt_transformers/model_cache/llama33_70b/T3K/empty_vcache_paged_attention(2048, 1, 32, 128)_dtype_BFLOAT8_B_layout_TILE.tensorbin of shape Shape([2048, 1, 32, 128])
2026-09-03 00:20:11.043 | DEBUG    | core:as_tensor:724 - Loaded cache for /localdev/gwang/tt_transformers/model_cache/llama33_70b/T3K/empty_kcache_paged_attention(2048, 1, 32, 128)_dtype_BFLOAT8_B_layout_TILE.tensorbin of shape Shape([2048, 1, 32, 128])
2026-09-03 00:20:11.046 | DEBUG    | core:as_tensor:724 - Loaded cache for /localdev/gwang/tt_transformers/model_cache/llama33_70b/T3K/empty_vcache_paged_attention(2048, 1, 32, 128)_dtype_BFLOAT8_B_layout_TILE.tensorbin of shape Shape([2048, 1, 32, 128])
2026-09-03 00:20:11.049 | DEBUG    | core:as_tensor:724 - Loaded cache for /localdev/gwang/tt_transformers/model_cache/llama33_70b/T3K/empty_kcache_paged_attention(2048, 1, 32, 128)_dtype_BFLOAT8_B_layout_TILE.tensorbin of shape Shape([2048, 1, 32, 128])
2026-09-03 00:20:11.052 | DEBUG    | core:as_tensor:724 - Loaded cache for /localdev/gwang/tt_transformers/model_cache/llama33_70b/T3K/empty_vcache_paged_attention(2048, 1, 32, 128)_dtype_BFLOAT8_B_layout_TILE.tensorbin of shape Shape([2048, 1, 32, 128])
2026-09-03 00:20:11.055 | DEBUG    | core:as_tensor:724 - Loaded cache for /localdev/gwang/tt_transformers/model_cache/llama33_70b/T3K/empty_kcache_paged_attention(2048, 1, 32, 128)_dtype_BFLOAT8_B_layout_TILE.tensorbin of shape Shape([2048, 1, 32, 128])
2026-09-03 00:20:11.057 | DEBUG    | core:as_tensor:724 - Loaded cache for /localdev/gwang/tt_transformers/model_cache/llama33_70b/T3K/empty_vcache_paged_attention(2048, 1, 32, 128)_dtype_BFLOAT8_B_layout_TILE.tensorbin of shape Shape([2048, 1, 32, 128])
2026-09-03 00:20:11.060 | DEBUG    | core:as_tensor:724 - Loaded cache for /localdev/gwang/tt_transformers/model_cache/llama33_70b/T3K/empty_kcache_paged_attention(2048, 1, 32, 128)_dtype_BFLOAT8_B_layout_TILE.tensorbin of shape Shape([2048, 1, 32, 128])
2026-09-03 00:20:11.063 | DEBUG    | core:as_tensor:724 - Loaded cache for /localdev/gwang/tt_transformers/model_cache/llama33_70b/T3K/empty_vcache_paged_attention(2048, 1, 32, 128)_dtype_BFLOAT8_B_layout_TILE.tensorbin of shape Shape([2048, 1, 32, 128])
2026-09-03 00:20:11.066 | DEBUG    | core:as_tensor:724 - Loaded cache for /localdev/gwang/tt_transformers/model_cache/llama33_70b/T3K/empty_kcache_paged_attention(2048, 1, 32, 128)_dtype_BFLOAT8_B_layout_TILE.tensorbin of shape Shape([2048, 1, 32, 128])
2026-09-03 00:20:11.069 | DEBUG    | core:as_tensor:724 - Loaded cache for /localdev/gwang/tt_transformers/model_cache/llama33_70b/T3K/empty_vcache_paged_attention(2048, 1, 32, 128)_dtype_BFLOAT8_B_layout_TILE.tensorbin of shape Shape([2048, 1, 32, 128])
2026-09-03 00:20:11.072 | DEBUG    | core:as_tensor:724 - Loaded cache for /localdev/gwang/tt_transformers/model_cache/llama33_70b/T3K/empty_kcache_paged_attention(2048, 1, 32, 128)_dtype_BFLOAT8_B_layout_TILE.tensorbin of shape Shape([2048, 1, 32, 128])
2026-09-03 00:20:11.075 | DEBUG    | core:as_tensor:724 - Loaded cache for /localdev/gwang/tt_transformers/model_cache/llama33_70b/T3K/empty_vcache_paged_attention(2048, 1, 32, 128)_dtype_BFLOAT8_B_layout_TILE.tensorbin of shape Shape([2048, 1, 32, 128])
2026-09-03 00:20:11.078 | DEBUG    | core:as_tensor:724 - Loaded cache for /localdev/gwang/tt_transformers/model_cache/llama33_70b/T3K/empty_kcache_paged_attention(2048, 1, 32, 128)_dtype_BFLOAT8_B_layout_TILE.tensorbin of shape Shape([2048, 1, 32, 128])
2026-09-03 00:20:11.080 | DEBUG    | core:as_tensor:724 - Loaded cache for /localdev/gwang/tt_transformers/model_cache/llama33_70b/T3K/empty_vcache_paged_attention(2048, 1, 32, 128)_dtype_BFLOAT8_B_layout_TILE.tensorbin of shape Shape([2048, 1, 32, 128])
2026-09-03 00:20:11.083 | DEBUG    | core:as_tensor:724 - Loaded cache for /localdev/gwang/tt_transformers/model_cache/llama33_70b/T3K/empty_kcache_paged_attention(2048, 1, 32, 128)_dtype_BFLOAT8_B_layout_TILE.tensorbin of shape Shape([2048, 1, 32, 128])
2026-09-03 00:20:11.086 | DEBUG    | core:as_tensor:724 - Loaded cache for /localdev/gwang/tt_transformers/model_cache/llama33_70b/T3K/empty_vcache_paged_attention(2048, 1, 32, 128)_dtype_BFLOAT8_B_layout_TILE.tensorbin of shape Shape([2048, 1, 32, 128])
2026-09-03 00:20:11.089 | DEBUG    | core:as_tensor:724 - Loaded cache for /localdev/gwang/tt_transformers/model_cache/llama33_70b/T3K/empty_kcache_paged_attention(2048, 1, 32, 128)_dtype_BFLOAT8_B_layout_TILE.tensorbin of shape Shape([2048, 1, 32, 128])
2026-09-03 00:20:11.092 | DEBUG    | core:as_tensor:724 - Loaded cache for /localdev/gwang/tt_transformers/model_cache/llama33_70b/T3K/empty_vcache_paged_attention(2048, 1, 32, 128)_dtype_BFLOAT8_B_layout_TILE.tensorbin of shape Shape([2048, 1, 32, 128])
2026-09-03 00:20:11.095 | DEBUG    | core:as_tensor:724 - Loaded cache for /localdev/gwang/tt_transformers/model_cache/llama33_70b/T3K/empty_kcache_paged_attention(2048, 1, 32, 128)_dtype_BFLOAT8_B_layout_TILE.tensorbin of shape Shape([2048, 1, 32, 128])
2026-09-03 00:20:11.098 | DEBUG    | core:as_tensor:724 - Loaded cache for /localdev/gwang/tt_transformers/model_cache/llama33_70b/T3K/empty_vcache_paged_attention(2048, 1, 32, 128)_dtype_BFLOAT8_B_layout_TILE.tensorbin of shape Shape([2048, 1, 32, 128])
2026-09-03 00:20:11.101 | DEBUG    | core:as_tensor:724 - Loaded cache for /localdev/gwang/tt_transformers/model_cache/llama33_70b/T3K/empty_kcache_paged_attention(2048, 1, 32, 128)_dtype_BFLOAT8_B_layout_TILE.tensorbin of shape Shape([2048, 1, 32, 128])
2026-09-03 00:20:11.103 | DEBUG    | core:as_tensor:724 - Loaded cache for /localdev/gwang/tt_transformers/model_cache/llama33_70b/T3K/empty_vcache_paged_attention(2048, 1, 32, 128)_dtype_BFLOAT8_B_layout_TILE.tensorbin of shape Shape([2048, 1, 32, 128])
2026-09-03 00:20:11.106 | DEBUG    | core:as_tensor:724 - Loaded cache for /localdev/gwang/tt_transformers/model_cache/llama33_70b/T3K/empty_kcache_paged_attention(2048, 1, 32, 128)_dtype_BFLOAT8_B_layout_TILE.tensorbin of shape Shape([2048, 1, 32, 128])
2026-09-03 00:20:11.109 | DEBUG    | core:as_tensor:724 - Loaded cache for /localdev/gwang/tt_transformers/model_cache/llama33_70b/T3K/empty_vcache_paged_attention(2048, 1, 32, 128)_dtype_BFLOAT8_B_layout_TILE.tensorbin of shape Shape([2048, 1, 32, 128])
2026-09-03 00:20:11.112 | DEBUG    | core:as_tensor:724 - Loaded cache for /localdev/gwang/tt_transformers/model_cache/llama33_70b/T3K/empty_kcache_paged_attention(2048, 1, 32, 128)_dtype_BFLOAT8_B_layout_TILE.tensorbin of shape Shape([2048, 1, 32, 128])
2026-09-03 00:20:11.115 | DEBUG    | core:as_tensor:724 - Loaded cache for /localdev/gwang/tt_transformers/model_cache/llama33_70b/T3K/empty_vcache_paged_attention(2048, 1, 32, 128)_dtype_BFLOAT8_B_layout_TILE.tensorbin of shape Shape([2048, 1, 32, 128])
2026-09-03 00:20:11.118 | DEBUG    | core:as_tensor:724 - Loaded cache for /localdev/gwang/tt_transformers/model_cache/llama33_70b/T3K/empty_kcache_paged_attention(2048, 1, 32, 128)_dtype_BFLOAT8_B_layout_TILE.tensorbin of shape Shape([2048, 1, 32, 128])
2026-09-03 00:20:11.120 | DEBUG    | core:as_tensor:724 - Loaded cache for /localdev/gwang/tt_transformers/model_cache/llama33_70b/T3K/empty_vcache_paged_attention(2048, 1, 32, 128)_dtype_BFLOAT8_B_layout_TILE.tensorbin of shape Shape([2048, 1, 32, 128])
2026-09-03 00:20:11.123 | DEBUG    | core:as_tensor:724 - Loaded cache for /localdev/gwang/tt_transformers/model_cache/llama33_70b/T3K/empty_kcache_paged_attention(2048, 1, 32, 128)_dtype_BFLOAT8_B_layout_TILE.tensorbin of shape Shape([2048, 1, 32, 128])
2026-09-03 00:20:11.126 | DEBUG    | core:as_tensor:724 - Loaded cache for /localdev/gwang/tt_transformers/model_cache/llama33_70b/T3K/empty_vcache_paged_attention(2048, 1, 32, 128)_dtype_BFLOAT8_B_layout_TILE.tensorbin of shape Shape([2048, 1, 32, 128])
2026-09-03 00:20:11.129 | DEBUG    | core:as_tensor:724 - Loaded cache for /localdev/gwang/tt_transformers/model_cache/llama33_70b/T3K/empty_kcache_paged_attention(2048, 1, 32, 128)_dtype_BFLOAT8_B_layout_TILE.tensorbin of shape Shape([2048, 1, 32, 128])
2026-09-03 00:20:11.132 | DEBUG    | core:as_tensor:724 - Loaded cache for /localdev/gwang/tt_transformers/model_cache/llama33_70b/T3K/empty_vcache_paged_attention(2048, 1, 32, 128)_dtype_BFLOAT8_B_layout_TILE.tensorbin of shape Shape([2048, 1, 32, 128])
2026-09-03 00:20:11.135 | DEBUG    | core:as_tensor:724 - Loaded cache for /localdev/gwang/tt_transformers/model_cache/llama33_70b/T3K/empty_kcache_paged_attention(2048, 1, 32, 128)_dtype_BFLOAT8_B_layout_TILE.tensorbin of shape Shape([2048, 1, 32, 128])
2026-09-03 00:20:11.138 | DEBUG    | core:as_tensor:724 - Loaded cache for /localdev/gwang/tt_transformers/model_cache/llama33_70b/T3K/empty_vcache_paged_attention(2048, 1, 32, 128)_dtype_BFLOAT8_B_layout_TILE.tensorbin of shape Shape([2048, 1, 32, 128])
2026-09-03 00:20:11.141 | DEBUG    | core:as_tensor:724 - Loaded cache for /localdev/gwang/tt_transformers/model_cache/llama33_70b/T3K/empty_kcache_paged_attention(2048, 1, 32, 128)_dtype_BFLOAT8_B_layout_TILE.tensorbin of shape Shape([2048, 1, 32, 128])
2026-09-03 00:20:11.143 | DEBUG    | core:as_tensor:724 - Loaded cache for /localdev/gwang/tt_transformers/model_cache/llama33_70b/T3K/empty_vcache_paged_attention(2048, 1, 32, 128)_dtype_BFLOAT8_B_layout_TILE.tensorbin of shape Shape([2048, 1, 32, 128])
2026-09-03 00:20:11.146 | DEBUG    | core:as_tensor:724 - Loaded cache for /localdev/gwang/tt_transformers/model_cache/llama33_70b/T3K/empty_kcache_paged_attention(2048, 1, 32, 128)_dtype_BFLOAT8_B_layout_TILE.tensorbin of shape Shape([2048, 1, 32, 128])
2026-09-03 00:20:11.149 | DEBUG    | core:as_tensor:724 - Loaded cache for /localdev/gwang/tt_transformers/model_cache/llama33_70b/T3K/empty_vcache_paged_attention(2048, 1, 32, 128)_dtype_BFLOAT8_B_layout_TILE.tensorbin of shape Shape([2048, 1, 32, 128])
2026-09-03 00:20:11.152 | DEBUG    | core:as_tensor:724 - Loaded cache for /localdev/gwang/tt_transformers/model_cache/llama33_70b/T3K/empty_kcache_paged_attention(2048, 1, 32, 128)_dtype_BFLOAT8_B_layout_TILE.tensorbin of shape Shape([2048, 1, 32, 128])
2026-09-03 00:20:11.155 | DEBUG    | core:as_tensor:724 - Loaded cache for /localdev/gwang/tt_transformers/model_cache/llama33_70b/T3K/empty_vcache_paged_attention(2048, 1, 32, 128)_dtype_BFLOAT8_B_layout_TILE.tensorbin of shape Shape([2048, 1, 32, 128])
2026-09-03 00:20:11.158 | DEBUG    | core:as_tensor:724 - Loaded cache for /localdev/gwang/tt_transformers/model_cache/llama33_70b/T3K/empty_kcache_paged_attention(2048, 1, 32, 128)_dtype_BFLOAT8_B_layout_TILE.tensorbin of shape Shape([2048, 1, 32, 128])
2026-09-03 00:20:11.161 | DEBUG    | core:as_tensor:724 - Loaded cache for /localdev/gwang/tt_transformers/model_cache/llama33_70b/T3K/empty_vcache_paged_attention(2048, 1, 32, 128)_dtype_BFLOAT8_B_layout_TILE.tensorbin of shape Shape([2048, 1, 32, 128])
2026-09-03 00:20:11.164 | DEBUG    | core:as_tensor:724 - Loaded cache for /localdev/gwang/tt_transformers/model_cache/llama33_70b/T3K/empty_kcache_paged_attention(2048, 1, 32, 128)_dtype_BFLOAT8_B_layout_TILE.tensorbin of shape Shape([2048, 1, 32, 128])
2026-09-03 00:20:11.166 | DEBUG    | core:as_tensor:724 - Loaded cache for /localdev/gwang/tt_transformers/model_cache/llama33_70b/T3K/empty_vcache_paged_attention(2048, 1, 32, 128)_dtype_BFLOAT8_B_layout_TILE.tensorbin of shape Shape([2048, 1, 32, 128])
2026-09-03 00:20:11.169 | DEBUG    | core:as_tensor:724 - Loaded cache for /localdev/gwang/tt_transformers/model_cache/llama33_70b/T3K/empty_kcache_paged_attention(2048, 1, 32, 128)_dtype_BFLOAT8_B_layout_TILE.tensorbin of shape Shape([2048, 1, 32, 128])
2026-09-03 00:20:11.172 | DEBUG    | core:as_tensor:724 - Loaded cache for /localdev/gwang/tt_transformers/model_cache/llama33_70b/T3K/empty_vcache_paged_attention(2048, 1, 32, 128)_dtype_BFLOAT8_B_layout_TILE.tensorbin of shape Shape([2048, 1, 32, 128])
2026-09-03 00:20:11.175 | DEBUG    | core:as_tensor:724 - Loaded cache for /localdev/gwang/tt_transformers/model_cache/llama33_70b/T3K/empty_kcache_paged_attention(2048, 1, 32, 128)_dtype_BFLOAT8_B_layout_TILE.tensorbin of shape Shape([2048, 1, 32, 128])
2026-09-03 00:20:11.178 | DEBUG    | core:as_tensor:724 - Loaded cache for /localdev/gwang/tt_transformers/model_cache/llama33_70b/T3K/empty_vcache_paged_attention(2048, 1, 32, 128)_dtype_BFLOAT8_B_layout_TILE.tensorbin of shape Shape([2048, 1, 32, 128])
2026-09-03 00:20:11.181 | DEBUG    | core:as_tensor:724 - Loaded cache for /localdev/gwang/tt_transformers/model_cache/llama33_70b/T3K/empty_kcache_paged_attention(2048, 1, 32, 128)_dtype_BFLOAT8_B_layout_TILE.tensorbin of shape Shape([2048, 1, 32, 128])
2026-09-03 00:20:11.183 | DEBUG    | core:as_tensor:724 - Loaded cache for /localdev/gwang/tt_transformers/model_cache/llama33_70b/T3K/empty_vcache_paged_attention(2048, 1, 32, 128)_dtype_BFLOAT8_B_layout_TILE.tensorbin of shape Shape([2048, 1, 32, 128])
2026-09-03 00:20:11.186 | DEBUG    | core:as_tensor:724 - Loaded cache for /localdev/gwang/tt_transformers/model_cache/llama33_70b/T3K/empty_kcache_paged_attention(2048, 1, 32, 128)_dtype_BFLOAT8_B_layout_TILE.tensorbin of shape Shape([2048, 1, 32, 128])
2026-09-03 00:20:11.189 | DEBUG    | core:as_tensor:724 - Loaded cache for /localdev/gwang/tt_transformers/model_cache/llama33_70b/T3K/empty_vcache_paged_attention(2048, 1, 32, 128)_dtype_BFLOAT8_B_layout_TILE.tensorbin of shape Shape([2048, 1, 32, 128])
2026-09-03 00:20:11.192 | DEBUG    | core:as_tensor:724 - Loaded cache for /localdev/gwang/tt_transformers/model_cache/llama33_70b/T3K/empty_kcache_paged_attention(2048, 1, 32, 128)_dtype_BFLOAT8_B_layout_TILE.tensorbin of shape Shape([2048, 1, 32, 128])
2026-09-03 00:20:11.195 | DEBUG    | core:as_tensor:724 - Loaded cache for /localdev/gwang/tt_transformers/model_cache/llama33_70b/T3K/empty_vcache_paged_attention(2048, 1, 32, 128)_dtype_BFLOAT8_B_layout_TILE.tensorbin of shape Shape([2048, 1, 32, 128])
2026-09-03 00:20:11.198 | DEBUG    | core:as_tensor:724 - Loaded cache for /localdev/gwang/tt_transformers/model_cache/llama33_70b/T3K/empty_kcache_paged_attention(2048, 1, 32, 128)_dtype_BFLOAT8_B_layout_TILE.tensorbin of shape Shape([2048, 1, 32, 128])
2026-09-03 00:20:11.201 | DEBUG    | core:as_tensor:724 - Loaded cache for /localdev/gwang/tt_transformers/model_cache/llama33_70b/T3K/empty_vcache_paged_attention(2048, 1, 32, 128)_dtype_BFLOAT8_B_layout_TILE.tensorbin of shape Shape([2048, 1, 32, 128])
2026-09-03 00:20:11.204 | DEBUG    | core:as_tensor:724 - Loaded cache for /localdev/gwang/tt_transformers/model_cache/llama33_70b/T3K/empty_kcache_paged_attention(2048, 1, 32, 128)_dtype_BFLOAT8_B_layout_TILE.tensorbin of shape Shape([2048, 1, 32, 128])
2026-09-03 00:20:11.206 | DEBUG    | core:as_tensor:724 - Loaded cache for /localdev/gwang/tt_transformers/model_cache/llama33_70b/T3K/empty_vcache_paged_attention(2048, 1, 32, 128)_dtype_BFLOAT8_B_layout_TILE.tensorbin of shape Shape([2048, 1, 32, 128])
2026-09-03 00:20:11.209 | DEBUG    | core:as_tensor:724 - Loaded cache for /localdev/gwang/tt_transformers/model_cache/llama33_70b/T3K/empty_kcache_paged_attention(2048, 1, 32, 128)_dtype_BFLOAT8_B_layout_TILE.tensorbin of shape Shape([2048, 1, 32, 128])
2026-09-03 00:20:11.212 | DEBUG    | core:as_tensor:724 - Loaded cache for /localdev/gwang/tt_transformers/model_cache/llama33_70b/T3K/empty_vcache_paged_attention(2048, 1, 32, 128)_dtype_BFLOAT8_B_layout_TILE.tensorbin of shape Shape([2048, 1, 32, 128])
2026-09-03 00:20:11.215 | DEBUG    | core:as_tensor:724 - Loaded cache for /localdev/gwang/tt_transformers/model_cache/llama33_70b/T3K/empty_kcache_paged_attention(2048, 1, 32, 128)_dtype_BFLOAT8_B_layout_TILE.tensorbin of shape Shape([2048, 1, 32, 128])
2026-09-03 00:20:11.219 | DEBUG    | core:as_tensor:724 - Loaded cache for /localdev/gwang/tt_transformers/model_cache/llama33_70b/T3K/empty_vcache_paged_attention(2048, 1, 32, 128)_dtype_BFLOAT8_B_layout_TILE.tensorbin of shape Shape([2048, 1, 32, 128])
2026-09-03 00:20:11.222 | DEBUG    | core:as_tensor:724 - Loaded cache for /localdev/gwang/tt_transformers/model_cache/llama33_70b/T3K/empty_kcache_paged_attention(2048, 1, 32, 128)_dtype_BFLOAT8_B_layout_TILE.tensorbin of shape Shape([2048, 1, 32, 128])
2026-09-03 00:20:11.224 | DEBUG    | core:as_tensor:724 - Loaded cache for /localdev/gwang/tt_transformers/model_cache/llama33_70b/T3K/empty_vcache_paged_attention(2048, 1, 32, 128)_dtype_BFLOAT8_B_layout_TILE.tensorbin of shape Shape([2048, 1, 32, 128])
2026-09-03 00:20:11.227 | DEBUG    | core:as_tensor:724 - Loaded cache for /localdev/gwang/tt_transformers/model_cache/llama33_70b/T3K/empty_kcache_paged_attention(2048, 1, 32, 128)_dtype_BFLOAT8_B_layout_TILE.tensorbin of shape Shape([2048, 1, 32, 128])
2026-09-03 00:20:11.230 | DEBUG    | core:as_tensor:724 - Loaded cache for /localdev/gwang/tt_transformers/model_cache/llama33_70b/T3K/empty_vcache_paged_attention(2048, 1, 32, 128)_dtype_BFLOAT8_B_layout_TILE.tensorbin of shape Shape([2048, 1, 32, 128])
2026-09-03 00:20:11.233 | DEBUG    | core:as_tensor:724 - Loaded cache for /localdev/gwang/tt_transformers/model_cache/llama33_70b/T3K/empty_kcache_paged_attention(2048, 1, 32, 128)_dtype_BFLOAT8_B_layout_TILE.tensorbin of shape Shape([2048, 1, 32, 128])
2026-09-03 00:20:11.236 | DEBUG    | core:as_tensor:724 - Loaded cache for /localdev/gwang/tt_transformers/model_cache/llama33_70b/T3K/empty_vcache_paged_attention(2048, 1, 32, 128)_dtype_BFLOAT8_B_layout_TILE.tensorbin of shape Shape([2048, 1, 32, 128])
2026-09-03 00:20:11.239 | DEBUG    | core:as_tensor:724 - Loaded cache for /localdev/gwang/tt_transformers/model_cache/llama33_70b/T3K/empty_kcache_paged_attention(2048, 1, 32, 128)_dtype_BFLOAT8_B_layout_TILE.tensorbin of shape Shape([2048, 1, 32, 128])
2026-09-03 00:20:11.242 | DEBUG    | core:as_tensor:724 - Loaded cache for /localdev/gwang/tt_transformers/model_cache/llama33_70b/T3K/empty_vcache_paged_attention(2048, 1, 32, 128)_dtype_BFLOAT8_B_layout_TILE.tensorbin of shape Shape([2048, 1, 32, 128])
2026-09-03 00:20:11.245 | DEBUG    | core:as_tensor:724 - Loaded cache for /localdev/gwang/tt_transformers/model_cache/llama33_70b/T3K/empty_kcache_paged_attention(2048, 1, 32, 128)_dtype_BFLOAT8_B_layout_TILE.tensorbin of shape Shape([2048, 1, 32, 128])
2026-09-03 00:20:11.248 | DEBUG    | core:as_tensor:724 - Loaded cache for /localdev/gwang/tt_transformers/model_cache/llama33_70b/T3K/empty_vcache_paged_attention(2048, 1, 32, 128)_dtype_BFLOAT8_B_layout_TILE.tensorbin of shape Shape([2048, 1, 32, 128])
2026-09-03 00:20:11.251 | DEBUG    | core:as_tensor:724 - Loaded cache for /localdev/gwang/tt_transformers/model_cache/llama33_70b/T3K/empty_kcache_paged_attention(2048, 1, 32, 128)_dtype_BFLOAT8_B_layout_TILE.tensorbin of shape Shape([2048, 1, 32, 128])
2026-09-03 00:20:11.254 | DEBUG    | core:as_tensor:724 - Loaded cache for /localdev/gwang/tt_transformers/model_cache/llama33_70b/T3K/empty_vcache_paged_attention(2048, 1, 32, 128)_dtype_BFLOAT8_B_layout_TILE.tensorbin of shape Shape([2048, 1, 32, 128])
2026-09-03 00:20:11.257 | DEBUG    | core:as_tensor:724 - Loaded cache for /localdev/gwang/tt_transformers/model_cache/llama33_70b/T3K/empty_kcache_paged_attention(2048, 1, 32, 128)_dtype_BFLOAT8_B_layout_TILE.tensorbin of shape Shape([2048, 1, 32, 128])
2026-09-03 00:20:11.260 | DEBUG    | core:as_tensor:724 - Loaded cache for /localdev/gwang/tt_transformers/model_cache/llama33_70b/T3K/empty_vcache_paged_attention(2048, 1, 32, 128)_dtype_BFLOAT8_B_layout_TILE.tensorbin of shape Shape([2048, 1, 32, 128])
2026-09-03 00:20:11.263 | DEBUG    | core:as_tensor:724 - Loaded cache for /localdev/gwang/tt_transformers/model_cache/llama33_70b/T3K/empty_kcache_paged_attention(2048, 1, 32, 128)_dtype_BFLOAT8_B_layout_TILE.tensorbin of shape Shape([2048, 1, 32, 128])
2026-09-03 00:20:11.266 | DEBUG    | core:as_tensor:724 - Loaded cache for /localdev/gwang/tt_transformers/model_cache/llama33_70b/T3K/empty_vcache_paged_attention(2048, 1, 32, 128)_dtype_BFLOAT8_B_layout_TILE.tensorbin of shape Shape([2048, 1, 32, 128])
2026-09-03 00:20:11.269 | DEBUG    | core:as_tensor:724 - Loaded cache for /localdev/gwang/tt_transformers/model_cache/llama33_70b/T3K/empty_kcache_paged_attention(2048, 1, 32, 128)_dtype_BFLOAT8_B_layout_TILE.tensorbin of shape Shape([2048, 1, 32, 128])
2026-09-03 00:20:11.272 | DEBUG    | core:as_tensor:724 - Loaded cache for /localdev/gwang/tt_transformers/model_cache/llama33_70b/T3K/empty_vcache_paged_attention(2048, 1, 32, 128)_dtype_BFLOAT8_B_layout_TILE.tensorbin of shape Shape([2048, 1, 32, 128])
2026-09-03 00:20:11.275 | DEBUG    | core:as_tensor:724 - Loaded cache for /localdev/gwang/tt_transformers/model_cache/llama33_70b/T3K/empty_kcache_paged_attention(2048, 1, 32, 128)_dtype_BFLOAT8_B_layout_TILE.tensorbin of shape Shape([2048, 1, 32, 128])
2026-09-03 00:20:11.277 | DEBUG    | core:as_tensor:724 - Loaded cache for /localdev/gwang/tt_transformers/model_cache/llama33_70b/T3K/empty_vcache_paged_attention(2048, 1, 32, 128)_dtype_BFLOAT8_B_layout_TILE.tensorbin of shape Shape([2048, 1, 32, 128])
2026-09-03 00:20:11.280 | DEBUG    | core:as_tensor:724 - Loaded cache for /localdev/gwang/tt_transformers/model_cache/llama33_70b/T3K/empty_kcache_paged_attention(2048, 1, 32, 128)_dtype_BFLOAT8_B_layout_TILE.tensorbin of shape Shape([2048, 1, 32, 128])
2026-09-03 00:20:11.283 | DEBUG    | core:as_tensor:724 - Loaded cache for /localdev/gwang/tt_transformers/model_cache/llama33_70b/T3K/empty_vcache_paged_attention(2048, 1, 32, 128)_dtype_BFLOAT8_B_layout_TILE.tensorbin of shape Shape([2048, 1, 32, 128])
2026-09-03 00:20:11.286 | DEBUG    | core:as_tensor:724 - Loaded cache for /localdev/gwang/tt_transformers/model_cache/llama33_70b/T3K/empty_kcache_paged_attention(2048, 1, 32, 128)_dtype_BFLOAT8_B_layout_TILE.tensorbin of shape Shape([2048, 1, 32, 128])
2026-09-03 00:20:11.289 | DEBUG    | core:as_tensor:724 - Loaded cache for /localdev/gwang/tt_transformers/model_cache/llama33_70b/T3K/empty_vcache_paged_attention(2048, 1, 32, 128)_dtype_BFLOAT8_B_layout_TILE.tensorbin of shape Shape([2048, 1, 32, 128])
2026-09-03 00:20:11.291 | DEBUG    | core:as_tensor:724 - Loaded cache for /localdev/gwang/tt_transformers/model_cache/llama33_70b/T3K/empty_kcache_paged_attention(2048, 1, 32, 128)_dtype_BFLOAT8_B_layout_TILE.tensorbin of shape Shape([2048, 1, 32, 128])
2026-09-03 00:20:11.294 | DEBUG    | core:as_tensor:724 - Loaded cache for /localdev/gwang/tt_transformers/model_cache/llama33_70b/T3K/empty_vcache_paged_attention(2048, 1, 32, 128)_dtype_BFLOAT8_B_layout_TILE.tensorbin of shape Shape([2048, 1, 32, 128])
2026-09-03 00:20:11.297 | DEBUG    | core:as_tensor:724 - Loaded cache for /localdev/gwang/tt_transformers/model_cache/llama33_70b/T3K/empty_kcache_paged_attention(2048, 1, 32, 128)_dtype_BFLOAT8_B_layout_TILE.tensorbin of shape Shape([2048, 1, 32, 128])
2026-09-03 00:20:11.300 | DEBUG    | core:as_tensor:724 - Loaded cache for /localdev/gwang/tt_transformers/model_cache/llama33_70b/T3K/empty_vcache_paged_attention(2048, 1, 32, 128)_dtype_BFLOAT8_B_layout_TILE.tensorbin of shape Shape([2048, 1, 32, 128])
2026-09-03 00:20:11.303 | DEBUG    | core:as_tensor:724 - Loaded cache for /localdev/gwang/tt_transformers/model_cache/llama33_70b/T3K/empty_kcache_paged_attention(2048, 1, 32, 128)_dtype_BFLOAT8_B_layout_TILE.tensorbin of shape Shape([2048, 1, 32, 128])
2026-09-03 00:20:11.306 | DEBUG    | core:as_tensor:724 - Loaded cache for /localdev/gwang/tt_transformers/model_cache/llama33_70b/T3K/empty_vcache_paged_attention(2048, 1, 32, 128)_dtype_BFLOAT8_B_layout_TILE.tensorbin of shape Shape([2048, 1, 32, 128])
2026-09-03 00:20:11.309 | DEBUG    | core:as_tensor:724 - Loaded cache for /localdev/gwang/tt_transformers/model_cache/llama33_70b/T3K/empty_kcache_paged_attention(2048, 1, 32, 128)_dtype_BFLOAT8_B_layout_TILE.tensorbin of shape Shape([2048, 1, 32, 128])
2026-09-03 00:20:11.311 | DEBUG    | core:as_tensor:724 - Loaded cache for /localdev/gwang/tt_transformers/model_cache/llama33_70b/T3K/empty_vcache_paged_attention(2048, 1, 32, 128)_dtype_BFLOAT8_B_layout_TILE.tensorbin of shape Shape([2048, 1, 32, 128])
2026-09-03 00:20:11.314 | DEBUG    | core:as_tensor:724 - Loaded cache for /localdev/gwang/tt_transformers/model_cache/llama33_70b/T3K/empty_kcache_paged_attention(2048, 1, 32, 128)_dtype_BFLOAT8_B_layout_TILE.tensorbin of shape Shape([2048, 1, 32, 128])
2026-09-03 00:20:11.317 | DEBUG    | core:as_tensor:724 - Loaded cache for /localdev/gwang/tt_transformers/model_cache/llama33_70b/T3K/empty_vcache_paged_attention(2048, 1, 32, 128)_dtype_BFLOAT8_B_layout_TILE.tensorbin of shape Shape([2048, 1, 32, 128])
2026-09-03 00:20:11.320 | DEBUG    | core:as_tensor:724 - Loaded cache for /localdev/gwang/tt_transformers/model_cache/llama33_70b/T3K/empty_kcache_paged_attention(2048, 1, 32, 128)_dtype_BFLOAT8_B_layout_TILE.tensorbin of shape Shape([2048, 1, 32, 128])
2026-09-03 00:20:11.323 | DEBUG    | core:as_tensor:724 - Loaded cache for /localdev/gwang/tt_transformers/model_cache/llama33_70b/T3K/empty_vcache_paged_attention(2048, 1, 32, 128)_dtype_BFLOAT8_B_layout_TILE.tensorbin of shape Shape([2048, 1, 32, 128])
2026-09-03 00:20:11.326 | DEBUG    | core:as_tensor:724 - Loaded cache for /localdev/gwang/tt_transformers/model_cache/llama33_70b/T3K/empty_kcache_paged_attention(2048, 1, 32, 128)_dtype_BFLOAT8_B_layout_TILE.tensorbin of shape Shape([2048, 1, 32, 128])
2026-09-03 00:20:11.329 | DEBUG    | core:as_tensor:724 - Loaded cache for /localdev/gwang/tt_transformers/model_cache/llama33_70b/T3K/empty_vcache_paged_attention(2048, 1, 32, 128)_dtype_BFLOAT8_B_layout_TILE.tensorbin of shape Shape([2048, 1, 32, 128])
2026-09-03 00:20:11.332 | DEBUG    | core:as_tensor:724 - Loaded cache for /localdev/gwang/tt_transformers/model_cache/llama33_70b/T3K/empty_kcache_paged_attention(2048, 1, 32, 128)_dtype_BFLOAT8_B_layout_TILE.tensorbin of shape Shape([2048, 1, 32, 128])
2026-09-03 00:20:11.334 | DEBUG    | core:as_tensor:724 - Loaded cache for /localdev/gwang/tt_transformers/model_cache/llama33_70b/T3K/empty_vcache_paged_attention(2048, 1, 32, 128)_dtype_BFLOAT8_B_layout_TILE.tensorbin of shape Shape([2048, 1, 32, 128])
2026-09-03 00:20:11.337 | DEBUG    | core:as_tensor:724 - Loaded cache for /localdev/gwang/tt_transformers/model_cache/llama33_70b/T3K/empty_kcache_paged_attention(2048, 1, 32, 128)_dtype_BFLOAT8_B_layout_TILE.tensorbin of shape Shape([2048, 1, 32, 128])
2026-09-03 00:20:11.340 | DEBUG    | core:as_tensor:724 - Loaded cache for /localdev/gwang/tt_transformers/model_cache/llama33_70b/T3K/empty_vcache_paged_attention(2048, 1, 32, 128)_dtype_BFLOAT8_B_layout_TILE.tensorbin of shape Shape([2048, 1, 32, 128])
2026-09-03 00:20:11.343 | DEBUG    | core:as_tensor:724 - Loaded cache for /localdev/gwang/tt_transformers/model_cache/llama33_70b/T3K/empty_kcache_paged_attention(2048, 1, 32, 128)_dtype_BFLOAT8_B_layout_TILE.tensorbin of shape Shape([2048, 1, 32, 128])
2026-09-03 00:20:11.346 | DEBUG    | core:as_tensor:724 - Loaded cache for /localdev/gwang/tt_transformers/model_cache/llama33_70b/T3K/empty_vcache_paged_attention(2048, 1, 32, 128)_dtype_BFLOAT8_B_layout_TILE.tensorbin of shape Shape([2048, 1, 32, 128])
2026-09-03 00:20:11.349 | DEBUG    | core:as_tensor:724 - Loaded cache for /localdev/gwang/tt_transformers/model_cache/llama33_70b/T3K/empty_kcache_paged_attention(2048, 1, 32, 128)_dtype_BFLOAT8_B_layout_TILE.tensorbin of shape Shape([2048, 1, 32, 128])
2026-09-03 00:20:11.351 | DEBUG    | core:as_tensor:724 - Loaded cache for /localdev/gwang/tt_transformers/model_cache/llama33_70b/T3K/empty_vcache_paged_attention(2048, 1, 32, 128)_dtype_BFLOAT8_B_layout_TILE.tensorbin of shape Shape([2048, 1, 32, 128])
2026-09-03 00:20:11.354 | DEBUG    | core:as_tensor:724 - Loaded cache for /localdev/gwang/tt_transformers/model_cache/llama33_70b/T3K/empty_kcache_paged_attention(2048, 1, 32, 128)_dtype_BFLOAT8_B_layout_TILE.tensorbin of shape Shape([2048, 1, 32, 128])
2026-09-03 00:20:11.357 | DEBUG    | core:as_tensor:724 - Loaded cache for /localdev/gwang/tt_transformers/model_cache/llama33_70b/T3K/empty_vcache_paged_attention(2048, 1, 32, 128)_dtype_BFLOAT8_B_layout_TILE.tensorbin of shape Shape([2048, 1, 32, 128])
2026-09-03 00:20:11.360 | DEBUG    | core:as_tensor:724 - Loaded cache for /localdev/gwang/tt_transformers/model_cache/llama33_70b/T3K/empty_kcache_paged_attention(2048, 1, 32, 128)_dtype_BFLOAT8_B_layout_TILE.tensorbin of shape Shape([2048, 1, 32, 128])
2026-09-03 00:20:11.363 | DEBUG    | core:as_tensor:724 - Loaded cache for /localdev/gwang/tt_transformers/model_cache/llama33_70b/T3K/empty_vcache_paged_attention(2048, 1, 32, 128)_dtype_BFLOAT8_B_layout_TILE.tensorbin of shape Shape([2048, 1, 32, 128])
2026-09-03 00:20:11.366 | DEBUG    | core:as_tensor:724 - Loaded cache for /localdev/gwang/tt_transformers/model_cache/llama33_70b/T3K/empty_kcache_paged_attention(2048, 1, 32, 128)_dtype_BFLOAT8_B_layout_TILE.tensorbin of shape Shape([2048, 1, 32, 128])
2026-09-03 00:20:11.368 | DEBUG    | core:as_tensor:724 - Loaded cache for /localdev/gwang/tt_transformers/model_cache/llama33_70b/T3K/empty_vcache_paged_attention(2048, 1, 32, 128)_dtype_BFLOAT8_B_layout_TILE.tensorbin of shape Shape([2048, 1, 32, 128])
2026-09-03 00:20:11.371 | DEBUG    | core:as_tensor:724 - Loaded cache for /localdev/gwang/tt_transformers/model_cache/llama33_70b/T3K/empty_kcache_paged_attention(2048, 1, 32, 128)_dtype_BFLOAT8_B_layout_TILE.tensorbin of shape Shape([2048, 1, 32, 128])
2026-09-03 00:20:11.374 | DEBUG    | core:as_tensor:724 - Loaded cache for /localdev/gwang/tt_transformers/model_cache/llama33_70b/T3K/empty_vcache_paged_attention(2048, 1, 32, 128)_dtype_BFLOAT8_B_layout_TILE.tensorbin of shape Shape([2048, 1, 32, 128])
2026-09-03 00:20:11.377 | DEBUG    | core:as_tensor:724 - Loaded cache for /localdev/gwang/tt_transformers/model_cache/llama33_70b/T3K/empty_kcache_paged_attention(2048, 1, 32, 128)_dtype_BFLOAT8_B_layout_TILE.tensorbin of shape Shape([2048, 1, 32, 128])
2026-09-03 00:20:11.380 | DEBUG    | core:as_tensor:724 - Loaded cache for /localdev/gwang/tt_transformers/model_cache/llama33_70b/T3K/empty_vcache_paged_attention(2048, 1, 32, 128)_dtype_BFLOAT8_B_layout_TILE.tensorbin of shape Shape([2048, 1, 32, 128])
2026-09-03 00:20:11.383 | DEBUG    | core:as_tensor:724 - Loaded cache for /localdev/gwang/tt_transformers/model_cache/llama33_70b/T3K/empty_kcache_paged_attention(2048, 1, 32, 128)_dtype_BFLOAT8_B_layout_TILE.tensorbin of shape Shape([2048, 1, 32, 128])
2026-09-03 00:20:11.387 | DEBUG    | core:as_tensor:724 - Loaded cache for /localdev/gwang/tt_transformers/model_cache/llama33_70b/T3K/empty_vcache_paged_attention(2048, 1, 32, 128)_dtype_BFLOAT8_B_layout_TILE.tensorbin of shape Shape([2048, 1, 32, 128])
2026-09-03 00:20:11.390 | DEBUG    | core:as_tensor:724 - Loaded cache for /localdev/gwang/tt_transformers/model_cache/llama33_70b/T3K/empty_kcache_paged_attention(2048, 1, 32, 128)_dtype_BFLOAT8_B_layout_TILE.tensorbin of shape Shape([2048, 1, 32, 128])
2026-09-03 00:20:11.393 | DEBUG    | core:as_tensor:724 - Loaded cache for /localdev/gwang/tt_transformers/model_cache/llama33_70b/T3K/empty_vcache_paged_attention(2048, 1, 32, 128)_dtype_BFLOAT8_B_layout_TILE.tensorbin of shape Shape([2048, 1, 32, 128])
2026-09-03 00:20:11.396 | DEBUG    | core:as_tensor:724 - Loaded cache for /localdev/gwang/tt_transformers/model_cache/llama33_70b/T3K/empty_kcache_paged_attention(2048, 1, 32, 128)_dtype_BFLOAT8_B_layout_TILE.tensorbin of shape Shape([2048, 1, 32, 128])
2026-09-03 00:20:11.398 | DEBUG    | core:as_tensor:724 - Loaded cache for /localdev/gwang/tt_transformers/model_cache/llama33_70b/T3K/empty_vcache_paged_attention(2048, 1, 32, 128)_dtype_BFLOAT8_B_layout_TILE.tensorbin of shape Shape([2048, 1, 32, 128])
2026-09-03 00:20:11.401 | DEBUG    | core:as_tensor:724 - Loaded cache for /localdev/gwang/tt_transformers/model_cache/llama33_70b/T3K/empty_kcache_paged_attention(2048, 1, 32, 128)_dtype_BFLOAT8_B_layout_TILE.tensorbin of shape Shape([2048, 1, 32, 128])
2026-09-03 00:20:11.404 | DEBUG    | core:as_tensor:724 - Loaded cache for /localdev/gwang/tt_transformers/model_cache/llama33_70b/T3K/empty_vcache_paged_attention(2048, 1, 32, 128)_dtype_BFLOAT8_B_layout_TILE.tensorbin of shape Shape([2048, 1, 32, 128])
2026-09-03 00:20:11.407 | DEBUG    | core:as_tensor:724 - Loaded cache for /localdev/gwang/tt_transformers/model_cache/llama33_70b/T3K/empty_kcache_paged_attention(2048, 1, 32, 128)_dtype_BFLOAT8_B_layout_TILE.tensorbin of shape Shape([2048, 1, 32, 128])
2026-09-03 00:20:11.410 | DEBUG    | core:as_tensor:724 - Loaded cache for /localdev/gwang/tt_transformers/model_cache/llama33_70b/T3K/empty_vcache_paged_attention(2048, 1, 32, 128)_dtype_BFLOAT8_B_layout_TILE.tensorbin of shape Shape([2048, 1, 32, 128])
2026-09-03 00:20:11.413 | DEBUG    | core:as_tensor:724 - Loaded cache for /localdev/gwang/tt_transformers/model_cache/llama33_70b/T3K/empty_kcache_paged_attention(2048, 1, 32, 128)_dtype_BFLOAT8_B_layout_TILE.tensorbin of shape Shape([2048, 1, 32, 128])
2026-09-03 00:20:11.416 | DEBUG    | core:as_tensor:724 - Loaded cache for /localdev/gwang/tt_transformers/model_cache/llama33_70b/T3K/empty_vcache_paged_attention(2048, 1, 32, 128)_dtype_BFLOAT8_B_layout_TILE.tensorbin of shape Shape([2048, 1, 32, 128])
2026-09-03 00:20:11.419 | DEBUG    | core:as_tensor:724 - Loaded cache for /localdev/gwang/tt_transformers/model_cache/llama33_70b/T3K/empty_kcache_paged_attention(2048, 1, 32, 128)_dtype_BFLOAT8_B_layout_TILE.tensorbin of shape Shape([2048, 1, 32, 128])
2026-09-03 00:20:11.421 | DEBUG    | core:as_tensor:724 - Loaded cache for /localdev/gwang/tt_transformers/model_cache/llama33_70b/T3K/empty_vcache_paged_attention(2048, 1, 32, 128)_dtype_BFLOAT8_B_layout_TILE.tensorbin of shape Shape([2048, 1, 32, 128])
2026-09-03 00:20:11.424 | DEBUG    | core:as_tensor:724 - Loaded cache for /localdev/gwang/tt_transformers/model_cache/llama33_70b/T3K/empty_kcache_paged_attention(2048, 1, 32, 128)_dtype_BFLOAT8_B_layout_TILE.tensorbin of shape Shape([2048, 1, 32, 128])
2026-09-03 00:20:11.427 | DEBUG    | core:as_tensor:724 - Loaded cache for /localdev/gwang/tt_transformers/model_cache/llama33_70b/T3K/empty_vcache_paged_attention(2048, 1, 32, 128)_dtype_BFLOAT8_B_layout_TILE.tensorbin of shape Shape([2048, 1, 32, 128])
2026-09-03 00:20:11.430 | DEBUG    | core:as_tensor:724 - Loaded cache for /localdev/gwang/tt_transformers/model_cache/llama33_70b/T3K/empty_kcache_paged_attention(2048, 1, 32, 128)_dtype_BFLOAT8_B_layout_TILE.tensorbin of shape Shape([2048, 1, 32, 128])
2026-09-03 00:20:11.433 | DEBUG    | core:as_tensor:724 - Loaded cache for /localdev/gwang/tt_transformers/model_cache/llama33_70b/T3K/empty_vcache_paged_attention(2048, 1, 32, 128)_dtype_BFLOAT8_B_layout_TILE.tensorbin of shape Shape([2048, 1, 32, 128])
2026-09-03 00:20:11.436 | DEBUG    | core:as_tensor:724 - Loaded cache for /localdev/gwang/tt_transformers/model_cache/llama33_70b/T3K/empty_kcache_paged_attention(2048, 1, 32, 128)_dtype_BFLOAT8_B_layout_TILE.tensorbin of shape Shape([2048, 1, 32, 128])
2026-09-03 00:20:11.439 | DEBUG    | core:as_tensor:724 - Loaded cache for /localdev/gwang/tt_transformers/model_cache/llama33_70b/T3K/empty_vcache_paged_attention(2048, 1, 32, 128)_dtype_BFLOAT8_B_layout_TILE.tensorbin of shape Shape([2048, 1, 32, 128])
2026-09-03 00:20:11.441 | DEBUG    | core:as_tensor:724 - Loaded cache for /localdev/gwang/tt_transformers/model_cache/llama33_70b/T3K/empty_kcache_paged_attention(2048, 1, 32, 128)_dtype_BFLOAT8_B_layout_TILE.tensorbin of shape Shape([2048, 1, 32, 128])
2026-09-03 00:20:11.444 | DEBUG    | core:as_tensor:724 - Loaded cache for /localdev/gwang/tt_transformers/model_cache/llama33_70b/T3K/empty_vcache_paged_attention(2048, 1, 32, 128)_dtype_BFLOAT8_B_layout_TILE.tensorbin of shape Shape([2048, 1, 32, 128])
2026-09-03 00:20:13.500 | INFO     | tt_transformers.llm_runtime.warmup:warmup_decode:485 - Compiled decode
2026-09-03 00:20:13.737 | INFO     | tt_transformers.llm_runtime.warmup:warmup_decode:485 - Compiled decode
2026-09-03 00:20:13.737 | INFO     | tt_transformers.llm_runtime.warmup:warmup_decode:487 - Compiled on-device sampling
2026-09-03 00:20:25.326 | INFO     | tt_transformers.llm_runtime.trace_compiler:capture_all:336 - Captured decode trace: signature=DecodeTraceSignature(batch_size=16, page_table_width=128, sampling_path='logits', device_feedback=False, penalties_enabled=False, logprobs_enabled=False)
2026-09-03 00:20:25.661 | INFO     | tt_transformers.llm_runtime.trace_compiler:capture_all:336 - Captured decode trace: signature=DecodeTraceSignature(batch_size=16, page_table_width=128, sampling_path='topk', device_feedback=True, penalties_enabled=False, logprobs_enabled=False)
2026-09-03 00:20:26.262 | INFO     | tt_transformers.llm_runtime.trace_compiler:capture_all:336 - Captured prefill trace: signature=PrefillTraceSignature(operation_variant='regular-batched', padded_batch_size=16, padded_sequence_length=128, page_table_width=192, chunk_page_table_width=None, sampling_path='topk', penalties_enabled=False, logprobs_enabled=False)
2026-09-03 00:20:26.867 | INFO     | tt_transformers.llm_runtime.trace_compiler:capture_all:336 - Captured prefill trace: signature=PrefillTraceSignature(operation_variant='regular-batched', padded_batch_size=16, padded_sequence_length=128, page_table_width=192, chunk_page_table_width=None, sampling_path='logits', penalties_enabled=False, logprobs_enabled=False)
2026-09-03 00:20:27.154 | INFO     | tt_transformers.llm_runtime.trace_compiler:capture_all:336 - Captured prefill trace: signature=PrefillTraceSignature(operation_variant='regular-single', padded_batch_size=1, padded_sequence_length=128, page_table_width=192, chunk_page_table_width=None, sampling_path='topk', penalties_enabled=False, logprobs_enabled=False)
2026-09-03 00:20:27.500 | INFO     | tt_transformers.llm_runtime.trace_compiler:capture_all:336 - Captured prefill trace: signature=PrefillTraceSignature(operation_variant='regular-batched', padded_batch_size=2, padded_sequence_length=128, page_table_width=192, chunk_page_table_width=None, sampling_path='topk', penalties_enabled=False, logprobs_enabled=False)
2026-09-03 00:20:27.887 | INFO     | tt_transformers.llm_runtime.trace_compiler:capture_all:336 - Captured prefill trace: signature=PrefillTraceSignature(operation_variant='regular-batched', padded_batch_size=4, padded_sequence_length=128, page_table_width=192, chunk_page_table_width=None, sampling_path='topk', penalties_enabled=False, logprobs_enabled=False)
2026-09-03 00:20:28.367 | INFO     | tt_transformers.llm_runtime.trace_compiler:capture_all:336 - Captured prefill trace: signature=PrefillTraceSignature(operation_variant='regular-batched', padded_batch_size=8, padded_sequence_length=128, page_table_width=192, chunk_page_table_width=None, sampling_path='topk', penalties_enabled=False, logprobs_enabled=False)
2026-09-03 00:20:28.692 | INFO     | tt_transformers.llm_runtime.trace_compiler:capture_all:336 - Captured prefill trace: signature=PrefillTraceSignature(operation_variant='chunked', padded_batch_size=1, padded_sequence_length=128, page_table_width=192, chunk_page_table_width=4, sampling_path='topk', penalties_enabled=False, logprobs_enabled=False)
2026-09-03 00:20:29.068 | INFO     | tt_transformers.llm_runtime.trace_compiler:capture_all:336 - Captured prefill trace: signature=PrefillTraceSignature(operation_variant='regular-single', padded_batch_size=1, padded_sequence_length=2048, page_table_width=192, chunk_page_table_width=None, sampling_path='topk', penalties_enabled=False, logprobs_enabled=False)
2026-09-03 00:20:29.439 | INFO     | tt_transformers.llm_runtime.trace_compiler:capture_all:336 - Captured prefill trace: signature=PrefillTraceSignature(operation_variant='chunked', padded_batch_size=1, padded_sequence_length=2048, page_table_width=192, chunk_page_table_width=64, sampling_path='topk', penalties_enabled=False, logprobs_enabled=False)
2026-09-03 00:20:29.754 | INFO     | tt_transformers.llm_runtime.trace_compiler:capture_all:336 - Captured prefill trace: signature=PrefillTraceSignature(operation_variant='regular-single', padded_batch_size=1, padded_sequence_length=128, page_table_width=192, chunk_page_table_width=None, sampling_path='logits', penalties_enabled=False, logprobs_enabled=False)
2026-09-03 00:20:30.138 | INFO     | tt_transformers.llm_runtime.trace_compiler:capture_all:336 - Captured prefill trace: signature=PrefillTraceSignature(operation_variant='regular-batched', padded_batch_size=2, padded_sequence_length=128, page_table_width=192, chunk_page_table_width=None, sampling_path='logits', penalties_enabled=False, logprobs_enabled=False)
2026-09-03 00:20:30.552 | INFO     | tt_transformers.llm_runtime.trace_compiler:capture_all:336 - Captured prefill trace: signature=PrefillTraceSignature(operation_variant='regular-batched', padded_batch_size=4, padded_sequence_length=128, page_table_width=192, chunk_page_table_width=None, sampling_path='logits', penalties_enabled=False, logprobs_enabled=False)
2026-09-03 00:20:31.056 | INFO     | tt_transformers.llm_runtime.trace_compiler:capture_all:336 - Captured prefill trace: signature=PrefillTraceSignature(operation_variant='regular-batched', padded_batch_size=8, padded_sequence_length=128, page_table_width=192, chunk_page_table_width=None, sampling_path='logits', penalties_enabled=False, logprobs_enabled=False)
2026-09-03 00:20:31.378 | INFO     | tt_transformers.llm_runtime.trace_compiler:capture_all:336 - Captured prefill trace: signature=PrefillTraceSignature(operation_variant='chunked', padded_batch_size=1, padded_sequence_length=128, page_table_width=192, chunk_page_table_width=4, sampling_path='logits', penalties_enabled=False, logprobs_enabled=False)
2026-09-03 00:20:31.753 | INFO     | tt_transformers.llm_runtime.trace_compiler:capture_all:336 - Captured prefill trace: signature=PrefillTraceSignature(operation_variant='regular-single', padded_batch_size=1, padded_sequence_length=2048, page_table_width=192, chunk_page_table_width=None, sampling_path='logits', penalties_enabled=False, logprobs_enabled=False)
2026-09-03 00:20:32.133 | INFO     | tt_transformers.llm_runtime.trace_compiler:capture_all:336 - Captured prefill trace: signature=PrefillTraceSignature(operation_variant='chunked', padded_batch_size=1, padded_sequence_length=2048, page_table_width=192, chunk_page_table_width=64, sampling_path='logits', penalties_enabled=False, logprobs_enabled=False)
2026-09-03 00:20:32.415 | INFO     | tt_transformers.llm_runtime.execution:_execute_prefill:671 - TTTV2_RUNTIME_EVIDENCE {"active_batch_size": 1, "execution": "trace_replay", "lane": 0, "operation": "prefill", "padded_batch_size": 1, "padded_sequence_length": 128, "program_key": "999cbf354c9bdd6077cabb45b51d31c2abbe52833ac910f642e5bcbb3cdd4494", "rank": 0, "replay_steps": 1, "sampling_path": "logits", "trace_key": "469283b260195f80b5f03bce4eb3044eeef47176541b1aae9a1d1a6ecb5917fe", "variant": "regular-single"}
2026-09-03 00:20:32.945 | INFO     | tt_transformers.llm_runtime.execution:_execute_prefill:671 - TTTV2_RUNTIME_EVIDENCE {"active_batch_size": 15, "execution": "trace_replay", "lane": 0, "operation": "prefill", "padded_batch_size": 16, "padded_sequence_length": 128, "program_key": "c7a3e8066537c19ac3fa869ec3ca1bc407bafcd8502d3b01be5dae9a2ed0b276", "rank": 0, "replay_steps": 1, "sampling_path": "logits", "trace_key": "d6be81420b505b3fe570ee657d153901af70fb56b5e1e9fbbb41b8205b87409b", "variant": "regular-batched"}
=========================== short test summary info ============================
FAILED tests/models/llama33_70b/test_t3k_batched_prefill_correctness.py::test_w6_active15_padded16_trace_correctness[logits-topk-16-15-T3K] - AssertionError: logits parity failed; row max-abs above 1.0: row 0: 1.50000000; top-5 overlap below 4: row 0: 3
FAILED tests/models/llama33_70b/test_t3k_batched_prefill_correctness.py::test_w6_active15_padded16_trace_correctness[logits-topk-15-16-T3K] - AssertionError: logits parity failed; row max-abs above 1.0: row 0: 1.50000000; top-5 overlap below 4: row 0: 3
FAILED tests/models/llama33_70b/test_t3k_batched_prefill_correctness.py::test_w6_active15_padded16_trace_correctness[topk-logits-16-15-T3K] - AssertionError: logits parity failed; row max-abs above 1.0: row 0: 1.50000000; top-5 overlap below 4: row 0: 3
FAILED tests/models/llama33_70b/test_t3k_batched_prefill_correctness.py::test_w6_active15_padded16_trace_correctness[topk-logits-15-16-T3K] - AssertionError: logits parity failed; row max-abs above 1.0: row 0: 1.50000000; top-5 overlap below 4: row 0: 3
======================== 4 failed in 264.35s (0:04:24) =========================
2026-09-03 00:20:43.556 | info     |    BuildKernels | JIT cache stats: 1047/1047 hits (100.0%) [1047 cached, 943 build-once dedup, 0 merged artifacts, 0 merged genfiles] (build_cache_telemetry.cpp:207)
2026-09-03 00:20:43.556 | info     |    BuildKernels | JIT telemetry: 3 registered TelemetryTokens (build_cache_telemetry.cpp:230)
2026-09-03 00:20:43.579 | info     |          Device | Closing user mode device drivers (tt_cluster.cpp:513)
2026-09-03 00:20:43.579 | info     |             UMD | Closing devices in cluster (cluster.cpp:1201)
2026-09-03 00:20:43.620 | info     |             UMD | Closing devices in cluster completed. (cluster.cpp:1210)
2026-09-03 00:20:43.620 | info     |             UMD | Cluster destructor started. (cluster.cpp:916)
2026-09-03 00:20:43.620 | info     |             UMD | Cluster destructor completed. (cluster.cpp:919)
