source_path,destination_path,git_blob_sha,disposition,reason,category,boundary_cleanup
".github/workflows/silencer.lock.yml","","5f0dcf950d77c93559c94908e4fc9604b5ea157b","archived","Migration-only CI snapshot retained in audit tag tttv2-migration-audit-54648bc; no active repository destination.","archived_migration_context","true"
".github/workflows/t3000-unit-tests.yaml","","7b8c95470b49bfb15bf716b91c13e2d923f92645","archived","Migration-only CI snapshot retained in audit tag tttv2-migration-audit-54648bc; no active repository destination.","archived_migration_context","true"
".github/workflows/test-command.lock.yml","","965421d3b4d8d6d0218f62b7e786c8af3e686997","archived","Migration-only CI snapshot retained in audit tag tttv2-migration-audit-54648bc; no active repository destination.","archived_migration_context","true"
"conftest.py","tests/conftest.py","f8f547a30a2b4f920c745638f91647b8963e6f74","split","Extract only repository-root fixtures required by TTTv2, then decouple them from tt-metal-wide plugins and hardware policy.","test_fixture","true"
"models/common/auto_compose.py","examples/common/auto_compose.py","571fa0f114b567d4bb61734d36dbac010a29ab37","renamed","Retain the tensor composition helper used by module and validation tests without making it base runtime API.","qualification_tool","false"
"models/common/device_utils.py","src/tt_transformers/device_utils.py","0066f8fe3123d24a1d14a25bd9345a6690b6470e","renamed","Internalize the narrow device-name and architecture helpers required by TTTv2 production code.","production_support","false"
"models/common/distribute_as.py","tests/support/distribute_as.py","fc309609103fc149c0388737236041fe4d7a4c59","renamed","Retain distribution-validation support used by the extracted tests.","qualification_tool","false"
"models/common/lightweightmodule.py","src/tt_transformers/modules/lightweightmodule.py","6743db9026f0547737bda649db0b3ab8c78289c0","renamed","Internalize LightweightModule because all reusable modules and models depend on it.","production_support","false"
"models/common/llm_runtime/config.py","src/tt_transformers/llm_runtime/config.py","34e767bf49743e4d1df23139121d31ad5e4aa0ae","renamed","Mechanical move of the common TTTv2 runtime into the canonical package namespace.","production_runtime","false"
"models/common/llm_runtime/decode.py","src/tt_transformers/llm_runtime/decode.py","8d1685b68ddb1c41bbf7c31df0259c22cd46e825","renamed","Mechanical move of the common TTTv2 runtime into the canonical package namespace.","production_runtime","false"
"models/common/llm_runtime/execution.py","src/tt_transformers/llm_runtime/execution.py","5be975228764c390d23d4b856a29cbf6bf3d5738","renamed","Mechanical move of the common TTTv2 runtime into the canonical package namespace.","production_runtime","false"
"models/common/llm_runtime/lane_group.py","src/tt_transformers/llm_runtime/lane_group.py","4cffe71d197231578ff5d2214bc3946ca6cd0c23","renamed","Mechanical move of the common TTTv2 runtime into the canonical package namespace.","production_runtime","false"
"models/common/llm_runtime/output_reader.py","src/tt_transformers/llm_runtime/output_reader.py","2635a5b5117ecff139570624830ecf93c3e30df3","renamed","Mechanical move of the common TTTv2 runtime into the canonical package namespace.","production_runtime","false"
"models/common/llm_runtime/paged_kv_cache.py","src/tt_transformers/llm_runtime/paged_kv_cache.py","ad4e774390d0ee09ee76f56133f070aca176870b","renamed","Mechanical move of the common TTTv2 runtime into the canonical package namespace.","production_runtime","false"
"models/common/llm_runtime/prefill/config.py","src/tt_transformers/llm_runtime/prefill/config.py","ffe15b61d0446a0712cf6a744a4fa7a43f784027","renamed","Mechanical move of the common TTTv2 runtime into the canonical package namespace.","production_runtime","false"
"models/common/llm_runtime/prefill/inputs.py","src/tt_transformers/llm_runtime/prefill/inputs.py","edf86ca70500bd543f5d6878ac72fee51f61170d","renamed","Mechanical move of the common TTTv2 runtime into the canonical package namespace.","production_runtime","false"
"models/common/llm_runtime/prefill/plan.py","src/tt_transformers/llm_runtime/prefill/plan.py","fa0c05779aae434f288ace93415cb2f3b71474cf","renamed","Mechanical move of the common TTTv2 runtime into the canonical package namespace.","production_runtime","false"
"models/common/llm_runtime/prefill/postprocess.py","src/tt_transformers/llm_runtime/prefill/postprocess.py","c7ab39d4803fc0be6b13356094a32970aa80afb1","renamed","Mechanical move of the common TTTv2 runtime into the canonical package namespace.","production_runtime","false"
"models/common/llm_runtime/prefill/README.md","src/tt_transformers/llm_runtime/prefill/README.md","176e4e5a4f517aa3760bea30c85333d03f812e8e","renamed","Move runtime documentation with the standalone runtime and rewrite source-repository paths.","production_documentation","true"
"models/common/llm_runtime/prefill/result_collector.py","src/tt_transformers/llm_runtime/prefill/result_collector.py","03df6a1828f4678ed43f2a0820ed38eb537c35fb","renamed","Mechanical move of the common TTTv2 runtime into the canonical package namespace.","production_runtime","false"
"models/common/llm_runtime/prefill/runtime.py","src/tt_transformers/llm_runtime/prefill/runtime.py","1bd3b99ff81774af505e66cc8da8bca84d28d939","renamed","Mechanical move of the common TTTv2 runtime into the canonical package namespace.","production_runtime","false"
"models/common/llm_runtime/prefill/sampling_helpers.py","src/tt_transformers/llm_runtime/prefill/sampling_helpers.py","7ecdb1c92baf703b59259df69d7bffd1cb6928f3","renamed","Mechanical move of the common TTTv2 runtime into the canonical package namespace.","production_runtime","false"
"models/common/llm_runtime/prefill/sequence_runner.py","src/tt_transformers/llm_runtime/prefill/sequence_runner.py","1f7523f79faaa9f18208cf3c035341fe444887ee","renamed","Mechanical move of the common TTTv2 runtime into the canonical package namespace.","production_runtime","false"
"models/common/llm_runtime/prefill/signatures.py","src/tt_transformers/llm_runtime/prefill/signatures.py","6f5449e9a2dfeb9f45831e40dc12c1ec1d949a0b","renamed","Mechanical move of the common TTTv2 runtime into the canonical package namespace.","production_runtime","false"
"models/common/llm_runtime/prefill/trace.py","src/tt_transformers/llm_runtime/prefill/trace.py","499343b812a421953b163f4d995d6b3e96340b82","renamed","Mechanical move of the common TTTv2 runtime into the canonical package namespace.","production_runtime","false"
"models/common/llm_runtime/program_compiler.py","src/tt_transformers/llm_runtime/program_compiler.py","3ac6ef89614f269861505fe2f5789273a108aa02","renamed","Mechanical move of the common TTTv2 runtime into the canonical package namespace.","production_runtime","false"
"models/common/llm_runtime/README.md","src/tt_transformers/llm_runtime/README.md","976f63eb3605f48745378343fa93ceeaeec0b966","renamed","Move runtime documentation with the standalone runtime and rewrite source-repository paths.","production_documentation","true"
"models/common/llm_runtime/tensor_resources.py","src/tt_transformers/llm_runtime/tensor_resources.py","16d96d7b6e42d66951307947450181e46a3168dd","renamed","Mechanical move of the common TTTv2 runtime into the canonical package namespace.","production_runtime","false"
"models/common/llm_runtime/trace_compiler.py","src/tt_transformers/llm_runtime/trace_compiler.py","fb48777d15eef1595da21029a377b7b46cb361fd","renamed","Mechanical move of the common TTTv2 runtime into the canonical package namespace.","production_runtime","false"
"models/common/llm_runtime/tttv2_demo_to_vllm_integration_skill.md","docs/architecture.md","b643ace0dd9fec9b2911cdb1b775d7d5e0512ec1","replaced","Replace the migration-agent workflow with durable standalone architecture documentation.","production_documentation","true"
"models/common/llm_runtime/vllm_adapter.py","src/tt_transformers/llm_runtime/vllm_adapter.py","5ce2eafa479b73734766445971babac25d870845","renamed","Mechanical move of the common TTTv2 runtime into the canonical package namespace.","production_runtime","false"
"models/common/llm_runtime/warmup.py","src/tt_transformers/llm_runtime/warmup.py","47b1792045c2152271fe0f74646948b04ef4c1c7","renamed","Mechanical move of the common TTTv2 runtime into the canonical package namespace.","production_runtime","false"
"models/common/metrics.py","tests/support/metrics.py","852f199626702f99517c5ce176b3fb7c8d300e6b","renamed","Retain validation metrics used by module and qualification tests.","qualification_tool","false"
"models/common/models/deepseek_r1_distill_qwen_14b/__init__.py","src/tt_transformers/models/deepseek_r1_distill_qwen_14b/__init__.py","b8a1e5472a85fbca682c39bcd64c02e369c10fc5","renamed","Mechanical move of model-owned implementation into the installed concrete-model package.","production_model","false"
"models/common/models/deepseek_r1_distill_qwen_14b/executor.py","src/tt_transformers/models/deepseek_r1_distill_qwen_14b/executor.py","6c7253d6736d1207fdcbdc224c32c9b38185590c","renamed","Mechanical move of model-owned implementation into the installed concrete-model package. Redirect the legacy aggregate SamplingParams import to the canonical neutral value module.","production_model","true"
"models/common/models/deepseek_r1_distill_qwen_14b/generator.py","src/tt_transformers/models/deepseek_r1_distill_qwen_14b/generator.py","b237ded940235fdd4eb2e025c43dae3076de4d00","renamed","Mechanical move of model-owned implementation into the installed concrete-model package. Replace the runtime import of TTTv1 create_submeshes with tt_transformers.mesh_utils.","production_model","true"
"models/common/models/deepseek_r1_distill_qwen_14b/hf_adaptor.py","src/tt_transformers/models/deepseek_r1_distill_qwen_14b/hf_adaptor.py","c16d1c1fdd37fd3849e3c0213e404e529d2812a3","renamed","Mechanical move of model-owned implementation into the installed concrete-model package.","production_model","false"
"models/common/models/deepseek_r1_distill_qwen_14b/model.py","src/tt_transformers/models/deepseek_r1_distill_qwen_14b/model.py","778f43742e15b7694355a4b90b8003b298920cac","renamed","Mechanical move of model-owned implementation into the installed concrete-model package.","production_model","false"
"models/common/models/deepseek_r1_distill_qwen_14b/README.md","examples/deepseek_r1_distill_qwen_14b/README.md","2a7cb48dc5b11b92e1bf0401e1c58a53a385be71","renamed","Model support and run documentation belongs with the top-level runnable example.","model_documentation","false"
"models/common/models/deepseek_r1_distill_qwen_14b/weight_utils.py","src/tt_transformers/models/deepseek_r1_distill_qwen_14b/weight_utils.py","64c9b1475084931b9ceb07bd40555c77e54910f4","renamed","Mechanical move of model-owned implementation into the installed concrete-model package.","production_model","false"
"models/common/models/executor.py","src/tt_transformers/models/executor.py","bd1d4a8607aa27a75ad63109b046bcc41cd47d11","renamed","Mechanical move of shared model executor implementation into the installed models package.","production_model","false"
"models/common/models/llama3_8b/executor.py","src/tt_transformers/models/llama3_8b/executor.py","298b82dcffa3b7c1f9e9ca28922c71b75f1c1f3b","renamed","Mechanical move of model-owned implementation into the installed concrete-model package.","production_model","false"
"models/common/models/llama3_8b/generator.py","src/tt_transformers/models/llama3_8b/generator.py","45260304cee8d5040eba3a7dc9e832ed48b203f5","renamed","Mechanical move of model-owned implementation into the installed concrete-model package. Replace the runtime import of TTTv1 create_submeshes with tt_transformers.mesh_utils.","production_model","true"
"models/common/models/llama3_8b/hf_adaptor.py","src/tt_transformers/models/llama3_8b/hf_adaptor.py","21e07203e8bcec0810a06614cb8e19d98e0a659f","renamed","Mechanical move of model-owned implementation into the installed concrete-model package.","production_model","false"
"models/common/models/llama3_8b/model.py","src/tt_transformers/models/llama3_8b/model.py","126cd9c95d565ae51c31b5b6d1058cfe131d9e5a","renamed","Mechanical move of model-owned implementation into the installed concrete-model package.","production_model","false"
"models/common/models/llama3_8b/README.md","examples/llama3_8b/README.md","39cdea628ae88776a846c75f6413dea2bf91523d","renamed","Model support and run documentation belongs with the top-level runnable example.","model_documentation","false"
"models/common/models/llama3_executor.py","src/tt_transformers/models/llama3_executor.py","9c84008b6b551a97ed2a156aa1d2a4d8994a457a","renamed","Mechanical move of shared model executor implementation into the installed models package. Redirect the legacy aggregate SamplingParams import to the canonical neutral value module.","production_model","true"
"models/common/models/llama32_1b/__init__.py","src/tt_transformers/models/llama32_1b/__init__.py","06fe9b14b6eba1a6056e3cdf073a20d545dc2c6e","renamed","Mechanical move of model-owned implementation into the installed concrete-model package.","production_model","false"
"models/common/models/llama32_1b/executor.py","src/tt_transformers/models/llama32_1b/executor.py","bf918255415080e3a71b89d87e56aa38ce475901","renamed","Mechanical move of model-owned implementation into the installed concrete-model package.","production_model","false"
"models/common/models/llama32_1b/generator.py","src/tt_transformers/models/llama32_1b/generator.py","bf029d591980d91cb95f9a6ede36f230b9f9aa3f","renamed","Mechanical move of model-owned implementation into the installed concrete-model package. Replace the runtime import of TTTv1 create_submeshes with tt_transformers.mesh_utils.","production_model","true"
"models/common/models/llama32_1b/hf_adaptor.py","src/tt_transformers/models/llama32_1b/hf_adaptor.py","74cc9f22ae53ec5690a24b36209ec5e5eb2a8bdc","renamed","Mechanical move of model-owned implementation into the installed concrete-model package.","production_model","false"
"models/common/models/llama32_1b/model.py","src/tt_transformers/models/llama32_1b/model.py","d75483410bca1cc1e03f53db716f246cc7222040","renamed","Mechanical move of model-owned implementation into the installed concrete-model package.","production_model","false"
"models/common/models/llama32_1b/README.md","examples/llama32_1b/README.md","95ba7b7f0cdf6dadeb337c7c28a2b618933067c8","renamed","Model support and run documentation belongs with the top-level runnable example.","model_documentation","false"
"models/common/models/llama32_1b/weight_utils.py","src/tt_transformers/models/llama32_1b/weight_utils.py","ea28a388ad1a57f3ce349d6a705a2fe5c3a80e81","renamed","Mechanical move of model-owned implementation into the installed concrete-model package.","production_model","false"
"models/common/models/llama32_3b/__init__.py","src/tt_transformers/models/llama32_3b/__init__.py","5f5bdea637c449a32bea9c15bebe956d24991e56","renamed","Mechanical move of model-owned implementation into the installed concrete-model package.","production_model","false"
"models/common/models/llama32_3b/executor.py","src/tt_transformers/models/llama32_3b/executor.py","d74eaaba555b37e7f3b1dae134485125fcf83ca9","renamed","Mechanical move of model-owned implementation into the installed concrete-model package.","production_model","false"
"models/common/models/llama32_3b/generator.py","src/tt_transformers/models/llama32_3b/generator.py","c262fd4d5eb5b0e9803148ec183a1a33af957610","renamed","Mechanical move of model-owned implementation into the installed concrete-model package. Replace the runtime import of TTTv1 create_submeshes with tt_transformers.mesh_utils.","production_model","true"
"models/common/models/llama32_3b/hf_adaptor.py","src/tt_transformers/models/llama32_3b/hf_adaptor.py","fdc00719cc6d98a362c43b0b8f21b07fc877b83a","renamed","Mechanical move of model-owned implementation into the installed concrete-model package.","production_model","false"
"models/common/models/llama32_3b/model.py","src/tt_transformers/models/llama32_3b/model.py","b09216ff3914174114bfafe62962e6fae37af456","renamed","Mechanical move of model-owned implementation into the installed concrete-model package.","production_model","false"
"models/common/models/llama32_3b/README.md","examples/llama32_3b/README.md","70e0ca570bf85fae396a7cb2d2e778b634dba62c","renamed","Model support and run documentation belongs with the top-level runnable example.","model_documentation","false"
"models/common/models/llama32_3b/weight_utils.py","src/tt_transformers/models/llama32_3b/weight_utils.py","b6057db0504f8cb22cfe0496e91040d4cebe1446","renamed","Mechanical move of model-owned implementation into the installed concrete-model package.","production_model","false"
"models/common/models/llama33_70b/__init__.py","src/tt_transformers/models/llama33_70b/__init__.py","a79f99b792f9a4b7a358f347b970b1dc2f30576c","renamed","Mechanical move of model-owned implementation into the installed concrete-model package.","production_model","false"
"models/common/models/llama33_70b/executor.py","src/tt_transformers/models/llama33_70b/executor.py","399b592486ccfc80624ff45d3a70e18c82cc9d8f","renamed","Mechanical move of model-owned implementation into the installed concrete-model package.","production_model","false"
"models/common/models/llama33_70b/generator.py","src/tt_transformers/models/llama33_70b/generator.py","f008838d7725e133d14f9e3f16ccd7f61f827be7","renamed","Mechanical move of model-owned implementation into the installed concrete-model package. Replace the runtime import of TTTv1 create_submeshes with tt_transformers.mesh_utils.","production_model","true"
"models/common/models/llama33_70b/hf_adaptor.py","src/tt_transformers/models/llama33_70b/hf_adaptor.py","a7de941a9c8392290d1c8e90ca8d13963e063d09","renamed","Mechanical move of model-owned implementation into the installed concrete-model package.","production_model","false"
"models/common/models/llama33_70b/model.py","src/tt_transformers/models/llama33_70b/model.py","d3407d05cdc44a2a8f1b43b14ef671be68c65832","renamed","Mechanical move of model-owned implementation into the installed concrete-model package.","production_model","false"
"models/common/models/llama33_70b/README.md","examples/llama33_70b/README.md","2c72085b8529f5dcc219d43590ca39808030b229","renamed","Model support and run documentation belongs with the top-level runnable example.","model_documentation","false"
"models/common/models/llama33_70b/weight_utils.py","src/tt_transformers/models/llama33_70b/weight_utils.py","b06738e0d091e603edc969c75dc1673dce03e9dc","renamed","Mechanical move of model-owned implementation into the installed concrete-model package.","production_model","false"
"models/common/models/mistral_7b/__init__.py","src/tt_transformers/models/mistral_7b/__init__.py","46d7229d41c08259862baf965f34f3ca05e3d313","renamed","Mechanical move of model-owned implementation into the installed concrete-model package.","production_model","false"
"models/common/models/mistral_7b/executor.py","src/tt_transformers/models/mistral_7b/executor.py","57cb9f6021494160a54b0b353a6f8cf3aaca76c1","renamed","Mechanical move of model-owned implementation into the installed concrete-model package. Redirect the legacy aggregate SamplingParams import to the canonical neutral value module.","production_model","true"
"models/common/models/mistral_7b/generator.py","src/tt_transformers/models/mistral_7b/generator.py","0baa7bd8601b087fa999eb5e45ffec992aef7464","renamed","Mechanical move of model-owned implementation into the installed concrete-model package. Replace the runtime import of TTTv1 create_submeshes with tt_transformers.mesh_utils.","production_model","true"
"models/common/models/mistral_7b/hf_adaptor.py","src/tt_transformers/models/mistral_7b/hf_adaptor.py","f60375c6c940367ccb4ed4c27333b056570e1e61","renamed","Mechanical move of model-owned implementation into the installed concrete-model package.","production_model","false"
"models/common/models/mistral_7b/model.py","src/tt_transformers/models/mistral_7b/model.py","52d430686868417fa8f82b42a0005bd2eb7b4529","renamed","Mechanical move of model-owned implementation into the installed concrete-model package.","production_model","false"
"models/common/models/mistral_7b/README.md","examples/mistral_7b/README.md","5033f04b0a379b225fecaa2f308ef29a8c81b877","renamed","Model support and run documentation belongs with the top-level runnable example.","model_documentation","false"
"models/common/models/mistral_7b/weight_utils.py","src/tt_transformers/models/mistral_7b/weight_utils.py","86cbd7d16079849d7eec5b80ce8afe747d91e0bc","renamed","Mechanical move of model-owned implementation into the installed concrete-model package.","production_model","false"
"models/common/models/phi4/__init__.py","src/tt_transformers/models/phi4/__init__.py","332d63f4c12feb7966a02400397a12c269113a12","renamed","Mechanical move of model-owned implementation into the installed concrete-model package.","production_model","false"
"models/common/models/phi4/executor.py","src/tt_transformers/models/phi4/executor.py","0a3c44928e7ac69cd3c7418b4acb88b432d8d975","renamed","Mechanical move of model-owned implementation into the installed concrete-model package. Redirect the legacy aggregate SamplingParams import to the canonical neutral value module.","production_model","true"
"models/common/models/phi4/generator.py","src/tt_transformers/models/phi4/generator.py","06c0888afdb610d02496d3a2a365b25c3c2def67","renamed","Mechanical move of model-owned implementation into the installed concrete-model package. Replace the runtime import of TTTv1 create_submeshes with tt_transformers.mesh_utils.","production_model","true"
"models/common/models/phi4/hf_adaptor.py","src/tt_transformers/models/phi4/hf_adaptor.py","6b44e8fedaac339a646ce306567abeb797ff9e90","renamed","Mechanical move of model-owned implementation into the installed concrete-model package.","production_model","false"
"models/common/models/phi4/model.py","src/tt_transformers/models/phi4/model.py","4f7115b937a05fb0b2aaa0c537afd0a1d6a782b6","renamed","Mechanical move of model-owned implementation into the installed concrete-model package.","production_model","false"
"models/common/models/phi4/README.md","examples/phi4/README.md","dfd61b3e7d996e7b918c4bc5e58d23c39585b3b1","renamed","Model support and run documentation belongs with the top-level runnable example.","model_documentation","false"
"models/common/models/phi4/weight_utils.py","src/tt_transformers/models/phi4/weight_utils.py","898a832065b3608b48664dbb310ce7f5956553bb","renamed","Mechanical move of model-owned implementation into the installed concrete-model package.","production_model","false"
"models/common/models/qwen2_7b/__init__.py","src/tt_transformers/models/qwen2_7b/__init__.py","78dc51889282b317a56ab5d181145ed4aa7527c0","renamed","Mechanical move of model-owned implementation into the installed concrete-model package.","production_model","false"
"models/common/models/qwen2_7b/executor.py","src/tt_transformers/models/qwen2_7b/executor.py","470d04590a60cf54e1e61aeeeda4b61a16d547fb","renamed","Mechanical move of model-owned implementation into the installed concrete-model package.","production_model","false"
"models/common/models/qwen2_7b/generator.py","src/tt_transformers/models/qwen2_7b/generator.py","07d3ea4cb18d5a76d35ca0eb70aae52b50ffc308","renamed","Mechanical move of model-owned implementation into the installed concrete-model package. Replace the runtime import of TTTv1 create_submeshes with tt_transformers.mesh_utils.","production_model","true"
"models/common/models/qwen2_7b/hf_adaptor.py","src/tt_transformers/models/qwen2_7b/hf_adaptor.py","23646bac62a81e0b6f40ead008c84b8cda2a2dd3","renamed","Mechanical move of model-owned implementation into the installed concrete-model package.","production_model","false"
"models/common/models/qwen2_7b/model.py","src/tt_transformers/models/qwen2_7b/model.py","efd949a602147c1826def377bae60435cb15a604","renamed","Mechanical move of model-owned implementation into the installed concrete-model package.","production_model","false"
"models/common/models/qwen2_7b/README.md","examples/qwen2_7b/README.md","b4f461486153f17c35544d5efadd82c458348882","renamed","Model support and run documentation belongs with the top-level runnable example.","model_documentation","false"
"models/common/models/qwen2_7b/weight_utils.py","src/tt_transformers/models/qwen2_7b/weight_utils.py","62ecf0d9cfd14583e96e3b4e946caa3615693395","renamed","Mechanical move of model-owned implementation into the installed concrete-model package.","production_model","false"
"models/common/models/qwen2_executor.py","src/tt_transformers/models/qwen2_executor.py","321d10bd5c1165eecac5ec30d9185d5e1b71321a","renamed","Mechanical move of shared model executor implementation into the installed models package. Redirect the legacy aggregate SamplingParams import to the canonical neutral value module.","production_model","true"
"models/common/models/qwen25_72b/__init__.py","src/tt_transformers/models/qwen25_72b/__init__.py","0ab695204a2a8d6d8f18e8ae6aa9f88bb2094aa2","renamed","Mechanical move of model-owned implementation into the installed concrete-model package.","production_model","false"
"models/common/models/qwen25_72b/executor.py","src/tt_transformers/models/qwen25_72b/executor.py","9403bf17c2529dd3dc317ffa0d3b1e30c8cfba96","renamed","Mechanical move of model-owned implementation into the installed concrete-model package.","production_model","false"
"models/common/models/qwen25_72b/generator.py","src/tt_transformers/models/qwen25_72b/generator.py","050b3e706fc742e5c69a5321e0fb759b8593aa76","renamed","Mechanical move of model-owned implementation into the installed concrete-model package. Replace the runtime import of TTTv1 create_submeshes with tt_transformers.mesh_utils.","production_model","true"
"models/common/models/qwen25_72b/hf_adaptor.py","src/tt_transformers/models/qwen25_72b/hf_adaptor.py","b1d6a9143511bb0b5685b356083facb3deb0b0e5","renamed","Mechanical move of model-owned implementation into the installed concrete-model package.","production_model","false"
"models/common/models/qwen25_72b/model.py","src/tt_transformers/models/qwen25_72b/model.py","88376931fb98218de91614f0b94cf3c9064ffc0a","renamed","Mechanical move of model-owned implementation into the installed concrete-model package.","production_model","false"
"models/common/models/qwen25_72b/README.md","examples/qwen25_72b/README.md","f9197138b5306949803ce9d2461ba0d981ab0074","renamed","Model support and run documentation belongs with the top-level runnable example.","model_documentation","false"
"models/common/models/qwen25_72b/weight_utils.py","src/tt_transformers/models/qwen25_72b/weight_utils.py","9bcc71a776e3245bb73640351600adad4669d140","renamed","Mechanical move of model-owned implementation into the installed concrete-model package.","production_model","false"
"models/common/models/qwen25_72b/weights.py","src/tt_transformers/models/qwen25_72b/weights.py","22fe6666c2794395839ed8b863e4b0dd07f90162","renamed","Mechanical move of model-owned implementation into the installed concrete-model package.","production_model","false"
"models/common/models/qwen25_7b/__init__.py","src/tt_transformers/models/qwen25_7b/__init__.py","cd861b72109c2c1fb9ee60d593bc251e49e50425","renamed","Mechanical move of model-owned implementation into the installed concrete-model package.","production_model","false"
"models/common/models/qwen25_7b/executor.py","src/tt_transformers/models/qwen25_7b/executor.py","d408feb37c317eff2b2f1d776b663a67112e2f7e","renamed","Mechanical move of model-owned implementation into the installed concrete-model package.","production_model","false"
"models/common/models/qwen25_7b/generator.py","src/tt_transformers/models/qwen25_7b/generator.py","ace298acdb874d4afa87791f8ef97c3ea0cbbd8e","renamed","Mechanical move of model-owned implementation into the installed concrete-model package. Replace the runtime import of TTTv1 create_submeshes with tt_transformers.mesh_utils.","production_model","true"
"models/common/models/qwen25_7b/hf_adaptor.py","src/tt_transformers/models/qwen25_7b/hf_adaptor.py","f67ceaf876a104ec6beb7d507d1f421df1930979","renamed","Mechanical move of model-owned implementation into the installed concrete-model package.","production_model","false"
"models/common/models/qwen25_7b/model.py","src/tt_transformers/models/qwen25_7b/model.py","69784b1b708de38da2d57d489d625470faeb2dda","renamed","Mechanical move of model-owned implementation into the installed concrete-model package.","production_model","false"
"models/common/models/qwen25_7b/README.md","examples/qwen25_7b/README.md","ffb43813529c601b60139c52f73e531890bc2958","renamed","Model support and run documentation belongs with the top-level runnable example.","model_documentation","false"
"models/common/models/qwen25_7b/weight_utils.py","src/tt_transformers/models/qwen25_7b/weight_utils.py","62ecf0d9cfd14583e96e3b4e946caa3615693395","renamed","Mechanical move of model-owned implementation into the installed concrete-model package.","production_model","false"
"models/common/models/qwen25_coder_32b/__init__.py","src/tt_transformers/models/qwen25_coder_32b/__init__.py","c951b892b9493e6655c86c1eca7cce3d6723e375","renamed","Mechanical move of model-owned implementation into the installed concrete-model package.","production_model","false"
"models/common/models/qwen25_coder_32b/demo.py","examples/qwen25_coder_32b/smoke.py;tests/hardware/models/qwen25_coder_32b/test_smoke.py","2bb8240c112a6bff4098449ae343518566032fcd","split","Split the older hybrid smoke module into a distinct user smoke example and hardware characterization test; remove pytest and tests.* imports from the runnable surface without colliding with the fuller demo.","model_hybrid_demo","true"
"models/common/models/qwen25_coder_32b/executor.py","src/tt_transformers/models/qwen25_coder_32b/executor.py","58204f805de46981714abedc43e14bcca35a1b42","renamed","Mechanical move of model-owned implementation into the installed concrete-model package.","production_model","false"
"models/common/models/qwen25_coder_32b/generator.py","src/tt_transformers/models/qwen25_coder_32b/generator.py","c8cba975ca91690eaca95ee91a4d3d724ed910a5","renamed","Mechanical move of model-owned implementation into the installed concrete-model package. Replace the runtime import of TTTv1 create_submeshes with tt_transformers.mesh_utils.","production_model","true"
"models/common/models/qwen25_coder_32b/hf_adaptor.py","src/tt_transformers/models/qwen25_coder_32b/hf_adaptor.py","341d7c6fabe9b9bfa72eaf4f26a0cc2e5afdf123","renamed","Mechanical move of model-owned implementation into the installed concrete-model package.","production_model","false"
"models/common/models/qwen25_coder_32b/model.py","src/tt_transformers/models/qwen25_coder_32b/model.py","67d7a78cb598a78b25659814d94227e422410b1b","renamed","Mechanical move of model-owned implementation into the installed concrete-model package.","production_model","false"
"models/common/models/qwen25_coder_32b/README.md","examples/qwen25_coder_32b/README.md","012ac37288d5f8cec572f377eae33ea1073b4e97","renamed","Model support and run documentation belongs with the top-level runnable example.","model_documentation","false"
"models/common/models/qwen25_coder_32b/weight_utils.py","src/tt_transformers/models/qwen25_coder_32b/weight_utils.py","342f13eaa1e96b4de5e41722655eadd5b4788383","renamed","Mechanical move of model-owned implementation into the installed concrete-model package.","production_model","false"
"models/common/models/qwen3_32b/__init__.py","src/tt_transformers/models/qwen3_32b/__init__.py","bf778c5b575dab9a8bf2d964823dd3fbf00729f2","renamed","Mechanical move of model-owned implementation into the installed concrete-model package.","production_model","false"
"models/common/models/qwen3_32b/demo.py","examples/qwen3_32b/smoke.py;tests/hardware/models/qwen3_32b/test_smoke.py","53a91f37b6dba40d9558216d7f253a38561bbef9","split","Split the older hybrid smoke module into a distinct user smoke example and hardware characterization test; remove pytest and tests.* imports from the runnable surface without colliding with the fuller demo.","model_hybrid_demo","true"
"models/common/models/qwen3_32b/executor.py","src/tt_transformers/models/qwen3_32b/executor.py","cb764125a871e85c515beca11850455df21f5cd4","renamed","Mechanical move of model-owned implementation into the installed concrete-model package.","production_model","false"
"models/common/models/qwen3_32b/generator.py","src/tt_transformers/models/qwen3_32b/generator.py","45e353658ef6dd29fddaee92fbe95d9c48673735","renamed","Mechanical move of model-owned implementation into the installed concrete-model package. Replace the runtime import of TTTv1 create_submeshes with tt_transformers.mesh_utils.","production_model","true"
"models/common/models/qwen3_32b/hf_adaptor.py","src/tt_transformers/models/qwen3_32b/hf_adaptor.py","2b28398329500af2007b2f5fa678dc002d507528","renamed","Mechanical move of model-owned implementation into the installed concrete-model package.","production_model","false"
"models/common/models/qwen3_32b/model.py","src/tt_transformers/models/qwen3_32b/model.py","051f7099ebb2072a6f9f42bb8c9163dc1c497fe2","renamed","Mechanical move of model-owned implementation into the installed concrete-model package.","production_model","false"
"models/common/models/qwen3_32b/README.md","examples/qwen3_32b/README.md","6c009ce6ed61e0ccffbcc476095f8f0e71ce1cf9","renamed","Model support and run documentation belongs with the top-level runnable example.","model_documentation","false"
"models/common/models/qwen3_32b/weight_utils.py","src/tt_transformers/models/qwen3_32b/weight_utils.py","d61e031632a41edd852624344c5d1c0ddc0ac748","renamed","Mechanical move of model-owned implementation into the installed concrete-model package.","production_model","false"
"models/common/modules/attention/attention_1d.py","src/tt_transformers/modules/attention/attention_1d.py","0170f2cd382eb48267c26aa66f023b80648699a2","renamed","Mechanical move of reusable non-MoE module into the canonical package namespace. Phase 3 must remove or replace its TTTv1 from_model_args/Mode/model-config/RoPE bridge explicitly.","production_modules","true"
"models/common/modules/embedding/embedding_1d.py","src/tt_transformers/modules/embedding/embedding_1d.py","37940e756c1edc7e896a66289641bcdab44632db","renamed","Mechanical move of reusable non-MoE module into the canonical package namespace. Phase 3 must remove or replace its TTTv1 from_model_args/Mode/model-config/RoPE bridge explicitly.","production_modules","true"
"models/common/modules/lazy_buffer.py","src/tt_transformers/modules/lazy_buffer.py","b01f4aec40973087ef4148e83edef5e68bd173d1","renamed","Mechanical move of reusable non-MoE module into the canonical package namespace.","production_modules","false"
"models/common/modules/lazy_weight.py","src/tt_transformers/modules/lazy_weight.py","5bf526f7debedac8e8c5541441d73cdc6a20ffa1","renamed","Mechanical move of reusable non-MoE module into the canonical package namespace.","production_modules","false"
"models/common/modules/lm_head/lm_head_1d.py","src/tt_transformers/modules/lm_head/lm_head_1d.py","235a584bd257eb2a67a9173b0d4f19555bf429c1","renamed","Mechanical move of reusable non-MoE module into the canonical package namespace. Phase 3 must remove or replace its TTTv1 from_model_args/Mode/model-config/RoPE bridge explicitly.","production_modules","true"
"models/common/modules/mlp/mlp_1d.py","src/tt_transformers/modules/mlp/mlp_1d.py","87570219df81d10f956e957dea1323fae867ba24","renamed","Mechanical move of reusable non-MoE module into the canonical package namespace. Phase 3 must remove or replace its TTTv1 from_model_args/Mode/model-config/RoPE bridge explicitly.","production_modules","true"
"models/common/modules/mlp/mlp_2d.py","src/tt_transformers/modules/mlp/mlp_2d.py","edc156730ff7bf918b2c0d56f4590f66218adba1","renamed","Mechanical move of reusable non-MoE module into the canonical package namespace. Phase 3 must remove or replace its TTTv1 from_model_args/Mode/model-config/RoPE bridge explicitly.","production_modules","true"
"models/common/modules/moe/configs/deepseek_ocr.yaml","","2746f299071e645223bbef5e397b896631f2e6f4","excluded","Only planned TTTv2 directory exclusion: models/common/modules/moe is not part of TTTv2; its dedicated tests and configuration are excluded with it.","excluded_moe","false"
"models/common/modules/moe/configs/deepseek_v3_single_glx.yaml","","40ef1f9e2c42a633ff6b3766f4a3288546cb0c53","excluded","Only planned TTTv2 directory exclusion: models/common/modules/moe is not part of TTTv2; its dedicated tests and configuration are excluded with it.","excluded_moe","false"
"models/common/modules/moe/configs/deepseek_v3.yaml","","1bd9aad3a49dc3da83cbc4c805a3540054e2e2cf","excluded","Only planned TTTv2 directory exclusion: models/common/modules/moe is not part of TTTv2; its dedicated tests and configuration are excluded with it.","excluded_moe","false"
"models/common/modules/moe/configs/deepseek_v4_flash.yaml","","e762bf38fa0c12f53494784a449fb1e2fe299a70","excluded","Only planned TTTv2 directory exclusion: models/common/modules/moe is not part of TTTv2; its dedicated tests and configuration are excluded with it.","excluded_moe","false"
"models/common/modules/moe/configs/deepseek_v4_pro.yaml","","de8850f50bbeee95db1c5d64cc486a11697680ed","excluded","Only planned TTTv2 directory exclusion: models/common/modules/moe is not part of TTTv2; its dedicated tests and configuration are excluded with it.","excluded_moe","false"
"models/common/modules/moe/configs/gemma_4_26b.yaml","","1acff6e680f143d68dd2979410f814bb6015d683","excluded","Only planned TTTv2 directory exclusion: models/common/modules/moe is not part of TTTv2; its dedicated tests and configuration are excluded with it.","excluded_moe","false"
"models/common/modules/moe/configs/glm_47.yaml","","00e30c82a2c94585adcf600804f102a160829c16","excluded","Only planned TTTv2 directory exclusion: models/common/modules/moe is not part of TTTv2; its dedicated tests and configuration are excluded with it.","excluded_moe","false"
"models/common/modules/moe/configs/glm5.yaml","","d6a65510e7063adf333d689abedaa7059b61d593","excluded","Only planned TTTv2 directory exclusion: models/common/modules/moe is not part of TTTv2; its dedicated tests and configuration are excluded with it.","excluded_moe","false"
"models/common/modules/moe/configs/gpt_oss.yaml","","27a81a4d0de0c4b937317b1fedc15b4b60880e64","excluded","Only planned TTTv2 directory exclusion: models/common/modules/moe is not part of TTTv2; its dedicated tests and configuration are excluded with it.","excluded_moe","false"
"models/common/modules/moe/configs/kimi_k25.yaml","","c036da426b13f9a5cfa1081c3fc01cfb8b246c84","excluded","Only planned TTTv2 directory exclusion: models/common/modules/moe is not part of TTTv2; its dedicated tests and configuration are excluded with it.","excluded_moe","false"
"models/common/modules/moe/configs/ling_1t.yaml","","b6d89b509d63b12c33db01a8887fcfc4d2d1f5a5","excluded","Only planned TTTv2 directory exclusion: models/common/modules/moe is not part of TTTv2; its dedicated tests and configuration are excluded with it.","excluded_moe","false"
"models/common/modules/moe/configs/mistral_large_3.yaml","","fcd84b4396b6002fa2184016849dac3b619ae449","excluded","Only planned TTTv2 directory exclusion: models/common/modules/moe is not part of TTTv2; its dedicated tests and configuration are excluded with it.","excluded_moe","false"
"models/common/modules/moe/configs/models_table.md","","087bd6b2d7a5925cb8b4eb6b9a5aa28b233b3991","excluded","Only planned TTTv2 directory exclusion: models/common/modules/moe is not part of TTTv2; its dedicated tests and configuration are excluded with it.","excluded_moe","false"
"models/common/modules/moe/configs/qwen3_235b.yaml","","4d38b453725417b664efe4ee25f26d93b6a66802","excluded","Only planned TTTv2 directory exclusion: models/common/modules/moe is not part of TTTv2; its dedicated tests and configuration are excluded with it.","excluded_moe","false"
"models/common/modules/moe/configs/qwen3_omni_talker.yaml","","3fb108debd1b43c8e581904561ea39ba2954154e","excluded","Only planned TTTv2 directory exclusion: models/common/modules/moe is not part of TTTv2; its dedicated tests and configuration are excluded with it.","excluded_moe","false"
"models/common/modules/moe/configs/qwen3_omni_thinker.yaml","","ad41ced0e7e19ff306400a6983680e72aad4c18f","excluded","Only planned TTTv2 directory exclusion: models/common/modules/moe is not part of TTTv2; its dedicated tests and configuration are excluded with it.","excluded_moe","false"
"models/common/modules/moe/configs/qwen35_35b.yaml","","2ade4eb4a5ef86ffdb44bff07436699d35e9b9c3","excluded","Only planned TTTv2 directory exclusion: models/common/modules/moe is not part of TTTv2; its dedicated tests and configuration are excluded with it.","excluded_moe","false"
"models/common/modules/moe/configs/qwen35_397b.yaml","","361e892bc881e96627631617860e9b564a132dba","excluded","Only planned TTTv2 directory exclusion: models/common/modules/moe is not part of TTTv2; its dedicated tests and configuration are excluded with it.","excluded_moe","false"
"models/common/modules/moe/tt_moe_decode_config_schemas.py","","7823d11abc66de08e87f0a7de8947b6a2cf9d09b","excluded","Only planned TTTv2 directory exclusion: models/common/modules/moe is not part of TTTv2; its dedicated tests and configuration are excluded with it.","excluded_moe","false"
"models/common/modules/moe/tt_moe_decode_config.py","","47649d830f84f57a99e40bb2afcda072bfb07b71","excluded","Only planned TTTv2 directory exclusion: models/common/modules/moe is not part of TTTv2; its dedicated tests and configuration are excluded with it.","excluded_moe","false"
"models/common/modules/moe/tt_moe_decode.py","","184d7ba9977f887b7d41090dc9921d2634ee6a1d","excluded","Only planned TTTv2 directory exclusion: models/common/modules/moe is not part of TTTv2; its dedicated tests and configuration are excluded with it.","excluded_moe","false"
"models/common/modules/moe/tt_moe_gate_config.py","","775647a2c119273e863d364508310142fe4497f0","excluded","Only planned TTTv2 directory exclusion: models/common/modules/moe is not part of TTTv2; its dedicated tests and configuration are excluded with it.","excluded_moe","false"
"models/common/modules/moe/tt_moe_gate.py","","0a9651048ec4d28f0981a1ced86faabccf75a7a4","excluded","Only planned TTTv2 directory exclusion: models/common/modules/moe is not part of TTTv2; its dedicated tests and configuration are excluded with it.","excluded_moe","false"
"models/common/modules/README.md","src/tt_transformers/modules/README.md","117f5daf847f465091a1acc993c6f93fbfb404bd","renamed","Move reusable-module documentation with the installed module tree and rewrite old namespace examples.","production_documentation","true"
"models/common/modules/rmsnorm/rmsnorm_1d.py","src/tt_transformers/modules/rmsnorm/rmsnorm_1d.py","32e482f531dc50ad4e3210c70ac27ab0be7027a2","renamed","Mechanical move of reusable non-MoE module into the canonical package namespace. Phase 3 must remove or replace its TTTv1 from_model_args/Mode/model-config/RoPE bridge explicitly.","production_modules","true"
"models/common/modules/rmsnorm/rmsnorm_2d.py","src/tt_transformers/modules/rmsnorm/rmsnorm_2d.py","2079d7266b8027d1858b34195787302f11d65b4d","renamed","Mechanical move of reusable non-MoE module into the canonical package namespace. Phase 3 must remove or replace its TTTv1 from_model_args/Mode/model-config/RoPE bridge explicitly.","production_modules","true"
"models/common/modules/rope/rope_1d.py","src/tt_transformers/modules/rope/rope_1d.py","9384325d1876968081375229e6f13e66af385eeb","renamed","Mechanical move of reusable non-MoE module into the canonical package namespace. Phase 3 must remove or replace its TTTv1 from_model_args/Mode/model-config/RoPE bridge explicitly.","production_modules","true"
"models/common/modules/sampling/params.py","src/tt_transformers/modules/sampling/params.py","f120ff1973fba8a8a643a56a2e4a2da3dd6ce35b","renamed","Mechanical move of reusable non-MoE module into the canonical package namespace.","production_modules","false"
"models/common/modules/sampling/penalties_1d.py","src/tt_transformers/modules/sampling/penalties_1d.py","8d2e25560373d9f32305d2e0d6da68744b7bb285","renamed","Mechanical move of reusable non-MoE module into the canonical package namespace. Phase 3 must remove or replace its TTTv1 from_model_args/Mode/model-config/RoPE bridge explicitly.","production_modules","true"
"models/common/modules/sampling/sampling_1d.py","src/tt_transformers/modules/sampling/sampling_1d.py","6c4178d7a270d7fac6eeb26a81938afecc7ee903","renamed","Mechanical move of reusable non-MoE module into the canonical package namespace. Phase 3 must remove or replace its TTTv1 from_model_args/Mode/model-config/RoPE bridge explicitly.","production_modules","true"
"models/common/modules/sampling/sampling_state_1d.py","src/tt_transformers/modules/sampling/sampling_state_1d.py","cc9fc31d6045c2dc3973e8cdc6d318e36c320a48","renamed","Mechanical move of reusable non-MoE module into the canonical package namespace.","production_modules","false"
"models/common/modules/sampling/seed_manager_1d.py","src/tt_transformers/modules/sampling/seed_manager_1d.py","ce5002a859711e127bdd2d9ac9a8f4bc925ffa32","renamed","Mechanical move of reusable non-MoE module into the canonical package namespace.","production_modules","false"
"models/common/modules/tt_ccl.py","src/tt_transformers/modules/tt_ccl.py","6883e714a97d1badd3bb02f95ea33ef0f3cd002b","renamed","Mechanical move of reusable non-MoE module into the canonical package namespace.","production_modules","false"
"models/common/README.md","qualification/README.md","f5167e8faee535b5274ecf3b3fa8471cd17e9f57","renamed","Move documentation for retained validation helpers into the qualification area.","qualification_documentation","false"
"models/common/readiness_check/__init__.py","qualification/readiness/__init__.py","9bc5900beb4e8f60ebcc67605a88967ee510473a","renamed","Retain the TTTv2 readiness contract/tool under qualification and rewrite its old models.common namespace during extraction.","qualification_tool","true"
"models/common/readiness_check/autoregressive_prompt.txt","qualification/readiness/autoregressive_prompt.txt","1d24a4076fb5551a43fdad8d4ce502ca4050801d","renamed","Retain the readiness prompt/reference asset with the standalone qualification tools.","qualification_asset","false"
"models/common/readiness_check/check_degenerate_output.py","qualification/readiness/check_degenerate_output.py","e48bf14f4f5faff1141c2f0a4fe9cde989e90b16","renamed","Retain the TTTv2 readiness contract/tool under qualification and rewrite its old models.common namespace during extraction.","qualification_tool","true"
"models/common/readiness_check/contract.py","qualification/readiness/contract.py","f9ec9dc321abcf1474e5845bf63c1139b02082db","renamed","Retain the TTTv2 readiness contract/tool under qualification and rewrite its old models.common namespace during extraction.","qualification_tool","true"
"models/common/readiness_check/contract_vllm.py","qualification/readiness/contract_vllm.py","17532121d80665f4e761c0accf1804b47a9e24a0","renamed","Retain the TTTv2 readiness contract/tool under qualification and rewrite its old models.common namespace during extraction.","qualification_tool","true"
"models/common/readiness_check/generate.py","qualification/readiness/generate.py","645b6c947b04066a9c1f65671c0a0d18948c62c4","renamed","Retain the TTTv2 readiness contract/tool under qualification and rewrite its old models.common namespace during extraction.","qualification_tool","true"
"models/common/readiness_check/mesh_device.py","qualification/readiness/mesh_device.py","cd7b66bc550f71518884f1c45193a06704980d60","renamed","Retain the TTTv2 readiness contract/tool under qualification and rewrite its old models.common namespace during extraction.","qualification_tool","true"
"models/common/readiness_check/references/.gitignore","qualification/readiness/references/.gitignore","29426e6d5e0492a7ee277b31c22cf9dcae271fa1","renamed","Retain the readiness prompt/reference asset with the standalone qualification tools.","qualification_asset","false"
"models/common/readiness_check/run_autoregressive.py","qualification/readiness/run_autoregressive.py","ed00364cfde309bc72984fa943bb47e09e01bab6","renamed","Retain the TTTv2 readiness contract/tool under qualification and rewrite its old models.common namespace during extraction.","qualification_tool","true"
"models/common/readiness_check/run_prefill_check.py","qualification/readiness/run_prefill_check.py","c132ef13786dd7307acc9de632100f142ac9afea","renamed","Retain the TTTv2 readiness contract/tool under qualification and rewrite its old models.common namespace during extraction.","qualification_tool","true"
"models/common/readiness_check/run_teacher_forcing.py","qualification/readiness/run_teacher_forcing.py","e0461ec72b7b318ef51ebadb83e792a39ec4b4a8","renamed","Retain the TTTv2 readiness contract/tool under qualification and rewrite its old models.common namespace during extraction.","qualification_tool","true"
"models/common/readiness_check/run_vllm_server.py","qualification/readiness/run_vllm_server.py","854a62c6b4caedd64708da951c89c51af96d10d2","renamed","Retain the TTTv2 readiness contract/tool under qualification and rewrite its old models.common namespace during extraction.","qualification_tool","true"
"models/common/readiness_check/schema.py","qualification/readiness/schema.py","339308ea412b41bcee3ade389c0d07f1d2147d9e","renamed","Retain the TTTv2 readiness contract/tool under qualification and rewrite its old models.common namespace during extraction.","qualification_tool","true"
"models/common/readiness_check/teacher_forcing.py","qualification/readiness/teacher_forcing.py","8de088c6e2411310da9be9e63c1b4eec175b9639","renamed","Retain the TTTv2 readiness contract/tool under qualification and rewrite its old models.common namespace during extraction.","qualification_tool","true"
"models/common/readiness_check/test_check_degenerate_output.py","tests/qualification/readiness/test_check_degenerate_output.py","01498a9419c250656fa43294512b546c8779f7f0","renamed","Retain readiness-check characterization under the standalone qualification test suite.","test","false"
"models/common/readiness_check/test_generate.py","tests/qualification/readiness/test_generate.py","e7ae3c07d8abe34053bccff5c754c52fa5d396df","renamed","Retain readiness-check characterization under the standalone qualification test suite.","test","false"
"models/common/readiness_check/test_run_prefill_check.py","tests/qualification/readiness/test_run_prefill_check.py","55092b0db16dd156311339dc6eb350d127f4c130","renamed","Retain readiness-check characterization under the standalone qualification test suite.","test","false"
"models/common/readiness_check/test_run_teacher_forcing.py","tests/qualification/readiness/test_run_teacher_forcing.py","5bfa8732775c11376cd8ed883e5250a0ebd888af","renamed","Retain readiness-check characterization under the standalone qualification test suite.","test","false"
"models/common/readiness_check/test_run_vllm_server.py","tests/qualification/readiness/test_run_vllm_server.py","c3c382f4b9acb2998b37184a85ab16e083e79aac","renamed","Retain readiness-check characterization under the standalone qualification test suite.","test","false"
"models/common/readiness_check/test_schema.py","tests/qualification/readiness/test_schema.py","acada7854c4a4107b6c7241935c62db565045cab","renamed","Retain readiness-check characterization under the standalone qualification test suite.","test","false"
"models/common/readiness_check/vllm_prompts.txt","qualification/readiness/vllm_prompts.txt","b95c9244dec7f2a9c9ce7c67a3590b023c7f4cf6","renamed","Retain the readiness prompt/reference asset with the standalone qualification tools.","qualification_asset","false"
"models/common/sampling/__init__.py","src/tt_transformers/sampling/__init__.py","39a917fa491b8f6a662a6dc6485b3f6bb9d5051a","replaced","Replace the TTTv1 lazy-compatibility aggregate exports with standalone public exports that resolve one canonical SamplingParams.","production_sampling","true"
"models/common/sampling/_utils.py","src/tt_transformers/sampling/_utils.py","2acc7a26f615118c8aa2f9375f02ecd4643d4461","renamed","Mechanical move of sampling support into the standalone sampling package.","production_sampling","false"
"models/common/sampling/generator.py","src/tt_transformers/sampling/generator.py","8ced3dee267b629cb777e72ff95869fd86e2efc4","split","Extract SamplingGenerator and seed behavior; intentionally discard this file's duplicate SamplingParams because the separately inventoried models/common/sampling/sampling_params.py is canonical at src/tt_transformers/sampling/sampling_params.py.","production_sampling","true"
"models/common/sampling/README.md","src/tt_transformers/sampling/README.md","2f4fbc45a16324817ac8e8bd5a7213bb17c9cb46","renamed","Move sampling documentation with the package and rewrite old namespace examples.","production_documentation","true"
"models/common/sampling/sampling_params.py","src/tt_transformers/sampling/sampling_params.py","772d8aae382dd3e0b673f85e4d1e5ef0d90fb55a","renamed","Mechanical move of sampling support into the standalone sampling package.","production_sampling","false"
"models/common/sampling/tt_log_probs.py","src/tt_transformers/sampling/tt_log_probs.py","9e71381cbd8318460a1e0a3494540e41d37a5609","renamed","Mechanical move of sampling support into the standalone sampling package.","production_sampling","false"
"models/common/sampling/tt_penalties.py","src/tt_transformers/sampling/tt_penalties.py","b5398e2816286fc89f83550a91ba72e20e4f0f5a","renamed","Mechanical move of sampling support into the standalone sampling package.","production_sampling","false"
"models/common/sampling/tt_sampling.py","src/tt_transformers/sampling/tt_sampling.py","b75700fef5619d893bf7ea61a15c5d651f3b188b","renamed","Mechanical move of sampling support into the standalone sampling package.","production_sampling","false"
"models/common/sampling/vocab_padding.py","src/tt_transformers/sampling/vocab_padding.py","cffe2c2d3f598cf8ce94748587cba402b2bc36ac","renamed","Mechanical move of sampling support into the standalone sampling package.","production_sampling","false"
"models/common/tensor_utils.py","src/tt_transformers/tensor_utils.py","382e92e35d38fb80d60b80e2cd9206538b8fe417","renamed","Internalize the narrow tensor shape, padding, and mesh-mapper helpers required by TTTv2.","production_support","false"
"models/common/tests/conftest.py","tests/conftest.py","40ddbac9a91e704e684fbece8cc9becc017d50ed","renamed","Move TTTv2-owned mesh and device-lock fixtures into the standalone test root.","test_fixture","true"
"models/common/tests/demos/cleanup_utils.py","src/tt_transformers/device_utils.py;tests/integration/cleanup_utils.py","80df955f818ab054d69d9e003d52665f0dcb369d","split","Production demos currently import a test helper; split narrow lifecycle cleanup into package-owned device utilities while retaining test-only assertions.","boundary_support","true"
"models/common/tests/demos/deepseek_r1_distill_qwen_14b/__init__.py","examples/deepseek_r1_distill_qwen_14b/__init__.py","e13459ada2877a67fad216d55a31379cb8db5e78","renamed","Retain the example package marker with the model example.","example_support","false"
"models/common/tests/demos/deepseek_r1_distill_qwen_14b/demo.py","examples/deepseek_r1_distill_qwen_14b/demo.py;tests/hardware/models/deepseek_r1_distill_qwen_14b/test_demo.py","e290555fc59afd3684de4275ccdeea728fac8c7f","split","Split the current pytest-driven demo into a runnable example and its accuracy/performance hardware gates without changing test intent.","test_hybrid_demo","true"
"models/common/tests/demos/deepseek_r1_distill_qwen_14b/generate_book_refpt.py","qualification/tools/deepseek_r1_distill_qwen_14b/generate_book_refpt.py","9f3c5903a11e8b7da5359d41742f2c70dc2766d7","renamed","Reference-output generation is a qualification tool rather than installed model code.","qualification_tool","false"
"models/common/tests/demos/llama3_8b/demo_utils.py","examples/llama3_8b/demo_utils.py;tests/models/llama3_8b/demo_utils.py","6590bd283b820469b2b1f02065c52fe7309700d2","split","Split helpers used by both the runnable Llama 3 8B demo and model contract tests so production example code does not import tests.","boundary_support","true"
"models/common/tests/demos/llama3_8b/demo.py","examples/llama3_8b/demo.py;tests/hardware/models/llama3_8b/test_demo.py","5d0ff9235b1a965452afb5115fd374c9dcb48711","split","Split the current pytest-driven demo into a runnable example and its accuracy/performance hardware gates without changing test intent.","test_hybrid_demo","true"
"models/common/tests/demos/llama3_8b/reference_outputs/Llama-3.1-8B-Instruct.refpt","tests/assets/reference_outputs/llama3_8b/Llama-3.1-8B-Instruct.refpt","b5ee1619faa9824ed607befe5aff486046c8d8c7","split","Retain the demo-relative committed reference in the runnable example and hardware/model test evidence.","qualification_asset","false"
"models/common/tests/demos/llama3_8b/sample_prompts/input_data_questions_prefill_128.json","examples/assets/sample_prompts/input_data_questions_prefill_128.json","a18cf6f4622f46dbafbbcfaee0a5a25d30a4292d","split","Retain the demo-relative prompt fixture in the runnable example and hardware/model test evidence.","qualification_asset","false"
"models/common/tests/demos/llama32_1b/__init__.py","examples/llama32_1b/__init__.py","3fb3dc325bc3a65cd541a59c08df3b2b437d6724","renamed","Retain the example package marker with the model example.","example_support","false"
"models/common/tests/demos/llama32_1b/demo.py","examples/llama32_1b/demo.py;tests/hardware/models/llama32_1b/test_demo.py","1b03e64cd311e252abd09e72e6a2a3418182e0a8","split","Split the current pytest-driven demo into a runnable example and its accuracy/performance hardware gates without changing test intent.","test_hybrid_demo","true"
"models/common/tests/demos/llama32_3b/__init__.py","examples/llama32_3b/__init__.py","3fb3dc325bc3a65cd541a59c08df3b2b437d6724","renamed","Retain the example package marker with the model example.","example_support","false"
"models/common/tests/demos/llama32_3b/demo.py","examples/llama32_3b/demo.py;tests/hardware/models/llama32_3b/test_demo.py","4d05b6998e2f7ec6c6a2ed1f8cea9b862dddc325","split","Split the current pytest-driven demo into a runnable example and its accuracy/performance hardware gates without changing test intent.","test_hybrid_demo","true"
"models/common/tests/demos/llama33_70b/__init__.py","examples/llama33_70b/__init__.py","3fb3dc325bc3a65cd541a59c08df3b2b437d6724","renamed","Retain the example package marker with the model example.","example_support","false"
"models/common/tests/demos/llama33_70b/demo.py","examples/llama33_70b/demo.py;tests/hardware/models/llama33_70b/test_demo.py","cf019a10969bc523695508c4a02833e0dc1b6d46","split","Split the current pytest-driven demo into a runnable example and its accuracy/performance hardware gates without changing test intent.","test_hybrid_demo","true"
"models/common/tests/demos/mistral_7b/demo.py","examples/mistral_7b/demo.py;tests/hardware/models/mistral_7b/test_demo.py","ce14cff6576a7761f47e6f02bc3b8111c9403e0f","split","Split the current pytest-driven demo into a runnable example and its accuracy/performance hardware gates without changing test intent.","test_hybrid_demo","true"
"models/common/tests/demos/phi4/__init__.py","examples/phi4/__init__.py","e13459ada2877a67fad216d55a31379cb8db5e78","renamed","Retain the example package marker with the model example.","example_support","false"
"models/common/tests/demos/phi4/demo.py","examples/phi4/demo.py;tests/hardware/models/phi4/test_demo.py","684edcb5d70ec3dfce929521ef16e1c465c27a81","split","Split the current pytest-driven demo into a runnable example and its accuracy/performance hardware gates without changing test intent.","test_hybrid_demo","true"
"models/common/tests/demos/qwen2_7b/__init__.py","examples/qwen2_7b/__init__.py","3fb3dc325bc3a65cd541a59c08df3b2b437d6724","renamed","Retain the example package marker with the model example.","example_support","false"
"models/common/tests/demos/qwen2_7b/demo.py","examples/qwen2_7b/demo.py;tests/hardware/models/qwen2_7b/test_demo.py","cd9c3a2e81149517bed752b979d8336e36accf1a","split","Split the current pytest-driven demo into a runnable example and its accuracy/performance hardware gates without changing test intent.","test_hybrid_demo","true"
"models/common/tests/demos/qwen2_7b/generate_controlled_refpt.py","qualification/tools/qwen2_7b/generate_controlled_refpt.py","8ea9c75a6ea2b0bae57377f49445a55c46273214","renamed","Reference-output generation is a qualification tool rather than installed model code.","qualification_tool","false"
"models/common/tests/demos/qwen25_72b/demo.py","examples/qwen25_72b/demo.py;tests/hardware/models/qwen25_72b/test_demo.py","cdd379606cb406faa96e61512d7e2784ae608d0e","split","Split the current pytest-driven demo into a runnable example and its accuracy/performance hardware gates without changing test intent.","test_hybrid_demo","true"
"models/common/tests/demos/qwen25_72b/generate_controlled_refpt.py","qualification/tools/qwen25_72b/generate_controlled_refpt.py","7ed7f5b022192233ea8bd5008e56ce4b97d4902c","renamed","Reference-output generation is a qualification tool rather than installed model code.","qualification_tool","false"
"models/common/tests/demos/qwen25_7b/demo.py","examples/qwen25_7b/demo.py;tests/hardware/models/qwen25_7b/test_demo.py","65debda1048019b053776818341b5aabd081b115","split","Split the current pytest-driven demo into a runnable example and its accuracy/performance hardware gates without changing test intent.","test_hybrid_demo","true"
"models/common/tests/demos/qwen25_coder_32b/demo.py","examples/qwen25_coder_32b/demo.py;tests/hardware/models/qwen25_coder_32b/test_demo.py","714715c4774bd6ea48c1eec39684d4f1b34be3a5","split","Split the current pytest-driven demo into a runnable example and its accuracy/performance hardware gates without changing test intent.","test_hybrid_demo","true"
"models/common/tests/demos/qwen3_32b/demo.py","examples/qwen3_32b/demo.py;tests/hardware/models/qwen3_32b/test_demo.py","725e85f512141ceb4f7144333a0c6b1589daf2d8","split","Split the current pytest-driven demo into a runnable example and its accuracy/performance hardware gates without changing test intent.","test_hybrid_demo","true"
"models/common/tests/demos/run_helpers.py","src/tt_transformers/mesh_utils.py;tests/integration/run_helpers.py","6f346e4df73e79fd4fe30b91e4bd1b6c1a87c201","split","Production demos currently import a broad test helper; split neutral page-table/mesh logic from test and benchmark drivers.","boundary_support","true"
"models/common/tests/demos/test_cleanup_utils.py","tests/integration/test_cleanup_utils.py","676255a5c5411e0fba41af0471526bbf27d5f412","renamed","Move shared demo-helper characterization into integration tests.","test","false"
"models/common/tests/demos/test_run_helpers.py","tests/integration/test_run_helpers.py","e23b96cfc096c956dc7e25f7ac2613a7321ed7ad","renamed","Move shared demo-helper characterization into integration tests.","test","false"
"models/common/tests/host/test_metrics_pytorch_only.py","tests/host/test_metrics_pytorch_only.py","65188f86234e5b1007ed2ef9a43fdc2575420773","renamed","Retain host-only characterization in an explicit host test subtree.","test","false"
"models/common/tests/llm_runtime/test_config.py","tests/llm_runtime/test_config.py","37bd1af92fa51d0708b51dd04185e34dea86af75","renamed","Mechanical move of runtime characterization tests.","test","false"
"models/common/tests/llm_runtime/test_decode_runtime.py","tests/llm_runtime/test_decode_runtime.py","00bac5212e2b1a195f71df3628a331ab1e238a56","renamed","Mechanical move of runtime characterization tests.","test","false"
"models/common/tests/llm_runtime/test_execution.py","tests/llm_runtime/test_execution.py","fdcb3716df7b6cfc11c999a98da28fa4aba24c03","renamed","Mechanical move of runtime characterization tests.","test","false"
"models/common/tests/llm_runtime/test_executor_integration.py","tests/llm_runtime/test_executor_integration.py","48d7df4da2f2f3746fc1804a0963f7ad014c2016","renamed","Mechanical move of runtime characterization tests.","test","false"
"models/common/tests/llm_runtime/test_lane_group.py","tests/llm_runtime/test_lane_group.py","2368ea827fddec4f49bea3fc45649c87635117b5","renamed","Mechanical move of runtime characterization tests.","test","false"
"models/common/tests/llm_runtime/test_llama3_8b_integration.py","tests/llm_runtime/test_llama3_8b_integration.py","2e78870a4595dc4a4ca9861868ce0fbaf54116e5","renamed","Mechanical move of runtime characterization tests.","test","false"
"models/common/tests/llm_runtime/test_llama3_8b_model_contract.py","tests/llm_runtime/test_llama3_8b_model_contract.py","afd39a8eeb2d73eba308572ba2e9b9cd010e9ff3","renamed","Mechanical move of runtime characterization tests.","test","false"
"models/common/tests/llm_runtime/test_model_contract.py","tests/llm_runtime/test_model_contract.py","7f6bb9ff8f0dac57c7bfaa3c454186f30642d5ea","renamed","Mechanical move of runtime characterization tests.","test","false"
"models/common/tests/llm_runtime/test_model_executor.py","tests/llm_runtime/test_model_executor.py","ca1c1586e7ef67341f0bec8b39d29e53143bdd09","renamed","Mechanical move of runtime characterization tests.","test","false"
"models/common/tests/llm_runtime/test_output_reader.py","tests/llm_runtime/test_output_reader.py","93c3b5262fda648f426d840560f3555902e7822a","renamed","Mechanical move of runtime characterization tests.","test","false"
"models/common/tests/llm_runtime/test_paged_kv_cache.py","tests/llm_runtime/test_paged_kv_cache.py","124c81bd300b957f2ae9e751458d7c4a470b367d","renamed","Mechanical move of runtime characterization tests.","test","false"
"models/common/tests/llm_runtime/test_prefill_inputs.py","tests/llm_runtime/test_prefill_inputs.py","76685155eb77eec2134dcbcaba707fa7394867f1","renamed","Mechanical move of runtime characterization tests.","test","false"
"models/common/tests/llm_runtime/test_prefill_runtime.py","tests/llm_runtime/test_prefill_runtime.py","ab4bc65402a9dae656cbacbf44ab34e0f3bdeea8","renamed","Mechanical move of runtime characterization tests.","test","false"
"models/common/tests/llm_runtime/test_program_compiler.py","tests/llm_runtime/test_program_compiler.py","0913e00ea1221ce3e01e542ea61ddc62adc9a24b","renamed","Mechanical move of runtime characterization tests.","test","false"
"models/common/tests/llm_runtime/test_tensor_resources.py","tests/llm_runtime/test_tensor_resources.py","169a2a0f09c0f5826aeb81a57f6d73db3d43159f","renamed","Mechanical move of runtime characterization tests.","test","false"
"models/common/tests/llm_runtime/test_trace_compiler.py","tests/llm_runtime/test_trace_compiler.py","39c5e111f6eee44d3f34d5259954bc8df2441b32","renamed","Mechanical move of runtime characterization tests.","test","false"
"models/common/tests/llm_runtime/test_vllm_adapter.py","tests/llm_runtime/test_vllm_adapter.py","c2176fa748e1b2fd2a288181f129ac6bbbf26966","renamed","Mechanical move of runtime characterization tests.","test","false"
"models/common/tests/llm_runtime/test_warmup.py","tests/llm_runtime/test_warmup.py","2f2931a2ff4863ff147ecd2639e35c6df6edaa1e","renamed","Mechanical move of runtime characterization tests.","test","false"
"models/common/tests/models/deepseek_r1_distill_qwen_14b/test_demo_contract.py","tests/models/deepseek_r1_distill_qwen_14b/test_demo_contract.py","5cd6ec32aa503478279b1a352f16b295d3e54ca0","renamed","Mechanical move of concrete/shared model characterization tests.","test","false"
"models/common/tests/models/deepseek_r1_distill_qwen_14b/test_hf_adaptor.py","tests/models/deepseek_r1_distill_qwen_14b/test_hf_adaptor.py","3c9688a950e3562e5a6fe5ba7d4437168b3a2fab","renamed","Mechanical move of concrete/shared model characterization tests.","test","false"
"models/common/tests/models/deepseek_r1_distill_qwen_14b/test_prefill_last_token_contract.py","tests/models/deepseek_r1_distill_qwen_14b/test_prefill_last_token_contract.py","4814b7d8ea873c524393887a835851af90342062","renamed","Mechanical move of concrete/shared model characterization tests.","test","false"
"models/common/tests/models/llama3_8b/test_demo_contract.py","tests/models/llama3_8b/test_demo_contract.py","97dca6bb10bf20e692d05387b234bb306c613dd7","renamed","Mechanical move of concrete/shared model characterization tests.","test","false"
"models/common/tests/models/llama3_8b/test_model_profile.py","tests/models/llama3_8b/test_model_profile.py","cb598b00ae5e330543fb8675f4f133130b627291","renamed","Mechanical move of concrete/shared model characterization tests.","test","false"
"models/common/tests/models/llama32_1b/test_batched_prefill_postprocess.py","tests/models/llama32_1b/test_batched_prefill_postprocess.py","eb9c08e08928af982f629313b541aa8df9a6b94f","renamed","Mechanical move of concrete/shared model characterization tests.","test","false"
"models/common/tests/models/llama32_1b/test_demo_warmup.py","tests/models/llama32_1b/test_demo_warmup.py","9a5310687585be88289e673bd806be1f6e4e34c2","renamed","Mechanical move of concrete/shared model characterization tests.","test","false"
"models/common/tests/models/llama32_1b/test_hf_adaptor.py","tests/models/llama32_1b/test_hf_adaptor.py","2e02ae46829b98c62cd09fb19850a2ccc1ba5d9e","renamed","Mechanical move of concrete/shared model characterization tests.","test","false"
"models/common/tests/models/llama32_3b/test_batched_prefill_postprocess.py","tests/models/llama32_3b/test_batched_prefill_postprocess.py","4232f8c47e98b9e54f340421c86913bbd100ed97","renamed","Mechanical move of concrete/shared model characterization tests.","test","false"
"models/common/tests/models/llama32_3b/test_demo_warmup.py","tests/models/llama32_3b/test_demo_warmup.py","91c3145ed58de17a3030bec3b6e8da5482f0085f","renamed","Mechanical move of concrete/shared model characterization tests.","test","false"
"models/common/tests/models/llama32_3b/test_hf_adaptor.py","tests/models/llama32_3b/test_hf_adaptor.py","37bcf300a4fb04abfc2c9ed0bd061dd499ce883e","renamed","Mechanical move of concrete/shared model characterization tests.","test","false"
"models/common/tests/models/llama33_70b/logits_oracle.py","tests/models/llama33_70b/logits_oracle.py","e1ed2fadf7e4e72638ea1839533317e1f346731c","renamed","Mechanical move of concrete/shared model characterization tests.","test","false"
"models/common/tests/models/llama33_70b/test_demo_contract.py","tests/models/llama33_70b/test_demo_contract.py","8160ec4a0953045f5ae39b8dfe0a609e186347c8","renamed","Mechanical move of concrete/shared model characterization tests.","test","false"
"models/common/tests/models/llama33_70b/test_hf_adaptor.py","tests/models/llama33_70b/test_hf_adaptor.py","cee2a59ad93bdfafa5627e00dd40034268faa0a7","renamed","Mechanical move of concrete/shared model characterization tests.","test","false"
"models/common/tests/models/llama33_70b/test_logits_oracle.py","tests/models/llama33_70b/test_logits_oracle.py","80fec333811fbc115125f61b291573aacb1e0717","renamed","Mechanical move of concrete/shared model characterization tests.","test","false"
"models/common/tests/models/llama33_70b/test_model_profile.py","tests/models/llama33_70b/test_model_profile.py","70f37112ed78c4e69cb988416f304ca75ce72575","renamed","Mechanical move of concrete/shared model characterization tests.","test","false"
"models/common/tests/models/llama33_70b/test_p150x4_smoke.py","tests/models/llama33_70b/test_p150x4_smoke.py","c1baf1623eee45fd4fa98b67f82866a83838adcc","renamed","Mechanical move of concrete/shared model characterization tests.","test","false"
"models/common/tests/models/llama33_70b/test_t3k_batched_prefill_correctness.py","tests/models/llama33_70b/test_t3k_batched_prefill_correctness.py","08d9e84b06ef481225a041b392d03a02c03edbe1","renamed","Mechanical move of concrete/shared model characterization tests.","test","false"
"models/common/tests/models/mistral_7b/test_demo_contract.py","tests/models/mistral_7b/test_demo_contract.py","d58abcd97cf62f5733495a4df0507243edfa7404","renamed","Mechanical move of concrete/shared model characterization tests.","test","false"
"models/common/tests/models/mistral_7b/test_hf_adaptor.py","tests/models/mistral_7b/test_hf_adaptor.py","2a225f0633b381ff8d9676134c8434197de89c6d","renamed","Mechanical move of concrete/shared model characterization tests.","test","false"
"models/common/tests/models/mistral_7b/test_prefill_last_token_contract.py","tests/models/mistral_7b/test_prefill_last_token_contract.py","2f7b869c67e9811ff8a58d7dd913b48c2edb963a","renamed","Mechanical move of concrete/shared model characterization tests.","test","false"
"models/common/tests/models/phi4/test_demo_contract.py","tests/models/phi4/test_demo_contract.py","261378d6b03eb67c9156ba5f83785217b58bb4c0","renamed","Mechanical move of concrete/shared model characterization tests.","test","false"
"models/common/tests/models/phi4/test_hf_adaptor.py","tests/models/phi4/test_hf_adaptor.py","2b994ce2bc5de229c41a900539d2a09ef8d552d9","renamed","Mechanical move of concrete/shared model characterization tests.","test","false"
"models/common/tests/models/qwen2_7b/test_demo_contract.py","tests/models/qwen2_7b/test_demo_contract.py","1c5e4ae7745ced414e588da90f21a7d06ea0ad8d","renamed","Mechanical move of concrete/shared model characterization tests.","test","false"
"models/common/tests/models/qwen2_7b/test_hf_adaptor.py","tests/models/qwen2_7b/test_hf_adaptor.py","916021bc67bda67ed1c38cbb6658208f6473f735","renamed","Mechanical move of concrete/shared model characterization tests.","test","false"
"models/common/tests/models/qwen25_72b/test_demo_contract.py","tests/models/qwen25_72b/test_demo_contract.py","ad66c140a7b04ae68218a4fa016502f167ddfc48","renamed","Mechanical move of concrete/shared model characterization tests.","test","false"
"models/common/tests/models/qwen25_72b/test_hf_adaptor.py","tests/models/qwen25_72b/test_hf_adaptor.py","9cd3bea6b19d5d559fdc8b87adf43881722d39e7","renamed","Mechanical move of concrete/shared model characterization tests.","test","false"
"models/common/tests/models/qwen25_72b/test_model_runtime_surface.py","tests/models/qwen25_72b/test_model_runtime_surface.py","b7d92e37a03b8ef63ea2dee8843156971788b092","renamed","Mechanical move of concrete/shared model characterization tests.","test","false"
"models/common/tests/models/qwen25_7b/test_demo_contract.py","tests/models/qwen25_7b/test_demo_contract.py","653ce0b69b837b56d2d7c0aa916439c90748aeec","renamed","Mechanical move of concrete/shared model characterization tests.","test","false"
"models/common/tests/models/qwen25_7b/test_hf_adaptor.py","tests/models/qwen25_7b/test_hf_adaptor.py","8f6ab38839e22e46975e831a50586c85d4f52a37","renamed","Mechanical move of concrete/shared model characterization tests.","test","false"
"models/common/tests/models/qwen25_coder_32b/test_demo_contract.py","tests/models/qwen25_coder_32b/test_demo_contract.py","2084495c80feb7f8f0030abc9a334e164ad79d66","renamed","Mechanical move of concrete/shared model characterization tests.","test","false"
"models/common/tests/models/qwen25_coder_32b/test_hf_adaptor.py","tests/models/qwen25_coder_32b/test_hf_adaptor.py","8f5482f8c57a627f821110838d1d3bab3c5ea51a","renamed","Mechanical move of concrete/shared model characterization tests.","test","false"
"models/common/tests/models/qwen25_coder_32b/test_model_runtime_surface.py","tests/models/qwen25_coder_32b/test_model_runtime_surface.py","aa156ea5636e96ef867c1c4eec0d84404724b9ec","renamed","Mechanical move of concrete/shared model characterization tests.","test","false"
"models/common/tests/models/qwen3_32b/test_demo_contract.py","tests/models/qwen3_32b/test_demo_contract.py","74b2a7073af63da59bf3baa76553670b99799d33","renamed","Mechanical move of concrete/shared model characterization tests.","test","false"
"models/common/tests/models/qwen3_32b/test_hf_adaptor.py","tests/models/qwen3_32b/test_hf_adaptor.py","de1a89cf9baaaa860d56a505b8eb6a9c83f82998","renamed","Mechanical move of concrete/shared model characterization tests.","test","false"
"models/common/tests/models/qwen3_32b/test_model_runtime_surface.py","tests/models/qwen3_32b/test_model_runtime_surface.py","e23f54e41465ab6879c21dcc103994dab9fb3ad1","renamed","Mechanical move of concrete/shared model characterization tests.","test","false"
"models/common/tests/models/qwen3_32b/test_module_profiles.py","tests/models/qwen3_32b/test_module_profiles.py","5cca3800f04971c34ccb2987b89ec9e56e68e87e","renamed","Mechanical move of concrete/shared model characterization tests.","test","false"
"models/common/tests/models/qwen3_32b/test_p150x4_smoke.py","tests/models/qwen3_32b/test_p150x4_smoke.py","076f1dffce6307b0d06002832bdddbb09b817e70","renamed","Mechanical move of concrete/shared model characterization tests.","test","false"
"models/common/tests/models/test_qwen2_executor_family.py","tests/models/test_qwen2_executor_family.py","a4dc4a38981dc67eff4ace15c7d17aa2d897bb7a","renamed","Mechanical move of concrete/shared model characterization tests.","test","false"
"models/common/tests/modules/attention/low_pcc_notes.md","tests/modules/attention/low_pcc_notes.md","5d8812e5ea8884845f2869487d211c67cb990e6b","renamed","Mechanical move of reusable-module tests.","test","false"
"models/common/tests/modules/attention/profiling/test_attention_1d_profiling.py","tests/modules/attention/profiling/test_attention_1d_profiling.py","969f4617c3e5cd7776f23587ea386f2a822e143f","renamed","Mechanical move of reusable-module tests.","test","false"
"models/common/tests/modules/attention/test_attention_1d_arch_config.py","tests/modules/attention/test_attention_1d_arch_config.py","09f77358cae63f24de061a2b29e2e8b5a7cbd89c","renamed","Mechanical move of reusable-module tests.","test","false"
"models/common/tests/modules/attention/test_attention_1d.py","tests/modules/attention/test_attention_1d.py","e1a59e8bae604049920c74d0d78240b4ca69f623","renamed","Mechanical move of reusable-module tests.","test","false"
"models/common/tests/modules/embedding/test_embedding_1d.py","tests/modules/embedding/test_embedding_1d.py","6476e9d3e8baf9c0485462bb09add6737716c7fc","renamed","Mechanical move of reusable-module tests.","test","false"
"models/common/tests/modules/lm_head/test_lm_head_1d.py","tests/modules/lm_head/test_lm_head_1d.py","8e9553c1e1f417a8840f3d661b0f5d9aa60b39a0","renamed","Mechanical move of reusable-module tests.","test","false"
"models/common/tests/modules/mlp/test_mlp_1d_arch_config.py","tests/modules/mlp/test_mlp_1d_arch_config.py","625e4f42ea29c7f69132fa7a77d4c42328a8c546","renamed","Mechanical move of reusable-module tests.","test","false"
"models/common/tests/modules/mlp/test_mlp_1d.py","tests/modules/mlp/test_mlp_1d.py","d7b6eb622cb3c036e9ec2519e00e1953a053b52c","renamed","Mechanical move of reusable-module tests.","test","false"
"models/common/tests/modules/mlp/test_mlp_2d.py","tests/modules/mlp/test_mlp_2d.py","abc1babf662c10ea259a44c1bf0e9a50625652e8","renamed","Mechanical move of reusable-module tests.","test","false"
"models/common/tests/modules/moe/test_generalized_moe_gate.py","","bae5312d87a749a314f75b2072e7f0c8212f0102","excluded","Only planned TTTv2 directory exclusion: models/common/modules/moe is not part of TTTv2; its dedicated tests and configuration are excluded with it.","excluded_moe","false"
"models/common/tests/modules/moe/test_tt_moe_decode.py","","b3455e40fd403aacd72c609b5f9b86f8aa7b88da","excluded","Only planned TTTv2 directory exclusion: models/common/modules/moe is not part of TTTv2; its dedicated tests and configuration are excluded with it.","excluded_moe","false"
"models/common/tests/modules/moe/test_tt_moe_gate.py","","cf694d774e3eee3e41e3e10bbb2fbbe57b92dbac","excluded","Only planned TTTv2 directory exclusion: models/common/modules/moe is not part of TTTv2; its dedicated tests and configuration are excluded with it.","excluded_moe","false"
"models/common/tests/modules/rmsnorm/test_rmsnorm_1d.py","tests/modules/rmsnorm/test_rmsnorm_1d.py","1d4632b2daedfb94923033cc52ba650434f68fc5","renamed","Mechanical move of reusable-module tests.","test","false"
"models/common/tests/modules/rmsnorm/test_rmsnorm_2d.py","tests/modules/rmsnorm/test_rmsnorm_2d.py","51968a9d5e309971dc76a5d55aba76a1211a1b53","renamed","Mechanical move of reusable-module tests.","test","false"
"models/common/tests/modules/rope/test_rope_1d.py","tests/modules/rope/test_rope_1d.py","baf17654616e11fc35f1fdf0450cc429095f92e0","renamed","Mechanical move of reusable-module tests.","test","false"
"models/common/tests/modules/sampling/test_params.py","tests/modules/sampling/test_params.py","1b3a2fc526fbe7684f431c6b4d4bdcd33644de02","renamed","Mechanical move of reusable-module tests.","test","false"
"models/common/tests/modules/sampling/test_penalties_1d.py","tests/modules/sampling/test_penalties_1d.py","2a7c447674cd300c4308e3f5fbf4e7551f45691b","renamed","Mechanical move of reusable-module tests.","test","false"
"models/common/tests/modules/sampling/test_sampling_1d_release.py","tests/modules/sampling/test_sampling_1d_release.py","a22f1deb73cfc64e01979fb691ca4a96f8fcbd55","renamed","Mechanical move of reusable-module tests.","test","false"
"models/common/tests/modules/sampling/test_sampling_1d.py","tests/modules/sampling/test_sampling_1d.py","e999d26d8e52307709a19b2ca2c1b99225119046","renamed","Mechanical move of reusable-module tests.","test","false"
"models/common/tests/modules/sampling/test_sampling_state_1d.py","tests/modules/sampling/test_sampling_state_1d.py","acb276f437f959e4bc2b543fdba1328c7445a647","renamed","Mechanical move of reusable-module tests.","test","false"
"models/common/tests/modules/sampling/test_seed_manager_1d.py","tests/modules/sampling/test_seed_manager_1d.py","bcfe7ffcc19f0a1969091a2e9d37a636e90ea75f","renamed","Mechanical move of reusable-module tests.","test","false"
"models/common/tests/modules/test_lazy_buffer.py","tests/modules/test_lazy_buffer.py","aa2a9e97105dbaf8ea26b24d7bb6972fbaf5ca9a","renamed","Mechanical move of reusable-module tests.","test","false"
"models/common/tests/modules/test_tensor_utils.py","tests/modules/test_tensor_utils.py","6fa88af2a5c6eee8015ecc7f778eb4ce61b7bdb9","renamed","Mechanical move of reusable-module tests.","test","false"
"models/common/tests/requirements.txt","pyproject.toml","c75c448bbd0f8d9076d528dd2b203fa21d35b19e","replaced","Consolidate source test dependency/configuration metadata into the root PEP 621 project instead of retaining a nested test project.","test_config","false"
"models/common/tests/setup.cfg","pyproject.toml","2e41978945aed844e30eed3d77c728a405c43dc1","replaced","Consolidate source test dependency/configuration metadata into the root PEP 621 project instead of retaining a nested test project.","test_config","false"
"models/common/tests/test_auto_compose.py","tests/support/test_auto_compose.py","61541e0cac7110ba7afa03686fb5cf452b127a4d","renamed","Retain common validation/support characterization outside the installed package.","test","false"
"models/common/tests/test_bh_required_capabilities.py","tests/qualification/test_bh_required_capabilities.py","b690afac86c6fb3694126bf33cdf6892f581b55f","renamed","Retain schema/contract validation as a qualification test.","test","false"
"models/common/tests/test_device_lock.py","tests/hardware/test_device_lock.py","4c01f8a05560428e3f44c434cef3ca66214f496d","renamed","Retain device ownership and mesh policy characterization in hardware tests.","test","false"
"models/common/tests/test_distribute_as.py","tests/support/test_distribute_as.py","fd50ba136dab81c6cdbc76cd1ae8fcded7213dfa","renamed","Retain common validation/support characterization outside the installed package.","test","false"
"models/common/tests/test_lazy_weight.py","tests/modules/test_lazy_weight.py","ee5a76e1aa90d432ce7715dd263fe075574af74b","renamed","Retain lazy-weight characterization with reusable-module tests.","test","false"
"models/common/tests/test_llama3_8b_hf_adaptor.py","tests/models/llama3_8b/test_hf_adaptor_legacy_surface.py","5e3882668a8720537198781b8d4e0ea3fe08a762","renamed","Retain the model adaptor characterization with the concrete model tests.","test","false"
"models/common/tests/test_mesh_fixture_policy.py","tests/hardware/test_mesh_fixture_policy.py","da76018f9bdb83ad5ef89bb2d9b65a1781fa0ae8","renamed","Retain device ownership and mesh policy characterization in hardware tests.","test","false"
"models/common/tests/test_metrics.py","tests/support/test_metrics.py","05454d53a9133c77c78eb615ce4a415db16c3db6","renamed","Retain common validation/support characterization outside the installed package.","test","false"
"models/common/tests/test_sampling_vocab_padding.py","tests/modules/sampling/test_sampling_vocab_padding.py","a5f4bde494f3df042410b41ae45891a206e6fbaa","renamed","Retain shared/legacy sampling characterization while canonicalizing SamplingParams during boundary cleanup.","test","false"
"models/common/tests/test_sampling.py","tests/modules/sampling/test_legacy_sampling.py","40c78fd5b78e34d41c9c3328b738fecae41d3954","renamed","Retain shared/legacy sampling characterization while canonicalizing SamplingParams during boundary cleanup.","test","false"
"models/common/tests/test_tt_log_probs_state.py","tests/modules/sampling/test_tt_log_probs_state.py","23f99024cea4a523791ce8b4c8d40576a6a7c8ff","renamed","Retain shared/legacy sampling characterization while canonicalizing SamplingParams during boundary cleanup.","test","false"
"models/common/tests/test_tt_sampling.py","tests/modules/sampling/test_tt_sampling.py","d711d8357aebee186fca84c542c085860c9c3d19","renamed","Retain shared/legacy sampling characterization while canonicalizing SamplingParams during boundary cleanup.","test","false"
"models/common/tests/test_utils.py","tests/support/test_utils.py","46bc097942b7279586a1615acaa6c80e9edd1e98","renamed","Retain common validation/support characterization outside the installed package.","test","false"
"models/common/tests/test_validation_tools.py","tests/support/test_validation_tools.py","f4af09db6b176ed831ccba5eb82ba6a12e7d01f5","renamed","Retain common validation/support characterization outside the installed package.","test","false"
"models/common/tests/utils.py","tests/support/helpers.py","8ae0d3261adebb5deb3b0761e070527397fed524","renamed","Move common test-only helpers out of the production namespace.","test_support","false"
"models/common/utility_functions.py","src/tt_transformers/device_utils.py;tests/support/comparison.py","ebfea6474e67f4fd79363ddf81b85bedfa66961b","split","Do not copy the broad tt-metal utility module: extract the required Blackhole predicate into package device utilities and PCC helpers into tests.","boundary_support","true"
"models/common/utils.py","src/tt_transformers/sampling/logprobs.py","a999b20aab2de3e0f38635af0d5f162a665cf563","split","Extract only the LogProbsCalculator compatibility export required by Sampling1D into a narrow sampling owner; the unrelated legacy top-k/top-p helper is not part of this foundation.","boundary_support","true"
"models/common/validation_tools.py","tests/support/validation_tools.py","d9ea69e5c8a04c0e17d35446e2fc85909c80f1fc","renamed","Retain validation decorators and registries used by the extracted characterization suite.","qualification_tool","false"
"models/conftest.py","tests/conftest.py","933fd55912e7b2e9fb48018fc4899dfe93245fe5","split","Retain the TTTv2-relevant local perf-target hook while replacing tt-metal paths and global model-suite coupling.","test_fixture","true"
"models/demos/utils/llm_demo_utils.py","examples/common/llm_demo_utils.py","a3140959e4e94642c8b87afe58aa0763fe20ea45","split","Extract only the benchmark-data and target-verification helpers consumed by the twelve TTTv2 demos.","qualification_tool","true"
"models/demos/utils/model_targets.py","examples/common/model_targets.py","88928b2cf686ae2e68fbbcadbd73d343fc07af2f","split","Extract target resolution used by TTTv2 qualification without copying unrelated model policy.","qualification_tool","true"
"models/demos/utils/trace_region_sizes.py","examples/common/trace_region_sizes.py","58de7b11a90c622c9cb992cd0bb222f4f7331d5e","split","Extract trace-region lookup used by TTTv2 tests without copying unrelated model policy.","qualification_tool","true"
"models/model_targets.yaml","examples/config/model_targets.yaml","ae06b23a35609f013fa66b10014c1bfad1d0c2ee","split","Extract target rows for the twelve TTTv2 models from the repository-wide model target manifest.","qualification_manifest","true"
"models/model_trace_region_sizes.yaml","examples/config/model_trace_region_sizes.yaml","ae2e4a9f6d5f9edcf3bf9e165a3ffbd85a0902d7","split","Extract TTTv2 trace-region requirements from the repository-wide manifest.","qualification_manifest","true"
"models/perf/benchmarking_utils.py","examples/common/benchmarking_utils.py","7043bb05d3439bc85414436c9b1b0d0b985229c2","split","Extract the benchmark profiler/data surface used by TTTv2 demos and tests.","qualification_tool","true"
"models/test_tttv2_validate_vllm_matrix.py","tests/qualification/test_validate_vllm_matrix.py","66daca8bfe7abcffc5efea1ba28c270ce21ad487","renamed","Retain validator/runner characterization in qualification tests.","test","false"
"models/tt_transformers/demo/sample_prompts/eval_repeat_prompts_batch32.json","examples/assets/sample_prompts/eval_repeat_prompts_batch32.json","a89342d888863a5b3d619a31868abfae3c5ac9ea","renamed","Retain the shared prompt fixture consumed by the extracted model demos and qualification tests.","qualification_asset","false"
"models/tt_transformers/demo/sample_prompts/input_data_questions_prefill_128.json","examples/assets/sample_prompts/input_data_questions_prefill_128.json","a18cf6f4622f46dbafbbcfaee0a5a25d30a4292d","renamed","Retain the shared prompt fixture consumed by the extracted model demos and qualification tests.","qualification_asset","false"
"models/tt_transformers/model_params/Qwen3-32B/config.json","tests/assets/model_params/Qwen3-32B/config.json","12ea4a36c6ac093af8d8dbc3bd435ae8b67067d6","renamed","Retain the pinned Qwen3 configuration as qualification data for the intermediate-size contract test; production runtime does not load this repository asset.","qualification_asset","false"
"models/tt_transformers/tests/generate_reference_hf.py","qualification/tools/reference_outputs/generate_reference_hf.py","f14ba128cd082d169ce3957d6db6654fd048fee7","split","Retain the TTTv2-relevant reference-generation workflow while removing old model namespace assumptions.","qualification_tool","true"
"models/tt_transformers/tests/generate_reference_outputs.py","qualification/tools/reference_outputs/generate_reference_outputs.py","a68ea3fe612c41a6ab1aa8d517fda023f71a742f","split","Retain the TTTv2-relevant reference-generation workflow while removing old model namespace assumptions.","qualification_tool","true"
"models/tt_transformers/tests/generate_reference_outputs.sh","qualification/tools/reference_outputs/generate_reference_outputs.sh","bf27608c01578312e45efa566e96c0e8fa53a08e","split","Retain the TTTv2-relevant reference-generation workflow while removing old model namespace assumptions.","qualification_tool","true"
"models/tt_transformers/tests/reference_outputs/DeepSeek-R1-Distill-Qwen-14B.refpt","tests/assets/reference_outputs/deepseek_r1_distill_qwen_14b/DeepSeek-R1-Distill-Qwen-14B.refpt","cc3418e0c748078ac1c980540ffd0b471b81c4a0","renamed","Retain the committed reference-output artifact used by the model's accuracy/teacher-forcing qualification.","qualification_asset","false"
"models/tt_transformers/tests/reference_outputs/Llama-3.1-8B-Instruct.refpt","tests/assets/reference_outputs/llama3_8b/Llama-3.1-8B-Instruct.refpt","b5ee1619faa9824ed607befe5aff486046c8d8c7","renamed","Retain the committed reference-output artifact used by the model's accuracy/teacher-forcing qualification.","qualification_asset","false"
"models/tt_transformers/tests/reference_outputs/Llama-3.2-1B-Instruct.refpt","tests/assets/reference_outputs/llama32_1b/Llama-3.2-1B-Instruct.refpt","a5efba46561314d72a0272a2b977dab776d32dbf","renamed","Retain the committed reference-output artifact used by the model's accuracy/teacher-forcing qualification.","qualification_asset","false"
"models/tt_transformers/tests/reference_outputs/Llama-3.2-3B-Instruct.refpt","tests/assets/reference_outputs/llama32_3b/Llama-3.2-3B-Instruct.refpt","5a7c48370c04cbd11db932cc3568e4d8821f0c9d","renamed","Retain the committed reference-output artifact used by the model's accuracy/teacher-forcing qualification.","qualification_asset","false"
"models/tt_transformers/tests/reference_outputs/Llama-3.3-70B-Instruct.refpt","tests/assets/reference_outputs/llama33_70b/Llama-3.3-70B-Instruct.refpt","0af57017332bf2a91bc8e56da256c96cc921a8af","renamed","Retain the committed reference-output artifact used by the model's accuracy/teacher-forcing qualification.","qualification_asset","false"
"models/tt_transformers/tests/reference_outputs/Mistral-7B-Instruct-v0.3.refpt","tests/assets/reference_outputs/mistral_7b/Mistral-7B-Instruct-v0.3.refpt","868ee36f9245440bed9d86f8dfc4bc7495550d52","renamed","Retain the committed reference-output artifact used by the model's accuracy/teacher-forcing qualification.","qualification_asset","false"
"models/tt_transformers/tests/reference_outputs/phi-4.refpt","tests/assets/reference_outputs/phi4/phi-4.refpt","d2238323a152a15dd40b86ad1aa7444304cacb0d","renamed","Retain the committed reference-output artifact used by the model's accuracy/teacher-forcing qualification.","qualification_asset","false"
"models/tt_transformers/tests/reference_outputs/Qwen2-7B-Instruct.refpt","tests/assets/reference_outputs/qwen2_7b/Qwen2-7B-Instruct.refpt","2e7b4e8e9d8239a70926fcb8b8588837b575dc3e","renamed","Retain the committed reference-output artifact used by the model's accuracy/teacher-forcing qualification.","qualification_asset","false"
"models/tt_transformers/tests/reference_outputs/Qwen2.5-72B-Instruct.refpt","tests/assets/reference_outputs/qwen25_72b/Qwen2.5-72B-Instruct.refpt","61de1e579435d473ee43954f9b6c28612db8c87d","renamed","Retain the committed reference-output artifact used by the model's accuracy/teacher-forcing qualification.","qualification_asset","false"
"models/tt_transformers/tests/reference_outputs/Qwen2.5-7B-Instruct.refpt","tests/assets/reference_outputs/qwen25_7b/Qwen2.5-7B-Instruct.refpt","0901a633fa2ef38c9187157c0b90c8f4b7d4d349","renamed","Retain the committed reference-output artifact used by the model's accuracy/teacher-forcing qualification.","qualification_asset","false"
"models/tt_transformers/tests/reference_outputs/Qwen2.5-Coder-32B-Instruct.refpt","tests/assets/reference_outputs/qwen25_coder_32b/Qwen2.5-Coder-32B-Instruct.refpt","9e4a3e795f7a714a5c6fb786b99e6f46f8e79e7f","renamed","Retain the committed reference-output artifact used by the model's accuracy/teacher-forcing qualification.","qualification_asset","false"
"models/tt_transformers/tests/reference_outputs/Qwen3-32B.refpt","tests/assets/reference_outputs/qwen3_32b/Qwen3-32B.refpt","3f812f572f02e91b7a5069e4fae2fe94fc349d2e","renamed","Retain the committed reference-output artifact used by the model's accuracy/teacher-forcing qualification.","qualification_asset","false"
"models/tt_transformers/tests/tale-of-two-cities.txt.bz2","tests/assets/reference_inputs/tale-of-two-cities.txt.bz2","6492fd4e209a20df7d4358b7a71415335db69c3a","renamed","Retain the corpus input required to regenerate committed teacher-forcing reference outputs.","qualification_asset","false"
"models/tt_transformers/tt/common.py","src/tt_transformers/modules/mode.py","4a52c41b1c9ef0dcfcddc3e5f499c03df056d762","split","Extract only the model-neutral Mode value required by reusable dispatch; remove the TTTv1-only RoPE scaling bridge instead of copying it.","boundary_source","true"
"models/tt_transformers/tt/generator.py","src/tt_transformers/mesh_utils.py","76b014c9623b391d3622062fffb41d1942187b30","split","Extract the narrow create_submeshes behavior imported by all twelve model generators; do not copy the TTTv1 generator.","boundary_source","true"
"models/tt_transformers/tt/model_config.py","src/tt_transformers/modules/attention/attention_1d.py;src/tt_transformers/modules/mlp/mlp_1d.py;src/tt_transformers/modules/mlp/mlp_2d.py","d0bc8fe7a4c5753b2671c8abc7d27a4d720fd6c2","replaced","Remove TTTv1-only OpGroup/TensorGroup imports with the from_model_args bridges; no wholesale model-config copy is allowed.","boundary_source","true"
"models/tt_transformers/tt/rope.py","src/tt_transformers/modules/rope/rope_1d.py","ea12c22c3934ea4af583be655eedd8e0bb856abd","replaced","Remove the TTTv1-only compute_gather_cos_sin bridge or replace it narrowly inside TTTv2-owned RoPE code; do not copy the TTTv1 module.","boundary_source","true"
"models/tttv2_bh_required_capabilities.schema.json","qualification/schemas/bh_required_capabilities.schema.json","929cfa7f42485f847263f6bd75826b34e4123abc","renamed","Retain the Blackhole required-capabilities schema as qualification evidence.","qualification_schema","false"
"models/tttv2_llama3_8b_bh_required_capabilities.json","tests/hardware/capabilities/llama3_8b.json","f0e914be84d2341f21832de3b9ac4241ddf75f2d","renamed","Retain the model-specific Blackhole capability contract.","qualification_manifest","false"
"models/tttv2_llama33_70b_bh_required_capabilities.json","tests/hardware/capabilities/llama33_70b.json","2eb08039c349d991aa11b26dd9fc31ac349d90ea","renamed","Retain the model-specific Blackhole capability contract.","qualification_manifest","false"
"models/tttv2_qwen3_32b_bh_required_capabilities.json","tests/hardware/capabilities/qwen3_32b.json","3f9a6ec4dcde9dd846d46170c2567432c6352ca8","renamed","Retain the model-specific Blackhole capability contract.","qualification_manifest","false"
"models/tttv2_validate_bh_required_capabilities.py","qualification/tools/validate_bh_required_capabilities.py","9bdca9b09592ae76bb8171881793a43bd09cfd50","renamed","Retain the capability-contract validator and rewrite repository-relative paths.","qualification_tool","true"
"models/tttv2_validate_vllm_matrix.py","qualification/tools/validate_vllm_matrix.py","ed44eb95cfdfd35ba3bab71d3093b3900b155952","renamed","Retain the vLLM hardware-matrix validator and rewrite repository-relative paths.","qualification_tool","true"
"models/tttv2_vllm_hardware_gate_runner.sh","qualification/tools/vllm_hardware_gate_runner.sh","59f43c23e5b2c84dd8aeb32391c94c55912a0c64","renamed","Retain the vLLM hardware-gate runner as a qualification tool.","qualification_tool","true"
"tests/pipeline_reorg/models_e2e_tests.yaml","","b5950e6b7e628819e4e225746de4afaffba2b7fc","archived","Migration-only CI snapshot retained in audit tag tttv2-migration-audit-54648bc; no active repository destination.","archived_migration_context","true"
"tests/pipeline_reorg/models_sweep_tests.yaml","","69116fd9b673057aaeb60f19264a1947b5cc8348","archived","Migration-only CI snapshot retained in audit tag tttv2-migration-audit-54648bc; no active repository destination.","archived_migration_context","true"
"tests/pipeline_reorg/models_unit_tests.yaml","","8e23036e255ada04647fe33922203f73cfe14ccb","archived","Migration-only CI snapshot retained in audit tag tttv2-migration-audit-54648bc; no active repository destination.","archived_migration_context","true"
"tests/scripts/t3000/run_t3000_unit_tests.sh","","7fffcf3022ae2debf4ae45cc0364fea4dbe626f8","archived","Migration-only CI snapshot retained in audit tag tttv2-migration-audit-54648bc; no active repository destination.","archived_migration_context","true"
"tests/tests_common/cache_entries_counter.py","tests/support/cache_entries_counter.py","028364b7e8c6fe1a5d8a5d60f804443b69030b67","renamed","Move the cache-entry accounting helper required by standalone device fixtures into repository-owned test support.","test_support","true"
"models/common/models/galaxy/__init__.py","src/tt_transformers/models/galaxy/__init__.py","0f467c8046d05de1f2cab51ee350aed235398180","renamed","Add the Galaxy 8x4 shared model runtime, which was absent from the initial extraction base rather than excluded by it. Package exports resolve lazily through __getattr__ to satisfy the import boundary policy.","production_model","true"
"models/common/models/galaxy/capture_frees.py","src/tt_transformers/models/galaxy/capture_frees.py","4b2d9695cc315678a44a24caf14445fb3ea5ba88","renamed","Add the Galaxy 8x4 shared model runtime, which was absent from the initial extraction base rather than excluded by it.","production_model","false"
"models/common/models/galaxy/ccl.py","src/tt_transformers/models/galaxy/ccl.py","7063904866fb063b071346d87c6de4d9c1ec1c47","renamed","Add the Galaxy 8x4 shared model runtime, which was absent from the initial extraction base rather than excluded by it.","production_model","false"
"models/common/models/galaxy/collectives.py","src/tt_transformers/models/galaxy/collectives.py","6bf447a2c19fe9dbff92025f35ca22b5b0fae3f6","renamed","Add the Galaxy 8x4 shared model runtime, which was absent from the initial extraction base rather than excluded by it.","production_model","false"
"models/common/models/galaxy/kv_contract.py","src/tt_transformers/models/galaxy/kv_contract.py","86f0cca76d1d86cab3fdc9152173fbb3ccec2b62","renamed","Add the Galaxy 8x4 shared model runtime, which was absent from the initial extraction base rather than excluded by it.","production_model","false"
"models/common/models/galaxy/plans.py","src/tt_transformers/models/galaxy/plans.py","e59d0cb9584e2a32663acb3fb3de2e35f5c12396","renamed","Add the Galaxy 8x4 shared model runtime, which was absent from the initial extraction base rather than excluded by it.","production_model","false"
"models/common/models/galaxy/prefetch.py","src/tt_transformers/models/galaxy/prefetch.py","d3204e9cb4fc743bb04e3edb25d2c4eb47931027","renamed","Add the Galaxy 8x4 shared model runtime, which was absent from the initial extraction base rather than excluded by it.","production_model","false"
"models/common/models/galaxy/recipes.py","src/tt_transformers/models/galaxy/recipes.py","6578f5d2bb71eb5aa86394e4b2e1125e90e20f18","renamed","Add the Galaxy 8x4 shared model runtime, which was absent from the initial extraction base rather than excluded by it.","production_model","false"
"models/common/models/galaxy/resources.py","src/tt_transformers/models/galaxy/resources.py","eed4d13a7ed51795ae974bdf4873a8aeef299d48","renamed","Add the Galaxy 8x4 shared model runtime, which was absent from the initial extraction base rather than excluded by it.","production_model","false"
"models/common/models/llama33_70b_galaxy/__init__.py","src/tt_transformers/models/llama33_70b_galaxy/__init__.py","b1d3281566e3e8c9010c6be15883e6a3cb289e9a","renamed","Add the Llama 3.3 70B Galaxy 8x4 model package, absent from the initial extraction base. Package exports resolve lazily through __getattr__ to satisfy the import boundary policy.","production_model","true"
"models/common/models/llama33_70b_galaxy/executor.py","src/tt_transformers/models/llama33_70b_galaxy/executor.py","12cc0bde2d426078ab5caa5323453fc6d3ee73f1","renamed","Add the Llama 3.3 70B Galaxy 8x4 model package, absent from the initial extraction base. SamplingParams is imported from its canonical owner tt_transformers.sampling.sampling_params.","production_model","true"
"models/common/models/llama33_70b_galaxy/hf_adaptor.py","src/tt_transformers/models/llama33_70b_galaxy/hf_adaptor.py","f0954604c9b9e1515f3e25e8755741ca53e86443","renamed","Add the Llama 3.3 70B Galaxy 8x4 model package, absent from the initial extraction base. The checkpoint cache path is resolved through resolve_model_cache with full identity inputs and a single report_model_preflight, replacing direct environment access.","production_model","true"
"models/common/models/llama33_70b_galaxy/model.py","src/tt_transformers/models/llama33_70b_galaxy/model.py","259b33c59951d2b800e3c14b9273a450558847f0","renamed","Add the Llama 3.3 70B Galaxy 8x4 model package, absent from the initial extraction base.","production_model","false"
"models/common/models/llama33_70b_galaxy/weight_utils.py","src/tt_transformers/models/llama33_70b_galaxy/weight_utils.py","e692e576182e4cb5a136b6908791b06198b39e5b","renamed","Add the Llama 3.3 70B Galaxy 8x4 model package, absent from the initial extraction base.","production_model","false"
"models/common/models/qwen3_32b_galaxy/__init__.py","src/tt_transformers/models/qwen3_32b_galaxy/__init__.py","fb8460a0485fe834351cb329167f7c41711b2e5e","renamed","Add the Qwen3 32B Galaxy 8x4 model package, absent from the initial extraction base. Package exports resolve lazily through __getattr__ to satisfy the import boundary policy.","production_model","true"
"models/common/models/qwen3_32b_galaxy/executor.py","src/tt_transformers/models/qwen3_32b_galaxy/executor.py","de38ce6f7c5d5a92801907e067e2dd1e9da4af26","renamed","Add the Qwen3 32B Galaxy 8x4 model package, absent from the initial extraction base. SamplingParams is imported from its canonical owner tt_transformers.sampling.sampling_params.","production_model","true"
"models/common/models/qwen3_32b_galaxy/hf_adaptor.py","src/tt_transformers/models/qwen3_32b_galaxy/hf_adaptor.py","6bcf4d851afeb7c5362c4d9b1717e16085db410a","renamed","Add the Qwen3 32B Galaxy 8x4 model package, absent from the initial extraction base. The checkpoint cache path is resolved through resolve_model_cache with full identity inputs and a single report_model_preflight, replacing direct environment access, and the tokenizer no longer forces trust_remote_code.","production_model","true"
"models/common/models/qwen3_32b_galaxy/model.py","src/tt_transformers/models/qwen3_32b_galaxy/model.py","6a1ad98f3b8e7f0b5a76a68babfffb60da2cad37","renamed","Add the Qwen3 32B Galaxy 8x4 model package, absent from the initial extraction base.","production_model","false"
"models/common/models/qwen3_32b_galaxy/weight_utils.py","src/tt_transformers/models/qwen3_32b_galaxy/weight_utils.py","2be329b79381ee300d30ae63c88dee8fc21ca553","renamed","Add the Qwen3 32B Galaxy 8x4 model package, absent from the initial extraction base.","production_model","false"
"models/common/modules/attention/attention_2d.py","src/tt_transformers/modules/attention/attention_2d.py","fa6bcf19f081e6f1e3bf69cc5fa81da82247857b","renamed","Add the 2D tensor-parallel attention variant required by the Galaxy 8x4 model packages.","production_modules","false"
"models/common/modules/embedding/embedding_2d.py","src/tt_transformers/modules/embedding/embedding_2d.py","c700ab7d77d58852a8310386539ad70301e22984","renamed","Add the 2D tensor-parallel embedding variant required by the Galaxy 8x4 model packages. Default-device access goes through compatibility_default_device with a registered owner.","production_modules","true"
"models/common/modules/lm_head/lm_head_2d.py","src/tt_transformers/modules/lm_head/lm_head_2d.py","4b17d0ec1ca8bc6ea956382b50139988b3f7a379","renamed","Add the 2D tensor-parallel lm_head variant required by the Galaxy 8x4 model packages. Default-device access goes through compatibility_default_device with a registered owner.","production_modules","true"
"models/common/modules/prefetcher/__init__.py","src/tt_transformers/modules/prefetcher/__init__.py","796b6f5a838b7db1d35f5d78d99173d4acfb07db","renamed","Add the 2D prefetcher used by the Galaxy 8x4 packages to stage weights across the mesh.","production_modules","false"
"models/common/modules/prefetcher/prefetcher_2d.py","src/tt_transformers/modules/prefetcher/prefetcher_2d.py","733eb80b8611905f651e2a64cbe733b660556f7f","renamed","Add the 2D prefetcher used by the Galaxy 8x4 packages to stage weights across the mesh.","production_modules","false"
"models/common/modules/rope/rope_2d.py","src/tt_transformers/modules/rope/rope_2d.py","532cf9de1e5caeb55f3ce16b45eeebf4909d4d48","renamed","Add the 2D tensor-parallel rope variant required by the Galaxy 8x4 model packages. Default-device access goes through compatibility_default_device with a registered owner, and torch is imported under TYPE_CHECKING for its string annotations.","production_modules","true"
"models/common/modules/sampling/sampling_2d.py","src/tt_transformers/modules/sampling/sampling_2d.py","52089f556a4948f0a6e175cec3270ee1e6fe5759","renamed","Add the 2D tensor-parallel sampling variant required by the Galaxy 8x4 model packages. Default-device access goes through compatibility_default_device with a registered owner.","production_modules","true"
"models/common/tests/models/galaxy/galaxy_checkpoint.py","tests/models/galaxy/galaxy_checkpoint.py","49d0bfb4beefbab394abdc8475ee527f0c204448","renamed","Add the test-only helper shared by the Galaxy and 2D module suites.","test_support","false"
"models/common/tests/models/galaxy/galaxy_hardware.py","tests/models/galaxy/galaxy_hardware.py","77690274941f19010ec2dafa7ab01dfd67dedfea","renamed","Add the test-only helper shared by the Galaxy and 2D module suites.","test_support","false"
"models/common/tests/models/galaxy/test_capture_frees.py","tests/models/galaxy/test_capture_frees.py","3f745a4b816433b94c82ca714f239eebc178dca0","renamed","Add coverage for the Galaxy 8x4 shared model runtime.","test","false"
"models/common/tests/models/galaxy/test_ccl.py","tests/models/galaxy/test_ccl.py","3e05c917ffa62b9ed3bce4f318b95d487a33e8be","renamed","Add coverage for the Galaxy 8x4 shared model runtime.","test","false"
"models/common/tests/models/galaxy/test_collectives.py","tests/models/galaxy/test_collectives.py","7cb5f475f3a782e042bfd3b3628ca520be0ac52c","renamed","Add coverage for the Galaxy 8x4 shared model runtime.","test","false"
"models/common/tests/models/galaxy/test_column_user_selector_wh_galaxy.py","tests/models/galaxy/test_column_user_selector_wh_galaxy.py","687c03c3df6194897334a9b734e7cfbfce97fa4f","renamed","Add coverage for the Galaxy 8x4 shared model runtime. Landed as a file only: the hardware matrix declares no Galaxy node, so this suite is not re-qualified in this repository.","test","false"
"models/common/tests/models/galaxy/test_gather_users_buffer_lifetime.py","tests/models/galaxy/test_gather_users_buffer_lifetime.py","192de8970f1f5f0d32703de57b21ab31e4a590b2","renamed","Add coverage for the Galaxy 8x4 shared model runtime.","test","false"
"models/common/tests/models/galaxy/test_lm_head_buffer_lifetime.py","tests/models/galaxy/test_lm_head_buffer_lifetime.py","86e6e6fde554a1fa8f97e8f99445689dc1787817","renamed","Add coverage for the Galaxy 8x4 shared model runtime.","test","false"
"models/common/tests/models/galaxy/test_partition_wh_galaxy.py","tests/models/galaxy/test_partition_wh_galaxy.py","4b08242992a646db96929a8ed5e6592fe8fe3bc3","renamed","Add coverage for the Galaxy 8x4 shared model runtime. Landed as a file only: the hardware matrix declares no Galaxy node, so this suite is not re-qualified in this repository.","test","false"
"models/common/tests/models/galaxy/test_plans.py","tests/models/galaxy/test_plans.py","83079d740ed73a8d2eb4656e7f9874b8272f09ce","renamed","Add coverage for the Galaxy 8x4 shared model runtime.","test","false"
"models/common/tests/models/galaxy/test_prefetcher_resources_composition.py","tests/models/galaxy/test_prefetcher_resources_composition.py","d09bf4b83206d0bc1f1de9f5fd3082b40d96da29","renamed","Add coverage for the Galaxy 8x4 shared model runtime.","test","false"
"models/common/tests/models/galaxy/test_recipes.py","tests/models/galaxy/test_recipes.py","ecb05d2fd6fafc482f71b18af1d95cfcb598c504","renamed","Add coverage for the Galaxy 8x4 shared model runtime.","test","false"
"models/common/tests/models/galaxy/test_resources.py","tests/models/galaxy/test_resources.py","27bfb395087c978b1c51b2b34d69793fc989e79a","renamed","Add coverage for the Galaxy 8x4 shared model runtime.","test","false"
"models/common/tests/models/galaxy/test_step7_page_table_placement_wh_galaxy.py","tests/models/galaxy/test_step7_page_table_placement_wh_galaxy.py","19d2388fcd3d72ba20508160a925347660167dad","renamed","Add coverage for the Galaxy 8x4 shared model runtime. Landed as a file only: the hardware matrix declares no Galaxy node, so this suite is not re-qualified in this repository.","test","false"
"models/common/tests/models/galaxy/test_step7_token_composition.py","tests/models/galaxy/test_step7_token_composition.py","e68b104b15d0eb7ae61c63b2f459d3b0559dd149","renamed","Add coverage for the Galaxy 8x4 shared model runtime.","test","false"
"models/common/tests/models/llama33_70b_galaxy/test_bringup_wh_galaxy.py","tests/models/llama33_70b_galaxy/test_bringup_wh_galaxy.py","56b9a0e7d31f6e6f10d2d54139ad94c66b704682","renamed","Add coverage for the Llama 3.3 70B Galaxy 8x4 model package. Landed as a file only: the hardware matrix declares no Galaxy node, so this suite is not re-qualified in this repository.","test","false"
"models/common/tests/models/llama33_70b_galaxy/test_decode_composer_host.py","tests/models/llama33_70b_galaxy/test_decode_composer_host.py","89320ddf0a773c686e5629a419ff8530c239e262","renamed","Add coverage for the Llama 3.3 70B Galaxy 8x4 model package.","test","false"
"models/common/tests/models/llama33_70b_galaxy/test_executor_warmup_plan_host.py","tests/models/llama33_70b_galaxy/test_executor_warmup_plan_host.py","458d12b2067b6b5989f5e5191adfcda4163cbdfe","renamed","Add coverage for the Llama 3.3 70B Galaxy 8x4 model package.","test","false"
"models/common/tests/models/llama33_70b_galaxy/test_executor_wh_galaxy.py","tests/models/llama33_70b_galaxy/test_executor_wh_galaxy.py","0998b074690778bf24318242a49f91abdfc4b83e","renamed","Add coverage for the Llama 3.3 70B Galaxy 8x4 model package. Landed as a file only: the hardware matrix declares no Galaxy node, so this suite is not re-qualified in this repository.","test","false"
"models/common/tests/models/llama33_70b_galaxy/test_hf_conversion_host.py","tests/models/llama33_70b_galaxy/test_hf_conversion_host.py","b2ed2aaed5f0941fcefcab8940ab58c3d0075f6f","renamed","Add coverage for the Llama 3.3 70B Galaxy 8x4 model package.","test","false"
"models/common/tests/models/llama33_70b_galaxy/test_model_host.py","tests/models/llama33_70b_galaxy/test_model_host.py","d63cf0b9d83f38ddf9714ff34873bf73d93792fd","renamed","Add coverage for the Llama 3.3 70B Galaxy 8x4 model package.","test","false"
"models/common/tests/models/llama33_70b_galaxy/test_model_wh_galaxy.py","tests/models/llama33_70b_galaxy/test_model_wh_galaxy.py","2e5d0e4891cc8c622e0894ef6ee7efc4617457c8","renamed","Add coverage for the Llama 3.3 70B Galaxy 8x4 model package. Landed as a file only: the hardware matrix declares no Galaxy node, so this suite is not re-qualified in this repository.","test","false"
"models/common/tests/models/llama33_70b_galaxy/test_prefill_hidden_ownership_host.py","tests/models/llama33_70b_galaxy/test_prefill_hidden_ownership_host.py","e62371d420b13261f2879356ce631340ca034657","renamed","Add coverage for the Llama 3.3 70B Galaxy 8x4 model package.","test","false"
"models/common/tests/models/llama33_70b_galaxy/test_trace_capture_context_host.py","tests/models/llama33_70b_galaxy/test_trace_capture_context_host.py","a8eb8bc1db3fb35b9bb59a98d8f55a1f5dc80416","renamed","Add coverage for the Llama 3.3 70B Galaxy 8x4 model package.","test","false"
"models/common/tests/models/llama33_70b_galaxy/test_trace_wh_galaxy.py","tests/models/llama33_70b_galaxy/test_trace_wh_galaxy.py","a17d4f5000ff8ab99ea0952568d0e7f910f78a98","renamed","Add coverage for the Llama 3.3 70B Galaxy 8x4 model package. Landed as a file only: the hardware matrix declares no Galaxy node, so this suite is not re-qualified in this repository.","test","false"
"models/common/tests/models/qwen3_32b_galaxy/test_executor_wh_galaxy.py","tests/models/qwen3_32b_galaxy/test_executor_wh_galaxy.py","8709b5ad2f39bb12779ec2540324b915593b7369","renamed","Add coverage for the Qwen3 32B Galaxy 8x4 model package. Landed as a file only: the hardware matrix declares no Galaxy node, so this suite is not re-qualified in this repository.","test","false"
"models/common/tests/models/qwen3_32b_galaxy/test_hf_conversion_host.py","tests/models/qwen3_32b_galaxy/test_hf_conversion_host.py","b8a0588862dc6e409e75d88b6155a7c468c65360","renamed","Add coverage for the Qwen3 32B Galaxy 8x4 model package.","test","false"
"models/common/tests/models/qwen3_32b_galaxy/test_model_host.py","tests/models/qwen3_32b_galaxy/test_model_host.py","d69ad3026825506b8ca95c3db64f492fb9a6503a","renamed","Add coverage for the Qwen3 32B Galaxy 8x4 model package.","test","false"
"models/common/tests/models/qwen3_32b_galaxy/test_model_wh_galaxy.py","tests/models/qwen3_32b_galaxy/test_model_wh_galaxy.py","36271fe602c759858267b02792bb21ab9d0e2840","renamed","Add coverage for the Qwen3 32B Galaxy 8x4 model package. Landed as a file only: the hardware matrix declares no Galaxy node, so this suite is not re-qualified in this repository.","test","false"
"models/common/tests/models/qwen3_32b_galaxy/test_trace_wh_galaxy.py","tests/models/qwen3_32b_galaxy/test_trace_wh_galaxy.py","61155183dd0301766d3f719708f0cd2d230d3f83","renamed","Add coverage for the Qwen3 32B Galaxy 8x4 model package. Landed as a file only: the hardware matrix declares no Galaxy node, so this suite is not re-qualified in this repository.","test","false"
"models/common/tests/modules/_hf_reference.py","tests/modules/_hf_reference.py","b7541508d0a20af197bba44731895e56f162eb43","renamed","Add the test-only helper shared by the Galaxy and 2D module suites.","test_support","false"
"models/common/tests/modules/_mlp_2d_galaxy.py","tests/modules/_mlp_2d_galaxy.py","7d346ce45494f258849306a3cdc1279d4b57ba46","renamed","Add the test-only helper shared by the Galaxy and 2D module suites.","test_support","false"
"models/common/tests/modules/_wh_galaxy_hardware.py","tests/modules/_wh_galaxy_hardware.py","3e27bb1640cd16a122d83d1069ef513e870f9b51","renamed","Add the test-only helper shared by the Galaxy and 2D module suites.","test_support","false"
"models/common/tests/modules/attention/test_attention_2d.py","tests/modules/attention/test_attention_2d.py","2b2d1a84b2d5dc246c5438df3aa74788277d3ce4","renamed","Add coverage for the 2D tensor-parallel module variants.","test","false"
"models/common/tests/modules/attention/test_attention_2d_wh_galaxy.py","tests/modules/attention/test_attention_2d_wh_galaxy.py","d169266c6370f0862f7784d3e42c5500e02e134c","renamed","Add coverage for the 2D tensor-parallel module variants. Landed as a file only: the hardware matrix declares no Galaxy node, so this suite is not re-qualified in this repository.","test","false"
"models/common/tests/modules/embedding/test_embedding_2d.py","tests/modules/embedding/test_embedding_2d.py","5a978e24e1b44ab4fb71d55d34d778f375cce35b","renamed","Add coverage for the 2D tensor-parallel module variants.","test","false"
"models/common/tests/modules/embedding/test_embedding_2d_wh_galaxy.py","tests/modules/embedding/test_embedding_2d_wh_galaxy.py","ad9c9b5d5f93e2d725416bb2140c6a1a4b2ec0a5","renamed","Add coverage for the 2D tensor-parallel module variants. Landed as a file only: the hardware matrix declares no Galaxy node, so this suite is not re-qualified in this repository.","test","false"
"models/common/tests/modules/lm_head/test_lm_head_2d.py","tests/modules/lm_head/test_lm_head_2d.py","e8874c64e18b2801c92c9cc1d79daee8dbdb16aa","renamed","Add coverage for the 2D tensor-parallel module variants.","test","false"
"models/common/tests/modules/lm_head/test_lm_head_2d_wh_galaxy.py","tests/modules/lm_head/test_lm_head_2d_wh_galaxy.py","c57720db018b52cac8702101feee8a0ac8ea16b4","renamed","Add coverage for the 2D tensor-parallel module variants. Landed as a file only: the hardware matrix declares no Galaxy node, so this suite is not re-qualified in this repository.","test","false"
"models/common/tests/modules/mlp/test_mlp_2d_wh_galaxy.py","tests/modules/mlp/test_mlp_2d_wh_galaxy.py","1149b4760974d3661b2263dcaa02aa725136c74d","renamed","Add coverage for the 2D tensor-parallel module variants. Landed as a file only: the hardware matrix declares no Galaxy node, so this suite is not re-qualified in this repository.","test","false"
"models/common/tests/modules/prefetcher/test_prefetcher_2d.py","tests/modules/prefetcher/test_prefetcher_2d.py","37ffaf82ae25464194ae9ddd0455e4582db20d4c","renamed","Add coverage for the 2D tensor-parallel module variants.","test","false"
"models/common/tests/modules/prefetcher/test_prefetcher_2d_wh_galaxy.py","tests/modules/prefetcher/test_prefetcher_2d_wh_galaxy.py","4e9311bf268e8a78fbce28f510cc0ee051ec5e21","renamed","Add coverage for the 2D tensor-parallel module variants. Landed as a file only: the hardware matrix declares no Galaxy node, so this suite is not re-qualified in this repository.","test","false"
"models/common/tests/modules/rmsnorm/test_rmsnorm_2d_wh_galaxy.py","tests/modules/rmsnorm/test_rmsnorm_2d_wh_galaxy.py","03c4c428aca2da213071291eaed1ce4514ef5141","renamed","Add coverage for the 2D tensor-parallel module variants. Landed as a file only: the hardware matrix declares no Galaxy node, so this suite is not re-qualified in this repository.","test","false"
"models/common/tests/modules/rope/test_rope_2d.py","tests/modules/rope/test_rope_2d.py","a7612226d940b60c36aa8811ec4b663e95b99b31","renamed","Add coverage for the 2D tensor-parallel module variants.","test","false"
"models/common/tests/modules/rope/test_rope_2d_wh_galaxy.py","tests/modules/rope/test_rope_2d_wh_galaxy.py","8bea07cb2d07be1b98e34f86507356996db572cc","renamed","Add coverage for the 2D tensor-parallel module variants. Landed as a file only: the hardware matrix declares no Galaxy node, so this suite is not re-qualified in this repository.","test","false"
"models/common/tests/modules/sampling/test_sampling_2d.py","tests/modules/sampling/test_sampling_2d.py","a9e9b9334055310170b8ec9f606979deb1152c87","renamed","Add coverage for the 2D tensor-parallel module variants.","test","false"
"models/common/tests/modules/sampling/test_sampling_2d_wh_galaxy.py","tests/modules/sampling/test_sampling_2d_wh_galaxy.py","252a64923db1f1d8921f407e22647bccd7b339d0","renamed","Add coverage for the 2D tensor-parallel module variants. Landed as a file only: the hardware matrix declares no Galaxy node, so this suite is not re-qualified in this repository.","test","false"
"models/common/tests/modules/sampling/test_sampling_2d_wh_galaxy_stochastic.py","tests/modules/sampling/test_sampling_2d_wh_galaxy_stochastic.py","1be9575668d4741e7b3e87a99516e3d131ae535b","renamed","Add coverage for the 2D tensor-parallel module variants. Landed as a file only: the hardware matrix declares no Galaxy node, so this suite is not re-qualified in this repository.","test","false"
"models/common/tests/modules/test_lazy_weight_release.py","tests/modules/test_lazy_weight_release.py","3bc0c284cf8431eacc50f8226da56810757ce1f5","renamed","Add coverage for the 2D tensor-parallel module variants.","test","false"
"models/common/models/galaxy/direct_demo.py","","f223e6b8bb140e3d2e0571ed68e11c13fa9e0f6f","excluded","Exclude the condemned GalaxyDirectRunner execution path per the 2026-09-02 operator decision. This file provides run_direct_demo, the runner entry point the excluded demos call.","excluded_condemned_runner","false"
"models/common/models/galaxy/direct_runner.py","","de57315e894c001fe47362f2921c913623036134","excluded","Exclude the condemned GalaxyDirectRunner execution path per the 2026-09-02 operator decision. The GalaxySamplingPolicy dataclass defined in this file is carried instead as src/tt_transformers/models/galaxy/sampling_policy.py, which the ported suites import; GalaxyDirectGeneration leaves with the runner, being used only by the runner's own tests.","excluded_condemned_runner","false"
"models/common/models/llama33_70b_galaxy/demo.py","","2fc53bad90c3014eb5e2e37fd3a2d814603924e1","excluded","Exclude the condemned GalaxyDirectRunner execution path per the 2026-09-02 operator decision. Every code path in this demo calls run_direct_demo, and the file records that it has never been executed.","excluded_condemned_runner","false"
"models/common/models/qwen3_32b_galaxy/demo.py","","faebb048b4295a2c4c2a754cdd40a61466855360","excluded","Exclude the condemned GalaxyDirectRunner execution path per the 2026-09-02 operator decision. Every code path in this demo calls run_direct_demo, and the file records that it has never been executed.","excluded_condemned_runner","false"
"models/common/tests/models/galaxy/step7_harness.py","","a12d5bda73154810380fc6f2cf5ff37102fda39e","excluded","Exclude the condemned GalaxyDirectRunner execution path per the 2026-09-02 operator decision. This harness drives the excluded runner and cannot be collected without it.","excluded_condemned_runner","false"
"models/common/tests/models/galaxy/test_direct_runner.py","","ccb437d7c0cb2f36637e4b1ea3f8eb147aca6139","excluded","Exclude the condemned GalaxyDirectRunner execution path per the 2026-09-02 operator decision. This suite tests only the condemned class and is not relevant once it is gone.","excluded_condemned_runner","false"
"models/common/tests/models/galaxy/test_step7_concat32.py","","5d4e3100dde5a1ed39d50f74f7e5573b512abf72","excluded","Exclude the condemned GalaxyDirectRunner execution path per the 2026-09-02 operator decision. This suite cannot run without the excluded step7 harness; adaptation to a supported execution path is deferred.","excluded_condemned_runner","false"
"models/common/tests/models/galaxy/test_step7_long_context.py","","19b5d36d35b1d22b4d5539da5a7c38dd9d9b0b6b","excluded","Exclude the condemned GalaxyDirectRunner execution path per the 2026-09-02 operator decision. This suite cannot run without the excluded step7 harness; adaptation to a supported execution path is deferred.","excluded_condemned_runner","false"
"models/common/tests/models/galaxy/test_step7_paged_kv.py","","e737b73f3e81dd0befead4d6ae389b2dd0715656","excluded","Exclude the condemned GalaxyDirectRunner execution path per the 2026-09-02 operator decision. This suite cannot run without the excluded step7 harness; adaptation to a supported execution path is deferred.","excluded_condemned_runner","false"
"models/common/tests/models/galaxy/test_step7_prefix_cache.py","","360ca1587ba15951f8a910a080d8717c937a9638","excluded","Exclude the condemned GalaxyDirectRunner execution path per the 2026-09-02 operator decision. This suite cannot run without the excluded step7 harness; adaptation to a supported execution path is deferred.","excluded_condemned_runner","false"
"models/common/tests/models/galaxy/test_step7_repeat_and_cleanup.py","","9217736f25b265b9f5dd2aa53a8098ced43c075c","excluded","Exclude the condemned GalaxyDirectRunner execution path per the 2026-09-02 operator decision. This suite cannot run without the excluded step7 harness; adaptation to a supported execution path is deferred.","excluded_condemned_runner","false"
"models/common/tests/models/galaxy/test_step7_sampling.py","","7a121f82d6b6bb04a34ecbf7de9de4d83469acb7","excluded","Exclude the condemned GalaxyDirectRunner execution path per the 2026-09-02 operator decision. This suite cannot run without the excluded step7 harness; adaptation to a supported execution path is deferred.","excluded_condemned_runner","false"
"models/common/tests/models/llama33_70b_galaxy/test_full_model_wh_galaxy.py","","d6e27433e34bed7985b8187ed3e0cf0236f10280","excluded","Exclude the condemned GalaxyDirectRunner execution path per the 2026-09-02 operator decision. This device suite depends on the excluded runner; adaptation to a supported execution path is deferred.","excluded_condemned_runner","false"
"models/common/tests/models/llama33_70b_galaxy/test_step7_coverage_wh_galaxy.py","","5aab2779e26942ca4d741977e79ce40132c18388","excluded","Exclude the condemned GalaxyDirectRunner execution path per the 2026-09-02 operator decision. This device suite depends on the excluded runner; adaptation to a supported execution path is deferred.","excluded_condemned_runner","false"
"models/common/tests/models/qwen3_32b_galaxy/test_full_model_wh_galaxy.py","","2c6806bd1aec46a9ed1f9c81dc32ae0311f1c59e","excluded","Exclude the condemned GalaxyDirectRunner execution path per the 2026-09-02 operator decision. This device suite depends on the excluded runner; adaptation to a supported execution path is deferred.","excluded_condemned_runner","false"
"models/common/tests/models/qwen3_32b_galaxy/test_step7_coverage_wh_galaxy.py","","98b58473f9867fdef5976bf5c88af08561f4e643","excluded","Exclude the condemned GalaxyDirectRunner execution path per the 2026-09-02 operator decision. This device suite depends on the excluded runner; adaptation to a supported execution path is deferred.","excluded_condemned_runner","false"
"models/common/tests/models/galaxy/paired_perf.py","","865e2ae4b166090b00c0b27e376811e50d5a6670","excluded","Defer the Milestone C4 performance arm. This paired-measurement helper is real source a future contributor may want, but its claims were measured on Galaxy hardware this repository's qualification policy does not yet describe.","excluded_deferred_performance","false"
"models/common/tests/models/llama33_70b_galaxy/test_perf_wh_galaxy.py","","42532e731cbd19477c5c64f377094ab963fa65d4","excluded","Defer the Milestone C4 performance arm. This device suite reports throughput gates whose thresholds were measured on Galaxy hardware this repository's qualification policy does not yet describe.","excluded_deferred_performance","false"
"models/common/tests/models/qwen3_32b_galaxy/test_perf_wh_galaxy.py","","39fb633f2ba2a6aefae00a3e045221156041782f","excluded","Defer the Milestone C4 performance arm. This device suite reports throughput gates whose thresholds were measured on Galaxy hardware this repository's qualification policy does not yet describe.","excluded_deferred_performance","false"
"models/common/models/MILESTONE_B_STATUS.md","","e6d43974ab2f66910d2eabed0f7604fd1a0b481f","archived","Milestone B migration status page, retained on tt-metal branch apbernal/tttv2_wh_glx_2d_modules_milestone_c at commit 0036376d342; no active repository destination. Its durable content is the module and runtime documentation already in the package.","archived_migration_context","false"
"models/common/models/MILESTONE_C_STATUS.md","","4d6625ff1f606eeff328be790bd6d6bd8b3d0ec9","archived","Milestone C migration status page, retained on tt-metal branch apbernal/tttv2_wh_glx_2d_modules_milestone_c at commit 0036376d342; no active repository destination. Its durable content is the module and runtime documentation already in the package.","archived_migration_context","false"
"models/common/modules/MILESTONE_A_STATUS.md","","d09d9ce60fcd061d0e0917cc635a0b53163c4138","archived","Milestone A migration status page, retained on tt-metal branch apbernal/tttv2_wh_glx_2d_modules_milestone_c at commit 0036376d342; no active repository destination. Its durable content is the module and runtime documentation already in the package.","archived_migration_context","false"
