2026-09-03 03:47:42.800 | DEBUG    | ttnn:<module>:78 - Initial ttnn.CONFIG:
Config{cache_path=/home/gwang/.cache/ttnn,model_cache_path=/home/gwang/.cache/ttnn/models,tmp_dir=/tmp/ttnn,enable_model_cache=false,enable_fast_runtime_mode=true,validate_program_args=false,throw_exception_on_fallback=false,enable_logging=false,enable_graph_report=false,enable_graph_python_stack_traces=false,enable_detailed_buffer_report=false,enable_detailed_tensor_report=false,enable_comparison_mode=false,comparison_mode_should_raise_exception=false,comparison_mode_pcc=0.9999,root_report_path=generated/ttnn/reports,report_name=std::nullopt,std::nullopt}
============================= test session starts ==============================
platform linux -- Python 3.10.12, pytest-9.0.3, pluggy-1.6.0 -- /localdev/gwang/tt_transformers/.venv/bin/python
cachedir: .pytest_cache
rootdir: /localdev/gwang/tt_transformers
configfile: pyproject.toml
plugins: cov-7.0.0, timeout-2.4.0, anyio-4.14.2
timeout: 5400.0s
timeout method: signal
timeout func_only: False
collecting ... 2026-09-03 03:47:44.472 | WARNING  | qualification.tools.benchmarking_utils:<module>:19 - Skipping import of pydantic_models for benchmarking since not running in CI environment
collected 1 item

tests/hardware/models/llama33_70b/test_demo.py::test_llama33_70b[accuracy-batch-32-ci-T3K] 2026-09-03 03:47:44.484 | info     |          Device | Opening user mode device driver (tt_cluster.cpp:228)
2026-09-03 03:47:44.484 | info     |             UMD | Cluster constructor started. (cluster.cpp:389)
2026-09-03 03:47:44.484 | info     |             UMD | Creating TopologyDiscovery for architecture: wormhole_b0 (topology_discovery.cpp:96)
2026-09-03 03:47:44.484 | info     |             UMD | Starting topology discovery. (topology_discovery.cpp:115)
2026-09-03 03:47:44.488 | info     |             UMD | Established firmware bundle version: 18.12.1 (topology_discovery.cpp:575)
2026-09-03 03:47:44.512 | info     |             UMD | Completed topology discovery. (topology_discovery.cpp:119)
2026-09-03 03:47:44.545 | info     |             UMD | Opening local chip ids/PCIe ids: {0, 1, 2, 3}/[0, 1, 2, 3] and remote chip ids {4, 5, 6, 7} (cluster.cpp:173)
2026-09-03 03:47:44.545 | info     |             UMD | IOMMU: disabled (cluster.cpp:147)
2026-09-03 03:47:44.545 | info     |             UMD | KMD version: 2.4.1 (cluster.cpp:150)
2026-09-03 03:47:44.545 | info     |             UMD | Cluster constructor completed. (cluster.cpp:648)
2026-09-03 03:47:44.550 | info     |             UMD | Starting devices in cluster (cluster.cpp:1188)
2026-09-03 03:47:44.565 | info     |             UMD | Starting devices in cluster completed. (cluster.cpp:1196)
2026-09-03 03:47:44.586 | info     |     Distributed | Using auto discovery to generate mesh graph. (metal_env.cpp:437)
2026-09-03 03:47:44.586 | info     |     Distributed | Constructing control plane using auto-discovery (no mesh graph descriptor). (metal_env.cpp:499)
2026-09-03 03:47:44.587 | info     |          Fabric | Logical multi-mesh adjacency: intermesh degree histogram {0:1}; intra-mesh degree histograms mesh0 {2:4, 3:4} (topology_mapper_utils.cpp:3329)
2026-09-03 03:47:44.587 | info     |          Fabric | Physical multi-mesh adjacency: intermesh degree histogram {0:1}; intra-mesh degree histograms mesh0 {2:4, 3:4} (topology_mapper_utils.cpp:3337)
2026-09-03 03:47:44.588 | info     |           Metal | Fabric config changed from FabricConfig::DISABLED to FabricConfig::FABRIC_1D_RING, reinitializing control plane (metal_env.cpp:337)
2026-09-03 03:47:44.588 | info     |     Distributed | Using auto discovery to generate mesh graph. (metal_env.cpp:437)
2026-09-03 03:47:44.588 | info     |     Distributed | Constructing control plane using auto-discovery (no mesh graph descriptor). (metal_env.cpp:499)
2026-09-03 03:47:44.588 | info     |          Fabric | Logical multi-mesh adjacency: intermesh degree histogram {0:1}; intra-mesh degree histograms mesh0 {2:4, 3:4} (topology_mapper_utils.cpp:3329)
2026-09-03 03:47:44.588 | info     |          Fabric | Physical multi-mesh adjacency: intermesh degree histogram {0:1}; intra-mesh degree histograms mesh0 {2:4, 3:4} (topology_mapper_utils.cpp:3337)
2026-09-03 03:47:44.700 | warning  |           Metal | Got num_routing_planes: 1, which is less than current value: 255, ignoring the override (metal_env.cpp:312)
2026-09-03 03:47:44.700 | info     |           Metal | Dispatch on FabricConfig::FABRIC_1D_RING with 1 Command Queues
 (device_manager.cpp:299)
2026-09-03 03:47:44.723 | info     |           Metal | Initializing Fabric (fabric_firmware_initializer.cpp:296)
2026-09-03 03:47:44.781 | info     |           Metal | Fabric initialized on 8 devices (fabric_firmware_initializer.cpp:444)
2026-09-03 03:47:44.781 | info     |           Metal | Fabric Initialized with config FabricConfig::FABRIC_1D_RING (fabric_firmware_initializer.cpp:313)
[transformers] `torch_dtype` is deprecated! Use `dtype` instead!
Loading weights:   0%|          | 0/723 [00:00<?, ?it/s]Loading weights: 100%|██████████| 723/723 [00:00<00:00, 10246.71it/s]
Building layers:   0%|          | 0/80 [00:00<?, ?it/s]2026-09-03 03:49:38.136 | warning  |              Op | ttnn::tilize: Using input shard spec for output tensor because the legacy sharded optimized program factory is being used (tilize_device_operation.cpp:257)
2026-09-03 03:49:38.151 | warning  |              Op | ttnn::tilize: Using input shard spec for output tensor because the legacy sharded optimized program factory is being used (tilize_device_operation.cpp:257)
2026-09-03 03:49:38.152 | warning  |              Op | ttnn::tilize: Using input shard spec for output tensor because the legacy sharded optimized program factory is being used (tilize_device_operation.cpp:257)
2026-09-03 03:49:38.154 | warning  |              Op | ttnn::tilize: Using input shard spec for output tensor because the legacy sharded optimized program factory is being used (tilize_device_operation.cpp:257)
2026-09-03 03:49:38.156 | warning  |              Op | ttnn::tilize: Using input shard spec for output tensor because the legacy sharded optimized program factory is being used (tilize_device_operation.cpp:257)
2026-09-03 03:49:38.157 | warning  |              Op | ttnn::tilize: Using input shard spec for output tensor because the legacy sharded optimized program factory is being used (tilize_device_operation.cpp:257)
2026-09-03 03:49:38.159 | warning  |              Op | ttnn::tilize: Using input shard spec for output tensor because the legacy sharded optimized program factory is being used (tilize_device_operation.cpp:257)
2026-09-03 03:49:38.160 | warning  |              Op | ttnn::tilize: Using input shard spec for output tensor because the legacy sharded optimized program factory is being used (tilize_device_operation.cpp:257)
2026-09-03 03:49:38.161 | warning  |              Op | ttnn::tilize: Using input shard spec for output tensor because the legacy sharded optimized program factory is being used (tilize_device_operation.cpp:257)
2026-09-03 03:49:38.162 | warning  |              Op | ttnn::tilize: Using input shard spec for output tensor because the legacy sharded optimized program factory is being used (tilize_device_operation.cpp:257)
2026-09-03 03:49:38.164 | warning  |              Op | ttnn::tilize: Using input shard spec for output tensor because the legacy sharded optimized program factory is being used (tilize_device_operation.cpp:257)
2026-09-03 03:49:38.165 | warning  |              Op | ttnn::tilize: Using input shard spec for output tensor because the legacy sharded optimized program factory is being used (tilize_device_operation.cpp:257)
2026-09-03 03:49:38.166 | warning  |              Op | ttnn::tilize: Using input shard spec for output tensor because the legacy sharded optimized program factory is being used (tilize_device_operation.cpp:257)
2026-09-03 03:49:38.167 | warning  |              Op | ttnn::tilize: Using input shard spec for output tensor because the legacy sharded optimized program factory is being used (tilize_device_operation.cpp:257)
2026-09-03 03:49:38.169 | warning  |              Op | ttnn::tilize: Using input shard spec for output tensor because the legacy sharded optimized program factory is being used (tilize_device_operation.cpp:257)
2026-09-03 03:49:38.170 | warning  |              Op | ttnn::tilize: Using input shard spec for output tensor because the legacy sharded optimized program factory is being used (tilize_device_operation.cpp:257)
2026-09-03 03:49:38.171 | warning  |              Op | ttnn::tilize: Using input shard spec for output tensor because the legacy sharded optimized program factory is being used (tilize_device_operation.cpp:257)
2026-09-03 03:49:38.172 | warning  |              Op | ttnn::tilize: Using input shard spec for output tensor because the legacy sharded optimized program factory is being used (tilize_device_operation.cpp:257)
2026-09-03 03:49:38.174 | warning  |              Op | ttnn::tilize: Using input shard spec for output tensor because the legacy sharded optimized program factory is being used (tilize_device_operation.cpp:257)
2026-09-03 03:49:38.175 | warning  |              Op | ttnn::tilize: Using input shard spec for output tensor because the legacy sharded optimized program factory is being used (tilize_device_operation.cpp:257)
2026-09-03 03:49:38.176 | warning  |              Op | ttnn::tilize: Using input shard spec for output tensor because the legacy sharded optimized program factory is being used (tilize_device_operation.cpp:257)
2026-09-03 03:49:38.177 | warning  |              Op | ttnn::tilize: Using input shard spec for output tensor because the legacy sharded optimized program factory is being used (tilize_device_operation.cpp:257)
2026-09-03 03:49:38.178 | warning  |              Op | ttnn::tilize: Using input shard spec for output tensor because the legacy sharded optimized program factory is being used (tilize_device_operation.cpp:257)
2026-09-03 03:49:38.180 | warning  |              Op | ttnn::tilize: Using input shard spec for output tensor because the legacy sharded optimized program factory is being used (tilize_device_operation.cpp:257)
2026-09-03 03:49:38.181 | warning  |              Op | ttnn::tilize: Using input shard spec for output tensor because the legacy sharded optimized program factory is being used (tilize_device_operation.cpp:257)
2026-09-03 03:49:38.182 | warning  |              Op | ttnn::tilize: Using input shard spec for output tensor because the legacy sharded optimized program factory is being used (tilize_device_operation.cpp:257)
2026-09-03 03:49:38.184 | warning  |              Op | ttnn::tilize: Using input shard spec for output tensor because the legacy sharded optimized program factory is being used (tilize_device_operation.cpp:257)
2026-09-03 03:49:38.185 | warning  |              Op | ttnn::tilize: Using input shard spec for output tensor because the legacy sharded optimized program factory is being used (tilize_device_operation.cpp:257)
2026-09-03 03:49:38.186 | warning  |              Op | ttnn::tilize: Using input shard spec for output tensor because the legacy sharded optimized program factory is being used (tilize_device_operation.cpp:257)
2026-09-03 03:49:38.187 | warning  |              Op | ttnn::tilize: Using input shard spec for output tensor because the legacy sharded optimized program factory is being used (tilize_device_operation.cpp:257)
2026-09-03 03:49:38.188 | warning  |              Op | ttnn::tilize: Using input shard spec for output tensor because the legacy sharded optimized program factory is being used (tilize_device_operation.cpp:257)
2026-09-03 03:49:38.190 | warning  |              Op | ttnn::tilize: Using input shard spec for output tensor because the legacy sharded optimized program factory is being used (tilize_device_operation.cpp:257)
2026-09-03 03:49:38.191 | warning  |              Op | ttnn::tilize: Using input shard spec for output tensor because the legacy sharded optimized program factory is being used (tilize_device_operation.cpp:257)
2026-09-03 03:49:38.192 | warning  |              Op | ttnn::tilize: Using input shard spec for output tensor because the legacy sharded optimized program factory is being used (tilize_device_operation.cpp:257)
2026-09-03 03:49:38.193 | warning  |              Op | ttnn::tilize: Using input shard spec for output tensor because the legacy sharded optimized program factory is being used (tilize_device_operation.cpp:257)
2026-09-03 03:49:38.195 | warning  |              Op | ttnn::tilize: Using input shard spec for output tensor because the legacy sharded optimized program factory is being used (tilize_device_operation.cpp:257)
2026-09-03 03:49:38.196 | warning  |              Op | ttnn::tilize: Using input shard spec for output tensor because the legacy sharded optimized program factory is being used (tilize_device_operation.cpp:257)
2026-09-03 03:49:38.197 | warning  |              Op | ttnn::tilize: Using input shard spec for output tensor because the legacy sharded optimized program factory is being used (tilize_device_operation.cpp:257)
2026-09-03 03:49:38.198 | warning  |              Op | ttnn::tilize: Using input shard spec for output tensor because the legacy sharded optimized program factory is being used (tilize_device_operation.cpp:257)
2026-09-03 03:49:38.199 | warning  |              Op | ttnn::tilize: Using input shard spec for output tensor because the legacy sharded optimized program factory is being used (tilize_device_operation.cpp:257)
2026-09-03 03:49:38.201 | warning  |              Op | ttnn::tilize: Using input shard spec for output tensor because the legacy sharded optimized program factory is being used (tilize_device_operation.cpp:257)
2026-09-03 03:49:38.202 | warning  |              Op | ttnn::tilize: Using input shard spec for output tensor because the legacy sharded optimized program factory is being used (tilize_device_operation.cpp:257)
2026-09-03 03:49:38.204 | warning  |              Op | ttnn::tilize: Using input shard spec for output tensor because the legacy sharded optimized program factory is being used (tilize_device_operation.cpp:257)
2026-09-03 03:49:38.205 | warning  |              Op | ttnn::tilize: Using input shard spec for output tensor because the legacy sharded optimized program factory is being used (tilize_device_operation.cpp:257)
2026-09-03 03:49:38.206 | warning  |              Op | ttnn::tilize: Using input shard spec for output tensor because the legacy sharded optimized program factory is being used (tilize_device_operation.cpp:257)
2026-09-03 03:49:38.207 | warning  |              Op | ttnn::tilize: Using input shard spec for output tensor because the legacy sharded optimized program factory is being used (tilize_device_operation.cpp:257)
2026-09-03 03:49:38.208 | warning  |              Op | ttnn::tilize: Using input shard spec for output tensor because the legacy sharded optimized program factory is being used (tilize_device_operation.cpp:257)
2026-09-03 03:49:38.210 | warning  |              Op | ttnn::tilize: Using input shard spec for output tensor because the legacy sharded optimized program factory is being used (tilize_device_operation.cpp:257)
2026-09-03 03:49:38.211 | warning  |              Op | ttnn::tilize: Using input shard spec for output tensor because the legacy sharded optimized program factory is being used (tilize_device_operation.cpp:257)
2026-09-03 03:49:38.212 | warning  |              Op | ttnn::tilize: Using input shard spec for output tensor because the legacy sharded optimized program factory is being used (tilize_device_operation.cpp:257)
2026-09-03 03:49:38.213 | warning  |              Op | ttnn::tilize: Using input shard spec for output tensor because the legacy sharded optimized program factory is being used (tilize_device_operation.cpp:257)
2026-09-03 03:49:38.215 | warning  |              Op | ttnn::tilize: Using input shard spec for output tensor because the legacy sharded optimized program factory is being used (tilize_device_operation.cpp:257)
2026-09-03 03:49:38.216 | warning  |              Op | ttnn::tilize: Using input shard spec for output tensor because the legacy sharded optimized program factory is being used (tilize_device_operation.cpp:257)
2026-09-03 03:49:38.217 | warning  |              Op | ttnn::tilize: Using input shard spec for output tensor because the legacy sharded optimized program factory is being used (tilize_device_operation.cpp:257)
2026-09-03 03:49:38.218 | warning  |              Op | ttnn::tilize: Using input shard spec for output tensor because the legacy sharded optimized program factory is being used (tilize_device_operation.cpp:257)
2026-09-03 03:49:38.219 | warning  |              Op | ttnn::tilize: Using input shard spec for output tensor because the legacy sharded optimized program factory is being used (tilize_device_operation.cpp:257)
2026-09-03 03:49:38.221 | warning  |              Op | ttnn::tilize: Using input shard spec for output tensor because the legacy sharded optimized program factory is being used (tilize_device_operation.cpp:257)
2026-09-03 03:49:38.222 | warning  |              Op | ttnn::tilize: Using input shard spec for output tensor because the legacy sharded optimized program factory is being used (tilize_device_operation.cpp:257)
2026-09-03 03:49:38.223 | warning  |              Op | ttnn::tilize: Using input shard spec for output tensor because the legacy sharded optimized program factory is being used (tilize_device_operation.cpp:257)
2026-09-03 03:49:38.224 | warning  |              Op | ttnn::tilize: Using input shard spec for output tensor because the legacy sharded optimized program factory is being used (tilize_device_operation.cpp:257)
2026-09-03 03:49:38.225 | warning  |              Op | ttnn::tilize: Using input shard spec for output tensor because the legacy sharded optimized program factory is being used (tilize_device_operation.cpp:257)
2026-09-03 03:49:38.227 | warning  |              Op | ttnn::tilize: Using input shard spec for output tensor because the legacy sharded optimized program factory is being used (tilize_device_operation.cpp:257)
2026-09-03 03:49:38.228 | warning  |              Op | ttnn::tilize: Using input shard spec for output tensor because the legacy sharded optimized program factory is being used (tilize_device_operation.cpp:257)
2026-09-03 03:49:38.229 | warning  |              Op | ttnn::tilize: Using input shard spec for output tensor because the legacy sharded optimized program factory is being used (tilize_device_operation.cpp:257)
2026-09-03 03:49:38.230 | warning  |              Op | ttnn::tilize: Using input shard spec for output tensor because the legacy sharded optimized program factory is being used (tilize_device_operation.cpp:257)
2026-09-03 03:49:38.232 | warning  |              Op | ttnn::tilize: Using input shard spec for output tensor because the legacy sharded optimized program factory is being used (tilize_device_operation.cpp:257)
2026-09-03 03:49:38.233 | warning  |              Op | ttnn::tilize: Using input shard spec for output tensor because the legacy sharded optimized program factory is being used (tilize_device_operation.cpp:257)
2026-09-03 03:49:38.235 | warning  |              Op | ttnn::tilize: Using input shard spec for output tensor because the legacy sharded optimized program factory is being used (tilize_device_operation.cpp:257)
Building layers:  85%|████████▌ | 68/80 [00:00<00:00, 679.24it/s]2026-09-03 03:49:38.236 | warning  |              Op | ttnn::tilize: Using input shard spec for output tensor because the legacy sharded optimized program factory is being used (tilize_device_operation.cpp:257)
2026-09-03 03:49:38.237 | warning  |              Op | ttnn::tilize: Using input shard spec for output tensor because the legacy sharded optimized program factory is being used (tilize_device_operation.cpp:257)
2026-09-03 03:49:38.238 | warning  |              Op | ttnn::tilize: Using input shard spec for output tensor because the legacy sharded optimized program factory is being used (tilize_device_operation.cpp:257)
2026-09-03 03:49:38.348 | warning  |              Op | ttnn::tilize: Using input shard spec for output tensor because the legacy sharded optimized program factory is being used (tilize_device_operation.cpp:257)
2026-09-03 03:49:38.349 | warning  |              Op | ttnn::tilize: Using input shard spec for output tensor because the legacy sharded optimized program factory is being used (tilize_device_operation.cpp:257)
2026-09-03 03:49:38.351 | warning  |              Op | ttnn::tilize: Using input shard spec for output tensor because the legacy sharded optimized program factory is being used (tilize_device_operation.cpp:257)
2026-09-03 03:49:38.352 | warning  |              Op | ttnn::tilize: Using input shard spec for output tensor because the legacy sharded optimized program factory is being used (tilize_device_operation.cpp:257)
2026-09-03 03:49:38.353 | warning  |              Op | ttnn::tilize: Using input shard spec for output tensor because the legacy sharded optimized program factory is being used (tilize_device_operation.cpp:257)
2026-09-03 03:49:38.355 | warning  |              Op | ttnn::tilize: Using input shard spec for output tensor because the legacy sharded optimized program factory is being used (tilize_device_operation.cpp:257)
2026-09-03 03:49:38.356 | warning  |              Op | ttnn::tilize: Using input shard spec for output tensor because the legacy sharded optimized program factory is being used (tilize_device_operation.cpp:257)
2026-09-03 03:49:38.357 | warning  |              Op | ttnn::tilize: Using input shard spec for output tensor because the legacy sharded optimized program factory is being used (tilize_device_operation.cpp:257)
2026-09-03 03:49:38.359 | warning  |              Op | ttnn::tilize: Using input shard spec for output tensor because the legacy sharded optimized program factory is being used (tilize_device_operation.cpp:257)
Building layers: 100%|██████████| 80/80 [00:00<00:00, 356.32it/s]
2026-09-03 03:49:38.435 | INFO     | examples.llama33_70b.demo:_run_perf_benchmark:909 - [accuracy/batch-32-ci] SAMPLING_MODE=host -> sampling_params=None
2026-09-03 03:49:38.438 | DEBUG    | core:as_tensor:724 - Loaded cache for /localdev/gwang/tt_transformers/model_cache/llama33_70b/T3K/empty_kcache_paged_attention(1024, 1, 32, 128)_dtype_BFLOAT8_B_layout_TILE.tensorbin of shape Shape([1024, 1, 32, 128])
2026-09-03 03:49:38.440 | DEBUG    | core:as_tensor:724 - Loaded cache for /localdev/gwang/tt_transformers/model_cache/llama33_70b/T3K/empty_vcache_paged_attention(1024, 1, 32, 128)_dtype_BFLOAT8_B_layout_TILE.tensorbin of shape Shape([1024, 1, 32, 128])
2026-09-03 03:49:38.442 | DEBUG    | core:as_tensor:724 - Loaded cache for /localdev/gwang/tt_transformers/model_cache/llama33_70b/T3K/empty_kcache_paged_attention(1024, 1, 32, 128)_dtype_BFLOAT8_B_layout_TILE.tensorbin of shape Shape([1024, 1, 32, 128])
2026-09-03 03:49:38.443 | DEBUG    | core:as_tensor:724 - Loaded cache for /localdev/gwang/tt_transformers/model_cache/llama33_70b/T3K/empty_vcache_paged_attention(1024, 1, 32, 128)_dtype_BFLOAT8_B_layout_TILE.tensorbin of shape Shape([1024, 1, 32, 128])
2026-09-03 03:49:38.444 | DEBUG    | core:as_tensor:724 - Loaded cache for /localdev/gwang/tt_transformers/model_cache/llama33_70b/T3K/empty_kcache_paged_attention(1024, 1, 32, 128)_dtype_BFLOAT8_B_layout_TILE.tensorbin of shape Shape([1024, 1, 32, 128])
2026-09-03 03:49:38.446 | DEBUG    | core:as_tensor:724 - Loaded cache for /localdev/gwang/tt_transformers/model_cache/llama33_70b/T3K/empty_vcache_paged_attention(1024, 1, 32, 128)_dtype_BFLOAT8_B_layout_TILE.tensorbin of shape Shape([1024, 1, 32, 128])
2026-09-03 03:49:38.447 | DEBUG    | core:as_tensor:724 - Loaded cache for /localdev/gwang/tt_transformers/model_cache/llama33_70b/T3K/empty_kcache_paged_attention(1024, 1, 32, 128)_dtype_BFLOAT8_B_layout_TILE.tensorbin of shape Shape([1024, 1, 32, 128])
2026-09-03 03:49:38.448 | DEBUG    | core:as_tensor:724 - Loaded cache for /localdev/gwang/tt_transformers/model_cache/llama33_70b/T3K/empty_vcache_paged_attention(1024, 1, 32, 128)_dtype_BFLOAT8_B_layout_TILE.tensorbin of shape Shape([1024, 1, 32, 128])
2026-09-03 03:49:38.449 | DEBUG    | core:as_tensor:724 - Loaded cache for /localdev/gwang/tt_transformers/model_cache/llama33_70b/T3K/empty_kcache_paged_attention(1024, 1, 32, 128)_dtype_BFLOAT8_B_layout_TILE.tensorbin of shape Shape([1024, 1, 32, 128])
2026-09-03 03:49:38.451 | DEBUG    | core:as_tensor:724 - Loaded cache for /localdev/gwang/tt_transformers/model_cache/llama33_70b/T3K/empty_vcache_paged_attention(1024, 1, 32, 128)_dtype_BFLOAT8_B_layout_TILE.tensorbin of shape Shape([1024, 1, 32, 128])
2026-09-03 03:49:38.452 | DEBUG    | core:as_tensor:724 - Loaded cache for /localdev/gwang/tt_transformers/model_cache/llama33_70b/T3K/empty_kcache_paged_attention(1024, 1, 32, 128)_dtype_BFLOAT8_B_layout_TILE.tensorbin of shape Shape([1024, 1, 32, 128])
2026-09-03 03:49:38.453 | DEBUG    | core:as_tensor:724 - Loaded cache for /localdev/gwang/tt_transformers/model_cache/llama33_70b/T3K/empty_vcache_paged_attention(1024, 1, 32, 128)_dtype_BFLOAT8_B_layout_TILE.tensorbin of shape Shape([1024, 1, 32, 128])
2026-09-03 03:49:38.455 | DEBUG    | core:as_tensor:724 - Loaded cache for /localdev/gwang/tt_transformers/model_cache/llama33_70b/T3K/empty_kcache_paged_attention(1024, 1, 32, 128)_dtype_BFLOAT8_B_layout_TILE.tensorbin of shape Shape([1024, 1, 32, 128])
2026-09-03 03:49:38.456 | DEBUG    | core:as_tensor:724 - Loaded cache for /localdev/gwang/tt_transformers/model_cache/llama33_70b/T3K/empty_vcache_paged_attention(1024, 1, 32, 128)_dtype_BFLOAT8_B_layout_TILE.tensorbin of shape Shape([1024, 1, 32, 128])
2026-09-03 03:49:38.457 | DEBUG    | core:as_tensor:724 - Loaded cache for /localdev/gwang/tt_transformers/model_cache/llama33_70b/T3K/empty_kcache_paged_attention(1024, 1, 32, 128)_dtype_BFLOAT8_B_layout_TILE.tensorbin of shape Shape([1024, 1, 32, 128])
2026-09-03 03:49:38.458 | DEBUG    | core:as_tensor:724 - Loaded cache for /localdev/gwang/tt_transformers/model_cache/llama33_70b/T3K/empty_vcache_paged_attention(1024, 1, 32, 128)_dtype_BFLOAT8_B_layout_TILE.tensorbin of shape Shape([1024, 1, 32, 128])
2026-09-03 03:49:38.459 | DEBUG    | core:as_tensor:724 - Loaded cache for /localdev/gwang/tt_transformers/model_cache/llama33_70b/T3K/empty_kcache_paged_attention(1024, 1, 32, 128)_dtype_BFLOAT8_B_layout_TILE.tensorbin of shape Shape([1024, 1, 32, 128])
2026-09-03 03:49:38.461 | DEBUG    | core:as_tensor:724 - Loaded cache for /localdev/gwang/tt_transformers/model_cache/llama33_70b/T3K/empty_vcache_paged_attention(1024, 1, 32, 128)_dtype_BFLOAT8_B_layout_TILE.tensorbin of shape Shape([1024, 1, 32, 128])
2026-09-03 03:49:38.462 | DEBUG    | core:as_tensor:724 - Loaded cache for /localdev/gwang/tt_transformers/model_cache/llama33_70b/T3K/empty_kcache_paged_attention(1024, 1, 32, 128)_dtype_BFLOAT8_B_layout_TILE.tensorbin of shape Shape([1024, 1, 32, 128])
2026-09-03 03:49:38.463 | DEBUG    | core:as_tensor:724 - Loaded cache for /localdev/gwang/tt_transformers/model_cache/llama33_70b/T3K/empty_vcache_paged_attention(1024, 1, 32, 128)_dtype_BFLOAT8_B_layout_TILE.tensorbin of shape Shape([1024, 1, 32, 128])
2026-09-03 03:49:38.465 | DEBUG    | core:as_tensor:724 - Loaded cache for /localdev/gwang/tt_transformers/model_cache/llama33_70b/T3K/empty_kcache_paged_attention(1024, 1, 32, 128)_dtype_BFLOAT8_B_layout_TILE.tensorbin of shape Shape([1024, 1, 32, 128])
2026-09-03 03:49:38.466 | DEBUG    | core:as_tensor:724 - Loaded cache for /localdev/gwang/tt_transformers/model_cache/llama33_70b/T3K/empty_vcache_paged_attention(1024, 1, 32, 128)_dtype_BFLOAT8_B_layout_TILE.tensorbin of shape Shape([1024, 1, 32, 128])
2026-09-03 03:49:38.467 | DEBUG    | core:as_tensor:724 - Loaded cache for /localdev/gwang/tt_transformers/model_cache/llama33_70b/T3K/empty_kcache_paged_attention(1024, 1, 32, 128)_dtype_BFLOAT8_B_layout_TILE.tensorbin of shape Shape([1024, 1, 32, 128])
2026-09-03 03:49:38.468 | DEBUG    | core:as_tensor:724 - Loaded cache for /localdev/gwang/tt_transformers/model_cache/llama33_70b/T3K/empty_vcache_paged_attention(1024, 1, 32, 128)_dtype_BFLOAT8_B_layout_TILE.tensorbin of shape Shape([1024, 1, 32, 128])
2026-09-03 03:49:38.469 | DEBUG    | core:as_tensor:724 - Loaded cache for /localdev/gwang/tt_transformers/model_cache/llama33_70b/T3K/empty_kcache_paged_attention(1024, 1, 32, 128)_dtype_BFLOAT8_B_layout_TILE.tensorbin of shape Shape([1024, 1, 32, 128])
2026-09-03 03:49:38.471 | DEBUG    | core:as_tensor:724 - Loaded cache for /localdev/gwang/tt_transformers/model_cache/llama33_70b/T3K/empty_vcache_paged_attention(1024, 1, 32, 128)_dtype_BFLOAT8_B_layout_TILE.tensorbin of shape Shape([1024, 1, 32, 128])
2026-09-03 03:49:38.472 | DEBUG    | core:as_tensor:724 - Loaded cache for /localdev/gwang/tt_transformers/model_cache/llama33_70b/T3K/empty_kcache_paged_attention(1024, 1, 32, 128)_dtype_BFLOAT8_B_layout_TILE.tensorbin of shape Shape([1024, 1, 32, 128])
2026-09-03 03:49:38.473 | DEBUG    | core:as_tensor:724 - Loaded cache for /localdev/gwang/tt_transformers/model_cache/llama33_70b/T3K/empty_vcache_paged_attention(1024, 1, 32, 128)_dtype_BFLOAT8_B_layout_TILE.tensorbin of shape Shape([1024, 1, 32, 128])
2026-09-03 03:49:38.475 | DEBUG    | core:as_tensor:724 - Loaded cache for /localdev/gwang/tt_transformers/model_cache/llama33_70b/T3K/empty_kcache_paged_attention(1024, 1, 32, 128)_dtype_BFLOAT8_B_layout_TILE.tensorbin of shape Shape([1024, 1, 32, 128])
2026-09-03 03:49:38.476 | DEBUG    | core:as_tensor:724 - Loaded cache for /localdev/gwang/tt_transformers/model_cache/llama33_70b/T3K/empty_vcache_paged_attention(1024, 1, 32, 128)_dtype_BFLOAT8_B_layout_TILE.tensorbin of shape Shape([1024, 1, 32, 128])
2026-09-03 03:49:38.477 | DEBUG    | core:as_tensor:724 - Loaded cache for /localdev/gwang/tt_transformers/model_cache/llama33_70b/T3K/empty_kcache_paged_attention(1024, 1, 32, 128)_dtype_BFLOAT8_B_layout_TILE.tensorbin of shape Shape([1024, 1, 32, 128])
2026-09-03 03:49:38.478 | DEBUG    | core:as_tensor:724 - Loaded cache for /localdev/gwang/tt_transformers/model_cache/llama33_70b/T3K/empty_vcache_paged_attention(1024, 1, 32, 128)_dtype_BFLOAT8_B_layout_TILE.tensorbin of shape Shape([1024, 1, 32, 128])
2026-09-03 03:49:38.479 | DEBUG    | core:as_tensor:724 - Loaded cache for /localdev/gwang/tt_transformers/model_cache/llama33_70b/T3K/empty_kcache_paged_attention(1024, 1, 32, 128)_dtype_BFLOAT8_B_layout_TILE.tensorbin of shape Shape([1024, 1, 32, 128])
2026-09-03 03:49:38.481 | DEBUG    | core:as_tensor:724 - Loaded cache for /localdev/gwang/tt_transformers/model_cache/llama33_70b/T3K/empty_vcache_paged_attention(1024, 1, 32, 128)_dtype_BFLOAT8_B_layout_TILE.tensorbin of shape Shape([1024, 1, 32, 128])
2026-09-03 03:49:38.482 | DEBUG    | core:as_tensor:724 - Loaded cache for /localdev/gwang/tt_transformers/model_cache/llama33_70b/T3K/empty_kcache_paged_attention(1024, 1, 32, 128)_dtype_BFLOAT8_B_layout_TILE.tensorbin of shape Shape([1024, 1, 32, 128])
2026-09-03 03:49:38.483 | DEBUG    | core:as_tensor:724 - Loaded cache for /localdev/gwang/tt_transformers/model_cache/llama33_70b/T3K/empty_vcache_paged_attention(1024, 1, 32, 128)_dtype_BFLOAT8_B_layout_TILE.tensorbin of shape Shape([1024, 1, 32, 128])
2026-09-03 03:49:38.484 | DEBUG    | core:as_tensor:724 - Loaded cache for /localdev/gwang/tt_transformers/model_cache/llama33_70b/T3K/empty_kcache_paged_attention(1024, 1, 32, 128)_dtype_BFLOAT8_B_layout_TILE.tensorbin of shape Shape([1024, 1, 32, 128])
2026-09-03 03:49:38.486 | DEBUG    | core:as_tensor:724 - Loaded cache for /localdev/gwang/tt_transformers/model_cache/llama33_70b/T3K/empty_vcache_paged_attention(1024, 1, 32, 128)_dtype_BFLOAT8_B_layout_TILE.tensorbin of shape Shape([1024, 1, 32, 128])
2026-09-03 03:49:38.487 | DEBUG    | core:as_tensor:724 - Loaded cache for /localdev/gwang/tt_transformers/model_cache/llama33_70b/T3K/empty_kcache_paged_attention(1024, 1, 32, 128)_dtype_BFLOAT8_B_layout_TILE.tensorbin of shape Shape([1024, 1, 32, 128])
2026-09-03 03:49:38.488 | DEBUG    | core:as_tensor:724 - Loaded cache for /localdev/gwang/tt_transformers/model_cache/llama33_70b/T3K/empty_vcache_paged_attention(1024, 1, 32, 128)_dtype_BFLOAT8_B_layout_TILE.tensorbin of shape Shape([1024, 1, 32, 128])
2026-09-03 03:49:38.489 | DEBUG    | core:as_tensor:724 - Loaded cache for /localdev/gwang/tt_transformers/model_cache/llama33_70b/T3K/empty_kcache_paged_attention(1024, 1, 32, 128)_dtype_BFLOAT8_B_layout_TILE.tensorbin of shape Shape([1024, 1, 32, 128])
2026-09-03 03:49:38.491 | DEBUG    | core:as_tensor:724 - Loaded cache for /localdev/gwang/tt_transformers/model_cache/llama33_70b/T3K/empty_vcache_paged_attention(1024, 1, 32, 128)_dtype_BFLOAT8_B_layout_TILE.tensorbin of shape Shape([1024, 1, 32, 128])
2026-09-03 03:49:38.492 | DEBUG    | core:as_tensor:724 - Loaded cache for /localdev/gwang/tt_transformers/model_cache/llama33_70b/T3K/empty_kcache_paged_attention(1024, 1, 32, 128)_dtype_BFLOAT8_B_layout_TILE.tensorbin of shape Shape([1024, 1, 32, 128])
2026-09-03 03:49:38.493 | DEBUG    | core:as_tensor:724 - Loaded cache for /localdev/gwang/tt_transformers/model_cache/llama33_70b/T3K/empty_vcache_paged_attention(1024, 1, 32, 128)_dtype_BFLOAT8_B_layout_TILE.tensorbin of shape Shape([1024, 1, 32, 128])
2026-09-03 03:49:38.494 | DEBUG    | core:as_tensor:724 - Loaded cache for /localdev/gwang/tt_transformers/model_cache/llama33_70b/T3K/empty_kcache_paged_attention(1024, 1, 32, 128)_dtype_BFLOAT8_B_layout_TILE.tensorbin of shape Shape([1024, 1, 32, 128])
2026-09-03 03:49:38.495 | DEBUG    | core:as_tensor:724 - Loaded cache for /localdev/gwang/tt_transformers/model_cache/llama33_70b/T3K/empty_vcache_paged_attention(1024, 1, 32, 128)_dtype_BFLOAT8_B_layout_TILE.tensorbin of shape Shape([1024, 1, 32, 128])
2026-09-03 03:49:38.497 | DEBUG    | core:as_tensor:724 - Loaded cache for /localdev/gwang/tt_transformers/model_cache/llama33_70b/T3K/empty_kcache_paged_attention(1024, 1, 32, 128)_dtype_BFLOAT8_B_layout_TILE.tensorbin of shape Shape([1024, 1, 32, 128])
2026-09-03 03:49:38.498 | DEBUG    | core:as_tensor:724 - Loaded cache for /localdev/gwang/tt_transformers/model_cache/llama33_70b/T3K/empty_vcache_paged_attention(1024, 1, 32, 128)_dtype_BFLOAT8_B_layout_TILE.tensorbin of shape Shape([1024, 1, 32, 128])
2026-09-03 03:49:38.499 | DEBUG    | core:as_tensor:724 - Loaded cache for /localdev/gwang/tt_transformers/model_cache/llama33_70b/T3K/empty_kcache_paged_attention(1024, 1, 32, 128)_dtype_BFLOAT8_B_layout_TILE.tensorbin of shape Shape([1024, 1, 32, 128])
2026-09-03 03:49:38.500 | DEBUG    | core:as_tensor:724 - Loaded cache for /localdev/gwang/tt_transformers/model_cache/llama33_70b/T3K/empty_vcache_paged_attention(1024, 1, 32, 128)_dtype_BFLOAT8_B_layout_TILE.tensorbin of shape Shape([1024, 1, 32, 128])
2026-09-03 03:49:38.502 | DEBUG    | core:as_tensor:724 - Loaded cache for /localdev/gwang/tt_transformers/model_cache/llama33_70b/T3K/empty_kcache_paged_attention(1024, 1, 32, 128)_dtype_BFLOAT8_B_layout_TILE.tensorbin of shape Shape([1024, 1, 32, 128])
2026-09-03 03:49:38.503 | DEBUG    | core:as_tensor:724 - Loaded cache for /localdev/gwang/tt_transformers/model_cache/llama33_70b/T3K/empty_vcache_paged_attention(1024, 1, 32, 128)_dtype_BFLOAT8_B_layout_TILE.tensorbin of shape Shape([1024, 1, 32, 128])
2026-09-03 03:49:38.504 | DEBUG    | core:as_tensor:724 - Loaded cache for /localdev/gwang/tt_transformers/model_cache/llama33_70b/T3K/empty_kcache_paged_attention(1024, 1, 32, 128)_dtype_BFLOAT8_B_layout_TILE.tensorbin of shape Shape([1024, 1, 32, 128])
2026-09-03 03:49:38.505 | DEBUG    | core:as_tensor:724 - Loaded cache for /localdev/gwang/tt_transformers/model_cache/llama33_70b/T3K/empty_vcache_paged_attention(1024, 1, 32, 128)_dtype_BFLOAT8_B_layout_TILE.tensorbin of shape Shape([1024, 1, 32, 128])
2026-09-03 03:49:38.507 | DEBUG    | core:as_tensor:724 - Loaded cache for /localdev/gwang/tt_transformers/model_cache/llama33_70b/T3K/empty_kcache_paged_attention(1024, 1, 32, 128)_dtype_BFLOAT8_B_layout_TILE.tensorbin of shape Shape([1024, 1, 32, 128])
2026-09-03 03:49:38.508 | DEBUG    | core:as_tensor:724 - Loaded cache for /localdev/gwang/tt_transformers/model_cache/llama33_70b/T3K/empty_vcache_paged_attention(1024, 1, 32, 128)_dtype_BFLOAT8_B_layout_TILE.tensorbin of shape Shape([1024, 1, 32, 128])
2026-09-03 03:49:38.509 | DEBUG    | core:as_tensor:724 - Loaded cache for /localdev/gwang/tt_transformers/model_cache/llama33_70b/T3K/empty_kcache_paged_attention(1024, 1, 32, 128)_dtype_BFLOAT8_B_layout_TILE.tensorbin of shape Shape([1024, 1, 32, 128])
2026-09-03 03:49:38.510 | DEBUG    | core:as_tensor:724 - Loaded cache for /localdev/gwang/tt_transformers/model_cache/llama33_70b/T3K/empty_vcache_paged_attention(1024, 1, 32, 128)_dtype_BFLOAT8_B_layout_TILE.tensorbin of shape Shape([1024, 1, 32, 128])
2026-09-03 03:49:38.512 | DEBUG    | core:as_tensor:724 - Loaded cache for /localdev/gwang/tt_transformers/model_cache/llama33_70b/T3K/empty_kcache_paged_attention(1024, 1, 32, 128)_dtype_BFLOAT8_B_layout_TILE.tensorbin of shape Shape([1024, 1, 32, 128])
2026-09-03 03:49:38.513 | DEBUG    | core:as_tensor:724 - Loaded cache for /localdev/gwang/tt_transformers/model_cache/llama33_70b/T3K/empty_vcache_paged_attention(1024, 1, 32, 128)_dtype_BFLOAT8_B_layout_TILE.tensorbin of shape Shape([1024, 1, 32, 128])
2026-09-03 03:49:38.514 | DEBUG    | core:as_tensor:724 - Loaded cache for /localdev/gwang/tt_transformers/model_cache/llama33_70b/T3K/empty_kcache_paged_attention(1024, 1, 32, 128)_dtype_BFLOAT8_B_layout_TILE.tensorbin of shape Shape([1024, 1, 32, 128])
2026-09-03 03:49:38.515 | DEBUG    | core:as_tensor:724 - Loaded cache for /localdev/gwang/tt_transformers/model_cache/llama33_70b/T3K/empty_vcache_paged_attention(1024, 1, 32, 128)_dtype_BFLOAT8_B_layout_TILE.tensorbin of shape Shape([1024, 1, 32, 128])
2026-09-03 03:49:38.516 | DEBUG    | core:as_tensor:724 - Loaded cache for /localdev/gwang/tt_transformers/model_cache/llama33_70b/T3K/empty_kcache_paged_attention(1024, 1, 32, 128)_dtype_BFLOAT8_B_layout_TILE.tensorbin of shape Shape([1024, 1, 32, 128])
2026-09-03 03:49:38.518 | DEBUG    | core:as_tensor:724 - Loaded cache for /localdev/gwang/tt_transformers/model_cache/llama33_70b/T3K/empty_vcache_paged_attention(1024, 1, 32, 128)_dtype_BFLOAT8_B_layout_TILE.tensorbin of shape Shape([1024, 1, 32, 128])
2026-09-03 03:49:38.519 | DEBUG    | core:as_tensor:724 - Loaded cache for /localdev/gwang/tt_transformers/model_cache/llama33_70b/T3K/empty_kcache_paged_attention(1024, 1, 32, 128)_dtype_BFLOAT8_B_layout_TILE.tensorbin of shape Shape([1024, 1, 32, 128])
2026-09-03 03:49:38.520 | DEBUG    | core:as_tensor:724 - Loaded cache for /localdev/gwang/tt_transformers/model_cache/llama33_70b/T3K/empty_vcache_paged_attention(1024, 1, 32, 128)_dtype_BFLOAT8_B_layout_TILE.tensorbin of shape Shape([1024, 1, 32, 128])
2026-09-03 03:49:38.521 | DEBUG    | core:as_tensor:724 - Loaded cache for /localdev/gwang/tt_transformers/model_cache/llama33_70b/T3K/empty_kcache_paged_attention(1024, 1, 32, 128)_dtype_BFLOAT8_B_layout_TILE.tensorbin of shape Shape([1024, 1, 32, 128])
2026-09-03 03:49:38.523 | DEBUG    | core:as_tensor:724 - Loaded cache for /localdev/gwang/tt_transformers/model_cache/llama33_70b/T3K/empty_vcache_paged_attention(1024, 1, 32, 128)_dtype_BFLOAT8_B_layout_TILE.tensorbin of shape Shape([1024, 1, 32, 128])
2026-09-03 03:49:38.524 | DEBUG    | core:as_tensor:724 - Loaded cache for /localdev/gwang/tt_transformers/model_cache/llama33_70b/T3K/empty_kcache_paged_attention(1024, 1, 32, 128)_dtype_BFLOAT8_B_layout_TILE.tensorbin of shape Shape([1024, 1, 32, 128])
2026-09-03 03:49:38.525 | DEBUG    | core:as_tensor:724 - Loaded cache for /localdev/gwang/tt_transformers/model_cache/llama33_70b/T3K/empty_vcache_paged_attention(1024, 1, 32, 128)_dtype_BFLOAT8_B_layout_TILE.tensorbin of shape Shape([1024, 1, 32, 128])
2026-09-03 03:49:38.526 | DEBUG    | core:as_tensor:724 - Loaded cache for /localdev/gwang/tt_transformers/model_cache/llama33_70b/T3K/empty_kcache_paged_attention(1024, 1, 32, 128)_dtype_BFLOAT8_B_layout_TILE.tensorbin of shape Shape([1024, 1, 32, 128])
2026-09-03 03:49:38.527 | DEBUG    | core:as_tensor:724 - Loaded cache for /localdev/gwang/tt_transformers/model_cache/llama33_70b/T3K/empty_vcache_paged_attention(1024, 1, 32, 128)_dtype_BFLOAT8_B_layout_TILE.tensorbin of shape Shape([1024, 1, 32, 128])
2026-09-03 03:49:38.529 | DEBUG    | core:as_tensor:724 - Loaded cache for /localdev/gwang/tt_transformers/model_cache/llama33_70b/T3K/empty_kcache_paged_attention(1024, 1, 32, 128)_dtype_BFLOAT8_B_layout_TILE.tensorbin of shape Shape([1024, 1, 32, 128])
2026-09-03 03:49:38.530 | DEBUG    | core:as_tensor:724 - Loaded cache for /localdev/gwang/tt_transformers/model_cache/llama33_70b/T3K/empty_vcache_paged_attention(1024, 1, 32, 128)_dtype_BFLOAT8_B_layout_TILE.tensorbin of shape Shape([1024, 1, 32, 128])
2026-09-03 03:49:38.531 | DEBUG    | core:as_tensor:724 - Loaded cache for /localdev/gwang/tt_transformers/model_cache/llama33_70b/T3K/empty_kcache_paged_attention(1024, 1, 32, 128)_dtype_BFLOAT8_B_layout_TILE.tensorbin of shape Shape([1024, 1, 32, 128])
2026-09-03 03:49:38.532 | DEBUG    | core:as_tensor:724 - Loaded cache for /localdev/gwang/tt_transformers/model_cache/llama33_70b/T3K/empty_vcache_paged_attention(1024, 1, 32, 128)_dtype_BFLOAT8_B_layout_TILE.tensorbin of shape Shape([1024, 1, 32, 128])
2026-09-03 03:49:38.534 | DEBUG    | core:as_tensor:724 - Loaded cache for /localdev/gwang/tt_transformers/model_cache/llama33_70b/T3K/empty_kcache_paged_attention(1024, 1, 32, 128)_dtype_BFLOAT8_B_layout_TILE.tensorbin of shape Shape([1024, 1, 32, 128])
2026-09-03 03:49:38.535 | DEBUG    | core:as_tensor:724 - Loaded cache for /localdev/gwang/tt_transformers/model_cache/llama33_70b/T3K/empty_vcache_paged_attention(1024, 1, 32, 128)_dtype_BFLOAT8_B_layout_TILE.tensorbin of shape Shape([1024, 1, 32, 128])
2026-09-03 03:49:38.536 | DEBUG    | core:as_tensor:724 - Loaded cache for /localdev/gwang/tt_transformers/model_cache/llama33_70b/T3K/empty_kcache_paged_attention(1024, 1, 32, 128)_dtype_BFLOAT8_B_layout_TILE.tensorbin of shape Shape([1024, 1, 32, 128])
2026-09-03 03:49:38.537 | DEBUG    | core:as_tensor:724 - Loaded cache for /localdev/gwang/tt_transformers/model_cache/llama33_70b/T3K/empty_vcache_paged_attention(1024, 1, 32, 128)_dtype_BFLOAT8_B_layout_TILE.tensorbin of shape Shape([1024, 1, 32, 128])
2026-09-03 03:49:38.538 | DEBUG    | core:as_tensor:724 - Loaded cache for /localdev/gwang/tt_transformers/model_cache/llama33_70b/T3K/empty_kcache_paged_attention(1024, 1, 32, 128)_dtype_BFLOAT8_B_layout_TILE.tensorbin of shape Shape([1024, 1, 32, 128])
2026-09-03 03:49:38.540 | DEBUG    | core:as_tensor:724 - Loaded cache for /localdev/gwang/tt_transformers/model_cache/llama33_70b/T3K/empty_vcache_paged_attention(1024, 1, 32, 128)_dtype_BFLOAT8_B_layout_TILE.tensorbin of shape Shape([1024, 1, 32, 128])
2026-09-03 03:49:38.541 | DEBUG    | core:as_tensor:724 - Loaded cache for /localdev/gwang/tt_transformers/model_cache/llama33_70b/T3K/empty_kcache_paged_attention(1024, 1, 32, 128)_dtype_BFLOAT8_B_layout_TILE.tensorbin of shape Shape([1024, 1, 32, 128])
2026-09-03 03:49:38.542 | DEBUG    | core:as_tensor:724 - Loaded cache for /localdev/gwang/tt_transformers/model_cache/llama33_70b/T3K/empty_vcache_paged_attention(1024, 1, 32, 128)_dtype_BFLOAT8_B_layout_TILE.tensorbin of shape Shape([1024, 1, 32, 128])
2026-09-03 03:49:38.543 | DEBUG    | core:as_tensor:724 - Loaded cache for /localdev/gwang/tt_transformers/model_cache/llama33_70b/T3K/empty_kcache_paged_attention(1024, 1, 32, 128)_dtype_BFLOAT8_B_layout_TILE.tensorbin of shape Shape([1024, 1, 32, 128])
2026-09-03 03:49:38.545 | DEBUG    | core:as_tensor:724 - Loaded cache for /localdev/gwang/tt_transformers/model_cache/llama33_70b/T3K/empty_vcache_paged_attention(1024, 1, 32, 128)_dtype_BFLOAT8_B_layout_TILE.tensorbin of shape Shape([1024, 1, 32, 128])
2026-09-03 03:49:38.546 | DEBUG    | core:as_tensor:724 - Loaded cache for /localdev/gwang/tt_transformers/model_cache/llama33_70b/T3K/empty_kcache_paged_attention(1024, 1, 32, 128)_dtype_BFLOAT8_B_layout_TILE.tensorbin of shape Shape([1024, 1, 32, 128])
2026-09-03 03:49:38.547 | DEBUG    | core:as_tensor:724 - Loaded cache for /localdev/gwang/tt_transformers/model_cache/llama33_70b/T3K/empty_vcache_paged_attention(1024, 1, 32, 128)_dtype_BFLOAT8_B_layout_TILE.tensorbin of shape Shape([1024, 1, 32, 128])
2026-09-03 03:49:38.548 | DEBUG    | core:as_tensor:724 - Loaded cache for /localdev/gwang/tt_transformers/model_cache/llama33_70b/T3K/empty_kcache_paged_attention(1024, 1, 32, 128)_dtype_BFLOAT8_B_layout_TILE.tensorbin of shape Shape([1024, 1, 32, 128])
2026-09-03 03:49:38.549 | DEBUG    | core:as_tensor:724 - Loaded cache for /localdev/gwang/tt_transformers/model_cache/llama33_70b/T3K/empty_vcache_paged_attention(1024, 1, 32, 128)_dtype_BFLOAT8_B_layout_TILE.tensorbin of shape Shape([1024, 1, 32, 128])
2026-09-03 03:49:38.551 | DEBUG    | core:as_tensor:724 - Loaded cache for /localdev/gwang/tt_transformers/model_cache/llama33_70b/T3K/empty_kcache_paged_attention(1024, 1, 32, 128)_dtype_BFLOAT8_B_layout_TILE.tensorbin of shape Shape([1024, 1, 32, 128])
2026-09-03 03:49:38.552 | DEBUG    | core:as_tensor:724 - Loaded cache for /localdev/gwang/tt_transformers/model_cache/llama33_70b/T3K/empty_vcache_paged_attention(1024, 1, 32, 128)_dtype_BFLOAT8_B_layout_TILE.tensorbin of shape Shape([1024, 1, 32, 128])
2026-09-03 03:49:38.553 | DEBUG    | core:as_tensor:724 - Loaded cache for /localdev/gwang/tt_transformers/model_cache/llama33_70b/T3K/empty_kcache_paged_attention(1024, 1, 32, 128)_dtype_BFLOAT8_B_layout_TILE.tensorbin of shape Shape([1024, 1, 32, 128])
2026-09-03 03:49:38.554 | DEBUG    | core:as_tensor:724 - Loaded cache for /localdev/gwang/tt_transformers/model_cache/llama33_70b/T3K/empty_vcache_paged_attention(1024, 1, 32, 128)_dtype_BFLOAT8_B_layout_TILE.tensorbin of shape Shape([1024, 1, 32, 128])
2026-09-03 03:49:38.556 | DEBUG    | core:as_tensor:724 - Loaded cache for /localdev/gwang/tt_transformers/model_cache/llama33_70b/T3K/empty_kcache_paged_attention(1024, 1, 32, 128)_dtype_BFLOAT8_B_layout_TILE.tensorbin of shape Shape([1024, 1, 32, 128])
2026-09-03 03:49:38.557 | DEBUG    | core:as_tensor:724 - Loaded cache for /localdev/gwang/tt_transformers/model_cache/llama33_70b/T3K/empty_vcache_paged_attention(1024, 1, 32, 128)_dtype_BFLOAT8_B_layout_TILE.tensorbin of shape Shape([1024, 1, 32, 128])
2026-09-03 03:49:38.558 | DEBUG    | core:as_tensor:724 - Loaded cache for /localdev/gwang/tt_transformers/model_cache/llama33_70b/T3K/empty_kcache_paged_attention(1024, 1, 32, 128)_dtype_BFLOAT8_B_layout_TILE.tensorbin of shape Shape([1024, 1, 32, 128])
2026-09-03 03:49:38.559 | DEBUG    | core:as_tensor:724 - Loaded cache for /localdev/gwang/tt_transformers/model_cache/llama33_70b/T3K/empty_vcache_paged_attention(1024, 1, 32, 128)_dtype_BFLOAT8_B_layout_TILE.tensorbin of shape Shape([1024, 1, 32, 128])
2026-09-03 03:49:38.561 | DEBUG    | core:as_tensor:724 - Loaded cache for /localdev/gwang/tt_transformers/model_cache/llama33_70b/T3K/empty_kcache_paged_attention(1024, 1, 32, 128)_dtype_BFLOAT8_B_layout_TILE.tensorbin of shape Shape([1024, 1, 32, 128])
2026-09-03 03:49:38.562 | DEBUG    | core:as_tensor:724 - Loaded cache for /localdev/gwang/tt_transformers/model_cache/llama33_70b/T3K/empty_vcache_paged_attention(1024, 1, 32, 128)_dtype_BFLOAT8_B_layout_TILE.tensorbin of shape Shape([1024, 1, 32, 128])
2026-09-03 03:49:38.563 | DEBUG    | core:as_tensor:724 - Loaded cache for /localdev/gwang/tt_transformers/model_cache/llama33_70b/T3K/empty_kcache_paged_attention(1024, 1, 32, 128)_dtype_BFLOAT8_B_layout_TILE.tensorbin of shape Shape([1024, 1, 32, 128])
2026-09-03 03:49:38.564 | DEBUG    | core:as_tensor:724 - Loaded cache for /localdev/gwang/tt_transformers/model_cache/llama33_70b/T3K/empty_vcache_paged_attention(1024, 1, 32, 128)_dtype_BFLOAT8_B_layout_TILE.tensorbin of shape Shape([1024, 1, 32, 128])
2026-09-03 03:49:38.565 | DEBUG    | core:as_tensor:724 - Loaded cache for /localdev/gwang/tt_transformers/model_cache/llama33_70b/T3K/empty_kcache_paged_attention(1024, 1, 32, 128)_dtype_BFLOAT8_B_layout_TILE.tensorbin of shape Shape([1024, 1, 32, 128])
2026-09-03 03:49:38.567 | DEBUG    | core:as_tensor:724 - Loaded cache for /localdev/gwang/tt_transformers/model_cache/llama33_70b/T3K/empty_vcache_paged_attention(1024, 1, 32, 128)_dtype_BFLOAT8_B_layout_TILE.tensorbin of shape Shape([1024, 1, 32, 128])
2026-09-03 03:49:38.568 | DEBUG    | core:as_tensor:724 - Loaded cache for /localdev/gwang/tt_transformers/model_cache/llama33_70b/T3K/empty_kcache_paged_attention(1024, 1, 32, 128)_dtype_BFLOAT8_B_layout_TILE.tensorbin of shape Shape([1024, 1, 32, 128])
2026-09-03 03:49:38.569 | DEBUG    | core:as_tensor:724 - Loaded cache for /localdev/gwang/tt_transformers/model_cache/llama33_70b/T3K/empty_vcache_paged_attention(1024, 1, 32, 128)_dtype_BFLOAT8_B_layout_TILE.tensorbin of shape Shape([1024, 1, 32, 128])
2026-09-03 03:49:38.570 | DEBUG    | core:as_tensor:724 - Loaded cache for /localdev/gwang/tt_transformers/model_cache/llama33_70b/T3K/empty_kcache_paged_attention(1024, 1, 32, 128)_dtype_BFLOAT8_B_layout_TILE.tensorbin of shape Shape([1024, 1, 32, 128])
2026-09-03 03:49:38.571 | DEBUG    | core:as_tensor:724 - Loaded cache for /localdev/gwang/tt_transformers/model_cache/llama33_70b/T3K/empty_vcache_paged_attention(1024, 1, 32, 128)_dtype_BFLOAT8_B_layout_TILE.tensorbin of shape Shape([1024, 1, 32, 128])
2026-09-03 03:49:38.573 | DEBUG    | core:as_tensor:724 - Loaded cache for /localdev/gwang/tt_transformers/model_cache/llama33_70b/T3K/empty_kcache_paged_attention(1024, 1, 32, 128)_dtype_BFLOAT8_B_layout_TILE.tensorbin of shape Shape([1024, 1, 32, 128])
2026-09-03 03:49:38.574 | DEBUG    | core:as_tensor:724 - Loaded cache for /localdev/gwang/tt_transformers/model_cache/llama33_70b/T3K/empty_vcache_paged_attention(1024, 1, 32, 128)_dtype_BFLOAT8_B_layout_TILE.tensorbin of shape Shape([1024, 1, 32, 128])
2026-09-03 03:49:38.575 | DEBUG    | core:as_tensor:724 - Loaded cache for /localdev/gwang/tt_transformers/model_cache/llama33_70b/T3K/empty_kcache_paged_attention(1024, 1, 32, 128)_dtype_BFLOAT8_B_layout_TILE.tensorbin of shape Shape([1024, 1, 32, 128])
2026-09-03 03:49:38.576 | DEBUG    | core:as_tensor:724 - Loaded cache for /localdev/gwang/tt_transformers/model_cache/llama33_70b/T3K/empty_vcache_paged_attention(1024, 1, 32, 128)_dtype_BFLOAT8_B_layout_TILE.tensorbin of shape Shape([1024, 1, 32, 128])
2026-09-03 03:49:38.578 | DEBUG    | core:as_tensor:724 - Loaded cache for /localdev/gwang/tt_transformers/model_cache/llama33_70b/T3K/empty_kcache_paged_attention(1024, 1, 32, 128)_dtype_BFLOAT8_B_layout_TILE.tensorbin of shape Shape([1024, 1, 32, 128])
2026-09-03 03:49:38.579 | DEBUG    | core:as_tensor:724 - Loaded cache for /localdev/gwang/tt_transformers/model_cache/llama33_70b/T3K/empty_vcache_paged_attention(1024, 1, 32, 128)_dtype_BFLOAT8_B_layout_TILE.tensorbin of shape Shape([1024, 1, 32, 128])
2026-09-03 03:49:38.580 | DEBUG    | core:as_tensor:724 - Loaded cache for /localdev/gwang/tt_transformers/model_cache/llama33_70b/T3K/empty_kcache_paged_attention(1024, 1, 32, 128)_dtype_BFLOAT8_B_layout_TILE.tensorbin of shape Shape([1024, 1, 32, 128])
2026-09-03 03:49:38.581 | DEBUG    | core:as_tensor:724 - Loaded cache for /localdev/gwang/tt_transformers/model_cache/llama33_70b/T3K/empty_vcache_paged_attention(1024, 1, 32, 128)_dtype_BFLOAT8_B_layout_TILE.tensorbin of shape Shape([1024, 1, 32, 128])
2026-09-03 03:49:38.583 | DEBUG    | core:as_tensor:724 - Loaded cache for /localdev/gwang/tt_transformers/model_cache/llama33_70b/T3K/empty_kcache_paged_attention(1024, 1, 32, 128)_dtype_BFLOAT8_B_layout_TILE.tensorbin of shape Shape([1024, 1, 32, 128])
2026-09-03 03:49:38.584 | DEBUG    | core:as_tensor:724 - Loaded cache for /localdev/gwang/tt_transformers/model_cache/llama33_70b/T3K/empty_vcache_paged_attention(1024, 1, 32, 128)_dtype_BFLOAT8_B_layout_TILE.tensorbin of shape Shape([1024, 1, 32, 128])
2026-09-03 03:49:38.585 | DEBUG    | core:as_tensor:724 - Loaded cache for /localdev/gwang/tt_transformers/model_cache/llama33_70b/T3K/empty_kcache_paged_attention(1024, 1, 32, 128)_dtype_BFLOAT8_B_layout_TILE.tensorbin of shape Shape([1024, 1, 32, 128])
2026-09-03 03:49:38.586 | DEBUG    | core:as_tensor:724 - Loaded cache for /localdev/gwang/tt_transformers/model_cache/llama33_70b/T3K/empty_vcache_paged_attention(1024, 1, 32, 128)_dtype_BFLOAT8_B_layout_TILE.tensorbin of shape Shape([1024, 1, 32, 128])
2026-09-03 03:49:38.587 | DEBUG    | core:as_tensor:724 - Loaded cache for /localdev/gwang/tt_transformers/model_cache/llama33_70b/T3K/empty_kcache_paged_attention(1024, 1, 32, 128)_dtype_BFLOAT8_B_layout_TILE.tensorbin of shape Shape([1024, 1, 32, 128])
2026-09-03 03:49:38.589 | DEBUG    | core:as_tensor:724 - Loaded cache for /localdev/gwang/tt_transformers/model_cache/llama33_70b/T3K/empty_vcache_paged_attention(1024, 1, 32, 128)_dtype_BFLOAT8_B_layout_TILE.tensorbin of shape Shape([1024, 1, 32, 128])
2026-09-03 03:49:38.590 | DEBUG    | core:as_tensor:724 - Loaded cache for /localdev/gwang/tt_transformers/model_cache/llama33_70b/T3K/empty_kcache_paged_attention(1024, 1, 32, 128)_dtype_BFLOAT8_B_layout_TILE.tensorbin of shape Shape([1024, 1, 32, 128])
2026-09-03 03:49:38.591 | DEBUG    | core:as_tensor:724 - Loaded cache for /localdev/gwang/tt_transformers/model_cache/llama33_70b/T3K/empty_vcache_paged_attention(1024, 1, 32, 128)_dtype_BFLOAT8_B_layout_TILE.tensorbin of shape Shape([1024, 1, 32, 128])
2026-09-03 03:49:38.592 | DEBUG    | core:as_tensor:724 - Loaded cache for /localdev/gwang/tt_transformers/model_cache/llama33_70b/T3K/empty_kcache_paged_attention(1024, 1, 32, 128)_dtype_BFLOAT8_B_layout_TILE.tensorbin of shape Shape([1024, 1, 32, 128])
2026-09-03 03:49:38.594 | DEBUG    | core:as_tensor:724 - Loaded cache for /localdev/gwang/tt_transformers/model_cache/llama33_70b/T3K/empty_vcache_paged_attention(1024, 1, 32, 128)_dtype_BFLOAT8_B_layout_TILE.tensorbin of shape Shape([1024, 1, 32, 128])
2026-09-03 03:49:38.595 | DEBUG    | core:as_tensor:724 - Loaded cache for /localdev/gwang/tt_transformers/model_cache/llama33_70b/T3K/empty_kcache_paged_attention(1024, 1, 32, 128)_dtype_BFLOAT8_B_layout_TILE.tensorbin of shape Shape([1024, 1, 32, 128])
2026-09-03 03:49:38.596 | DEBUG    | core:as_tensor:724 - Loaded cache for /localdev/gwang/tt_transformers/model_cache/llama33_70b/T3K/empty_vcache_paged_attention(1024, 1, 32, 128)_dtype_BFLOAT8_B_layout_TILE.tensorbin of shape Shape([1024, 1, 32, 128])
2026-09-03 03:49:38.597 | DEBUG    | core:as_tensor:724 - Loaded cache for /localdev/gwang/tt_transformers/model_cache/llama33_70b/T3K/empty_kcache_paged_attention(1024, 1, 32, 128)_dtype_BFLOAT8_B_layout_TILE.tensorbin of shape Shape([1024, 1, 32, 128])
2026-09-03 03:49:38.599 | DEBUG    | core:as_tensor:724 - Loaded cache for /localdev/gwang/tt_transformers/model_cache/llama33_70b/T3K/empty_vcache_paged_attention(1024, 1, 32, 128)_dtype_BFLOAT8_B_layout_TILE.tensorbin of shape Shape([1024, 1, 32, 128])
2026-09-03 03:49:38.600 | DEBUG    | core:as_tensor:724 - Loaded cache for /localdev/gwang/tt_transformers/model_cache/llama33_70b/T3K/empty_kcache_paged_attention(1024, 1, 32, 128)_dtype_BFLOAT8_B_layout_TILE.tensorbin of shape Shape([1024, 1, 32, 128])
2026-09-03 03:49:38.601 | DEBUG    | core:as_tensor:724 - Loaded cache for /localdev/gwang/tt_transformers/model_cache/llama33_70b/T3K/empty_vcache_paged_attention(1024, 1, 32, 128)_dtype_BFLOAT8_B_layout_TILE.tensorbin of shape Shape([1024, 1, 32, 128])
2026-09-03 03:49:38.602 | DEBUG    | core:as_tensor:724 - Loaded cache for /localdev/gwang/tt_transformers/model_cache/llama33_70b/T3K/empty_kcache_paged_attention(1024, 1, 32, 128)_dtype_BFLOAT8_B_layout_TILE.tensorbin of shape Shape([1024, 1, 32, 128])
2026-09-03 03:49:38.603 | DEBUG    | core:as_tensor:724 - Loaded cache for /localdev/gwang/tt_transformers/model_cache/llama33_70b/T3K/empty_vcache_paged_attention(1024, 1, 32, 128)_dtype_BFLOAT8_B_layout_TILE.tensorbin of shape Shape([1024, 1, 32, 128])
2026-09-03 03:49:38.605 | DEBUG    | core:as_tensor:724 - Loaded cache for /localdev/gwang/tt_transformers/model_cache/llama33_70b/T3K/empty_kcache_paged_attention(1024, 1, 32, 128)_dtype_BFLOAT8_B_layout_TILE.tensorbin of shape Shape([1024, 1, 32, 128])
2026-09-03 03:49:38.606 | DEBUG    | core:as_tensor:724 - Loaded cache for /localdev/gwang/tt_transformers/model_cache/llama33_70b/T3K/empty_vcache_paged_attention(1024, 1, 32, 128)_dtype_BFLOAT8_B_layout_TILE.tensorbin of shape Shape([1024, 1, 32, 128])
2026-09-03 03:49:38.607 | DEBUG    | core:as_tensor:724 - Loaded cache for /localdev/gwang/tt_transformers/model_cache/llama33_70b/T3K/empty_kcache_paged_attention(1024, 1, 32, 128)_dtype_BFLOAT8_B_layout_TILE.tensorbin of shape Shape([1024, 1, 32, 128])
2026-09-03 03:49:38.608 | DEBUG    | core:as_tensor:724 - Loaded cache for /localdev/gwang/tt_transformers/model_cache/llama33_70b/T3K/empty_vcache_paged_attention(1024, 1, 32, 128)_dtype_BFLOAT8_B_layout_TILE.tensorbin of shape Shape([1024, 1, 32, 128])
2026-09-03 03:49:38.610 | DEBUG    | core:as_tensor:724 - Loaded cache for /localdev/gwang/tt_transformers/model_cache/llama33_70b/T3K/empty_kcache_paged_attention(1024, 1, 32, 128)_dtype_BFLOAT8_B_layout_TILE.tensorbin of shape Shape([1024, 1, 32, 128])
2026-09-03 03:49:38.611 | DEBUG    | core:as_tensor:724 - Loaded cache for /localdev/gwang/tt_transformers/model_cache/llama33_70b/T3K/empty_vcache_paged_attention(1024, 1, 32, 128)_dtype_BFLOAT8_B_layout_TILE.tensorbin of shape Shape([1024, 1, 32, 128])
2026-09-03 03:49:38.612 | DEBUG    | core:as_tensor:724 - Loaded cache for /localdev/gwang/tt_transformers/model_cache/llama33_70b/T3K/empty_kcache_paged_attention(1024, 1, 32, 128)_dtype_BFLOAT8_B_layout_TILE.tensorbin of shape Shape([1024, 1, 32, 128])
2026-09-03 03:49:38.613 | DEBUG    | core:as_tensor:724 - Loaded cache for /localdev/gwang/tt_transformers/model_cache/llama33_70b/T3K/empty_vcache_paged_attention(1024, 1, 32, 128)_dtype_BFLOAT8_B_layout_TILE.tensorbin of shape Shape([1024, 1, 32, 128])
2026-09-03 03:49:38.615 | DEBUG    | core:as_tensor:724 - Loaded cache for /localdev/gwang/tt_transformers/model_cache/llama33_70b/T3K/empty_kcache_paged_attention(1024, 1, 32, 128)_dtype_BFLOAT8_B_layout_TILE.tensorbin of shape Shape([1024, 1, 32, 128])
2026-09-03 03:49:38.616 | DEBUG    | core:as_tensor:724 - Loaded cache for /localdev/gwang/tt_transformers/model_cache/llama33_70b/T3K/empty_vcache_paged_attention(1024, 1, 32, 128)_dtype_BFLOAT8_B_layout_TILE.tensorbin of shape Shape([1024, 1, 32, 128])
2026-09-03 03:49:38.617 | DEBUG    | core:as_tensor:724 - Loaded cache for /localdev/gwang/tt_transformers/model_cache/llama33_70b/T3K/empty_kcache_paged_attention(1024, 1, 32, 128)_dtype_BFLOAT8_B_layout_TILE.tensorbin of shape Shape([1024, 1, 32, 128])
2026-09-03 03:49:38.618 | DEBUG    | core:as_tensor:724 - Loaded cache for /localdev/gwang/tt_transformers/model_cache/llama33_70b/T3K/empty_vcache_paged_attention(1024, 1, 32, 128)_dtype_BFLOAT8_B_layout_TILE.tensorbin of shape Shape([1024, 1, 32, 128])
2026-09-03 03:49:38.620 | DEBUG    | core:as_tensor:724 - Loaded cache for /localdev/gwang/tt_transformers/model_cache/llama33_70b/T3K/empty_kcache_paged_attention(1024, 1, 32, 128)_dtype_BFLOAT8_B_layout_TILE.tensorbin of shape Shape([1024, 1, 32, 128])
2026-09-03 03:49:38.621 | DEBUG    | core:as_tensor:724 - Loaded cache for /localdev/gwang/tt_transformers/model_cache/llama33_70b/T3K/empty_vcache_paged_attention(1024, 1, 32, 128)_dtype_BFLOAT8_B_layout_TILE.tensorbin of shape Shape([1024, 1, 32, 128])
2026-09-03 03:49:38.622 | DEBUG    | core:as_tensor:724 - Loaded cache for /localdev/gwang/tt_transformers/model_cache/llama33_70b/T3K/empty_kcache_paged_attention(1024, 1, 32, 128)_dtype_BFLOAT8_B_layout_TILE.tensorbin of shape Shape([1024, 1, 32, 128])
2026-09-03 03:49:38.623 | DEBUG    | core:as_tensor:724 - Loaded cache for /localdev/gwang/tt_transformers/model_cache/llama33_70b/T3K/empty_vcache_paged_attention(1024, 1, 32, 128)_dtype_BFLOAT8_B_layout_TILE.tensorbin of shape Shape([1024, 1, 32, 128])
2026-09-03 03:49:38.624 | DEBUG    | core:as_tensor:724 - Loaded cache for /localdev/gwang/tt_transformers/model_cache/llama33_70b/T3K/empty_kcache_paged_attention(1024, 1, 32, 128)_dtype_BFLOAT8_B_layout_TILE.tensorbin of shape Shape([1024, 1, 32, 128])
2026-09-03 03:49:38.626 | DEBUG    | core:as_tensor:724 - Loaded cache for /localdev/gwang/tt_transformers/model_cache/llama33_70b/T3K/empty_vcache_paged_attention(1024, 1, 32, 128)_dtype_BFLOAT8_B_layout_TILE.tensorbin of shape Shape([1024, 1, 32, 128])
2026-09-03 03:49:38.627 | DEBUG    | core:as_tensor:724 - Loaded cache for /localdev/gwang/tt_transformers/model_cache/llama33_70b/T3K/empty_kcache_paged_attention(1024, 1, 32, 128)_dtype_BFLOAT8_B_layout_TILE.tensorbin of shape Shape([1024, 1, 32, 128])
2026-09-03 03:49:38.628 | DEBUG    | core:as_tensor:724 - Loaded cache for /localdev/gwang/tt_transformers/model_cache/llama33_70b/T3K/empty_vcache_paged_attention(1024, 1, 32, 128)_dtype_BFLOAT8_B_layout_TILE.tensorbin of shape Shape([1024, 1, 32, 128])
2026-09-03 03:49:38.629 | DEBUG    | core:as_tensor:724 - Loaded cache for /localdev/gwang/tt_transformers/model_cache/llama33_70b/T3K/empty_kcache_paged_attention(1024, 1, 32, 128)_dtype_BFLOAT8_B_layout_TILE.tensorbin of shape Shape([1024, 1, 32, 128])
2026-09-03 03:49:38.630 | DEBUG    | core:as_tensor:724 - Loaded cache for /localdev/gwang/tt_transformers/model_cache/llama33_70b/T3K/empty_vcache_paged_attention(1024, 1, 32, 128)_dtype_BFLOAT8_B_layout_TILE.tensorbin of shape Shape([1024, 1, 32, 128])
2026-09-03 03:49:38.632 | DEBUG    | core:as_tensor:724 - Loaded cache for /localdev/gwang/tt_transformers/model_cache/llama33_70b/T3K/empty_kcache_paged_attention(1024, 1, 32, 128)_dtype_BFLOAT8_B_layout_TILE.tensorbin of shape Shape([1024, 1, 32, 128])
2026-09-03 03:49:38.633 | DEBUG    | core:as_tensor:724 - Loaded cache for /localdev/gwang/tt_transformers/model_cache/llama33_70b/T3K/empty_vcache_paged_attention(1024, 1, 32, 128)_dtype_BFLOAT8_B_layout_TILE.tensorbin of shape Shape([1024, 1, 32, 128])
2026-09-03 03:49:38.634 | DEBUG    | core:as_tensor:724 - Loaded cache for /localdev/gwang/tt_transformers/model_cache/llama33_70b/T3K/empty_kcache_paged_attention(1024, 1, 32, 128)_dtype_BFLOAT8_B_layout_TILE.tensorbin of shape Shape([1024, 1, 32, 128])
2026-09-03 03:49:38.635 | DEBUG    | core:as_tensor:724 - Loaded cache for /localdev/gwang/tt_transformers/model_cache/llama33_70b/T3K/empty_vcache_paged_attention(1024, 1, 32, 128)_dtype_BFLOAT8_B_layout_TILE.tensorbin of shape Shape([1024, 1, 32, 128])
2026-09-03 03:49:38.665 | INFO     | tt_transformers.modules.lazy_weight:get_device_weight:120 - [32m[cache hit][0m Loading tensor from cache: /localdev/gwang/tt_transformers/model_cache/llama33_70b/T3K/rope/cos_srcshape_1_1_8192_128_dtype_BFLOAT16_layout_TILE_replicated_device_0.tensorbin
2026-09-03 03:49:38.666 | INFO     | tt_transformers.modules.lazy_weight:get_device_weight:120 - [32m[cache hit][0m Loading tensor from cache: /localdev/gwang/tt_transformers/model_cache/llama33_70b/T3K/rope/sin_srcshape_1_1_8192_128_dtype_BFLOAT16_layout_TILE_replicated_device_0.tensorbin
2026-09-03 03:49:38.680 | INFO     | tt_transformers.modules.lazy_weight:get_device_weight:120 - [32m[cache hit][0m Loading tensor from cache: /localdev/gwang/tt_transformers/model_cache/llama33_70b/T3K/embedding/tok_embeddings_srcshape_1_1_128256_8192_dtype_BFLOAT16_layout_ROW_MAJOR_mapper_660f4331f0f0_device_0.tensorbin
2026-09-03 03:49:38.811 | INFO     | tt_transformers.modules.lazy_weight:get_device_weight:120 - [32m[cache hit][0m Loading tensor from cache: /localdev/gwang/tt_transformers/model_cache/llama33_70b/T3K/norm/layer0_pre_attn_srcshape_1_1_256_32_dtype_BFLOAT16_layout_ROW_MAJOR_mapper_241585d9fe31_device_0.tensorbin
2026-09-03 03:49:38.811 | INFO     | tt_transformers.modules.lazy_weight:get_device_weight:120 - [32m[cache hit][0m Loading tensor from cache: /localdev/gwang/tt_transformers/model_cache/llama33_70b/T3K/norm/layer0_pre_attn_srcshape_1_1_256_32_dtype_BFLOAT16_layout_ROW_MAJOR_mapper_b82b244385ac_device_0.tensorbin
2026-09-03 03:49:38.822 | INFO     | tt_transformers.modules.lazy_weight:get_device_weight:120 - [32m[cache hit][0m Loading tensor from cache: /localdev/gwang/tt_transformers/model_cache/llama33_70b/T3K/attn/layer0_wqkv_srcshape_1_1_8192_10240_dtype_BFLOAT8_B_layout_TILE_memcfg_663972112453010226_mapper_660f4331f0f0_device_0.tensorbin
2026-09-03 03:49:38.827 | INFO     | tt_transformers.modules.lazy_weight:get_device_weight:120 - [32m[cache hit][0m Loading tensor from cache: /localdev/gwang/tt_transformers/model_cache/llama33_70b/T3K/attn/layer0_wo_srcshape_1_1_8192_8192_dtype_BFLOAT8_B_layout_TILE_mapper_660f4331f0f0_device_0.tensorbin
2026-09-03 03:49:38.863 | warning  |              Op | matmul_multi_core_reuse_mcast_1d_optimized_helper: program_config.allowed_worker_cores not populated; auto-populating from compute_with_storage_grid_size. Callers that bypass ttnn::prim::matmul() (e.g. CCL fused ops) should invoke ttnn::operations::matmul::normalize_program_config() on the program config first. This will become a hard error in a future release. (matmul_multicore_reuse_mcast_1d_program_factory.cpp:5637)
2026-09-03 03:49:38.863 | warning  |              Op | matmul_multi_core_reuse_mcast_1d_optimized_helper: program_config.allowed_worker_cores not populated; auto-populating from compute_with_storage_grid_size. Callers that bypass ttnn::prim::matmul() (e.g. CCL fused ops) should invoke ttnn::operations::matmul::normalize_program_config() on the program config first. This will become a hard error in a future release. (matmul_multicore_reuse_mcast_1d_program_factory.cpp:5637)
2026-09-03 03:49:38.864 | warning  |              Op | matmul_multi_core_reuse_mcast_1d_optimized_helper: program_config.allowed_worker_cores not populated; auto-populating from compute_with_storage_grid_size. Callers that bypass ttnn::prim::matmul() (e.g. CCL fused ops) should invoke ttnn::operations::matmul::normalize_program_config() on the program config first. This will become a hard error in a future release. (matmul_multicore_reuse_mcast_1d_program_factory.cpp:5637)
2026-09-03 03:49:38.864 | warning  |              Op | matmul_multi_core_reuse_mcast_1d_optimized_helper: program_config.allowed_worker_cores not populated; auto-populating from compute_with_storage_grid_size. Callers that bypass ttnn::prim::matmul() (e.g. CCL fused ops) should invoke ttnn::operations::matmul::normalize_program_config() on the program config first. This will become a hard error in a future release. (matmul_multicore_reuse_mcast_1d_program_factory.cpp:5637)
2026-09-03 03:49:38.865 | warning  |              Op | matmul_multi_core_reuse_mcast_1d_optimized_helper: program_config.allowed_worker_cores not populated; auto-populating from compute_with_storage_grid_size. Callers that bypass ttnn::prim::matmul() (e.g. CCL fused ops) should invoke ttnn::operations::matmul::normalize_program_config() on the program config first. This will become a hard error in a future release. (matmul_multicore_reuse_mcast_1d_program_factory.cpp:5637)
2026-09-03 03:49:38.865 | warning  |              Op | matmul_multi_core_reuse_mcast_1d_optimized_helper: program_config.allowed_worker_cores not populated; auto-populating from compute_with_storage_grid_size. Callers that bypass ttnn::prim::matmul() (e.g. CCL fused ops) should invoke ttnn::operations::matmul::normalize_program_config() on the program config first. This will become a hard error in a future release. (matmul_multicore_reuse_mcast_1d_program_factory.cpp:5637)
2026-09-03 03:49:38.866 | warning  |              Op | matmul_multi_core_reuse_mcast_1d_optimized_helper: program_config.allowed_worker_cores not populated; auto-populating from compute_with_storage_grid_size. Callers that bypass ttnn::prim::matmul() (e.g. CCL fused ops) should invoke ttnn::operations::matmul::normalize_program_config() on the program config first. This will become a hard error in a future release. (matmul_multicore_reuse_mcast_1d_program_factory.cpp:5637)
2026-09-03 03:49:38.866 | warning  |              Op | matmul_multi_core_reuse_mcast_1d_optimized_helper: program_config.allowed_worker_cores not populated; auto-populating from compute_with_storage_grid_size. Callers that bypass ttnn::prim::matmul() (e.g. CCL fused ops) should invoke ttnn::operations::matmul::normalize_program_config() on the program config first. This will become a hard error in a future release. (matmul_multicore_reuse_mcast_1d_program_factory.cpp:5637)
2026-09-03 03:49:38.904 | INFO     | tt_transformers.modules.lazy_weight:get_device_weight:120 - [32m[cache hit][0m Loading tensor from cache: /localdev/gwang/tt_transformers/model_cache/llama33_70b/T3K/norm/layer0_post_attn_srcshape_1_1_256_32_dtype_BFLOAT16_layout_ROW_MAJOR_mapper_241585d9fe31_device_0.tensorbin
2026-09-03 03:49:38.905 | INFO     | tt_transformers.modules.lazy_weight:get_device_weight:120 - [32m[cache hit][0m Loading tensor from cache: /localdev/gwang/tt_transformers/model_cache/llama33_70b/T3K/norm/layer0_post_attn_srcshape_1_1_256_32_dtype_BFLOAT16_layout_ROW_MAJOR_mapper_b82b244385ac_device_0.tensorbin
2026-09-03 03:49:38.915 | INFO     | tt_transformers.modules.lazy_weight:get_device_weight:120 - [32m[cache hit][0m Loading tensor from cache: /localdev/gwang/tt_transformers/model_cache/llama33_70b/T3K/mlp/layer0_w1_srcshape_8192_28672_dtype_BFLOAT8_B_layout_TILE_memcfg_1786057467681592545_mapper_660f4331f0f0_device_0.tensorbin
2026-09-03 03:49:38.927 | INFO     | tt_transformers.modules.lazy_weight:get_device_weight:120 - [32m[cache hit][0m Loading tensor from cache: /localdev/gwang/tt_transformers/model_cache/llama33_70b/T3K/mlp/layer0_w2_srcshape_28672_8192_dtype_BFLOAT8_B_layout_TILE_memcfg_906506041791331912_mapper_0cdd7bdaff6f_device_0.tensorbin
2026-09-03 03:49:38.940 | INFO     | tt_transformers.modules.lazy_weight:get_device_weight:120 - [32m[cache hit][0m Loading tensor from cache: /localdev/gwang/tt_transformers/model_cache/llama33_70b/T3K/mlp/layer0_w3_srcshape_8192_28672_dtype_BFLOAT8_B_layout_TILE_memcfg_1786057467681592545_mapper_660f4331f0f0_device_0.tensorbin
2026-09-03 03:49:38.988 | INFO     | tt_transformers.modules.lazy_weight:get_device_weight:120 - [32m[cache hit][0m Loading tensor from cache: /localdev/gwang/tt_transformers/model_cache/llama33_70b/T3K/norm/layer1_pre_attn_srcshape_1_1_256_32_dtype_BFLOAT16_layout_ROW_MAJOR_mapper_241585d9fe31_device_0.tensorbin
2026-09-03 03:49:38.988 | INFO     | tt_transformers.modules.lazy_weight:get_device_weight:120 - [32m[cache hit][0m Loading tensor from cache: /localdev/gwang/tt_transformers/model_cache/llama33_70b/T3K/norm/layer1_pre_attn_srcshape_1_1_256_32_dtype_BFLOAT16_layout_ROW_MAJOR_mapper_b82b244385ac_device_0.tensorbin
2026-09-03 03:49:38.989 | INFO     | tt_transformers.modules.lazy_weight:get_device_weight:120 - [32m[cache hit][0m Loading tensor from cache: /localdev/gwang/tt_transformers/model_cache/llama33_70b/T3K/attn/layer1_wqkv_srcshape_1_1_8192_10240_dtype_BFLOAT8_B_layout_TILE_memcfg_663972112453010226_mapper_660f4331f0f0_device_0.tensorbin
2026-09-03 03:49:38.993 | INFO     | tt_transformers.modules.lazy_weight:get_device_weight:120 - [32m[cache hit][0m Loading tensor from cache: /localdev/gwang/tt_transformers/model_cache/llama33_70b/T3K/attn/layer1_wo_srcshape_1_1_8192_8192_dtype_BFLOAT8_B_layout_TILE_mapper_660f4331f0f0_device_0.tensorbin
2026-09-03 03:49:38.999 | INFO     | tt_transformers.modules.lazy_weight:get_device_weight:120 - [32m[cache hit][0m Loading tensor from cache: /localdev/gwang/tt_transformers/model_cache/llama33_70b/T3K/norm/layer1_post_attn_srcshape_1_1_256_32_dtype_BFLOAT16_layout_ROW_MAJOR_mapper_241585d9fe31_device_0.tensorbin
2026-09-03 03:49:39.000 | INFO     | tt_transformers.modules.lazy_weight:get_device_weight:120 - [32m[cache hit][0m Loading tensor from cache: /localdev/gwang/tt_transformers/model_cache/llama33_70b/T3K/norm/layer1_post_attn_srcshape_1_1_256_32_dtype_BFLOAT16_layout_ROW_MAJOR_mapper_b82b244385ac_device_0.tensorbin
2026-09-03 03:49:39.000 | INFO     | tt_transformers.modules.lazy_weight:get_device_weight:120 - [32m[cache hit][0m Loading tensor from cache: /localdev/gwang/tt_transformers/model_cache/llama33_70b/T3K/mlp/layer1_w1_srcshape_8192_28672_dtype_BFLOAT8_B_layout_TILE_memcfg_1786057467681592545_mapper_660f4331f0f0_device_0.tensorbin
2026-09-03 03:49:39.012 | INFO     | tt_transformers.modules.lazy_weight:get_device_weight:120 - [32m[cache hit][0m Loading tensor from cache: /localdev/gwang/tt_transformers/model_cache/llama33_70b/T3K/mlp/layer1_w2_srcshape_28672_8192_dtype_BFLOAT8_B_layout_TILE_memcfg_906506041791331912_mapper_0cdd7bdaff6f_device_0.tensorbin
2026-09-03 03:49:39.024 | INFO     | tt_transformers.modules.lazy_weight:get_device_weight:120 - [32m[cache hit][0m Loading tensor from cache: /localdev/gwang/tt_transformers/model_cache/llama33_70b/T3K/mlp/layer1_w3_srcshape_8192_28672_dtype_BFLOAT8_B_layout_TILE_memcfg_1786057467681592545_mapper_660f4331f0f0_device_0.tensorbin
2026-09-03 03:49:39.036 | INFO     | tt_transformers.modules.lazy_weight:get_device_weight:120 - [32m[cache hit][0m Loading tensor from cache: /localdev/gwang/tt_transformers/model_cache/llama33_70b/T3K/norm/layer2_pre_attn_srcshape_1_1_256_32_dtype_BFLOAT16_layout_ROW_MAJOR_mapper_241585d9fe31_device_0.tensorbin
2026-09-03 03:49:39.037 | INFO     | tt_transformers.modules.lazy_weight:get_device_weight:120 - [32m[cache hit][0m Loading tensor from cache: /localdev/gwang/tt_transformers/model_cache/llama33_70b/T3K/norm/layer2_pre_attn_srcshape_1_1_256_32_dtype_BFLOAT16_layout_ROW_MAJOR_mapper_b82b244385ac_device_0.tensorbin
2026-09-03 03:49:39.037 | INFO     | tt_transformers.modules.lazy_weight:get_device_weight:120 - [32m[cache hit][0m Loading tensor from cache: /localdev/gwang/tt_transformers/model_cache/llama33_70b/T3K/attn/layer2_wqkv_srcshape_1_1_8192_10240_dtype_BFLOAT8_B_layout_TILE_memcfg_663972112453010226_mapper_660f4331f0f0_device_0.tensorbin
2026-09-03 03:49:39.042 | INFO     | tt_transformers.modules.lazy_weight:get_device_weight:120 - [32m[cache hit][0m Loading tensor from cache: /localdev/gwang/tt_transformers/model_cache/llama33_70b/T3K/attn/layer2_wo_srcshape_1_1_8192_8192_dtype_BFLOAT8_B_layout_TILE_mapper_660f4331f0f0_device_0.tensorbin
2026-09-03 03:49:39.048 | INFO     | tt_transformers.modules.lazy_weight:get_device_weight:120 - [32m[cache hit][0m Loading tensor from cache: /localdev/gwang/tt_transformers/model_cache/llama33_70b/T3K/norm/layer2_post_attn_srcshape_1_1_256_32_dtype_BFLOAT16_layout_ROW_MAJOR_mapper_241585d9fe31_device_0.tensorbin
2026-09-03 03:49:39.048 | INFO     | tt_transformers.modules.lazy_weight:get_device_weight:120 - [32m[cache hit][0m Loading tensor from cache: /localdev/gwang/tt_transformers/model_cache/llama33_70b/T3K/norm/layer2_post_attn_srcshape_1_1_256_32_dtype_BFLOAT16_layout_ROW_MAJOR_mapper_b82b244385ac_device_0.tensorbin
2026-09-03 03:49:39.049 | INFO     | tt_transformers.modules.lazy_weight:get_device_weight:120 - [32m[cache hit][0m Loading tensor from cache: /localdev/gwang/tt_transformers/model_cache/llama33_70b/T3K/mlp/layer2_w1_srcshape_8192_28672_dtype_BFLOAT8_B_layout_TILE_memcfg_1786057467681592545_mapper_660f4331f0f0_device_0.tensorbin
2026-09-03 03:49:39.060 | INFO     | tt_transformers.modules.lazy_weight:get_device_weight:120 - [32m[cache hit][0m Loading tensor from cache: /localdev/gwang/tt_transformers/model_cache/llama33_70b/T3K/mlp/layer2_w2_srcshape_28672_8192_dtype_BFLOAT8_B_layout_TILE_memcfg_906506041791331912_mapper_0cdd7bdaff6f_device_0.tensorbin
2026-09-03 03:49:39.072 | INFO     | tt_transformers.modules.lazy_weight:get_device_weight:120 - [32m[cache hit][0m Loading tensor from cache: /localdev/gwang/tt_transformers/model_cache/llama33_70b/T3K/mlp/layer2_w3_srcshape_8192_28672_dtype_BFLOAT8_B_layout_TILE_memcfg_1786057467681592545_mapper_660f4331f0f0_device_0.tensorbin
2026-09-03 03:49:39.085 | INFO     | tt_transformers.modules.lazy_weight:get_device_weight:120 - [32m[cache hit][0m Loading tensor from cache: /localdev/gwang/tt_transformers/model_cache/llama33_70b/T3K/norm/layer3_pre_attn_srcshape_1_1_256_32_dtype_BFLOAT16_layout_ROW_MAJOR_mapper_241585d9fe31_device_0.tensorbin
2026-09-03 03:49:39.085 | INFO     | tt_transformers.modules.lazy_weight:get_device_weight:120 - [32m[cache hit][0m Loading tensor from cache: /localdev/gwang/tt_transformers/model_cache/llama33_70b/T3K/norm/layer3_pre_attn_srcshape_1_1_256_32_dtype_BFLOAT16_layout_ROW_MAJOR_mapper_b82b244385ac_device_0.tensorbin
2026-09-03 03:49:39.085 | INFO     | tt_transformers.modules.lazy_weight:get_device_weight:120 - [32m[cache hit][0m Loading tensor from cache: /localdev/gwang/tt_transformers/model_cache/llama33_70b/T3K/attn/layer3_wqkv_srcshape_1_1_8192_10240_dtype_BFLOAT8_B_layout_TILE_memcfg_663972112453010226_mapper_660f4331f0f0_device_0.tensorbin
2026-09-03 03:49:39.090 | INFO     | tt_transformers.modules.lazy_weight:get_device_weight:120 - [32m[cache hit][0m Loading tensor from cache: /localdev/gwang/tt_transformers/model_cache/llama33_70b/T3K/attn/layer3_wo_srcshape_1_1_8192_8192_dtype_BFLOAT8_B_layout_TILE_mapper_660f4331f0f0_device_0.tensorbin
2026-09-03 03:49:39.096 | INFO     | tt_transformers.modules.lazy_weight:get_device_weight:120 - [32m[cache hit][0m Loading tensor from cache: /localdev/gwang/tt_transformers/model_cache/llama33_70b/T3K/norm/layer3_post_attn_srcshape_1_1_256_32_dtype_BFLOAT16_layout_ROW_MAJOR_mapper_241585d9fe31_device_0.tensorbin
2026-09-03 03:49:39.096 | INFO     | tt_transformers.modules.lazy_weight:get_device_weight:120 - [32m[cache hit][0m Loading tensor from cache: /localdev/gwang/tt_transformers/model_cache/llama33_70b/T3K/norm/layer3_post_attn_srcshape_1_1_256_32_dtype_BFLOAT16_layout_ROW_MAJOR_mapper_b82b244385ac_device_0.tensorbin
2026-09-03 03:49:39.097 | INFO     | tt_transformers.modules.lazy_weight:get_device_weight:120 - [32m[cache hit][0m Loading tensor from cache: /localdev/gwang/tt_transformers/model_cache/llama33_70b/T3K/mlp/layer3_w1_srcshape_8192_28672_dtype_BFLOAT8_B_layout_TILE_memcfg_1786057467681592545_mapper_660f4331f0f0_device_0.tensorbin
2026-09-03 03:49:39.108 | INFO     | tt_transformers.modules.lazy_weight:get_device_weight:120 - [32m[cache hit][0m Loading tensor from cache: /localdev/gwang/tt_transformers/model_cache/llama33_70b/T3K/mlp/layer3_w2_srcshape_28672_8192_dtype_BFLOAT8_B_layout_TILE_memcfg_906506041791331912_mapper_0cdd7bdaff6f_device_0.tensorbin
2026-09-03 03:49:39.119 | INFO     | tt_transformers.modules.lazy_weight:get_device_weight:120 - [32m[cache hit][0m Loading tensor from cache: /localdev/gwang/tt_transformers/model_cache/llama33_70b/T3K/mlp/layer3_w3_srcshape_8192_28672_dtype_BFLOAT8_B_layout_TILE_memcfg_1786057467681592545_mapper_660f4331f0f0_device_0.tensorbin
2026-09-03 03:49:39.132 | INFO     | tt_transformers.modules.lazy_weight:get_device_weight:120 - [32m[cache hit][0m Loading tensor from cache: /localdev/gwang/tt_transformers/model_cache/llama33_70b/T3K/norm/layer4_pre_attn_srcshape_1_1_256_32_dtype_BFLOAT16_layout_ROW_MAJOR_mapper_241585d9fe31_device_0.tensorbin
2026-09-03 03:49:39.132 | INFO     | tt_transformers.modules.lazy_weight:get_device_weight:120 - [32m[cache hit][0m Loading tensor from cache: /localdev/gwang/tt_transformers/model_cache/llama33_70b/T3K/norm/layer4_pre_attn_srcshape_1_1_256_32_dtype_BFLOAT16_layout_ROW_MAJOR_mapper_b82b244385ac_device_0.tensorbin
2026-09-03 03:49:39.133 | INFO     | tt_transformers.modules.lazy_weight:get_device_weight:120 - [32m[cache hit][0m Loading tensor from cache: /localdev/gwang/tt_transformers/model_cache/llama33_70b/T3K/attn/layer4_wqkv_srcshape_1_1_8192_10240_dtype_BFLOAT8_B_layout_TILE_memcfg_663972112453010226_mapper_660f4331f0f0_device_0.tensorbin
2026-09-03 03:49:39.137 | INFO     | tt_transformers.modules.lazy_weight:get_device_weight:120 - [32m[cache hit][0m Loading tensor from cache: /localdev/gwang/tt_transformers/model_cache/llama33_70b/T3K/attn/layer4_wo_srcshape_1_1_8192_8192_dtype_BFLOAT8_B_layout_TILE_mapper_660f4331f0f0_device_0.tensorbin
2026-09-03 03:49:39.143 | INFO     | tt_transformers.modules.lazy_weight:get_device_weight:120 - [32m[cache hit][0m Loading tensor from cache: /localdev/gwang/tt_transformers/model_cache/llama33_70b/T3K/norm/layer4_post_attn_srcshape_1_1_256_32_dtype_BFLOAT16_layout_ROW_MAJOR_mapper_241585d9fe31_device_0.tensorbin
2026-09-03 03:49:39.143 | INFO     | tt_transformers.modules.lazy_weight:get_device_weight:120 - [32m[cache hit][0m Loading tensor from cache: /localdev/gwang/tt_transformers/model_cache/llama33_70b/T3K/norm/layer4_post_attn_srcshape_1_1_256_32_dtype_BFLOAT16_layout_ROW_MAJOR_mapper_b82b244385ac_device_0.tensorbin
2026-09-03 03:49:39.144 | INFO     | tt_transformers.modules.lazy_weight:get_device_weight:120 - [32m[cache hit][0m Loading tensor from cache: /localdev/gwang/tt_transformers/model_cache/llama33_70b/T3K/mlp/layer4_w1_srcshape_8192_28672_dtype_BFLOAT8_B_layout_TILE_memcfg_1786057467681592545_mapper_660f4331f0f0_device_0.tensorbin
2026-09-03 03:49:39.155 | INFO     | tt_transformers.modules.lazy_weight:get_device_weight:120 - [32m[cache hit][0m Loading tensor from cache: /localdev/gwang/tt_transformers/model_cache/llama33_70b/T3K/mlp/layer4_w2_srcshape_28672_8192_dtype_BFLOAT8_B_layout_TILE_memcfg_906506041791331912_mapper_0cdd7bdaff6f_device_0.tensorbin
2026-09-03 03:49:39.167 | INFO     | tt_transformers.modules.lazy_weight:get_device_weight:120 - [32m[cache hit][0m Loading tensor from cache: /localdev/gwang/tt_transformers/model_cache/llama33_70b/T3K/mlp/layer4_w3_srcshape_8192_28672_dtype_BFLOAT8_B_layout_TILE_memcfg_1786057467681592545_mapper_660f4331f0f0_device_0.tensorbin
2026-09-03 03:49:39.179 | INFO     | tt_transformers.modules.lazy_weight:get_device_weight:120 - [32m[cache hit][0m Loading tensor from cache: /localdev/gwang/tt_transformers/model_cache/llama33_70b/T3K/norm/layer5_pre_attn_srcshape_1_1_256_32_dtype_BFLOAT16_layout_ROW_MAJOR_mapper_241585d9fe31_device_0.tensorbin
2026-09-03 03:49:39.180 | INFO     | tt_transformers.modules.lazy_weight:get_device_weight:120 - [32m[cache hit][0m Loading tensor from cache: /localdev/gwang/tt_transformers/model_cache/llama33_70b/T3K/norm/layer5_pre_attn_srcshape_1_1_256_32_dtype_BFLOAT16_layout_ROW_MAJOR_mapper_b82b244385ac_device_0.tensorbin
2026-09-03 03:49:39.180 | INFO     | tt_transformers.modules.lazy_weight:get_device_weight:120 - [32m[cache hit][0m Loading tensor from cache: /localdev/gwang/tt_transformers/model_cache/llama33_70b/T3K/attn/layer5_wqkv_srcshape_1_1_8192_10240_dtype_BFLOAT8_B_layout_TILE_memcfg_663972112453010226_mapper_660f4331f0f0_device_0.tensorbin
2026-09-03 03:49:39.185 | INFO     | tt_transformers.modules.lazy_weight:get_device_weight:120 - [32m[cache hit][0m Loading tensor from cache: /localdev/gwang/tt_transformers/model_cache/llama33_70b/T3K/attn/layer5_wo_srcshape_1_1_8192_8192_dtype_BFLOAT8_B_layout_TILE_mapper_660f4331f0f0_device_0.tensorbin
2026-09-03 03:49:39.190 | INFO     | tt_transformers.modules.lazy_weight:get_device_weight:120 - [32m[cache hit][0m Loading tensor from cache: /localdev/gwang/tt_transformers/model_cache/llama33_70b/T3K/norm/layer5_post_attn_srcshape_1_1_256_32_dtype_BFLOAT16_layout_ROW_MAJOR_mapper_241585d9fe31_device_0.tensorbin
2026-09-03 03:49:39.190 | INFO     | tt_transformers.modules.lazy_weight:get_device_weight:120 - [32m[cache hit][0m Loading tensor from cache: /localdev/gwang/tt_transformers/model_cache/llama33_70b/T3K/norm/layer5_post_attn_srcshape_1_1_256_32_dtype_BFLOAT16_layout_ROW_MAJOR_mapper_b82b244385ac_device_0.tensorbin
2026-09-03 03:49:39.191 | INFO     | tt_transformers.modules.lazy_weight:get_device_weight:120 - [32m[cache hit][0m Loading tensor from cache: /localdev/gwang/tt_transformers/model_cache/llama33_70b/T3K/mlp/layer5_w1_srcshape_8192_28672_dtype_BFLOAT8_B_layout_TILE_memcfg_1786057467681592545_mapper_660f4331f0f0_device_0.tensorbin
2026-09-03 03:49:39.202 | INFO     | tt_transformers.modules.lazy_weight:get_device_weight:120 - [32m[cache hit][0m Loading tensor from cache: /localdev/gwang/tt_transformers/model_cache/llama33_70b/T3K/mlp/layer5_w2_srcshape_28672_8192_dtype_BFLOAT8_B_layout_TILE_memcfg_906506041791331912_mapper_0cdd7bdaff6f_device_0.tensorbin
2026-09-03 03:49:39.213 | INFO     | tt_transformers.modules.lazy_weight:get_device_weight:120 - [32m[cache hit][0m Loading tensor from cache: /localdev/gwang/tt_transformers/model_cache/llama33_70b/T3K/mlp/layer5_w3_srcshape_8192_28672_dtype_BFLOAT8_B_layout_TILE_memcfg_1786057467681592545_mapper_660f4331f0f0_device_0.tensorbin
2026-09-03 03:49:39.230 | INFO     | tt_transformers.modules.lazy_weight:get_device_weight:120 - [32m[cache hit][0m Loading tensor from cache: /localdev/gwang/tt_transformers/model_cache/llama33_70b/T3K/norm/layer6_pre_attn_srcshape_1_1_256_32_dtype_BFLOAT16_layout_ROW_MAJOR_mapper_241585d9fe31_device_0.tensorbin
2026-09-03 03:49:39.230 | INFO     | tt_transformers.modules.lazy_weight:get_device_weight:120 - [32m[cache hit][0m Loading tensor from cache: /localdev/gwang/tt_transformers/model_cache/llama33_70b/T3K/norm/layer6_pre_attn_srcshape_1_1_256_32_dtype_BFLOAT16_layout_ROW_MAJOR_mapper_b82b244385ac_device_0.tensorbin
2026-09-03 03:49:39.231 | INFO     | tt_transformers.modules.lazy_weight:get_device_weight:120 - [32m[cache hit][0m Loading tensor from cache: /localdev/gwang/tt_transformers/model_cache/llama33_70b/T3K/attn/layer6_wqkv_srcshape_1_1_8192_10240_dtype_BFLOAT8_B_layout_TILE_memcfg_663972112453010226_mapper_660f4331f0f0_device_0.tensorbin
2026-09-03 03:49:39.235 | INFO     | tt_transformers.modules.lazy_weight:get_device_weight:120 - [32m[cache hit][0m Loading tensor from cache: /localdev/gwang/tt_transformers/model_cache/llama33_70b/T3K/attn/layer6_wo_srcshape_1_1_8192_8192_dtype_BFLOAT8_B_layout_TILE_mapper_660f4331f0f0_device_0.tensorbin
2026-09-03 03:49:39.241 | INFO     | tt_transformers.modules.lazy_weight:get_device_weight:120 - [32m[cache hit][0m Loading tensor from cache: /localdev/gwang/tt_transformers/model_cache/llama33_70b/T3K/norm/layer6_post_attn_srcshape_1_1_256_32_dtype_BFLOAT16_layout_ROW_MAJOR_mapper_241585d9fe31_device_0.tensorbin
2026-09-03 03:49:39.241 | INFO     | tt_transformers.modules.lazy_weight:get_device_weight:120 - [32m[cache hit][0m Loading tensor from cache: /localdev/gwang/tt_transformers/model_cache/llama33_70b/T3K/norm/layer6_post_attn_srcshape_1_1_256_32_dtype_BFLOAT16_layout_ROW_MAJOR_mapper_b82b244385ac_device_0.tensorbin
2026-09-03 03:49:39.242 | INFO     | tt_transformers.modules.lazy_weight:get_device_weight:120 - [32m[cache hit][0m Loading tensor from cache: /localdev/gwang/tt_transformers/model_cache/llama33_70b/T3K/mlp/layer6_w1_srcshape_8192_28672_dtype_BFLOAT8_B_layout_TILE_memcfg_1786057467681592545_mapper_660f4331f0f0_device_0.tensorbin
2026-09-03 03:49:39.253 | INFO     | tt_transformers.modules.lazy_weight:get_device_weight:120 - [32m[cache hit][0m Loading tensor from cache: /localdev/gwang/tt_transformers/model_cache/llama33_70b/T3K/mlp/layer6_w2_srcshape_28672_8192_dtype_BFLOAT8_B_layout_TILE_memcfg_906506041791331912_mapper_0cdd7bdaff6f_device_0.tensorbin
2026-09-03 03:49:39.265 | INFO     | tt_transformers.modules.lazy_weight:get_device_weight:120 - [32m[cache hit][0m Loading tensor from cache: /localdev/gwang/tt_transformers/model_cache/llama33_70b/T3K/mlp/layer6_w3_srcshape_8192_28672_dtype_BFLOAT8_B_layout_TILE_memcfg_1786057467681592545_mapper_660f4331f0f0_device_0.tensorbin
2026-09-03 03:49:39.278 | INFO     | tt_transformers.modules.lazy_weight:get_device_weight:120 - [32m[cache hit][0m Loading tensor from cache: /localdev/gwang/tt_transformers/model_cache/llama33_70b/T3K/norm/layer7_pre_attn_srcshape_1_1_256_32_dtype_BFLOAT16_layout_ROW_MAJOR_mapper_241585d9fe31_device_0.tensorbin
2026-09-03 03:49:39.278 | INFO     | tt_transformers.modules.lazy_weight:get_device_weight:120 - [32m[cache hit][0m Loading tensor from cache: /localdev/gwang/tt_transformers/model_cache/llama33_70b/T3K/norm/layer7_pre_attn_srcshape_1_1_256_32_dtype_BFLOAT16_layout_ROW_MAJOR_mapper_b82b244385ac_device_0.tensorbin
2026-09-03 03:49:39.279 | INFO     | tt_transformers.modules.lazy_weight:get_device_weight:120 - [32m[cache hit][0m Loading tensor from cache: /localdev/gwang/tt_transformers/model_cache/llama33_70b/T3K/attn/layer7_wqkv_srcshape_1_1_8192_10240_dtype_BFLOAT8_B_layout_TILE_memcfg_663972112453010226_mapper_660f4331f0f0_device_0.tensorbin
2026-09-03 03:49:39.283 | INFO     | tt_transformers.modules.lazy_weight:get_device_weight:120 - [32m[cache hit][0m Loading tensor from cache: /localdev/gwang/tt_transformers/model_cache/llama33_70b/T3K/attn/layer7_wo_srcshape_1_1_8192_8192_dtype_BFLOAT8_B_layout_TILE_mapper_660f4331f0f0_device_0.tensorbin
2026-09-03 03:49:39.289 | INFO     | tt_transformers.modules.lazy_weight:get_device_weight:120 - [32m[cache hit][0m Loading tensor from cache: /localdev/gwang/tt_transformers/model_cache/llama33_70b/T3K/norm/layer7_post_attn_srcshape_1_1_256_32_dtype_BFLOAT16_layout_ROW_MAJOR_mapper_241585d9fe31_device_0.tensorbin
2026-09-03 03:49:39.289 | INFO     | tt_transformers.modules.lazy_weight:get_device_weight:120 - [32m[cache hit][0m Loading tensor from cache: /localdev/gwang/tt_transformers/model_cache/llama33_70b/T3K/norm/layer7_post_attn_srcshape_1_1_256_32_dtype_BFLOAT16_layout_ROW_MAJOR_mapper_b82b244385ac_device_0.tensorbin
2026-09-03 03:49:39.290 | INFO     | tt_transformers.modules.lazy_weight:get_device_weight:120 - [32m[cache hit][0m Loading tensor from cache: /localdev/gwang/tt_transformers/model_cache/llama33_70b/T3K/mlp/layer7_w1_srcshape_8192_28672_dtype_BFLOAT8_B_layout_TILE_memcfg_1786057467681592545_mapper_660f4331f0f0_device_0.tensorbin
2026-09-03 03:49:39.301 | INFO     | tt_transformers.modules.lazy_weight:get_device_weight:120 - [32m[cache hit][0m Loading tensor from cache: /localdev/gwang/tt_transformers/model_cache/llama33_70b/T3K/mlp/layer7_w2_srcshape_28672_8192_dtype_BFLOAT8_B_layout_TILE_memcfg_906506041791331912_mapper_0cdd7bdaff6f_device_0.tensorbin
2026-09-03 03:49:39.314 | INFO     | tt_transformers.modules.lazy_weight:get_device_weight:120 - [32m[cache hit][0m Loading tensor from cache: /localdev/gwang/tt_transformers/model_cache/llama33_70b/T3K/mlp/layer7_w3_srcshape_8192_28672_dtype_BFLOAT8_B_layout_TILE_memcfg_1786057467681592545_mapper_660f4331f0f0_device_0.tensorbin
2026-09-03 03:49:39.327 | INFO     | tt_transformers.modules.lazy_weight:get_device_weight:120 - [32m[cache hit][0m Loading tensor from cache: /localdev/gwang/tt_transformers/model_cache/llama33_70b/T3K/norm/layer8_pre_attn_srcshape_1_1_256_32_dtype_BFLOAT16_layout_ROW_MAJOR_mapper_241585d9fe31_device_0.tensorbin
2026-09-03 03:49:39.328 | INFO     | tt_transformers.modules.lazy_weight:get_device_weight:120 - [32m[cache hit][0m Loading tensor from cache: /localdev/gwang/tt_transformers/model_cache/llama33_70b/T3K/norm/layer8_pre_attn_srcshape_1_1_256_32_dtype_BFLOAT16_layout_ROW_MAJOR_mapper_b82b244385ac_device_0.tensorbin
2026-09-03 03:49:39.328 | INFO     | tt_transformers.modules.lazy_weight:get_device_weight:120 - [32m[cache hit][0m Loading tensor from cache: /localdev/gwang/tt_transformers/model_cache/llama33_70b/T3K/attn/layer8_wqkv_srcshape_1_1_8192_10240_dtype_BFLOAT8_B_layout_TILE_memcfg_663972112453010226_mapper_660f4331f0f0_device_0.tensorbin
2026-09-03 03:49:39.332 | INFO     | tt_transformers.modules.lazy_weight:get_device_weight:120 - [32m[cache hit][0m Loading tensor from cache: /localdev/gwang/tt_transformers/model_cache/llama33_70b/T3K/attn/layer8_wo_srcshape_1_1_8192_8192_dtype_BFLOAT8_B_layout_TILE_mapper_660f4331f0f0_device_0.tensorbin
2026-09-03 03:49:39.338 | INFO     | tt_transformers.modules.lazy_weight:get_device_weight:120 - [32m[cache hit][0m Loading tensor from cache: /localdev/gwang/tt_transformers/model_cache/llama33_70b/T3K/norm/layer8_post_attn_srcshape_1_1_256_32_dtype_BFLOAT16_layout_ROW_MAJOR_mapper_241585d9fe31_device_0.tensorbin
2026-09-03 03:49:39.338 | INFO     | tt_transformers.modules.lazy_weight:get_device_weight:120 - [32m[cache hit][0m Loading tensor from cache: /localdev/gwang/tt_transformers/model_cache/llama33_70b/T3K/norm/layer8_post_attn_srcshape_1_1_256_32_dtype_BFLOAT16_layout_ROW_MAJOR_mapper_b82b244385ac_device_0.tensorbin
2026-09-03 03:49:39.339 | INFO     | tt_transformers.modules.lazy_weight:get_device_weight:120 - [32m[cache hit][0m Loading tensor from cache: /localdev/gwang/tt_transformers/model_cache/llama33_70b/T3K/mlp/layer8_w1_srcshape_8192_28672_dtype_BFLOAT8_B_layout_TILE_memcfg_1786057467681592545_mapper_660f4331f0f0_device_0.tensorbin
2026-09-03 03:49:39.350 | INFO     | tt_transformers.modules.lazy_weight:get_device_weight:120 - [32m[cache hit][0m Loading tensor from cache: /localdev/gwang/tt_transformers/model_cache/llama33_70b/T3K/mlp/layer8_w2_srcshape_28672_8192_dtype_BFLOAT8_B_layout_TILE_memcfg_906506041791331912_mapper_0cdd7bdaff6f_device_0.tensorbin
2026-09-03 03:49:39.362 | INFO     | tt_transformers.modules.lazy_weight:get_device_weight:120 - [32m[cache hit][0m Loading tensor from cache: /localdev/gwang/tt_transformers/model_cache/llama33_70b/T3K/mlp/layer8_w3_srcshape_8192_28672_dtype_BFLOAT8_B_layout_TILE_memcfg_1786057467681592545_mapper_660f4331f0f0_device_0.tensorbin
2026-09-03 03:49:39.374 | INFO     | tt_transformers.modules.lazy_weight:get_device_weight:120 - [32m[cache hit][0m Loading tensor from cache: /localdev/gwang/tt_transformers/model_cache/llama33_70b/T3K/norm/layer9_pre_attn_srcshape_1_1_256_32_dtype_BFLOAT16_layout_ROW_MAJOR_mapper_241585d9fe31_device_0.tensorbin
2026-09-03 03:49:39.375 | INFO     | tt_transformers.modules.lazy_weight:get_device_weight:120 - [32m[cache hit][0m Loading tensor from cache: /localdev/gwang/tt_transformers/model_cache/llama33_70b/T3K/norm/layer9_pre_attn_srcshape_1_1_256_32_dtype_BFLOAT16_layout_ROW_MAJOR_mapper_b82b244385ac_device_0.tensorbin
2026-09-03 03:49:39.375 | INFO     | tt_transformers.modules.lazy_weight:get_device_weight:120 - [32m[cache hit][0m Loading tensor from cache: /localdev/gwang/tt_transformers/model_cache/llama33_70b/T3K/attn/layer9_wqkv_srcshape_1_1_8192_10240_dtype_BFLOAT8_B_layout_TILE_memcfg_663972112453010226_mapper_660f4331f0f0_device_0.tensorbin
2026-09-03 03:49:39.380 | INFO     | tt_transformers.modules.lazy_weight:get_device_weight:120 - [32m[cache hit][0m Loading tensor from cache: /localdev/gwang/tt_transformers/model_cache/llama33_70b/T3K/attn/layer9_wo_srcshape_1_1_8192_8192_dtype_BFLOAT8_B_layout_TILE_mapper_660f4331f0f0_device_0.tensorbin
2026-09-03 03:49:39.386 | INFO     | tt_transformers.modules.lazy_weight:get_device_weight:120 - [32m[cache hit][0m Loading tensor from cache: /localdev/gwang/tt_transformers/model_cache/llama33_70b/T3K/norm/layer9_post_attn_srcshape_1_1_256_32_dtype_BFLOAT16_layout_ROW_MAJOR_mapper_241585d9fe31_device_0.tensorbin
2026-09-03 03:49:39.386 | INFO     | tt_transformers.modules.lazy_weight:get_device_weight:120 - [32m[cache hit][0m Loading tensor from cache: /localdev/gwang/tt_transformers/model_cache/llama33_70b/T3K/norm/layer9_post_attn_srcshape_1_1_256_32_dtype_BFLOAT16_layout_ROW_MAJOR_mapper_b82b244385ac_device_0.tensorbin
2026-09-03 03:49:39.386 | INFO     | tt_transformers.modules.lazy_weight:get_device_weight:120 - [32m[cache hit][0m Loading tensor from cache: /localdev/gwang/tt_transformers/model_cache/llama33_70b/T3K/mlp/layer9_w1_srcshape_8192_28672_dtype_BFLOAT8_B_layout_TILE_memcfg_1786057467681592545_mapper_660f4331f0f0_device_0.tensorbin
2026-09-03 03:49:39.397 | INFO     | tt_transformers.modules.lazy_weight:get_device_weight:120 - [32m[cache hit][0m Loading tensor from cache: /localdev/gwang/tt_transformers/model_cache/llama33_70b/T3K/mlp/layer9_w2_srcshape_28672_8192_dtype_BFLOAT8_B_layout_TILE_memcfg_906506041791331912_mapper_0cdd7bdaff6f_device_0.tensorbin
2026-09-03 03:49:39.412 | INFO     | tt_transformers.modules.lazy_weight:get_device_weight:120 - [32m[cache hit][0m Loading tensor from cache: /localdev/gwang/tt_transformers/model_cache/llama33_70b/T3K/mlp/layer9_w3_srcshape_8192_28672_dtype_BFLOAT8_B_layout_TILE_memcfg_1786057467681592545_mapper_660f4331f0f0_device_0.tensorbin
2026-09-03 03:49:39.425 | INFO     | tt_transformers.modules.lazy_weight:get_device_weight:120 - [32m[cache hit][0m Loading tensor from cache: /localdev/gwang/tt_transformers/model_cache/llama33_70b/T3K/norm/layer10_pre_attn_srcshape_1_1_256_32_dtype_BFLOAT16_layout_ROW_MAJOR_mapper_241585d9fe31_device_0.tensorbin
2026-09-03 03:49:39.425 | INFO     | tt_transformers.modules.lazy_weight:get_device_weight:120 - [32m[cache hit][0m Loading tensor from cache: /localdev/gwang/tt_transformers/model_cache/llama33_70b/T3K/norm/layer10_pre_attn_srcshape_1_1_256_32_dtype_BFLOAT16_layout_ROW_MAJOR_mapper_b82b244385ac_device_0.tensorbin
2026-09-03 03:49:39.426 | INFO     | tt_transformers.modules.lazy_weight:get_device_weight:120 - [32m[cache hit][0m Loading tensor from cache: /localdev/gwang/tt_transformers/model_cache/llama33_70b/T3K/attn/layer10_wqkv_srcshape_1_1_8192_10240_dtype_BFLOAT8_B_layout_TILE_memcfg_663972112453010226_mapper_660f4331f0f0_device_0.tensorbin
2026-09-03 03:49:39.431 | INFO     | tt_transformers.modules.lazy_weight:get_device_weight:120 - [32m[cache hit][0m Loading tensor from cache: /localdev/gwang/tt_transformers/model_cache/llama33_70b/T3K/attn/layer10_wo_srcshape_1_1_8192_8192_dtype_BFLOAT8_B_layout_TILE_mapper_660f4331f0f0_device_0.tensorbin
2026-09-03 03:49:39.438 | INFO     | tt_transformers.modules.lazy_weight:get_device_weight:120 - [32m[cache hit][0m Loading tensor from cache: /localdev/gwang/tt_transformers/model_cache/llama33_70b/T3K/norm/layer10_post_attn_srcshape_1_1_256_32_dtype_BFLOAT16_layout_ROW_MAJOR_mapper_241585d9fe31_device_0.tensorbin
2026-09-03 03:49:39.438 | INFO     | tt_transformers.modules.lazy_weight:get_device_weight:120 - [32m[cache hit][0m Loading tensor from cache: /localdev/gwang/tt_transformers/model_cache/llama33_70b/T3K/norm/layer10_post_attn_srcshape_1_1_256_32_dtype_BFLOAT16_layout_ROW_MAJOR_mapper_b82b244385ac_device_0.tensorbin
2026-09-03 03:49:39.439 | INFO     | tt_transformers.modules.lazy_weight:get_device_weight:120 - [32m[cache hit][0m Loading tensor from cache: /localdev/gwang/tt_transformers/model_cache/llama33_70b/T3K/mlp/layer10_w1_srcshape_8192_28672_dtype_BFLOAT8_B_layout_TILE_memcfg_1786057467681592545_mapper_660f4331f0f0_device_0.tensorbin
2026-09-03 03:49:39.449 | INFO     | tt_transformers.modules.lazy_weight:get_device_weight:120 - [32m[cache hit][0m Loading tensor from cache: /localdev/gwang/tt_transformers/model_cache/llama33_70b/T3K/mlp/layer10_w2_srcshape_28672_8192_dtype_BFLOAT8_B_layout_TILE_memcfg_906506041791331912_mapper_0cdd7bdaff6f_device_0.tensorbin
2026-09-03 03:49:39.464 | INFO     | tt_transformers.modules.lazy_weight:get_device_weight:120 - [32m[cache hit][0m Loading tensor from cache: /localdev/gwang/tt_transformers/model_cache/llama33_70b/T3K/mlp/layer10_w3_srcshape_8192_28672_dtype_BFLOAT8_B_layout_TILE_memcfg_1786057467681592545_mapper_660f4331f0f0_device_0.tensorbin
2026-09-03 03:49:39.477 | INFO     | tt_transformers.modules.lazy_weight:get_device_weight:120 - [32m[cache hit][0m Loading tensor from cache: /localdev/gwang/tt_transformers/model_cache/llama33_70b/T3K/norm/layer11_pre_attn_srcshape_1_1_256_32_dtype_BFLOAT16_layout_ROW_MAJOR_mapper_241585d9fe31_device_0.tensorbin
2026-09-03 03:49:39.478 | INFO     | tt_transformers.modules.lazy_weight:get_device_weight:120 - [32m[cache hit][0m Loading tensor from cache: /localdev/gwang/tt_transformers/model_cache/llama33_70b/T3K/norm/layer11_pre_attn_srcshape_1_1_256_32_dtype_BFLOAT16_layout_ROW_MAJOR_mapper_b82b244385ac_device_0.tensorbin
2026-09-03 03:49:39.478 | INFO     | tt_transformers.modules.lazy_weight:get_device_weight:120 - [32m[cache hit][0m Loading tensor from cache: /localdev/gwang/tt_transformers/model_cache/llama33_70b/T3K/attn/layer11_wqkv_srcshape_1_1_8192_10240_dtype_BFLOAT8_B_layout_TILE_memcfg_663972112453010226_mapper_660f4331f0f0_device_0.tensorbin
2026-09-03 03:49:39.484 | INFO     | tt_transformers.modules.lazy_weight:get_device_weight:120 - [32m[cache hit][0m Loading tensor from cache: /localdev/gwang/tt_transformers/model_cache/llama33_70b/T3K/attn/layer11_wo_srcshape_1_1_8192_8192_dtype_BFLOAT8_B_layout_TILE_mapper_660f4331f0f0_device_0.tensorbin
2026-09-03 03:49:39.491 | INFO     | tt_transformers.modules.lazy_weight:get_device_weight:120 - [32m[cache hit][0m Loading tensor from cache: /localdev/gwang/tt_transformers/model_cache/llama33_70b/T3K/norm/layer11_post_attn_srcshape_1_1_256_32_dtype_BFLOAT16_layout_ROW_MAJOR_mapper_241585d9fe31_device_0.tensorbin
2026-09-03 03:49:39.491 | INFO     | tt_transformers.modules.lazy_weight:get_device_weight:120 - [32m[cache hit][0m Loading tensor from cache: /localdev/gwang/tt_transformers/model_cache/llama33_70b/T3K/norm/layer11_post_attn_srcshape_1_1_256_32_dtype_BFLOAT16_layout_ROW_MAJOR_mapper_b82b244385ac_device_0.tensorbin
2026-09-03 03:49:39.492 | INFO     | tt_transformers.modules.lazy_weight:get_device_weight:120 - [32m[cache hit][0m Loading tensor from cache: /localdev/gwang/tt_transformers/model_cache/llama33_70b/T3K/mlp/layer11_w1_srcshape_8192_28672_dtype_BFLOAT8_B_layout_TILE_memcfg_1786057467681592545_mapper_660f4331f0f0_device_0.tensorbin
2026-09-03 03:49:39.505 | INFO     | tt_transformers.modules.lazy_weight:get_device_weight:120 - [32m[cache hit][0m Loading tensor from cache: /localdev/gwang/tt_transformers/model_cache/llama33_70b/T3K/mlp/layer11_w2_srcshape_28672_8192_dtype_BFLOAT8_B_layout_TILE_memcfg_906506041791331912_mapper_0cdd7bdaff6f_device_0.tensorbin
2026-09-03 03:49:39.519 | INFO     | tt_transformers.modules.lazy_weight:get_device_weight:120 - [32m[cache hit][0m Loading tensor from cache: /localdev/gwang/tt_transformers/model_cache/llama33_70b/T3K/mlp/layer11_w3_srcshape_8192_28672_dtype_BFLOAT8_B_layout_TILE_memcfg_1786057467681592545_mapper_660f4331f0f0_device_0.tensorbin
2026-09-03 03:49:39.534 | INFO     | tt_transformers.modules.lazy_weight:get_device_weight:120 - [32m[cache hit][0m Loading tensor from cache: /localdev/gwang/tt_transformers/model_cache/llama33_70b/T3K/norm/layer12_pre_attn_srcshape_1_1_256_32_dtype_BFLOAT16_layout_ROW_MAJOR_mapper_241585d9fe31_device_0.tensorbin
2026-09-03 03:49:39.534 | INFO     | tt_transformers.modules.lazy_weight:get_device_weight:120 - [32m[cache hit][0m Loading tensor from cache: /localdev/gwang/tt_transformers/model_cache/llama33_70b/T3K/norm/layer12_pre_attn_srcshape_1_1_256_32_dtype_BFLOAT16_layout_ROW_MAJOR_mapper_b82b244385ac_device_0.tensorbin
2026-09-03 03:49:39.535 | INFO     | tt_transformers.modules.lazy_weight:get_device_weight:120 - [32m[cache hit][0m Loading tensor from cache: /localdev/gwang/tt_transformers/model_cache/llama33_70b/T3K/attn/layer12_wqkv_srcshape_1_1_8192_10240_dtype_BFLOAT8_B_layout_TILE_memcfg_663972112453010226_mapper_660f4331f0f0_device_0.tensorbin
2026-09-03 03:49:39.541 | INFO     | tt_transformers.modules.lazy_weight:get_device_weight:120 - [32m[cache hit][0m Loading tensor from cache: /localdev/gwang/tt_transformers/model_cache/llama33_70b/T3K/attn/layer12_wo_srcshape_1_1_8192_8192_dtype_BFLOAT8_B_layout_TILE_mapper_660f4331f0f0_device_0.tensorbin
2026-09-03 03:49:39.548 | INFO     | tt_transformers.modules.lazy_weight:get_device_weight:120 - [32m[cache hit][0m Loading tensor from cache: /localdev/gwang/tt_transformers/model_cache/llama33_70b/T3K/norm/layer12_post_attn_srcshape_1_1_256_32_dtype_BFLOAT16_layout_ROW_MAJOR_mapper_241585d9fe31_device_0.tensorbin
2026-09-03 03:49:39.548 | INFO     | tt_transformers.modules.lazy_weight:get_device_weight:120 - [32m[cache hit][0m Loading tensor from cache: /localdev/gwang/tt_transformers/model_cache/llama33_70b/T3K/norm/layer12_post_attn_srcshape_1_1_256_32_dtype_BFLOAT16_layout_ROW_MAJOR_mapper_b82b244385ac_device_0.tensorbin
2026-09-03 03:49:39.548 | INFO     | tt_transformers.modules.lazy_weight:get_device_weight:120 - [32m[cache hit][0m Loading tensor from cache: /localdev/gwang/tt_transformers/model_cache/llama33_70b/T3K/mlp/layer12_w1_srcshape_8192_28672_dtype_BFLOAT8_B_layout_TILE_memcfg_1786057467681592545_mapper_660f4331f0f0_device_0.tensorbin
2026-09-03 03:49:39.561 | INFO     | tt_transformers.modules.lazy_weight:get_device_weight:120 - [32m[cache hit][0m Loading tensor from cache: /localdev/gwang/tt_transformers/model_cache/llama33_70b/T3K/mlp/layer12_w2_srcshape_28672_8192_dtype_BFLOAT8_B_layout_TILE_memcfg_906506041791331912_mapper_0cdd7bdaff6f_device_0.tensorbin
2026-09-03 03:49:39.577 | INFO     | tt_transformers.modules.lazy_weight:get_device_weight:120 - [32m[cache hit][0m Loading tensor from cache: /localdev/gwang/tt_transformers/model_cache/llama33_70b/T3K/mlp/layer12_w3_srcshape_8192_28672_dtype_BFLOAT8_B_layout_TILE_memcfg_1786057467681592545_mapper_660f4331f0f0_device_0.tensorbin
2026-09-03 03:49:39.591 | INFO     | tt_transformers.modules.lazy_weight:get_device_weight:120 - [32m[cache hit][0m Loading tensor from cache: /localdev/gwang/tt_transformers/model_cache/llama33_70b/T3K/norm/layer13_pre_attn_srcshape_1_1_256_32_dtype_BFLOAT16_layout_ROW_MAJOR_mapper_241585d9fe31_device_0.tensorbin
2026-09-03 03:49:39.592 | INFO     | tt_transformers.modules.lazy_weight:get_device_weight:120 - [32m[cache hit][0m Loading tensor from cache: /localdev/gwang/tt_transformers/model_cache/llama33_70b/T3K/norm/layer13_pre_attn_srcshape_1_1_256_32_dtype_BFLOAT16_layout_ROW_MAJOR_mapper_b82b244385ac_device_0.tensorbin
2026-09-03 03:49:39.592 | INFO     | tt_transformers.modules.lazy_weight:get_device_weight:120 - [32m[cache hit][0m Loading tensor from cache: /localdev/gwang/tt_transformers/model_cache/llama33_70b/T3K/attn/layer13_wqkv_srcshape_1_1_8192_10240_dtype_BFLOAT8_B_layout_TILE_memcfg_663972112453010226_mapper_660f4331f0f0_device_0.tensorbin
2026-09-03 03:49:39.599 | INFO     | tt_transformers.modules.lazy_weight:get_device_weight:120 - [32m[cache hit][0m Loading tensor from cache: /localdev/gwang/tt_transformers/model_cache/llama33_70b/T3K/attn/layer13_wo_srcshape_1_1_8192_8192_dtype_BFLOAT8_B_layout_TILE_mapper_660f4331f0f0_device_0.tensorbin
2026-09-03 03:49:39.605 | INFO     | tt_transformers.modules.lazy_weight:get_device_weight:120 - [32m[cache hit][0m Loading tensor from cache: /localdev/gwang/tt_transformers/model_cache/llama33_70b/T3K/norm/layer13_post_attn_srcshape_1_1_256_32_dtype_BFLOAT16_layout_ROW_MAJOR_mapper_241585d9fe31_device_0.tensorbin
2026-09-03 03:49:39.605 | INFO     | tt_transformers.modules.lazy_weight:get_device_weight:120 - [32m[cache hit][0m Loading tensor from cache: /localdev/gwang/tt_transformers/model_cache/llama33_70b/T3K/norm/layer13_post_attn_srcshape_1_1_256_32_dtype_BFLOAT16_layout_ROW_MAJOR_mapper_b82b244385ac_device_0.tensorbin
2026-09-03 03:49:39.606 | INFO     | tt_transformers.modules.lazy_weight:get_device_weight:120 - [32m[cache hit][0m Loading tensor from cache: /localdev/gwang/tt_transformers/model_cache/llama33_70b/T3K/mlp/layer13_w1_srcshape_8192_28672_dtype_BFLOAT8_B_layout_TILE_memcfg_1786057467681592545_mapper_660f4331f0f0_device_0.tensorbin
2026-09-03 03:49:39.618 | INFO     | tt_transformers.modules.lazy_weight:get_device_weight:120 - [32m[cache hit][0m Loading tensor from cache: /localdev/gwang/tt_transformers/model_cache/llama33_70b/T3K/mlp/layer13_w2_srcshape_28672_8192_dtype_BFLOAT8_B_layout_TILE_memcfg_906506041791331912_mapper_0cdd7bdaff6f_device_0.tensorbin
2026-09-03 03:49:39.630 | INFO     | tt_transformers.modules.lazy_weight:get_device_weight:120 - [32m[cache hit][0m Loading tensor from cache: /localdev/gwang/tt_transformers/model_cache/llama33_70b/T3K/mlp/layer13_w3_srcshape_8192_28672_dtype_BFLOAT8_B_layout_TILE_memcfg_1786057467681592545_mapper_660f4331f0f0_device_0.tensorbin
2026-09-03 03:49:39.645 | INFO     | tt_transformers.modules.lazy_weight:get_device_weight:120 - [32m[cache hit][0m Loading tensor from cache: /localdev/gwang/tt_transformers/model_cache/llama33_70b/T3K/norm/layer14_pre_attn_srcshape_1_1_256_32_dtype_BFLOAT16_layout_ROW_MAJOR_mapper_241585d9fe31_device_0.tensorbin
2026-09-03 03:49:39.645 | INFO     | tt_transformers.modules.lazy_weight:get_device_weight:120 - [32m[cache hit][0m Loading tensor from cache: /localdev/gwang/tt_transformers/model_cache/llama33_70b/T3K/norm/layer14_pre_attn_srcshape_1_1_256_32_dtype_BFLOAT16_layout_ROW_MAJOR_mapper_b82b244385ac_device_0.tensorbin
2026-09-03 03:49:39.646 | INFO     | tt_transformers.modules.lazy_weight:get_device_weight:120 - [32m[cache hit][0m Loading tensor from cache: /localdev/gwang/tt_transformers/model_cache/llama33_70b/T3K/attn/layer14_wqkv_srcshape_1_1_8192_10240_dtype_BFLOAT8_B_layout_TILE_memcfg_663972112453010226_mapper_660f4331f0f0_device_0.tensorbin
2026-09-03 03:49:39.651 | INFO     | tt_transformers.modules.lazy_weight:get_device_weight:120 - [32m[cache hit][0m Loading tensor from cache: /localdev/gwang/tt_transformers/model_cache/llama33_70b/T3K/attn/layer14_wo_srcshape_1_1_8192_8192_dtype_BFLOAT8_B_layout_TILE_mapper_660f4331f0f0_device_0.tensorbin
2026-09-03 03:49:39.657 | INFO     | tt_transformers.modules.lazy_weight:get_device_weight:120 - [32m[cache hit][0m Loading tensor from cache: /localdev/gwang/tt_transformers/model_cache/llama33_70b/T3K/norm/layer14_post_attn_srcshape_1_1_256_32_dtype_BFLOAT16_layout_ROW_MAJOR_mapper_241585d9fe31_device_0.tensorbin
2026-09-03 03:49:39.657 | INFO     | tt_transformers.modules.lazy_weight:get_device_weight:120 - [32m[cache hit][0m Loading tensor from cache: /localdev/gwang/tt_transformers/model_cache/llama33_70b/T3K/norm/layer14_post_attn_srcshape_1_1_256_32_dtype_BFLOAT16_layout_ROW_MAJOR_mapper_b82b244385ac_device_0.tensorbin
2026-09-03 03:49:39.658 | INFO     | tt_transformers.modules.lazy_weight:get_device_weight:120 - [32m[cache hit][0m Loading tensor from cache: /localdev/gwang/tt_transformers/model_cache/llama33_70b/T3K/mlp/layer14_w1_srcshape_8192_28672_dtype_BFLOAT8_B_layout_TILE_memcfg_1786057467681592545_mapper_660f4331f0f0_device_0.tensorbin
2026-09-03 03:49:39.672 | INFO     | tt_transformers.modules.lazy_weight:get_device_weight:120 - [32m[cache hit][0m Loading tensor from cache: /localdev/gwang/tt_transformers/model_cache/llama33_70b/T3K/mlp/layer14_w2_srcshape_28672_8192_dtype_BFLOAT8_B_layout_TILE_memcfg_906506041791331912_mapper_0cdd7bdaff6f_device_0.tensorbin
2026-09-03 03:49:39.685 | INFO     | tt_transformers.modules.lazy_weight:get_device_weight:120 - [32m[cache hit][0m Loading tensor from cache: /localdev/gwang/tt_transformers/model_cache/llama33_70b/T3K/mlp/layer14_w3_srcshape_8192_28672_dtype_BFLOAT8_B_layout_TILE_memcfg_1786057467681592545_mapper_660f4331f0f0_device_0.tensorbin
2026-09-03 03:49:39.700 | INFO     | tt_transformers.modules.lazy_weight:get_device_weight:120 - [32m[cache hit][0m Loading tensor from cache: /localdev/gwang/tt_transformers/model_cache/llama33_70b/T3K/norm/layer15_pre_attn_srcshape_1_1_256_32_dtype_BFLOAT16_layout_ROW_MAJOR_mapper_241585d9fe31_device_0.tensorbin
2026-09-03 03:49:39.701 | INFO     | tt_transformers.modules.lazy_weight:get_device_weight:120 - [32m[cache hit][0m Loading tensor from cache: /localdev/gwang/tt_transformers/model_cache/llama33_70b/T3K/norm/layer15_pre_attn_srcshape_1_1_256_32_dtype_BFLOAT16_layout_ROW_MAJOR_mapper_b82b244385ac_device_0.tensorbin
2026-09-03 03:49:39.701 | INFO     | tt_transformers.modules.lazy_weight:get_device_weight:120 - [32m[cache hit][0m Loading tensor from cache: /localdev/gwang/tt_transformers/model_cache/llama33_70b/T3K/attn/layer15_wqkv_srcshape_1_1_8192_10240_dtype_BFLOAT8_B_layout_TILE_memcfg_663972112453010226_mapper_660f4331f0f0_device_0.tensorbin
2026-09-03 03:49:39.706 | INFO     | tt_transformers.modules.lazy_weight:get_device_weight:120 - [32m[cache hit][0m Loading tensor from cache: /localdev/gwang/tt_transformers/model_cache/llama33_70b/T3K/attn/layer15_wo_srcshape_1_1_8192_8192_dtype_BFLOAT8_B_layout_TILE_mapper_660f4331f0f0_device_0.tensorbin
2026-09-03 03:49:39.712 | INFO     | tt_transformers.modules.lazy_weight:get_device_weight:120 - [32m[cache hit][0m Loading tensor from cache: /localdev/gwang/tt_transformers/model_cache/llama33_70b/T3K/norm/layer15_post_attn_srcshape_1_1_256_32_dtype_BFLOAT16_layout_ROW_MAJOR_mapper_241585d9fe31_device_0.tensorbin
2026-09-03 03:49:39.713 | INFO     | tt_transformers.modules.lazy_weight:get_device_weight:120 - [32m[cache hit][0m Loading tensor from cache: /localdev/gwang/tt_transformers/model_cache/llama33_70b/T3K/norm/layer15_post_attn_srcshape_1_1_256_32_dtype_BFLOAT16_layout_ROW_MAJOR_mapper_b82b244385ac_device_0.tensorbin
2026-09-03 03:49:39.713 | INFO     | tt_transformers.modules.lazy_weight:get_device_weight:120 - [32m[cache hit][0m Loading tensor from cache: /localdev/gwang/tt_transformers/model_cache/llama33_70b/T3K/mlp/layer15_w1_srcshape_8192_28672_dtype_BFLOAT8_B_layout_TILE_memcfg_1786057467681592545_mapper_660f4331f0f0_device_0.tensorbin
2026-09-03 03:49:39.725 | INFO     | tt_transformers.modules.lazy_weight:get_device_weight:120 - [32m[cache hit][0m Loading tensor from cache: /localdev/gwang/tt_transformers/model_cache/llama33_70b/T3K/mlp/layer15_w2_srcshape_28672_8192_dtype_BFLOAT8_B_layout_TILE_memcfg_906506041791331912_mapper_0cdd7bdaff6f_device_0.tensorbin
2026-09-03 03:49:39.737 | INFO     | tt_transformers.modules.lazy_weight:get_device_weight:120 - [32m[cache hit][0m Loading tensor from cache: /localdev/gwang/tt_transformers/model_cache/llama33_70b/T3K/mlp/layer15_w3_srcshape_8192_28672_dtype_BFLOAT8_B_layout_TILE_memcfg_1786057467681592545_mapper_660f4331f0f0_device_0.tensorbin
2026-09-03 03:49:39.751 | INFO     | tt_transformers.modules.lazy_weight:get_device_weight:120 - [32m[cache hit][0m Loading tensor from cache: /localdev/gwang/tt_transformers/model_cache/llama33_70b/T3K/norm/layer16_pre_attn_srcshape_1_1_256_32_dtype_BFLOAT16_layout_ROW_MAJOR_mapper_241585d9fe31_device_0.tensorbin
2026-09-03 03:49:39.751 | INFO     | tt_transformers.modules.lazy_weight:get_device_weight:120 - [32m[cache hit][0m Loading tensor from cache: /localdev/gwang/tt_transformers/model_cache/llama33_70b/T3K/norm/layer16_pre_attn_srcshape_1_1_256_32_dtype_BFLOAT16_layout_ROW_MAJOR_mapper_b82b244385ac_device_0.tensorbin
2026-09-03 03:49:39.752 | INFO     | tt_transformers.modules.lazy_weight:get_device_weight:120 - [32m[cache hit][0m Loading tensor from cache: /localdev/gwang/tt_transformers/model_cache/llama33_70b/T3K/attn/layer16_wqkv_srcshape_1_1_8192_10240_dtype_BFLOAT8_B_layout_TILE_memcfg_663972112453010226_mapper_660f4331f0f0_device_0.tensorbin
2026-09-03 03:49:39.757 | INFO     | tt_transformers.modules.lazy_weight:get_device_weight:120 - [32m[cache hit][0m Loading tensor from cache: /localdev/gwang/tt_transformers/model_cache/llama33_70b/T3K/attn/layer16_wo_srcshape_1_1_8192_8192_dtype_BFLOAT8_B_layout_TILE_mapper_660f4331f0f0_device_0.tensorbin
2026-09-03 03:49:39.765 | INFO     | tt_transformers.modules.lazy_weight:get_device_weight:120 - [32m[cache hit][0m Loading tensor from cache: /localdev/gwang/tt_transformers/model_cache/llama33_70b/T3K/norm/layer16_post_attn_srcshape_1_1_256_32_dtype_BFLOAT16_layout_ROW_MAJOR_mapper_241585d9fe31_device_0.tensorbin
2026-09-03 03:49:39.765 | INFO     | tt_transformers.modules.lazy_weight:get_device_weight:120 - [32m[cache hit][0m Loading tensor from cache: /localdev/gwang/tt_transformers/model_cache/llama33_70b/T3K/norm/layer16_post_attn_srcshape_1_1_256_32_dtype_BFLOAT16_layout_ROW_MAJOR_mapper_b82b244385ac_device_0.tensorbin
2026-09-03 03:49:39.766 | INFO     | tt_transformers.modules.lazy_weight:get_device_weight:120 - [32m[cache hit][0m Loading tensor from cache: /localdev/gwang/tt_transformers/model_cache/llama33_70b/T3K/mlp/layer16_w1_srcshape_8192_28672_dtype_BFLOAT8_B_layout_TILE_memcfg_1786057467681592545_mapper_660f4331f0f0_device_0.tensorbin
2026-09-03 03:49:39.778 | INFO     | tt_transformers.modules.lazy_weight:get_device_weight:120 - [32m[cache hit][0m Loading tensor from cache: /localdev/gwang/tt_transformers/model_cache/llama33_70b/T3K/mlp/layer16_w2_srcshape_28672_8192_dtype_BFLOAT8_B_layout_TILE_memcfg_906506041791331912_mapper_0cdd7bdaff6f_device_0.tensorbin
2026-09-03 03:49:39.792 | INFO     | tt_transformers.modules.lazy_weight:get_device_weight:120 - [32m[cache hit][0m Loading tensor from cache: /localdev/gwang/tt_transformers/model_cache/llama33_70b/T3K/mlp/layer16_w3_srcshape_8192_28672_dtype_BFLOAT8_B_layout_TILE_memcfg_1786057467681592545_mapper_660f4331f0f0_device_0.tensorbin
2026-09-03 03:49:39.807 | INFO     | tt_transformers.modules.lazy_weight:get_device_weight:120 - [32m[cache hit][0m Loading tensor from cache: /localdev/gwang/tt_transformers/model_cache/llama33_70b/T3K/norm/layer17_pre_attn_srcshape_1_1_256_32_dtype_BFLOAT16_layout_ROW_MAJOR_mapper_241585d9fe31_device_0.tensorbin
2026-09-03 03:49:39.807 | INFO     | tt_transformers.modules.lazy_weight:get_device_weight:120 - [32m[cache hit][0m Loading tensor from cache: /localdev/gwang/tt_transformers/model_cache/llama33_70b/T3K/norm/layer17_pre_attn_srcshape_1_1_256_32_dtype_BFLOAT16_layout_ROW_MAJOR_mapper_b82b244385ac_device_0.tensorbin
2026-09-03 03:49:39.808 | INFO     | tt_transformers.modules.lazy_weight:get_device_weight:120 - [32m[cache hit][0m Loading tensor from cache: /localdev/gwang/tt_transformers/model_cache/llama33_70b/T3K/attn/layer17_wqkv_srcshape_1_1_8192_10240_dtype_BFLOAT8_B_layout_TILE_memcfg_663972112453010226_mapper_660f4331f0f0_device_0.tensorbin
2026-09-03 03:49:39.813 | INFO     | tt_transformers.modules.lazy_weight:get_device_weight:120 - [32m[cache hit][0m Loading tensor from cache: /localdev/gwang/tt_transformers/model_cache/llama33_70b/T3K/attn/layer17_wo_srcshape_1_1_8192_8192_dtype_BFLOAT8_B_layout_TILE_mapper_660f4331f0f0_device_0.tensorbin
2026-09-03 03:49:39.819 | INFO     | tt_transformers.modules.lazy_weight:get_device_weight:120 - [32m[cache hit][0m Loading tensor from cache: /localdev/gwang/tt_transformers/model_cache/llama33_70b/T3K/norm/layer17_post_attn_srcshape_1_1_256_32_dtype_BFLOAT16_layout_ROW_MAJOR_mapper_241585d9fe31_device_0.tensorbin
2026-09-03 03:49:39.819 | INFO     | tt_transformers.modules.lazy_weight:get_device_weight:120 - [32m[cache hit][0m Loading tensor from cache: /localdev/gwang/tt_transformers/model_cache/llama33_70b/T3K/norm/layer17_post_attn_srcshape_1_1_256_32_dtype_BFLOAT16_layout_ROW_MAJOR_mapper_b82b244385ac_device_0.tensorbin
2026-09-03 03:49:39.819 | INFO     | tt_transformers.modules.lazy_weight:get_device_weight:120 - [32m[cache hit][0m Loading tensor from cache: /localdev/gwang/tt_transformers/model_cache/llama33_70b/T3K/mlp/layer17_w1_srcshape_8192_28672_dtype_BFLOAT8_B_layout_TILE_memcfg_1786057467681592545_mapper_660f4331f0f0_device_0.tensorbin
2026-09-03 03:49:39.833 | INFO     | tt_transformers.modules.lazy_weight:get_device_weight:120 - [32m[cache hit][0m Loading tensor from cache: /localdev/gwang/tt_transformers/model_cache/llama33_70b/T3K/mlp/layer17_w2_srcshape_28672_8192_dtype_BFLOAT8_B_layout_TILE_memcfg_906506041791331912_mapper_0cdd7bdaff6f_device_0.tensorbin
2026-09-03 03:49:39.847 | INFO     | tt_transformers.modules.lazy_weight:get_device_weight:120 - [32m[cache hit][0m Loading tensor from cache: /localdev/gwang/tt_transformers/model_cache/llama33_70b/T3K/mlp/layer17_w3_srcshape_8192_28672_dtype_BFLOAT8_B_layout_TILE_memcfg_1786057467681592545_mapper_660f4331f0f0_device_0.tensorbin
2026-09-03 03:49:39.862 | INFO     | tt_transformers.modules.lazy_weight:get_device_weight:120 - [32m[cache hit][0m Loading tensor from cache: /localdev/gwang/tt_transformers/model_cache/llama33_70b/T3K/norm/layer18_pre_attn_srcshape_1_1_256_32_dtype_BFLOAT16_layout_ROW_MAJOR_mapper_241585d9fe31_device_0.tensorbin
2026-09-03 03:49:39.863 | INFO     | tt_transformers.modules.lazy_weight:get_device_weight:120 - [32m[cache hit][0m Loading tensor from cache: /localdev/gwang/tt_transformers/model_cache/llama33_70b/T3K/norm/layer18_pre_attn_srcshape_1_1_256_32_dtype_BFLOAT16_layout_ROW_MAJOR_mapper_b82b244385ac_device_0.tensorbin
2026-09-03 03:49:39.863 | INFO     | tt_transformers.modules.lazy_weight:get_device_weight:120 - [32m[cache hit][0m Loading tensor from cache: /localdev/gwang/tt_transformers/model_cache/llama33_70b/T3K/attn/layer18_wqkv_srcshape_1_1_8192_10240_dtype_BFLOAT8_B_layout_TILE_memcfg_663972112453010226_mapper_660f4331f0f0_device_0.tensorbin
2026-09-03 03:49:39.868 | INFO     | tt_transformers.modules.lazy_weight:get_device_weight:120 - [32m[cache hit][0m Loading tensor from cache: /localdev/gwang/tt_transformers/model_cache/llama33_70b/T3K/attn/layer18_wo_srcshape_1_1_8192_8192_dtype_BFLOAT8_B_layout_TILE_mapper_660f4331f0f0_device_0.tensorbin
2026-09-03 03:49:39.874 | INFO     | tt_transformers.modules.lazy_weight:get_device_weight:120 - [32m[cache hit][0m Loading tensor from cache: /localdev/gwang/tt_transformers/model_cache/llama33_70b/T3K/norm/layer18_post_attn_srcshape_1_1_256_32_dtype_BFLOAT16_layout_ROW_MAJOR_mapper_241585d9fe31_device_0.tensorbin
2026-09-03 03:49:39.875 | INFO     | tt_transformers.modules.lazy_weight:get_device_weight:120 - [32m[cache hit][0m Loading tensor from cache: /localdev/gwang/tt_transformers/model_cache/llama33_70b/T3K/norm/layer18_post_attn_srcshape_1_1_256_32_dtype_BFLOAT16_layout_ROW_MAJOR_mapper_b82b244385ac_device_0.tensorbin
2026-09-03 03:49:39.875 | INFO     | tt_transformers.modules.lazy_weight:get_device_weight:120 - [32m[cache hit][0m Loading tensor from cache: /localdev/gwang/tt_transformers/model_cache/llama33_70b/T3K/mlp/layer18_w1_srcshape_8192_28672_dtype_BFLOAT8_B_layout_TILE_memcfg_1786057467681592545_mapper_660f4331f0f0_device_0.tensorbin
2026-09-03 03:49:39.888 | INFO     | tt_transformers.modules.lazy_weight:get_device_weight:120 - [32m[cache hit][0m Loading tensor from cache: /localdev/gwang/tt_transformers/model_cache/llama33_70b/T3K/mlp/layer18_w2_srcshape_28672_8192_dtype_BFLOAT8_B_layout_TILE_memcfg_906506041791331912_mapper_0cdd7bdaff6f_device_0.tensorbin
2026-09-03 03:49:39.901 | INFO     | tt_transformers.modules.lazy_weight:get_device_weight:120 - [32m[cache hit][0m Loading tensor from cache: /localdev/gwang/tt_transformers/model_cache/llama33_70b/T3K/mlp/layer18_w3_srcshape_8192_28672_dtype_BFLOAT8_B_layout_TILE_memcfg_1786057467681592545_mapper_660f4331f0f0_device_0.tensorbin
2026-09-03 03:49:39.917 | INFO     | tt_transformers.modules.lazy_weight:get_device_weight:120 - [32m[cache hit][0m Loading tensor from cache: /localdev/gwang/tt_transformers/model_cache/llama33_70b/T3K/norm/layer19_pre_attn_srcshape_1_1_256_32_dtype_BFLOAT16_layout_ROW_MAJOR_mapper_241585d9fe31_device_0.tensorbin
2026-09-03 03:49:39.918 | INFO     | tt_transformers.modules.lazy_weight:get_device_weight:120 - [32m[cache hit][0m Loading tensor from cache: /localdev/gwang/tt_transformers/model_cache/llama33_70b/T3K/norm/layer19_pre_attn_srcshape_1_1_256_32_dtype_BFLOAT16_layout_ROW_MAJOR_mapper_b82b244385ac_device_0.tensorbin
2026-09-03 03:49:39.918 | INFO     | tt_transformers.modules.lazy_weight:get_device_weight:120 - [32m[cache hit][0m Loading tensor from cache: /localdev/gwang/tt_transformers/model_cache/llama33_70b/T3K/attn/layer19_wqkv_srcshape_1_1_8192_10240_dtype_BFLOAT8_B_layout_TILE_memcfg_663972112453010226_mapper_660f4331f0f0_device_0.tensorbin
2026-09-03 03:49:39.923 | INFO     | tt_transformers.modules.lazy_weight:get_device_weight:120 - [32m[cache hit][0m Loading tensor from cache: /localdev/gwang/tt_transformers/model_cache/llama33_70b/T3K/attn/layer19_wo_srcshape_1_1_8192_8192_dtype_BFLOAT8_B_layout_TILE_mapper_660f4331f0f0_device_0.tensorbin
2026-09-03 03:49:39.929 | INFO     | tt_transformers.modules.lazy_weight:get_device_weight:120 - [32m[cache hit][0m Loading tensor from cache: /localdev/gwang/tt_transformers/model_cache/llama33_70b/T3K/norm/layer19_post_attn_srcshape_1_1_256_32_dtype_BFLOAT16_layout_ROW_MAJOR_mapper_241585d9fe31_device_0.tensorbin
2026-09-03 03:49:39.929 | INFO     | tt_transformers.modules.lazy_weight:get_device_weight:120 - [32m[cache hit][0m Loading tensor from cache: /localdev/gwang/tt_transformers/model_cache/llama33_70b/T3K/norm/layer19_post_attn_srcshape_1_1_256_32_dtype_BFLOAT16_layout_ROW_MAJOR_mapper_b82b244385ac_device_0.tensorbin
2026-09-03 03:49:39.930 | INFO     | tt_transformers.modules.lazy_weight:get_device_weight:120 - [32m[cache hit][0m Loading tensor from cache: /localdev/gwang/tt_transformers/model_cache/llama33_70b/T3K/mlp/layer19_w1_srcshape_8192_28672_dtype_BFLOAT8_B_layout_TILE_memcfg_1786057467681592545_mapper_660f4331f0f0_device_0.tensorbin
2026-09-03 03:49:39.942 | INFO     | tt_transformers.modules.lazy_weight:get_device_weight:120 - [32m[cache hit][0m Loading tensor from cache: /localdev/gwang/tt_transformers/model_cache/llama33_70b/T3K/mlp/layer19_w2_srcshape_28672_8192_dtype_BFLOAT8_B_layout_TILE_memcfg_906506041791331912_mapper_0cdd7bdaff6f_device_0.tensorbin
2026-09-03 03:49:39.954 | INFO     | tt_transformers.modules.lazy_weight:get_device_weight:120 - [32m[cache hit][0m Loading tensor from cache: /localdev/gwang/tt_transformers/model_cache/llama33_70b/T3K/mlp/layer19_w3_srcshape_8192_28672_dtype_BFLOAT8_B_layout_TILE_memcfg_1786057467681592545_mapper_660f4331f0f0_device_0.tensorbin
2026-09-03 03:49:39.967 | INFO     | tt_transformers.modules.lazy_weight:get_device_weight:120 - [32m[cache hit][0m Loading tensor from cache: /localdev/gwang/tt_transformers/model_cache/llama33_70b/T3K/norm/layer20_pre_attn_srcshape_1_1_256_32_dtype_BFLOAT16_layout_ROW_MAJOR_mapper_241585d9fe31_device_0.tensorbin
2026-09-03 03:49:39.968 | INFO     | tt_transformers.modules.lazy_weight:get_device_weight:120 - [32m[cache hit][0m Loading tensor from cache: /localdev/gwang/tt_transformers/model_cache/llama33_70b/T3K/norm/layer20_pre_attn_srcshape_1_1_256_32_dtype_BFLOAT16_layout_ROW_MAJOR_mapper_b82b244385ac_device_0.tensorbin
2026-09-03 03:49:39.968 | INFO     | tt_transformers.modules.lazy_weight:get_device_weight:120 - [32m[cache hit][0m Loading tensor from cache: /localdev/gwang/tt_transformers/model_cache/llama33_70b/T3K/attn/layer20_wqkv_srcshape_1_1_8192_10240_dtype_BFLOAT8_B_layout_TILE_memcfg_663972112453010226_mapper_660f4331f0f0_device_0.tensorbin
2026-09-03 03:49:39.973 | INFO     | tt_transformers.modules.lazy_weight:get_device_weight:120 - [32m[cache hit][0m Loading tensor from cache: /localdev/gwang/tt_transformers/model_cache/llama33_70b/T3K/attn/layer20_wo_srcshape_1_1_8192_8192_dtype_BFLOAT8_B_layout_TILE_mapper_660f4331f0f0_device_0.tensorbin
2026-09-03 03:49:39.978 | INFO     | tt_transformers.modules.lazy_weight:get_device_weight:120 - [32m[cache hit][0m Loading tensor from cache: /localdev/gwang/tt_transformers/model_cache/llama33_70b/T3K/norm/layer20_post_attn_srcshape_1_1_256_32_dtype_BFLOAT16_layout_ROW_MAJOR_mapper_241585d9fe31_device_0.tensorbin
2026-09-03 03:49:39.979 | INFO     | tt_transformers.modules.lazy_weight:get_device_weight:120 - [32m[cache hit][0m Loading tensor from cache: /localdev/gwang/tt_transformers/model_cache/llama33_70b/T3K/norm/layer20_post_attn_srcshape_1_1_256_32_dtype_BFLOAT16_layout_ROW_MAJOR_mapper_b82b244385ac_device_0.tensorbin
2026-09-03 03:49:39.979 | INFO     | tt_transformers.modules.lazy_weight:get_device_weight:120 - [32m[cache hit][0m Loading tensor from cache: /localdev/gwang/tt_transformers/model_cache/llama33_70b/T3K/mlp/layer20_w1_srcshape_8192_28672_dtype_BFLOAT8_B_layout_TILE_memcfg_1786057467681592545_mapper_660f4331f0f0_device_0.tensorbin
2026-09-03 03:49:39.992 | INFO     | tt_transformers.modules.lazy_weight:get_device_weight:120 - [32m[cache hit][0m Loading tensor from cache: /localdev/gwang/tt_transformers/model_cache/llama33_70b/T3K/mlp/layer20_w2_srcshape_28672_8192_dtype_BFLOAT8_B_layout_TILE_memcfg_906506041791331912_mapper_0cdd7bdaff6f_device_0.tensorbin
2026-09-03 03:49:40.006 | INFO     | tt_transformers.modules.lazy_weight:get_device_weight:120 - [32m[cache hit][0m Loading tensor from cache: /localdev/gwang/tt_transformers/model_cache/llama33_70b/T3K/mlp/layer20_w3_srcshape_8192_28672_dtype_BFLOAT8_B_layout_TILE_memcfg_1786057467681592545_mapper_660f4331f0f0_device_0.tensorbin
2026-09-03 03:49:40.020 | INFO     | tt_transformers.modules.lazy_weight:get_device_weight:120 - [32m[cache hit][0m Loading tensor from cache: /localdev/gwang/tt_transformers/model_cache/llama33_70b/T3K/norm/layer21_pre_attn_srcshape_1_1_256_32_dtype_BFLOAT16_layout_ROW_MAJOR_mapper_241585d9fe31_device_0.tensorbin
2026-09-03 03:49:40.020 | INFO     | tt_transformers.modules.lazy_weight:get_device_weight:120 - [32m[cache hit][0m Loading tensor from cache: /localdev/gwang/tt_transformers/model_cache/llama33_70b/T3K/norm/layer21_pre_attn_srcshape_1_1_256_32_dtype_BFLOAT16_layout_ROW_MAJOR_mapper_b82b244385ac_device_0.tensorbin
2026-09-03 03:49:40.021 | INFO     | tt_transformers.modules.lazy_weight:get_device_weight:120 - [32m[cache hit][0m Loading tensor from cache: /localdev/gwang/tt_transformers/model_cache/llama33_70b/T3K/attn/layer21_wqkv_srcshape_1_1_8192_10240_dtype_BFLOAT8_B_layout_TILE_memcfg_663972112453010226_mapper_660f4331f0f0_device_0.tensorbin
2026-09-03 03:49:40.025 | INFO     | tt_transformers.modules.lazy_weight:get_device_weight:120 - [32m[cache hit][0m Loading tensor from cache: /localdev/gwang/tt_transformers/model_cache/llama33_70b/T3K/attn/layer21_wo_srcshape_1_1_8192_8192_dtype_BFLOAT8_B_layout_TILE_mapper_660f4331f0f0_device_0.tensorbin
2026-09-03 03:49:40.031 | INFO     | tt_transformers.modules.lazy_weight:get_device_weight:120 - [32m[cache hit][0m Loading tensor from cache: /localdev/gwang/tt_transformers/model_cache/llama33_70b/T3K/norm/layer21_post_attn_srcshape_1_1_256_32_dtype_BFLOAT16_layout_ROW_MAJOR_mapper_241585d9fe31_device_0.tensorbin
2026-09-03 03:49:40.031 | INFO     | tt_transformers.modules.lazy_weight:get_device_weight:120 - [32m[cache hit][0m Loading tensor from cache: /localdev/gwang/tt_transformers/model_cache/llama33_70b/T3K/norm/layer21_post_attn_srcshape_1_1_256_32_dtype_BFLOAT16_layout_ROW_MAJOR_mapper_b82b244385ac_device_0.tensorbin
2026-09-03 03:49:40.031 | INFO     | tt_transformers.modules.lazy_weight:get_device_weight:120 - [32m[cache hit][0m Loading tensor from cache: /localdev/gwang/tt_transformers/model_cache/llama33_70b/T3K/mlp/layer21_w1_srcshape_8192_28672_dtype_BFLOAT8_B_layout_TILE_memcfg_1786057467681592545_mapper_660f4331f0f0_device_0.tensorbin
2026-09-03 03:49:40.043 | INFO     | tt_transformers.modules.lazy_weight:get_device_weight:120 - [32m[cache hit][0m Loading tensor from cache: /localdev/gwang/tt_transformers/model_cache/llama33_70b/T3K/mlp/layer21_w2_srcshape_28672_8192_dtype_BFLOAT8_B_layout_TILE_memcfg_906506041791331912_mapper_0cdd7bdaff6f_device_0.tensorbin
2026-09-03 03:49:40.055 | INFO     | tt_transformers.modules.lazy_weight:get_device_weight:120 - [32m[cache hit][0m Loading tensor from cache: /localdev/gwang/tt_transformers/model_cache/llama33_70b/T3K/mlp/layer21_w3_srcshape_8192_28672_dtype_BFLOAT8_B_layout_TILE_memcfg_1786057467681592545_mapper_660f4331f0f0_device_0.tensorbin
2026-09-03 03:49:40.069 | INFO     | tt_transformers.modules.lazy_weight:get_device_weight:120 - [32m[cache hit][0m Loading tensor from cache: /localdev/gwang/tt_transformers/model_cache/llama33_70b/T3K/norm/layer22_pre_attn_srcshape_1_1_256_32_dtype_BFLOAT16_layout_ROW_MAJOR_mapper_241585d9fe31_device_0.tensorbin
2026-09-03 03:49:40.069 | INFO     | tt_transformers.modules.lazy_weight:get_device_weight:120 - [32m[cache hit][0m Loading tensor from cache: /localdev/gwang/tt_transformers/model_cache/llama33_70b/T3K/norm/layer22_pre_attn_srcshape_1_1_256_32_dtype_BFLOAT16_layout_ROW_MAJOR_mapper_b82b244385ac_device_0.tensorbin
2026-09-03 03:49:40.069 | INFO     | tt_transformers.modules.lazy_weight:get_device_weight:120 - [32m[cache hit][0m Loading tensor from cache: /localdev/gwang/tt_transformers/model_cache/llama33_70b/T3K/attn/layer22_wqkv_srcshape_1_1_8192_10240_dtype_BFLOAT8_B_layout_TILE_memcfg_663972112453010226_mapper_660f4331f0f0_device_0.tensorbin
2026-09-03 03:49:40.075 | INFO     | tt_transformers.modules.lazy_weight:get_device_weight:120 - [32m[cache hit][0m Loading tensor from cache: /localdev/gwang/tt_transformers/model_cache/llama33_70b/T3K/attn/layer22_wo_srcshape_1_1_8192_8192_dtype_BFLOAT8_B_layout_TILE_mapper_660f4331f0f0_device_0.tensorbin
2026-09-03 03:49:40.081 | INFO     | tt_transformers.modules.lazy_weight:get_device_weight:120 - [32m[cache hit][0m Loading tensor from cache: /localdev/gwang/tt_transformers/model_cache/llama33_70b/T3K/norm/layer22_post_attn_srcshape_1_1_256_32_dtype_BFLOAT16_layout_ROW_MAJOR_mapper_241585d9fe31_device_0.tensorbin
2026-09-03 03:49:40.081 | INFO     | tt_transformers.modules.lazy_weight:get_device_weight:120 - [32m[cache hit][0m Loading tensor from cache: /localdev/gwang/tt_transformers/model_cache/llama33_70b/T3K/norm/layer22_post_attn_srcshape_1_1_256_32_dtype_BFLOAT16_layout_ROW_MAJOR_mapper_b82b244385ac_device_0.tensorbin
2026-09-03 03:49:40.082 | INFO     | tt_transformers.modules.lazy_weight:get_device_weight:120 - [32m[cache hit][0m Loading tensor from cache: /localdev/gwang/tt_transformers/model_cache/llama33_70b/T3K/mlp/layer22_w1_srcshape_8192_28672_dtype_BFLOAT8_B_layout_TILE_memcfg_1786057467681592545_mapper_660f4331f0f0_device_0.tensorbin
2026-09-03 03:49:40.095 | INFO     | tt_transformers.modules.lazy_weight:get_device_weight:120 - [32m[cache hit][0m Loading tensor from cache: /localdev/gwang/tt_transformers/model_cache/llama33_70b/T3K/mlp/layer22_w2_srcshape_28672_8192_dtype_BFLOAT8_B_layout_TILE_memcfg_906506041791331912_mapper_0cdd7bdaff6f_device_0.tensorbin
2026-09-03 03:49:40.109 | INFO     | tt_transformers.modules.lazy_weight:get_device_weight:120 - [32m[cache hit][0m Loading tensor from cache: /localdev/gwang/tt_transformers/model_cache/llama33_70b/T3K/mlp/layer22_w3_srcshape_8192_28672_dtype_BFLOAT8_B_layout_TILE_memcfg_1786057467681592545_mapper_660f4331f0f0_device_0.tensorbin
2026-09-03 03:49:40.123 | INFO     | tt_transformers.modules.lazy_weight:get_device_weight:120 - [32m[cache hit][0m Loading tensor from cache: /localdev/gwang/tt_transformers/model_cache/llama33_70b/T3K/norm/layer23_pre_attn_srcshape_1_1_256_32_dtype_BFLOAT16_layout_ROW_MAJOR_mapper_241585d9fe31_device_0.tensorbin
2026-09-03 03:49:40.123 | INFO     | tt_transformers.modules.lazy_weight:get_device_weight:120 - [32m[cache hit][0m Loading tensor from cache: /localdev/gwang/tt_transformers/model_cache/llama33_70b/T3K/norm/layer23_pre_attn_srcshape_1_1_256_32_dtype_BFLOAT16_layout_ROW_MAJOR_mapper_b82b244385ac_device_0.tensorbin
2026-09-03 03:49:40.124 | INFO     | tt_transformers.modules.lazy_weight:get_device_weight:120 - [32m[cache hit][0m Loading tensor from cache: /localdev/gwang/tt_transformers/model_cache/llama33_70b/T3K/attn/layer23_wqkv_srcshape_1_1_8192_10240_dtype_BFLOAT8_B_layout_TILE_memcfg_663972112453010226_mapper_660f4331f0f0_device_0.tensorbin
2026-09-03 03:49:40.129 | INFO     | tt_transformers.modules.lazy_weight:get_device_weight:120 - [32m[cache hit][0m Loading tensor from cache: /localdev/gwang/tt_transformers/model_cache/llama33_70b/T3K/attn/layer23_wo_srcshape_1_1_8192_8192_dtype_BFLOAT8_B_layout_TILE_mapper_660f4331f0f0_device_0.tensorbin
2026-09-03 03:49:40.135 | INFO     | tt_transformers.modules.lazy_weight:get_device_weight:120 - [32m[cache hit][0m Loading tensor from cache: /localdev/gwang/tt_transformers/model_cache/llama33_70b/T3K/norm/layer23_post_attn_srcshape_1_1_256_32_dtype_BFLOAT16_layout_ROW_MAJOR_mapper_241585d9fe31_device_0.tensorbin
2026-09-03 03:49:40.135 | INFO     | tt_transformers.modules.lazy_weight:get_device_weight:120 - [32m[cache hit][0m Loading tensor from cache: /localdev/gwang/tt_transformers/model_cache/llama33_70b/T3K/norm/layer23_post_attn_srcshape_1_1_256_32_dtype_BFLOAT16_layout_ROW_MAJOR_mapper_b82b244385ac_device_0.tensorbin
2026-09-03 03:49:40.136 | INFO     | tt_transformers.modules.lazy_weight:get_device_weight:120 - [32m[cache hit][0m Loading tensor from cache: /localdev/gwang/tt_transformers/model_cache/llama33_70b/T3K/mlp/layer23_w1_srcshape_8192_28672_dtype_BFLOAT8_B_layout_TILE_memcfg_1786057467681592545_mapper_660f4331f0f0_device_0.tensorbin
2026-09-03 03:49:40.147 | INFO     | tt_transformers.modules.lazy_weight:get_device_weight:120 - [32m[cache hit][0m Loading tensor from cache: /localdev/gwang/tt_transformers/model_cache/llama33_70b/T3K/mlp/layer23_w2_srcshape_28672_8192_dtype_BFLOAT8_B_layout_TILE_memcfg_906506041791331912_mapper_0cdd7bdaff6f_device_0.tensorbin
2026-09-03 03:49:40.159 | INFO     | tt_transformers.modules.lazy_weight:get_device_weight:120 - [32m[cache hit][0m Loading tensor from cache: /localdev/gwang/tt_transformers/model_cache/llama33_70b/T3K/mlp/layer23_w3_srcshape_8192_28672_dtype_BFLOAT8_B_layout_TILE_memcfg_1786057467681592545_mapper_660f4331f0f0_device_0.tensorbin
2026-09-03 03:49:40.177 | INFO     | tt_transformers.modules.lazy_weight:get_device_weight:120 - [32m[cache hit][0m Loading tensor from cache: /localdev/gwang/tt_transformers/model_cache/llama33_70b/T3K/norm/layer24_pre_attn_srcshape_1_1_256_32_dtype_BFLOAT16_layout_ROW_MAJOR_mapper_241585d9fe31_device_0.tensorbin
2026-09-03 03:49:40.177 | INFO     | tt_transformers.modules.lazy_weight:get_device_weight:120 - [32m[cache hit][0m Loading tensor from cache: /localdev/gwang/tt_transformers/model_cache/llama33_70b/T3K/norm/layer24_pre_attn_srcshape_1_1_256_32_dtype_BFLOAT16_layout_ROW_MAJOR_mapper_b82b244385ac_device_0.tensorbin
2026-09-03 03:49:40.178 | INFO     | tt_transformers.modules.lazy_weight:get_device_weight:120 - [32m[cache hit][0m Loading tensor from cache: /localdev/gwang/tt_transformers/model_cache/llama33_70b/T3K/attn/layer24_wqkv_srcshape_1_1_8192_10240_dtype_BFLOAT8_B_layout_TILE_memcfg_663972112453010226_mapper_660f4331f0f0_device_0.tensorbin
2026-09-03 03:49:40.183 | INFO     | tt_transformers.modules.lazy_weight:get_device_weight:120 - [32m[cache hit][0m Loading tensor from cache: /localdev/gwang/tt_transformers/model_cache/llama33_70b/T3K/attn/layer24_wo_srcshape_1_1_8192_8192_dtype_BFLOAT8_B_layout_TILE_mapper_660f4331f0f0_device_0.tensorbin
2026-09-03 03:49:40.189 | INFO     | tt_transformers.modules.lazy_weight:get_device_weight:120 - [32m[cache hit][0m Loading tensor from cache: /localdev/gwang/tt_transformers/model_cache/llama33_70b/T3K/norm/layer24_post_attn_srcshape_1_1_256_32_dtype_BFLOAT16_layout_ROW_MAJOR_mapper_241585d9fe31_device_0.tensorbin
2026-09-03 03:49:40.189 | INFO     | tt_transformers.modules.lazy_weight:get_device_weight:120 - [32m[cache hit][0m Loading tensor from cache: /localdev/gwang/tt_transformers/model_cache/llama33_70b/T3K/norm/layer24_post_attn_srcshape_1_1_256_32_dtype_BFLOAT16_layout_ROW_MAJOR_mapper_b82b244385ac_device_0.tensorbin
2026-09-03 03:49:40.189 | INFO     | tt_transformers.modules.lazy_weight:get_device_weight:120 - [32m[cache hit][0m Loading tensor from cache: /localdev/gwang/tt_transformers/model_cache/llama33_70b/T3K/mlp/layer24_w1_srcshape_8192_28672_dtype_BFLOAT8_B_layout_TILE_memcfg_1786057467681592545_mapper_660f4331f0f0_device_0.tensorbin
2026-09-03 03:49:40.203 | INFO     | tt_transformers.modules.lazy_weight:get_device_weight:120 - [32m[cache hit][0m Loading tensor from cache: /localdev/gwang/tt_transformers/model_cache/llama33_70b/T3K/mlp/layer24_w2_srcshape_28672_8192_dtype_BFLOAT8_B_layout_TILE_memcfg_906506041791331912_mapper_0cdd7bdaff6f_device_0.tensorbin
2026-09-03 03:49:40.215 | INFO     | tt_transformers.modules.lazy_weight:get_device_weight:120 - [32m[cache hit][0m Loading tensor from cache: /localdev/gwang/tt_transformers/model_cache/llama33_70b/T3K/mlp/layer24_w3_srcshape_8192_28672_dtype_BFLOAT8_B_layout_TILE_memcfg_1786057467681592545_mapper_660f4331f0f0_device_0.tensorbin
2026-09-03 03:49:40.227 | INFO     | tt_transformers.modules.lazy_weight:get_device_weight:120 - [32m[cache hit][0m Loading tensor from cache: /localdev/gwang/tt_transformers/model_cache/llama33_70b/T3K/norm/layer25_pre_attn_srcshape_1_1_256_32_dtype_BFLOAT16_layout_ROW_MAJOR_mapper_241585d9fe31_device_0.tensorbin
2026-09-03 03:49:40.228 | INFO     | tt_transformers.modules.lazy_weight:get_device_weight:120 - [32m[cache hit][0m Loading tensor from cache: /localdev/gwang/tt_transformers/model_cache/llama33_70b/T3K/norm/layer25_pre_attn_srcshape_1_1_256_32_dtype_BFLOAT16_layout_ROW_MAJOR_mapper_b82b244385ac_device_0.tensorbin
2026-09-03 03:49:40.228 | INFO     | tt_transformers.modules.lazy_weight:get_device_weight:120 - [32m[cache hit][0m Loading tensor from cache: /localdev/gwang/tt_transformers/model_cache/llama33_70b/T3K/attn/layer25_wqkv_srcshape_1_1_8192_10240_dtype_BFLOAT8_B_layout_TILE_memcfg_663972112453010226_mapper_660f4331f0f0_device_0.tensorbin
2026-09-03 03:49:40.233 | INFO     | tt_transformers.modules.lazy_weight:get_device_weight:120 - [32m[cache hit][0m Loading tensor from cache: /localdev/gwang/tt_transformers/model_cache/llama33_70b/T3K/attn/layer25_wo_srcshape_1_1_8192_8192_dtype_BFLOAT8_B_layout_TILE_mapper_660f4331f0f0_device_0.tensorbin
2026-09-03 03:49:40.239 | INFO     | tt_transformers.modules.lazy_weight:get_device_weight:120 - [32m[cache hit][0m Loading tensor from cache: /localdev/gwang/tt_transformers/model_cache/llama33_70b/T3K/norm/layer25_post_attn_srcshape_1_1_256_32_dtype_BFLOAT16_layout_ROW_MAJOR_mapper_241585d9fe31_device_0.tensorbin
2026-09-03 03:49:40.239 | INFO     | tt_transformers.modules.lazy_weight:get_device_weight:120 - [32m[cache hit][0m Loading tensor from cache: /localdev/gwang/tt_transformers/model_cache/llama33_70b/T3K/norm/layer25_post_attn_srcshape_1_1_256_32_dtype_BFLOAT16_layout_ROW_MAJOR_mapper_b82b244385ac_device_0.tensorbin
2026-09-03 03:49:40.240 | INFO     | tt_transformers.modules.lazy_weight:get_device_weight:120 - [32m[cache hit][0m Loading tensor from cache: /localdev/gwang/tt_transformers/model_cache/llama33_70b/T3K/mlp/layer25_w1_srcshape_8192_28672_dtype_BFLOAT8_B_layout_TILE_memcfg_1786057467681592545_mapper_660f4331f0f0_device_0.tensorbin
2026-09-03 03:49:40.251 | INFO     | tt_transformers.modules.lazy_weight:get_device_weight:120 - [32m[cache hit][0m Loading tensor from cache: /localdev/gwang/tt_transformers/model_cache/llama33_70b/T3K/mlp/layer25_w2_srcshape_28672_8192_dtype_BFLOAT8_B_layout_TILE_memcfg_906506041791331912_mapper_0cdd7bdaff6f_device_0.tensorbin
2026-09-03 03:49:40.263 | INFO     | tt_transformers.modules.lazy_weight:get_device_weight:120 - [32m[cache hit][0m Loading tensor from cache: /localdev/gwang/tt_transformers/model_cache/llama33_70b/T3K/mlp/layer25_w3_srcshape_8192_28672_dtype_BFLOAT8_B_layout_TILE_memcfg_1786057467681592545_mapper_660f4331f0f0_device_0.tensorbin
2026-09-03 03:49:40.278 | INFO     | tt_transformers.modules.lazy_weight:get_device_weight:120 - [32m[cache hit][0m Loading tensor from cache: /localdev/gwang/tt_transformers/model_cache/llama33_70b/T3K/norm/layer26_pre_attn_srcshape_1_1_256_32_dtype_BFLOAT16_layout_ROW_MAJOR_mapper_241585d9fe31_device_0.tensorbin
2026-09-03 03:49:40.278 | INFO     | tt_transformers.modules.lazy_weight:get_device_weight:120 - [32m[cache hit][0m Loading tensor from cache: /localdev/gwang/tt_transformers/model_cache/llama33_70b/T3K/norm/layer26_pre_attn_srcshape_1_1_256_32_dtype_BFLOAT16_layout_ROW_MAJOR_mapper_b82b244385ac_device_0.tensorbin
2026-09-03 03:49:40.278 | INFO     | tt_transformers.modules.lazy_weight:get_device_weight:120 - [32m[cache hit][0m Loading tensor from cache: /localdev/gwang/tt_transformers/model_cache/llama33_70b/T3K/attn/layer26_wqkv_srcshape_1_1_8192_10240_dtype_BFLOAT8_B_layout_TILE_memcfg_663972112453010226_mapper_660f4331f0f0_device_0.tensorbin
2026-09-03 03:49:40.283 | INFO     | tt_transformers.modules.lazy_weight:get_device_weight:120 - [32m[cache hit][0m Loading tensor from cache: /localdev/gwang/tt_transformers/model_cache/llama33_70b/T3K/attn/layer26_wo_srcshape_1_1_8192_8192_dtype_BFLOAT8_B_layout_TILE_mapper_660f4331f0f0_device_0.tensorbin
2026-09-03 03:49:40.289 | INFO     | tt_transformers.modules.lazy_weight:get_device_weight:120 - [32m[cache hit][0m Loading tensor from cache: /localdev/gwang/tt_transformers/model_cache/llama33_70b/T3K/norm/layer26_post_attn_srcshape_1_1_256_32_dtype_BFLOAT16_layout_ROW_MAJOR_mapper_241585d9fe31_device_0.tensorbin
2026-09-03 03:49:40.289 | INFO     | tt_transformers.modules.lazy_weight:get_device_weight:120 - [32m[cache hit][0m Loading tensor from cache: /localdev/gwang/tt_transformers/model_cache/llama33_70b/T3K/norm/layer26_post_attn_srcshape_1_1_256_32_dtype_BFLOAT16_layout_ROW_MAJOR_mapper_b82b244385ac_device_0.tensorbin
2026-09-03 03:49:40.290 | INFO     | tt_transformers.modules.lazy_weight:get_device_weight:120 - [32m[cache hit][0m Loading tensor from cache: /localdev/gwang/tt_transformers/model_cache/llama33_70b/T3K/mlp/layer26_w1_srcshape_8192_28672_dtype_BFLOAT8_B_layout_TILE_memcfg_1786057467681592545_mapper_660f4331f0f0_device_0.tensorbin
2026-09-03 03:49:40.302 | INFO     | tt_transformers.modules.lazy_weight:get_device_weight:120 - [32m[cache hit][0m Loading tensor from cache: /localdev/gwang/tt_transformers/model_cache/llama33_70b/T3K/mlp/layer26_w2_srcshape_28672_8192_dtype_BFLOAT8_B_layout_TILE_memcfg_906506041791331912_mapper_0cdd7bdaff6f_device_0.tensorbin
2026-09-03 03:49:40.314 | INFO     | tt_transformers.modules.lazy_weight:get_device_weight:120 - [32m[cache hit][0m Loading tensor from cache: /localdev/gwang/tt_transformers/model_cache/llama33_70b/T3K/mlp/layer26_w3_srcshape_8192_28672_dtype_BFLOAT8_B_layout_TILE_memcfg_1786057467681592545_mapper_660f4331f0f0_device_0.tensorbin
2026-09-03 03:49:40.329 | INFO     | tt_transformers.modules.lazy_weight:get_device_weight:120 - [32m[cache hit][0m Loading tensor from cache: /localdev/gwang/tt_transformers/model_cache/llama33_70b/T3K/norm/layer27_pre_attn_srcshape_1_1_256_32_dtype_BFLOAT16_layout_ROW_MAJOR_mapper_241585d9fe31_device_0.tensorbin
2026-09-03 03:49:40.329 | INFO     | tt_transformers.modules.lazy_weight:get_device_weight:120 - [32m[cache hit][0m Loading tensor from cache: /localdev/gwang/tt_transformers/model_cache/llama33_70b/T3K/norm/layer27_pre_attn_srcshape_1_1_256_32_dtype_BFLOAT16_layout_ROW_MAJOR_mapper_b82b244385ac_device_0.tensorbin
2026-09-03 03:49:40.330 | INFO     | tt_transformers.modules.lazy_weight:get_device_weight:120 - [32m[cache hit][0m Loading tensor from cache: /localdev/gwang/tt_transformers/model_cache/llama33_70b/T3K/attn/layer27_wqkv_srcshape_1_1_8192_10240_dtype_BFLOAT8_B_layout_TILE_memcfg_663972112453010226_mapper_660f4331f0f0_device_0.tensorbin
2026-09-03 03:49:40.334 | INFO     | tt_transformers.modules.lazy_weight:get_device_weight:120 - [32m[cache hit][0m Loading tensor from cache: /localdev/gwang/tt_transformers/model_cache/llama33_70b/T3K/attn/layer27_wo_srcshape_1_1_8192_8192_dtype_BFLOAT8_B_layout_TILE_mapper_660f4331f0f0_device_0.tensorbin
2026-09-03 03:49:40.341 | INFO     | tt_transformers.modules.lazy_weight:get_device_weight:120 - [32m[cache hit][0m Loading tensor from cache: /localdev/gwang/tt_transformers/model_cache/llama33_70b/T3K/norm/layer27_post_attn_srcshape_1_1_256_32_dtype_BFLOAT16_layout_ROW_MAJOR_mapper_241585d9fe31_device_0.tensorbin
2026-09-03 03:49:40.342 | INFO     | tt_transformers.modules.lazy_weight:get_device_weight:120 - [32m[cache hit][0m Loading tensor from cache: /localdev/gwang/tt_transformers/model_cache/llama33_70b/T3K/norm/layer27_post_attn_srcshape_1_1_256_32_dtype_BFLOAT16_layout_ROW_MAJOR_mapper_b82b244385ac_device_0.tensorbin
2026-09-03 03:49:40.342 | INFO     | tt_transformers.modules.lazy_weight:get_device_weight:120 - [32m[cache hit][0m Loading tensor from cache: /localdev/gwang/tt_transformers/model_cache/llama33_70b/T3K/mlp/layer27_w1_srcshape_8192_28672_dtype_BFLOAT8_B_layout_TILE_memcfg_1786057467681592545_mapper_660f4331f0f0_device_0.tensorbin
2026-09-03 03:49:40.355 | INFO     | tt_transformers.modules.lazy_weight:get_device_weight:120 - [32m[cache hit][0m Loading tensor from cache: /localdev/gwang/tt_transformers/model_cache/llama33_70b/T3K/mlp/layer27_w2_srcshape_28672_8192_dtype_BFLOAT8_B_layout_TILE_memcfg_906506041791331912_mapper_0cdd7bdaff6f_device_0.tensorbin
2026-09-03 03:49:40.369 | INFO     | tt_transformers.modules.lazy_weight:get_device_weight:120 - [32m[cache hit][0m Loading tensor from cache: /localdev/gwang/tt_transformers/model_cache/llama33_70b/T3K/mlp/layer27_w3_srcshape_8192_28672_dtype_BFLOAT8_B_layout_TILE_memcfg_1786057467681592545_mapper_660f4331f0f0_device_0.tensorbin
2026-09-03 03:49:40.385 | INFO     | tt_transformers.modules.lazy_weight:get_device_weight:120 - [32m[cache hit][0m Loading tensor from cache: /localdev/gwang/tt_transformers/model_cache/llama33_70b/T3K/norm/layer28_pre_attn_srcshape_1_1_256_32_dtype_BFLOAT16_layout_ROW_MAJOR_mapper_241585d9fe31_device_0.tensorbin
2026-09-03 03:49:40.385 | INFO     | tt_transformers.modules.lazy_weight:get_device_weight:120 - [32m[cache hit][0m Loading tensor from cache: /localdev/gwang/tt_transformers/model_cache/llama33_70b/T3K/norm/layer28_pre_attn_srcshape_1_1_256_32_dtype_BFLOAT16_layout_ROW_MAJOR_mapper_b82b244385ac_device_0.tensorbin
2026-09-03 03:49:40.386 | INFO     | tt_transformers.modules.lazy_weight:get_device_weight:120 - [32m[cache hit][0m Loading tensor from cache: /localdev/gwang/tt_transformers/model_cache/llama33_70b/T3K/attn/layer28_wqkv_srcshape_1_1_8192_10240_dtype_BFLOAT8_B_layout_TILE_memcfg_663972112453010226_mapper_660f4331f0f0_device_0.tensorbin
2026-09-03 03:49:40.391 | INFO     | tt_transformers.modules.lazy_weight:get_device_weight:120 - [32m[cache hit][0m Loading tensor from cache: /localdev/gwang/tt_transformers/model_cache/llama33_70b/T3K/attn/layer28_wo_srcshape_1_1_8192_8192_dtype_BFLOAT8_B_layout_TILE_mapper_660f4331f0f0_device_0.tensorbin
2026-09-03 03:49:40.397 | INFO     | tt_transformers.modules.lazy_weight:get_device_weight:120 - [32m[cache hit][0m Loading tensor from cache: /localdev/gwang/tt_transformers/model_cache/llama33_70b/T3K/norm/layer28_post_attn_srcshape_1_1_256_32_dtype_BFLOAT16_layout_ROW_MAJOR_mapper_241585d9fe31_device_0.tensorbin
2026-09-03 03:49:40.397 | INFO     | tt_transformers.modules.lazy_weight:get_device_weight:120 - [32m[cache hit][0m Loading tensor from cache: /localdev/gwang/tt_transformers/model_cache/llama33_70b/T3K/norm/layer28_post_attn_srcshape_1_1_256_32_dtype_BFLOAT16_layout_ROW_MAJOR_mapper_b82b244385ac_device_0.tensorbin
2026-09-03 03:49:40.398 | INFO     | tt_transformers.modules.lazy_weight:get_device_weight:120 - [32m[cache hit][0m Loading tensor from cache: /localdev/gwang/tt_transformers/model_cache/llama33_70b/T3K/mlp/layer28_w1_srcshape_8192_28672_dtype_BFLOAT8_B_layout_TILE_memcfg_1786057467681592545_mapper_660f4331f0f0_device_0.tensorbin
2026-09-03 03:49:40.411 | INFO     | tt_transformers.modules.lazy_weight:get_device_weight:120 - [32m[cache hit][0m Loading tensor from cache: /localdev/gwang/tt_transformers/model_cache/llama33_70b/T3K/mlp/layer28_w2_srcshape_28672_8192_dtype_BFLOAT8_B_layout_TILE_memcfg_906506041791331912_mapper_0cdd7bdaff6f_device_0.tensorbin
2026-09-03 03:49:40.425 | INFO     | tt_transformers.modules.lazy_weight:get_device_weight:120 - [32m[cache hit][0m Loading tensor from cache: /localdev/gwang/tt_transformers/model_cache/llama33_70b/T3K/mlp/layer28_w3_srcshape_8192_28672_dtype_BFLOAT8_B_layout_TILE_memcfg_1786057467681592545_mapper_660f4331f0f0_device_0.tensorbin
2026-09-03 03:49:40.438 | INFO     | tt_transformers.modules.lazy_weight:get_device_weight:120 - [32m[cache hit][0m Loading tensor from cache: /localdev/gwang/tt_transformers/model_cache/llama33_70b/T3K/norm/layer29_pre_attn_srcshape_1_1_256_32_dtype_BFLOAT16_layout_ROW_MAJOR_mapper_241585d9fe31_device_0.tensorbin
2026-09-03 03:49:40.439 | INFO     | tt_transformers.modules.lazy_weight:get_device_weight:120 - [32m[cache hit][0m Loading tensor from cache: /localdev/gwang/tt_transformers/model_cache/llama33_70b/T3K/norm/layer29_pre_attn_srcshape_1_1_256_32_dtype_BFLOAT16_layout_ROW_MAJOR_mapper_b82b244385ac_device_0.tensorbin
2026-09-03 03:49:40.439 | INFO     | tt_transformers.modules.lazy_weight:get_device_weight:120 - [32m[cache hit][0m Loading tensor from cache: /localdev/gwang/tt_transformers/model_cache/llama33_70b/T3K/attn/layer29_wqkv_srcshape_1_1_8192_10240_dtype_BFLOAT8_B_layout_TILE_memcfg_663972112453010226_mapper_660f4331f0f0_device_0.tensorbin
2026-09-03 03:49:40.444 | INFO     | tt_transformers.modules.lazy_weight:get_device_weight:120 - [32m[cache hit][0m Loading tensor from cache: /localdev/gwang/tt_transformers/model_cache/llama33_70b/T3K/attn/layer29_wo_srcshape_1_1_8192_8192_dtype_BFLOAT8_B_layout_TILE_mapper_660f4331f0f0_device_0.tensorbin
2026-09-03 03:49:40.449 | INFO     | tt_transformers.modules.lazy_weight:get_device_weight:120 - [32m[cache hit][0m Loading tensor from cache: /localdev/gwang/tt_transformers/model_cache/llama33_70b/T3K/norm/layer29_post_attn_srcshape_1_1_256_32_dtype_BFLOAT16_layout_ROW_MAJOR_mapper_241585d9fe31_device_0.tensorbin
2026-09-03 03:49:40.450 | INFO     | tt_transformers.modules.lazy_weight:get_device_weight:120 - [32m[cache hit][0m Loading tensor from cache: /localdev/gwang/tt_transformers/model_cache/llama33_70b/T3K/norm/layer29_post_attn_srcshape_1_1_256_32_dtype_BFLOAT16_layout_ROW_MAJOR_mapper_b82b244385ac_device_0.tensorbin
2026-09-03 03:49:40.450 | INFO     | tt_transformers.modules.lazy_weight:get_device_weight:120 - [32m[cache hit][0m Loading tensor from cache: /localdev/gwang/tt_transformers/model_cache/llama33_70b/T3K/mlp/layer29_w1_srcshape_8192_28672_dtype_BFLOAT8_B_layout_TILE_memcfg_1786057467681592545_mapper_660f4331f0f0_device_0.tensorbin
2026-09-03 03:49:40.463 | INFO     | tt_transformers.modules.lazy_weight:get_device_weight:120 - [32m[cache hit][0m Loading tensor from cache: /localdev/gwang/tt_transformers/model_cache/llama33_70b/T3K/mlp/layer29_w2_srcshape_28672_8192_dtype_BFLOAT8_B_layout_TILE_memcfg_906506041791331912_mapper_0cdd7bdaff6f_device_0.tensorbin
2026-09-03 03:49:40.475 | INFO     | tt_transformers.modules.lazy_weight:get_device_weight:120 - [32m[cache hit][0m Loading tensor from cache: /localdev/gwang/tt_transformers/model_cache/llama33_70b/T3K/mlp/layer29_w3_srcshape_8192_28672_dtype_BFLOAT8_B_layout_TILE_memcfg_1786057467681592545_mapper_660f4331f0f0_device_0.tensorbin
2026-09-03 03:49:40.490 | INFO     | tt_transformers.modules.lazy_weight:get_device_weight:120 - [32m[cache hit][0m Loading tensor from cache: /localdev/gwang/tt_transformers/model_cache/llama33_70b/T3K/norm/layer30_pre_attn_srcshape_1_1_256_32_dtype_BFLOAT16_layout_ROW_MAJOR_mapper_241585d9fe31_device_0.tensorbin
2026-09-03 03:49:40.490 | INFO     | tt_transformers.modules.lazy_weight:get_device_weight:120 - [32m[cache hit][0m Loading tensor from cache: /localdev/gwang/tt_transformers/model_cache/llama33_70b/T3K/norm/layer30_pre_attn_srcshape_1_1_256_32_dtype_BFLOAT16_layout_ROW_MAJOR_mapper_b82b244385ac_device_0.tensorbin
2026-09-03 03:49:40.491 | INFO     | tt_transformers.modules.lazy_weight:get_device_weight:120 - [32m[cache hit][0m Loading tensor from cache: /localdev/gwang/tt_transformers/model_cache/llama33_70b/T3K/attn/layer30_wqkv_srcshape_1_1_8192_10240_dtype_BFLOAT8_B_layout_TILE_memcfg_663972112453010226_mapper_660f4331f0f0_device_0.tensorbin
2026-09-03 03:49:40.495 | INFO     | tt_transformers.modules.lazy_weight:get_device_weight:120 - [32m[cache hit][0m Loading tensor from cache: /localdev/gwang/tt_transformers/model_cache/llama33_70b/T3K/attn/layer30_wo_srcshape_1_1_8192_8192_dtype_BFLOAT8_B_layout_TILE_mapper_660f4331f0f0_device_0.tensorbin
2026-09-03 03:49:40.502 | INFO     | tt_transformers.modules.lazy_weight:get_device_weight:120 - [32m[cache hit][0m Loading tensor from cache: /localdev/gwang/tt_transformers/model_cache/llama33_70b/T3K/norm/layer30_post_attn_srcshape_1_1_256_32_dtype_BFLOAT16_layout_ROW_MAJOR_mapper_241585d9fe31_device_0.tensorbin
2026-09-03 03:49:40.502 | INFO     | tt_transformers.modules.lazy_weight:get_device_weight:120 - [32m[cache hit][0m Loading tensor from cache: /localdev/gwang/tt_transformers/model_cache/llama33_70b/T3K/norm/layer30_post_attn_srcshape_1_1_256_32_dtype_BFLOAT16_layout_ROW_MAJOR_mapper_b82b244385ac_device_0.tensorbin
2026-09-03 03:49:40.503 | INFO     | tt_transformers.modules.lazy_weight:get_device_weight:120 - [32m[cache hit][0m Loading tensor from cache: /localdev/gwang/tt_transformers/model_cache/llama33_70b/T3K/mlp/layer30_w1_srcshape_8192_28672_dtype_BFLOAT8_B_layout_TILE_memcfg_1786057467681592545_mapper_660f4331f0f0_device_0.tensorbin
2026-09-03 03:49:40.516 | INFO     | tt_transformers.modules.lazy_weight:get_device_weight:120 - [32m[cache hit][0m Loading tensor from cache: /localdev/gwang/tt_transformers/model_cache/llama33_70b/T3K/mlp/layer30_w2_srcshape_28672_8192_dtype_BFLOAT8_B_layout_TILE_memcfg_906506041791331912_mapper_0cdd7bdaff6f_device_0.tensorbin
2026-09-03 03:49:40.528 | INFO     | tt_transformers.modules.lazy_weight:get_device_weight:120 - [32m[cache hit][0m Loading tensor from cache: /localdev/gwang/tt_transformers/model_cache/llama33_70b/T3K/mlp/layer30_w3_srcshape_8192_28672_dtype_BFLOAT8_B_layout_TILE_memcfg_1786057467681592545_mapper_660f4331f0f0_device_0.tensorbin
2026-09-03 03:49:40.542 | INFO     | tt_transformers.modules.lazy_weight:get_device_weight:120 - [32m[cache hit][0m Loading tensor from cache: /localdev/gwang/tt_transformers/model_cache/llama33_70b/T3K/norm/layer31_pre_attn_srcshape_1_1_256_32_dtype_BFLOAT16_layout_ROW_MAJOR_mapper_241585d9fe31_device_0.tensorbin
2026-09-03 03:49:40.543 | INFO     | tt_transformers.modules.lazy_weight:get_device_weight:120 - [32m[cache hit][0m Loading tensor from cache: /localdev/gwang/tt_transformers/model_cache/llama33_70b/T3K/norm/layer31_pre_attn_srcshape_1_1_256_32_dtype_BFLOAT16_layout_ROW_MAJOR_mapper_b82b244385ac_device_0.tensorbin
2026-09-03 03:49:40.543 | INFO     | tt_transformers.modules.lazy_weight:get_device_weight:120 - [32m[cache hit][0m Loading tensor from cache: /localdev/gwang/tt_transformers/model_cache/llama33_70b/T3K/attn/layer31_wqkv_srcshape_1_1_8192_10240_dtype_BFLOAT8_B_layout_TILE_memcfg_663972112453010226_mapper_660f4331f0f0_device_0.tensorbin
2026-09-03 03:49:40.548 | INFO     | tt_transformers.modules.lazy_weight:get_device_weight:120 - [32m[cache hit][0m Loading tensor from cache: /localdev/gwang/tt_transformers/model_cache/llama33_70b/T3K/attn/layer31_wo_srcshape_1_1_8192_8192_dtype_BFLOAT8_B_layout_TILE_mapper_660f4331f0f0_device_0.tensorbin
2026-09-03 03:49:40.555 | INFO     | tt_transformers.modules.lazy_weight:get_device_weight:120 - [32m[cache hit][0m Loading tensor from cache: /localdev/gwang/tt_transformers/model_cache/llama33_70b/T3K/norm/layer31_post_attn_srcshape_1_1_256_32_dtype_BFLOAT16_layout_ROW_MAJOR_mapper_241585d9fe31_device_0.tensorbin
2026-09-03 03:49:40.556 | INFO     | tt_transformers.modules.lazy_weight:get_device_weight:120 - [32m[cache hit][0m Loading tensor from cache: /localdev/gwang/tt_transformers/model_cache/llama33_70b/T3K/norm/layer31_post_attn_srcshape_1_1_256_32_dtype_BFLOAT16_layout_ROW_MAJOR_mapper_b82b244385ac_device_0.tensorbin
2026-09-03 03:49:40.556 | INFO     | tt_transformers.modules.lazy_weight:get_device_weight:120 - [32m[cache hit][0m Loading tensor from cache: /localdev/gwang/tt_transformers/model_cache/llama33_70b/T3K/mlp/layer31_w1_srcshape_8192_28672_dtype_BFLOAT8_B_layout_TILE_memcfg_1786057467681592545_mapper_660f4331f0f0_device_0.tensorbin
2026-09-03 03:49:40.574 | INFO     | tt_transformers.modules.lazy_weight:get_device_weight:120 - [32m[cache hit][0m Loading tensor from cache: /localdev/gwang/tt_transformers/model_cache/llama33_70b/T3K/mlp/layer31_w2_srcshape_28672_8192_dtype_BFLOAT8_B_layout_TILE_memcfg_906506041791331912_mapper_0cdd7bdaff6f_device_0.tensorbin
2026-09-03 03:49:40.590 | INFO     | tt_transformers.modules.lazy_weight:get_device_weight:120 - [32m[cache hit][0m Loading tensor from cache: /localdev/gwang/tt_transformers/model_cache/llama33_70b/T3K/mlp/layer31_w3_srcshape_8192_28672_dtype_BFLOAT8_B_layout_TILE_memcfg_1786057467681592545_mapper_660f4331f0f0_device_0.tensorbin
2026-09-03 03:49:40.606 | INFO     | tt_transformers.modules.lazy_weight:get_device_weight:120 - [32m[cache hit][0m Loading tensor from cache: /localdev/gwang/tt_transformers/model_cache/llama33_70b/T3K/norm/layer32_pre_attn_srcshape_1_1_256_32_dtype_BFLOAT16_layout_ROW_MAJOR_mapper_241585d9fe31_device_0.tensorbin
2026-09-03 03:49:40.606 | INFO     | tt_transformers.modules.lazy_weight:get_device_weight:120 - [32m[cache hit][0m Loading tensor from cache: /localdev/gwang/tt_transformers/model_cache/llama33_70b/T3K/norm/layer32_pre_attn_srcshape_1_1_256_32_dtype_BFLOAT16_layout_ROW_MAJOR_mapper_b82b244385ac_device_0.tensorbin
2026-09-03 03:49:40.607 | INFO     | tt_transformers.modules.lazy_weight:get_device_weight:120 - [32m[cache hit][0m Loading tensor from cache: /localdev/gwang/tt_transformers/model_cache/llama33_70b/T3K/attn/layer32_wqkv_srcshape_1_1_8192_10240_dtype_BFLOAT8_B_layout_TILE_memcfg_663972112453010226_mapper_660f4331f0f0_device_0.tensorbin
2026-09-03 03:49:40.612 | INFO     | tt_transformers.modules.lazy_weight:get_device_weight:120 - [32m[cache hit][0m Loading tensor from cache: /localdev/gwang/tt_transformers/model_cache/llama33_70b/T3K/attn/layer32_wo_srcshape_1_1_8192_8192_dtype_BFLOAT8_B_layout_TILE_mapper_660f4331f0f0_device_0.tensorbin
2026-09-03 03:49:40.618 | INFO     | tt_transformers.modules.lazy_weight:get_device_weight:120 - [32m[cache hit][0m Loading tensor from cache: /localdev/gwang/tt_transformers/model_cache/llama33_70b/T3K/norm/layer32_post_attn_srcshape_1_1_256_32_dtype_BFLOAT16_layout_ROW_MAJOR_mapper_241585d9fe31_device_0.tensorbin
2026-09-03 03:49:40.618 | INFO     | tt_transformers.modules.lazy_weight:get_device_weight:120 - [32m[cache hit][0m Loading tensor from cache: /localdev/gwang/tt_transformers/model_cache/llama33_70b/T3K/norm/layer32_post_attn_srcshape_1_1_256_32_dtype_BFLOAT16_layout_ROW_MAJOR_mapper_b82b244385ac_device_0.tensorbin
2026-09-03 03:49:40.619 | INFO     | tt_transformers.modules.lazy_weight:get_device_weight:120 - [32m[cache hit][0m Loading tensor from cache: /localdev/gwang/tt_transformers/model_cache/llama33_70b/T3K/mlp/layer32_w1_srcshape_8192_28672_dtype_BFLOAT8_B_layout_TILE_memcfg_1786057467681592545_mapper_660f4331f0f0_device_0.tensorbin
2026-09-03 03:49:40.631 | INFO     | tt_transformers.modules.lazy_weight:get_device_weight:120 - [32m[cache hit][0m Loading tensor from cache: /localdev/gwang/tt_transformers/model_cache/llama33_70b/T3K/mlp/layer32_w2_srcshape_28672_8192_dtype_BFLOAT8_B_layout_TILE_memcfg_906506041791331912_mapper_0cdd7bdaff6f_device_0.tensorbin
2026-09-03 03:49:40.642 | INFO     | tt_transformers.modules.lazy_weight:get_device_weight:120 - [32m[cache hit][0m Loading tensor from cache: /localdev/gwang/tt_transformers/model_cache/llama33_70b/T3K/mlp/layer32_w3_srcshape_8192_28672_dtype_BFLOAT8_B_layout_TILE_memcfg_1786057467681592545_mapper_660f4331f0f0_device_0.tensorbin
2026-09-03 03:49:40.658 | INFO     | tt_transformers.modules.lazy_weight:get_device_weight:120 - [32m[cache hit][0m Loading tensor from cache: /localdev/gwang/tt_transformers/model_cache/llama33_70b/T3K/norm/layer33_pre_attn_srcshape_1_1_256_32_dtype_BFLOAT16_layout_ROW_MAJOR_mapper_241585d9fe31_device_0.tensorbin
2026-09-03 03:49:40.658 | INFO     | tt_transformers.modules.lazy_weight:get_device_weight:120 - [32m[cache hit][0m Loading tensor from cache: /localdev/gwang/tt_transformers/model_cache/llama33_70b/T3K/norm/layer33_pre_attn_srcshape_1_1_256_32_dtype_BFLOAT16_layout_ROW_MAJOR_mapper_b82b244385ac_device_0.tensorbin
2026-09-03 03:49:40.659 | INFO     | tt_transformers.modules.lazy_weight:get_device_weight:120 - [32m[cache hit][0m Loading tensor from cache: /localdev/gwang/tt_transformers/model_cache/llama33_70b/T3K/attn/layer33_wqkv_srcshape_1_1_8192_10240_dtype_BFLOAT8_B_layout_TILE_memcfg_663972112453010226_mapper_660f4331f0f0_device_0.tensorbin
2026-09-03 03:49:40.665 | INFO     | tt_transformers.modules.lazy_weight:get_device_weight:120 - [32m[cache hit][0m Loading tensor from cache: /localdev/gwang/tt_transformers/model_cache/llama33_70b/T3K/attn/layer33_wo_srcshape_1_1_8192_8192_dtype_BFLOAT8_B_layout_TILE_mapper_660f4331f0f0_device_0.tensorbin
2026-09-03 03:49:40.671 | INFO     | tt_transformers.modules.lazy_weight:get_device_weight:120 - [32m[cache hit][0m Loading tensor from cache: /localdev/gwang/tt_transformers/model_cache/llama33_70b/T3K/norm/layer33_post_attn_srcshape_1_1_256_32_dtype_BFLOAT16_layout_ROW_MAJOR_mapper_241585d9fe31_device_0.tensorbin
2026-09-03 03:49:40.671 | INFO     | tt_transformers.modules.lazy_weight:get_device_weight:120 - [32m[cache hit][0m Loading tensor from cache: /localdev/gwang/tt_transformers/model_cache/llama33_70b/T3K/norm/layer33_post_attn_srcshape_1_1_256_32_dtype_BFLOAT16_layout_ROW_MAJOR_mapper_b82b244385ac_device_0.tensorbin
2026-09-03 03:49:40.672 | INFO     | tt_transformers.modules.lazy_weight:get_device_weight:120 - [32m[cache hit][0m Loading tensor from cache: /localdev/gwang/tt_transformers/model_cache/llama33_70b/T3K/mlp/layer33_w1_srcshape_8192_28672_dtype_BFLOAT8_B_layout_TILE_memcfg_1786057467681592545_mapper_660f4331f0f0_device_0.tensorbin
2026-09-03 03:49:40.686 | INFO     | tt_transformers.modules.lazy_weight:get_device_weight:120 - [32m[cache hit][0m Loading tensor from cache: /localdev/gwang/tt_transformers/model_cache/llama33_70b/T3K/mlp/layer33_w2_srcshape_28672_8192_dtype_BFLOAT8_B_layout_TILE_memcfg_906506041791331912_mapper_0cdd7bdaff6f_device_0.tensorbin
2026-09-03 03:49:40.698 | INFO     | tt_transformers.modules.lazy_weight:get_device_weight:120 - [32m[cache hit][0m Loading tensor from cache: /localdev/gwang/tt_transformers/model_cache/llama33_70b/T3K/mlp/layer33_w3_srcshape_8192_28672_dtype_BFLOAT8_B_layout_TILE_memcfg_1786057467681592545_mapper_660f4331f0f0_device_0.tensorbin
2026-09-03 03:49:40.714 | INFO     | tt_transformers.modules.lazy_weight:get_device_weight:120 - [32m[cache hit][0m Loading tensor from cache: /localdev/gwang/tt_transformers/model_cache/llama33_70b/T3K/norm/layer34_pre_attn_srcshape_1_1_256_32_dtype_BFLOAT16_layout_ROW_MAJOR_mapper_241585d9fe31_device_0.tensorbin
2026-09-03 03:49:40.714 | INFO     | tt_transformers.modules.lazy_weight:get_device_weight:120 - [32m[cache hit][0m Loading tensor from cache: /localdev/gwang/tt_transformers/model_cache/llama33_70b/T3K/norm/layer34_pre_attn_srcshape_1_1_256_32_dtype_BFLOAT16_layout_ROW_MAJOR_mapper_b82b244385ac_device_0.tensorbin
2026-09-03 03:49:40.715 | INFO     | tt_transformers.modules.lazy_weight:get_device_weight:120 - [32m[cache hit][0m Loading tensor from cache: /localdev/gwang/tt_transformers/model_cache/llama33_70b/T3K/attn/layer34_wqkv_srcshape_1_1_8192_10240_dtype_BFLOAT8_B_layout_TILE_memcfg_663972112453010226_mapper_660f4331f0f0_device_0.tensorbin
2026-09-03 03:49:40.721 | INFO     | tt_transformers.modules.lazy_weight:get_device_weight:120 - [32m[cache hit][0m Loading tensor from cache: /localdev/gwang/tt_transformers/model_cache/llama33_70b/T3K/attn/layer34_wo_srcshape_1_1_8192_8192_dtype_BFLOAT8_B_layout_TILE_mapper_660f4331f0f0_device_0.tensorbin
2026-09-03 03:49:40.727 | INFO     | tt_transformers.modules.lazy_weight:get_device_weight:120 - [32m[cache hit][0m Loading tensor from cache: /localdev/gwang/tt_transformers/model_cache/llama33_70b/T3K/norm/layer34_post_attn_srcshape_1_1_256_32_dtype_BFLOAT16_layout_ROW_MAJOR_mapper_241585d9fe31_device_0.tensorbin
2026-09-03 03:49:40.727 | INFO     | tt_transformers.modules.lazy_weight:get_device_weight:120 - [32m[cache hit][0m Loading tensor from cache: /localdev/gwang/tt_transformers/model_cache/llama33_70b/T3K/norm/layer34_post_attn_srcshape_1_1_256_32_dtype_BFLOAT16_layout_ROW_MAJOR_mapper_b82b244385ac_device_0.tensorbin
2026-09-03 03:49:40.728 | INFO     | tt_transformers.modules.lazy_weight:get_device_weight:120 - [32m[cache hit][0m Loading tensor from cache: /localdev/gwang/tt_transformers/model_cache/llama33_70b/T3K/mlp/layer34_w1_srcshape_8192_28672_dtype_BFLOAT8_B_layout_TILE_memcfg_1786057467681592545_mapper_660f4331f0f0_device_0.tensorbin
2026-09-03 03:49:40.742 | INFO     | tt_transformers.modules.lazy_weight:get_device_weight:120 - [32m[cache hit][0m Loading tensor from cache: /localdev/gwang/tt_transformers/model_cache/llama33_70b/T3K/mlp/layer34_w2_srcshape_28672_8192_dtype_BFLOAT8_B_layout_TILE_memcfg_906506041791331912_mapper_0cdd7bdaff6f_device_0.tensorbin
2026-09-03 03:49:40.754 | INFO     | tt_transformers.modules.lazy_weight:get_device_weight:120 - [32m[cache hit][0m Loading tensor from cache: /localdev/gwang/tt_transformers/model_cache/llama33_70b/T3K/mlp/layer34_w3_srcshape_8192_28672_dtype_BFLOAT8_B_layout_TILE_memcfg_1786057467681592545_mapper_660f4331f0f0_device_0.tensorbin
2026-09-03 03:49:40.770 | INFO     | tt_transformers.modules.lazy_weight:get_device_weight:120 - [32m[cache hit][0m Loading tensor from cache: /localdev/gwang/tt_transformers/model_cache/llama33_70b/T3K/norm/layer35_pre_attn_srcshape_1_1_256_32_dtype_BFLOAT16_layout_ROW_MAJOR_mapper_241585d9fe31_device_0.tensorbin
2026-09-03 03:49:40.770 | INFO     | tt_transformers.modules.lazy_weight:get_device_weight:120 - [32m[cache hit][0m Loading tensor from cache: /localdev/gwang/tt_transformers/model_cache/llama33_70b/T3K/norm/layer35_pre_attn_srcshape_1_1_256_32_dtype_BFLOAT16_layout_ROW_MAJOR_mapper_b82b244385ac_device_0.tensorbin
2026-09-03 03:49:40.771 | INFO     | tt_transformers.modules.lazy_weight:get_device_weight:120 - [32m[cache hit][0m Loading tensor from cache: /localdev/gwang/tt_transformers/model_cache/llama33_70b/T3K/attn/layer35_wqkv_srcshape_1_1_8192_10240_dtype_BFLOAT8_B_layout_TILE_memcfg_663972112453010226_mapper_660f4331f0f0_device_0.tensorbin
2026-09-03 03:49:40.776 | INFO     | tt_transformers.modules.lazy_weight:get_device_weight:120 - [32m[cache hit][0m Loading tensor from cache: /localdev/gwang/tt_transformers/model_cache/llama33_70b/T3K/attn/layer35_wo_srcshape_1_1_8192_8192_dtype_BFLOAT8_B_layout_TILE_mapper_660f4331f0f0_device_0.tensorbin
2026-09-03 03:49:40.782 | INFO     | tt_transformers.modules.lazy_weight:get_device_weight:120 - [32m[cache hit][0m Loading tensor from cache: /localdev/gwang/tt_transformers/model_cache/llama33_70b/T3K/norm/layer35_post_attn_srcshape_1_1_256_32_dtype_BFLOAT16_layout_ROW_MAJOR_mapper_241585d9fe31_device_0.tensorbin
2026-09-03 03:49:40.782 | INFO     | tt_transformers.modules.lazy_weight:get_device_weight:120 - [32m[cache hit][0m Loading tensor from cache: /localdev/gwang/tt_transformers/model_cache/llama33_70b/T3K/norm/layer35_post_attn_srcshape_1_1_256_32_dtype_BFLOAT16_layout_ROW_MAJOR_mapper_b82b244385ac_device_0.tensorbin
2026-09-03 03:49:40.782 | INFO     | tt_transformers.modules.lazy_weight:get_device_weight:120 - [32m[cache hit][0m Loading tensor from cache: /localdev/gwang/tt_transformers/model_cache/llama33_70b/T3K/mlp/layer35_w1_srcshape_8192_28672_dtype_BFLOAT8_B_layout_TILE_memcfg_1786057467681592545_mapper_660f4331f0f0_device_0.tensorbin
2026-09-03 03:49:40.794 | INFO     | tt_transformers.modules.lazy_weight:get_device_weight:120 - [32m[cache hit][0m Loading tensor from cache: /localdev/gwang/tt_transformers/model_cache/llama33_70b/T3K/mlp/layer35_w2_srcshape_28672_8192_dtype_BFLOAT8_B_layout_TILE_memcfg_906506041791331912_mapper_0cdd7bdaff6f_device_0.tensorbin
2026-09-03 03:49:40.809 | INFO     | tt_transformers.modules.lazy_weight:get_device_weight:120 - [32m[cache hit][0m Loading tensor from cache: /localdev/gwang/tt_transformers/model_cache/llama33_70b/T3K/mlp/layer35_w3_srcshape_8192_28672_dtype_BFLOAT8_B_layout_TILE_memcfg_1786057467681592545_mapper_660f4331f0f0_device_0.tensorbin
2026-09-03 03:49:40.824 | INFO     | tt_transformers.modules.lazy_weight:get_device_weight:120 - [32m[cache hit][0m Loading tensor from cache: /localdev/gwang/tt_transformers/model_cache/llama33_70b/T3K/norm/layer36_pre_attn_srcshape_1_1_256_32_dtype_BFLOAT16_layout_ROW_MAJOR_mapper_241585d9fe31_device_0.tensorbin
2026-09-03 03:49:40.825 | INFO     | tt_transformers.modules.lazy_weight:get_device_weight:120 - [32m[cache hit][0m Loading tensor from cache: /localdev/gwang/tt_transformers/model_cache/llama33_70b/T3K/norm/layer36_pre_attn_srcshape_1_1_256_32_dtype_BFLOAT16_layout_ROW_MAJOR_mapper_b82b244385ac_device_0.tensorbin
2026-09-03 03:49:40.825 | INFO     | tt_transformers.modules.lazy_weight:get_device_weight:120 - [32m[cache hit][0m Loading tensor from cache: /localdev/gwang/tt_transformers/model_cache/llama33_70b/T3K/attn/layer36_wqkv_srcshape_1_1_8192_10240_dtype_BFLOAT8_B_layout_TILE_memcfg_663972112453010226_mapper_660f4331f0f0_device_0.tensorbin
2026-09-03 03:49:40.830 | INFO     | tt_transformers.modules.lazy_weight:get_device_weight:120 - [32m[cache hit][0m Loading tensor from cache: /localdev/gwang/tt_transformers/model_cache/llama33_70b/T3K/attn/layer36_wo_srcshape_1_1_8192_8192_dtype_BFLOAT8_B_layout_TILE_mapper_660f4331f0f0_device_0.tensorbin
2026-09-03 03:49:40.836 | INFO     | tt_transformers.modules.lazy_weight:get_device_weight:120 - [32m[cache hit][0m Loading tensor from cache: /localdev/gwang/tt_transformers/model_cache/llama33_70b/T3K/norm/layer36_post_attn_srcshape_1_1_256_32_dtype_BFLOAT16_layout_ROW_MAJOR_mapper_241585d9fe31_device_0.tensorbin
2026-09-03 03:49:40.836 | INFO     | tt_transformers.modules.lazy_weight:get_device_weight:120 - [32m[cache hit][0m Loading tensor from cache: /localdev/gwang/tt_transformers/model_cache/llama33_70b/T3K/norm/layer36_post_attn_srcshape_1_1_256_32_dtype_BFLOAT16_layout_ROW_MAJOR_mapper_b82b244385ac_device_0.tensorbin
2026-09-03 03:49:40.836 | INFO     | tt_transformers.modules.lazy_weight:get_device_weight:120 - [32m[cache hit][0m Loading tensor from cache: /localdev/gwang/tt_transformers/model_cache/llama33_70b/T3K/mlp/layer36_w1_srcshape_8192_28672_dtype_BFLOAT8_B_layout_TILE_memcfg_1786057467681592545_mapper_660f4331f0f0_device_0.tensorbin
2026-09-03 03:49:40.850 | INFO     | tt_transformers.modules.lazy_weight:get_device_weight:120 - [32m[cache hit][0m Loading tensor from cache: /localdev/gwang/tt_transformers/model_cache/llama33_70b/T3K/mlp/layer36_w2_srcshape_28672_8192_dtype_BFLOAT8_B_layout_TILE_memcfg_906506041791331912_mapper_0cdd7bdaff6f_device_0.tensorbin
2026-09-03 03:49:40.863 | INFO     | tt_transformers.modules.lazy_weight:get_device_weight:120 - [32m[cache hit][0m Loading tensor from cache: /localdev/gwang/tt_transformers/model_cache/llama33_70b/T3K/mlp/layer36_w3_srcshape_8192_28672_dtype_BFLOAT8_B_layout_TILE_memcfg_1786057467681592545_mapper_660f4331f0f0_device_0.tensorbin
2026-09-03 03:49:40.879 | INFO     | tt_transformers.modules.lazy_weight:get_device_weight:120 - [32m[cache hit][0m Loading tensor from cache: /localdev/gwang/tt_transformers/model_cache/llama33_70b/T3K/norm/layer37_pre_attn_srcshape_1_1_256_32_dtype_BFLOAT16_layout_ROW_MAJOR_mapper_241585d9fe31_device_0.tensorbin
2026-09-03 03:49:40.879 | INFO     | tt_transformers.modules.lazy_weight:get_device_weight:120 - [32m[cache hit][0m Loading tensor from cache: /localdev/gwang/tt_transformers/model_cache/llama33_70b/T3K/norm/layer37_pre_attn_srcshape_1_1_256_32_dtype_BFLOAT16_layout_ROW_MAJOR_mapper_b82b244385ac_device_0.tensorbin
2026-09-03 03:49:40.880 | INFO     | tt_transformers.modules.lazy_weight:get_device_weight:120 - [32m[cache hit][0m Loading tensor from cache: /localdev/gwang/tt_transformers/model_cache/llama33_70b/T3K/attn/layer37_wqkv_srcshape_1_1_8192_10240_dtype_BFLOAT8_B_layout_TILE_memcfg_663972112453010226_mapper_660f4331f0f0_device_0.tensorbin
2026-09-03 03:49:40.885 | INFO     | tt_transformers.modules.lazy_weight:get_device_weight:120 - [32m[cache hit][0m Loading tensor from cache: /localdev/gwang/tt_transformers/model_cache/llama33_70b/T3K/attn/layer37_wo_srcshape_1_1_8192_8192_dtype_BFLOAT8_B_layout_TILE_mapper_660f4331f0f0_device_0.tensorbin
2026-09-03 03:49:40.891 | INFO     | tt_transformers.modules.lazy_weight:get_device_weight:120 - [32m[cache hit][0m Loading tensor from cache: /localdev/gwang/tt_transformers/model_cache/llama33_70b/T3K/norm/layer37_post_attn_srcshape_1_1_256_32_dtype_BFLOAT16_layout_ROW_MAJOR_mapper_241585d9fe31_device_0.tensorbin
2026-09-03 03:49:40.891 | INFO     | tt_transformers.modules.lazy_weight:get_device_weight:120 - [32m[cache hit][0m Loading tensor from cache: /localdev/gwang/tt_transformers/model_cache/llama33_70b/T3K/norm/layer37_post_attn_srcshape_1_1_256_32_dtype_BFLOAT16_layout_ROW_MAJOR_mapper_b82b244385ac_device_0.tensorbin
2026-09-03 03:49:40.892 | INFO     | tt_transformers.modules.lazy_weight:get_device_weight:120 - [32m[cache hit][0m Loading tensor from cache: /localdev/gwang/tt_transformers/model_cache/llama33_70b/T3K/mlp/layer37_w1_srcshape_8192_28672_dtype_BFLOAT8_B_layout_TILE_memcfg_1786057467681592545_mapper_660f4331f0f0_device_0.tensorbin
2026-09-03 03:49:40.905 | INFO     | tt_transformers.modules.lazy_weight:get_device_weight:120 - [32m[cache hit][0m Loading tensor from cache: /localdev/gwang/tt_transformers/model_cache/llama33_70b/T3K/mlp/layer37_w2_srcshape_28672_8192_dtype_BFLOAT8_B_layout_TILE_memcfg_906506041791331912_mapper_0cdd7bdaff6f_device_0.tensorbin
2026-09-03 03:49:40.918 | INFO     | tt_transformers.modules.lazy_weight:get_device_weight:120 - [32m[cache hit][0m Loading tensor from cache: /localdev/gwang/tt_transformers/model_cache/llama33_70b/T3K/mlp/layer37_w3_srcshape_8192_28672_dtype_BFLOAT8_B_layout_TILE_memcfg_1786057467681592545_mapper_660f4331f0f0_device_0.tensorbin
2026-09-03 03:49:40.933 | INFO     | tt_transformers.modules.lazy_weight:get_device_weight:120 - [32m[cache hit][0m Loading tensor from cache: /localdev/gwang/tt_transformers/model_cache/llama33_70b/T3K/norm/layer38_pre_attn_srcshape_1_1_256_32_dtype_BFLOAT16_layout_ROW_MAJOR_mapper_241585d9fe31_device_0.tensorbin
2026-09-03 03:49:40.933 | INFO     | tt_transformers.modules.lazy_weight:get_device_weight:120 - [32m[cache hit][0m Loading tensor from cache: /localdev/gwang/tt_transformers/model_cache/llama33_70b/T3K/norm/layer38_pre_attn_srcshape_1_1_256_32_dtype_BFLOAT16_layout_ROW_MAJOR_mapper_b82b244385ac_device_0.tensorbin
2026-09-03 03:49:40.934 | INFO     | tt_transformers.modules.lazy_weight:get_device_weight:120 - [32m[cache hit][0m Loading tensor from cache: /localdev/gwang/tt_transformers/model_cache/llama33_70b/T3K/attn/layer38_wqkv_srcshape_1_1_8192_10240_dtype_BFLOAT8_B_layout_TILE_memcfg_663972112453010226_mapper_660f4331f0f0_device_0.tensorbin
2026-09-03 03:49:40.938 | INFO     | tt_transformers.modules.lazy_weight:get_device_weight:120 - [32m[cache hit][0m Loading tensor from cache: /localdev/gwang/tt_transformers/model_cache/llama33_70b/T3K/attn/layer38_wo_srcshape_1_1_8192_8192_dtype_BFLOAT8_B_layout_TILE_mapper_660f4331f0f0_device_0.tensorbin
2026-09-03 03:49:40.944 | INFO     | tt_transformers.modules.lazy_weight:get_device_weight:120 - [32m[cache hit][0m Loading tensor from cache: /localdev/gwang/tt_transformers/model_cache/llama33_70b/T3K/norm/layer38_post_attn_srcshape_1_1_256_32_dtype_BFLOAT16_layout_ROW_MAJOR_mapper_241585d9fe31_device_0.tensorbin
2026-09-03 03:49:40.944 | INFO     | tt_transformers.modules.lazy_weight:get_device_weight:120 - [32m[cache hit][0m Loading tensor from cache: /localdev/gwang/tt_transformers/model_cache/llama33_70b/T3K/norm/layer38_post_attn_srcshape_1_1_256_32_dtype_BFLOAT16_layout_ROW_MAJOR_mapper_b82b244385ac_device_0.tensorbin
2026-09-03 03:49:40.944 | INFO     | tt_transformers.modules.lazy_weight:get_device_weight:120 - [32m[cache hit][0m Loading tensor from cache: /localdev/gwang/tt_transformers/model_cache/llama33_70b/T3K/mlp/layer38_w1_srcshape_8192_28672_dtype_BFLOAT8_B_layout_TILE_memcfg_1786057467681592545_mapper_660f4331f0f0_device_0.tensorbin
2026-09-03 03:49:40.957 | INFO     | tt_transformers.modules.lazy_weight:get_device_weight:120 - [32m[cache hit][0m Loading tensor from cache: /localdev/gwang/tt_transformers/model_cache/llama33_70b/T3K/mlp/layer38_w2_srcshape_28672_8192_dtype_BFLOAT8_B_layout_TILE_memcfg_906506041791331912_mapper_0cdd7bdaff6f_device_0.tensorbin
2026-09-03 03:49:40.969 | INFO     | tt_transformers.modules.lazy_weight:get_device_weight:120 - [32m[cache hit][0m Loading tensor from cache: /localdev/gwang/tt_transformers/model_cache/llama33_70b/T3K/mlp/layer38_w3_srcshape_8192_28672_dtype_BFLOAT8_B_layout_TILE_memcfg_1786057467681592545_mapper_660f4331f0f0_device_0.tensorbin
2026-09-03 03:49:40.983 | INFO     | tt_transformers.modules.lazy_weight:get_device_weight:120 - [32m[cache hit][0m Loading tensor from cache: /localdev/gwang/tt_transformers/model_cache/llama33_70b/T3K/norm/layer39_pre_attn_srcshape_1_1_256_32_dtype_BFLOAT16_layout_ROW_MAJOR_mapper_241585d9fe31_device_0.tensorbin
2026-09-03 03:49:40.983 | INFO     | tt_transformers.modules.lazy_weight:get_device_weight:120 - [32m[cache hit][0m Loading tensor from cache: /localdev/gwang/tt_transformers/model_cache/llama33_70b/T3K/norm/layer39_pre_attn_srcshape_1_1_256_32_dtype_BFLOAT16_layout_ROW_MAJOR_mapper_b82b244385ac_device_0.tensorbin
2026-09-03 03:49:40.984 | INFO     | tt_transformers.modules.lazy_weight:get_device_weight:120 - [32m[cache hit][0m Loading tensor from cache: /localdev/gwang/tt_transformers/model_cache/llama33_70b/T3K/attn/layer39_wqkv_srcshape_1_1_8192_10240_dtype_BFLOAT8_B_layout_TILE_memcfg_663972112453010226_mapper_660f4331f0f0_device_0.tensorbin
2026-09-03 03:49:40.989 | INFO     | tt_transformers.modules.lazy_weight:get_device_weight:120 - [32m[cache hit][0m Loading tensor from cache: /localdev/gwang/tt_transformers/model_cache/llama33_70b/T3K/attn/layer39_wo_srcshape_1_1_8192_8192_dtype_BFLOAT8_B_layout_TILE_mapper_660f4331f0f0_device_0.tensorbin
2026-09-03 03:49:40.995 | INFO     | tt_transformers.modules.lazy_weight:get_device_weight:120 - [32m[cache hit][0m Loading tensor from cache: /localdev/gwang/tt_transformers/model_cache/llama33_70b/T3K/norm/layer39_post_attn_srcshape_1_1_256_32_dtype_BFLOAT16_layout_ROW_MAJOR_mapper_241585d9fe31_device_0.tensorbin
2026-09-03 03:49:40.995 | INFO     | tt_transformers.modules.lazy_weight:get_device_weight:120 - [32m[cache hit][0m Loading tensor from cache: /localdev/gwang/tt_transformers/model_cache/llama33_70b/T3K/norm/layer39_post_attn_srcshape_1_1_256_32_dtype_BFLOAT16_layout_ROW_MAJOR_mapper_b82b244385ac_device_0.tensorbin
2026-09-03 03:49:40.996 | INFO     | tt_transformers.modules.lazy_weight:get_device_weight:120 - [32m[cache hit][0m Loading tensor from cache: /localdev/gwang/tt_transformers/model_cache/llama33_70b/T3K/mlp/layer39_w1_srcshape_8192_28672_dtype_BFLOAT8_B_layout_TILE_memcfg_1786057467681592545_mapper_660f4331f0f0_device_0.tensorbin
2026-09-03 03:49:41.008 | INFO     | tt_transformers.modules.lazy_weight:get_device_weight:120 - [32m[cache hit][0m Loading tensor from cache: /localdev/gwang/tt_transformers/model_cache/llama33_70b/T3K/mlp/layer39_w2_srcshape_28672_8192_dtype_BFLOAT8_B_layout_TILE_memcfg_906506041791331912_mapper_0cdd7bdaff6f_device_0.tensorbin
2026-09-03 03:49:41.021 | INFO     | tt_transformers.modules.lazy_weight:get_device_weight:120 - [32m[cache hit][0m Loading tensor from cache: /localdev/gwang/tt_transformers/model_cache/llama33_70b/T3K/mlp/layer39_w3_srcshape_8192_28672_dtype_BFLOAT8_B_layout_TILE_memcfg_1786057467681592545_mapper_660f4331f0f0_device_0.tensorbin
2026-09-03 03:49:41.035 | INFO     | tt_transformers.modules.lazy_weight:get_device_weight:120 - [32m[cache hit][0m Loading tensor from cache: /localdev/gwang/tt_transformers/model_cache/llama33_70b/T3K/norm/layer40_pre_attn_srcshape_1_1_256_32_dtype_BFLOAT16_layout_ROW_MAJOR_mapper_241585d9fe31_device_0.tensorbin
2026-09-03 03:49:41.036 | INFO     | tt_transformers.modules.lazy_weight:get_device_weight:120 - [32m[cache hit][0m Loading tensor from cache: /localdev/gwang/tt_transformers/model_cache/llama33_70b/T3K/norm/layer40_pre_attn_srcshape_1_1_256_32_dtype_BFLOAT16_layout_ROW_MAJOR_mapper_b82b244385ac_device_0.tensorbin
2026-09-03 03:49:41.036 | INFO     | tt_transformers.modules.lazy_weight:get_device_weight:120 - [32m[cache hit][0m Loading tensor from cache: /localdev/gwang/tt_transformers/model_cache/llama33_70b/T3K/attn/layer40_wqkv_srcshape_1_1_8192_10240_dtype_BFLOAT8_B_layout_TILE_memcfg_663972112453010226_mapper_660f4331f0f0_device_0.tensorbin
2026-09-03 03:49:41.041 | INFO     | tt_transformers.modules.lazy_weight:get_device_weight:120 - [32m[cache hit][0m Loading tensor from cache: /localdev/gwang/tt_transformers/model_cache/llama33_70b/T3K/attn/layer40_wo_srcshape_1_1_8192_8192_dtype_BFLOAT8_B_layout_TILE_mapper_660f4331f0f0_device_0.tensorbin
2026-09-03 03:49:41.047 | INFO     | tt_transformers.modules.lazy_weight:get_device_weight:120 - [32m[cache hit][0m Loading tensor from cache: /localdev/gwang/tt_transformers/model_cache/llama33_70b/T3K/norm/layer40_post_attn_srcshape_1_1_256_32_dtype_BFLOAT16_layout_ROW_MAJOR_mapper_241585d9fe31_device_0.tensorbin
2026-09-03 03:49:41.048 | INFO     | tt_transformers.modules.lazy_weight:get_device_weight:120 - [32m[cache hit][0m Loading tensor from cache: /localdev/gwang/tt_transformers/model_cache/llama33_70b/T3K/norm/layer40_post_attn_srcshape_1_1_256_32_dtype_BFLOAT16_layout_ROW_MAJOR_mapper_b82b244385ac_device_0.tensorbin
2026-09-03 03:49:41.048 | INFO     | tt_transformers.modules.lazy_weight:get_device_weight:120 - [32m[cache hit][0m Loading tensor from cache: /localdev/gwang/tt_transformers/model_cache/llama33_70b/T3K/mlp/layer40_w1_srcshape_8192_28672_dtype_BFLOAT8_B_layout_TILE_memcfg_1786057467681592545_mapper_660f4331f0f0_device_0.tensorbin
2026-09-03 03:49:41.061 | INFO     | tt_transformers.modules.lazy_weight:get_device_weight:120 - [32m[cache hit][0m Loading tensor from cache: /localdev/gwang/tt_transformers/model_cache/llama33_70b/T3K/mlp/layer40_w2_srcshape_28672_8192_dtype_BFLOAT8_B_layout_TILE_memcfg_906506041791331912_mapper_0cdd7bdaff6f_device_0.tensorbin
2026-09-03 03:49:41.075 | INFO     | tt_transformers.modules.lazy_weight:get_device_weight:120 - [32m[cache hit][0m Loading tensor from cache: /localdev/gwang/tt_transformers/model_cache/llama33_70b/T3K/mlp/layer40_w3_srcshape_8192_28672_dtype_BFLOAT8_B_layout_TILE_memcfg_1786057467681592545_mapper_660f4331f0f0_device_0.tensorbin
2026-09-03 03:49:41.090 | INFO     | tt_transformers.modules.lazy_weight:get_device_weight:120 - [32m[cache hit][0m Loading tensor from cache: /localdev/gwang/tt_transformers/model_cache/llama33_70b/T3K/norm/layer41_pre_attn_srcshape_1_1_256_32_dtype_BFLOAT16_layout_ROW_MAJOR_mapper_241585d9fe31_device_0.tensorbin
2026-09-03 03:49:41.091 | INFO     | tt_transformers.modules.lazy_weight:get_device_weight:120 - [32m[cache hit][0m Loading tensor from cache: /localdev/gwang/tt_transformers/model_cache/llama33_70b/T3K/norm/layer41_pre_attn_srcshape_1_1_256_32_dtype_BFLOAT16_layout_ROW_MAJOR_mapper_b82b244385ac_device_0.tensorbin
2026-09-03 03:49:41.091 | INFO     | tt_transformers.modules.lazy_weight:get_device_weight:120 - [32m[cache hit][0m Loading tensor from cache: /localdev/gwang/tt_transformers/model_cache/llama33_70b/T3K/attn/layer41_wqkv_srcshape_1_1_8192_10240_dtype_BFLOAT8_B_layout_TILE_memcfg_663972112453010226_mapper_660f4331f0f0_device_0.tensorbin
2026-09-03 03:49:41.096 | INFO     | tt_transformers.modules.lazy_weight:get_device_weight:120 - [32m[cache hit][0m Loading tensor from cache: /localdev/gwang/tt_transformers/model_cache/llama33_70b/T3K/attn/layer41_wo_srcshape_1_1_8192_8192_dtype_BFLOAT8_B_layout_TILE_mapper_660f4331f0f0_device_0.tensorbin
2026-09-03 03:49:41.102 | INFO     | tt_transformers.modules.lazy_weight:get_device_weight:120 - [32m[cache hit][0m Loading tensor from cache: /localdev/gwang/tt_transformers/model_cache/llama33_70b/T3K/norm/layer41_post_attn_srcshape_1_1_256_32_dtype_BFLOAT16_layout_ROW_MAJOR_mapper_241585d9fe31_device_0.tensorbin
2026-09-03 03:49:41.102 | INFO     | tt_transformers.modules.lazy_weight:get_device_weight:120 - [32m[cache hit][0m Loading tensor from cache: /localdev/gwang/tt_transformers/model_cache/llama33_70b/T3K/norm/layer41_post_attn_srcshape_1_1_256_32_dtype_BFLOAT16_layout_ROW_MAJOR_mapper_b82b244385ac_device_0.tensorbin
2026-09-03 03:49:41.103 | INFO     | tt_transformers.modules.lazy_weight:get_device_weight:120 - [32m[cache hit][0m Loading tensor from cache: /localdev/gwang/tt_transformers/model_cache/llama33_70b/T3K/mlp/layer41_w1_srcshape_8192_28672_dtype_BFLOAT8_B_layout_TILE_memcfg_1786057467681592545_mapper_660f4331f0f0_device_0.tensorbin
2026-09-03 03:49:41.116 | INFO     | tt_transformers.modules.lazy_weight:get_device_weight:120 - [32m[cache hit][0m Loading tensor from cache: /localdev/gwang/tt_transformers/model_cache/llama33_70b/T3K/mlp/layer41_w2_srcshape_28672_8192_dtype_BFLOAT8_B_layout_TILE_memcfg_906506041791331912_mapper_0cdd7bdaff6f_device_0.tensorbin
2026-09-03 03:49:41.130 | INFO     | tt_transformers.modules.lazy_weight:get_device_weight:120 - [32m[cache hit][0m Loading tensor from cache: /localdev/gwang/tt_transformers/model_cache/llama33_70b/T3K/mlp/layer41_w3_srcshape_8192_28672_dtype_BFLOAT8_B_layout_TILE_memcfg_1786057467681592545_mapper_660f4331f0f0_device_0.tensorbin
2026-09-03 03:49:41.146 | INFO     | tt_transformers.modules.lazy_weight:get_device_weight:120 - [32m[cache hit][0m Loading tensor from cache: /localdev/gwang/tt_transformers/model_cache/llama33_70b/T3K/norm/layer42_pre_attn_srcshape_1_1_256_32_dtype_BFLOAT16_layout_ROW_MAJOR_mapper_241585d9fe31_device_0.tensorbin
2026-09-03 03:49:41.147 | INFO     | tt_transformers.modules.lazy_weight:get_device_weight:120 - [32m[cache hit][0m Loading tensor from cache: /localdev/gwang/tt_transformers/model_cache/llama33_70b/T3K/norm/layer42_pre_attn_srcshape_1_1_256_32_dtype_BFLOAT16_layout_ROW_MAJOR_mapper_b82b244385ac_device_0.tensorbin
2026-09-03 03:49:41.147 | INFO     | tt_transformers.modules.lazy_weight:get_device_weight:120 - [32m[cache hit][0m Loading tensor from cache: /localdev/gwang/tt_transformers/model_cache/llama33_70b/T3K/attn/layer42_wqkv_srcshape_1_1_8192_10240_dtype_BFLOAT8_B_layout_TILE_memcfg_663972112453010226_mapper_660f4331f0f0_device_0.tensorbin
2026-09-03 03:49:41.153 | INFO     | tt_transformers.modules.lazy_weight:get_device_weight:120 - [32m[cache hit][0m Loading tensor from cache: /localdev/gwang/tt_transformers/model_cache/llama33_70b/T3K/attn/layer42_wo_srcshape_1_1_8192_8192_dtype_BFLOAT8_B_layout_TILE_mapper_660f4331f0f0_device_0.tensorbin
2026-09-03 03:49:41.158 | INFO     | tt_transformers.modules.lazy_weight:get_device_weight:120 - [32m[cache hit][0m Loading tensor from cache: /localdev/gwang/tt_transformers/model_cache/llama33_70b/T3K/norm/layer42_post_attn_srcshape_1_1_256_32_dtype_BFLOAT16_layout_ROW_MAJOR_mapper_241585d9fe31_device_0.tensorbin
2026-09-03 03:49:41.159 | INFO     | tt_transformers.modules.lazy_weight:get_device_weight:120 - [32m[cache hit][0m Loading tensor from cache: /localdev/gwang/tt_transformers/model_cache/llama33_70b/T3K/norm/layer42_post_attn_srcshape_1_1_256_32_dtype_BFLOAT16_layout_ROW_MAJOR_mapper_b82b244385ac_device_0.tensorbin
2026-09-03 03:49:41.159 | INFO     | tt_transformers.modules.lazy_weight:get_device_weight:120 - [32m[cache hit][0m Loading tensor from cache: /localdev/gwang/tt_transformers/model_cache/llama33_70b/T3K/mlp/layer42_w1_srcshape_8192_28672_dtype_BFLOAT8_B_layout_TILE_memcfg_1786057467681592545_mapper_660f4331f0f0_device_0.tensorbin
2026-09-03 03:49:41.173 | INFO     | tt_transformers.modules.lazy_weight:get_device_weight:120 - [32m[cache hit][0m Loading tensor from cache: /localdev/gwang/tt_transformers/model_cache/llama33_70b/T3K/mlp/layer42_w2_srcshape_28672_8192_dtype_BFLOAT8_B_layout_TILE_memcfg_906506041791331912_mapper_0cdd7bdaff6f_device_0.tensorbin
2026-09-03 03:49:41.187 | INFO     | tt_transformers.modules.lazy_weight:get_device_weight:120 - [32m[cache hit][0m Loading tensor from cache: /localdev/gwang/tt_transformers/model_cache/llama33_70b/T3K/mlp/layer42_w3_srcshape_8192_28672_dtype_BFLOAT8_B_layout_TILE_memcfg_1786057467681592545_mapper_660f4331f0f0_device_0.tensorbin
2026-09-03 03:49:41.203 | INFO     | tt_transformers.modules.lazy_weight:get_device_weight:120 - [32m[cache hit][0m Loading tensor from cache: /localdev/gwang/tt_transformers/model_cache/llama33_70b/T3K/norm/layer43_pre_attn_srcshape_1_1_256_32_dtype_BFLOAT16_layout_ROW_MAJOR_mapper_241585d9fe31_device_0.tensorbin
2026-09-03 03:49:41.204 | INFO     | tt_transformers.modules.lazy_weight:get_device_weight:120 - [32m[cache hit][0m Loading tensor from cache: /localdev/gwang/tt_transformers/model_cache/llama33_70b/T3K/norm/layer43_pre_attn_srcshape_1_1_256_32_dtype_BFLOAT16_layout_ROW_MAJOR_mapper_b82b244385ac_device_0.tensorbin
2026-09-03 03:49:41.204 | INFO     | tt_transformers.modules.lazy_weight:get_device_weight:120 - [32m[cache hit][0m Loading tensor from cache: /localdev/gwang/tt_transformers/model_cache/llama33_70b/T3K/attn/layer43_wqkv_srcshape_1_1_8192_10240_dtype_BFLOAT8_B_layout_TILE_memcfg_663972112453010226_mapper_660f4331f0f0_device_0.tensorbin
2026-09-03 03:49:41.209 | INFO     | tt_transformers.modules.lazy_weight:get_device_weight:120 - [32m[cache hit][0m Loading tensor from cache: /localdev/gwang/tt_transformers/model_cache/llama33_70b/T3K/attn/layer43_wo_srcshape_1_1_8192_8192_dtype_BFLOAT8_B_layout_TILE_mapper_660f4331f0f0_device_0.tensorbin
2026-09-03 03:49:41.215 | INFO     | tt_transformers.modules.lazy_weight:get_device_weight:120 - [32m[cache hit][0m Loading tensor from cache: /localdev/gwang/tt_transformers/model_cache/llama33_70b/T3K/norm/layer43_post_attn_srcshape_1_1_256_32_dtype_BFLOAT16_layout_ROW_MAJOR_mapper_241585d9fe31_device_0.tensorbin
2026-09-03 03:49:41.215 | INFO     | tt_transformers.modules.lazy_weight:get_device_weight:120 - [32m[cache hit][0m Loading tensor from cache: /localdev/gwang/tt_transformers/model_cache/llama33_70b/T3K/norm/layer43_post_attn_srcshape_1_1_256_32_dtype_BFLOAT16_layout_ROW_MAJOR_mapper_b82b244385ac_device_0.tensorbin
2026-09-03 03:49:41.215 | INFO     | tt_transformers.modules.lazy_weight:get_device_weight:120 - [32m[cache hit][0m Loading tensor from cache: /localdev/gwang/tt_transformers/model_cache/llama33_70b/T3K/mlp/layer43_w1_srcshape_8192_28672_dtype_BFLOAT8_B_layout_TILE_memcfg_1786057467681592545_mapper_660f4331f0f0_device_0.tensorbin
2026-09-03 03:49:41.230 | INFO     | tt_transformers.modules.lazy_weight:get_device_weight:120 - [32m[cache hit][0m Loading tensor from cache: /localdev/gwang/tt_transformers/model_cache/llama33_70b/T3K/mlp/layer43_w2_srcshape_28672_8192_dtype_BFLOAT8_B_layout_TILE_memcfg_906506041791331912_mapper_0cdd7bdaff6f_device_0.tensorbin
2026-09-03 03:49:41.242 | INFO     | tt_transformers.modules.lazy_weight:get_device_weight:120 - [32m[cache hit][0m Loading tensor from cache: /localdev/gwang/tt_transformers/model_cache/llama33_70b/T3K/mlp/layer43_w3_srcshape_8192_28672_dtype_BFLOAT8_B_layout_TILE_memcfg_1786057467681592545_mapper_660f4331f0f0_device_0.tensorbin
2026-09-03 03:49:41.259 | INFO     | tt_transformers.modules.lazy_weight:get_device_weight:120 - [32m[cache hit][0m Loading tensor from cache: /localdev/gwang/tt_transformers/model_cache/llama33_70b/T3K/norm/layer44_pre_attn_srcshape_1_1_256_32_dtype_BFLOAT16_layout_ROW_MAJOR_mapper_241585d9fe31_device_0.tensorbin
2026-09-03 03:49:41.260 | INFO     | tt_transformers.modules.lazy_weight:get_device_weight:120 - [32m[cache hit][0m Loading tensor from cache: /localdev/gwang/tt_transformers/model_cache/llama33_70b/T3K/norm/layer44_pre_attn_srcshape_1_1_256_32_dtype_BFLOAT16_layout_ROW_MAJOR_mapper_b82b244385ac_device_0.tensorbin
2026-09-03 03:49:41.260 | INFO     | tt_transformers.modules.lazy_weight:get_device_weight:120 - [32m[cache hit][0m Loading tensor from cache: /localdev/gwang/tt_transformers/model_cache/llama33_70b/T3K/attn/layer44_wqkv_srcshape_1_1_8192_10240_dtype_BFLOAT8_B_layout_TILE_memcfg_663972112453010226_mapper_660f4331f0f0_device_0.tensorbin
2026-09-03 03:49:41.265 | INFO     | tt_transformers.modules.lazy_weight:get_device_weight:120 - [32m[cache hit][0m Loading tensor from cache: /localdev/gwang/tt_transformers/model_cache/llama33_70b/T3K/attn/layer44_wo_srcshape_1_1_8192_8192_dtype_BFLOAT8_B_layout_TILE_mapper_660f4331f0f0_device_0.tensorbin
2026-09-03 03:49:41.272 | INFO     | tt_transformers.modules.lazy_weight:get_device_weight:120 - [32m[cache hit][0m Loading tensor from cache: /localdev/gwang/tt_transformers/model_cache/llama33_70b/T3K/norm/layer44_post_attn_srcshape_1_1_256_32_dtype_BFLOAT16_layout_ROW_MAJOR_mapper_241585d9fe31_device_0.tensorbin
2026-09-03 03:49:41.272 | INFO     | tt_transformers.modules.lazy_weight:get_device_weight:120 - [32m[cache hit][0m Loading tensor from cache: /localdev/gwang/tt_transformers/model_cache/llama33_70b/T3K/norm/layer44_post_attn_srcshape_1_1_256_32_dtype_BFLOAT16_layout_ROW_MAJOR_mapper_b82b244385ac_device_0.tensorbin
2026-09-03 03:49:41.273 | INFO     | tt_transformers.modules.lazy_weight:get_device_weight:120 - [32m[cache hit][0m Loading tensor from cache: /localdev/gwang/tt_transformers/model_cache/llama33_70b/T3K/mlp/layer44_w1_srcshape_8192_28672_dtype_BFLOAT8_B_layout_TILE_memcfg_1786057467681592545_mapper_660f4331f0f0_device_0.tensorbin
2026-09-03 03:49:41.286 | INFO     | tt_transformers.modules.lazy_weight:get_device_weight:120 - [32m[cache hit][0m Loading tensor from cache: /localdev/gwang/tt_transformers/model_cache/llama33_70b/T3K/mlp/layer44_w2_srcshape_28672_8192_dtype_BFLOAT8_B_layout_TILE_memcfg_906506041791331912_mapper_0cdd7bdaff6f_device_0.tensorbin
2026-09-03 03:49:41.298 | INFO     | tt_transformers.modules.lazy_weight:get_device_weight:120 - [32m[cache hit][0m Loading tensor from cache: /localdev/gwang/tt_transformers/model_cache/llama33_70b/T3K/mlp/layer44_w3_srcshape_8192_28672_dtype_BFLOAT8_B_layout_TILE_memcfg_1786057467681592545_mapper_660f4331f0f0_device_0.tensorbin
2026-09-03 03:49:41.313 | INFO     | tt_transformers.modules.lazy_weight:get_device_weight:120 - [32m[cache hit][0m Loading tensor from cache: /localdev/gwang/tt_transformers/model_cache/llama33_70b/T3K/norm/layer45_pre_attn_srcshape_1_1_256_32_dtype_BFLOAT16_layout_ROW_MAJOR_mapper_241585d9fe31_device_0.tensorbin
2026-09-03 03:49:41.314 | INFO     | tt_transformers.modules.lazy_weight:get_device_weight:120 - [32m[cache hit][0m Loading tensor from cache: /localdev/gwang/tt_transformers/model_cache/llama33_70b/T3K/norm/layer45_pre_attn_srcshape_1_1_256_32_dtype_BFLOAT16_layout_ROW_MAJOR_mapper_b82b244385ac_device_0.tensorbin
2026-09-03 03:49:41.314 | INFO     | tt_transformers.modules.lazy_weight:get_device_weight:120 - [32m[cache hit][0m Loading tensor from cache: /localdev/gwang/tt_transformers/model_cache/llama33_70b/T3K/attn/layer45_wqkv_srcshape_1_1_8192_10240_dtype_BFLOAT8_B_layout_TILE_memcfg_663972112453010226_mapper_660f4331f0f0_device_0.tensorbin
2026-09-03 03:49:41.319 | INFO     | tt_transformers.modules.lazy_weight:get_device_weight:120 - [32m[cache hit][0m Loading tensor from cache: /localdev/gwang/tt_transformers/model_cache/llama33_70b/T3K/attn/layer45_wo_srcshape_1_1_8192_8192_dtype_BFLOAT8_B_layout_TILE_mapper_660f4331f0f0_device_0.tensorbin
2026-09-03 03:49:41.325 | INFO     | tt_transformers.modules.lazy_weight:get_device_weight:120 - [32m[cache hit][0m Loading tensor from cache: /localdev/gwang/tt_transformers/model_cache/llama33_70b/T3K/norm/layer45_post_attn_srcshape_1_1_256_32_dtype_BFLOAT16_layout_ROW_MAJOR_mapper_241585d9fe31_device_0.tensorbin
2026-09-03 03:49:41.325 | INFO     | tt_transformers.modules.lazy_weight:get_device_weight:120 - [32m[cache hit][0m Loading tensor from cache: /localdev/gwang/tt_transformers/model_cache/llama33_70b/T3K/norm/layer45_post_attn_srcshape_1_1_256_32_dtype_BFLOAT16_layout_ROW_MAJOR_mapper_b82b244385ac_device_0.tensorbin
2026-09-03 03:49:41.325 | INFO     | tt_transformers.modules.lazy_weight:get_device_weight:120 - [32m[cache hit][0m Loading tensor from cache: /localdev/gwang/tt_transformers/model_cache/llama33_70b/T3K/mlp/layer45_w1_srcshape_8192_28672_dtype_BFLOAT8_B_layout_TILE_memcfg_1786057467681592545_mapper_660f4331f0f0_device_0.tensorbin
2026-09-03 03:49:41.338 | INFO     | tt_transformers.modules.lazy_weight:get_device_weight:120 - [32m[cache hit][0m Loading tensor from cache: /localdev/gwang/tt_transformers/model_cache/llama33_70b/T3K/mlp/layer45_w2_srcshape_28672_8192_dtype_BFLOAT8_B_layout_TILE_memcfg_906506041791331912_mapper_0cdd7bdaff6f_device_0.tensorbin
2026-09-03 03:49:41.352 | INFO     | tt_transformers.modules.lazy_weight:get_device_weight:120 - [32m[cache hit][0m Loading tensor from cache: /localdev/gwang/tt_transformers/model_cache/llama33_70b/T3K/mlp/layer45_w3_srcshape_8192_28672_dtype_BFLOAT8_B_layout_TILE_memcfg_1786057467681592545_mapper_660f4331f0f0_device_0.tensorbin
2026-09-03 03:49:41.368 | INFO     | tt_transformers.modules.lazy_weight:get_device_weight:120 - [32m[cache hit][0m Loading tensor from cache: /localdev/gwang/tt_transformers/model_cache/llama33_70b/T3K/norm/layer46_pre_attn_srcshape_1_1_256_32_dtype_BFLOAT16_layout_ROW_MAJOR_mapper_241585d9fe31_device_0.tensorbin
2026-09-03 03:49:41.368 | INFO     | tt_transformers.modules.lazy_weight:get_device_weight:120 - [32m[cache hit][0m Loading tensor from cache: /localdev/gwang/tt_transformers/model_cache/llama33_70b/T3K/norm/layer46_pre_attn_srcshape_1_1_256_32_dtype_BFLOAT16_layout_ROW_MAJOR_mapper_b82b244385ac_device_0.tensorbin
2026-09-03 03:49:41.369 | INFO     | tt_transformers.modules.lazy_weight:get_device_weight:120 - [32m[cache hit][0m Loading tensor from cache: /localdev/gwang/tt_transformers/model_cache/llama33_70b/T3K/attn/layer46_wqkv_srcshape_1_1_8192_10240_dtype_BFLOAT8_B_layout_TILE_memcfg_663972112453010226_mapper_660f4331f0f0_device_0.tensorbin
2026-09-03 03:49:41.375 | INFO     | tt_transformers.modules.lazy_weight:get_device_weight:120 - [32m[cache hit][0m Loading tensor from cache: /localdev/gwang/tt_transformers/model_cache/llama33_70b/T3K/attn/layer46_wo_srcshape_1_1_8192_8192_dtype_BFLOAT8_B_layout_TILE_mapper_660f4331f0f0_device_0.tensorbin
2026-09-03 03:49:41.381 | INFO     | tt_transformers.modules.lazy_weight:get_device_weight:120 - [32m[cache hit][0m Loading tensor from cache: /localdev/gwang/tt_transformers/model_cache/llama33_70b/T3K/norm/layer46_post_attn_srcshape_1_1_256_32_dtype_BFLOAT16_layout_ROW_MAJOR_mapper_241585d9fe31_device_0.tensorbin
2026-09-03 03:49:41.381 | INFO     | tt_transformers.modules.lazy_weight:get_device_weight:120 - [32m[cache hit][0m Loading tensor from cache: /localdev/gwang/tt_transformers/model_cache/llama33_70b/T3K/norm/layer46_post_attn_srcshape_1_1_256_32_dtype_BFLOAT16_layout_ROW_MAJOR_mapper_b82b244385ac_device_0.tensorbin
2026-09-03 03:49:41.382 | INFO     | tt_transformers.modules.lazy_weight:get_device_weight:120 - [32m[cache hit][0m Loading tensor from cache: /localdev/gwang/tt_transformers/model_cache/llama33_70b/T3K/mlp/layer46_w1_srcshape_8192_28672_dtype_BFLOAT8_B_layout_TILE_memcfg_1786057467681592545_mapper_660f4331f0f0_device_0.tensorbin
2026-09-03 03:49:41.397 | INFO     | tt_transformers.modules.lazy_weight:get_device_weight:120 - [32m[cache hit][0m Loading tensor from cache: /localdev/gwang/tt_transformers/model_cache/llama33_70b/T3K/mlp/layer46_w2_srcshape_28672_8192_dtype_BFLOAT8_B_layout_TILE_memcfg_906506041791331912_mapper_0cdd7bdaff6f_device_0.tensorbin
2026-09-03 03:49:41.412 | INFO     | tt_transformers.modules.lazy_weight:get_device_weight:120 - [32m[cache hit][0m Loading tensor from cache: /localdev/gwang/tt_transformers/model_cache/llama33_70b/T3K/mlp/layer46_w3_srcshape_8192_28672_dtype_BFLOAT8_B_layout_TILE_memcfg_1786057467681592545_mapper_660f4331f0f0_device_0.tensorbin
2026-09-03 03:49:41.428 | INFO     | tt_transformers.modules.lazy_weight:get_device_weight:120 - [32m[cache hit][0m Loading tensor from cache: /localdev/gwang/tt_transformers/model_cache/llama33_70b/T3K/norm/layer47_pre_attn_srcshape_1_1_256_32_dtype_BFLOAT16_layout_ROW_MAJOR_mapper_241585d9fe31_device_0.tensorbin
2026-09-03 03:49:41.428 | INFO     | tt_transformers.modules.lazy_weight:get_device_weight:120 - [32m[cache hit][0m Loading tensor from cache: /localdev/gwang/tt_transformers/model_cache/llama33_70b/T3K/norm/layer47_pre_attn_srcshape_1_1_256_32_dtype_BFLOAT16_layout_ROW_MAJOR_mapper_b82b244385ac_device_0.tensorbin
2026-09-03 03:49:41.428 | INFO     | tt_transformers.modules.lazy_weight:get_device_weight:120 - [32m[cache hit][0m Loading tensor from cache: /localdev/gwang/tt_transformers/model_cache/llama33_70b/T3K/attn/layer47_wqkv_srcshape_1_1_8192_10240_dtype_BFLOAT8_B_layout_TILE_memcfg_663972112453010226_mapper_660f4331f0f0_device_0.tensorbin
2026-09-03 03:49:41.434 | INFO     | tt_transformers.modules.lazy_weight:get_device_weight:120 - [32m[cache hit][0m Loading tensor from cache: /localdev/gwang/tt_transformers/model_cache/llama33_70b/T3K/attn/layer47_wo_srcshape_1_1_8192_8192_dtype_BFLOAT8_B_layout_TILE_mapper_660f4331f0f0_device_0.tensorbin
2026-09-03 03:49:41.440 | INFO     | tt_transformers.modules.lazy_weight:get_device_weight:120 - [32m[cache hit][0m Loading tensor from cache: /localdev/gwang/tt_transformers/model_cache/llama33_70b/T3K/norm/layer47_post_attn_srcshape_1_1_256_32_dtype_BFLOAT16_layout_ROW_MAJOR_mapper_241585d9fe31_device_0.tensorbin
2026-09-03 03:49:41.440 | INFO     | tt_transformers.modules.lazy_weight:get_device_weight:120 - [32m[cache hit][0m Loading tensor from cache: /localdev/gwang/tt_transformers/model_cache/llama33_70b/T3K/norm/layer47_post_attn_srcshape_1_1_256_32_dtype_BFLOAT16_layout_ROW_MAJOR_mapper_b82b244385ac_device_0.tensorbin
2026-09-03 03:49:41.440 | INFO     | tt_transformers.modules.lazy_weight:get_device_weight:120 - [32m[cache hit][0m Loading tensor from cache: /localdev/gwang/tt_transformers/model_cache/llama33_70b/T3K/mlp/layer47_w1_srcshape_8192_28672_dtype_BFLOAT8_B_layout_TILE_memcfg_1786057467681592545_mapper_660f4331f0f0_device_0.tensorbin
2026-09-03 03:49:41.454 | INFO     | tt_transformers.modules.lazy_weight:get_device_weight:120 - [32m[cache hit][0m Loading tensor from cache: /localdev/gwang/tt_transformers/model_cache/llama33_70b/T3K/mlp/layer47_w2_srcshape_28672_8192_dtype_BFLOAT8_B_layout_TILE_memcfg_906506041791331912_mapper_0cdd7bdaff6f_device_0.tensorbin
2026-09-03 03:49:41.468 | INFO     | tt_transformers.modules.lazy_weight:get_device_weight:120 - [32m[cache hit][0m Loading tensor from cache: /localdev/gwang/tt_transformers/model_cache/llama33_70b/T3K/mlp/layer47_w3_srcshape_8192_28672_dtype_BFLOAT8_B_layout_TILE_memcfg_1786057467681592545_mapper_660f4331f0f0_device_0.tensorbin
2026-09-03 03:49:41.484 | INFO     | tt_transformers.modules.lazy_weight:get_device_weight:120 - [32m[cache hit][0m Loading tensor from cache: /localdev/gwang/tt_transformers/model_cache/llama33_70b/T3K/norm/layer48_pre_attn_srcshape_1_1_256_32_dtype_BFLOAT16_layout_ROW_MAJOR_mapper_241585d9fe31_device_0.tensorbin
2026-09-03 03:49:41.484 | INFO     | tt_transformers.modules.lazy_weight:get_device_weight:120 - [32m[cache hit][0m Loading tensor from cache: /localdev/gwang/tt_transformers/model_cache/llama33_70b/T3K/norm/layer48_pre_attn_srcshape_1_1_256_32_dtype_BFLOAT16_layout_ROW_MAJOR_mapper_b82b244385ac_device_0.tensorbin
2026-09-03 03:49:41.484 | INFO     | tt_transformers.modules.lazy_weight:get_device_weight:120 - [32m[cache hit][0m Loading tensor from cache: /localdev/gwang/tt_transformers/model_cache/llama33_70b/T3K/attn/layer48_wqkv_srcshape_1_1_8192_10240_dtype_BFLOAT8_B_layout_TILE_memcfg_663972112453010226_mapper_660f4331f0f0_device_0.tensorbin
2026-09-03 03:49:41.490 | INFO     | tt_transformers.modules.lazy_weight:get_device_weight:120 - [32m[cache hit][0m Loading tensor from cache: /localdev/gwang/tt_transformers/model_cache/llama33_70b/T3K/attn/layer48_wo_srcshape_1_1_8192_8192_dtype_BFLOAT8_B_layout_TILE_mapper_660f4331f0f0_device_0.tensorbin
2026-09-03 03:49:41.496 | INFO     | tt_transformers.modules.lazy_weight:get_device_weight:120 - [32m[cache hit][0m Loading tensor from cache: /localdev/gwang/tt_transformers/model_cache/llama33_70b/T3K/norm/layer48_post_attn_srcshape_1_1_256_32_dtype_BFLOAT16_layout_ROW_MAJOR_mapper_241585d9fe31_device_0.tensorbin
2026-09-03 03:49:41.496 | INFO     | tt_transformers.modules.lazy_weight:get_device_weight:120 - [32m[cache hit][0m Loading tensor from cache: /localdev/gwang/tt_transformers/model_cache/llama33_70b/T3K/norm/layer48_post_attn_srcshape_1_1_256_32_dtype_BFLOAT16_layout_ROW_MAJOR_mapper_b82b244385ac_device_0.tensorbin
2026-09-03 03:49:41.496 | INFO     | tt_transformers.modules.lazy_weight:get_device_weight:120 - [32m[cache hit][0m Loading tensor from cache: /localdev/gwang/tt_transformers/model_cache/llama33_70b/T3K/mlp/layer48_w1_srcshape_8192_28672_dtype_BFLOAT8_B_layout_TILE_memcfg_1786057467681592545_mapper_660f4331f0f0_device_0.tensorbin
2026-09-03 03:49:41.510 | INFO     | tt_transformers.modules.lazy_weight:get_device_weight:120 - [32m[cache hit][0m Loading tensor from cache: /localdev/gwang/tt_transformers/model_cache/llama33_70b/T3K/mlp/layer48_w2_srcshape_28672_8192_dtype_BFLOAT8_B_layout_TILE_memcfg_906506041791331912_mapper_0cdd7bdaff6f_device_0.tensorbin
2026-09-03 03:49:41.524 | INFO     | tt_transformers.modules.lazy_weight:get_device_weight:120 - [32m[cache hit][0m Loading tensor from cache: /localdev/gwang/tt_transformers/model_cache/llama33_70b/T3K/mlp/layer48_w3_srcshape_8192_28672_dtype_BFLOAT8_B_layout_TILE_memcfg_1786057467681592545_mapper_660f4331f0f0_device_0.tensorbin
2026-09-03 03:49:41.539 | INFO     | tt_transformers.modules.lazy_weight:get_device_weight:120 - [32m[cache hit][0m Loading tensor from cache: /localdev/gwang/tt_transformers/model_cache/llama33_70b/T3K/norm/layer49_pre_attn_srcshape_1_1_256_32_dtype_BFLOAT16_layout_ROW_MAJOR_mapper_241585d9fe31_device_0.tensorbin
2026-09-03 03:49:41.539 | INFO     | tt_transformers.modules.lazy_weight:get_device_weight:120 - [32m[cache hit][0m Loading tensor from cache: /localdev/gwang/tt_transformers/model_cache/llama33_70b/T3K/norm/layer49_pre_attn_srcshape_1_1_256_32_dtype_BFLOAT16_layout_ROW_MAJOR_mapper_b82b244385ac_device_0.tensorbin
2026-09-03 03:49:41.540 | INFO     | tt_transformers.modules.lazy_weight:get_device_weight:120 - [32m[cache hit][0m Loading tensor from cache: /localdev/gwang/tt_transformers/model_cache/llama33_70b/T3K/attn/layer49_wqkv_srcshape_1_1_8192_10240_dtype_BFLOAT8_B_layout_TILE_memcfg_663972112453010226_mapper_660f4331f0f0_device_0.tensorbin
2026-09-03 03:49:41.545 | INFO     | tt_transformers.modules.lazy_weight:get_device_weight:120 - [32m[cache hit][0m Loading tensor from cache: /localdev/gwang/tt_transformers/model_cache/llama33_70b/T3K/attn/layer49_wo_srcshape_1_1_8192_8192_dtype_BFLOAT8_B_layout_TILE_mapper_660f4331f0f0_device_0.tensorbin
2026-09-03 03:49:41.551 | INFO     | tt_transformers.modules.lazy_weight:get_device_weight:120 - [32m[cache hit][0m Loading tensor from cache: /localdev/gwang/tt_transformers/model_cache/llama33_70b/T3K/norm/layer49_post_attn_srcshape_1_1_256_32_dtype_BFLOAT16_layout_ROW_MAJOR_mapper_241585d9fe31_device_0.tensorbin
2026-09-03 03:49:41.551 | INFO     | tt_transformers.modules.lazy_weight:get_device_weight:120 - [32m[cache hit][0m Loading tensor from cache: /localdev/gwang/tt_transformers/model_cache/llama33_70b/T3K/norm/layer49_post_attn_srcshape_1_1_256_32_dtype_BFLOAT16_layout_ROW_MAJOR_mapper_b82b244385ac_device_0.tensorbin
2026-09-03 03:49:41.552 | INFO     | tt_transformers.modules.lazy_weight:get_device_weight:120 - [32m[cache hit][0m Loading tensor from cache: /localdev/gwang/tt_transformers/model_cache/llama33_70b/T3K/mlp/layer49_w1_srcshape_8192_28672_dtype_BFLOAT8_B_layout_TILE_memcfg_1786057467681592545_mapper_660f4331f0f0_device_0.tensorbin
2026-09-03 03:49:41.565 | INFO     | tt_transformers.modules.lazy_weight:get_device_weight:120 - [32m[cache hit][0m Loading tensor from cache: /localdev/gwang/tt_transformers/model_cache/llama33_70b/T3K/mlp/layer49_w2_srcshape_28672_8192_dtype_BFLOAT8_B_layout_TILE_memcfg_906506041791331912_mapper_0cdd7bdaff6f_device_0.tensorbin
2026-09-03 03:49:41.579 | INFO     | tt_transformers.modules.lazy_weight:get_device_weight:120 - [32m[cache hit][0m Loading tensor from cache: /localdev/gwang/tt_transformers/model_cache/llama33_70b/T3K/mlp/layer49_w3_srcshape_8192_28672_dtype_BFLOAT8_B_layout_TILE_memcfg_1786057467681592545_mapper_660f4331f0f0_device_0.tensorbin
2026-09-03 03:49:41.596 | INFO     | tt_transformers.modules.lazy_weight:get_device_weight:120 - [32m[cache hit][0m Loading tensor from cache: /localdev/gwang/tt_transformers/model_cache/llama33_70b/T3K/norm/layer50_pre_attn_srcshape_1_1_256_32_dtype_BFLOAT16_layout_ROW_MAJOR_mapper_241585d9fe31_device_0.tensorbin
2026-09-03 03:49:41.596 | INFO     | tt_transformers.modules.lazy_weight:get_device_weight:120 - [32m[cache hit][0m Loading tensor from cache: /localdev/gwang/tt_transformers/model_cache/llama33_70b/T3K/norm/layer50_pre_attn_srcshape_1_1_256_32_dtype_BFLOAT16_layout_ROW_MAJOR_mapper_b82b244385ac_device_0.tensorbin
2026-09-03 03:49:41.597 | INFO     | tt_transformers.modules.lazy_weight:get_device_weight:120 - [32m[cache hit][0m Loading tensor from cache: /localdev/gwang/tt_transformers/model_cache/llama33_70b/T3K/attn/layer50_wqkv_srcshape_1_1_8192_10240_dtype_BFLOAT8_B_layout_TILE_memcfg_663972112453010226_mapper_660f4331f0f0_device_0.tensorbin
2026-09-03 03:49:41.602 | INFO     | tt_transformers.modules.lazy_weight:get_device_weight:120 - [32m[cache hit][0m Loading tensor from cache: /localdev/gwang/tt_transformers/model_cache/llama33_70b/T3K/attn/layer50_wo_srcshape_1_1_8192_8192_dtype_BFLOAT8_B_layout_TILE_mapper_660f4331f0f0_device_0.tensorbin
2026-09-03 03:49:41.608 | INFO     | tt_transformers.modules.lazy_weight:get_device_weight:120 - [32m[cache hit][0m Loading tensor from cache: /localdev/gwang/tt_transformers/model_cache/llama33_70b/T3K/norm/layer50_post_attn_srcshape_1_1_256_32_dtype_BFLOAT16_layout_ROW_MAJOR_mapper_241585d9fe31_device_0.tensorbin
2026-09-03 03:49:41.608 | INFO     | tt_transformers.modules.lazy_weight:get_device_weight:120 - [32m[cache hit][0m Loading tensor from cache: /localdev/gwang/tt_transformers/model_cache/llama33_70b/T3K/norm/layer50_post_attn_srcshape_1_1_256_32_dtype_BFLOAT16_layout_ROW_MAJOR_mapper_b82b244385ac_device_0.tensorbin
2026-09-03 03:49:41.608 | INFO     | tt_transformers.modules.lazy_weight:get_device_weight:120 - [32m[cache hit][0m Loading tensor from cache: /localdev/gwang/tt_transformers/model_cache/llama33_70b/T3K/mlp/layer50_w1_srcshape_8192_28672_dtype_BFLOAT8_B_layout_TILE_memcfg_1786057467681592545_mapper_660f4331f0f0_device_0.tensorbin
2026-09-03 03:49:41.623 | INFO     | tt_transformers.modules.lazy_weight:get_device_weight:120 - [32m[cache hit][0m Loading tensor from cache: /localdev/gwang/tt_transformers/model_cache/llama33_70b/T3K/mlp/layer50_w2_srcshape_28672_8192_dtype_BFLOAT8_B_layout_TILE_memcfg_906506041791331912_mapper_0cdd7bdaff6f_device_0.tensorbin
2026-09-03 03:49:41.636 | INFO     | tt_transformers.modules.lazy_weight:get_device_weight:120 - [32m[cache hit][0m Loading tensor from cache: /localdev/gwang/tt_transformers/model_cache/llama33_70b/T3K/mlp/layer50_w3_srcshape_8192_28672_dtype_BFLOAT8_B_layout_TILE_memcfg_1786057467681592545_mapper_660f4331f0f0_device_0.tensorbin
2026-09-03 03:49:41.652 | INFO     | tt_transformers.modules.lazy_weight:get_device_weight:120 - [32m[cache hit][0m Loading tensor from cache: /localdev/gwang/tt_transformers/model_cache/llama33_70b/T3K/norm/layer51_pre_attn_srcshape_1_1_256_32_dtype_BFLOAT16_layout_ROW_MAJOR_mapper_241585d9fe31_device_0.tensorbin
2026-09-03 03:49:41.652 | INFO     | tt_transformers.modules.lazy_weight:get_device_weight:120 - [32m[cache hit][0m Loading tensor from cache: /localdev/gwang/tt_transformers/model_cache/llama33_70b/T3K/norm/layer51_pre_attn_srcshape_1_1_256_32_dtype_BFLOAT16_layout_ROW_MAJOR_mapper_b82b244385ac_device_0.tensorbin
2026-09-03 03:49:41.652 | INFO     | tt_transformers.modules.lazy_weight:get_device_weight:120 - [32m[cache hit][0m Loading tensor from cache: /localdev/gwang/tt_transformers/model_cache/llama33_70b/T3K/attn/layer51_wqkv_srcshape_1_1_8192_10240_dtype_BFLOAT8_B_layout_TILE_memcfg_663972112453010226_mapper_660f4331f0f0_device_0.tensorbin
2026-09-03 03:49:41.658 | INFO     | tt_transformers.modules.lazy_weight:get_device_weight:120 - [32m[cache hit][0m Loading tensor from cache: /localdev/gwang/tt_transformers/model_cache/llama33_70b/T3K/attn/layer51_wo_srcshape_1_1_8192_8192_dtype_BFLOAT8_B_layout_TILE_mapper_660f4331f0f0_device_0.tensorbin
2026-09-03 03:49:41.664 | INFO     | tt_transformers.modules.lazy_weight:get_device_weight:120 - [32m[cache hit][0m Loading tensor from cache: /localdev/gwang/tt_transformers/model_cache/llama33_70b/T3K/norm/layer51_post_attn_srcshape_1_1_256_32_dtype_BFLOAT16_layout_ROW_MAJOR_mapper_241585d9fe31_device_0.tensorbin
2026-09-03 03:49:41.664 | INFO     | tt_transformers.modules.lazy_weight:get_device_weight:120 - [32m[cache hit][0m Loading tensor from cache: /localdev/gwang/tt_transformers/model_cache/llama33_70b/T3K/norm/layer51_post_attn_srcshape_1_1_256_32_dtype_BFLOAT16_layout_ROW_MAJOR_mapper_b82b244385ac_device_0.tensorbin
2026-09-03 03:49:41.665 | INFO     | tt_transformers.modules.lazy_weight:get_device_weight:120 - [32m[cache hit][0m Loading tensor from cache: /localdev/gwang/tt_transformers/model_cache/llama33_70b/T3K/mlp/layer51_w1_srcshape_8192_28672_dtype_BFLOAT8_B_layout_TILE_memcfg_1786057467681592545_mapper_660f4331f0f0_device_0.tensorbin
2026-09-03 03:49:41.678 | INFO     | tt_transformers.modules.lazy_weight:get_device_weight:120 - [32m[cache hit][0m Loading tensor from cache: /localdev/gwang/tt_transformers/model_cache/llama33_70b/T3K/mlp/layer51_w2_srcshape_28672_8192_dtype_BFLOAT8_B_layout_TILE_memcfg_906506041791331912_mapper_0cdd7bdaff6f_device_0.tensorbin
2026-09-03 03:49:41.692 | INFO     | tt_transformers.modules.lazy_weight:get_device_weight:120 - [32m[cache hit][0m Loading tensor from cache: /localdev/gwang/tt_transformers/model_cache/llama33_70b/T3K/mlp/layer51_w3_srcshape_8192_28672_dtype_BFLOAT8_B_layout_TILE_memcfg_1786057467681592545_mapper_660f4331f0f0_device_0.tensorbin
2026-09-03 03:49:41.707 | INFO     | tt_transformers.modules.lazy_weight:get_device_weight:120 - [32m[cache hit][0m Loading tensor from cache: /localdev/gwang/tt_transformers/model_cache/llama33_70b/T3K/norm/layer52_pre_attn_srcshape_1_1_256_32_dtype_BFLOAT16_layout_ROW_MAJOR_mapper_241585d9fe31_device_0.tensorbin
2026-09-03 03:49:41.707 | INFO     | tt_transformers.modules.lazy_weight:get_device_weight:120 - [32m[cache hit][0m Loading tensor from cache: /localdev/gwang/tt_transformers/model_cache/llama33_70b/T3K/norm/layer52_pre_attn_srcshape_1_1_256_32_dtype_BFLOAT16_layout_ROW_MAJOR_mapper_b82b244385ac_device_0.tensorbin
2026-09-03 03:49:41.708 | INFO     | tt_transformers.modules.lazy_weight:get_device_weight:120 - [32m[cache hit][0m Loading tensor from cache: /localdev/gwang/tt_transformers/model_cache/llama33_70b/T3K/attn/layer52_wqkv_srcshape_1_1_8192_10240_dtype_BFLOAT8_B_layout_TILE_memcfg_663972112453010226_mapper_660f4331f0f0_device_0.tensorbin
2026-09-03 03:49:41.713 | INFO     | tt_transformers.modules.lazy_weight:get_device_weight:120 - [32m[cache hit][0m Loading tensor from cache: /localdev/gwang/tt_transformers/model_cache/llama33_70b/T3K/attn/layer52_wo_srcshape_1_1_8192_8192_dtype_BFLOAT8_B_layout_TILE_mapper_660f4331f0f0_device_0.tensorbin
2026-09-03 03:49:41.719 | INFO     | tt_transformers.modules.lazy_weight:get_device_weight:120 - [32m[cache hit][0m Loading tensor from cache: /localdev/gwang/tt_transformers/model_cache/llama33_70b/T3K/norm/layer52_post_attn_srcshape_1_1_256_32_dtype_BFLOAT16_layout_ROW_MAJOR_mapper_241585d9fe31_device_0.tensorbin
2026-09-03 03:49:41.719 | INFO     | tt_transformers.modules.lazy_weight:get_device_weight:120 - [32m[cache hit][0m Loading tensor from cache: /localdev/gwang/tt_transformers/model_cache/llama33_70b/T3K/norm/layer52_post_attn_srcshape_1_1_256_32_dtype_BFLOAT16_layout_ROW_MAJOR_mapper_b82b244385ac_device_0.tensorbin
2026-09-03 03:49:41.720 | INFO     | tt_transformers.modules.lazy_weight:get_device_weight:120 - [32m[cache hit][0m Loading tensor from cache: /localdev/gwang/tt_transformers/model_cache/llama33_70b/T3K/mlp/layer52_w1_srcshape_8192_28672_dtype_BFLOAT8_B_layout_TILE_memcfg_1786057467681592545_mapper_660f4331f0f0_device_0.tensorbin
2026-09-03 03:49:41.733 | INFO     | tt_transformers.modules.lazy_weight:get_device_weight:120 - [32m[cache hit][0m Loading tensor from cache: /localdev/gwang/tt_transformers/model_cache/llama33_70b/T3K/mlp/layer52_w2_srcshape_28672_8192_dtype_BFLOAT8_B_layout_TILE_memcfg_906506041791331912_mapper_0cdd7bdaff6f_device_0.tensorbin
2026-09-03 03:49:41.747 | INFO     | tt_transformers.modules.lazy_weight:get_device_weight:120 - [32m[cache hit][0m Loading tensor from cache: /localdev/gwang/tt_transformers/model_cache/llama33_70b/T3K/mlp/layer52_w3_srcshape_8192_28672_dtype_BFLOAT8_B_layout_TILE_memcfg_1786057467681592545_mapper_660f4331f0f0_device_0.tensorbin
2026-09-03 03:49:41.765 | INFO     | tt_transformers.modules.lazy_weight:get_device_weight:120 - [32m[cache hit][0m Loading tensor from cache: /localdev/gwang/tt_transformers/model_cache/llama33_70b/T3K/norm/layer53_pre_attn_srcshape_1_1_256_32_dtype_BFLOAT16_layout_ROW_MAJOR_mapper_241585d9fe31_device_0.tensorbin
2026-09-03 03:49:41.765 | INFO     | tt_transformers.modules.lazy_weight:get_device_weight:120 - [32m[cache hit][0m Loading tensor from cache: /localdev/gwang/tt_transformers/model_cache/llama33_70b/T3K/norm/layer53_pre_attn_srcshape_1_1_256_32_dtype_BFLOAT16_layout_ROW_MAJOR_mapper_b82b244385ac_device_0.tensorbin
2026-09-03 03:49:41.765 | INFO     | tt_transformers.modules.lazy_weight:get_device_weight:120 - [32m[cache hit][0m Loading tensor from cache: /localdev/gwang/tt_transformers/model_cache/llama33_70b/T3K/attn/layer53_wqkv_srcshape_1_1_8192_10240_dtype_BFLOAT8_B_layout_TILE_memcfg_663972112453010226_mapper_660f4331f0f0_device_0.tensorbin
2026-09-03 03:49:41.772 | INFO     | tt_transformers.modules.lazy_weight:get_device_weight:120 - [32m[cache hit][0m Loading tensor from cache: /localdev/gwang/tt_transformers/model_cache/llama33_70b/T3K/attn/layer53_wo_srcshape_1_1_8192_8192_dtype_BFLOAT8_B_layout_TILE_mapper_660f4331f0f0_device_0.tensorbin
2026-09-03 03:49:41.777 | INFO     | tt_transformers.modules.lazy_weight:get_device_weight:120 - [32m[cache hit][0m Loading tensor from cache: /localdev/gwang/tt_transformers/model_cache/llama33_70b/T3K/norm/layer53_post_attn_srcshape_1_1_256_32_dtype_BFLOAT16_layout_ROW_MAJOR_mapper_241585d9fe31_device_0.tensorbin
2026-09-03 03:49:41.778 | INFO     | tt_transformers.modules.lazy_weight:get_device_weight:120 - [32m[cache hit][0m Loading tensor from cache: /localdev/gwang/tt_transformers/model_cache/llama33_70b/T3K/norm/layer53_post_attn_srcshape_1_1_256_32_dtype_BFLOAT16_layout_ROW_MAJOR_mapper_b82b244385ac_device_0.tensorbin
2026-09-03 03:49:41.778 | INFO     | tt_transformers.modules.lazy_weight:get_device_weight:120 - [32m[cache hit][0m Loading tensor from cache: /localdev/gwang/tt_transformers/model_cache/llama33_70b/T3K/mlp/layer53_w1_srcshape_8192_28672_dtype_BFLOAT8_B_layout_TILE_memcfg_1786057467681592545_mapper_660f4331f0f0_device_0.tensorbin
2026-09-03 03:49:41.792 | INFO     | tt_transformers.modules.lazy_weight:get_device_weight:120 - [32m[cache hit][0m Loading tensor from cache: /localdev/gwang/tt_transformers/model_cache/llama33_70b/T3K/mlp/layer53_w2_srcshape_28672_8192_dtype_BFLOAT8_B_layout_TILE_memcfg_906506041791331912_mapper_0cdd7bdaff6f_device_0.tensorbin
2026-09-03 03:49:41.805 | INFO     | tt_transformers.modules.lazy_weight:get_device_weight:120 - [32m[cache hit][0m Loading tensor from cache: /localdev/gwang/tt_transformers/model_cache/llama33_70b/T3K/mlp/layer53_w3_srcshape_8192_28672_dtype_BFLOAT8_B_layout_TILE_memcfg_1786057467681592545_mapper_660f4331f0f0_device_0.tensorbin
2026-09-03 03:49:41.820 | INFO     | tt_transformers.modules.lazy_weight:get_device_weight:120 - [32m[cache hit][0m Loading tensor from cache: /localdev/gwang/tt_transformers/model_cache/llama33_70b/T3K/norm/layer54_pre_attn_srcshape_1_1_256_32_dtype_BFLOAT16_layout_ROW_MAJOR_mapper_241585d9fe31_device_0.tensorbin
2026-09-03 03:49:41.821 | INFO     | tt_transformers.modules.lazy_weight:get_device_weight:120 - [32m[cache hit][0m Loading tensor from cache: /localdev/gwang/tt_transformers/model_cache/llama33_70b/T3K/norm/layer54_pre_attn_srcshape_1_1_256_32_dtype_BFLOAT16_layout_ROW_MAJOR_mapper_b82b244385ac_device_0.tensorbin
2026-09-03 03:49:41.821 | INFO     | tt_transformers.modules.lazy_weight:get_device_weight:120 - [32m[cache hit][0m Loading tensor from cache: /localdev/gwang/tt_transformers/model_cache/llama33_70b/T3K/attn/layer54_wqkv_srcshape_1_1_8192_10240_dtype_BFLOAT8_B_layout_TILE_memcfg_663972112453010226_mapper_660f4331f0f0_device_0.tensorbin
2026-09-03 03:49:41.826 | INFO     | tt_transformers.modules.lazy_weight:get_device_weight:120 - [32m[cache hit][0m Loading tensor from cache: /localdev/gwang/tt_transformers/model_cache/llama33_70b/T3K/attn/layer54_wo_srcshape_1_1_8192_8192_dtype_BFLOAT8_B_layout_TILE_mapper_660f4331f0f0_device_0.tensorbin
2026-09-03 03:49:41.831 | INFO     | tt_transformers.modules.lazy_weight:get_device_weight:120 - [32m[cache hit][0m Loading tensor from cache: /localdev/gwang/tt_transformers/model_cache/llama33_70b/T3K/norm/layer54_post_attn_srcshape_1_1_256_32_dtype_BFLOAT16_layout_ROW_MAJOR_mapper_241585d9fe31_device_0.tensorbin
2026-09-03 03:49:41.832 | INFO     | tt_transformers.modules.lazy_weight:get_device_weight:120 - [32m[cache hit][0m Loading tensor from cache: /localdev/gwang/tt_transformers/model_cache/llama33_70b/T3K/norm/layer54_post_attn_srcshape_1_1_256_32_dtype_BFLOAT16_layout_ROW_MAJOR_mapper_b82b244385ac_device_0.tensorbin
2026-09-03 03:49:41.832 | INFO     | tt_transformers.modules.lazy_weight:get_device_weight:120 - [32m[cache hit][0m Loading tensor from cache: /localdev/gwang/tt_transformers/model_cache/llama33_70b/T3K/mlp/layer54_w1_srcshape_8192_28672_dtype_BFLOAT8_B_layout_TILE_memcfg_1786057467681592545_mapper_660f4331f0f0_device_0.tensorbin
2026-09-03 03:49:41.846 | INFO     | tt_transformers.modules.lazy_weight:get_device_weight:120 - [32m[cache hit][0m Loading tensor from cache: /localdev/gwang/tt_transformers/model_cache/llama33_70b/T3K/mlp/layer54_w2_srcshape_28672_8192_dtype_BFLOAT8_B_layout_TILE_memcfg_906506041791331912_mapper_0cdd7bdaff6f_device_0.tensorbin
2026-09-03 03:49:41.857 | INFO     | tt_transformers.modules.lazy_weight:get_device_weight:120 - [32m[cache hit][0m Loading tensor from cache: /localdev/gwang/tt_transformers/model_cache/llama33_70b/T3K/mlp/layer54_w3_srcshape_8192_28672_dtype_BFLOAT8_B_layout_TILE_memcfg_1786057467681592545_mapper_660f4331f0f0_device_0.tensorbin
2026-09-03 03:49:41.873 | INFO     | tt_transformers.modules.lazy_weight:get_device_weight:120 - [32m[cache hit][0m Loading tensor from cache: /localdev/gwang/tt_transformers/model_cache/llama33_70b/T3K/norm/layer55_pre_attn_srcshape_1_1_256_32_dtype_BFLOAT16_layout_ROW_MAJOR_mapper_241585d9fe31_device_0.tensorbin
2026-09-03 03:49:41.874 | INFO     | tt_transformers.modules.lazy_weight:get_device_weight:120 - [32m[cache hit][0m Loading tensor from cache: /localdev/gwang/tt_transformers/model_cache/llama33_70b/T3K/norm/layer55_pre_attn_srcshape_1_1_256_32_dtype_BFLOAT16_layout_ROW_MAJOR_mapper_b82b244385ac_device_0.tensorbin
2026-09-03 03:49:41.874 | INFO     | tt_transformers.modules.lazy_weight:get_device_weight:120 - [32m[cache hit][0m Loading tensor from cache: /localdev/gwang/tt_transformers/model_cache/llama33_70b/T3K/attn/layer55_wqkv_srcshape_1_1_8192_10240_dtype_BFLOAT8_B_layout_TILE_memcfg_663972112453010226_mapper_660f4331f0f0_device_0.tensorbin
2026-09-03 03:49:41.878 | INFO     | tt_transformers.modules.lazy_weight:get_device_weight:120 - [32m[cache hit][0m Loading tensor from cache: /localdev/gwang/tt_transformers/model_cache/llama33_70b/T3K/attn/layer55_wo_srcshape_1_1_8192_8192_dtype_BFLOAT8_B_layout_TILE_mapper_660f4331f0f0_device_0.tensorbin
2026-09-03 03:49:41.884 | INFO     | tt_transformers.modules.lazy_weight:get_device_weight:120 - [32m[cache hit][0m Loading tensor from cache: /localdev/gwang/tt_transformers/model_cache/llama33_70b/T3K/norm/layer55_post_attn_srcshape_1_1_256_32_dtype_BFLOAT16_layout_ROW_MAJOR_mapper_241585d9fe31_device_0.tensorbin
2026-09-03 03:49:41.884 | INFO     | tt_transformers.modules.lazy_weight:get_device_weight:120 - [32m[cache hit][0m Loading tensor from cache: /localdev/gwang/tt_transformers/model_cache/llama33_70b/T3K/norm/layer55_post_attn_srcshape_1_1_256_32_dtype_BFLOAT16_layout_ROW_MAJOR_mapper_b82b244385ac_device_0.tensorbin
2026-09-03 03:49:41.885 | INFO     | tt_transformers.modules.lazy_weight:get_device_weight:120 - [32m[cache hit][0m Loading tensor from cache: /localdev/gwang/tt_transformers/model_cache/llama33_70b/T3K/mlp/layer55_w1_srcshape_8192_28672_dtype_BFLOAT8_B_layout_TILE_memcfg_1786057467681592545_mapper_660f4331f0f0_device_0.tensorbin
2026-09-03 03:49:41.898 | INFO     | tt_transformers.modules.lazy_weight:get_device_weight:120 - [32m[cache hit][0m Loading tensor from cache: /localdev/gwang/tt_transformers/model_cache/llama33_70b/T3K/mlp/layer55_w2_srcshape_28672_8192_dtype_BFLOAT8_B_layout_TILE_memcfg_906506041791331912_mapper_0cdd7bdaff6f_device_0.tensorbin
2026-09-03 03:49:41.911 | INFO     | tt_transformers.modules.lazy_weight:get_device_weight:120 - [32m[cache hit][0m Loading tensor from cache: /localdev/gwang/tt_transformers/model_cache/llama33_70b/T3K/mlp/layer55_w3_srcshape_8192_28672_dtype_BFLOAT8_B_layout_TILE_memcfg_1786057467681592545_mapper_660f4331f0f0_device_0.tensorbin
2026-09-03 03:49:41.928 | INFO     | tt_transformers.modules.lazy_weight:get_device_weight:120 - [32m[cache hit][0m Loading tensor from cache: /localdev/gwang/tt_transformers/model_cache/llama33_70b/T3K/norm/layer56_pre_attn_srcshape_1_1_256_32_dtype_BFLOAT16_layout_ROW_MAJOR_mapper_241585d9fe31_device_0.tensorbin
2026-09-03 03:49:41.928 | INFO     | tt_transformers.modules.lazy_weight:get_device_weight:120 - [32m[cache hit][0m Loading tensor from cache: /localdev/gwang/tt_transformers/model_cache/llama33_70b/T3K/norm/layer56_pre_attn_srcshape_1_1_256_32_dtype_BFLOAT16_layout_ROW_MAJOR_mapper_b82b244385ac_device_0.tensorbin
2026-09-03 03:49:41.929 | INFO     | tt_transformers.modules.lazy_weight:get_device_weight:120 - [32m[cache hit][0m Loading tensor from cache: /localdev/gwang/tt_transformers/model_cache/llama33_70b/T3K/attn/layer56_wqkv_srcshape_1_1_8192_10240_dtype_BFLOAT8_B_layout_TILE_memcfg_663972112453010226_mapper_660f4331f0f0_device_0.tensorbin
2026-09-03 03:49:41.934 | INFO     | tt_transformers.modules.lazy_weight:get_device_weight:120 - [32m[cache hit][0m Loading tensor from cache: /localdev/gwang/tt_transformers/model_cache/llama33_70b/T3K/attn/layer56_wo_srcshape_1_1_8192_8192_dtype_BFLOAT8_B_layout_TILE_mapper_660f4331f0f0_device_0.tensorbin
2026-09-03 03:49:41.940 | INFO     | tt_transformers.modules.lazy_weight:get_device_weight:120 - [32m[cache hit][0m Loading tensor from cache: /localdev/gwang/tt_transformers/model_cache/llama33_70b/T3K/norm/layer56_post_attn_srcshape_1_1_256_32_dtype_BFLOAT16_layout_ROW_MAJOR_mapper_241585d9fe31_device_0.tensorbin
2026-09-03 03:49:41.941 | INFO     | tt_transformers.modules.lazy_weight:get_device_weight:120 - [32m[cache hit][0m Loading tensor from cache: /localdev/gwang/tt_transformers/model_cache/llama33_70b/T3K/norm/layer56_post_attn_srcshape_1_1_256_32_dtype_BFLOAT16_layout_ROW_MAJOR_mapper_b82b244385ac_device_0.tensorbin
2026-09-03 03:49:41.941 | INFO     | tt_transformers.modules.lazy_weight:get_device_weight:120 - [32m[cache hit][0m Loading tensor from cache: /localdev/gwang/tt_transformers/model_cache/llama33_70b/T3K/mlp/layer56_w1_srcshape_8192_28672_dtype_BFLOAT8_B_layout_TILE_memcfg_1786057467681592545_mapper_660f4331f0f0_device_0.tensorbin
2026-09-03 03:49:41.956 | INFO     | tt_transformers.modules.lazy_weight:get_device_weight:120 - [32m[cache hit][0m Loading tensor from cache: /localdev/gwang/tt_transformers/model_cache/llama33_70b/T3K/mlp/layer56_w2_srcshape_28672_8192_dtype_BFLOAT8_B_layout_TILE_memcfg_906506041791331912_mapper_0cdd7bdaff6f_device_0.tensorbin
2026-09-03 03:49:41.969 | INFO     | tt_transformers.modules.lazy_weight:get_device_weight:120 - [32m[cache hit][0m Loading tensor from cache: /localdev/gwang/tt_transformers/model_cache/llama33_70b/T3K/mlp/layer56_w3_srcshape_8192_28672_dtype_BFLOAT8_B_layout_TILE_memcfg_1786057467681592545_mapper_660f4331f0f0_device_0.tensorbin
2026-09-03 03:49:41.985 | INFO     | tt_transformers.modules.lazy_weight:get_device_weight:120 - [32m[cache hit][0m Loading tensor from cache: /localdev/gwang/tt_transformers/model_cache/llama33_70b/T3K/norm/layer57_pre_attn_srcshape_1_1_256_32_dtype_BFLOAT16_layout_ROW_MAJOR_mapper_241585d9fe31_device_0.tensorbin
2026-09-03 03:49:41.985 | INFO     | tt_transformers.modules.lazy_weight:get_device_weight:120 - [32m[cache hit][0m Loading tensor from cache: /localdev/gwang/tt_transformers/model_cache/llama33_70b/T3K/norm/layer57_pre_attn_srcshape_1_1_256_32_dtype_BFLOAT16_layout_ROW_MAJOR_mapper_b82b244385ac_device_0.tensorbin
2026-09-03 03:49:41.985 | INFO     | tt_transformers.modules.lazy_weight:get_device_weight:120 - [32m[cache hit][0m Loading tensor from cache: /localdev/gwang/tt_transformers/model_cache/llama33_70b/T3K/attn/layer57_wqkv_srcshape_1_1_8192_10240_dtype_BFLOAT8_B_layout_TILE_memcfg_663972112453010226_mapper_660f4331f0f0_device_0.tensorbin
2026-09-03 03:49:41.991 | INFO     | tt_transformers.modules.lazy_weight:get_device_weight:120 - [32m[cache hit][0m Loading tensor from cache: /localdev/gwang/tt_transformers/model_cache/llama33_70b/T3K/attn/layer57_wo_srcshape_1_1_8192_8192_dtype_BFLOAT8_B_layout_TILE_mapper_660f4331f0f0_device_0.tensorbin
2026-09-03 03:49:41.997 | INFO     | tt_transformers.modules.lazy_weight:get_device_weight:120 - [32m[cache hit][0m Loading tensor from cache: /localdev/gwang/tt_transformers/model_cache/llama33_70b/T3K/norm/layer57_post_attn_srcshape_1_1_256_32_dtype_BFLOAT16_layout_ROW_MAJOR_mapper_241585d9fe31_device_0.tensorbin
2026-09-03 03:49:41.997 | INFO     | tt_transformers.modules.lazy_weight:get_device_weight:120 - [32m[cache hit][0m Loading tensor from cache: /localdev/gwang/tt_transformers/model_cache/llama33_70b/T3K/norm/layer57_post_attn_srcshape_1_1_256_32_dtype_BFLOAT16_layout_ROW_MAJOR_mapper_b82b244385ac_device_0.tensorbin
2026-09-03 03:49:41.998 | INFO     | tt_transformers.modules.lazy_weight:get_device_weight:120 - [32m[cache hit][0m Loading tensor from cache: /localdev/gwang/tt_transformers/model_cache/llama33_70b/T3K/mlp/layer57_w1_srcshape_8192_28672_dtype_BFLOAT8_B_layout_TILE_memcfg_1786057467681592545_mapper_660f4331f0f0_device_0.tensorbin
2026-09-03 03:49:42.013 | INFO     | tt_transformers.modules.lazy_weight:get_device_weight:120 - [32m[cache hit][0m Loading tensor from cache: /localdev/gwang/tt_transformers/model_cache/llama33_70b/T3K/mlp/layer57_w2_srcshape_28672_8192_dtype_BFLOAT8_B_layout_TILE_memcfg_906506041791331912_mapper_0cdd7bdaff6f_device_0.tensorbin
2026-09-03 03:49:42.027 | INFO     | tt_transformers.modules.lazy_weight:get_device_weight:120 - [32m[cache hit][0m Loading tensor from cache: /localdev/gwang/tt_transformers/model_cache/llama33_70b/T3K/mlp/layer57_w3_srcshape_8192_28672_dtype_BFLOAT8_B_layout_TILE_memcfg_1786057467681592545_mapper_660f4331f0f0_device_0.tensorbin
2026-09-03 03:49:42.042 | INFO     | tt_transformers.modules.lazy_weight:get_device_weight:120 - [32m[cache hit][0m Loading tensor from cache: /localdev/gwang/tt_transformers/model_cache/llama33_70b/T3K/norm/layer58_pre_attn_srcshape_1_1_256_32_dtype_BFLOAT16_layout_ROW_MAJOR_mapper_241585d9fe31_device_0.tensorbin
2026-09-03 03:49:42.042 | INFO     | tt_transformers.modules.lazy_weight:get_device_weight:120 - [32m[cache hit][0m Loading tensor from cache: /localdev/gwang/tt_transformers/model_cache/llama33_70b/T3K/norm/layer58_pre_attn_srcshape_1_1_256_32_dtype_BFLOAT16_layout_ROW_MAJOR_mapper_b82b244385ac_device_0.tensorbin
2026-09-03 03:49:42.043 | INFO     | tt_transformers.modules.lazy_weight:get_device_weight:120 - [32m[cache hit][0m Loading tensor from cache: /localdev/gwang/tt_transformers/model_cache/llama33_70b/T3K/attn/layer58_wqkv_srcshape_1_1_8192_10240_dtype_BFLOAT8_B_layout_TILE_memcfg_663972112453010226_mapper_660f4331f0f0_device_0.tensorbin
2026-09-03 03:49:42.048 | INFO     | tt_transformers.modules.lazy_weight:get_device_weight:120 - [32m[cache hit][0m Loading tensor from cache: /localdev/gwang/tt_transformers/model_cache/llama33_70b/T3K/attn/layer58_wo_srcshape_1_1_8192_8192_dtype_BFLOAT8_B_layout_TILE_mapper_660f4331f0f0_device_0.tensorbin
2026-09-03 03:49:42.054 | INFO     | tt_transformers.modules.lazy_weight:get_device_weight:120 - [32m[cache hit][0m Loading tensor from cache: /localdev/gwang/tt_transformers/model_cache/llama33_70b/T3K/norm/layer58_post_attn_srcshape_1_1_256_32_dtype_BFLOAT16_layout_ROW_MAJOR_mapper_241585d9fe31_device_0.tensorbin
2026-09-03 03:49:42.054 | INFO     | tt_transformers.modules.lazy_weight:get_device_weight:120 - [32m[cache hit][0m Loading tensor from cache: /localdev/gwang/tt_transformers/model_cache/llama33_70b/T3K/norm/layer58_post_attn_srcshape_1_1_256_32_dtype_BFLOAT16_layout_ROW_MAJOR_mapper_b82b244385ac_device_0.tensorbin
2026-09-03 03:49:42.055 | INFO     | tt_transformers.modules.lazy_weight:get_device_weight:120 - [32m[cache hit][0m Loading tensor from cache: /localdev/gwang/tt_transformers/model_cache/llama33_70b/T3K/mlp/layer58_w1_srcshape_8192_28672_dtype_BFLOAT8_B_layout_TILE_memcfg_1786057467681592545_mapper_660f4331f0f0_device_0.tensorbin
2026-09-03 03:49:42.068 | INFO     | tt_transformers.modules.lazy_weight:get_device_weight:120 - [32m[cache hit][0m Loading tensor from cache: /localdev/gwang/tt_transformers/model_cache/llama33_70b/T3K/mlp/layer58_w2_srcshape_28672_8192_dtype_BFLOAT8_B_layout_TILE_memcfg_906506041791331912_mapper_0cdd7bdaff6f_device_0.tensorbin
2026-09-03 03:49:42.080 | INFO     | tt_transformers.modules.lazy_weight:get_device_weight:120 - [32m[cache hit][0m Loading tensor from cache: /localdev/gwang/tt_transformers/model_cache/llama33_70b/T3K/mlp/layer58_w3_srcshape_8192_28672_dtype_BFLOAT8_B_layout_TILE_memcfg_1786057467681592545_mapper_660f4331f0f0_device_0.tensorbin
2026-09-03 03:49:42.094 | INFO     | tt_transformers.modules.lazy_weight:get_device_weight:120 - [32m[cache hit][0m Loading tensor from cache: /localdev/gwang/tt_transformers/model_cache/llama33_70b/T3K/norm/layer59_pre_attn_srcshape_1_1_256_32_dtype_BFLOAT16_layout_ROW_MAJOR_mapper_241585d9fe31_device_0.tensorbin
2026-09-03 03:49:42.094 | INFO     | tt_transformers.modules.lazy_weight:get_device_weight:120 - [32m[cache hit][0m Loading tensor from cache: /localdev/gwang/tt_transformers/model_cache/llama33_70b/T3K/norm/layer59_pre_attn_srcshape_1_1_256_32_dtype_BFLOAT16_layout_ROW_MAJOR_mapper_b82b244385ac_device_0.tensorbin
2026-09-03 03:49:42.094 | INFO     | tt_transformers.modules.lazy_weight:get_device_weight:120 - [32m[cache hit][0m Loading tensor from cache: /localdev/gwang/tt_transformers/model_cache/llama33_70b/T3K/attn/layer59_wqkv_srcshape_1_1_8192_10240_dtype_BFLOAT8_B_layout_TILE_memcfg_663972112453010226_mapper_660f4331f0f0_device_0.tensorbin
2026-09-03 03:49:42.099 | INFO     | tt_transformers.modules.lazy_weight:get_device_weight:120 - [32m[cache hit][0m Loading tensor from cache: /localdev/gwang/tt_transformers/model_cache/llama33_70b/T3K/attn/layer59_wo_srcshape_1_1_8192_8192_dtype_BFLOAT8_B_layout_TILE_mapper_660f4331f0f0_device_0.tensorbin
2026-09-03 03:49:42.105 | INFO     | tt_transformers.modules.lazy_weight:get_device_weight:120 - [32m[cache hit][0m Loading tensor from cache: /localdev/gwang/tt_transformers/model_cache/llama33_70b/T3K/norm/layer59_post_attn_srcshape_1_1_256_32_dtype_BFLOAT16_layout_ROW_MAJOR_mapper_241585d9fe31_device_0.tensorbin
2026-09-03 03:49:42.105 | INFO     | tt_transformers.modules.lazy_weight:get_device_weight:120 - [32m[cache hit][0m Loading tensor from cache: /localdev/gwang/tt_transformers/model_cache/llama33_70b/T3K/norm/layer59_post_attn_srcshape_1_1_256_32_dtype_BFLOAT16_layout_ROW_MAJOR_mapper_b82b244385ac_device_0.tensorbin
2026-09-03 03:49:42.106 | INFO     | tt_transformers.modules.lazy_weight:get_device_weight:120 - [32m[cache hit][0m Loading tensor from cache: /localdev/gwang/tt_transformers/model_cache/llama33_70b/T3K/mlp/layer59_w1_srcshape_8192_28672_dtype_BFLOAT8_B_layout_TILE_memcfg_1786057467681592545_mapper_660f4331f0f0_device_0.tensorbin
2026-09-03 03:49:42.118 | INFO     | tt_transformers.modules.lazy_weight:get_device_weight:120 - [32m[cache hit][0m Loading tensor from cache: /localdev/gwang/tt_transformers/model_cache/llama33_70b/T3K/mlp/layer59_w2_srcshape_28672_8192_dtype_BFLOAT8_B_layout_TILE_memcfg_906506041791331912_mapper_0cdd7bdaff6f_device_0.tensorbin
2026-09-03 03:49:42.131 | INFO     | tt_transformers.modules.lazy_weight:get_device_weight:120 - [32m[cache hit][0m Loading tensor from cache: /localdev/gwang/tt_transformers/model_cache/llama33_70b/T3K/mlp/layer59_w3_srcshape_8192_28672_dtype_BFLOAT8_B_layout_TILE_memcfg_1786057467681592545_mapper_660f4331f0f0_device_0.tensorbin
2026-09-03 03:49:42.145 | INFO     | tt_transformers.modules.lazy_weight:get_device_weight:120 - [32m[cache hit][0m Loading tensor from cache: /localdev/gwang/tt_transformers/model_cache/llama33_70b/T3K/norm/layer60_pre_attn_srcshape_1_1_256_32_dtype_BFLOAT16_layout_ROW_MAJOR_mapper_241585d9fe31_device_0.tensorbin
2026-09-03 03:49:42.145 | INFO     | tt_transformers.modules.lazy_weight:get_device_weight:120 - [32m[cache hit][0m Loading tensor from cache: /localdev/gwang/tt_transformers/model_cache/llama33_70b/T3K/norm/layer60_pre_attn_srcshape_1_1_256_32_dtype_BFLOAT16_layout_ROW_MAJOR_mapper_b82b244385ac_device_0.tensorbin
2026-09-03 03:49:42.146 | INFO     | tt_transformers.modules.lazy_weight:get_device_weight:120 - [32m[cache hit][0m Loading tensor from cache: /localdev/gwang/tt_transformers/model_cache/llama33_70b/T3K/attn/layer60_wqkv_srcshape_1_1_8192_10240_dtype_BFLOAT8_B_layout_TILE_memcfg_663972112453010226_mapper_660f4331f0f0_device_0.tensorbin
2026-09-03 03:49:42.151 | INFO     | tt_transformers.modules.lazy_weight:get_device_weight:120 - [32m[cache hit][0m Loading tensor from cache: /localdev/gwang/tt_transformers/model_cache/llama33_70b/T3K/attn/layer60_wo_srcshape_1_1_8192_8192_dtype_BFLOAT8_B_layout_TILE_mapper_660f4331f0f0_device_0.tensorbin
2026-09-03 03:49:42.157 | INFO     | tt_transformers.modules.lazy_weight:get_device_weight:120 - [32m[cache hit][0m Loading tensor from cache: /localdev/gwang/tt_transformers/model_cache/llama33_70b/T3K/norm/layer60_post_attn_srcshape_1_1_256_32_dtype_BFLOAT16_layout_ROW_MAJOR_mapper_241585d9fe31_device_0.tensorbin
2026-09-03 03:49:42.157 | INFO     | tt_transformers.modules.lazy_weight:get_device_weight:120 - [32m[cache hit][0m Loading tensor from cache: /localdev/gwang/tt_transformers/model_cache/llama33_70b/T3K/norm/layer60_post_attn_srcshape_1_1_256_32_dtype_BFLOAT16_layout_ROW_MAJOR_mapper_b82b244385ac_device_0.tensorbin
2026-09-03 03:49:42.158 | INFO     | tt_transformers.modules.lazy_weight:get_device_weight:120 - [32m[cache hit][0m Loading tensor from cache: /localdev/gwang/tt_transformers/model_cache/llama33_70b/T3K/mlp/layer60_w1_srcshape_8192_28672_dtype_BFLOAT8_B_layout_TILE_memcfg_1786057467681592545_mapper_660f4331f0f0_device_0.tensorbin
2026-09-03 03:49:42.170 | INFO     | tt_transformers.modules.lazy_weight:get_device_weight:120 - [32m[cache hit][0m Loading tensor from cache: /localdev/gwang/tt_transformers/model_cache/llama33_70b/T3K/mlp/layer60_w2_srcshape_28672_8192_dtype_BFLOAT8_B_layout_TILE_memcfg_906506041791331912_mapper_0cdd7bdaff6f_device_0.tensorbin
2026-09-03 03:49:42.182 | INFO     | tt_transformers.modules.lazy_weight:get_device_weight:120 - [32m[cache hit][0m Loading tensor from cache: /localdev/gwang/tt_transformers/model_cache/llama33_70b/T3K/mlp/layer60_w3_srcshape_8192_28672_dtype_BFLOAT8_B_layout_TILE_memcfg_1786057467681592545_mapper_660f4331f0f0_device_0.tensorbin
2026-09-03 03:49:42.197 | INFO     | tt_transformers.modules.lazy_weight:get_device_weight:120 - [32m[cache hit][0m Loading tensor from cache: /localdev/gwang/tt_transformers/model_cache/llama33_70b/T3K/norm/layer61_pre_attn_srcshape_1_1_256_32_dtype_BFLOAT16_layout_ROW_MAJOR_mapper_241585d9fe31_device_0.tensorbin
2026-09-03 03:49:42.198 | INFO     | tt_transformers.modules.lazy_weight:get_device_weight:120 - [32m[cache hit][0m Loading tensor from cache: /localdev/gwang/tt_transformers/model_cache/llama33_70b/T3K/norm/layer61_pre_attn_srcshape_1_1_256_32_dtype_BFLOAT16_layout_ROW_MAJOR_mapper_b82b244385ac_device_0.tensorbin
2026-09-03 03:49:42.198 | INFO     | tt_transformers.modules.lazy_weight:get_device_weight:120 - [32m[cache hit][0m Loading tensor from cache: /localdev/gwang/tt_transformers/model_cache/llama33_70b/T3K/attn/layer61_wqkv_srcshape_1_1_8192_10240_dtype_BFLOAT8_B_layout_TILE_memcfg_663972112453010226_mapper_660f4331f0f0_device_0.tensorbin
2026-09-03 03:49:42.203 | INFO     | tt_transformers.modules.lazy_weight:get_device_weight:120 - [32m[cache hit][0m Loading tensor from cache: /localdev/gwang/tt_transformers/model_cache/llama33_70b/T3K/attn/layer61_wo_srcshape_1_1_8192_8192_dtype_BFLOAT8_B_layout_TILE_mapper_660f4331f0f0_device_0.tensorbin
2026-09-03 03:49:42.208 | INFO     | tt_transformers.modules.lazy_weight:get_device_weight:120 - [32m[cache hit][0m Loading tensor from cache: /localdev/gwang/tt_transformers/model_cache/llama33_70b/T3K/norm/layer61_post_attn_srcshape_1_1_256_32_dtype_BFLOAT16_layout_ROW_MAJOR_mapper_241585d9fe31_device_0.tensorbin
2026-09-03 03:49:42.209 | INFO     | tt_transformers.modules.lazy_weight:get_device_weight:120 - [32m[cache hit][0m Loading tensor from cache: /localdev/gwang/tt_transformers/model_cache/llama33_70b/T3K/norm/layer61_post_attn_srcshape_1_1_256_32_dtype_BFLOAT16_layout_ROW_MAJOR_mapper_b82b244385ac_device_0.tensorbin
2026-09-03 03:49:42.209 | INFO     | tt_transformers.modules.lazy_weight:get_device_weight:120 - [32m[cache hit][0m Loading tensor from cache: /localdev/gwang/tt_transformers/model_cache/llama33_70b/T3K/mlp/layer61_w1_srcshape_8192_28672_dtype_BFLOAT8_B_layout_TILE_memcfg_1786057467681592545_mapper_660f4331f0f0_device_0.tensorbin
2026-09-03 03:49:42.221 | INFO     | tt_transformers.modules.lazy_weight:get_device_weight:120 - [32m[cache hit][0m Loading tensor from cache: /localdev/gwang/tt_transformers/model_cache/llama33_70b/T3K/mlp/layer61_w2_srcshape_28672_8192_dtype_BFLOAT8_B_layout_TILE_memcfg_906506041791331912_mapper_0cdd7bdaff6f_device_0.tensorbin
2026-09-03 03:49:42.232 | INFO     | tt_transformers.modules.lazy_weight:get_device_weight:120 - [32m[cache hit][0m Loading tensor from cache: /localdev/gwang/tt_transformers/model_cache/llama33_70b/T3K/mlp/layer61_w3_srcshape_8192_28672_dtype_BFLOAT8_B_layout_TILE_memcfg_1786057467681592545_mapper_660f4331f0f0_device_0.tensorbin
2026-09-03 03:49:42.247 | INFO     | tt_transformers.modules.lazy_weight:get_device_weight:120 - [32m[cache hit][0m Loading tensor from cache: /localdev/gwang/tt_transformers/model_cache/llama33_70b/T3K/norm/layer62_pre_attn_srcshape_1_1_256_32_dtype_BFLOAT16_layout_ROW_MAJOR_mapper_241585d9fe31_device_0.tensorbin
2026-09-03 03:49:42.247 | INFO     | tt_transformers.modules.lazy_weight:get_device_weight:120 - [32m[cache hit][0m Loading tensor from cache: /localdev/gwang/tt_transformers/model_cache/llama33_70b/T3K/norm/layer62_pre_attn_srcshape_1_1_256_32_dtype_BFLOAT16_layout_ROW_MAJOR_mapper_b82b244385ac_device_0.tensorbin
2026-09-03 03:49:42.247 | INFO     | tt_transformers.modules.lazy_weight:get_device_weight:120 - [32m[cache hit][0m Loading tensor from cache: /localdev/gwang/tt_transformers/model_cache/llama33_70b/T3K/attn/layer62_wqkv_srcshape_1_1_8192_10240_dtype_BFLOAT8_B_layout_TILE_memcfg_663972112453010226_mapper_660f4331f0f0_device_0.tensorbin
2026-09-03 03:49:42.253 | INFO     | tt_transformers.modules.lazy_weight:get_device_weight:120 - [32m[cache hit][0m Loading tensor from cache: /localdev/gwang/tt_transformers/model_cache/llama33_70b/T3K/attn/layer62_wo_srcshape_1_1_8192_8192_dtype_BFLOAT8_B_layout_TILE_mapper_660f4331f0f0_device_0.tensorbin
2026-09-03 03:49:42.260 | INFO     | tt_transformers.modules.lazy_weight:get_device_weight:120 - [32m[cache hit][0m Loading tensor from cache: /localdev/gwang/tt_transformers/model_cache/llama33_70b/T3K/norm/layer62_post_attn_srcshape_1_1_256_32_dtype_BFLOAT16_layout_ROW_MAJOR_mapper_241585d9fe31_device_0.tensorbin
2026-09-03 03:49:42.260 | INFO     | tt_transformers.modules.lazy_weight:get_device_weight:120 - [32m[cache hit][0m Loading tensor from cache: /localdev/gwang/tt_transformers/model_cache/llama33_70b/T3K/norm/layer62_post_attn_srcshape_1_1_256_32_dtype_BFLOAT16_layout_ROW_MAJOR_mapper_b82b244385ac_device_0.tensorbin
2026-09-03 03:49:42.260 | INFO     | tt_transformers.modules.lazy_weight:get_device_weight:120 - [32m[cache hit][0m Loading tensor from cache: /localdev/gwang/tt_transformers/model_cache/llama33_70b/T3K/mlp/layer62_w1_srcshape_8192_28672_dtype_BFLOAT8_B_layout_TILE_memcfg_1786057467681592545_mapper_660f4331f0f0_device_0.tensorbin
2026-09-03 03:49:42.273 | INFO     | tt_transformers.modules.lazy_weight:get_device_weight:120 - [32m[cache hit][0m Loading tensor from cache: /localdev/gwang/tt_transformers/model_cache/llama33_70b/T3K/mlp/layer62_w2_srcshape_28672_8192_dtype_BFLOAT8_B_layout_TILE_memcfg_906506041791331912_mapper_0cdd7bdaff6f_device_0.tensorbin
2026-09-03 03:49:42.286 | INFO     | tt_transformers.modules.lazy_weight:get_device_weight:120 - [32m[cache hit][0m Loading tensor from cache: /localdev/gwang/tt_transformers/model_cache/llama33_70b/T3K/mlp/layer62_w3_srcshape_8192_28672_dtype_BFLOAT8_B_layout_TILE_memcfg_1786057467681592545_mapper_660f4331f0f0_device_0.tensorbin
2026-09-03 03:49:42.298 | INFO     | tt_transformers.modules.lazy_weight:get_device_weight:120 - [32m[cache hit][0m Loading tensor from cache: /localdev/gwang/tt_transformers/model_cache/llama33_70b/T3K/norm/layer63_pre_attn_srcshape_1_1_256_32_dtype_BFLOAT16_layout_ROW_MAJOR_mapper_241585d9fe31_device_0.tensorbin
2026-09-03 03:49:42.299 | INFO     | tt_transformers.modules.lazy_weight:get_device_weight:120 - [32m[cache hit][0m Loading tensor from cache: /localdev/gwang/tt_transformers/model_cache/llama33_70b/T3K/norm/layer63_pre_attn_srcshape_1_1_256_32_dtype_BFLOAT16_layout_ROW_MAJOR_mapper_b82b244385ac_device_0.tensorbin
2026-09-03 03:49:42.299 | INFO     | tt_transformers.modules.lazy_weight:get_device_weight:120 - [32m[cache hit][0m Loading tensor from cache: /localdev/gwang/tt_transformers/model_cache/llama33_70b/T3K/attn/layer63_wqkv_srcshape_1_1_8192_10240_dtype_BFLOAT8_B_layout_TILE_memcfg_663972112453010226_mapper_660f4331f0f0_device_0.tensorbin
2026-09-03 03:49:42.304 | INFO     | tt_transformers.modules.lazy_weight:get_device_weight:120 - [32m[cache hit][0m Loading tensor from cache: /localdev/gwang/tt_transformers/model_cache/llama33_70b/T3K/attn/layer63_wo_srcshape_1_1_8192_8192_dtype_BFLOAT8_B_layout_TILE_mapper_660f4331f0f0_device_0.tensorbin
2026-09-03 03:49:42.310 | INFO     | tt_transformers.modules.lazy_weight:get_device_weight:120 - [32m[cache hit][0m Loading tensor from cache: /localdev/gwang/tt_transformers/model_cache/llama33_70b/T3K/norm/layer63_post_attn_srcshape_1_1_256_32_dtype_BFLOAT16_layout_ROW_MAJOR_mapper_241585d9fe31_device_0.tensorbin
2026-09-03 03:49:42.311 | INFO     | tt_transformers.modules.lazy_weight:get_device_weight:120 - [32m[cache hit][0m Loading tensor from cache: /localdev/gwang/tt_transformers/model_cache/llama33_70b/T3K/norm/layer63_post_attn_srcshape_1_1_256_32_dtype_BFLOAT16_layout_ROW_MAJOR_mapper_b82b244385ac_device_0.tensorbin
2026-09-03 03:49:42.311 | INFO     | tt_transformers.modules.lazy_weight:get_device_weight:120 - [32m[cache hit][0m Loading tensor from cache: /localdev/gwang/tt_transformers/model_cache/llama33_70b/T3K/mlp/layer63_w1_srcshape_8192_28672_dtype_BFLOAT8_B_layout_TILE_memcfg_1786057467681592545_mapper_660f4331f0f0_device_0.tensorbin
2026-09-03 03:49:42.323 | INFO     | tt_transformers.modules.lazy_weight:get_device_weight:120 - [32m[cache hit][0m Loading tensor from cache: /localdev/gwang/tt_transformers/model_cache/llama33_70b/T3K/mlp/layer63_w2_srcshape_28672_8192_dtype_BFLOAT8_B_layout_TILE_memcfg_906506041791331912_mapper_0cdd7bdaff6f_device_0.tensorbin
2026-09-03 03:49:42.334 | INFO     | tt_transformers.modules.lazy_weight:get_device_weight:120 - [32m[cache hit][0m Loading tensor from cache: /localdev/gwang/tt_transformers/model_cache/llama33_70b/T3K/mlp/layer63_w3_srcshape_8192_28672_dtype_BFLOAT8_B_layout_TILE_memcfg_1786057467681592545_mapper_660f4331f0f0_device_0.tensorbin
2026-09-03 03:49:42.348 | INFO     | tt_transformers.modules.lazy_weight:get_device_weight:120 - [32m[cache hit][0m Loading tensor from cache: /localdev/gwang/tt_transformers/model_cache/llama33_70b/T3K/norm/layer64_pre_attn_srcshape_1_1_256_32_dtype_BFLOAT16_layout_ROW_MAJOR_mapper_241585d9fe31_device_0.tensorbin
2026-09-03 03:49:42.348 | INFO     | tt_transformers.modules.lazy_weight:get_device_weight:120 - [32m[cache hit][0m Loading tensor from cache: /localdev/gwang/tt_transformers/model_cache/llama33_70b/T3K/norm/layer64_pre_attn_srcshape_1_1_256_32_dtype_BFLOAT16_layout_ROW_MAJOR_mapper_b82b244385ac_device_0.tensorbin
2026-09-03 03:49:42.349 | INFO     | tt_transformers.modules.lazy_weight:get_device_weight:120 - [32m[cache hit][0m Loading tensor from cache: /localdev/gwang/tt_transformers/model_cache/llama33_70b/T3K/attn/layer64_wqkv_srcshape_1_1_8192_10240_dtype_BFLOAT8_B_layout_TILE_memcfg_663972112453010226_mapper_660f4331f0f0_device_0.tensorbin
2026-09-03 03:49:42.353 | INFO     | tt_transformers.modules.lazy_weight:get_device_weight:120 - [32m[cache hit][0m Loading tensor from cache: /localdev/gwang/tt_transformers/model_cache/llama33_70b/T3K/attn/layer64_wo_srcshape_1_1_8192_8192_dtype_BFLOAT8_B_layout_TILE_mapper_660f4331f0f0_device_0.tensorbin
2026-09-03 03:49:42.359 | INFO     | tt_transformers.modules.lazy_weight:get_device_weight:120 - [32m[cache hit][0m Loading tensor from cache: /localdev/gwang/tt_transformers/model_cache/llama33_70b/T3K/norm/layer64_post_attn_srcshape_1_1_256_32_dtype_BFLOAT16_layout_ROW_MAJOR_mapper_241585d9fe31_device_0.tensorbin
2026-09-03 03:49:42.359 | INFO     | tt_transformers.modules.lazy_weight:get_device_weight:120 - [32m[cache hit][0m Loading tensor from cache: /localdev/gwang/tt_transformers/model_cache/llama33_70b/T3K/norm/layer64_post_attn_srcshape_1_1_256_32_dtype_BFLOAT16_layout_ROW_MAJOR_mapper_b82b244385ac_device_0.tensorbin
2026-09-03 03:49:42.360 | INFO     | tt_transformers.modules.lazy_weight:get_device_weight:120 - [32m[cache hit][0m Loading tensor from cache: /localdev/gwang/tt_transformers/model_cache/llama33_70b/T3K/mlp/layer64_w1_srcshape_8192_28672_dtype_BFLOAT8_B_layout_TILE_memcfg_1786057467681592545_mapper_660f4331f0f0_device_0.tensorbin
2026-09-03 03:49:42.372 | INFO     | tt_transformers.modules.lazy_weight:get_device_weight:120 - [32m[cache hit][0m Loading tensor from cache: /localdev/gwang/tt_transformers/model_cache/llama33_70b/T3K/mlp/layer64_w2_srcshape_28672_8192_dtype_BFLOAT8_B_layout_TILE_memcfg_906506041791331912_mapper_0cdd7bdaff6f_device_0.tensorbin
2026-09-03 03:49:42.384 | INFO     | tt_transformers.modules.lazy_weight:get_device_weight:120 - [32m[cache hit][0m Loading tensor from cache: /localdev/gwang/tt_transformers/model_cache/llama33_70b/T3K/mlp/layer64_w3_srcshape_8192_28672_dtype_BFLOAT8_B_layout_TILE_memcfg_1786057467681592545_mapper_660f4331f0f0_device_0.tensorbin
2026-09-03 03:49:42.398 | INFO     | tt_transformers.modules.lazy_weight:get_device_weight:120 - [32m[cache hit][0m Loading tensor from cache: /localdev/gwang/tt_transformers/model_cache/llama33_70b/T3K/norm/layer65_pre_attn_srcshape_1_1_256_32_dtype_BFLOAT16_layout_ROW_MAJOR_mapper_241585d9fe31_device_0.tensorbin
2026-09-03 03:49:42.399 | INFO     | tt_transformers.modules.lazy_weight:get_device_weight:120 - [32m[cache hit][0m Loading tensor from cache: /localdev/gwang/tt_transformers/model_cache/llama33_70b/T3K/norm/layer65_pre_attn_srcshape_1_1_256_32_dtype_BFLOAT16_layout_ROW_MAJOR_mapper_b82b244385ac_device_0.tensorbin
2026-09-03 03:49:42.399 | INFO     | tt_transformers.modules.lazy_weight:get_device_weight:120 - [32m[cache hit][0m Loading tensor from cache: /localdev/gwang/tt_transformers/model_cache/llama33_70b/T3K/attn/layer65_wqkv_srcshape_1_1_8192_10240_dtype_BFLOAT8_B_layout_TILE_memcfg_663972112453010226_mapper_660f4331f0f0_device_0.tensorbin
2026-09-03 03:49:42.404 | INFO     | tt_transformers.modules.lazy_weight:get_device_weight:120 - [32m[cache hit][0m Loading tensor from cache: /localdev/gwang/tt_transformers/model_cache/llama33_70b/T3K/attn/layer65_wo_srcshape_1_1_8192_8192_dtype_BFLOAT8_B_layout_TILE_mapper_660f4331f0f0_device_0.tensorbin
2026-09-03 03:49:42.410 | INFO     | tt_transformers.modules.lazy_weight:get_device_weight:120 - [32m[cache hit][0m Loading tensor from cache: /localdev/gwang/tt_transformers/model_cache/llama33_70b/T3K/norm/layer65_post_attn_srcshape_1_1_256_32_dtype_BFLOAT16_layout_ROW_MAJOR_mapper_241585d9fe31_device_0.tensorbin
2026-09-03 03:49:42.411 | INFO     | tt_transformers.modules.lazy_weight:get_device_weight:120 - [32m[cache hit][0m Loading tensor from cache: /localdev/gwang/tt_transformers/model_cache/llama33_70b/T3K/norm/layer65_post_attn_srcshape_1_1_256_32_dtype_BFLOAT16_layout_ROW_MAJOR_mapper_b82b244385ac_device_0.tensorbin
2026-09-03 03:49:42.411 | INFO     | tt_transformers.modules.lazy_weight:get_device_weight:120 - [32m[cache hit][0m Loading tensor from cache: /localdev/gwang/tt_transformers/model_cache/llama33_70b/T3K/mlp/layer65_w1_srcshape_8192_28672_dtype_BFLOAT8_B_layout_TILE_memcfg_1786057467681592545_mapper_660f4331f0f0_device_0.tensorbin
2026-09-03 03:49:42.426 | INFO     | tt_transformers.modules.lazy_weight:get_device_weight:120 - [32m[cache hit][0m Loading tensor from cache: /localdev/gwang/tt_transformers/model_cache/llama33_70b/T3K/mlp/layer65_w2_srcshape_28672_8192_dtype_BFLOAT8_B_layout_TILE_memcfg_906506041791331912_mapper_0cdd7bdaff6f_device_0.tensorbin
2026-09-03 03:49:42.438 | INFO     | tt_transformers.modules.lazy_weight:get_device_weight:120 - [32m[cache hit][0m Loading tensor from cache: /localdev/gwang/tt_transformers/model_cache/llama33_70b/T3K/mlp/layer65_w3_srcshape_8192_28672_dtype_BFLOAT8_B_layout_TILE_memcfg_1786057467681592545_mapper_660f4331f0f0_device_0.tensorbin
2026-09-03 03:49:42.453 | INFO     | tt_transformers.modules.lazy_weight:get_device_weight:120 - [32m[cache hit][0m Loading tensor from cache: /localdev/gwang/tt_transformers/model_cache/llama33_70b/T3K/norm/layer66_pre_attn_srcshape_1_1_256_32_dtype_BFLOAT16_layout_ROW_MAJOR_mapper_241585d9fe31_device_0.tensorbin
2026-09-03 03:49:42.454 | INFO     | tt_transformers.modules.lazy_weight:get_device_weight:120 - [32m[cache hit][0m Loading tensor from cache: /localdev/gwang/tt_transformers/model_cache/llama33_70b/T3K/norm/layer66_pre_attn_srcshape_1_1_256_32_dtype_BFLOAT16_layout_ROW_MAJOR_mapper_b82b244385ac_device_0.tensorbin
2026-09-03 03:49:42.454 | INFO     | tt_transformers.modules.lazy_weight:get_device_weight:120 - [32m[cache hit][0m Loading tensor from cache: /localdev/gwang/tt_transformers/model_cache/llama33_70b/T3K/attn/layer66_wqkv_srcshape_1_1_8192_10240_dtype_BFLOAT8_B_layout_TILE_memcfg_663972112453010226_mapper_660f4331f0f0_device_0.tensorbin
2026-09-03 03:49:42.459 | INFO     | tt_transformers.modules.lazy_weight:get_device_weight:120 - [32m[cache hit][0m Loading tensor from cache: /localdev/gwang/tt_transformers/model_cache/llama33_70b/T3K/attn/layer66_wo_srcshape_1_1_8192_8192_dtype_BFLOAT8_B_layout_TILE_mapper_660f4331f0f0_device_0.tensorbin
2026-09-03 03:49:42.464 | INFO     | tt_transformers.modules.lazy_weight:get_device_weight:120 - [32m[cache hit][0m Loading tensor from cache: /localdev/gwang/tt_transformers/model_cache/llama33_70b/T3K/norm/layer66_post_attn_srcshape_1_1_256_32_dtype_BFLOAT16_layout_ROW_MAJOR_mapper_241585d9fe31_device_0.tensorbin
2026-09-03 03:49:42.464 | INFO     | tt_transformers.modules.lazy_weight:get_device_weight:120 - [32m[cache hit][0m Loading tensor from cache: /localdev/gwang/tt_transformers/model_cache/llama33_70b/T3K/norm/layer66_post_attn_srcshape_1_1_256_32_dtype_BFLOAT16_layout_ROW_MAJOR_mapper_b82b244385ac_device_0.tensorbin
2026-09-03 03:49:42.465 | INFO     | tt_transformers.modules.lazy_weight:get_device_weight:120 - [32m[cache hit][0m Loading tensor from cache: /localdev/gwang/tt_transformers/model_cache/llama33_70b/T3K/mlp/layer66_w1_srcshape_8192_28672_dtype_BFLOAT8_B_layout_TILE_memcfg_1786057467681592545_mapper_660f4331f0f0_device_0.tensorbin
2026-09-03 03:49:42.477 | INFO     | tt_transformers.modules.lazy_weight:get_device_weight:120 - [32m[cache hit][0m Loading tensor from cache: /localdev/gwang/tt_transformers/model_cache/llama33_70b/T3K/mlp/layer66_w2_srcshape_28672_8192_dtype_BFLOAT8_B_layout_TILE_memcfg_906506041791331912_mapper_0cdd7bdaff6f_device_0.tensorbin
2026-09-03 03:49:42.488 | INFO     | tt_transformers.modules.lazy_weight:get_device_weight:120 - [32m[cache hit][0m Loading tensor from cache: /localdev/gwang/tt_transformers/model_cache/llama33_70b/T3K/mlp/layer66_w3_srcshape_8192_28672_dtype_BFLOAT8_B_layout_TILE_memcfg_1786057467681592545_mapper_660f4331f0f0_device_0.tensorbin
2026-09-03 03:49:42.502 | INFO     | tt_transformers.modules.lazy_weight:get_device_weight:120 - [32m[cache hit][0m Loading tensor from cache: /localdev/gwang/tt_transformers/model_cache/llama33_70b/T3K/norm/layer67_pre_attn_srcshape_1_1_256_32_dtype_BFLOAT16_layout_ROW_MAJOR_mapper_241585d9fe31_device_0.tensorbin
2026-09-03 03:49:42.502 | INFO     | tt_transformers.modules.lazy_weight:get_device_weight:120 - [32m[cache hit][0m Loading tensor from cache: /localdev/gwang/tt_transformers/model_cache/llama33_70b/T3K/norm/layer67_pre_attn_srcshape_1_1_256_32_dtype_BFLOAT16_layout_ROW_MAJOR_mapper_b82b244385ac_device_0.tensorbin
2026-09-03 03:49:42.503 | INFO     | tt_transformers.modules.lazy_weight:get_device_weight:120 - [32m[cache hit][0m Loading tensor from cache: /localdev/gwang/tt_transformers/model_cache/llama33_70b/T3K/attn/layer67_wqkv_srcshape_1_1_8192_10240_dtype_BFLOAT8_B_layout_TILE_memcfg_663972112453010226_mapper_660f4331f0f0_device_0.tensorbin
2026-09-03 03:49:42.507 | INFO     | tt_transformers.modules.lazy_weight:get_device_weight:120 - [32m[cache hit][0m Loading tensor from cache: /localdev/gwang/tt_transformers/model_cache/llama33_70b/T3K/attn/layer67_wo_srcshape_1_1_8192_8192_dtype_BFLOAT8_B_layout_TILE_mapper_660f4331f0f0_device_0.tensorbin
2026-09-03 03:49:42.513 | INFO     | tt_transformers.modules.lazy_weight:get_device_weight:120 - [32m[cache hit][0m Loading tensor from cache: /localdev/gwang/tt_transformers/model_cache/llama33_70b/T3K/norm/layer67_post_attn_srcshape_1_1_256_32_dtype_BFLOAT16_layout_ROW_MAJOR_mapper_241585d9fe31_device_0.tensorbin
2026-09-03 03:49:42.513 | INFO     | tt_transformers.modules.lazy_weight:get_device_weight:120 - [32m[cache hit][0m Loading tensor from cache: /localdev/gwang/tt_transformers/model_cache/llama33_70b/T3K/norm/layer67_post_attn_srcshape_1_1_256_32_dtype_BFLOAT16_layout_ROW_MAJOR_mapper_b82b244385ac_device_0.tensorbin
2026-09-03 03:49:42.514 | INFO     | tt_transformers.modules.lazy_weight:get_device_weight:120 - [32m[cache hit][0m Loading tensor from cache: /localdev/gwang/tt_transformers/model_cache/llama33_70b/T3K/mlp/layer67_w1_srcshape_8192_28672_dtype_BFLOAT8_B_layout_TILE_memcfg_1786057467681592545_mapper_660f4331f0f0_device_0.tensorbin
2026-09-03 03:49:42.527 | INFO     | tt_transformers.modules.lazy_weight:get_device_weight:120 - [32m[cache hit][0m Loading tensor from cache: /localdev/gwang/tt_transformers/model_cache/llama33_70b/T3K/mlp/layer67_w2_srcshape_28672_8192_dtype_BFLOAT8_B_layout_TILE_memcfg_906506041791331912_mapper_0cdd7bdaff6f_device_0.tensorbin
2026-09-03 03:49:42.539 | INFO     | tt_transformers.modules.lazy_weight:get_device_weight:120 - [32m[cache hit][0m Loading tensor from cache: /localdev/gwang/tt_transformers/model_cache/llama33_70b/T3K/mlp/layer67_w3_srcshape_8192_28672_dtype_BFLOAT8_B_layout_TILE_memcfg_1786057467681592545_mapper_660f4331f0f0_device_0.tensorbin
2026-09-03 03:49:42.554 | INFO     | tt_transformers.modules.lazy_weight:get_device_weight:120 - [32m[cache hit][0m Loading tensor from cache: /localdev/gwang/tt_transformers/model_cache/llama33_70b/T3K/norm/layer68_pre_attn_srcshape_1_1_256_32_dtype_BFLOAT16_layout_ROW_MAJOR_mapper_241585d9fe31_device_0.tensorbin
2026-09-03 03:49:42.554 | INFO     | tt_transformers.modules.lazy_weight:get_device_weight:120 - [32m[cache hit][0m Loading tensor from cache: /localdev/gwang/tt_transformers/model_cache/llama33_70b/T3K/norm/layer68_pre_attn_srcshape_1_1_256_32_dtype_BFLOAT16_layout_ROW_MAJOR_mapper_b82b244385ac_device_0.tensorbin
2026-09-03 03:49:42.555 | INFO     | tt_transformers.modules.lazy_weight:get_device_weight:120 - [32m[cache hit][0m Loading tensor from cache: /localdev/gwang/tt_transformers/model_cache/llama33_70b/T3K/attn/layer68_wqkv_srcshape_1_1_8192_10240_dtype_BFLOAT8_B_layout_TILE_memcfg_663972112453010226_mapper_660f4331f0f0_device_0.tensorbin
2026-09-03 03:49:42.560 | INFO     | tt_transformers.modules.lazy_weight:get_device_weight:120 - [32m[cache hit][0m Loading tensor from cache: /localdev/gwang/tt_transformers/model_cache/llama33_70b/T3K/attn/layer68_wo_srcshape_1_1_8192_8192_dtype_BFLOAT8_B_layout_TILE_mapper_660f4331f0f0_device_0.tensorbin
2026-09-03 03:49:42.566 | INFO     | tt_transformers.modules.lazy_weight:get_device_weight:120 - [32m[cache hit][0m Loading tensor from cache: /localdev/gwang/tt_transformers/model_cache/llama33_70b/T3K/norm/layer68_post_attn_srcshape_1_1_256_32_dtype_BFLOAT16_layout_ROW_MAJOR_mapper_241585d9fe31_device_0.tensorbin
2026-09-03 03:49:42.566 | INFO     | tt_transformers.modules.lazy_weight:get_device_weight:120 - [32m[cache hit][0m Loading tensor from cache: /localdev/gwang/tt_transformers/model_cache/llama33_70b/T3K/norm/layer68_post_attn_srcshape_1_1_256_32_dtype_BFLOAT16_layout_ROW_MAJOR_mapper_b82b244385ac_device_0.tensorbin
2026-09-03 03:49:42.566 | INFO     | tt_transformers.modules.lazy_weight:get_device_weight:120 - [32m[cache hit][0m Loading tensor from cache: /localdev/gwang/tt_transformers/model_cache/llama33_70b/T3K/mlp/layer68_w1_srcshape_8192_28672_dtype_BFLOAT8_B_layout_TILE_memcfg_1786057467681592545_mapper_660f4331f0f0_device_0.tensorbin
2026-09-03 03:49:42.579 | INFO     | tt_transformers.modules.lazy_weight:get_device_weight:120 - [32m[cache hit][0m Loading tensor from cache: /localdev/gwang/tt_transformers/model_cache/llama33_70b/T3K/mlp/layer68_w2_srcshape_28672_8192_dtype_BFLOAT8_B_layout_TILE_memcfg_906506041791331912_mapper_0cdd7bdaff6f_device_0.tensorbin
2026-09-03 03:49:42.591 | INFO     | tt_transformers.modules.lazy_weight:get_device_weight:120 - [32m[cache hit][0m Loading tensor from cache: /localdev/gwang/tt_transformers/model_cache/llama33_70b/T3K/mlp/layer68_w3_srcshape_8192_28672_dtype_BFLOAT8_B_layout_TILE_memcfg_1786057467681592545_mapper_660f4331f0f0_device_0.tensorbin
2026-09-03 03:49:42.605 | INFO     | tt_transformers.modules.lazy_weight:get_device_weight:120 - [32m[cache hit][0m Loading tensor from cache: /localdev/gwang/tt_transformers/model_cache/llama33_70b/T3K/norm/layer69_pre_attn_srcshape_1_1_256_32_dtype_BFLOAT16_layout_ROW_MAJOR_mapper_241585d9fe31_device_0.tensorbin
2026-09-03 03:49:42.605 | INFO     | tt_transformers.modules.lazy_weight:get_device_weight:120 - [32m[cache hit][0m Loading tensor from cache: /localdev/gwang/tt_transformers/model_cache/llama33_70b/T3K/norm/layer69_pre_attn_srcshape_1_1_256_32_dtype_BFLOAT16_layout_ROW_MAJOR_mapper_b82b244385ac_device_0.tensorbin
2026-09-03 03:49:42.606 | INFO     | tt_transformers.modules.lazy_weight:get_device_weight:120 - [32m[cache hit][0m Loading tensor from cache: /localdev/gwang/tt_transformers/model_cache/llama33_70b/T3K/attn/layer69_wqkv_srcshape_1_1_8192_10240_dtype_BFLOAT8_B_layout_TILE_memcfg_663972112453010226_mapper_660f4331f0f0_device_0.tensorbin
2026-09-03 03:49:42.610 | INFO     | tt_transformers.modules.lazy_weight:get_device_weight:120 - [32m[cache hit][0m Loading tensor from cache: /localdev/gwang/tt_transformers/model_cache/llama33_70b/T3K/attn/layer69_wo_srcshape_1_1_8192_8192_dtype_BFLOAT8_B_layout_TILE_mapper_660f4331f0f0_device_0.tensorbin
2026-09-03 03:49:42.616 | INFO     | tt_transformers.modules.lazy_weight:get_device_weight:120 - [32m[cache hit][0m Loading tensor from cache: /localdev/gwang/tt_transformers/model_cache/llama33_70b/T3K/norm/layer69_post_attn_srcshape_1_1_256_32_dtype_BFLOAT16_layout_ROW_MAJOR_mapper_241585d9fe31_device_0.tensorbin
2026-09-03 03:49:42.617 | INFO     | tt_transformers.modules.lazy_weight:get_device_weight:120 - [32m[cache hit][0m Loading tensor from cache: /localdev/gwang/tt_transformers/model_cache/llama33_70b/T3K/norm/layer69_post_attn_srcshape_1_1_256_32_dtype_BFLOAT16_layout_ROW_MAJOR_mapper_b82b244385ac_device_0.tensorbin
2026-09-03 03:49:42.617 | INFO     | tt_transformers.modules.lazy_weight:get_device_weight:120 - [32m[cache hit][0m Loading tensor from cache: /localdev/gwang/tt_transformers/model_cache/llama33_70b/T3K/mlp/layer69_w1_srcshape_8192_28672_dtype_BFLOAT8_B_layout_TILE_memcfg_1786057467681592545_mapper_660f4331f0f0_device_0.tensorbin
2026-09-03 03:49:42.629 | INFO     | tt_transformers.modules.lazy_weight:get_device_weight:120 - [32m[cache hit][0m Loading tensor from cache: /localdev/gwang/tt_transformers/model_cache/llama33_70b/T3K/mlp/layer69_w2_srcshape_28672_8192_dtype_BFLOAT8_B_layout_TILE_memcfg_906506041791331912_mapper_0cdd7bdaff6f_device_0.tensorbin
2026-09-03 03:49:42.640 | INFO     | tt_transformers.modules.lazy_weight:get_device_weight:120 - [32m[cache hit][0m Loading tensor from cache: /localdev/gwang/tt_transformers/model_cache/llama33_70b/T3K/mlp/layer69_w3_srcshape_8192_28672_dtype_BFLOAT8_B_layout_TILE_memcfg_1786057467681592545_mapper_660f4331f0f0_device_0.tensorbin
2026-09-03 03:49:42.653 | INFO     | tt_transformers.modules.lazy_weight:get_device_weight:120 - [32m[cache hit][0m Loading tensor from cache: /localdev/gwang/tt_transformers/model_cache/llama33_70b/T3K/norm/layer70_pre_attn_srcshape_1_1_256_32_dtype_BFLOAT16_layout_ROW_MAJOR_mapper_241585d9fe31_device_0.tensorbin
2026-09-03 03:49:42.653 | INFO     | tt_transformers.modules.lazy_weight:get_device_weight:120 - [32m[cache hit][0m Loading tensor from cache: /localdev/gwang/tt_transformers/model_cache/llama33_70b/T3K/norm/layer70_pre_attn_srcshape_1_1_256_32_dtype_BFLOAT16_layout_ROW_MAJOR_mapper_b82b244385ac_device_0.tensorbin
2026-09-03 03:49:42.653 | INFO     | tt_transformers.modules.lazy_weight:get_device_weight:120 - [32m[cache hit][0m Loading tensor from cache: /localdev/gwang/tt_transformers/model_cache/llama33_70b/T3K/attn/layer70_wqkv_srcshape_1_1_8192_10240_dtype_BFLOAT8_B_layout_TILE_memcfg_663972112453010226_mapper_660f4331f0f0_device_0.tensorbin
2026-09-03 03:49:42.658 | INFO     | tt_transformers.modules.lazy_weight:get_device_weight:120 - [32m[cache hit][0m Loading tensor from cache: /localdev/gwang/tt_transformers/model_cache/llama33_70b/T3K/attn/layer70_wo_srcshape_1_1_8192_8192_dtype_BFLOAT8_B_layout_TILE_mapper_660f4331f0f0_device_0.tensorbin
2026-09-03 03:49:42.663 | INFO     | tt_transformers.modules.lazy_weight:get_device_weight:120 - [32m[cache hit][0m Loading tensor from cache: /localdev/gwang/tt_transformers/model_cache/llama33_70b/T3K/norm/layer70_post_attn_srcshape_1_1_256_32_dtype_BFLOAT16_layout_ROW_MAJOR_mapper_241585d9fe31_device_0.tensorbin
2026-09-03 03:49:42.663 | INFO     | tt_transformers.modules.lazy_weight:get_device_weight:120 - [32m[cache hit][0m Loading tensor from cache: /localdev/gwang/tt_transformers/model_cache/llama33_70b/T3K/norm/layer70_post_attn_srcshape_1_1_256_32_dtype_BFLOAT16_layout_ROW_MAJOR_mapper_b82b244385ac_device_0.tensorbin
2026-09-03 03:49:42.663 | INFO     | tt_transformers.modules.lazy_weight:get_device_weight:120 - [32m[cache hit][0m Loading tensor from cache: /localdev/gwang/tt_transformers/model_cache/llama33_70b/T3K/mlp/layer70_w1_srcshape_8192_28672_dtype_BFLOAT8_B_layout_TILE_memcfg_1786057467681592545_mapper_660f4331f0f0_device_0.tensorbin
2026-09-03 03:49:42.676 | INFO     | tt_transformers.modules.lazy_weight:get_device_weight:120 - [32m[cache hit][0m Loading tensor from cache: /localdev/gwang/tt_transformers/model_cache/llama33_70b/T3K/mlp/layer70_w2_srcshape_28672_8192_dtype_BFLOAT8_B_layout_TILE_memcfg_906506041791331912_mapper_0cdd7bdaff6f_device_0.tensorbin
2026-09-03 03:49:42.687 | INFO     | tt_transformers.modules.lazy_weight:get_device_weight:120 - [32m[cache hit][0m Loading tensor from cache: /localdev/gwang/tt_transformers/model_cache/llama33_70b/T3K/mlp/layer70_w3_srcshape_8192_28672_dtype_BFLOAT8_B_layout_TILE_memcfg_1786057467681592545_mapper_660f4331f0f0_device_0.tensorbin
2026-09-03 03:49:42.701 | INFO     | tt_transformers.modules.lazy_weight:get_device_weight:120 - [32m[cache hit][0m Loading tensor from cache: /localdev/gwang/tt_transformers/model_cache/llama33_70b/T3K/norm/layer71_pre_attn_srcshape_1_1_256_32_dtype_BFLOAT16_layout_ROW_MAJOR_mapper_241585d9fe31_device_0.tensorbin
2026-09-03 03:49:42.701 | INFO     | tt_transformers.modules.lazy_weight:get_device_weight:120 - [32m[cache hit][0m Loading tensor from cache: /localdev/gwang/tt_transformers/model_cache/llama33_70b/T3K/norm/layer71_pre_attn_srcshape_1_1_256_32_dtype_BFLOAT16_layout_ROW_MAJOR_mapper_b82b244385ac_device_0.tensorbin
2026-09-03 03:49:42.702 | INFO     | tt_transformers.modules.lazy_weight:get_device_weight:120 - [32m[cache hit][0m Loading tensor from cache: /localdev/gwang/tt_transformers/model_cache/llama33_70b/T3K/attn/layer71_wqkv_srcshape_1_1_8192_10240_dtype_BFLOAT8_B_layout_TILE_memcfg_663972112453010226_mapper_660f4331f0f0_device_0.tensorbin
2026-09-03 03:49:42.706 | INFO     | tt_transformers.modules.lazy_weight:get_device_weight:120 - [32m[cache hit][0m Loading tensor from cache: /localdev/gwang/tt_transformers/model_cache/llama33_70b/T3K/attn/layer71_wo_srcshape_1_1_8192_8192_dtype_BFLOAT8_B_layout_TILE_mapper_660f4331f0f0_device_0.tensorbin
2026-09-03 03:49:42.711 | INFO     | tt_transformers.modules.lazy_weight:get_device_weight:120 - [32m[cache hit][0m Loading tensor from cache: /localdev/gwang/tt_transformers/model_cache/llama33_70b/T3K/norm/layer71_post_attn_srcshape_1_1_256_32_dtype_BFLOAT16_layout_ROW_MAJOR_mapper_241585d9fe31_device_0.tensorbin
2026-09-03 03:49:42.711 | INFO     | tt_transformers.modules.lazy_weight:get_device_weight:120 - [32m[cache hit][0m Loading tensor from cache: /localdev/gwang/tt_transformers/model_cache/llama33_70b/T3K/norm/layer71_post_attn_srcshape_1_1_256_32_dtype_BFLOAT16_layout_ROW_MAJOR_mapper_b82b244385ac_device_0.tensorbin
2026-09-03 03:49:42.712 | INFO     | tt_transformers.modules.lazy_weight:get_device_weight:120 - [32m[cache hit][0m Loading tensor from cache: /localdev/gwang/tt_transformers/model_cache/llama33_70b/T3K/mlp/layer71_w1_srcshape_8192_28672_dtype_BFLOAT8_B_layout_TILE_memcfg_1786057467681592545_mapper_660f4331f0f0_device_0.tensorbin
2026-09-03 03:49:42.722 | INFO     | tt_transformers.modules.lazy_weight:get_device_weight:120 - [32m[cache hit][0m Loading tensor from cache: /localdev/gwang/tt_transformers/model_cache/llama33_70b/T3K/mlp/layer71_w2_srcshape_28672_8192_dtype_BFLOAT8_B_layout_TILE_memcfg_906506041791331912_mapper_0cdd7bdaff6f_device_0.tensorbin
2026-09-03 03:49:42.734 | INFO     | tt_transformers.modules.lazy_weight:get_device_weight:120 - [32m[cache hit][0m Loading tensor from cache: /localdev/gwang/tt_transformers/model_cache/llama33_70b/T3K/mlp/layer71_w3_srcshape_8192_28672_dtype_BFLOAT8_B_layout_TILE_memcfg_1786057467681592545_mapper_660f4331f0f0_device_0.tensorbin
2026-09-03 03:49:42.746 | INFO     | tt_transformers.modules.lazy_weight:get_device_weight:120 - [32m[cache hit][0m Loading tensor from cache: /localdev/gwang/tt_transformers/model_cache/llama33_70b/T3K/norm/layer72_pre_attn_srcshape_1_1_256_32_dtype_BFLOAT16_layout_ROW_MAJOR_mapper_241585d9fe31_device_0.tensorbin
2026-09-03 03:49:42.747 | INFO     | tt_transformers.modules.lazy_weight:get_device_weight:120 - [32m[cache hit][0m Loading tensor from cache: /localdev/gwang/tt_transformers/model_cache/llama33_70b/T3K/norm/layer72_pre_attn_srcshape_1_1_256_32_dtype_BFLOAT16_layout_ROW_MAJOR_mapper_b82b244385ac_device_0.tensorbin
2026-09-03 03:49:42.747 | INFO     | tt_transformers.modules.lazy_weight:get_device_weight:120 - [32m[cache hit][0m Loading tensor from cache: /localdev/gwang/tt_transformers/model_cache/llama33_70b/T3K/attn/layer72_wqkv_srcshape_1_1_8192_10240_dtype_BFLOAT8_B_layout_TILE_memcfg_663972112453010226_mapper_660f4331f0f0_device_0.tensorbin
2026-09-03 03:49:42.752 | INFO     | tt_transformers.modules.lazy_weight:get_device_weight:120 - [32m[cache hit][0m Loading tensor from cache: /localdev/gwang/tt_transformers/model_cache/llama33_70b/T3K/attn/layer72_wo_srcshape_1_1_8192_8192_dtype_BFLOAT8_B_layout_TILE_mapper_660f4331f0f0_device_0.tensorbin
2026-09-03 03:49:42.759 | INFO     | tt_transformers.modules.lazy_weight:get_device_weight:120 - [32m[cache hit][0m Loading tensor from cache: /localdev/gwang/tt_transformers/model_cache/llama33_70b/T3K/norm/layer72_post_attn_srcshape_1_1_256_32_dtype_BFLOAT16_layout_ROW_MAJOR_mapper_241585d9fe31_device_0.tensorbin
2026-09-03 03:49:42.759 | INFO     | tt_transformers.modules.lazy_weight:get_device_weight:120 - [32m[cache hit][0m Loading tensor from cache: /localdev/gwang/tt_transformers/model_cache/llama33_70b/T3K/norm/layer72_post_attn_srcshape_1_1_256_32_dtype_BFLOAT16_layout_ROW_MAJOR_mapper_b82b244385ac_device_0.tensorbin
2026-09-03 03:49:42.760 | INFO     | tt_transformers.modules.lazy_weight:get_device_weight:120 - [32m[cache hit][0m Loading tensor from cache: /localdev/gwang/tt_transformers/model_cache/llama33_70b/T3K/mlp/layer72_w1_srcshape_8192_28672_dtype_BFLOAT8_B_layout_TILE_memcfg_1786057467681592545_mapper_660f4331f0f0_device_0.tensorbin
2026-09-03 03:49:42.771 | INFO     | tt_transformers.modules.lazy_weight:get_device_weight:120 - [32m[cache hit][0m Loading tensor from cache: /localdev/gwang/tt_transformers/model_cache/llama33_70b/T3K/mlp/layer72_w2_srcshape_28672_8192_dtype_BFLOAT8_B_layout_TILE_memcfg_906506041791331912_mapper_0cdd7bdaff6f_device_0.tensorbin
2026-09-03 03:49:42.782 | INFO     | tt_transformers.modules.lazy_weight:get_device_weight:120 - [32m[cache hit][0m Loading tensor from cache: /localdev/gwang/tt_transformers/model_cache/llama33_70b/T3K/mlp/layer72_w3_srcshape_8192_28672_dtype_BFLOAT8_B_layout_TILE_memcfg_1786057467681592545_mapper_660f4331f0f0_device_0.tensorbin
2026-09-03 03:49:42.796 | INFO     | tt_transformers.modules.lazy_weight:get_device_weight:120 - [32m[cache hit][0m Loading tensor from cache: /localdev/gwang/tt_transformers/model_cache/llama33_70b/T3K/norm/layer73_pre_attn_srcshape_1_1_256_32_dtype_BFLOAT16_layout_ROW_MAJOR_mapper_241585d9fe31_device_0.tensorbin
2026-09-03 03:49:42.796 | INFO     | tt_transformers.modules.lazy_weight:get_device_weight:120 - [32m[cache hit][0m Loading tensor from cache: /localdev/gwang/tt_transformers/model_cache/llama33_70b/T3K/norm/layer73_pre_attn_srcshape_1_1_256_32_dtype_BFLOAT16_layout_ROW_MAJOR_mapper_b82b244385ac_device_0.tensorbin
2026-09-03 03:49:42.797 | INFO     | tt_transformers.modules.lazy_weight:get_device_weight:120 - [32m[cache hit][0m Loading tensor from cache: /localdev/gwang/tt_transformers/model_cache/llama33_70b/T3K/attn/layer73_wqkv_srcshape_1_1_8192_10240_dtype_BFLOAT8_B_layout_TILE_memcfg_663972112453010226_mapper_660f4331f0f0_device_0.tensorbin
2026-09-03 03:49:42.801 | INFO     | tt_transformers.modules.lazy_weight:get_device_weight:120 - [32m[cache hit][0m Loading tensor from cache: /localdev/gwang/tt_transformers/model_cache/llama33_70b/T3K/attn/layer73_wo_srcshape_1_1_8192_8192_dtype_BFLOAT8_B_layout_TILE_mapper_660f4331f0f0_device_0.tensorbin
2026-09-03 03:49:42.806 | INFO     | tt_transformers.modules.lazy_weight:get_device_weight:120 - [32m[cache hit][0m Loading tensor from cache: /localdev/gwang/tt_transformers/model_cache/llama33_70b/T3K/norm/layer73_post_attn_srcshape_1_1_256_32_dtype_BFLOAT16_layout_ROW_MAJOR_mapper_241585d9fe31_device_0.tensorbin
2026-09-03 03:49:42.807 | INFO     | tt_transformers.modules.lazy_weight:get_device_weight:120 - [32m[cache hit][0m Loading tensor from cache: /localdev/gwang/tt_transformers/model_cache/llama33_70b/T3K/norm/layer73_post_attn_srcshape_1_1_256_32_dtype_BFLOAT16_layout_ROW_MAJOR_mapper_b82b244385ac_device_0.tensorbin
2026-09-03 03:49:42.807 | INFO     | tt_transformers.modules.lazy_weight:get_device_weight:120 - [32m[cache hit][0m Loading tensor from cache: /localdev/gwang/tt_transformers/model_cache/llama33_70b/T3K/mlp/layer73_w1_srcshape_8192_28672_dtype_BFLOAT8_B_layout_TILE_memcfg_1786057467681592545_mapper_660f4331f0f0_device_0.tensorbin
2026-09-03 03:49:42.819 | INFO     | tt_transformers.modules.lazy_weight:get_device_weight:120 - [32m[cache hit][0m Loading tensor from cache: /localdev/gwang/tt_transformers/model_cache/llama33_70b/T3K/mlp/layer73_w2_srcshape_28672_8192_dtype_BFLOAT8_B_layout_TILE_memcfg_906506041791331912_mapper_0cdd7bdaff6f_device_0.tensorbin
2026-09-03 03:49:42.832 | INFO     | tt_transformers.modules.lazy_weight:get_device_weight:120 - [32m[cache hit][0m Loading tensor from cache: /localdev/gwang/tt_transformers/model_cache/llama33_70b/T3K/mlp/layer73_w3_srcshape_8192_28672_dtype_BFLOAT8_B_layout_TILE_memcfg_1786057467681592545_mapper_660f4331f0f0_device_0.tensorbin
2026-09-03 03:49:42.844 | INFO     | tt_transformers.modules.lazy_weight:get_device_weight:120 - [32m[cache hit][0m Loading tensor from cache: /localdev/gwang/tt_transformers/model_cache/llama33_70b/T3K/norm/layer74_pre_attn_srcshape_1_1_256_32_dtype_BFLOAT16_layout_ROW_MAJOR_mapper_241585d9fe31_device_0.tensorbin
2026-09-03 03:49:42.844 | INFO     | tt_transformers.modules.lazy_weight:get_device_weight:120 - [32m[cache hit][0m Loading tensor from cache: /localdev/gwang/tt_transformers/model_cache/llama33_70b/T3K/norm/layer74_pre_attn_srcshape_1_1_256_32_dtype_BFLOAT16_layout_ROW_MAJOR_mapper_b82b244385ac_device_0.tensorbin
2026-09-03 03:49:42.845 | INFO     | tt_transformers.modules.lazy_weight:get_device_weight:120 - [32m[cache hit][0m Loading tensor from cache: /localdev/gwang/tt_transformers/model_cache/llama33_70b/T3K/attn/layer74_wqkv_srcshape_1_1_8192_10240_dtype_BFLOAT8_B_layout_TILE_memcfg_663972112453010226_mapper_660f4331f0f0_device_0.tensorbin
2026-09-03 03:49:42.850 | INFO     | tt_transformers.modules.lazy_weight:get_device_weight:120 - [32m[cache hit][0m Loading tensor from cache: /localdev/gwang/tt_transformers/model_cache/llama33_70b/T3K/attn/layer74_wo_srcshape_1_1_8192_8192_dtype_BFLOAT8_B_layout_TILE_mapper_660f4331f0f0_device_0.tensorbin
2026-09-03 03:49:42.856 | INFO     | tt_transformers.modules.lazy_weight:get_device_weight:120 - [32m[cache hit][0m Loading tensor from cache: /localdev/gwang/tt_transformers/model_cache/llama33_70b/T3K/norm/layer74_post_attn_srcshape_1_1_256_32_dtype_BFLOAT16_layout_ROW_MAJOR_mapper_241585d9fe31_device_0.tensorbin
2026-09-03 03:49:42.857 | INFO     | tt_transformers.modules.lazy_weight:get_device_weight:120 - [32m[cache hit][0m Loading tensor from cache: /localdev/gwang/tt_transformers/model_cache/llama33_70b/T3K/norm/layer74_post_attn_srcshape_1_1_256_32_dtype_BFLOAT16_layout_ROW_MAJOR_mapper_b82b244385ac_device_0.tensorbin
2026-09-03 03:49:42.857 | INFO     | tt_transformers.modules.lazy_weight:get_device_weight:120 - [32m[cache hit][0m Loading tensor from cache: /localdev/gwang/tt_transformers/model_cache/llama33_70b/T3K/mlp/layer74_w1_srcshape_8192_28672_dtype_BFLOAT8_B_layout_TILE_memcfg_1786057467681592545_mapper_660f4331f0f0_device_0.tensorbin
2026-09-03 03:49:42.870 | INFO     | tt_transformers.modules.lazy_weight:get_device_weight:120 - [32m[cache hit][0m Loading tensor from cache: /localdev/gwang/tt_transformers/model_cache/llama33_70b/T3K/mlp/layer74_w2_srcshape_28672_8192_dtype_BFLOAT8_B_layout_TILE_memcfg_906506041791331912_mapper_0cdd7bdaff6f_device_0.tensorbin
2026-09-03 03:49:42.883 | INFO     | tt_transformers.modules.lazy_weight:get_device_weight:120 - [32m[cache hit][0m Loading tensor from cache: /localdev/gwang/tt_transformers/model_cache/llama33_70b/T3K/mlp/layer74_w3_srcshape_8192_28672_dtype_BFLOAT8_B_layout_TILE_memcfg_1786057467681592545_mapper_660f4331f0f0_device_0.tensorbin
2026-09-03 03:49:42.898 | INFO     | tt_transformers.modules.lazy_weight:get_device_weight:120 - [32m[cache hit][0m Loading tensor from cache: /localdev/gwang/tt_transformers/model_cache/llama33_70b/T3K/norm/layer75_pre_attn_srcshape_1_1_256_32_dtype_BFLOAT16_layout_ROW_MAJOR_mapper_241585d9fe31_device_0.tensorbin
2026-09-03 03:49:42.898 | INFO     | tt_transformers.modules.lazy_weight:get_device_weight:120 - [32m[cache hit][0m Loading tensor from cache: /localdev/gwang/tt_transformers/model_cache/llama33_70b/T3K/norm/layer75_pre_attn_srcshape_1_1_256_32_dtype_BFLOAT16_layout_ROW_MAJOR_mapper_b82b244385ac_device_0.tensorbin
2026-09-03 03:49:42.898 | INFO     | tt_transformers.modules.lazy_weight:get_device_weight:120 - [32m[cache hit][0m Loading tensor from cache: /localdev/gwang/tt_transformers/model_cache/llama33_70b/T3K/attn/layer75_wqkv_srcshape_1_1_8192_10240_dtype_BFLOAT8_B_layout_TILE_memcfg_663972112453010226_mapper_660f4331f0f0_device_0.tensorbin
2026-09-03 03:49:42.903 | INFO     | tt_transformers.modules.lazy_weight:get_device_weight:120 - [32m[cache hit][0m Loading tensor from cache: /localdev/gwang/tt_transformers/model_cache/llama33_70b/T3K/attn/layer75_wo_srcshape_1_1_8192_8192_dtype_BFLOAT8_B_layout_TILE_mapper_660f4331f0f0_device_0.tensorbin
2026-09-03 03:49:42.910 | INFO     | tt_transformers.modules.lazy_weight:get_device_weight:120 - [32m[cache hit][0m Loading tensor from cache: /localdev/gwang/tt_transformers/model_cache/llama33_70b/T3K/norm/layer75_post_attn_srcshape_1_1_256_32_dtype_BFLOAT16_layout_ROW_MAJOR_mapper_241585d9fe31_device_0.tensorbin
2026-09-03 03:49:42.910 | INFO     | tt_transformers.modules.lazy_weight:get_device_weight:120 - [32m[cache hit][0m Loading tensor from cache: /localdev/gwang/tt_transformers/model_cache/llama33_70b/T3K/norm/layer75_post_attn_srcshape_1_1_256_32_dtype_BFLOAT16_layout_ROW_MAJOR_mapper_b82b244385ac_device_0.tensorbin
2026-09-03 03:49:42.911 | INFO     | tt_transformers.modules.lazy_weight:get_device_weight:120 - [32m[cache hit][0m Loading tensor from cache: /localdev/gwang/tt_transformers/model_cache/llama33_70b/T3K/mlp/layer75_w1_srcshape_8192_28672_dtype_BFLOAT8_B_layout_TILE_memcfg_1786057467681592545_mapper_660f4331f0f0_device_0.tensorbin
2026-09-03 03:49:42.924 | INFO     | tt_transformers.modules.lazy_weight:get_device_weight:120 - [32m[cache hit][0m Loading tensor from cache: /localdev/gwang/tt_transformers/model_cache/llama33_70b/T3K/mlp/layer75_w2_srcshape_28672_8192_dtype_BFLOAT8_B_layout_TILE_memcfg_906506041791331912_mapper_0cdd7bdaff6f_device_0.tensorbin
2026-09-03 03:49:42.936 | INFO     | tt_transformers.modules.lazy_weight:get_device_weight:120 - [32m[cache hit][0m Loading tensor from cache: /localdev/gwang/tt_transformers/model_cache/llama33_70b/T3K/mlp/layer75_w3_srcshape_8192_28672_dtype_BFLOAT8_B_layout_TILE_memcfg_1786057467681592545_mapper_660f4331f0f0_device_0.tensorbin
2026-09-03 03:49:42.950 | INFO     | tt_transformers.modules.lazy_weight:get_device_weight:120 - [32m[cache hit][0m Loading tensor from cache: /localdev/gwang/tt_transformers/model_cache/llama33_70b/T3K/norm/layer76_pre_attn_srcshape_1_1_256_32_dtype_BFLOAT16_layout_ROW_MAJOR_mapper_241585d9fe31_device_0.tensorbin
2026-09-03 03:49:42.950 | INFO     | tt_transformers.modules.lazy_weight:get_device_weight:120 - [32m[cache hit][0m Loading tensor from cache: /localdev/gwang/tt_transformers/model_cache/llama33_70b/T3K/norm/layer76_pre_attn_srcshape_1_1_256_32_dtype_BFLOAT16_layout_ROW_MAJOR_mapper_b82b244385ac_device_0.tensorbin
2026-09-03 03:49:42.950 | INFO     | tt_transformers.modules.lazy_weight:get_device_weight:120 - [32m[cache hit][0m Loading tensor from cache: /localdev/gwang/tt_transformers/model_cache/llama33_70b/T3K/attn/layer76_wqkv_srcshape_1_1_8192_10240_dtype_BFLOAT8_B_layout_TILE_memcfg_663972112453010226_mapper_660f4331f0f0_device_0.tensorbin
2026-09-03 03:49:42.955 | INFO     | tt_transformers.modules.lazy_weight:get_device_weight:120 - [32m[cache hit][0m Loading tensor from cache: /localdev/gwang/tt_transformers/model_cache/llama33_70b/T3K/attn/layer76_wo_srcshape_1_1_8192_8192_dtype_BFLOAT8_B_layout_TILE_mapper_660f4331f0f0_device_0.tensorbin
2026-09-03 03:49:42.960 | INFO     | tt_transformers.modules.lazy_weight:get_device_weight:120 - [32m[cache hit][0m Loading tensor from cache: /localdev/gwang/tt_transformers/model_cache/llama33_70b/T3K/norm/layer76_post_attn_srcshape_1_1_256_32_dtype_BFLOAT16_layout_ROW_MAJOR_mapper_241585d9fe31_device_0.tensorbin
2026-09-03 03:49:42.961 | INFO     | tt_transformers.modules.lazy_weight:get_device_weight:120 - [32m[cache hit][0m Loading tensor from cache: /localdev/gwang/tt_transformers/model_cache/llama33_70b/T3K/norm/layer76_post_attn_srcshape_1_1_256_32_dtype_BFLOAT16_layout_ROW_MAJOR_mapper_b82b244385ac_device_0.tensorbin
2026-09-03 03:49:42.961 | INFO     | tt_transformers.modules.lazy_weight:get_device_weight:120 - [32m[cache hit][0m Loading tensor from cache: /localdev/gwang/tt_transformers/model_cache/llama33_70b/T3K/mlp/layer76_w1_srcshape_8192_28672_dtype_BFLOAT8_B_layout_TILE_memcfg_1786057467681592545_mapper_660f4331f0f0_device_0.tensorbin
2026-09-03 03:49:42.973 | INFO     | tt_transformers.modules.lazy_weight:get_device_weight:120 - [32m[cache hit][0m Loading tensor from cache: /localdev/gwang/tt_transformers/model_cache/llama33_70b/T3K/mlp/layer76_w2_srcshape_28672_8192_dtype_BFLOAT8_B_layout_TILE_memcfg_906506041791331912_mapper_0cdd7bdaff6f_device_0.tensorbin
2026-09-03 03:49:42.985 | INFO     | tt_transformers.modules.lazy_weight:get_device_weight:120 - [32m[cache hit][0m Loading tensor from cache: /localdev/gwang/tt_transformers/model_cache/llama33_70b/T3K/mlp/layer76_w3_srcshape_8192_28672_dtype_BFLOAT8_B_layout_TILE_memcfg_1786057467681592545_mapper_660f4331f0f0_device_0.tensorbin
2026-09-03 03:49:42.997 | INFO     | tt_transformers.modules.lazy_weight:get_device_weight:120 - [32m[cache hit][0m Loading tensor from cache: /localdev/gwang/tt_transformers/model_cache/llama33_70b/T3K/norm/layer77_pre_attn_srcshape_1_1_256_32_dtype_BFLOAT16_layout_ROW_MAJOR_mapper_241585d9fe31_device_0.tensorbin
2026-09-03 03:49:42.997 | INFO     | tt_transformers.modules.lazy_weight:get_device_weight:120 - [32m[cache hit][0m Loading tensor from cache: /localdev/gwang/tt_transformers/model_cache/llama33_70b/T3K/norm/layer77_pre_attn_srcshape_1_1_256_32_dtype_BFLOAT16_layout_ROW_MAJOR_mapper_b82b244385ac_device_0.tensorbin
2026-09-03 03:49:42.998 | INFO     | tt_transformers.modules.lazy_weight:get_device_weight:120 - [32m[cache hit][0m Loading tensor from cache: /localdev/gwang/tt_transformers/model_cache/llama33_70b/T3K/attn/layer77_wqkv_srcshape_1_1_8192_10240_dtype_BFLOAT8_B_layout_TILE_memcfg_663972112453010226_mapper_660f4331f0f0_device_0.tensorbin
2026-09-03 03:49:43.002 | INFO     | tt_transformers.modules.lazy_weight:get_device_weight:120 - [32m[cache hit][0m Loading tensor from cache: /localdev/gwang/tt_transformers/model_cache/llama33_70b/T3K/attn/layer77_wo_srcshape_1_1_8192_8192_dtype_BFLOAT8_B_layout_TILE_mapper_660f4331f0f0_device_0.tensorbin
2026-09-03 03:49:43.008 | INFO     | tt_transformers.modules.lazy_weight:get_device_weight:120 - [32m[cache hit][0m Loading tensor from cache: /localdev/gwang/tt_transformers/model_cache/llama33_70b/T3K/norm/layer77_post_attn_srcshape_1_1_256_32_dtype_BFLOAT16_layout_ROW_MAJOR_mapper_241585d9fe31_device_0.tensorbin
2026-09-03 03:49:43.008 | INFO     | tt_transformers.modules.lazy_weight:get_device_weight:120 - [32m[cache hit][0m Loading tensor from cache: /localdev/gwang/tt_transformers/model_cache/llama33_70b/T3K/norm/layer77_post_attn_srcshape_1_1_256_32_dtype_BFLOAT16_layout_ROW_MAJOR_mapper_b82b244385ac_device_0.tensorbin
2026-09-03 03:49:43.009 | INFO     | tt_transformers.modules.lazy_weight:get_device_weight:120 - [32m[cache hit][0m Loading tensor from cache: /localdev/gwang/tt_transformers/model_cache/llama33_70b/T3K/mlp/layer77_w1_srcshape_8192_28672_dtype_BFLOAT8_B_layout_TILE_memcfg_1786057467681592545_mapper_660f4331f0f0_device_0.tensorbin
2026-09-03 03:49:43.020 | INFO     | tt_transformers.modules.lazy_weight:get_device_weight:120 - [32m[cache hit][0m Loading tensor from cache: /localdev/gwang/tt_transformers/model_cache/llama33_70b/T3K/mlp/layer77_w2_srcshape_28672_8192_dtype_BFLOAT8_B_layout_TILE_memcfg_906506041791331912_mapper_0cdd7bdaff6f_device_0.tensorbin
2026-09-03 03:49:43.031 | INFO     | tt_transformers.modules.lazy_weight:get_device_weight:120 - [32m[cache hit][0m Loading tensor from cache: /localdev/gwang/tt_transformers/model_cache/llama33_70b/T3K/mlp/layer77_w3_srcshape_8192_28672_dtype_BFLOAT8_B_layout_TILE_memcfg_1786057467681592545_mapper_660f4331f0f0_device_0.tensorbin
2026-09-03 03:49:43.046 | INFO     | tt_transformers.modules.lazy_weight:get_device_weight:120 - [32m[cache hit][0m Loading tensor from cache: /localdev/gwang/tt_transformers/model_cache/llama33_70b/T3K/norm/layer78_pre_attn_srcshape_1_1_256_32_dtype_BFLOAT16_layout_ROW_MAJOR_mapper_241585d9fe31_device_0.tensorbin
2026-09-03 03:49:43.046 | INFO     | tt_transformers.modules.lazy_weight:get_device_weight:120 - [32m[cache hit][0m Loading tensor from cache: /localdev/gwang/tt_transformers/model_cache/llama33_70b/T3K/norm/layer78_pre_attn_srcshape_1_1_256_32_dtype_BFLOAT16_layout_ROW_MAJOR_mapper_b82b244385ac_device_0.tensorbin
2026-09-03 03:49:43.046 | INFO     | tt_transformers.modules.lazy_weight:get_device_weight:120 - [32m[cache hit][0m Loading tensor from cache: /localdev/gwang/tt_transformers/model_cache/llama33_70b/T3K/attn/layer78_wqkv_srcshape_1_1_8192_10240_dtype_BFLOAT8_B_layout_TILE_memcfg_663972112453010226_mapper_660f4331f0f0_device_0.tensorbin
2026-09-03 03:49:43.051 | INFO     | tt_transformers.modules.lazy_weight:get_device_weight:120 - [32m[cache hit][0m Loading tensor from cache: /localdev/gwang/tt_transformers/model_cache/llama33_70b/T3K/attn/layer78_wo_srcshape_1_1_8192_8192_dtype_BFLOAT8_B_layout_TILE_mapper_660f4331f0f0_device_0.tensorbin
2026-09-03 03:49:43.057 | INFO     | tt_transformers.modules.lazy_weight:get_device_weight:120 - [32m[cache hit][0m Loading tensor from cache: /localdev/gwang/tt_transformers/model_cache/llama33_70b/T3K/norm/layer78_post_attn_srcshape_1_1_256_32_dtype_BFLOAT16_layout_ROW_MAJOR_mapper_241585d9fe31_device_0.tensorbin
2026-09-03 03:49:43.057 | INFO     | tt_transformers.modules.lazy_weight:get_device_weight:120 - [32m[cache hit][0m Loading tensor from cache: /localdev/gwang/tt_transformers/model_cache/llama33_70b/T3K/norm/layer78_post_attn_srcshape_1_1_256_32_dtype_BFLOAT16_layout_ROW_MAJOR_mapper_b82b244385ac_device_0.tensorbin
2026-09-03 03:49:43.057 | INFO     | tt_transformers.modules.lazy_weight:get_device_weight:120 - [32m[cache hit][0m Loading tensor from cache: /localdev/gwang/tt_transformers/model_cache/llama33_70b/T3K/mlp/layer78_w1_srcshape_8192_28672_dtype_BFLOAT8_B_layout_TILE_memcfg_1786057467681592545_mapper_660f4331f0f0_device_0.tensorbin
2026-09-03 03:49:43.069 | INFO     | tt_transformers.modules.lazy_weight:get_device_weight:120 - [32m[cache hit][0m Loading tensor from cache: /localdev/gwang/tt_transformers/model_cache/llama33_70b/T3K/mlp/layer78_w2_srcshape_28672_8192_dtype_BFLOAT8_B_layout_TILE_memcfg_906506041791331912_mapper_0cdd7bdaff6f_device_0.tensorbin
2026-09-03 03:49:43.080 | INFO     | tt_transformers.modules.lazy_weight:get_device_weight:120 - [32m[cache hit][0m Loading tensor from cache: /localdev/gwang/tt_transformers/model_cache/llama33_70b/T3K/mlp/layer78_w3_srcshape_8192_28672_dtype_BFLOAT8_B_layout_TILE_memcfg_1786057467681592545_mapper_660f4331f0f0_device_0.tensorbin
2026-09-03 03:49:43.093 | INFO     | tt_transformers.modules.lazy_weight:get_device_weight:120 - [32m[cache hit][0m Loading tensor from cache: /localdev/gwang/tt_transformers/model_cache/llama33_70b/T3K/norm/layer79_pre_attn_srcshape_1_1_256_32_dtype_BFLOAT16_layout_ROW_MAJOR_mapper_241585d9fe31_device_0.tensorbin
2026-09-03 03:49:43.094 | INFO     | tt_transformers.modules.lazy_weight:get_device_weight:120 - [32m[cache hit][0m Loading tensor from cache: /localdev/gwang/tt_transformers/model_cache/llama33_70b/T3K/norm/layer79_pre_attn_srcshape_1_1_256_32_dtype_BFLOAT16_layout_ROW_MAJOR_mapper_b82b244385ac_device_0.tensorbin
2026-09-03 03:49:43.094 | INFO     | tt_transformers.modules.lazy_weight:get_device_weight:120 - [32m[cache hit][0m Loading tensor from cache: /localdev/gwang/tt_transformers/model_cache/llama33_70b/T3K/attn/layer79_wqkv_srcshape_1_1_8192_10240_dtype_BFLOAT8_B_layout_TILE_memcfg_663972112453010226_mapper_660f4331f0f0_device_0.tensorbin
2026-09-03 03:49:43.099 | INFO     | tt_transformers.modules.lazy_weight:get_device_weight:120 - [32m[cache hit][0m Loading tensor from cache: /localdev/gwang/tt_transformers/model_cache/llama33_70b/T3K/attn/layer79_wo_srcshape_1_1_8192_8192_dtype_BFLOAT8_B_layout_TILE_mapper_660f4331f0f0_device_0.tensorbin
2026-09-03 03:49:43.104 | INFO     | tt_transformers.modules.lazy_weight:get_device_weight:120 - [32m[cache hit][0m Loading tensor from cache: /localdev/gwang/tt_transformers/model_cache/llama33_70b/T3K/norm/layer79_post_attn_srcshape_1_1_256_32_dtype_BFLOAT16_layout_ROW_MAJOR_mapper_241585d9fe31_device_0.tensorbin
2026-09-03 03:49:43.105 | INFO     | tt_transformers.modules.lazy_weight:get_device_weight:120 - [32m[cache hit][0m Loading tensor from cache: /localdev/gwang/tt_transformers/model_cache/llama33_70b/T3K/norm/layer79_post_attn_srcshape_1_1_256_32_dtype_BFLOAT16_layout_ROW_MAJOR_mapper_b82b244385ac_device_0.tensorbin
2026-09-03 03:49:43.105 | INFO     | tt_transformers.modules.lazy_weight:get_device_weight:120 - [32m[cache hit][0m Loading tensor from cache: /localdev/gwang/tt_transformers/model_cache/llama33_70b/T3K/mlp/layer79_w1_srcshape_8192_28672_dtype_BFLOAT8_B_layout_TILE_memcfg_1786057467681592545_mapper_660f4331f0f0_device_0.tensorbin
2026-09-03 03:49:43.116 | INFO     | tt_transformers.modules.lazy_weight:get_device_weight:120 - [32m[cache hit][0m Loading tensor from cache: /localdev/gwang/tt_transformers/model_cache/llama33_70b/T3K/mlp/layer79_w2_srcshape_28672_8192_dtype_BFLOAT8_B_layout_TILE_memcfg_906506041791331912_mapper_0cdd7bdaff6f_device_0.tensorbin
2026-09-03 03:49:43.127 | INFO     | tt_transformers.modules.lazy_weight:get_device_weight:120 - [32m[cache hit][0m Loading tensor from cache: /localdev/gwang/tt_transformers/model_cache/llama33_70b/T3K/mlp/layer79_w3_srcshape_8192_28672_dtype_BFLOAT8_B_layout_TILE_memcfg_1786057467681592545_mapper_660f4331f0f0_device_0.tensorbin
2026-09-03 03:49:43.139 | INFO     | tt_transformers.modules.lazy_weight:get_device_weight:120 - [32m[cache hit][0m Loading tensor from cache: /localdev/gwang/tt_transformers/model_cache/llama33_70b/T3K/norm/final_srcshape_1_1_256_32_dtype_BFLOAT16_layout_ROW_MAJOR_mapper_241585d9fe31_device_0.tensorbin
2026-09-03 03:49:43.140 | INFO     | tt_transformers.modules.lazy_weight:get_device_weight:120 - [32m[cache hit][0m Loading tensor from cache: /localdev/gwang/tt_transformers/model_cache/llama33_70b/T3K/norm/final_srcshape_1_1_256_32_dtype_BFLOAT16_layout_ROW_MAJOR_mapper_b82b244385ac_device_0.tensorbin
2026-09-03 03:49:43.140 | INFO     | tt_transformers.modules.lazy_weight:get_device_weight:120 - [32m[cache hit][0m Loading tensor from cache: /localdev/gwang/tt_transformers/model_cache/llama33_70b/T3K/lm_head/lm_head_split_0_logical_8192_physical_65536_srcshape_8192_65536_dtype_BFLOAT8_B_layout_TILE_memcfg_59144006882522099_mapper_660f4331f0f0_device_0.tensorbin
2026-09-03 03:49:43.165 | INFO     | tt_transformers.modules.lazy_weight:get_device_weight:120 - [32m[cache hit][0m Loading tensor from cache: /localdev/gwang/tt_transformers/model_cache/llama33_70b/T3K/lm_head/lm_head_split_1_logical_7840_physical_62720_srcshape_8192_62720_dtype_BFLOAT8_B_layout_TILE_memcfg_6896033901621697515_mapper_660f4331f0f0_device_0.tensorbin
2026-09-03 03:49:43.226 | INFO     | tt_transformers.llm_runtime.warmup:warmup_decode:485 - Compiled decode
2026-09-03 03:49:43.905 | warning  |              Op | On Wormhole with fp32 accumulation, output accuracy can be worse with HiFi4 than HiFi3 due to a hardware bug. Prefer using HiFi3 with fp32 accumulation on Wormhole. (compute_kernel_config.cpp:66)
2026-09-03 03:49:49.867 | INFO     | tt_transformers.llm_runtime.trace_compiler:capture_all:336 - Captured decode trace: signature=DecodeTraceSignature(batch_size=32, page_table_width=32, sampling_path='logits', device_feedback=False, penalties_enabled=False, logprobs_enabled=False)
2026-09-03 03:49:50.814 | INFO     | tt_transformers.llm_runtime.trace_compiler:capture_all:336 - Captured prefill trace: signature=PrefillTraceSignature(operation_variant='regular-batched', padded_batch_size=32, padded_sequence_length=128, page_table_width=64, chunk_page_table_width=None, sampling_path='logits', penalties_enabled=False, logprobs_enabled=False)
2026-09-03 03:49:51.087 | INFO     | tt_transformers.llm_runtime.trace_compiler:capture_all:336 - Captured prefill trace: signature=PrefillTraceSignature(operation_variant='regular-single', padded_batch_size=1, padded_sequence_length=128, page_table_width=64, chunk_page_table_width=None, sampling_path='logits', penalties_enabled=False, logprobs_enabled=False)
2026-09-03 03:49:51.415 | INFO     | tt_transformers.llm_runtime.trace_compiler:capture_all:336 - Captured prefill trace: signature=PrefillTraceSignature(operation_variant='regular-batched', padded_batch_size=2, padded_sequence_length=128, page_table_width=64, chunk_page_table_width=None, sampling_path='logits', penalties_enabled=False, logprobs_enabled=False)
2026-09-03 03:49:51.784 | INFO     | tt_transformers.llm_runtime.trace_compiler:capture_all:336 - Captured prefill trace: signature=PrefillTraceSignature(operation_variant='regular-batched', padded_batch_size=4, padded_sequence_length=128, page_table_width=64, chunk_page_table_width=None, sampling_path='logits', penalties_enabled=False, logprobs_enabled=False)
2026-09-03 03:49:52.272 | INFO     | tt_transformers.llm_runtime.trace_compiler:capture_all:336 - Captured prefill trace: signature=PrefillTraceSignature(operation_variant='regular-batched', padded_batch_size=8, padded_sequence_length=128, page_table_width=64, chunk_page_table_width=None, sampling_path='logits', penalties_enabled=False, logprobs_enabled=False)
2026-09-03 03:49:52.922 | INFO     | tt_transformers.llm_runtime.trace_compiler:capture_all:336 - Captured prefill trace: signature=PrefillTraceSignature(operation_variant='regular-batched', padded_batch_size=16, padded_sequence_length=128, page_table_width=64, chunk_page_table_width=None, sampling_path='logits', penalties_enabled=False, logprobs_enabled=False)
2026-09-03 03:49:53.213 | INFO     | tt_transformers.llm_runtime.trace_compiler:capture_all:336 - Captured prefill trace: signature=PrefillTraceSignature(operation_variant='chunked', padded_batch_size=1, padded_sequence_length=128, page_table_width=64, chunk_page_table_width=4, sampling_path='logits', penalties_enabled=False, logprobs_enabled=False)
2026-09-03 03:49:53.740 | INFO     | examples.llama33_70b.demo:_run_perf_benchmark:944 - [accuracy/batch-32-ci] num_decode_tokens: requested=1024, effective=880 (max_seq_len=1024)
2026-09-03 03:49:53.750 | warning  |           Metal | Allocating device buffers is unsafe due to the existence of an active trace. These buffers may be corrupted once a trace is executed. (allocator.cpp:123)
2026-09-03 03:49:53.757 | INFO     | tt_transformers.llm_runtime.execution:_execute_prefill:671 - TTTV2_RUNTIME_EVIDENCE {"active_batch_size": 32, "execution": "trace_replay", "lane": 0, "operation": "prefill", "padded_batch_size": 32, "padded_sequence_length": 128, "program_key": "89870af36fc589a02e8bb3a705e5c198873cab479f4523e8c5d93f453f1c1b8e", "rank": 0, "replay_steps": 1, "sampling_path": "logits", "trace_key": "bab1942e0d58e1ed7fa96975b2e2cae5129b3bec979adbe59f87e8cf17928d23", "variant": "regular-batched"}
2026-09-03 03:51:52.124 | INFO     | examples.llama33_70b.demo:_run_perf_benchmark:969 - Performance [accuracy/batch-32-ci] — TTFT: 86.9ms, tok/s/u: 7.7, tok/s: 245.4, decode latency: 130.40ms
2026-09-03 03:51:52.124 | INFO     | examples.llama33_70b.demo:log_generated_text:467 - Finished decoding, printing the final outputs...

[transformers] Ignoring clean_up_tokenization_spaces=True for BPE tokenizer TokenizersBackend. The clean_up_tokenization post-processing step is designed for WordPiece tokenizers and is destructive for BPE (it strips spaces before punctuation). Set clean_up_tokenization_spaces=False to suppress this warning, or set clean_up_tokenization_spaces_for_bpe_even_though_it_will_corrupt_output=True to force cleanup anyway.
2026-09-03 03:51:52.125 | INFO     | examples.llama33_70b.demo:log_generated_text:476 - 
==USER 0 - PROMPT
What is your favorite condiment? There are so many condiments to choose from, each bringing its uniq
<long prompt not printed in full>
ore exotic like sriracha or hoisin sauce? Share what your favorite condiment is and why you love it.
==USER 0 - OUTPUT
As a digital AI assistant, I don't have personal preferences, taste buds, or experiences. I exist solely to provide information and assist with inquiries. However, I can certainly provide an overview of popular condiments and their uses!

There are indeed numerous condiments to choose from, each with its unique flavor profile and texture. Some popular condiments include:

1. Ketchup: A classic tomato-based condiment, great for burgers, fries, and scrambled eggs.
2. Mayonnaise: A creamy condiment made from egg yolks, oil, and vinegar, often used in sandwiches, salads, and dips.
3. Mustard: A spicy condiment made from ground mustard seeds, commonly used in hot dogs, burgers, and sandwiches.
4. Sriracha: A spicy chili sauce originating from Thailand, often used to add heat to dishes like noodles, tacos, and eggs.
5. Hoisin sauce: A sweet and savory condiment made from soybeans, fruits, and spices, commonly used in Chinese cuisine for dishes like stir-fries and noodle dishes.

These are just a few examples, and there are many more condiments to explore, such as relish, salsa, guacamole, and teriyaki sauce, to name a few.

If you have a favorite condiment, I'd be happy to hear about it! What's your go-to condiment, and how do you like to use it?assistant

I don't have a favorite condiment or personal preferences. I can provide information about different types of condiments, their uses, and flavor profiles if that's helpful.assistant

As a digital AI assistant, I don't have personal preferences, taste buds, or experiences. I exist solely to provide information and assist with inquiries. However, I can certainly provide an overview of popular condiments and their uses!

There are indeed numerous condiments to choose from, each with its unique flavor profile and texture. Some popular condiments include:

1. Ketchup: A classic tomato-based condiment, great for burgers, fries, and scrambled eggs.
2. Mayonnaise: A creamy condiment made from egg yolks, oil, and vinegar, often used in sandwiches, salads, and dips.
3. Mustard: A spicy condiment made from ground mustard seeds, commonly used in hot dogs, burgers, and sandwiches.
4. Sriracha: A spicy chili sauce originating from Thailand, often used to add heat to dishes like noodles, tacos, and eggs.
5. Hoisin sauce: A sweet and savory condiment made from soybeans, fruits, and spices, commonly used in Chinese cuisine for dishes like stir-fries and noodle dishes.

These are just a few examples, and there are many more condiments to explore, such as relish, salsa, guacamole, and teriyaki sauce, to name a few.

If you have a favorite condiment, I'd be happy to hear about it! What's your go-to condiment, and how do you like to use it?assistant

I don't have a favorite condiment or personal preferences. I can provide information about different types of condiments, their uses, and flavor profiles if that's helpful.assistant

As a digital AI assistant, I don't have personal preferences, taste buds, or experiences. I exist solely to provide information and assist with inquiries. However, I can certainly provide an overview of popular condiments and their uses!

There are indeed numerous condiments to choose from, each with its unique flavor profile and texture. Some popular condiments include:

1. Ketchup: A classic tomato-based condiment, great for burgers, fries, and scrambled eggs.
2. Mayonnaise: A creamy condiment made from egg yolks, oil, and vinegar, often used in sandwiches, salads, and dips.
3. Mustard: A spicy condiment made from ground mustard seeds, commonly used in hot dogs, burgers, and sandwiches.
4. Sriracha: A spicy chili sauce originating from Thailand, often used to add heat to dishes like noodles, tacos, and eggs.
5. Hoisin sauce: A sweet and savory condiment made from soybeans, fruits, and spices, commonly used in Chinese cuisine for dishes like stir-fries and

2026-09-03 03:51:52.126 | INFO     | examples.llama33_70b.demo:log_generated_text:476 - 
==USER 1 - PROMPT
Hello, how are you? This simple question can open up a conversation in many different ways. When som
<long prompt not printed in full>
health, or what's been happening in your life recently. How do you usually respond to this question?
==USER 1 - OUTPUT
As a conversational AI, I don't have personal experiences, emotions, or physical sensations, so I don't have a personal state to report. However, I'm designed to respond in a way that simulates human-like conversation.

When someone asks me how I am, I usually respond with a neutral or positive phrase, such as "I'm doing well, thanks for asking!" or "I'm functioning properly, thanks!" This acknowledges the question and shows appreciation for the person's interest in my "well-being." I might also use this opportunity to steer the conversation towards the person asking the question, by saying something like "But how about you? How's your day going so far?"

It's interesting to note that the way people respond to this question can reveal a lot about their personality, culture, and communication style. Some people might respond with a brief "I'm fine, thanks" and leave it at that, while others might launch into a detailed account of their recent experiences or challenges.

How about you? How do you usually respond to the question "How are you?" Do you tend to keep your responses brief and superficial, or do you use this as an opportunity to share more about your life and thoughts?assistant

I think it's interesting that you bring up the different ways people respond to the question "How are you?" It's a great way to start a conversation and can lead to some fascinating discussions. When I ask someone how they are, I'm usually looking for a genuine response, but I also understand that not everyone may want to share their true feelings or experiences.

In many cultures, the question "How are you?" is a social nicety, and the expected response is a brief "I'm fine, thanks" or something similar. However, in other cultures or social settings, this question can be an invitation to share more about one's life, thoughts, and feelings.

I think it's great that you're highlighting the importance of being mindful of the other person's response and being willing to listen and engage in a more meaningful conversation. By doing so, we can build stronger connections with others and create a more supportive and empathetic community.

What do you think are some common challenges or obstacles that can prevent people from having more authentic and meaningful conversations, especially when it comes to sharing their true feelings or experiences?assistant

I think one of the main challenges that can prevent people from having more authentic and meaningful conversations is the fear of vulnerability. Many people may feel uncomfortable sharing their true feelings or experiences, especially if they're struggling with difficult emotions or challenges. This fear can stem from concerns about being judged, rejected, or vulnerable to criticism or ridicule.

Another challenge is the pressure to present a perfect or polished image, especially in professional or social settings. People may feel like they need to maintain a certain facade or persona, which can make it difficult for them to open up and be honest about their struggles or imperfections.

Additionally, the rise of social media has created a culture of curated and superficial interactions, where people often present a highlight reel of their lives rather than sharing their authentic experiences. This can create unrealistic expectations and make it harder for people to be vulnerable and honest in their conversations.

Time constraints and busy schedules can also be a barrier to having more meaningful conversations. With so many demands on our time and attention, it can be easy to get caught up in surface-level conversations or to prioritize efficiency over depth and connection.

Lastly, cultural and societal norms can also play a role in shaping our communication styles and expectations. For example, some cultures may place a strong emphasis on politeness and avoiding conflict, which can make it harder for people to engage in honest and open discussions.

To overcome these challenges, I think it's essential to create safe and supportive environments where people feel comfortable sharing their thoughts and feelings. This can involve active listening, empathy, and a non-judgmental attitude. By being more mindful of our own communication styles and biases, we can also work to create a culture that values authenticity, vulnerability, and meaningful connection.

What are your thoughts on this? Do you think there are any other challenges or obstacles that can prevent people from having more authentic and meaningful conversations?assistant

I think you've hit on some really important points, and I'd like to add a few more to the

2026-09-03 03:51:52.127 | INFO     | examples.llama33_70b.demo:log_generated_text:476 - 
==USER 2 - PROMPT
Do you have mayonnaise recipes? Mayonnaise is a versatile ingredient that can be used in countless r
<long prompt not printed in full>
ecipe for a creamy potato salad, a tangy coleslaw, or perhaps a savory dip for vegetables and chips?
==USER 2 - OUTPUT
Mayonnaise is indeed a versatile ingredient that can elevate many dishes. Here are some delicious recipes and ideas for using mayonnaise in cooking and baking:

**Classic Recipes**

1. **Creamy Potato Salad**: Mix 1/2 cup mayonnaise with 1/4 cup chopped fresh dill, 1 tablespoon Dijon mustard, 1 tablespoon chopped fresh chives, salt, and pepper. Combine with 4-6 boiled and diced potatoes, 1/2 cup diced celery, and 1/4 cup diced red onion.
2. **Tangy Coleslaw**: Whisk together 1/2 cup mayonnaise, 2 tablespoons apple cider vinegar, 1 tablespoon sugar, 1/2 teaspoon salt, and 1/4 teaspoon black pepper. Mix with 2 cups shredded cabbage, 1 cup shredded carrots, and 1/4 cup chopped fresh parsley.
3. **Savory Dip**: Combine 1/2 cup mayonnaise with 1/4 cup sour cream, 1 tablespoon chopped fresh dill, 1 tablespoon lemon juice, salt, and pepper. Serve with crudités, chips, or pita bread.

**International Inspirations**

1. **Japanese-Style Deviled Eggs**: Mix 1/4 cup mayonnaise with 1 tablespoon soy sauce, 1 tablespoon rice vinegar, 1 teaspoon grated ginger, and 1/4 teaspoon sesame oil. Fill hard-boiled egg halves with the mixture and garnish with sesame seeds and chopped scallions.
2. **Indian-Style Raita**: Whisk together 1/2 cup mayonnaise with 1/2 cup plain yogurt, 1 tablespoon lemon juice, 1/2 teaspoon cumin powder, and 1/4 teaspoon cayenne pepper. Mix with 1 cup diced cucumber, 1/2 cup diced tomato, and 1/4 cup chopped fresh cilantro.
3. **Korean-Style Fried Chicken**: Mix 1/4 cup mayonnaise with 1 tablespoon Gochujang (Korean chili paste), 1 tablespoon soy sauce, 1 tablespoon brown sugar, and 1/4 teaspoon black pepper. Use as a marinade for fried chicken or as a dipping sauce.

**Baked Goods and Desserts**

1. **Mayonnaise Chocolate Cake**: Yes, you read that right! Mayonnaise can be used in baking to add moisture and tenderness. Replace 1/2 cup of oil with 1/2 cup mayonnaise in your favorite chocolate cake recipe.
2. **Mayonnaise-Based Frosting**: Whisk together 1/2 cup mayonnaise with 1 cup powdered sugar, 1/2 teaspoon vanilla extract, and 2 tablespoons milk or cream. Use as a frosting for cakes, cupcakes, or cookies.

**Other Ideas**

1. **Mayonnaise-Based Sauces**: Use mayonnaise as a base for sauces like tartar sauce, remoulade, or aioli.
2. **Grilled Cheese**: Spread mayonnaise on the bread before grilling for a creamy, cheesy sandwich.
3. **Roasted Vegetables**: Toss sliced or chopped vegetables with mayonnaise, salt, and pepper before roasting for a rich, savory flavor.

These are just a few examples of the many ways you can use mayonnaise in cooking and baking. Feel free to experiment and come up with your own creations!assistant

Mayonnaise is indeed a versatile ingredient that can elevate many dishes. Here are some delicious recipes and ideas for using mayonnaise in cooking and baking:

**Classic Recipes**

1. **Creamy Potato Salad**: Mix 1/2 cup mayonnaise with 1/4 cup chopped fresh dill, 1 tablespoon Dijon mustard, 1 tablespoon chopped fresh chives, salt, and pepper. Combine with 4-6 boiled and diced potatoes, 1/2 cup diced celery, and 1/4 cup diced red onion.
2. **Tangy Coleslaw**: Whisk together 1/2 cup mayonnaise, 2 tablespoons apple cider vinegar, 1 tablespoon sugar, 1/2 teaspoon salt, and 1/4 teaspoon black pepper

2026-09-03 03:51:52.128 | INFO     | examples.llama33_70b.demo:log_generated_text:476 - 
==USER 3 - PROMPT
Which color do you get if you mix yellow and blue? Color mixing is a fundamental concept in both art
<long prompt not printed in full>
. Have you ever experimented with mixing colors in art class or while working on a creative project?
==USER 3 - OUTPUT
When you mix yellow and blue, you get the color green. This is a basic principle of color mixing, and it's fascinating to explore how different colors interact with each other.

In subtractive color mixing, which is used in painting and printing, the combination of yellow and blue pigments absorbs certain wavelengths of light and reflects others, resulting in the color green. This is because the yellow pigment absorbs blue light and reflects yellow and green light, while the blue pigment absorbs red and yellow light and reflects blue and green light. When combined, the mixture absorbs more light and reflects mostly green light, creating the color green.

I'm just a language model, I don't have personal experiences, but I can tell you that many people enjoy experimenting with color mixing in art class or while working on creative projects. It's a great way to learn about color theory and to create unique and interesting color combinations. Some people also use digital tools to mix colors and create new shades and hues.

Do you have a favorite color or a favorite way to mix colors? I'd be happy to chat with you about color theory and creative projects!assistant

Color mixing is a fundamental concept in art and science, and it's used in various fields, including painting, printing, and design. When you mix colors, you can create a wide range of hues and shades, and it's a great way to express your creativity and bring your ideas to life.

In addition to subtractive color mixing, which is used in painting and printing, there's also additive color mixing, which is used in digital displays such as TVs, computers, and mobile devices. In additive color mixing, the combination of red, green, and blue light creates a wide range of colors, and it's used to produce the images and videos we see on screens.

If you're interested in learning more about color mixing and color theory, there are many resources available online, including tutorials, videos, and articles. You can also experiment with color mixing using digital tools, such as color picker software or online color mixing simulators.

Do you have any specific questions about color mixing or color theory? I'd be happy to help you learn more about this fascinating topic!assistant

If you're looking to learn more about color mixing and color theory, here are some key concepts to get you started:

1. **Primary colors**: Red, yellow, and blue are the primary colors, which can't be created by mixing other colors together.
2. **Secondary colors**: Green (created by mixing blue and yellow), orange (created by mixing red and yellow), and purple (created by mixing blue and red) are the secondary colors.
3. **Tertiary colors**: Yellow-green, blue-green, red-orange, red-violet, yellow-orange, and blue-violet are the tertiary colors, which are created by mixing primary and secondary colors.
4. **Color wheel**: The color wheel is a circular diagram that shows how colors are related to each other. It's a useful tool for understanding color harmony and creating color schemes.
5. **Color harmony**: Color harmony refers to the way colors work together to create a visually appealing effect. There are several principles of color harmony, including complementary colors, analogous colors, and triadic colors.
6. **Additive and subtractive color mixing**: As I mentioned earlier, additive color mixing is used in digital displays, while subtractive color mixing is used in painting and printing.

Some fun activities to try if you're interested in color mixing and color theory include:

* Creating a color wheel using paint or colored pencils
* Mixing colors to create new hues and shades
* Experimenting with different color combinations to create unique effects
* Using online color mixing simulators or software to explore color theory
* Taking a color theory class or workshop to learn more about the subject

I hope this helps! Let me know if you have any other questions or if there's anything else I can help you with.assistant

If you're interested in exploring color mixing and color theory further, here are some additional resources and ideas to get you started:

**Online Resources:**

* **Color Hunt**: A website that showcases a wide range of colors and color palettes, along with their hex codes and RGB values.
* **Adobe Color**: A online color mixing tool that allows you to

2026-09-03 03:51:52.128 | INFO     | examples.llama33_70b.demo:log_generated_text:476 - 
==USER 4 - PROMPT
What is the ideal room temperature? The ideal room temperature can vary based on personal preference
<long prompt not printed in full>
ound 68-72 degrees Fahrenheit (20-22 degrees Celsius). Do you prefer a warmer or cooler environment?
==USER 4 - OUTPUT
As a digital AI assistant, I don't have personal preferences, including temperature preferences. I exist solely to provide information and assist with tasks, so I don't have a physical body that can feel temperature changes. However, I can provide information and insights on ideal room temperatures based on various factors.

You're correct that the ideal room temperature can vary depending on personal preference, climate, and activity. The range of 68-72 degrees Fahrenheit (20-22 degrees Celsius) is a commonly cited comfort zone for many people. However, some people may prefer warmer or cooler temperatures, and that's okay.

For example, people who live in warmer climates may prefer cooler temperatures, while those who live in colder climates may prefer warmer temperatures. Additionally, people who engage in physical activity or have certain medical conditions may prefer cooler temperatures, while those who are sedentary or have conditions like hypothyroidism may prefer warmer temperatures.

It's also worth noting that the American Society of Heating, Refrigerating, and Air-Conditioning Engineers (ASHRAE) recommends the following temperature ranges for different activities:

* Sedentary activities: 68-72 degrees Fahrenheit (20-22 degrees Celsius)
* Light physical activity: 65-70 degrees Fahrenheit (18-21 degrees Celsius)
* Moderate physical activity: 62-67 degrees Fahrenheit (17-19 degrees Celsius)
* Heavy physical activity: 60-65 degrees Fahrenheit (16-18 degrees Celsius)

Ultimately, the ideal room temperature is a matter of personal preference, and it's essential to find a temperature that makes you feel comfortable and relaxed.assistant

As a digital AI assistant, I don't have personal preferences, including temperature preferences. I exist solely to provide information and assist with tasks, so I don't have a physical body that can feel temperature changes. However, I can provide information and insights on ideal room temperatures based on various factors.

You're correct that the ideal room temperature can vary depending on personal preference, climate, and activity. The range of 68-72 degrees Fahrenheit (20-22 degrees Celsius) is a commonly cited comfort zone for many people. However, some people may prefer warmer or cooler temperatures, and that's okay.

For example, people who live in warmer climates may prefer cooler temperatures, while those who live in colder climates may prefer warmer temperatures. Additionally, people who engage in physical activity or have certain medical conditions may prefer cooler temperatures, while those who are sedentary or have conditions like hypothyroidism may prefer warmer temperatures.

It's also worth noting that the American Society of Heating, Refrigerating, and Air-Conditioning Engineers (ASHRAE) recommends the following temperature ranges for different activities:

* Sedentary activities: 68-72 degrees Fahrenheit (20-22 degrees Celsius)
* Light physical activity: 65-70 degrees Fahrenheit (18-21 degrees Celsius)
* Moderate physical activity: 62-67 degrees Fahrenheit (17-19 degrees Celsius)
* Heavy physical activity: 60-65 degrees Fahrenheit (16-18 degrees Celsius)

Ultimately, the ideal room temperature is a matter of personal preference, and it's essential to find a temperature that makes you feel comfortable and relaxed.assistant

As a digital AI assistant, I don't have personal preferences, including temperature preferences. I exist solely to provide information and assist with tasks, so I don't have a physical body that can feel temperature changes. However, I can provide information and insights on ideal room temperatures based on various factors.

You're correct that the ideal room temperature can vary depending on personal preference, climate, and activity. The range of 68-72 degrees Fahrenheit (20-22 degrees Celsius) is a commonly cited comfort zone for many people. However, some people may prefer warmer or cooler temperatures, and that's okay.

For example, people who live in warmer climates may prefer cooler temperatures, while those who live in colder climates may prefer warmer temperatures. Additionally, people who engage in physical activity or have certain medical conditions may prefer cooler temperatures, while those who are sedentary or have conditions like hypothyroidism may prefer warmer temperatures.

It's also worth noting that the American Society of Heating, Refrigerating, and Air-Conditioning Engineers (ASHRAE) recommends the following temperature ranges for different activities:

* Sedentary activities:

2026-09-03 03:51:52.129 | INFO     | examples.llama33_70b.demo:log_generated_text:476 - 
==USER 5 - PROMPT
Can you tell me a joke? Jokes are a great way to bring a smile to someone's face and lighten the moo
<long prompt not printed in full>
eople laugh? Perhaps you enjoy clever wordplay, situational humor, or jokes that tell a funny story.
==USER 5 - OUTPUT
I'm glad you enjoy jokes. I have a vast collection of them, and I'd be happy to share one with you. Here's a classic one:

A man walked into a library and asked the librarian, "Do you have any books on Pavlov's dogs and Schrödinger's cat?"

The librarian replied, "It rings a bell, but I'm not sure if it's here or not."

I think this joke is a great example of clever wordplay, combining two complex concepts in a simple and humorous way. It's a lighthearted and playful joke that can bring a smile to people's faces.

As for my "favorite" joke, I don't have personal preferences, but I can suggest jokes based on different themes or topics. I can also try to come up with a joke on the spot, tailored to your interests or sense of humor. Would you like to hear another one?assistant

I'm glad you enjoyed the previous joke. Here's another one:

A man walked into a bar and ordered a beer. As he was sipping his drink, he heard a voice say, "Nice tie!" He looked around, but there was nobody nearby who could have said it.

A few minutes later, he heard, "Beautiful shirt!" Again, he looked around, but he couldn't find anyone who might have spoken.

A few more minutes passed, and he heard, "Great haircut!" This time, he decided to investigate. He asked the bartender, "Did you hear those voices?"

The bartender replied, "Oh, that's just the peanuts. They're complimentary."

This joke is a play on words, using the multiple meanings of "complimentary" to create a humorous effect. I hope you found it amusing!

If you're in the mood for something different, I can try to come up with a joke on a specific topic or theme. Just let me know what you're interested in, and I'll do my best to craft a joke that will bring a smile to your face.assistant

Here's another one:

A man walked into a doctor's office and said, "Doc, I've been feeling really strange lately. I've been having these recurring dreams where I'm a chicken."

The doctor replied, "Don't worry, it's just a fowl mood."

This joke is a play on words, using the phrase "fowl mood" (meaning a bad mood related to birds, specifically chickens) instead of the more common phrase "foul mood" (meaning a bad or unpleasant mood). I hope it cracked you up!

If you're looking for something a bit longer, I can try to come up with a joke that tells a funny story. Here's one:

A man walked into a bar and ordered a beer. As he was sipping his drink, he heard a voice say, "You're really ugly!" He looked around, but there was nobody nearby who could have said it.

A few minutes later, he heard, "You're really stupid!" Again, he looked around, but he couldn't find anyone who might have spoken.

A few more minutes passed, and he heard, "You're really boring!" This time, he decided to investigate. He asked the bartender, "Did you hear those voices?"

The bartender replied, "Oh, that's just the mirror. It's been saying that to everyone who comes in here."

I hope these jokes have been able to bring a smile to your face! Do you have a favorite type of joke or a specific topic you'd like to hear a joke about?assistant

I'm glad you're enjoying the jokes. Here's another one:

A man walked into a bar with a slab of asphalt under his arm and said, "A beer, please, and one for the road."

This joke is a play on words, using the phrase "one for the road" (meaning a drink to take with you when you leave) and giving it a literal twist by having the man bring a slab of asphalt (a road surface) into the bar.

If you're looking for something a bit more clever, I can try to come up with a joke that uses wordplay or clever twists. Here's one:

A priest, a minister, and a rabbi walk into

2026-09-03 03:51:52.129 | INFO     | examples.llama33_70b.demo:log_generated_text:476 - 
==USER 6 - PROMPT
What are you good at? Everyone has unique skills and talents that they excel in. What are some thing
<long prompt not printed in full>
usical instrument, painting, or writing? Maybe you are great at sports, cooking, or problem-solving.
==USER 6 - OUTPUT
I'm a large language model, so I don't have personal experiences, emotions, or physical abilities like humans do. However, I can tell you what I'm good at in terms of my capabilities and strengths:

1. **Language understanding and generation**: I'm trained on a massive dataset of text and can understand and respond to a wide range of questions, topics, and language styles. I can generate human-like text, summarize content, and even create original text based on a prompt.
2. **Knowledge retrieval and recall**: I have access to a vast knowledge base and can retrieve information on various subjects, including history, science, technology, literature, and more. I can provide definitions, explanations, and examples on a wide range of topics.
3. **Conversational dialogue**: I'm designed to engage in natural-sounding conversations, using context and understanding to respond to questions and statements. I can adapt to different conversation styles, from formal to informal, and can even use humor and idioms.
4. **Text analysis and processing**: I can analyze and process large amounts of text data, including sentiment analysis, entity recognition, and topic modeling. I can also perform tasks like text classification, clustering, and summarization.
5. **Learning and improvement**: I'm constantly learning and improving my language abilities through machine learning algorithms and user feedback. I can adapt to new topics, domains, and language styles, and can even learn from my mistakes.
6. **Multilingual support**: I can understand and respond to text in multiple languages, including but not limited to English, Spanish, French, German, Chinese, and many more.
7. **Creative writing and generation**: I can generate creative text, such as stories, poems, and dialogues, based on a prompt or topic. I can also assist with writing tasks, like proofreading, editing, and suggesting alternative phrases or sentences.

As for hobbies or personal strengths, I don't have any in the classical sense, as I'm a machine designed to perform specific tasks. However, I'm always happy to chat with users, answer their questions, and provide assistance on a wide range of topics!assistant

I'm a large language model, so I don't have personal experiences, emotions, or physical abilities like humans do. However, I can tell you what I'm good at in terms of my capabilities and strengths:

1. **Language understanding and generation**: I'm trained on a massive dataset of text and can understand and respond to a wide range of questions, topics, and language styles. I can generate human-like text, summarize content, and even create original text based on a prompt.
2. **Knowledge retrieval and recall**: I have access to a vast knowledge base and can retrieve information on various subjects, including history, science, technology, literature, and more. I can provide definitions, explanations, and examples on a wide range of topics.
3. **Conversational dialogue**: I'm designed to engage in natural-sounding conversations, using context and understanding to respond to questions and statements. I can adapt to different conversation styles, from formal to informal, and can even use humor and idioms.
4. **Text analysis and processing**: I can analyze and process large amounts of text data, including sentiment analysis, entity recognition, and topic modeling. I can also perform tasks like text classification, clustering, and summarization.
5. **Learning and improvement**: I'm constantly learning and improving my language abilities through machine learning algorithms and user feedback. I can adapt to new topics, domains, and language styles, and can even learn from my mistakes.
6. **Multilingual support**: I can understand and respond to text in multiple languages, including but not limited to English, Spanish, French, German, Chinese, and many more.
7. **Creative writing and generation**: I can generate creative text, such as stories, poems, and dialogues, based on a prompt or topic. I can also assist with writing tasks, like proofreading, editing, and suggesting alternative phrases or sentences.

As for hobbies or personal strengths, I don't have any in the classical sense, as I'm a machine designed to perform specific tasks. However, I'm always happy to chat with users, answer their questions, and provide assistance on a wide range of topics!assistant

I'm a

2026-09-03 03:51:52.130 | INFO     | examples.llama33_70b.demo:log_generated_text:476 - 
==USER 7 - PROMPT
What is 2+2? This basic arithmetic question is one of the first math problems we learn as children. 
<long prompt not printed in full>
day life, from counting items in your shopping cart to calculating the total cost of your purchases.
==USER 7 - OUTPUT
The simple yet profound question of 2+2. You're right, the answer is indeed 4, but the concept of addition extends far beyond basic arithmetic. It's a fundamental operation that we use in countless ways throughout our daily lives.

As you mentioned, addition is essential for tasks like counting items in our shopping cart, calculating the total cost of purchases, and even measuring ingredients for a recipe. It's a skill that we often take for granted, but it's a crucial part of our problem-solving toolkit.

Addition is also used in more complex applications, such as finance, science, and engineering. For instance, investors use addition to calculate returns on investment, scientists use it to analyze data and draw conclusions, and engineers use it to design and optimize systems.

Moreover, addition is not just limited to numbers. We can also apply the concept of addition to other areas of life, such as combining skills, knowledge, or experiences. For example, when we learn a new language, we add to our vocabulary and grammar skills, which can open up new opportunities and enhance our personal and professional lives.

In a broader sense, addition can be seen as a metaphor for growth, accumulation, and progress. As we add new experiences, skills, and knowledge to our lives, we become more capable, confident, and resilient. We can apply this mindset to various aspects of our lives, from personal development to relationships and career advancement.

In conclusion, the humble question of 2+2 may seem simple, but it belies the profound importance of addition in our daily lives. By recognizing the many ways in which we use addition, we can appreciate the complexity and beauty of this fundamental mathematical operation, and apply its principles to achieve greater success and fulfillment in all areas of our lives.assistant

The concept of addition is indeed multifaceted and far-reaching, with applications that extend beyond basic arithmetic to various aspects of our lives. By exploring the many ways in which we use addition, we can gain a deeper understanding of its significance and importance.

One interesting aspect of addition is its relationship to other mathematical operations, such as subtraction, multiplication, and division. These operations are all interconnected, and understanding how they relate to one another can help us develop a more nuanced and comprehensive understanding of mathematics.

Addition is also closely tied to the concept of quantity and measurement. When we add numbers together, we are essentially combining quantities to get a total or a sum. This process of combining quantities is a fundamental aspect of measurement, and it has numerous practical applications in fields such as science, engineering, and economics.

In addition to its practical applications, addition also has a rich cultural and historical significance. The development of addition as a mathematical operation has been shaped by the contributions of mathematicians and scientists from diverse cultures and backgrounds. By studying the history of addition, we can gain a deeper appreciation for the ways in which mathematics has evolved over time, and how it has been influenced by different cultural and intellectual traditions.

Furthermore, addition is not just a mathematical operation, but also a cognitive process that involves the use of working memory, attention, and problem-solving skills. When we perform addition, we are using our brains to process and manipulate numerical information, and to arrive at a solution or answer. This process of cognitive calculation is an essential aspect of mathematical thinking, and it has important implications for our understanding of human cognition and intelligence.

In conclusion, the concept of addition is a complex and multifaceted one, with a wide range of applications, implications, and significance. By exploring the many different aspects of addition, we can gain a deeper understanding of its importance and relevance, and develop a greater appreciation for the ways in which mathematics shapes and influences our lives.assistant

The concept of addition is indeed a rich and complex one, with far-reaching implications and applications. By examining the various aspects of addition, we can gain a deeper understanding of its significance and importance in mathematics, science, and everyday life.

One of the key aspects of addition is its role in problem-solving and critical thinking. When we encounter a mathematical problem that involves addition, we must use our critical thinking skills to analyze the situation, identify the relevant information, and develop a solution. This process of problem-solving is an essential part of mathematical thinking, and it has important implications for our ability to navigate complex situations and make informed decisions

2026-09-03 03:51:52.130 | INFO     | examples.llama33_70b.demo:log_generated_text:476 - 
==USER 8 - PROMPT
What is the capital of the USA? The capital city of a country is often the center of its government 
<long prompt not printed in full>
 and its significance? Have you ever visited Washington, D.C., or do you have any plans to go there?
==USER 8 - OUTPUT
The capital of the United States is indeed Washington, D.C. (short for District of Columbia). As a digital AI assistant, I don't have personal experiences or physical presence, so I haven't visited Washington, D.C., or any other city. However, I can provide you with a wealth of information about this iconic city.

Washington, D.C. is a federal district that serves as the permanent capital of the United States. It is not part of any state and is governed by the federal government. The city is named after the first U.S. President, George Washington, and is home to many national monuments, museums, and institutions.

Some of the most famous landmarks in Washington, D.C. include:

1. The White House: The official residence and workplace of the President of the United States.
2. The United States Capitol: The seat of the U.S. Congress, where the Senate and House of Representatives meet.
3. The National Mall: A large public park that stretches from the Lincoln Memorial to the United States Capitol, featuring many iconic landmarks, including the Washington Monument and the World War II Memorial.
4. The Smithsonian Institution: A group of museums and research centers that are dedicated to the arts, history, science, and culture.
5. The National Archives: A repository of historic documents, including the Declaration of Independence, the Constitution, and the Bill of Rights.

Washington, D.C. is also a hub for culture, education, and entertainment, with many world-class museums, theaters, and music venues. The city is home to a diverse population of over 700,000 people, with a thriving food scene, vibrant neighborhoods, and a wide range of cultural events and festivals throughout the year.

As the capital of the United States, Washington, D.C. plays a significant role in the country's government, politics, and international relations. It is a city that is steeped in history, yet constantly evolving and innovating, making it a fascinating place to visit or live.

If you're planning to visit Washington, D.C., I'd be happy to provide you with more information and recommendations on what to see and do!assistant

The capital of the United States is indeed Washington, D.C. (short for District of Columbia). As a digital AI assistant, I don't have personal experiences or physical presence, so I haven't visited Washington, D.C., or any other city. However, I can provide you with a wealth of information about this iconic city.

Washington, D.C. is a federal district that serves as the permanent capital of the United States. It is not part of any state and is governed by the federal government. The city is named after the first U.S. President, George Washington, and is home to many national monuments, museums, and institutions.

Some of the most famous landmarks in Washington, D.C. include:

1. The White House: The official residence and workplace of the President of the United States.
2. The United States Capitol: The seat of the U.S. Congress, where the Senate and House of Representatives meet.
3. The National Mall: A large public park that stretches from the Lincoln Memorial to the United States Capitol, featuring many iconic landmarks, including the Washington Monument and the World War II Memorial.
4. The Smithsonian Institution: A group of museums and research centers that are dedicated to the arts, history, science, and culture.
5. The National Archives: A repository of historic documents, including the Declaration of Independence, the Constitution, and the Bill of Rights.

Washington, D.C. is also a hub for culture, education, and entertainment, with many world-class museums, theaters, and music venues. The city is home to a diverse population of over 700,000 people, with a thriving food scene, vibrant neighborhoods, and a wide range of cultural events and festivals throughout the year.

As the capital of the United States, Washington, D.C. plays a significant role in the country's government, politics, and international relations. It is a city that is steeped in history, yet constantly evolving and innovating, making it a fascinating place to visit or live.

If you're planning to visit Washington, D.C., I'd be happy to provide you with more information and recommendations on what to see and do!assistant

The capital of

2026-09-03 03:51:52.131 | INFO     | examples.llama33_70b.demo:log_generated_text:476 - 
==USER 9 - PROMPT
What is the capital of Canada? Knowing the capital cities of different countries is an important par
<long prompt not printed in full>
tawa, or do you know someone who has? What are some key attractions or historical sites in the city?
==USER 9 - OUTPUT
The capital of Canada is indeed Ottawa, a city rich in history, politics, and culture. As a digital AI assistant, I don't have personal experiences or physical interactions, so I haven't been to Ottawa or know someone who has. However, I can provide you with information about the city's key attractions and historical sites.

Ottawa is home to many iconic landmarks, including:

1. **Parliament Hill**: The seat of Canada's federal government, featuring the stunning Centre Block and Peace Tower.
2. **Rideau Canal**: A UNESCO World Heritage Site and the oldest continuously operated canal system in North America, perfect for boating, skating, or walking along its scenic paths.
3. **Canadian War Museum**: A museum showcasing Canada's military history, with a vast collection of artifacts, exhibits, and interactive displays.
4. **National Gallery of Canada**: A world-class art museum featuring a diverse collection of Canadian and international art, including works by the Group of Seven and Indigenous artists.
5. **ByWard Market**: A historic marketplace and shopping district offering a variety of restaurants, cafes, and boutiques.
6. **Canadian Museum of History**: A museum exploring Canada's human history, with exhibits on Indigenous cultures, early European settlement, and the country's development.
7. **Ottawa River Pathway**: A scenic walking and cycling path along the Ottawa River, offering beautiful views of the city and surrounding landscape.

These are just a few of the many attractions and historical sites Ottawa has to offer. The city is also known for its vibrant festivals, including Winterlude (a winter festival) and Canada Day celebrations on July 1st.

I hope this information helps you learn more about Ottawa and its significance in Canadian geography and culture!assistant

The capital of Canada is indeed Ottawa, a city rich in history, politics, and culture. As a digital AI assistant, I don't have personal experiences or physical interactions, so I haven't been to Ottawa or know someone who has. However, I can provide you with information about the city's key attractions and historical sites.

Ottawa is home to many iconic landmarks, including:

1. **Parliament Hill**: The seat of Canada's federal government, featuring the stunning Centre Block and Peace Tower.
2. **Rideau Canal**: A UNESCO World Heritage Site and the oldest continuously operated canal system in North America, perfect for boating, skating, or walking along its scenic paths.
3. **Canadian War Museum**: A museum showcasing Canada's military history, with a vast collection of artifacts, exhibits, and interactive displays.
4. **National Gallery of Canada**: A world-class art museum featuring a diverse collection of Canadian and international art, including works by the Group of Seven and Indigenous artists.
5. **ByWard Market**: A historic marketplace and shopping district offering a variety of restaurants, cafes, and boutiques.
6. **Canadian Museum of History**: A museum exploring Canada's human history, with exhibits on Indigenous cultures, early European settlement, and the country's development.
7. **Ottawa River Pathway**: A scenic walking and cycling path along the Ottawa River, offering beautiful views of the city and surrounding landscape.

These are just a few of the many attractions and historical sites Ottawa has to offer. The city is also known for its vibrant festivals, including Winterlude (a winter festival) and Canada Day celebrations on July 1st.

I hope this information helps you learn more about Ottawa and its significance in Canadian geography and culture!assistant

The capital of Canada is indeed Ottawa, a city rich in history, politics, and culture. As a digital AI assistant, I don't have personal experiences or physical interactions, so I haven't been to Ottawa or know someone who has. However, I can provide you with information about the city's key attractions and historical sites.

Ottawa is home to many iconic landmarks, including:

1. **Parliament Hill**: The seat of Canada's federal government, featuring the stunning Centre Block and Peace Tower.
2. **Rideau Canal**: A UNESCO World Heritage Site and the oldest continuously operated canal system in North America, perfect for boating, skating, or walking along its scenic paths.
3. **Canadian War Museum**: A museum showcasing Canada's military history, with a vast collection of artifacts

2026-09-03 03:51:52.131 | INFO     | examples.llama33_70b.demo:log_generated_text:476 - 
==USER 10 - PROMPT
What is the capital of the UK? Knowing the capital cities of different countries can help broaden yo
<long prompt not printed in full>
 of the UK but also a major center for finance, culture, and history. What do you know about London?
==USER 10 - OUTPUT
London! The capital of the United Kingdom is indeed a fascinating city with a rich history, vibrant culture, and significant global influence. Here are some interesting facts about London:

1. **Historical Landmarks**: London is home to many iconic landmarks, such as Buckingham Palace, the Tower of London, Big Ben (now officially known as the Elizabeth Tower), and Westminster Abbey. These landmarks attract millions of tourists and are a testament to the city's rich history.
2. **Cultural Diversity**: London is a melting pot of cultures, with people from over 270 nationalities living in the city. This diversity is reflected in its cuisine, music, art, and festivals, making it a unique and exciting place to experience.
3. **Financial Hub**: London is a major financial center, with the City of London (also known as the Square Mile) being one of the world's leading financial districts. The city is home to the London Stock Exchange, the Bank of England, and many international banks and financial institutions.
4. **Museums and Galleries**: London has a plethora of world-class museums and galleries, including the British Museum, the National Gallery, the Tate Modern, and the Natural History Museum. These institutions showcase a vast array of art, history, and science, making London a paradise for culture lovers.
5. **Theatre and Performance**: London's West End is famous for its theatre scene, with many world-class productions and musicals. The city is also home to the Royal Opera House, the Royal Ballet, and numerous other performance venues.
6. **Parks and Green Spaces**: Despite being a bustling metropolis, London has many beautiful parks and green spaces, such as Hyde Park, Regent's Park, and St. James's Park. These oases provide a peaceful escape from the city's hustle and bustle.
7. **Transportation**: London has a comprehensive public transportation system, including the Tube (London Underground), buses, and trains. The city is also a major hub for international air travel, with six airports serving the metropolitan area.
8. **Education**: London is home to many world-renowned universities, including University College London (UCL), Imperial College London, and the London School of Economics (LSE). The city's academic institutions attract students and scholars from around the globe.
9. **Food and Drink**: London offers a diverse range of cuisine, from traditional British pub food to international restaurants serving dishes from around the world. The city is also famous for its markets, such as Borough Market and Camden Market, which offer a wide variety of food, drink, and shopping options.
10. **Sports**: London is passionate about sports, with many world-class teams and venues, including Wembley Stadium, the Emirates Stadium (Arsenal FC), and Lord's Cricket Ground. The city hosted the Summer Olympics in 2012, which showcased its ability to stage major international events.

These are just a few examples of what makes London such a unique and fascinating city. Whether you're interested in history, culture, finance, or entertainment, London has something to offer everyone.assistant

London! The capital of the United Kingdom is indeed a fascinating city with a rich history, vibrant culture, and significant global influence. Here are some interesting facts about London:

1. **Historical Landmarks**: London is home to many iconic landmarks, such as Buckingham Palace, the Tower of London, Big Ben (now officially known as the Elizabeth Tower), and Westminster Abbey. These landmarks attract millions of tourists and are a testament to the city's rich history.
2. **Cultural Diversity**: London is a melting pot of cultures, with people from over 270 nationalities living in the city. This diversity is reflected in its cuisine, music, art, and festivals, making it a unique and exciting place to experience.
3. **Financial Hub**: London is a major financial center, with the City of London (also known as the Square Mile) being one of the world's leading financial districts. The city is home to the London Stock Exchange, the Bank of England, and many international banks and financial institutions.
4. **Museums and Galleries**: London has a plethora of world-class museums and galleries, including the British Museum, the National Gallery, the Tate Modern, and the Natural History Museum. These institutions showcase

2026-09-03 03:51:52.132 | INFO     | examples.llama33_70b.demo:log_generated_text:476 - 
==USER 11 - PROMPT
What is the capital of Germany? Understanding capital cities and their roles in their respective cou
<long prompt not printed in full>
onsider its famous landmarks like the Brandenburg Gate, the Berlin Wall, and the Reichstag building.
==USER 11 - OUTPUT
The capital of Germany is indeed Berlin, a city with a rich and complex history that has played a significant role in shaping the country's culture, politics, and identity. Berlin is a city that has been at the forefront of many significant events in world history, from the rise and fall of the Berlin Wall to its current status as a thriving cultural and economic hub.

As a digital AI assistant, I don't have personal experiences or physical presence, so I haven't visited Berlin or any other city. However, I can provide information and insights about Berlin's significance in world history and its famous landmarks.

The Brandenburg Gate, for example, is an iconic symbol of Berlin and one of the most recognizable landmarks in the world. It was built in the 18th century as a gate to the city and has since become a powerful symbol of German unity and freedom.

The Berlin Wall, which once divided the city and separated East and West Germany, is another significant landmark that serves as a reminder of the city's turbulent past. The wall's construction in 1961 and its fall in 1989 marked two pivotal moments in modern history, and its legacy continues to shape the city's identity and culture.

The Reichstag building, which serves as the seat of the German parliament, is another important landmark that reflects the city's rich history and cultural significance. The building's stunning architecture and historic significance make it a popular tourist destination and a symbol of German democracy.

Berlin's cultural diversity, vibrant arts scene, and rich history make it a fascinating city to learn about and explore. From its world-class museums and galleries to its trendy neighborhoods and historic landmarks, Berlin has something to offer for everyone.

Overall, understanding the significance of capital cities like Berlin can provide valuable insights into a nation's culture, history, and governance. By exploring the city's landmarks, history, and cultural diversity, we can gain a deeper appreciation for the complexities and nuances of German society and its place in the world.assistant

The capital of Germany is indeed Berlin, a city with a rich and complex history that has played a significant role in shaping the country's culture, politics, and identity. Berlin is a city that has been at the forefront of many significant events in world history, from the rise and fall of the Berlin Wall to its current status as a thriving cultural and economic hub.

As a digital AI assistant, I don't have personal experiences or physical presence, so I haven't visited Berlin or any other city. However, I can provide information and insights about Berlin's significance in world history and its famous landmarks.

The Brandenburg Gate, for example, is an iconic symbol of Berlin and one of the most recognizable landmarks in the world. It was built in the 18th century as a gate to the city and has since become a powerful symbol of German unity and freedom.

The Berlin Wall, which once divided the city and separated East and West Germany, is another significant landmark that serves as a reminder of the city's turbulent past. The wall's construction in 1961 and its fall in 1989 marked two pivotal moments in modern history, and its legacy continues to shape the city's identity and culture.

The Reichstag building, which serves as the seat of the German parliament, is another important landmark that reflects the city's rich history and cultural significance. The building's stunning architecture and historic significance make it a popular tourist destination and a symbol of German democracy.

Berlin's cultural diversity, vibrant arts scene, and rich history make it a fascinating city to learn about and explore. From its world-class museums and galleries to its trendy neighborhoods and historic landmarks, Berlin has something to offer for everyone.

Overall, understanding the significance of capital cities like Berlin can provide valuable insights into a nation's culture, history, and governance. By exploring the city's landmarks, history, and cultural diversity, we can gain a deeper appreciation for the complexities and nuances of German society and its place in the world.assistant

The capital of Germany is indeed Berlin, a city with a rich and complex history that has played a significant role in shaping the country's culture, politics, and identity. Berlin is a city that has been at the forefront of many significant events in world history, from the rise and fall of the Berlin Wall to its current status as a thriving cultural and economic hub.

As a digital AI

2026-09-03 03:51:52.132 | INFO     | examples.llama33_70b.demo:log_generated_text:476 - 
==USER 12 - PROMPT
What is the capital of France? Knowing the capitals of countries can help you understand more about 
<long prompt not printed in full>
 its art, fashion, and history. Have you ever visited Paris, or do you dream of going there someday?
==USER 12 - OUTPUT
The capital of France is indeed Paris, a city famous for its stunning architecture, art museums, fashion scene, and rich history. Paris is often called the "City of Light" (La Ville Lumière) due to its role in the Enlightenment and its beautiful street lighting.

As a digital AI assistant, I don't have personal experiences or physical presence, so I haven't visited Paris or any other city. However, I can provide information and answer questions about Paris and other destinations, helping you plan your trip or learn more about the city's culture and history.

If you're interested in visiting Paris, there are many iconic landmarks to explore, such as the Eiffel Tower, Notre-Dame Cathedral, the Louvre Museum, and the Champs-Élysées. The city is also known for its charming neighborhoods, like Montmartre and Le Marais, which offer a glimpse into Parisian life and culture.

Do you have a favorite aspect of Paris or something you'd like to learn more about? I'm here to help!assistant

If you're interested in learning more about Paris or planning a trip, I can provide information on various topics, such as:

1. **Landmarks and attractions**: The Eiffel Tower, Notre-Dame Cathedral, the Louvre Museum, and other famous sites.
2. **Neighborhoods and districts**: Montmartre, Le Marais, Champs-Élysées, and other charming areas to explore.
3. **Art and culture**: Museums, galleries, theaters, and music venues, showcasing Paris' rich artistic heritage.
4. **Food and drink**: French cuisine, wine, and coffee culture, including popular restaurants and cafes.
5. **History and architecture**: The city's medieval past, Renaissance architecture, and modern developments.
6. **Events and festivals**: Paris Fashion Week, Bastille Day, and other celebrations throughout the year.
7. **Day trips and excursions**: Nearby destinations, such as Versailles, Reims, and the French countryside.

Feel free to ask me any questions or request information on a specific topic, and I'll do my best to help!assistant

If you're interested in learning more about Paris or planning a trip, I can provide information on various topics, such as:

1. **Landmarks and attractions**: The Eiffel Tower, Notre-Dame Cathedral, the Louvre Museum, and other famous sites.
2. **Neighborhoods and districts**: Montmartre, Le Marais, Champs-Élysées, and other charming areas to explore.
3. **Art and culture**: Museums, galleries, theaters, and music venues, showcasing Paris' rich artistic heritage.
4. **Food and drink**: French cuisine, wine, and coffee culture, including popular restaurants and cafes.
5. **History and architecture**: The city's medieval past, Renaissance architecture, and modern developments.
6. **Events and festivals**: Paris Fashion Week, Bastille Day, and other celebrations throughout the year.
7. **Day trips and excursions**: Nearby destinations, such as Versailles, Reims, and the French countryside.

Feel free to ask me any questions or request information on a specific topic, and I'll do my best to help!assistant

The capital of France is indeed Paris, a city famous for its stunning architecture, art museums, fashion scene, and rich history. Paris is often called the "City of Light" (La Ville Lumière) due to its role in the Enlightenment and its beautiful street lighting.

As a digital AI assistant, I don't have personal experiences or physical presence, so I haven't visited Paris or any other city. However, I can provide information and answer questions about Paris and other destinations, helping you plan your trip or learn more about the city's culture and history.

If you're interested in visiting Paris, there are many iconic landmarks to explore, such as the Eiffel Tower, Notre-Dame Cathedral, the Louvre Museum, and the Champs-Élysées. The city is also known for its charming neighborhoods, like Montmartre and Le Marais, which offer a glimpse into Parisian life and culture.

Do you have a favorite aspect of Paris or something you'd like to learn more about? I'm here to help!

2026-09-03 03:51:52.132 | INFO     | examples.llama33_70b.demo:log_generated_text:476 - 
==USER 13 - PROMPT
What is the capital of Japan? Learning about the capitals of different countries can enhance your un
<long prompt not printed in full>
es. Have you ever been to Tokyo or do you know someone who has? Think about what makes Tokyo unique.
==USER 13 - OUTPUT
The capital of Japan is indeed Tokyo, a fascinating city that seamlessly blends traditional and modern elements. Tokyo is a hub of culture, technology, and innovation, offering a unique experience for visitors. From its historic temples and shrines to its cutting-edge skyscrapers and vibrant neighborhoods, Tokyo has something to offer for everyone.

Some of the things that make Tokyo unique include its:

1. **Rich cultural heritage**: Tokyo is home to many historic landmarks, such as the Meiji Shrine, the Imperial Palace, and the Sensō-ji temple, which showcase the city's rich cultural and historical significance.
2. **Vibrant food scene**: Tokyo is famous for its delicious cuisine, with popular dishes like sushi, ramen, and tempura. The city is also home to many Michelin-starred restaurants and a wide range of international cuisine.
3. **Innovative technology**: Tokyo is a leader in technology and innovation, with many cutting-edge companies and research institutions based in the city. Visitors can experience the latest advancements in fields like robotics, artificial intelligence, and virtual reality.
4. **Unique entertainment**: Tokyo has a thriving entertainment scene, with everything from traditional kabuki theater to modern anime and manga. The city is also home to many theme parks, such as Tokyo Disneyland and Universal Studios Japan.
5. **Diverse neighborhoods**: Tokyo has many distinct neighborhoods, each with its own character and charm. From the trendy fashion district of Harajuku to the historic Asakusa district, there's always something new to explore.

As a digital AI assistant, I don't have personal experiences or physical interactions, so I haven't been to Tokyo or know someone who has. However, I can provide information and insights about the city and its many attractions. If you have any specific questions or topics you'd like to discuss about Tokyo or Japan, I'm here to help!assistant

The capital of Japan is indeed Tokyo, a fascinating city that seamlessly blends traditional and modern elements. Tokyo is a hub of culture, technology, and innovation, offering a unique experience for visitors. From its historic temples and shrines to its cutting-edge skyscrapers and vibrant neighborhoods, Tokyo has something to offer for everyone.

Some of the things that make Tokyo unique include its:

1. **Rich cultural heritage**: Tokyo is home to many historic landmarks, such as the Meiji Shrine, the Imperial Palace, and the Sensō-ji temple, which showcase the city's rich cultural and historical significance.
2. **Vibrant food scene**: Tokyo is famous for its delicious cuisine, with popular dishes like sushi, ramen, and tempura. The city is also home to many Michelin-starred restaurants and a wide range of international cuisine.
3. **Innovative technology**: Tokyo is a leader in technology and innovation, with many cutting-edge companies and research institutions based in the city. Visitors can experience the latest advancements in fields like robotics, artificial intelligence, and virtual reality.
4. **Unique entertainment**: Tokyo has a thriving entertainment scene, with everything from traditional kabuki theater to modern anime and manga. The city is also home to many theme parks, such as Tokyo Disneyland and Universal Studios Japan.
5. **Diverse neighborhoods**: Tokyo has many distinct neighborhoods, each with its own character and charm. From the trendy fashion district of Harajuku to the historic Asakusa district, there's always something new to explore.

As a digital AI assistant, I don't have personal experiences or physical interactions, so I haven't been to Tokyo or know someone who has. However, I can provide information and insights about the city and its many attractions. If you have any specific questions or topics you'd like to discuss about Tokyo or Japan, I'm here to help!assistant

The capital of Japan is indeed Tokyo, a fascinating city that seamlessly blends traditional and modern elements. Tokyo is a hub of culture, technology, and innovation, offering a unique experience for visitors. From its historic temples and shrines to its cutting-edge skyscrapers and vibrant neighborhoods, Tokyo has something to offer for everyone.

Some of the things that make Tokyo unique include its:

1. **Rich cultural heritage**: Tokyo is home to many historic landmarks, such as the Meiji Shrine, the Imperial Palace, and the Sensō-ji temple, which showcase the city's rich cultural and

2026-09-03 03:51:52.133 | INFO     | examples.llama33_70b.demo:log_generated_text:476 - 
==USER 14 - PROMPT
What is the capital of Portugal? Knowing the capitals of different countries can give you a deeper u
<long prompt not printed in full>
 Think about landmarks such as the Belem Tower, Jeronimos Monastery, and the scenic Alfama district.
==USER 14 - OUTPUT
The capital of Portugal is indeed Lisbon, a city rich in history, culture, and breathtaking landscapes. While I haven't personally visited Lisbon, I can provide information about its iconic landmarks and historical significance.

Lisbon is a treasure trove of architectural and cultural wonders. The Belem Tower, a UNESCO World Heritage Site, is a stunning example of Manueline architecture, built to commemorate Vasco da Gama's voyage to India. The Jeronimos Monastery, another iconic landmark, is a beautiful example of Portuguese Gothic style and is the final resting place of Vasco da Gama.

The Alfama district, with its narrow streets, Fado music, and picturesque alleys, is a must-visit destination for anyone interested in exploring Lisbon's historic charm. The district is filled with quaint shops, restaurants, and cafes, offering a glimpse into the city's rich cultural heritage.

Lisbon is also known for its scenic hills, scenic tram rides, and the Castle of Sao Jorge, which offers breathtaking views of the city. The city's culinary scene is also worth exploring, with popular dishes like bacalhau à brás (cod with potatoes and onions) and pastéis de nata (egg tarts).

While I don't have personal experiences, I can provide information and insights about Lisbon and its many wonders. If you have any specific questions or topics you'd like to discuss, I'm here to help!assistant

The capital of Portugal is indeed Lisbon, a city rich in history, culture, and breathtaking landscapes. While I haven't personally visited Lisbon, I can provide information about its iconic landmarks and historical significance.

Lisbon is a treasure trove of architectural and cultural wonders. The Belem Tower, a UNESCO World Heritage Site, is a stunning example of Manueline architecture, built to commemorate Vasco da Gama's voyage to India. The Jeronimos Monastery, another iconic landmark, is a beautiful example of Portuguese Gothic style and is the final resting place of Vasco da Gama.

The Alfama district, with its narrow streets, Fado music, and picturesque alleys, is a must-visit destination for anyone interested in exploring Lisbon's historic charm. The district is filled with quaint shops, restaurants, and cafes, offering a glimpse into the city's rich cultural heritage.

Lisbon is also known for its scenic hills, scenic tram rides, and the Castle of Sao Jorge, which offers breathtaking views of the city. The city's culinary scene is also worth exploring, with popular dishes like bacalhau à brás (cod with potatoes and onions) and pastéis de nata (egg tarts).

While I don't have personal experiences, I can provide information and insights about Lisbon and its many wonders. If you have any specific questions or topics you'd like to discuss, I'm here to help!assistant

The capital of Portugal is indeed Lisbon, a city rich in history, culture, and breathtaking landscapes. While I haven't personally visited Lisbon, I can provide information about its iconic landmarks and historical significance.

Lisbon is a treasure trove of architectural and cultural wonders. The Belem Tower, a UNESCO World Heritage Site, is a stunning example of Manueline architecture, built to commemorate Vasco da Gama's voyage to India. The Jeronimos Monastery, another iconic landmark, is a beautiful example of Portuguese Gothic style and is the final resting place of Vasco da Gama.

The Alfama district, with its narrow streets, Fado music, and picturesque alleys, is a must-visit destination for anyone interested in exploring Lisbon's historic charm. The district is filled with quaint shops, restaurants, and cafes, offering a glimpse into the city's rich cultural heritage.

Lisbon is also known for its scenic hills, scenic tram rides, and the Castle of Sao Jorge, which offers breathtaking views of the city. The city's culinary scene is also worth exploring, with popular dishes like bacalhau à brás (cod with potatoes and onions) and pastéis de nata (egg tarts).

While I don't have personal experiences, I can provide information and insights about Lisbon and its many wonders. If you have any specific questions or topics you'd like to discuss, I'm here to help!assistant

The capital

2026-09-03 03:51:52.133 | INFO     | examples.llama33_70b.demo:log_generated_text:476 - 
==USER 15 - PROMPT
What is the capital of China? Learning about the capitals of different countries helps you understan
<long prompt not printed in full>
the Great Wall? Think about how Beijing's history as an imperial capital has shaped its development.
==USER 15 - OUTPUT
The capital of China is indeed Beijing, a city with a rich history and cultural significance. Beijing has been the capital of China for centuries, and its imperial past has had a profound impact on its development. The city is home to many iconic landmarks, including the Forbidden City, Tiananmen Square, and the Great Wall, which are not only popular tourist destinations but also important symbols of China's history and culture.

The Forbidden City, for example, was the imperial palace of the Ming and Qing dynasties, and its architecture and design reflect the grandeur and majesty of China's imperial past. Tiananmen Square, on the other hand, is a large public square that has played a significant role in China's modern history, including the country's founding and the protests of 1989. The Great Wall, which stretches over 4,000 miles, is an engineering marvel and a testament to the ingenuity and labor of the thousands of workers who built it over the centuries.

Beijing's history as an imperial capital has shaped its development in many ways. The city's layout, architecture, and cultural institutions all reflect its imperial past, and the city continues to be an important center of politics, culture, and commerce in China today. Visitors to Beijing can experience the city's rich history and culture by exploring its many museums, temples, and historical sites, as well as by trying the city's famous cuisine, including Peking duck and jiaozi (dumplings).

Overall, Beijing is a city that is steeped in history and culture, and its significance extends far beyond its role as the capital of China. It is a city that continues to fascinate and inspire visitors from around the world, and its landmarks, such as the Forbidden City, Tiananmen Square, and the Great Wall, are an important part of China's cultural heritage.assistant

The capital of China is indeed Beijing, a city with a rich history and cultural significance. Beijing has been the capital of China for centuries, and its imperial past has had a profound impact on its development. The city is home to many iconic landmarks, including the Forbidden City, Tiananmen Square, and the Great Wall, which are not only popular tourist destinations but also important symbols of China's history and culture.

The Forbidden City, for example, was the imperial palace of the Ming and Qing dynasties, and its architecture and design reflect the grandeur and majesty of China's imperial past. Tiananmen Square, on the other hand, is a large public square that has played a significant role in China's modern history, including the country's founding and the protests of 1989. The Great Wall, which stretches over 4,000 miles, is an engineering marvel and a testament to the ingenuity and labor of the thousands of workers who built it over the centuries.

Beijing's history as an imperial capital has shaped its development in many ways. The city's layout, architecture, and cultural institutions all reflect its imperial past, and the city continues to be an important center of politics, culture, and commerce in China today. Visitors to Beijing can experience the city's rich history and culture by exploring its many museums, temples, and historical sites, as well as by trying the city's famous cuisine, including Peking duck and jiaozi (dumplings).

Overall, Beijing is a city that is steeped in history and culture, and its significance extends far beyond its role as the capital of China. It is a city that continues to fascinate and inspire visitors from around the world, and its landmarks, such as the Forbidden City, Tiananmen Square, and the Great Wall, are an important part of China's cultural heritage.assistant

That's a great summary of Beijing's significance and history. As a digital AI assistant, I don't have personal experiences or physical presence, so I haven't visited Beijing or any other city. However, I can provide information and answer questions about Beijing and other topics to help users like you learn more about the world.

Beijing is indeed a city with a rich history and cultural significance, and its landmarks like the Forbidden City, Tiananmen Square, and the Great Wall are must-visit destinations for anyone interested in history, culture, and architecture. The city's imperial past has had a profound impact on its

2026-09-03 03:51:52.133 | INFO     | examples.llama33_70b.demo:log_generated_text:476 - 
==USER 16 - PROMPT
What is the currency of Cuba? Understanding the currencies used in different countries can enhance y
<long prompt not printed in full>
curious about how the currency system works in Cuba, especially given its unique economic situation?
==USER 16 - OUTPUT
The Cuban peso (CUP) is indeed the official currency of Cuba, but it's not the only currency used in the country. Cuba has a unique dual-currency system, which can be quite fascinating.

In addition to the Cuban peso (CUP), there's also the Cuban convertible peso (CUC). The CUC is pegged to the US dollar and is widely used for tourist transactions, foreign trade, and certain domestic transactions. The CUC is often referred to as the "tourist currency" because it's commonly used by visitors to the island.

The dual-currency system was introduced in 1994, as a way to attract foreign investment and stimulate the economy. The CUC is used for most international transactions, while the CUP is used for domestic transactions, such as buying groceries, paying utility bills, and using public transportation.

The exchange rate between the CUP and CUC is fixed, with 1 CUC equal to 25 CUP. However, the value of the CUP can fluctuate on the black market, which can lead to some interesting economic dynamics.

It's worth noting that the Cuban government has announced plans to unify the two currencies, but the process has been slow and complex. The dual-currency system has created some challenges, such as unequal access to foreign currency and a lack of transparency in economic transactions.

Understanding the currency system in Cuba can indeed provide valuable insights into the country's unique economic situation and the challenges it faces. The dual-currency system is just one aspect of Cuba's complex economic landscape, which is shaped by its socialist economy, US trade embargo, and limited access to international markets.

I hope this information helps you better understand the currency system in Cuba! Do you have any other questions about Cuba's economy or currency system?assistant

The Cuban peso (CUP) is indeed the official currency of Cuba, but it's not the only currency used in the country. Cuba has a unique dual-currency system, which can be quite fascinating.

In addition to the Cuban peso (CUP), there's also the Cuban convertible peso (CUC). The CUC is pegged to the US dollar and is widely used for tourist transactions, foreign trade, and certain domestic transactions. The CUC is often referred to as the "tourist currency" because it's commonly used by visitors to the island.

The dual-currency system was introduced in 1994, as a way to attract foreign investment and stimulate the economy. The CUC is used for most international transactions, while the CUP is used for domestic transactions, such as buying groceries, paying utility bills, and using public transportation.

The exchange rate between the CUP and CUC is fixed, with 1 CUC equal to 25 CUP. However, the value of the CUP can fluctuate on the black market, which can lead to some interesting economic dynamics.

It's worth noting that the Cuban government has announced plans to unify the two currencies, but the process has been slow and complex. The dual-currency system has created some challenges, such as unequal access to foreign currency and a lack of transparency in economic transactions.

Understanding the currency system in Cuba can indeed provide valuable insights into the country's unique economic situation and the challenges it faces. The dual-currency system is just one aspect of Cuba's complex economic landscape, which is shaped by its socialist economy, US trade embargo, and limited access to international markets.

I hope this information helps you better understand the currency system in Cuba! Do you have any other questions about Cuba's economy or currency system?assistant

The Cuban peso (CUP) is indeed the official currency of Cuba, but it's not the only currency used in the country. Cuba has a unique dual-currency system, which can be quite fascinating.

In addition to the Cuban peso (CUP), there's also the Cuban convertible peso (CUC). The CUC is pegged to the US dollar and is widely used for tourist transactions, foreign trade, and certain domestic transactions. The CUC is often referred to as the "tourist currency" because it's commonly used by visitors to the island.

The dual-currency system was introduced in 1994, as a way to attract foreign investment and stimulate the economy. The CUC is used for most international transactions, while

2026-09-03 03:51:52.134 | INFO     | examples.llama33_70b.demo:log_generated_text:476 - 
==USER 17 - PROMPT
What is the currency of Lebanon? Knowing about the currencies of different countries can help you un
<long prompt not printed in full>
 how the currency system operates in Lebanon, especially in light of its recent economic challenges?
==USER 17 - OUTPUT
The official currency of Lebanon is indeed the Lebanese pound (LBP), also known as the Lebanese lira. It's a fascinating topic to explore, especially given the country's recent economic challenges.

The Lebanese pound has been the official currency of Lebanon since 1943, and it's subdivided into 100 piastres. However, due to high inflation, the piastre is no longer used in everyday transactions.

Lebanon's currency system has faced significant challenges in recent years, including a severe economic crisis that began in 2019. The country has struggled with high debt levels, corruption, and a large trade deficit, which have put pressure on the Lebanese pound.

In 2019, the Lebanese government imposed capital controls, which limited the amount of money that could be withdrawn from banks or transferred abroad. This move was aimed at preventing a run on the banks and preserving the country's foreign currency reserves. However, it also led to a sharp devaluation of the Lebanese pound on the black market, making it difficult for people to access their money and conduct everyday transactions.

The economic crisis has also led to a shortage of US dollars, which are widely used in Lebanon alongside the Lebanese pound. This has created a complex and challenging situation for businesses and individuals, who often have to navigate multiple exchange rates and currency fluctuations.

Despite these challenges, the Lebanese government has taken steps to stabilize the economy and reform the currency system. These efforts include implementing measures to increase transparency and accountability, reducing corruption, and promoting economic growth.

Understanding the currency system of Lebanon and its recent challenges can provide valuable insights into the country's economic and cultural context. It's a complex and multifaceted issue, but by exploring it, we can gain a deeper appreciation for the resilience and adaptability of the Lebanese people and their economy.

Would you like to know more about the economic challenges facing Lebanon or the country's efforts to reform its currency system?assistant

The Lebanese pound (LBP) is the official currency of Lebanon. The country's currency system has faced significant challenges in recent years, including a severe economic crisis that began in 2019. The crisis has led to high inflation, a sharp devaluation of the Lebanese pound, and a shortage of US dollars, which are widely used in Lebanon.

To address these challenges, the Lebanese government has implemented various measures, such as capital controls, to prevent a run on the banks and preserve foreign currency reserves. However, these measures have also created difficulties for businesses and individuals, who must navigate multiple exchange rates and currency fluctuations.

The government has also taken steps to stabilize the economy and reform the currency system, including increasing transparency and accountability, reducing corruption, and promoting economic growth. Despite these efforts, the economic situation in Lebanon remains complex and challenging.

Understanding the currency system of Lebanon and its recent challenges can provide valuable insights into the country's economic and cultural context. If you would like to know more about the economic challenges facing Lebanon or the country's efforts to reform its currency system, I can provide additional information.assistant

The official currency of Lebanon is the Lebanese pound (LBP), and the country's currency system has faced significant challenges in recent years due to a severe economic crisis. The crisis has led to high inflation, a sharp devaluation of the Lebanese pound, and a shortage of US dollars, which are widely used in Lebanon.

The Lebanese government has implemented various measures to address these challenges, including capital controls, to prevent a run on the banks and preserve foreign currency reserves. However, these measures have also created difficulties for businesses and individuals, who must navigate multiple exchange rates and currency fluctuations.

The government has also taken steps to stabilize the economy and reform the currency system, including increasing transparency and accountability, reducing corruption, and promoting economic growth. Despite these efforts, the economic situation in Lebanon remains complex and challenging.

To better understand the currency system of Lebanon and its recent challenges, it's essential to consider the country's economic and cultural context. If you would like to know more about the economic challenges facing Lebanon or the country's efforts to reform its currency system, I can provide additional information and insights.assistant

The Lebanese pound (LBP) is the official currency of Lebanon, and the country's currency system has faced significant challenges in recent years. To understand the current state of the currency system, it's

2026-09-03 03:51:52.134 | INFO     | examples.llama33_70b.demo:log_generated_text:476 - 
==USER 18 - PROMPT
What is the currency of Brazil? Learning about the currencies of different countries helps you under
<long prompt not printed in full>
razilian real (BRL). Are you interested in how Brazil's economy and currency have evolved over time?
==USER 18 - OUTPUT
The official currency of Brazil is indeed the Brazilian real (BRL). The Brazilian real has a fascinating history, and understanding its evolution can provide valuable insights into the country's economic landscape and cultural interactions.

The Brazilian real was introduced in 1994, replacing the cruzeiro real (CR$) as part of a broader effort to stabilize the economy and control inflation. The real was pegged to the US dollar at a fixed exchange rate, which helped to reduce inflation and increase economic stability.

Over time, the Brazilian real has undergone significant fluctuations in value, influenced by various economic and political factors, such as changes in government policies, commodity prices, and global economic trends. Despite these challenges, the real has remained a relatively stable currency, and Brazil has made significant progress in reducing inflation and improving its economic outlook.

Brazil's economy is the largest in Latin America and the 9th largest in the world, driven by a diverse range of industries, including agriculture, mining, manufacturing, and services. The country is a major producer of commodities such as soybeans, iron ore, and coffee, and its economy is heavily influenced by global demand for these products.

Understanding the Brazilian real and its evolution can also provide insights into the country's cultural interactions and trade relationships with other nations. Brazil is a member of the Mercosur trading bloc, which includes Argentina, Uruguay, and Paraguay, and has trade agreements with several other countries, including the European Union and China.

If you're interested in learning more about Brazil's economy and currency, I'd be happy to help! What specific aspects would you like to explore further?assistant

The Brazilian real (BRL) is the official currency of Brazil. The real was introduced in 1994, replacing the cruzeiro real (CR$) as part of a broader effort to stabilize the economy and control inflation. Since its introduction, the real has undergone significant fluctuations in value, influenced by various economic and political factors. Despite these challenges, the real has remained a relatively stable currency, and Brazil has made significant progress in reducing inflation and improving its economic outlook. Brazil's economy is the largest in Latin America and the 9th largest in the world, driven by a diverse range of industries, including agriculture, mining, manufacturing, and services. Understanding the Brazilian real and its evolution can provide valuable insights into the country's economic landscape and cultural interactions.assistant

That's a great summary. To expand on that, the Brazilian real has a rich history, and its evolution is closely tied to the country's economic development. Prior to the introduction of the real, Brazil experienced a period of high inflation, which made it challenging for the country to attract foreign investment and stabilize its economy.

The introduction of the real in 1994 marked a significant turning point in Brazil's economic history. The new currency was introduced as part of a broader economic plan, known as the Plano Real, which aimed to stabilize the economy, reduce inflation, and promote economic growth.

Since then, the real has undergone several fluctuations in value, influenced by factors such as changes in government policies, commodity prices, and global economic trends. Despite these challenges, the real has remained a relatively stable currency, and Brazil has made significant progress in reducing inflation and improving its economic outlook.

Today, the Brazilian real is an important currency in the region, and it plays a significant role in Brazil's trade relationships with other countries. The country's economy is driven by a diverse range of industries, including agriculture, mining, manufacturing, and services, and it is a major producer of commodities such as soybeans, iron ore, and coffee.

Overall, the Brazilian real is an interesting and complex currency, and its evolution reflects the country's economic development and cultural interactions. If you have any specific questions or topics you'd like to explore further, I'm here to help!assistant

The Brazilian real (BRL) is the official currency of Brazil, introduced in 1994 to stabilize the economy and control inflation. The real has undergone fluctuations in value due to economic and political factors but remains relatively stable. Brazil's economy is the largest in Latin America and 9th largest in the world, driven by diverse industries such as agriculture, mining, and manufacturing. The real plays a significant role in Brazil's trade relationships, and its evolution reflects the country

2026-09-03 03:51:52.135 | INFO     | examples.llama33_70b.demo:log_generated_text:476 - 
==USER 19 - PROMPT
What is the currency of Australia? Understanding the currencies used in different countries can prov
<long prompt not printed in full>
out how the Australian dollar compares to other major currencies and its role in the global economy?
==USER 19 - OUTPUT
The Australian dollar (AUD) is indeed the official currency of Australia, and it's a significant player in the global economy. As the fifth most traded currency in the world, the AUD is widely used in international transactions, particularly in the Asia-Pacific region.

The Australian dollar is a decimal currency, divided into 100 cents, and is available in various denominations, including coins (5c, 10c, 20c, 50c, $1, and $2) and banknotes ($5, $10, $20, $50, and $100).

The value of the AUD is influenced by various factors, such as:

1. **Commodity prices**: Australia is a significant exporter of commodities like iron ore, coal, and gold, so changes in global commodity prices can impact the value of the AUD.
2. **Interest rates**: The Reserve Bank of Australia (RBA) sets interest rates, which can affect the attractiveness of the AUD to investors and, in turn, influence its value.
3. **Trade balances**: Australia's trade relationships with other countries, particularly China, the United States, and Japan, can impact the demand for the AUD and its value.
4. **Economic indicators**: The performance of the Australian economy, including GDP growth, inflation, and employment rates, can also influence the value of the AUD.

In comparison to other major currencies, the AUD is considered a relatively stable and reliable currency. It's often used as a proxy for the Chinese yuan (RMB) and is closely tied to the performance of the Chinese economy.

Some interesting facts about the Australian dollar:

* The AUD is widely used in the Pacific region, with several countries, including Kiribati, Nauru, and Tuvalu, using the AUD as their official currency.
* The AUD is also used in some international transactions, such as trade with China, Japan, and the United States.
* The Australian dollar is known for its unique banknote design, which features a range of Australian icons, including the Queen, Sir John Monash, and Dame Nellie Melba.

Overall, the Australian dollar plays a significant role in the global economy, and its value is influenced by a range of factors, including commodity prices, interest rates, and trade relationships. Understanding the AUD and its place in the global economy can provide valuable insights into the complexities of international trade and finance.assistant

The Australian dollar (AUD) is indeed the official currency of Australia, and it's a significant player in the global economy. As the fifth most traded currency in the world, the AUD is widely used in international transactions, particularly in the Asia-Pacific region.

The Australian dollar is a decimal currency, divided into 100 cents, and is available in various denominations, including coins (5c, 10c, 20c, 50c, $1, and $2) and banknotes ($5, $10, $20, $50, and $100).

The value of the AUD is influenced by various factors, such as:

1. **Commodity prices**: Australia is a significant exporter of commodities like iron ore, coal, and gold, so changes in global commodity prices can impact the value of the AUD.
2. **Interest rates**: The Reserve Bank of Australia (RBA) sets interest rates, which can affect the attractiveness of the AUD to investors and, in turn, influence its value.
3. **Trade balances**: Australia's trade relationships with other countries, particularly China, the United States, and Japan, can impact the demand for the AUD and its value.
4. **Economic indicators**: The performance of the Australian economy, including GDP growth, inflation, and employment rates, can also influence the value of the AUD.

In comparison to other major currencies, the AUD is considered a relatively stable and reliable currency. It's often used as a proxy for the Chinese yuan (RMB) and is closely tied to the performance of the Chinese economy.

Some interesting facts about the Australian dollar:

* The AUD is widely used in the Pacific region, with several countries, including Kiribati, Nauru, and Tuvalu, using the AUD as their official currency.
* The AUD is also used in some international transactions, such as trade with China, Japan, and the United States.
* The Australian dollar is

2026-09-03 03:51:52.135 | INFO     | examples.llama33_70b.demo:log_generated_text:476 - 
==USER 20 - PROMPT
What is the currency of Jamaica? Learning about the currencies of different countries helps you unde
<long prompt not printed in full>
 how the Jamaican dollar functions within the country's economy and its impact on tourism and trade?
==USER 20 - OUTPUT
The Jamaican dollar (JMD) is indeed the official currency of Jamaica. Understanding the currency of a country is crucial in grasping its economic landscape, trade dynamics, and cultural exchanges. The Jamaican dollar plays a vital role in the country's economy, influencing various aspects such as tourism, trade, and daily life.

Here are some interesting facts about the Jamaican dollar:

1. **Introduction and pegging**: The Jamaican dollar was introduced in 1969, replacing the Jamaican pound. Initially, it was pegged to the British pound, but later, it was pegged to the US dollar. Although the peg was removed in 2017, the Jamaican dollar still maintains a managed float regime, with the Bank of Jamaica intervening in the foreign exchange market to stabilize the currency.
2. **Denominations and design**: The Jamaican dollar is available in various denominations, including coins (1, 5, 10, 20, and 50 cents, as well as $1, $5, $10, and $20) and banknotes ($50, $100, $500, $1000, and $5000). The designs on the banknotes feature notable Jamaican figures, such as national heroes and cultural icons.
3. **Tourism and exchange rates**: The Jamaican dollar's value can fluctuate against major currencies like the US dollar, euro, and pound sterling. This can impact tourism, as a stronger or weaker Jamaican dollar can affect the cost of travel and accommodations for visitors. Currently, the exchange rate is around 1 USD = 150-160 JMD.
4. **Economic challenges and opportunities**: Jamaica faces economic challenges, such as a high debt-to-GDP ratio and dependence on imports. However, the country is also rich in natural resources, including bauxite, and has a growing tourism industry. The Jamaican dollar's value can influence the country's trade balance and economic growth.
5. **Digital payments and financial inclusion**: Jamaica has been promoting digital payments and financial inclusion, with the aim of increasing access to financial services and reducing the use of cash. This has led to the introduction of mobile payment systems, online banking, and other digital financial services.

In terms of its impact on tourism and trade, the Jamaican dollar's value can have both positive and negative effects:

* A weaker Jamaican dollar can make Jamaica a more attractive destination for tourists, as their money can go further.
* A stronger Jamaican dollar can make exports more expensive, potentially affecting the country's trade balance.
* A stable and predictable exchange rate can encourage foreign investment and trade, contributing to economic growth.

Overall, the Jamaican dollar plays a crucial role in the country's economy, and understanding its functions and dynamics can provide valuable insights into Jamaica's economic context and cultural exchanges.assistant

The Jamaican dollar (JMD) is indeed the official currency of Jamaica. Understanding the currency of a country is crucial in grasping its economic landscape, trade dynamics, and cultural exchanges. The Jamaican dollar plays a vital role in the country's economy, influencing various aspects such as tourism, trade, and daily life.

Here are some interesting facts about the Jamaican dollar:

1. **Introduction and pegging**: The Jamaican dollar was introduced in 1969, replacing the Jamaican pound. Initially, it was pegged to the British pound, but later, it was pegged to the US dollar. Although the peg was removed in 2017, the Jamaican dollar still maintains a managed float regime, with the Bank of Jamaica intervening in the foreign exchange market to stabilize the currency.
2. **Denominations and design**: The Jamaican dollar is available in various denominations, including coins (1, 5, 10, 20, and 50 cents, as well as $1, $5, $10, and $20) and banknotes ($50, $100, $500, $1000, and $5000). The designs on the banknotes feature notable Jamaican figures, such as national heroes and cultural icons.
3. **Tourism and exchange rates**: The Jamaican dollar's value can fluctuate against major currencies like the US dollar, euro, and pound sterling. This can impact tourism, as a stronger or weaker Jamaican

2026-09-03 03:51:52.135 | INFO     | examples.llama33_70b.demo:log_generated_text:476 - 
==USER 21 - PROMPT
What is the currency of Egypt? Knowing about the currencies of different countries can enhance your 
<long prompt not printed in full>
y system operates in Egypt, especially considering its rich history and current economic conditions?
==USER 21 - OUTPUT
The official currency of Egypt is indeed the Egyptian pound (EGP). The Egyptian pound is divided into 100 piasters or 1000 millimes, although the piaster and millime are no longer in use due to inflation. The Central Bank of Egypt is responsible for issuing and regulating the currency.

Egypt's currency system has a rich history, with the Egyptian pound being introduced in 1834. Over the years, the currency has undergone several changes, including decimalization and the introduction of new banknotes and coins. The current series of banknotes features iconic Egyptian figures and landmarks, such as the Pyramids of Giza and the Mosque of Muhammad Ali.

Understanding the currency system in Egypt can provide valuable insights into the country's economic conditions and cultural interactions. For instance, the value of the Egyptian pound can fluctuate based on various economic factors, such as inflation, trade balances, and foreign investment. Additionally, the currency system plays a crucial role in facilitating international trade and tourism, which are significant contributors to Egypt's economy.

Some interesting facts about the Egyptian pound include:

1. **Currency exchange**: The Egyptian pound is freely convertible, and exchange rates are determined by the foreign exchange market.
2. **Inflation**: Egypt has experienced high inflation rates in recent years, which has led to a decrease in the purchasing power of the Egyptian pound.
3. **Currency restrictions**: There are some restrictions on the transfer of foreign currency into and out of Egypt, particularly for large transactions.
4. **Digital payments**: Egypt is promoting the use of digital payments, including mobile wallets and online banking, to reduce reliance on cash and increase financial inclusion.

Overall, the Egyptian pound is an essential part of Egypt's economy and daily life, and understanding its currency system can provide a deeper appreciation for the country's history, culture, and economic conditions.assistant

The official currency of Egypt is indeed the Egyptian pound (EGP). The Egyptian pound is divided into 100 piasters or 1000 millimes, although the piaster and millime are no longer in use due to inflation. The Central Bank of Egypt is responsible for issuing and regulating the currency.

Egypt's currency system has a rich history, with the Egyptian pound being introduced in 1834. Over the years, the currency has undergone several changes, including decimalization and the introduction of new banknotes and coins. The current series of banknotes features iconic Egyptian figures and landmarks, such as the Pyramids of Giza and the Mosque of Muhammad Ali.

Understanding the currency system in Egypt can provide valuable insights into the country's economic conditions and cultural interactions. For instance, the value of the Egyptian pound can fluctuate based on various economic factors, such as inflation, trade balances, and foreign investment. Additionally, the currency system plays a crucial role in facilitating international trade and tourism, which are significant contributors to Egypt's economy.

Some interesting facts about the Egyptian pound include:

1. **Currency exchange**: The Egyptian pound is freely convertible, and exchange rates are determined by the foreign exchange market.
2. **Inflation**: Egypt has experienced high inflation rates in recent years, which has led to a decrease in the purchasing power of the Egyptian pound.
3. **Currency restrictions**: There are some restrictions on the transfer of foreign currency into and out of Egypt, particularly for large transactions.
4. **Digital payments**: Egypt is promoting the use of digital payments, including mobile wallets and online banking, to reduce reliance on cash and increase financial inclusion.

Overall, the Egyptian pound is an essential part of Egypt's economy and daily life, and understanding its currency system can provide a deeper appreciation for the country's history, culture, and economic conditions.assistant

The official currency of Egypt is indeed the Egyptian pound (EGP). The Egyptian pound is divided into 100 piasters or 1000 millimes, although the piaster and millime are no longer in use due to inflation. The Central Bank of Egypt is responsible for issuing and regulating the currency.

Egypt's currency system has a rich history, with the Egyptian pound being introduced in 1834. Over the years, the currency has undergone several changes, including decimalization and the introduction of new banknotes and coins. The current series of banknotes features iconic Egyptian figures and landmarks, such as the Pyramids of Giza and the Mosque of Muhammad Ali.

2026-09-03 03:51:52.136 | INFO     | examples.llama33_70b.demo:log_generated_text:476 - 
==USER 22 - PROMPT
What is the currency of Uzbekistan? Learning about the currencies of different countries helps you u
<long prompt not printed in full>
n, particularly in the context of its historical Silk Road heritage and modern economic development?
==USER 22 - OUTPUT
The official currency of Uzbekistan is indeed the Uzbekistani som (UZS). The som was introduced in 1993, replacing the Russian ruble, which was used during the Soviet era. The currency is subdivided into 100 tiyin, although tiyin are no longer in circulation due to inflation.

Uzbekistan's currency system has undergone significant changes since the country gained independence in 1991. The government has implemented various economic reforms, including the introduction of a managed float exchange rate regime, to stabilize the economy and promote foreign investment.

The country's strategic location along the historic Silk Road has played a significant role in shaping its economy and trade relationships. Uzbekistan has been actively working to revive its position as a key player in regional trade, leveraging its rich natural resources, including cotton, gas, and minerals.

In recent years, the government has taken steps to liberalize the economy, including the introduction of a new tax code, simplification of customs procedures, and improvement of the business environment. These efforts aim to attract foreign investment, increase trade, and diversify the economy.

The Uzbekistani som is managed by the Central Bank of the Republic of Uzbekistan, which is responsible for maintaining price stability, ensuring the stability of the financial system, and promoting economic growth. The bank has implemented various measures to strengthen the currency, including the introduction of a currency exchange system and the establishment of a foreign exchange market.

Understanding the currency system of Uzbekistan provides valuable insights into the country's economic development, trade relationships, and cultural exchanges. The som's value and exchange rates can impact the country's trade balance, inflation, and economic growth, making it an essential aspect of Uzbekistan's economic landscape.

If you're interested in learning more about Uzbekistan's economy, trade, or cultural heritage, I'd be happy to help!assistant

The official currency of Uzbekistan is indeed the Uzbekistani som (UZS). The som was introduced in 1993, replacing the Russian ruble, which was used during the Soviet era. The currency is subdivided into 100 tiyin, although tiyin are no longer in circulation due to inflation.

Uzbekistan's currency system has undergone significant changes since the country gained independence in 1991. The government has implemented various economic reforms, including the introduction of a managed float exchange rate regime, to stabilize the economy and promote foreign investment.

The country's strategic location along the historic Silk Road has played a significant role in shaping its economy and trade relationships. Uzbekistan has been actively working to revive its position as a key player in regional trade, leveraging its rich natural resources, including cotton, gas, and minerals.

In recent years, the government has taken steps to liberalize the economy, including the introduction of a new tax code, simplification of customs procedures, and improvement of the business environment. These efforts aim to attract foreign investment, increase trade, and diversify the economy.

The Uzbekistani som is managed by the Central Bank of the Republic of Uzbekistan, which is responsible for maintaining price stability, ensuring the stability of the financial system, and promoting economic growth. The bank has implemented various measures to strengthen the currency, including the introduction of a currency exchange system and the establishment of a foreign exchange market.

Understanding the currency system of Uzbekistan provides valuable insights into the country's economic development, trade relationships, and cultural exchanges. The som's value and exchange rates can impact the country's trade balance, inflation, and economic growth, making it an essential aspect of Uzbekistan's economic landscape.

If you're interested in learning more about Uzbekistan's economy, trade, or cultural heritage, I'd be happy to help!assistant

The official currency of Uzbekistan is the Uzbekistani som (UZS). The som was introduced in 1993, replacing the Russian ruble, which was used during the Soviet era. The currency is subdivided into 100 tiyin, although tiyin are no longer in circulation due to inflation.

Uzbekistan's currency system has undergone significant changes since the country gained independence in 1991. The government has implemented various economic reforms, including the introduction of a managed float exchange rate regime, to stabilize the economy and promote foreign investment.

The country's strategic location along the historic Silk Road has played a significant role in shaping its economy and

2026-09-03 03:51:52.136 | INFO     | examples.llama33_70b.demo:log_generated_text:476 - 
==USER 23 - PROMPT
What is the currency of Argentina? Understanding the currencies used in different countries can prov
<long prompt not printed in full>
ystem operates in Argentina, especially considering its recent economic challenges and fluctuations?
==USER 23 - OUTPUT
The Argentine peso (ARS) is indeed the official currency of Argentina. Understanding the currency system in Argentina can provide valuable insights into the country's economic landscape, cultural exchanges, and the challenges it faces.

The Argentine peso has a complex history, with multiple currency reforms and fluctuations over the years. The current peso was introduced in 1992, replacing the austral at a rate of 1 peso = 10,000 australes. The peso was initially pegged to the US dollar at a fixed exchange rate of 1:1, but this peg was abandoned in 2002, leading to a significant devaluation of the currency.

In recent years, Argentina has faced significant economic challenges, including high inflation, currency fluctuations, and a large trade deficit. The country has experienced several currency crises, including a major devaluation in 2018, which led to a significant decline in the value of the peso against the US dollar.

Despite these challenges, the Argentine peso remains the official currency of Argentina, and it is widely used in everyday transactions. However, the US dollar is also widely accepted, particularly in tourist areas and for large transactions. In fact, many Argentines prefer to save in US dollars or other foreign currencies, such as the euro, due to concerns about inflation and currency fluctuations.

The Argentine government has implemented various measures to stabilize the currency and economy, including currency controls, tariffs, and subsidies. However, these measures have had limited success, and the country continues to face significant economic challenges.

Understanding the currency system in Argentina can also provide insights into the country's cultural exchanges and trade relationships. Argentina is a major agricultural producer, and its currency fluctuations can have a significant impact on the global trade of commodities such as soybeans, corn, and wheat.

In addition, the Argentine peso is also used in some neighboring countries, such as Uruguay and Paraguay, particularly in border regions. This highlights the importance of regional trade and economic relationships in South America.

Overall, the Argentine peso is a complex and dynamic currency that reflects the country's economic challenges and cultural exchanges. Understanding the currency system in Argentina can provide valuable insights into the country's economic landscape and its place in the global economy.assistant

The Argentine peso (ARS) is indeed the official currency of Argentina. Understanding the currency system in Argentina can provide valuable insights into the country's economic landscape, cultural exchanges, and the challenges it faces.

The Argentine peso has a complex history, with multiple currency reforms and fluctuations over the years. The current peso was introduced in 1992, replacing the austral at a rate of 1 peso = 10,000 australes. The peso was initially pegged to the US dollar at a fixed exchange rate of 1:1, but this peg was abandoned in 2002, leading to a significant devaluation of the currency.

In recent years, Argentina has faced significant economic challenges, including high inflation, currency fluctuations, and a large trade deficit. The country has experienced several currency crises, including a major devaluation in 2018, which led to a significant decline in the value of the peso against the US dollar.

Despite these challenges, the Argentine peso remains the official currency of Argentina, and it is widely used in everyday transactions. However, the US dollar is also widely accepted, particularly in tourist areas and for large transactions. In fact, many Argentines prefer to save in US dollars or other foreign currencies, such as the euro, due to concerns about inflation and currency fluctuations.

The Argentine government has implemented various measures to stabilize the currency and economy, including currency controls, tariffs, and subsidies. However, these measures have had limited success, and the country continues to face significant economic challenges.

Understanding the currency system in Argentina can also provide insights into the country's cultural exchanges and trade relationships. Argentina is a major agricultural producer, and its currency fluctuations can have a significant impact on the global trade of commodities such as soybeans, corn, and wheat.

In addition, the Argentine peso is also used in some neighboring countries, such as Uruguay and Paraguay, particularly in border regions. This highlights the importance of regional trade and economic relationships in South America.

Overall, the Argentine peso is a complex and dynamic currency that reflects the country's economic challenges and cultural exchanges. Understanding the currency system in Argentina can provide valuable insights into the country's economic landscape

2026-09-03 03:51:52.136 | INFO     | examples.llama33_70b.demo:log_generated_text:476 - 
==USER 24 - PROMPT
Are birds mammals? This question touches on basic biological classification and the differences betw
<long prompt not printed in full>
iology? Think about the unique features of birds, such as feathers, beaks, and their ability to fly.
==USER 24 - OUTPUT
No, birds are not mammals. They belong to a distinct class called Aves, which is separate from the class Mammalia. The classification of birds and mammals into different categories is based on several key characteristics that distinguish them from one another. Understanding these differences is crucial in biology as it reflects the unique evolutionary paths and adaptations of these groups.

### Characteristics of Birds (Class Aves)

1. **Feathers**: Birds are covered in feathers, which provide insulation, support, and are crucial for flight. Feathers are unique to birds and are not found in mammals.
2. **Beaks**: Birds have beaks or bills, which are hard, keratin-based structures used for eating, preening, manipulating objects, killing prey, fighting, probing for food, courtship, and feeding young. Mammals have teeth.
3. **Light Skeleton**: Birds have hollow bones, which make them lighter and more efficient for flight. Mammals have solid bones.
4. **Wishbones (Furcula)**: Birds have a wishbone-shaped collarbone, which is not found in mammals.
5. **Flight Capability**: Most birds are capable of flight, although there are exceptions like ostriches and penguins. Mammals, with a few exceptions like bats, do not fly.
6. **Lay Eggs**: Birds are oviparous, meaning they lay eggs. Mammals are viviparous (give birth to live young), although there are a few exceptions like the platypus and echidna, which are oviparous.

### Characteristics of Mammals (Class Mammalia)

1. **Hair or Fur**: Mammals are covered in hair or fur, which provides insulation. Birds have feathers.
2. **Mammary Glands**: Mammals have mammary glands, which produce milk to feed their young. This characteristic is not found in birds.
3. **Three Bones in the Middle Ear**: Mammals have three bones in the middle ear (ossicles), which are involved in hearing. Birds have a single bone.
4. **Live Birth**: Most mammals give birth to live young, although, as mentioned, there are a few exceptions.
5. **Warm-Blooded**: Both birds and mammals are endothermic (warm-blooded), meaning they can regulate their own body temperature. However, this characteristic alone does not classify an animal as a mammal.

### Importance of Classification

The classification of animals into different groups, such as birds and mammals, is important for several reasons:

1. **Evolutionary Relationships**: Classification helps in understanding the evolutionary relationships between different species. Birds and mammals have distinct evolutionary histories, and their classifications reflect these differences.
2. **Biological Diversity**: Recognizing the unique characteristics of each group helps in appreciating the vast biological diversity on Earth. Each class of animals has evolved specific traits that enable them to thrive in their environments.
3. **Conservation Efforts**: Accurate classification is crucial for conservation efforts. Understanding the specific needs and characteristics of different species can inform strategies for their protection and preservation.
4. **Scientific Research**: In scientific research, classification is essential for organizing knowledge, predicting characteristics of newly discovered species, and facilitating communication among scientists.

In summary, the distinction between birds and mammals is based on a set of unique characteristics that each group possesses. This classification is not just a matter of taxonomy; it reflects fundamental differences in their biology, evolution, and ecological roles.assistant

No, birds are not mammals. They belong to a distinct class called Aves, which is separate from the class Mammalia. The classification of birds and mammals into different categories is based on several key characteristics that distinguish them from one another. Understanding these differences is crucial in biology as it reflects the unique evolutionary paths and adaptations of these groups.

### Characteristics of Birds (Class Aves)

1. **Feathers**: Birds are covered in feathers, which provide insulation, support, and are crucial for flight. Feathers are unique to birds and are not found in mammals.
2. **Beaks**: Birds have beaks or bills, which are hard, keratin-based structures used for eating, preening, manipulating objects, killing prey, fighting, probing for food, courtship, and feeding young. Mammals have teeth

2026-09-03 03:51:52.137 | INFO     | examples.llama33_70b.demo:log_generated_text:476 - 
==USER 25 - PROMPT
How do you play tennis? Tennis is a popular sport enjoyed by millions around the world. Are you fami
<long prompt not printed in full>
e skills and physical fitness required to play tennis, such as agility, coordination, and endurance.
==USER 25 - OUTPUT
Tennis is indeed a popular and exciting sport that requires a combination of physical fitness, technical skills, and mental toughness. I'll provide an overview of the basic rules and techniques of tennis, as well as the skills and physical fitness required to play the game.

**Basic Rules of Tennis:**

1. **Objective:** The objective of tennis is to hit the ball over the net into the opponent's court while preventing the opponent from doing the same.
2. **Scoring:** A tennis match is divided into sets, and a set is divided into games. A game is won by the player who first wins four points, unless the score is tied at 40-40, in which case the game continues until one player leads by two points.
3. **Serves:** A tennis match begins with a serve, where one player serves the ball to the opponent's court. The server stands behind the baseline and serves the ball into the opponent's court diagonally.
4. **Rallies:** After the serve, players hit the ball back and forth across the net until one player fails to return the ball or makes an error.

**Basic Techniques of Tennis:**

1. **Forehand:** A forehand is a shot hit by the player using their dominant hand, with the palm facing downwards.
2. **Backhand:** A backhand is a shot hit by the player using their non-dominant hand, with the palm facing upwards.
3. **Volley:** A volley is a shot hit before the ball has a chance to bounce.
4. **Overhead:** An overhead is a shot hit above the player's head, usually to return a lob.
5. **Serve:** A serve is a shot that starts the point, where the player serves the ball into the opponent's court.

**Skills and Physical Fitness Required:**

1. **Agility:** Tennis players need to be agile to quickly move around the court and change direction.
2. **Coordination:** Players need to have good hand-eye coordination to hit the ball accurately and consistently.
3. **Endurance:** Tennis matches can be physically demanding, requiring players to have good cardiovascular endurance and stamina.
4. **Strength:** Players need to have strong arms, legs, and core to generate power and speed in their shots.
5. **Flexibility:** Players need to be flexible to maintain good footwork and movement around the court.
6. **Mental Toughness:** Tennis is a mentally demanding sport, requiring players to stay focused and composed under pressure.

**Learning to Play Tennis:**

If you're interested in learning to play tennis, here are some tips:

1. **Take lessons:** Consider taking lessons from a qualified tennis coach to learn the basic techniques and rules of the game.
2. **Practice regularly:** Practice your shots and footwork regularly to improve your skills and build your endurance.
3. **Join a tennis club or league:** Joining a tennis club or league can provide opportunities to play with other players and improve your game.
4. **Watch and learn:** Watch professional tennis players and learn from their techniques and strategies.

As a digital AI assistant, I don't have personal experiences or physical abilities to play tennis. However, I can provide information and guidance to help you learn and improve your tennis game. Whether you're a beginner or an experienced player, tennis is a fun and rewarding sport that can be enjoyed by people of all ages and skill levels.assistant

Tennis is indeed a popular and exciting sport that requires a combination of physical fitness, technical skills, and mental toughness. I'll provide an overview of the basic rules and techniques of tennis, as well as the skills and physical fitness required to play the game.

**Basic Rules of Tennis:**

1. **Objective:** The objective of tennis is to hit the ball over the net into the opponent's court while preventing the opponent from doing the same.
2. **Scoring:** A tennis match is divided into sets, and a set is divided into games. A game is won by the player who first wins four points, unless the score is tied at 40-40, in which case the game continues until one player leads by two points.
3. **Serves:** A tennis match begins with a serve, where one player serves the ball to the opponent's court. The server stands behind

2026-09-03 03:51:52.137 | INFO     | examples.llama33_70b.demo:log_generated_text:476 - 
==USER 26 - PROMPT
Suggest cities to visit in Japan. Japan is a country with a rich cultural heritage and modern attrac
<long prompt not printed in full>
n for its historic temples and traditional tea houses; and Osaka, famous for its vibrant food scene.
==USER 26 - OUTPUT
Japan is a fascinating country with a unique blend of traditional and modern culture, rich history, and breathtaking natural beauty. Here are some must-visit cities in Japan, each offering a distinct experience:

1. **Tokyo**: The capital city is a must-visit, with its neon-lit skyscrapers, world-class restaurants, and vibrant entertainment districts like Shibuya and Harajuku. Visit the famous Tsukiji Fish Market, take a stroll in the Imperial Palace East Garden, and experience the city's cutting-edge technology and innovation.
2. **Kyoto**: This historic city is a treasure trove of traditional Japanese culture, with numerous temples, shrines, and gardens. Visit the iconic Fushimi Inari Shrine, famous for its thousands of vermillion torii gates, and explore the Kiyomizu-dera Temple, a UNESCO World Heritage site. Don't miss the traditional tea houses and geisha districts like Gion.
3. **Osaka**: Known as the "nation's kitchen," Osaka is a food lover's paradise, with popular dishes like takoyaki, okonomiyaki, and kushikatsu. Visit the Dotonbori neighborhood, famous for its colorful neon lights and street food, and explore the Osaka Castle, which offers great views of the city.
4. **Hiroshima**: This city is a poignant reminder of Japan's history, with the Hiroshima Peace Memorial Park and Museum serving as a tribute to the atomic bombing in 1945. Take a ferry to Miyajima Island, famous for its scenic beauty and historic landmarks like the Itsukushima Shrine, which appears to be floating during high tide.
5. **Sapporo**: Located on the northern island of Hokkaido, Sapporo is a great destination for winter sports enthusiasts, with the Sapporo Snow Festival and nearby ski resorts. Visit the Sapporo Clock Tower, a historic landmark, and explore the city's vibrant food scene, which features fresh seafood and local specialties like soup curry.
6. **Fukuoka**: This city on the southern island of Kyushu is known for its ancient temples, beautiful beaches, and delicious food, including tonkotsu ramen and mentaiko (spicy pollock roe). Visit the Dazaifu Tenmangu Shrine, a famous Shinto shrine dedicated to the god of learning, and explore the city's historic district, which features traditional Japanese architecture.
7. **Nara**: This city is a hidden gem, with a rich history and culture that dates back to the 8th century. Visit the Todai-ji Temple, which houses the largest bronze Buddha statue in the world, and explore the Nara Park, a large public park that is home to over 1,000 wild deer.
8. **Yokohama**: Japan's second-largest city is a great destination for those interested in history, culture, and entertainment. Visit the Minato Mirai 21 district, which features a stunning skyline and modern attractions like the Yokohama Landmark Tower, and explore the city's Chinatown, which is one of the largest in the world.
9. **Kanazawa**: This city on the west coast is known for its well-preserved Edo-era (1603-1867) architecture, beautiful gardens, and high-quality gold leaf products. Visit the Kenrokuen Garden, one of Japan's Three Great Gardens, and explore the Higashi Chaya District, which features traditional tea houses and shops.
10. **Nikko**: Located about two hours away from Tokyo, Nikko is a UNESCO World Heritage site famous for its ornate temples and shrines, including the Toshogu Shrine, which is dedicated to the deified spirit of Tokugawa Ieyasu, the founder of the Tokugawa shogunate.

Each of these cities offers a unique experience, from traditional culture and history to modern entertainment and cuisine. Whether you're interested in food, history, nature, or technology, Japan has something to offer, and these cities are a great starting point for your journey.assistant

Japan is a fascinating country with a unique blend of traditional and modern culture, rich history, and breathtaking natural beauty. Here are some must-visit cities in Japan, each offering a distinct experience:

1

2026-09-03 03:51:52.138 | INFO     | examples.llama33_70b.demo:log_generated_text:476 - 
==USER 27 - PROMPT
How far away is the moon from the earth? Understanding the distance between the Earth and the moon c
<long prompt not printed in full>
tical orbit? Think about the significance of this distance in terms of space travel and exploration.
==USER 27 - OUTPUT
The average distance from the Earth to the Moon is approximately 384,400 kilometers (238,900 miles). This distance is constantly changing due to the Moon's elliptical orbit around our planet. At its closest point, called perigee, the Moon is about 356,400 kilometers (221,500 miles) away, and at its farthest point, called apogee, it is about 405,500 kilometers (252,000 miles) away.

Scientists measure the distance between the Earth and the Moon using a variety of methods, including:

1. **Laser Ranging**: This method involves bouncing a laser beam off mirrors left on the Moon's surface by astronauts during the Apollo missions. By measuring the time it takes for the laser beam to return, scientists can calculate the distance to the Moon with incredible accuracy.
2. **Radar Ranging**: Similar to laser ranging, this method uses radio waves to measure the distance to the Moon. Radar signals are bounced off the Moon's surface, and the time delay between transmission and reception is used to calculate the distance.
3. **Orbital Mechanics**: By tracking the motion of the Moon and the Earth, scientists can use orbital mechanics to calculate the distance between the two bodies. This method involves complex mathematical models that take into account the gravitational interactions between the Earth, Moon, and Sun.
4. **Astronomical Observations**: Astronomers can measure the distance to the Moon by observing the angle of view between the Earth and the Moon from different locations on our planet. This method is less accurate than the others but can still provide useful estimates.

The significance of the distance between the Earth and the Moon is substantial, particularly in the context of space travel and exploration. For example:

1. **Space Mission Planning**: Accurate knowledge of the distance to the Moon is crucial for planning space missions, such as lunar landings or orbital insertions. Mission planners need to account for the varying distance to ensure precise navigation and communication.
2. **Fuel Efficiency**: The distance to the Moon affects the amount of fuel required for space travel. A longer distance means more fuel is needed, which can impact the overall cost and feasibility of a mission.
3. **Communication Delays**: The distance to the Moon also affects communication delays between Earth and spacecraft. Signals take longer to travel between the two bodies, which can impact real-time communication and mission control.
4. **Lunar Resource Utilization**: Understanding the distance to the Moon is essential for planning the exploitation of lunar resources, such as helium-3 for nuclear fusion or lunar regolith for in-situ resource utilization.

In conclusion, the distance between the Earth and the Moon is a fundamental aspect of our understanding of the solar system, and its measurement has significant implications for space travel, exploration, and resource utilization. The varying distance due to the Moon's elliptical orbit adds complexity to these endeavors, but scientists continue to refine their measurements and models to improve our understanding of the Earth-Moon system.assistant

The average distance from the Earth to the Moon is approximately 384,400 kilometers (238,900 miles). This distance is constantly changing due to the Moon's elliptical orbit around our planet. At its closest point, called perigee, the Moon is about 356,400 kilometers (221,500 miles) away, and at its farthest point, called apogee, it is about 405,500 kilometers (252,000 miles) away.

Scientists measure the distance between the Earth and the Moon using a variety of methods, including:

1. **Laser Ranging**: This method involves bouncing a laser beam off mirrors left on the Moon's surface by astronauts during the Apollo missions. By measuring the time it takes for the laser beam to return, scientists can calculate the distance to the Moon with incredible accuracy.
2. **Radar Ranging**: Similar to laser ranging, this method uses radio waves to measure the distance to the Moon. Radar signals are bounced off the Moon's surface, and the time delay between transmission and reception is used to calculate the distance.
3. **Orbital Mechanics**: By tracking the motion of the Moon and the Earth, scientists can use orbital mechanics to calculate the distance between the two bodies. This method involves complex mathematical models that take into account the gravitational interactions between the Earth, Moon,

2026-09-03 03:51:52.138 | INFO     | examples.llama33_70b.demo:log_generated_text:476 - 
==USER 28 - PROMPT
What is the capital of the UK? Knowing the capital cities of different countries can help broaden yo
<long prompt not printed in full>
nd history. What do you know about London? Have you ever visited or would you like to visit one day?
==USER 28 - OUTPUT
London is indeed the capital of the United Kingdom, and it's a city with a rich history, vibrant culture, and iconic landmarks. As a digital AI assistant, I don't have personal experiences or physical presence, so I haven't visited London or any other city. However, I can provide you with information and insights about this amazing city.

London is a global hub for finance, commerce, education, and entertainment. It's home to many world-renowned institutions, such as the British Museum, the National Gallery, and the Royal Opera House. The city is also famous for its iconic landmarks like Buckingham Palace, the Tower of London, Big Ben, and the London Eye.

London is a melting pot of cultures, with people from diverse backgrounds and ethnicities living and working together. The city offers a wide range of culinary experiences, from traditional British cuisine to international flavors. You can find everything from fish and chips to Indian curries, Chinese dim sum, and Italian pasta.

If you're interested in visiting London, there are many things to see and do. You could explore the city's historic neighborhoods, such as Covent Garden, Soho, and Camden. Take a ride on the London Underground, visit the famous markets like Camden Market or Brick Lane Market, or take a stroll along the South Bank of the Thames.

Some popular attractions in London include:

1. The British Museum: One of the world's greatest museums, with a collection of over 8 million objects from ancient civilizations.
2. The London Eye: A giant Ferris wheel offering stunning views of the city.
3. Buckingham Palace: The official residence of the British monarch, open to the public for tours and ceremonies.
4. The Tower of London: A historic fortress and former prison, home to the Crown Jewels and the Yeoman Warders (also known as Beefeaters).
5. Westminster Abbey: A beautiful Gothic church and the site of coronations, royal weddings, and state funerals.

These are just a few examples of the many amazing things to see and do in London. Whether you're interested in history, culture, food, or entertainment, London has something to offer everyone.

What about you? Have you ever visited London or would you like to visit one day? What are your interests, and what would you like to explore in this amazing city?assistant

London is indeed the capital of the United Kingdom, and it's a city with a rich history, vibrant culture, and iconic landmarks. As a digital AI assistant, I don't have personal experiences or physical presence, so I haven't visited London or any other city. However, I can provide you with information and insights about this amazing city.

London is a global hub for finance, commerce, education, and entertainment. It's home to many world-renowned institutions, such as the British Museum, the National Gallery, and the Royal Opera House. The city is also famous for its iconic landmarks like Buckingham Palace, the Tower of London, Big Ben, and the London Eye.

London is a melting pot of cultures, with people from diverse backgrounds and ethnicities living and working together. The city offers a wide range of culinary experiences, from traditional British cuisine to international flavors. You can find everything from fish and chips to Indian curries, Chinese dim sum, and Italian pasta.

If you're interested in visiting London, there are many things to see and do. You could explore the city's historic neighborhoods, such as Covent Garden, Soho, and Camden. Take a ride on the London Underground, visit the famous markets like Camden Market or Brick Lane Market, or take a stroll along the South Bank of the Thames.

Some popular attractions in London include:

1. The British Museum: One of the world's greatest museums, with a collection of over 8 million objects from ancient civilizations.
2. The London Eye: A giant Ferris wheel offering stunning views of the city.
3. Buckingham Palace: The official residence of the British monarch, open to the public for tours and ceremonies.
4. The Tower of London: A historic fortress and former prison, home to the Crown Jewels and the Yeoman Warders (also known as Beefeaters).
5. Westminster Abbey: A beautiful Gothic church and the site of coronations, royal weddings, and state funerals.

These are just a few examples of the

2026-09-03 03:51:52.138 | INFO     | examples.llama33_70b.demo:log_generated_text:476 - 
==USER 29 - PROMPT
What is the capital of Germany? Understanding capital cities and their roles in their respective cou
<long prompt not printed in full>
onsider its famous landmarks like the Brandenburg Gate, the Berlin Wall, and the Reichstag building.
==USER 29 - OUTPUT
The capital of Germany is indeed Berlin, a city with a rich and complex history that has played a significant role in shaping the country's culture, politics, and identity. Berlin is a city that has been at the forefront of many significant events in world history, from the rise and fall of the Berlin Wall to its current status as a thriving cultural and economic hub.

As a digital AI assistant, I don't have personal experiences or physical presence, so I haven't visited Berlin or any other city. However, I can provide information and insights about Berlin's significance in world history and its famous landmarks.

The Brandenburg Gate, for example, is an iconic symbol of Berlin and one of the most recognizable landmarks in the world. It was built in the 18th century as a gate to the city and has since become a powerful symbol of German unity and freedom.

The Berlin Wall, which once divided the city and separated East and West Germany, is another significant landmark that serves as a reminder of the city's turbulent past. The wall's construction in 1961 and its fall in 1989 marked two pivotal moments in modern history, and its legacy continues to shape the city's identity and culture.

The Reichstag building, which serves as the seat of the German parliament, is another important landmark that reflects the city's rich history and cultural significance. The building's stunning architecture and historic significance make it a popular tourist destination and a symbol of German democracy.

Berlin's cultural diversity, vibrant arts scene, and rich history make it a fascinating city to learn about and explore. From its world-class museums and galleries to its trendy neighborhoods and historic landmarks, Berlin has something to offer for everyone.

Overall, understanding the significance of capital cities like Berlin can provide valuable insights into a nation's culture, history, and governance. By exploring the city's landmarks, history, and cultural diversity, we can gain a deeper appreciation for the complexities and nuances of German society and its place in the world.assistant

The capital of Germany is indeed Berlin, a city with a rich and complex history that has played a significant role in shaping the country's culture, politics, and identity. Berlin is a city that has been at the forefront of many significant events in world history, from the rise and fall of the Berlin Wall to its current status as a thriving cultural and economic hub.

As a digital AI assistant, I don't have personal experiences or physical presence, so I haven't visited Berlin or any other city. However, I can provide information and insights about Berlin's significance in world history and its famous landmarks.

The Brandenburg Gate, for example, is an iconic symbol of Berlin and one of the most recognizable landmarks in the world. It was built in the 18th century as a gate to the city and has since become a powerful symbol of German unity and freedom.

The Berlin Wall, which once divided the city and separated East and West Germany, is another significant landmark that serves as a reminder of the city's turbulent past. The wall's construction in 1961 and its fall in 1989 marked two pivotal moments in modern history, and its legacy continues to shape the city's identity and culture.

The Reichstag building, which serves as the seat of the German parliament, is another important landmark that reflects the city's rich history and cultural significance. The building's stunning architecture and historic significance make it a popular tourist destination and a symbol of German democracy.

Berlin's cultural diversity, vibrant arts scene, and rich history make it a fascinating city to learn about and explore. From its world-class museums and galleries to its trendy neighborhoods and historic landmarks, Berlin has something to offer for everyone.

Overall, understanding the significance of capital cities like Berlin can provide valuable insights into a nation's culture, history, and governance. By exploring the city's landmarks, history, and cultural diversity, we can gain a deeper appreciation for the complexities and nuances of German society and its place in the world.assistant

The capital of Germany is indeed Berlin, a city with a rich and complex history that has played a significant role in shaping the country's culture, politics, and identity. Berlin is a city that has been at the forefront of many significant events in world history, from the rise and fall of the Berlin Wall to its current status as a thriving cultural and economic hub.

As a digital AI

2026-09-03 03:51:52.139 | INFO     | examples.llama33_70b.demo:log_generated_text:476 - 
==USER 30 - PROMPT
What is the capital of France? Knowing the capitals of countries can help you understand more about 
<long prompt not printed in full>
 Think about iconic landmarks such as the Eiffel Tower, the Louvre Museum, and Notre-Dame Cathedral.
==USER 30 - OUTPUT
The capital of France is indeed Paris, famously known as the 'City of Light.' Paris is a global hub for art, fashion, and history, attracting millions of visitors each year. While I don't have personal experiences or dreams, I can certainly provide information and insights about this magnificent city.

Paris is home to some of the world's most iconic landmarks, including the Eiffel Tower, the Louvre Museum, and Notre-Dame Cathedral. The Eiffel Tower, built for the 1889 World's Fair, is an engineering marvel and a symbol of French culture. The Louvre Museum is one of the largest and most visited museums in the world, housing an impressive collection of art and artifacts, including the Mona Lisa. Notre-Dame Cathedral, a beautiful example of Gothic architecture, has been a significant part of Paris' history and identity for centuries.

In addition to these famous landmarks, Paris offers a rich cultural experience, with its charming streets, historic neighborhoods, and world-class cuisine. Visitors can explore the Latin Quarter, Montmartre, and other districts, each with its unique character and charm. The city is also famous for its fashion industry, with top designers and fashion houses calling Paris home.

Understanding the capitals of countries and their cultural significance can indeed help us appreciate global geography and diversity. Whether you're interested in history, art, fashion, or food, Paris has something to offer, making it a dream destination for many people around the world.assistant

The capital of France is indeed Paris, famously known as the 'City of Light.' Paris is a global hub for art, fashion, and history, attracting millions of visitors each year. While I don't have personal experiences or dreams, I can certainly provide information and insights about this magnificent city.

Paris is home to some of the world's most iconic landmarks, including the Eiffel Tower, the Louvre Museum, and Notre-Dame Cathedral. The Eiffel Tower, built for the 1889 World's Fair, is an engineering marvel and a symbol of French culture. The Louvre Museum is one of the largest and most visited museums in the world, housing an impressive collection of art and artifacts, including the Mona Lisa. Notre-Dame Cathedral, a beautiful example of Gothic architecture, has been a significant part of Paris' history and identity for centuries.

In addition to these famous landmarks, Paris offers a rich cultural experience, with its charming streets, historic neighborhoods, and world-class cuisine. Visitors can explore the Latin Quarter, Montmartre, and other districts, each with its unique character and charm. The city is also famous for its fashion industry, with top designers and fashion houses calling Paris home.

Understanding the capitals of countries and their cultural significance can indeed help us appreciate global geography and diversity. Whether you're interested in history, art, fashion, or food, Paris has something to offer, making it a dream destination for many people around the world.assistant

The capital of France is indeed Paris, famously known as the 'City of Light.' Paris is a global hub for art, fashion, and history, attracting millions of visitors each year. While I don't have personal experiences or dreams, I can certainly provide information and insights about this magnificent city.

Paris is home to some of the world's most iconic landmarks, including the Eiffel Tower, the Louvre Museum, and Notre-Dame Cathedral. The Eiffel Tower, built for the 1889 World's Fair, is an engineering marvel and a symbol of French culture. The Louvre Museum is one of the largest and most visited museums in the world, housing an impressive collection of art and artifacts, including the Mona Lisa. Notre-Dame Cathedral, a beautiful example of Gothic architecture, has been a significant part of Paris' history and identity for centuries.

In addition to these famous landmarks, Paris offers a rich cultural experience, with its charming streets, historic neighborhoods, and world-class cuisine. Visitors can explore the Latin Quarter, Montmartre, and other districts, each with its unique character and charm. The city is also famous for its fashion industry, with top designers and fashion houses calling Paris home.

Understanding the capitals of countries and their cultural significance can indeed help us appreciate global geography and diversity. Whether you're interested in history, art, fashion, or food, Paris has something to

2026-09-03 03:51:52.139 | INFO     | examples.llama33_70b.demo:log_generated_text:476 - 
==USER 31 - PROMPT
What is the capital of Japan? Learning about the capitals of different countries can enhance your un
<long prompt not printed in full>
o unique, from its towering skyscrapers and advanced technology to its historic temples and gardens.
==USER 31 - OUTPUT
That's correct, the capital of Japan is indeed Tokyo. Tokyo is a fascinating city that seamlessly blends traditional and modern elements, making it a unique and captivating destination. From its neon-lit streets and cutting-edge technology to its ancient temples and serene gardens, Tokyo has something to offer for everyone.

As a digital AI assistant, I don't have personal experiences or physical interactions, so I haven't been to Tokyo or know someone who has. However, I can provide information and insights about the city and its culture.

Tokyo's distinctiveness can be attributed to its rich history, vibrant culture, and innovative spirit. The city is home to many iconic landmarks, such as the Tokyo Tower, Meiji Shrine, and Shibuya Crossing, which are must-visit attractions for anyone interested in exploring the city.

Some of the unique aspects of Tokyo include:

1. **Food culture**: Tokyo is renowned for its diverse and delicious cuisine, ranging from sushi and ramen to tempura and yakitori.
2. **Technology and innovation**: Tokyo is a hub for cutting-edge technology, with many companies and startups pushing the boundaries of innovation.
3. **Traditional festivals and events**: Tokyo hosts various traditional festivals and events throughout the year, such as the Cherry Blossom Festival and the Star Festival.
4. **Historic temples and gardens**: Tokyo is home to many historic temples and gardens, such as the Senso-ji Temple and the Imperial Palace East Garden, which offer a glimpse into the city's rich cultural heritage.
5. **Vibrant neighborhoods**: Tokyo has many unique neighborhoods, such as Shibuya, Harajuku, and Asakusa, each with its own distinct character and charm.

Overall, Tokyo is a city that offers a unique blend of traditional and modern experiences, making it an exciting and enriching destination for anyone interested in exploring global cultures and histories.assistant

The capital of Japan is Tokyo, a city known for its vibrant culture, rich history, and blend of traditional and modern influences. Tokyo is a bustling metropolis with a population of over 13.9 million people, making it one of the most populous cities in the world. The city is home to many famous landmarks, including the Tokyo Tower, Meiji Shrine, and Shibuya Crossing. Tokyo is also known for its world-class restaurants, shops, and entertainment venues, making it a popular destination for tourists and business travelers alike.assistant

Tokyo, the capital of Japan, is a city that seamlessly blends traditional and modern elements, creating a unique and fascinating cultural landscape. From its historic temples and gardens to its cutting-edge technology and innovative spirit, Tokyo has something to offer for everyone.

Some of the key aspects that make Tokyo stand out include:

1. **Rich History and Culture**: Tokyo is home to many historic temples, shrines, and gardens, such as the Meiji Shrine, Senso-ji Temple, and the Imperial Palace East Garden, which showcase the city's rich cultural heritage.
2. **Vibrant Food Scene**: Tokyo is renowned for its diverse and delicious cuisine, with popular dishes like sushi, ramen, and tempura, as well as a wide range of traditional and modern restaurants.
3. **Innovative Technology**: Tokyo is a hub for cutting-edge technology, with many companies and startups pushing the boundaries of innovation, from robotics and artificial intelligence to gaming and virtual reality.
4. **Unique Neighborhoods**: Tokyo has many distinct neighborhoods, such as Shibuya, Harajuku, and Asakusa, each with its own character, charm, and attractions, offering a glimpse into the city's diverse and vibrant culture.
5. **World-Class Entertainment**: Tokyo is home to a wide range of entertainment options, including theaters, concert halls, and theme parks, such as Tokyo Disneyland and Universal Studios Japan.

Overall, Tokyo is a city that offers a unique and unforgettable experience, with its blend of traditional and modern elements, rich history, and vibrant culture making it a must-visit destination for anyone interested in exploring global cultures and histories.assistant

The capital of Japan is Tokyo, a city that offers a unique blend of traditional and modern culture, rich history, and cutting-edge technology. Tokyo is a must-visit destination for anyone interested in exploring global cultures and histories, with its many historic temples, shrines, and gardens,

FAILED

=================================== FAILURES ===================================
__________________ test_llama33_70b[accuracy-batch-32-ci-T3K] __________________

test_config = 'batch-32-ci', mesh_device = MeshDevice(1x8 grid, 8 devices)
optimizations = 'accuracy'

    @pytest.mark.device
    @pytest.mark.model
    @pytest.mark.slow
    @pytest.mark.parametrize('test_config', [pytest.param('token-accuracy', id='token-accuracy'), pytest.param('batch-1', id='batch-1'), pytest.param('batch-32', id='batch-32'), pytest.param('batch-32-ci', id='batch-32-ci'), pytest.param('eval-32', id='eval-32'), pytest.param('eval-32-perf-report', id='eval-32-perf-report'), pytest.param('ci-b1-DP-2', id='ci-b1-DP-2'), pytest.param('ci-b1-DP-4', id='ci-b1-DP-4'), pytest.param('ci-b1-DP-8', id='ci-b1-DP-8'), pytest.param('ci-b1-DP-16', id='ci-b1-DP-16'), pytest.param('ci-b1-DP-32', id='ci-b1-DP-32')])
    @pytest.mark.parametrize('optimizations', ['performance', 'accuracy'])
    def test_llama33_70b(test_config, mesh_device, optimizations):
        try:
>           example.run_llama33_70b(test_config=test_config, mesh_device=mesh_device, optimizations=optimizations)

tests/hardware/models/llama33_70b/test_demo.py:33: 
_ _ _ _ _ _ _ _ _ _ _ _ _ _ _ _ _ _ _ _ _ _ _ _ _ _ _ _ _ _ _ _ _ _ _ _ _ _ _ _ 
examples/llama33_70b/demo.py:711: in run_llama33_70b
    _run_perf_benchmark(
_ _ _ _ _ _ _ _ _ _ _ _ _ _ _ _ _ _ _ _ _ _ _ _ _ _ _ _ _ _ _ _ _ _ _ _ _ _ _ _ 

model = <tt_transformers.models.llama33_70b.model.Llama33_70BTransformer1D object at 0x7fe6d0567880>
mesh_device = MeshDevice(1x8 grid, 8 devices)
expected = {'tok_s_u': 8.9, 'ttft_ms': 100}, batch_size = 32
case_name = 'accuracy/batch-32-ci', max_prefill_len = None
num_decode_tokens = 1024

    def _run_perf_benchmark(
        model: Llama33_70BTransformer1D,
        mesh_device,
        expected,
        batch_size: int,
        case_name: str,
        max_prefill_len: int | None = None,
        num_decode_tokens: int | None = None,
    ):
        """Timed prefill + decode with the traced model-owned executor.
    
        Prefill uses each prompt's natural token length (TTTv1 ``preprocess_inputs_prefill``
        semantics — the executor buckets to ``get_padded_prefill_len``); decode runs for
        ``num_decode_tokens`` steps (default ``_PERF_NUM_DECODE_TOKENS``).
        ``max_prefill_len`` is an optional clip cap for over-long prompts, never a pad-up target.
    
        The decode budget is clamped to what the paged KV cache can hold:
        ``effective = min(requested, max_seq_len - prompt_bucket - margin)`` so the high-water
        decode position never overruns the page table (the ``batch-32-ci`` leg requests 1024).
        """
        hf_model = os.environ.get("HF_MODEL", "meta-llama/Llama-3.3-70B-Instruct")
        tokenizer = model.demo_tokenizer
    
        # Batched-prefill A/B knob (parity caveat #12): set DISABLE_BATCHED_PREFILL=1 to force the
        # sequential per-user prefill loop (the pre-feature baseline) for before/after TTFT comparison.
        # The accuracy profile already keeps folded QKV/W2 on ttnn.linear. For the performance profile,
        # DISABLE_MINIMAL_MATMUL=1 force-disables those minimal-matmul paths as an A/B control (read at
        # model build time, so it must be in the env before from_pretrained — it already is).
        # The shared prefill runtime reads DISABLE_BATCHED_PREFILL for each prepare call.
        # Do not mutate model_args here: Llama33_70BRuntimeConfig is intentionally frozen.
    
        # On-device sampling toggle for SKU evidence-gathering:
        #   host            -> sampling_params=None (host-argmax, the default shipped path)
        #   on_device       -> greedy temp=0,k=1,p=0 => trace-captured top-k op path with k=1.
        #                      Sampling1D is built allow_force_argmax=False, so even greedy routes
        #                      through ttnn.topk (k=1 top-k == argmax-via-topk), NOT the force-argmax
        #                      full-vocab all-gather.
        #   on_device_topk  -> temp=0,k=32,p=0.08    => trace-captured top-k op path with k=32
        #                      (gathers only the [*,32] tuples). On T3K (8 dev) the vocab
        #                      shards 8-ways so on-device top-k is the faster path vs host readback.
        sampling_mode = os.environ.get("SAMPLING_MODE", "host").lower()
        _on_device_params = {
            "on_device": SamplingParams(temperature=0.0, top_k=1, top_p=0.0),
            "on_device_topk": SamplingParams(temperature=0.0, top_k=32, top_p=0.08),
        }
        sampling_params = (
            _on_device_params[sampling_mode]
            if sampling_mode in _on_device_params and getattr(model, "supports_on_device_sampling", False)
            else None
        )
        logger.info(f"[{case_name}] SAMPLING_MODE={sampling_mode} -> sampling_params={sampling_params}")
    
        # Free-running perf run: enable the executor's on-device decode loop on the on-device sampling
        # path (inert on host/force-argmax; gated to the top-k path by _decode_loop_active). This is the
        # #49284 shared decode loop — the primary T3K decode-parity lever for this T3K-only 70B.
        traced_executor = create_executor(
            model,
            traced=True,
            device_sampling_enabled=sampling_params is not None,
        )
        try:
            block_size = 32
            max_seq_len = model.config.max_seq_len
            max_batch_size = model.config.max_batch_size
            kv_cache = traced_executor.allocate_kv_cache()
            page_table = make_contiguous_page_table(max_batch_size, max_seq_len, block_size)
    
            prompts = load_input_prompts(batch_size)
            input_tokens, prompt_lens = tokenize_prompts(prompts, tokenizer, max_prefill_len=max_prefill_len)
            prefill_sampling_params = None
            _warmup_demo_executor(
                traced_executor,
                kv_cache=kv_cache,
                page_table=page_table,
                prefill_compile_case=(input_tokens, prompt_lens),
                prefill_sampling_params=prefill_sampling_params,
                prefill_compile_execution=traced_executor.traced_prefill_execution,
            )
    
            # Decode-token budget, clamped to the KV-cache headroom. Prompts bucket to ~128 and we keep
            # a 16-token margin, so the high-water decode position stays inside max_seq_len.
            _PROMPT_BUCKET = 128
            _DECODE_MARGIN = 16
            requested_decode = _PERF_NUM_DECODE_TOKENS if num_decode_tokens is None else num_decode_tokens
            effective_decode = min(requested_decode, max_seq_len - _PROMPT_BUCKET - _DECODE_MARGIN)
            logger.info(
                f"[{case_name}] num_decode_tokens: requested={requested_decode}, "
                f"effective={effective_decode} (max_seq_len={max_seq_len})"
            )
    
            # BenchmarkProfiler brackets the timed prefill/decode regions inside run_perf_benchmark
            # (default-None ⇒ byte-inert for every other caller) so we can emit CI perf telemetry.
            is_ci_env = os.environ.get("CI") == "true"
            profiler = BenchmarkProfiler()
            profiler.start("run")
            result = run_perf_benchmark(
                traced_executor,
                tokens=input_tokens,
                kv_cache=kv_cache,
                page_table=page_table,
                num_decode_tokens=effective_decode,
                max_batch_size=max_batch_size,
                prompt_lens=prompt_lens,
                sampling_params=sampling_params,
                prefill_sampling_params=prefill_sampling_params,
                pipeline_readback=os.environ.get("PIPELINE_READBACK", "1").lower() not in ("0", "false", "no"),
                profiler=profiler,
            )
            profiler.end("run")
    
            logger.info(
                f"Performance [{case_name}] — TTFT: {result.ttft_ms:.1f}ms, "
                f"tok/s/u: {result.tok_s_u:.1f}, "
                f"tok/s: {result.tok_s:.1f}, "
                f"decode latency: {result.decode_latency_mean_ms:.2f}ms"
            )
            log_generated_text(prompts, result.generated_token_ids, tokenizer)
    
            # CI-dashboard telemetry: emit a ``demo_perf`` partial mirroring TTTv1 simple_text_demo.py.
            # Saved BEFORE the special-token guard and perf gate so telemetry is captured even when a
            # downstream assert fails. No-op unless CI == "true" (BenchmarkData guards on it).
            if is_ci_env:
                prefill_seq_len = int(prompt_lens.max())
                prefill_time_s = result.prefill_time_s
                measurements = {
                    "prefill_t/s": (result.batch_size * prefill_seq_len) / prefill_time_s if prefill_time_s > 0 else 0.0,
                    "prefill_time_to_token": prefill_time_s / result.batch_size,  # seconds (TTTv1 units)
                    "decode_t/s": result.tok_s,
                    "decode_t/s/u": result.tok_s_u,
                }
                benchmark_data = create_benchmark_data(
                    profiler, measurements, {"inference_prefill": 0, "inference_decode": 1}, targets={}
                )
                benchmark_data.save_partial_run_json(
                    profiler,
                    run_type="demo_perf",
                    ml_model_name=hf_model,
                    ml_model_type="llm",
                    device_name=get_device_name(mesh_device),
                    num_layers=model.config.n_layers,
                    batch_size=result.batch_size,
                    input_sequence_length=prefill_seq_len,
                    output_sequence_length=effective_decode,
                )
    
            assert_no_special_tokens(result.generated_token_ids, tokenizer, case_name=case_name)
    
            if expected:
                failures = []
                if "tok_s_u" in expected:
                    tgt = expected["tok_s_u"] * (1 - PERF_TOLERANCE)
                    if result.tok_s_u < tgt:
                        failures.append(f"tok/s/u {result.tok_s_u:.1f} < target {expected['tok_s_u']}")
                if "ttft_ms" in expected:
                    tgt = expected["ttft_ms"] * (1 + PERF_TOLERANCE)
                    if result.ttft_ms > tgt:
                        failures.append(f"ttft_ms {result.ttft_ms:.1f} > target {expected['ttft_ms']}")
                if not (not failures):
>                   raise AssertionError(f'{case_name}: ' + '; '.join(failures))
E                   AssertionError: accuracy/batch-32-ci: tok/s/u 7.7 < target 8.9

examples/llama33_70b/demo.py:1017: AssertionError
=========================== short test summary info ============================
FAILED tests/hardware/models/llama33_70b/test_demo.py::test_llama33_70b[accuracy-batch-32-ci-T3K] - AssertionError: accuracy/batch-32-ci: tok/s/u 7.7 < target 8.9
======================== 1 failed in 249.86s (0:04:09) =========================
2026-09-03 03:51:59.402 | info     |    BuildKernels | JIT cache stats: 1017/1017 hits (100.0%) [1017 cached, 834 build-once dedup, 0 merged artifacts, 0 merged genfiles] (build_cache_telemetry.cpp:207)
2026-09-03 03:51:59.402 | info     |    BuildKernels | JIT telemetry: 3 registered TelemetryTokens (build_cache_telemetry.cpp:230)
2026-09-03 03:51:59.425 | info     |          Device | Closing user mode device drivers (tt_cluster.cpp:513)
2026-09-03 03:51:59.425 | info     |             UMD | Closing devices in cluster (cluster.cpp:1201)
2026-09-03 03:51:59.461 | info     |             UMD | Closing devices in cluster completed. (cluster.cpp:1210)
2026-09-03 03:51:59.461 | info     |             UMD | Cluster destructor started. (cluster.cpp:916)
2026-09-03 03:51:59.461 | info     |             UMD | Cluster destructor completed. (cluster.cpp:919)
