repository,revision,current_site,line,reference_kind,current_reference,consumer_owner,replacement_tt_transformers_contract,compatibility_shim_need,shim_duration,test_gate,cutover_order,external_status
tt-metal,00748e6ac7b65f50e5c2af07f6e7c1c535c7f4c0,.github/workflows/silencer.lock.yml,1602,ci_or_test_path,"""tttv2 modules"",",tt-metal models CI owners,"Install tt-transformers==<approved-release> (exact pin plus wheel hash/lockfile); invoke standalone tests/examples or qualification tools from the pinned release checkout, never the removed in-tree path.",no path shim; CI workflow changes atomically,none,CI manifest syntax plus host dry-run and scheduled same-version hardware lane,4-switch-ci-after-consumer-imports,not_cut_over
tt-metal,00748e6ac7b65f50e5c2af07f6e7c1c535c7f4c0,.github/workflows/t3000-unit-tests.yaml,13,ci_or_test_path,- tttv2 modules,tt-metal models CI owners,"Install tt-transformers==<approved-release> (exact pin plus wheel hash/lockfile); invoke standalone tests/examples or qualification tools from the pinned release checkout, never the removed in-tree path.",no path shim; CI workflow changes atomically,none,CI manifest syntax plus host dry-run and scheduled same-version hardware lane,4-switch-ci-after-consumer-imports,not_cut_over
tt-metal,00748e6ac7b65f50e5c2af07f6e7c1c535c7f4c0,.github/workflows/test-command.lock.yml,1333,ci_or_test_path,"""tttv2 modules"",",tt-metal models CI owners,"Install tt-transformers==<approved-release> (exact pin plus wheel hash/lockfile); invoke standalone tests/examples or qualification tools from the pinned release checkout, never the removed in-tree path.",no path shim; CI workflow changes atomically,none,CI manifest syntax plus host dry-run and scheduled same-version hardware lane,4-switch-ci-after-consumer-imports,not_cut_over
tt-metal,00748e6ac7b65f50e5c2af07f6e7c1c535c7f4c0,models/common/llm_runtime/tttv2_demo_to_vllm_integration_skill.md,file,qualification_tool_or_contract,models/common/llm_runtime/tttv2_demo_to_vllm_integration_skill.md,tt-metal repository owners,Use tt-transformers==<approved-release> (exact pin plus wheel hash/lockfile) with the corresponding qualification/ path from the exact standalone release; retain tt-metal copy only as a forwarding notice during overlap.,documentation/CLI forwarding notice only,one tt-metal release,standalone qualification host tests and schema validation,4-switch-ci-after-consumer-imports,not_cut_over
tt-metal,00748e6ac7b65f50e5c2af07f6e7c1c535c7f4c0,models/demos/blackhole/qwen36/demo/text_demo.py,462,python_import,models.common.sampling.generator,tt-metal model owner: blackhole,tt-transformers==<approved-release> (exact pin plus wheel hash/lockfile); import tt_transformers.sampling.generator,yes: temporary tt-metal old-namespace forwarding shim,one tt-metal release after every inventoried consumer is migrated,existing owner test plus clean-environment import with no tt-metal source on sys.path,3-switch-consumer-after-release,not_cut_over
tt-metal,00748e6ac7b65f50e5c2af07f6e7c1c535c7f4c0,models/demos/blackhole/qwen36/demo/text_demo.py,831,python_import,models.common.sampling.generator,tt-metal model owner: blackhole,tt-transformers==<approved-release> (exact pin plus wheel hash/lockfile); import tt_transformers.sampling.generator,yes: temporary tt-metal old-namespace forwarding shim,one tt-metal release after every inventoried consumer is migrated,existing owner test plus clean-environment import with no tt-metal source on sys.path,3-switch-consumer-after-release,not_cut_over
tt-metal,00748e6ac7b65f50e5c2af07f6e7c1c535c7f4c0,models/demos/blackhole/qwen36/tests/test_sampling.py,17,python_import,models.common.sampling.generator,tt-metal model owner: blackhole,tt-transformers==<approved-release> (exact pin plus wheel hash/lockfile); import tt_transformers.sampling.generator,yes: temporary tt-metal old-namespace forwarding shim,one tt-metal release after every inventoried consumer is migrated,existing owner test plus clean-environment import with no tt-metal source on sys.path,3-switch-consumer-after-release,not_cut_over
tt-metal,00748e6ac7b65f50e5c2af07f6e7c1c535c7f4c0,models/demos/blackhole/qwen36/tt/model.py,51,python_import,models.common.sampling.generator,tt-metal model owner: blackhole,tt-transformers==<approved-release> (exact pin plus wheel hash/lockfile); import tt_transformers.sampling.generator,yes: temporary tt-metal old-namespace forwarding shim,one tt-metal release after every inventoried consumer is migrated,existing owner test plus clean-environment import with no tt-metal source on sys.path,3-switch-consumer-after-release,not_cut_over
tt-metal,00748e6ac7b65f50e5c2af07f6e7c1c535c7f4c0,models/demos/deepseek_v3/demo/demo.py,17,python_import,models.common.sampling.sampling_params,tt-metal model owner: deepseek_v3,tt-transformers==<approved-release> (exact pin plus wheel hash/lockfile); import tt_transformers.sampling.sampling_params,yes: temporary tt-metal old-namespace forwarding shim,one tt-metal release after every inventoried consumer is migrated,existing owner test plus clean-environment import with no tt-metal source on sys.path,3-switch-consumer-after-release,not_cut_over
tt-metal,00748e6ac7b65f50e5c2af07f6e7c1c535c7f4c0,models/demos/deepseek_v3/tests/test_sampling.py,12,python_import,models.common.sampling,tt-metal model owner: deepseek_v3,tt-transformers==<approved-release> (exact pin plus wheel hash/lockfile); import tt_transformers.sampling,yes: temporary tt-metal old-namespace forwarding shim,one tt-metal release after every inventoried consumer is migrated,existing owner test plus clean-environment import with no tt-metal source on sys.path,3-switch-consumer-after-release,not_cut_over
tt-metal,00748e6ac7b65f50e5c2af07f6e7c1c535c7f4c0,models/demos/deepseek_v3/tt/generator.py,17,python_import,models.common.sampling.generator,tt-metal model owner: deepseek_v3,tt-transformers==<approved-release> (exact pin plus wheel hash/lockfile); import tt_transformers.sampling.generator,yes: temporary tt-metal old-namespace forwarding shim,one tt-metal release after every inventoried consumer is migrated,existing owner test plus clean-environment import with no tt-metal source on sys.path,3-switch-consumer-after-release,not_cut_over
tt-metal,00748e6ac7b65f50e5c2af07f6e7c1c535c7f4c0,models/demos/gemma4/demo/sampling_utils.py,10,python_import,models.common.sampling.generator,tt-metal model owner: gemma4,tt-transformers==<approved-release> (exact pin plus wheel hash/lockfile); import tt_transformers.sampling.generator,yes: temporary tt-metal old-namespace forwarding shim,one tt-metal release after every inventoried consumer is migrated,existing owner test plus clean-environment import with no tt-metal source on sys.path,3-switch-consumer-after-release,not_cut_over
tt-metal,00748e6ac7b65f50e5c2af07f6e7c1c535c7f4c0,models/demos/gemma4/tests/unit/test_sampling.py,30,python_import,models.common.sampling.generator,tt-metal model owner: gemma4,tt-transformers==<approved-release> (exact pin plus wheel hash/lockfile); import tt_transformers.sampling.generator,yes: temporary tt-metal old-namespace forwarding shim,one tt-metal release after every inventoried consumer is migrated,existing owner test plus clean-environment import with no tt-metal source on sys.path,3-switch-consumer-after-release,not_cut_over
tt-metal,00748e6ac7b65f50e5c2af07f6e7c1c535c7f4c0,models/demos/gemma4/tt/generator.py,12,python_import,models.common.sampling,tt-metal model owner: gemma4,tt-transformers==<approved-release> (exact pin plus wheel hash/lockfile); import tt_transformers.sampling,yes: temporary tt-metal old-namespace forwarding shim,one tt-metal release after every inventoried consumer is migrated,existing owner test plus clean-environment import with no tt-metal source on sys.path,3-switch-consumer-after-release,not_cut_over
tt-metal,00748e6ac7b65f50e5c2af07f6e7c1c535c7f4c0,models/demos/gemma4/tt/model.py,26,python_import,models.common.sampling.generator,tt-metal model owner: gemma4,tt-transformers==<approved-release> (exact pin plus wheel hash/lockfile); import tt_transformers.sampling.generator,yes: temporary tt-metal old-namespace forwarding shim,one tt-metal release after every inventoried consumer is migrated,existing owner test plus clean-environment import with no tt-metal source on sys.path,3-switch-consumer-after-release,not_cut_over
tt-metal,00748e6ac7b65f50e5c2af07f6e7c1c535c7f4c0,models/demos/gpt_oss/demo/text_demo.py,27,python_import,models.common.sampling,tt-metal model owner: gpt_oss,tt-transformers==<approved-release> (exact pin plus wheel hash/lockfile); import tt_transformers.sampling,yes: temporary tt-metal old-namespace forwarding shim,one tt-metal release after every inventoried consumer is migrated,existing owner test plus clean-environment import with no tt-metal source on sys.path,3-switch-consumer-after-release,not_cut_over
tt-metal,00748e6ac7b65f50e5c2af07f6e7c1c535c7f4c0,models/demos/gpt_oss/tests/unit/test_sampling.py,24,python_import,models.common.sampling.generator,tt-metal model owner: gpt_oss,tt-transformers==<approved-release> (exact pin plus wheel hash/lockfile); import tt_transformers.sampling.generator,yes: temporary tt-metal old-namespace forwarding shim,one tt-metal release after every inventoried consumer is migrated,existing owner test plus clean-environment import with no tt-metal source on sys.path,3-switch-consumer-after-release,not_cut_over
tt-metal,00748e6ac7b65f50e5c2af07f6e7c1c535c7f4c0,models/demos/gpt_oss/tests/unit/test_sampling.py,25,python_import,models.common.sampling.tt_sampling,tt-metal model owner: gpt_oss,tt-transformers==<approved-release> (exact pin plus wheel hash/lockfile); import tt_transformers.sampling.tt_sampling,yes: temporary tt-metal old-namespace forwarding shim,one tt-metal release after every inventoried consumer is migrated,existing owner test plus clean-environment import with no tt-metal source on sys.path,3-switch-consumer-after-release,not_cut_over
tt-metal,00748e6ac7b65f50e5c2af07f6e7c1c535c7f4c0,models/demos/gpt_oss/tests/unit/test_sampling.py,516,python_import,models.common.sampling.tt_log_probs,tt-metal model owner: gpt_oss,tt-transformers==<approved-release> (exact pin plus wheel hash/lockfile); import tt_transformers.sampling.tt_log_probs,yes: temporary tt-metal old-namespace forwarding shim,one tt-metal release after every inventoried consumer is migrated,existing owner test plus clean-environment import with no tt-metal source on sys.path,3-switch-consumer-after-release,not_cut_over
tt-metal,00748e6ac7b65f50e5c2af07f6e7c1c535c7f4c0,models/demos/gpt_oss/tt/model.py,9,python_import,models.common.sampling.generator,tt-metal model owner: gpt_oss,tt-transformers==<approved-release> (exact pin plus wheel hash/lockfile); import tt_transformers.sampling.generator,yes: temporary tt-metal old-namespace forwarding shim,one tt-metal release after every inventoried consumer is migrated,existing owner test plus clean-environment import with no tt-metal source on sys.path,3-switch-consumer-after-release,not_cut_over
tt-metal,00748e6ac7b65f50e5c2af07f6e7c1c535c7f4c0,models/demos/gpt_oss_d_p/tt/model.py,150,python_import,models.common.sampling.generator,tt-metal model owner: gpt_oss_d_p,tt-transformers==<approved-release> (exact pin plus wheel hash/lockfile); import tt_transformers.sampling.generator,yes: temporary tt-metal old-namespace forwarding shim,one tt-metal release after every inventoried consumer is migrated,existing owner test plus clean-environment import with no tt-metal source on sys.path,3-switch-consumer-after-release,not_cut_over
tt-metal,00748e6ac7b65f50e5c2af07f6e7c1c535c7f4c0,models/demos/llama3_70b_galaxy/demo/demo_decode.py,24,python_import,models.common.sampling.tt_sampling,tt-metal model owner: llama3_70b_galaxy,tt-transformers==<approved-release> (exact pin plus wheel hash/lockfile); import tt_transformers.sampling.tt_sampling,yes: temporary tt-metal old-namespace forwarding shim,one tt-metal release after every inventoried consumer is migrated,existing owner test plus clean-environment import with no tt-metal source on sys.path,3-switch-consumer-after-release,not_cut_over
tt-metal,00748e6ac7b65f50e5c2af07f6e7c1c535c7f4c0,models/demos/llama3_70b_galaxy/demo/demo_qwen_decode.py,20,python_import,models.common.sampling.tt_sampling,tt-metal model owner: llama3_70b_galaxy,tt-transformers==<approved-release> (exact pin plus wheel hash/lockfile); import tt_transformers.sampling.tt_sampling,yes: temporary tt-metal old-namespace forwarding shim,one tt-metal release after every inventoried consumer is migrated,existing owner test plus clean-environment import with no tt-metal source on sys.path,3-switch-consumer-after-release,not_cut_over
tt-metal,00748e6ac7b65f50e5c2af07f6e7c1c535c7f4c0,models/demos/llama3_70b_galaxy/tests/test_llama_accuracy.py,14,python_import,models.common.sampling.tt_sampling,tt-metal model owner: llama3_70b_galaxy,tt-transformers==<approved-release> (exact pin plus wheel hash/lockfile); import tt_transformers.sampling.tt_sampling,yes: temporary tt-metal old-namespace forwarding shim,one tt-metal release after every inventoried consumer is migrated,existing owner test plus clean-environment import with no tt-metal source on sys.path,3-switch-consumer-after-release,not_cut_over
tt-metal,00748e6ac7b65f50e5c2af07f6e7c1c535c7f4c0,models/demos/llama3_70b_galaxy/tests/test_llama_model.py,16,python_import,models.common.sampling.tt_sampling,tt-metal model owner: llama3_70b_galaxy,tt-transformers==<approved-release> (exact pin plus wheel hash/lockfile); import tt_transformers.sampling.tt_sampling,yes: temporary tt-metal old-namespace forwarding shim,one tt-metal release after every inventoried consumer is migrated,existing owner test plus clean-environment import with no tt-metal source on sys.path,3-switch-consumer-after-release,not_cut_over
tt-metal,00748e6ac7b65f50e5c2af07f6e7c1c535c7f4c0,models/demos/llama3_70b_galaxy/tests/test_llama_model_nd.py,14,python_import,models.common.sampling.tt_sampling,tt-metal model owner: llama3_70b_galaxy,tt-transformers==<approved-release> (exact pin plus wheel hash/lockfile); import tt_transformers.sampling.tt_sampling,yes: temporary tt-metal old-namespace forwarding shim,one tt-metal release after every inventoried consumer is migrated,existing owner test plus clean-environment import with no tt-metal source on sys.path,3-switch-consumer-after-release,not_cut_over
tt-metal,00748e6ac7b65f50e5c2af07f6e7c1c535c7f4c0,models/demos/llama3_70b_galaxy/tests/test_qwen_accuracy.py,18,python_import,models.common.sampling.tt_sampling,tt-metal model owner: llama3_70b_galaxy,tt-transformers==<approved-release> (exact pin plus wheel hash/lockfile); import tt_transformers.sampling.tt_sampling,yes: temporary tt-metal old-namespace forwarding shim,one tt-metal release after every inventoried consumer is migrated,existing owner test plus clean-environment import with no tt-metal source on sys.path,3-switch-consumer-after-release,not_cut_over
tt-metal,00748e6ac7b65f50e5c2af07f6e7c1c535c7f4c0,models/demos/llama3_70b_galaxy/tests/unit_tests/test_qwen_sampling_argmax.py,21,python_import,models.common.sampling.tt_sampling,tt-metal model owner: llama3_70b_galaxy,tt-transformers==<approved-release> (exact pin plus wheel hash/lockfile); import tt_transformers.sampling.tt_sampling,yes: temporary tt-metal old-namespace forwarding shim,one tt-metal release after every inventoried consumer is migrated,existing owner test plus clean-environment import with no tt-metal source on sys.path,3-switch-consumer-after-release,not_cut_over
tt-metal,00748e6ac7b65f50e5c2af07f6e7c1c535c7f4c0,models/demos/llama3_70b_galaxy/tests/unit_tests/test_sampling.py,16,python_import,models.common.sampling.tt_sampling,tt-metal model owner: llama3_70b_galaxy,tt-transformers==<approved-release> (exact pin plus wheel hash/lockfile); import tt_transformers.sampling.tt_sampling,yes: temporary tt-metal old-namespace forwarding shim,one tt-metal release after every inventoried consumer is migrated,existing owner test plus clean-environment import with no tt-metal source on sys.path,3-switch-consumer-after-release,not_cut_over
tt-metal,00748e6ac7b65f50e5c2af07f6e7c1c535c7f4c0,models/demos/llama3_70b_galaxy/tt/generator.py,18,python_import,models.common.sampling,tt-metal model owner: llama3_70b_galaxy,tt-transformers==<approved-release> (exact pin plus wheel hash/lockfile); import tt_transformers.sampling,yes: temporary tt-metal old-namespace forwarding shim,one tt-metal release after every inventoried consumer is migrated,existing owner test plus clean-environment import with no tt-metal source on sys.path,3-switch-consumer-after-release,not_cut_over
tt-metal,00748e6ac7b65f50e5c2af07f6e7c1c535c7f4c0,models/demos/llama3_70b_galaxy/tt/llama_model.py,19,python_import,models.common.sampling.generator,tt-metal model owner: llama3_70b_galaxy,tt-transformers==<approved-release> (exact pin plus wheel hash/lockfile); import tt_transformers.sampling.generator,yes: temporary tt-metal old-namespace forwarding shim,one tt-metal release after every inventoried consumer is migrated,existing owner test plus clean-environment import with no tt-metal source on sys.path,3-switch-consumer-after-release,not_cut_over
tt-metal,00748e6ac7b65f50e5c2af07f6e7c1c535c7f4c0,models/demos/minimax_m3/tt/model.py,9,python_import,models.common.sampling.generator,tt-metal model owner: minimax_m3,tt-transformers==<approved-release> (exact pin plus wheel hash/lockfile); import tt_transformers.sampling.generator,yes: temporary tt-metal old-namespace forwarding shim,one tt-metal release after every inventoried consumer is migrated,existing owner test plus clean-environment import with no tt-metal source on sys.path,3-switch-consumer-after-release,not_cut_over
tt-metal,00748e6ac7b65f50e5c2af07f6e7c1c535c7f4c0,models/demos/multimodal/gemma3/demo/text_demo.py,17,python_import,models.common.sampling,tt-metal model owner: multimodal,tt-transformers==<approved-release> (exact pin plus wheel hash/lockfile); import tt_transformers.sampling,yes: temporary tt-metal old-namespace forwarding shim,one tt-metal release after every inventoried consumer is migrated,existing owner test plus clean-environment import with no tt-metal source on sys.path,3-switch-consumer-after-release,not_cut_over
tt-metal,00748e6ac7b65f50e5c2af07f6e7c1c535c7f4c0,models/demos/multimodal/gemma3/demo/vision_demo.py,28,python_import,models.common.sampling,tt-metal model owner: multimodal,tt-transformers==<approved-release> (exact pin plus wheel hash/lockfile); import tt_transformers.sampling,yes: temporary tt-metal old-namespace forwarding shim,one tt-metal release after every inventoried consumer is migrated,existing owner test plus clean-environment import with no tt-metal source on sys.path,3-switch-consumer-after-release,not_cut_over
tt-metal,00748e6ac7b65f50e5c2af07f6e7c1c535c7f4c0,models/demos/multimodal/gemma3/tt/gemma_e2e_model.py,10,python_import,models.common.sampling.generator,tt-metal model owner: multimodal,tt-transformers==<approved-release> (exact pin plus wheel hash/lockfile); import tt_transformers.sampling.generator,yes: temporary tt-metal old-namespace forwarding shim,one tt-metal release after every inventoried consumer is migrated,existing owner test plus clean-environment import with no tt-metal source on sys.path,3-switch-consumer-after-release,not_cut_over
tt-metal,00748e6ac7b65f50e5c2af07f6e7c1c535c7f4c0,models/demos/multimodal/gemma3/tt/gemma_multimodal_generator.py,20,python_import,models.common.sampling,tt-metal model owner: multimodal,tt-transformers==<approved-release> (exact pin plus wheel hash/lockfile); import tt_transformers.sampling,yes: temporary tt-metal old-namespace forwarding shim,one tt-metal release after every inventoried consumer is migrated,existing owner test plus clean-environment import with no tt-metal source on sys.path,3-switch-consumer-after-release,not_cut_over
tt-metal,00748e6ac7b65f50e5c2af07f6e7c1c535c7f4c0,models/demos/multimodal/gemma3/tt/gemma_multimodal_generator.py,26,python_import,models.common.sampling.tt_log_probs,tt-metal model owner: multimodal,tt-transformers==<approved-release> (exact pin plus wheel hash/lockfile); import tt_transformers.sampling.tt_log_probs,yes: temporary tt-metal old-namespace forwarding shim,one tt-metal release after every inventoried consumer is migrated,existing owner test plus clean-environment import with no tt-metal source on sys.path,3-switch-consumer-after-release,not_cut_over
tt-metal,00748e6ac7b65f50e5c2af07f6e7c1c535c7f4c0,models/demos/multimodal/lfm25_vl/demo/vision_demo.py,23,python_import,models.common.sampling,tt-metal model owner: multimodal,tt-transformers==<approved-release> (exact pin plus wheel hash/lockfile); import tt_transformers.sampling,yes: temporary tt-metal old-namespace forwarding shim,one tt-metal release after every inventoried consumer is migrated,existing owner test plus clean-environment import with no tt-metal source on sys.path,3-switch-consumer-after-release,not_cut_over
tt-metal,00748e6ac7b65f50e5c2af07f6e7c1c535c7f4c0,models/demos/qwen25_vl/demo/demo.py,16,python_import,models.common.sampling,tt-metal model owner: qwen25_vl,tt-transformers==<approved-release> (exact pin plus wheel hash/lockfile); import tt_transformers.sampling,yes: temporary tt-metal old-namespace forwarding shim,one tt-metal release after every inventoried consumer is migrated,existing owner test plus clean-environment import with no tt-metal source on sys.path,3-switch-consumer-after-release,not_cut_over
tt-metal,00748e6ac7b65f50e5c2af07f6e7c1c535c7f4c0,models/demos/qwen3_vl/demo/demo.py,16,python_import,models.common.sampling,tt-metal model owner: qwen3_vl,tt-transformers==<approved-release> (exact pin plus wheel hash/lockfile); import tt_transformers.sampling,yes: temporary tt-metal old-namespace forwarding shim,one tt-metal release after every inventoried consumer is migrated,existing owner test plus clean-environment import with no tt-metal source on sys.path,3-switch-consumer-after-release,not_cut_over
tt-metal,00748e6ac7b65f50e5c2af07f6e7c1c535c7f4c0,models/demos/wormhole/bge_m3/tests/test_utils.py,12,python_import,models.common.modules.lazy_weight,tt-metal model owner: wormhole,tt-transformers==<approved-release> (exact pin plus wheel hash/lockfile); import tt_transformers.modules.lazy_weight,yes: temporary tt-metal old-namespace forwarding shim,one tt-metal release after every inventoried consumer is migrated,existing owner test plus clean-environment import with no tt-metal source on sys.path,3-switch-consumer-after-release,not_cut_over
tt-metal,00748e6ac7b65f50e5c2af07f6e7c1c535c7f4c0,models/demos/wormhole/bge_m3/tt/attention.py,10,python_import,models.common.modules.lazy_weight,tt-metal model owner: wormhole,tt-transformers==<approved-release> (exact pin plus wheel hash/lockfile); import tt_transformers.modules.lazy_weight,yes: temporary tt-metal old-namespace forwarding shim,one tt-metal release after every inventoried consumer is migrated,existing owner test plus clean-environment import with no tt-metal source on sys.path,3-switch-consumer-after-release,not_cut_over
tt-metal,00748e6ac7b65f50e5c2af07f6e7c1c535c7f4c0,models/demos/wormhole/bge_m3/tt/embeddings.py,10,python_import,models.common.modules.lazy_weight,tt-metal model owner: wormhole,tt-transformers==<approved-release> (exact pin plus wheel hash/lockfile); import tt_transformers.modules.lazy_weight,yes: temporary tt-metal old-namespace forwarding shim,one tt-metal release after every inventoried consumer is migrated,existing owner test plus clean-environment import with no tt-metal source on sys.path,3-switch-consumer-after-release,not_cut_over
tt-metal,00748e6ac7b65f50e5c2af07f6e7c1c535c7f4c0,models/demos/wormhole/bge_m3/tt/mlp.py,10,python_import,models.common.modules.lazy_weight,tt-metal model owner: wormhole,tt-transformers==<approved-release> (exact pin plus wheel hash/lockfile); import tt_transformers.modules.lazy_weight,yes: temporary tt-metal old-namespace forwarding shim,one tt-metal release after every inventoried consumer is migrated,existing owner test plus clean-environment import with no tt-metal source on sys.path,3-switch-consumer-after-release,not_cut_over
tt-metal,00748e6ac7b65f50e5c2af07f6e7c1c535c7f4c0,models/demos/wormhole/bge_m3/tt/norm.py,8,python_import,models.common.modules.lazy_weight,tt-metal model owner: wormhole,tt-transformers==<approved-release> (exact pin plus wheel hash/lockfile); import tt_transformers.modules.lazy_weight,yes: temporary tt-metal old-namespace forwarding shim,one tt-metal release after every inventoried consumer is migrated,existing owner test plus clean-environment import with no tt-metal source on sys.path,3-switch-consumer-after-release,not_cut_over
tt-metal,00748e6ac7b65f50e5c2af07f6e7c1c535c7f4c0,models/demos/wormhole/bge_m3/tt/tiny_model.py,10,python_import,models.common.modules.lazy_weight,tt-metal model owner: wormhole,tt-transformers==<approved-release> (exact pin plus wheel hash/lockfile); import tt_transformers.modules.lazy_weight,yes: temporary tt-metal old-namespace forwarding shim,one tt-metal release after every inventoried consumer is migrated,existing owner test plus clean-environment import with no tt-metal source on sys.path,3-switch-consumer-after-release,not_cut_over
tt-metal,00748e6ac7b65f50e5c2af07f6e7c1c535c7f4c0,models/demos/wormhole/bge_m3/tt/weight_adapter.py,8,python_import,models.common.modules.lazy_weight,tt-metal model owner: wormhole,tt-transformers==<approved-release> (exact pin plus wheel hash/lockfile); import tt_transformers.modules.lazy_weight,yes: temporary tt-metal old-namespace forwarding shim,one tt-metal release after every inventoried consumer is migrated,existing owner test plus clean-environment import with no tt-metal source on sys.path,3-switch-consumer-after-release,not_cut_over
tt-metal,00748e6ac7b65f50e5c2af07f6e7c1c535c7f4c0,models/experimental/llama32_1b_quasar/models/generator.py,12,python_import,models.common.models.llama3_8b.model,experimental model owners,tt-transformers==<approved-release> (exact pin plus wheel hash/lockfile); refactor to the public Llama3Generator/Llama3Executor contract. EagerLlamaExecutor and TracedLlamaExecutor have no symbol-compatible standalone export.,no symbol shim: explicit experimental consumer refactor required,none,experimental Quasar generator contract test against the released standalone API,1-before-any-consumer-switch,not_cut_over
tt-metal,00748e6ac7b65f50e5c2af07f6e7c1c535c7f4c0,models/experimental/ops/quasar/gpt_oss/demo/text_demo.py,27,python_import,models.common.sampling,experimental model owners,tt-transformers==<approved-release> (exact pin plus wheel hash/lockfile); import tt_transformers.sampling,yes: temporary tt-metal old-namespace forwarding shim,one tt-metal release after every inventoried consumer is migrated,existing owner test plus clean-environment import with no tt-metal source on sys.path,3-switch-consumer-after-release,not_cut_over
tt-metal,00748e6ac7b65f50e5c2af07f6e7c1c535c7f4c0,models/experimental/ops/quasar/gpt_oss/tests/unit/test_sampling.py,24,python_import,models.common.sampling.generator,experimental model owners,tt-transformers==<approved-release> (exact pin plus wheel hash/lockfile); import tt_transformers.sampling.generator,yes: temporary tt-metal old-namespace forwarding shim,one tt-metal release after every inventoried consumer is migrated,existing owner test plus clean-environment import with no tt-metal source on sys.path,3-switch-consumer-after-release,not_cut_over
tt-metal,00748e6ac7b65f50e5c2af07f6e7c1c535c7f4c0,models/experimental/ops/quasar/gpt_oss/tests/unit/test_sampling.py,25,python_import,models.common.sampling.tt_sampling,experimental model owners,tt-transformers==<approved-release> (exact pin plus wheel hash/lockfile); import tt_transformers.sampling.tt_sampling,yes: temporary tt-metal old-namespace forwarding shim,one tt-metal release after every inventoried consumer is migrated,existing owner test plus clean-environment import with no tt-metal source on sys.path,3-switch-consumer-after-release,not_cut_over
tt-metal,00748e6ac7b65f50e5c2af07f6e7c1c535c7f4c0,models/experimental/ops/quasar/gpt_oss/tests/unit/test_sampling.py,516,python_import,models.common.sampling.tt_log_probs,experimental model owners,tt-transformers==<approved-release> (exact pin plus wheel hash/lockfile); import tt_transformers.sampling.tt_log_probs,yes: temporary tt-metal old-namespace forwarding shim,one tt-metal release after every inventoried consumer is migrated,existing owner test plus clean-environment import with no tt-metal source on sys.path,3-switch-consumer-after-release,not_cut_over
tt-metal,00748e6ac7b65f50e5c2af07f6e7c1c535c7f4c0,models/experimental/ops/quasar/gpt_oss/tt/model.py,9,python_import,models.common.sampling.generator,experimental model owners,tt-transformers==<approved-release> (exact pin plus wheel hash/lockfile); import tt_transformers.sampling.generator,yes: temporary tt-metal old-namespace forwarding shim,one tt-metal release after every inventoried consumer is migrated,existing owner test plus clean-environment import with no tt-metal source on sys.path,3-switch-consumer-after-release,not_cut_over
tt-metal,00748e6ac7b65f50e5c2af07f6e7c1c535c7f4c0,models/experimental/ops/quasar/qwen3_vl/demo/demo.py,16,python_import,models.common.sampling,experimental model owners,tt-transformers==<approved-release> (exact pin plus wheel hash/lockfile); import tt_transformers.sampling,yes: temporary tt-metal old-namespace forwarding shim,one tt-metal release after every inventoried consumer is migrated,existing owner test plus clean-environment import with no tt-metal source on sys.path,3-switch-consumer-after-release,not_cut_over
tt-metal,00748e6ac7b65f50e5c2af07f6e7c1c535c7f4c0,models/test_tttv2_validate_vllm_matrix.py,file,qualification_tool_or_contract,models/test_tttv2_validate_vllm_matrix.py,tt-metal TTTv2 qualification owners,Use tt-transformers==<approved-release> (exact pin plus wheel hash/lockfile) with the corresponding qualification/ path from the exact standalone release; retain tt-metal copy only as a forwarding notice during overlap.,documentation/CLI forwarding notice only,one tt-metal release,standalone qualification host tests and schema validation,4-switch-ci-after-consumer-imports,not_cut_over
tt-metal,00748e6ac7b65f50e5c2af07f6e7c1c535c7f4c0,models/tt_dit/utils/test.py,53,python_import,models.common.modules.tt_ccl,tt-metal repository owners,tt-transformers==<approved-release> (exact pin plus wheel hash/lockfile); import tt_transformers.modules.tt_ccl,yes: temporary tt-metal old-namespace forwarding shim,one tt-metal release after every inventoried consumer is migrated,existing owner test plus clean-environment import with no tt-metal source on sys.path,3-switch-consumer-after-release,not_cut_over
tt-metal,00748e6ac7b65f50e5c2af07f6e7c1c535c7f4c0,models/tt_transformers/demo/simple_text_demo.py,19,python_import,models.common.sampling,legacy TTTv1 model owners,tt-transformers==<approved-release> (exact pin plus wheel hash/lockfile); import tt_transformers.sampling,yes: temporary tt-metal old-namespace forwarding shim,one tt-metal release after every inventoried consumer is migrated,existing owner test plus clean-environment import with no tt-metal source on sys.path,3-switch-consumer-after-release,not_cut_over
tt-metal,00748e6ac7b65f50e5c2af07f6e7c1c535c7f4c0,models/tt_transformers/tests/test_batched_prefill_slots.py,17,python_import,models.common.sampling,legacy TTTv1 model owners,tt-transformers==<approved-release> (exact pin plus wheel hash/lockfile); import tt_transformers.sampling,yes: temporary tt-metal old-namespace forwarding shim,one tt-metal release after every inventoried consumer is migrated,existing owner test plus clean-environment import with no tt-metal source on sys.path,3-switch-consumer-after-release,not_cut_over
tt-metal,00748e6ac7b65f50e5c2af07f6e7c1c535c7f4c0,models/tt_transformers/tests/test_batched_prefill_slots.py,18,python_import,models.common.sampling.tt_log_probs,legacy TTTv1 model owners,tt-transformers==<approved-release> (exact pin plus wheel hash/lockfile); import tt_transformers.sampling.tt_log_probs,yes: temporary tt-metal old-namespace forwarding shim,one tt-metal release after every inventoried consumer is migrated,existing owner test plus clean-environment import with no tt-metal source on sys.path,3-switch-consumer-after-release,not_cut_over
tt-metal,00748e6ac7b65f50e5c2af07f6e7c1c535c7f4c0,models/tt_transformers/tests/test_ccl_utils.py,10,python_import,models.common.modules,legacy TTTv1 model owners,tt-transformers==<approved-release> (exact pin plus wheel hash/lockfile); import tt_transformers.modules,yes: temporary tt-metal old-namespace forwarding shim,one tt-metal release after every inventoried consumer is migrated,existing owner test plus clean-environment import with no tt-metal source on sys.path,3-switch-consumer-after-release,not_cut_over
tt-metal,00748e6ac7b65f50e5c2af07f6e7c1c535c7f4c0,models/tt_transformers/tt/ccl.py,6,python_import,models.common.modules.tt_ccl,legacy TTTv1 model owners,tt-transformers==<approved-release> (exact pin plus wheel hash/lockfile); import tt_transformers.modules.tt_ccl,yes: temporary tt-metal old-namespace forwarding shim,one tt-metal release after every inventoried consumer is migrated,existing owner test plus clean-environment import with no tt-metal source on sys.path,3-switch-consumer-after-release,not_cut_over
tt-metal,00748e6ac7b65f50e5c2af07f6e7c1c535c7f4c0,models/tt_transformers/tt/generator.py,22,python_import,models.common.sampling,legacy TTTv1 model owners,tt-transformers==<approved-release> (exact pin plus wheel hash/lockfile); import tt_transformers.sampling,yes: temporary tt-metal old-namespace forwarding shim,one tt-metal release after every inventoried consumer is migrated,existing owner test plus clean-environment import with no tt-metal source on sys.path,3-switch-consumer-after-release,not_cut_over
tt-metal,00748e6ac7b65f50e5c2af07f6e7c1c535c7f4c0,models/tt_transformers/tt/generator.py,2574,python_import,models.common.sampling.tt_log_probs,legacy TTTv1 model owners,tt-transformers==<approved-release> (exact pin plus wheel hash/lockfile); import tt_transformers.sampling.tt_log_probs,yes: temporary tt-metal old-namespace forwarding shim,one tt-metal release after every inventoried consumer is migrated,existing owner test plus clean-environment import with no tt-metal source on sys.path,3-switch-consumer-after-release,not_cut_over
tt-metal,00748e6ac7b65f50e5c2af07f6e7c1c535c7f4c0,models/tt_transformers/tt/generator.py,29,python_import,models.common.sampling.tt_log_probs,legacy TTTv1 model owners,tt-transformers==<approved-release> (exact pin plus wheel hash/lockfile); import tt_transformers.sampling.tt_log_probs,yes: temporary tt-metal old-namespace forwarding shim,one tt-metal release after every inventoried consumer is migrated,existing owner test plus clean-environment import with no tt-metal source on sys.path,3-switch-consumer-after-release,not_cut_over
tt-metal,00748e6ac7b65f50e5c2af07f6e7c1c535c7f4c0,models/tt_transformers/tt/model.py,12,python_import,models.common.sampling.generator,legacy TTTv1 model owners,tt-transformers==<approved-release> (exact pin plus wheel hash/lockfile); import tt_transformers.sampling.generator,yes: temporary tt-metal old-namespace forwarding shim,one tt-metal release after every inventoried consumer is migrated,existing owner test plus clean-environment import with no tt-metal source on sys.path,3-switch-consumer-after-release,not_cut_over
tt-metal,00748e6ac7b65f50e5c2af07f6e7c1c535c7f4c0,models/tt_transformers/tt/model.py,13,python_import,models.common.sampling.tt_sampling,legacy TTTv1 model owners,tt-transformers==<approved-release> (exact pin plus wheel hash/lockfile); import tt_transformers.sampling.tt_sampling,yes: temporary tt-metal old-namespace forwarding shim,one tt-metal release after every inventoried consumer is migrated,existing owner test plus clean-environment import with no tt-metal source on sys.path,3-switch-consumer-after-release,not_cut_over
tt-metal,00748e6ac7b65f50e5c2af07f6e7c1c535c7f4c0,models/tttv2_bh_required_capabilities.schema.json,file,qualification_tool_or_contract,models/tttv2_bh_required_capabilities.schema.json,tt-metal TTTv2 qualification owners,Use tt-transformers==<approved-release> (exact pin plus wheel hash/lockfile) with the corresponding qualification/ path from the exact standalone release; retain tt-metal copy only as a forwarding notice during overlap.,documentation/CLI forwarding notice only,one tt-metal release,standalone qualification host tests and schema validation,4-switch-ci-after-consumer-imports,not_cut_over
tt-metal,00748e6ac7b65f50e5c2af07f6e7c1c535c7f4c0,models/tttv2_llama33_70b_bh_required_capabilities.json,file,qualification_tool_or_contract,models/tttv2_llama33_70b_bh_required_capabilities.json,tt-metal TTTv2 qualification owners,Use tt-transformers==<approved-release> (exact pin plus wheel hash/lockfile) with the corresponding qualification/ path from the exact standalone release; retain tt-metal copy only as a forwarding notice during overlap.,documentation/CLI forwarding notice only,one tt-metal release,standalone qualification host tests and schema validation,4-switch-ci-after-consumer-imports,not_cut_over
tt-metal,00748e6ac7b65f50e5c2af07f6e7c1c535c7f4c0,models/tttv2_llama3_8b_bh_required_capabilities.json,file,qualification_tool_or_contract,models/tttv2_llama3_8b_bh_required_capabilities.json,tt-metal TTTv2 qualification owners,Use tt-transformers==<approved-release> (exact pin plus wheel hash/lockfile) with the corresponding qualification/ path from the exact standalone release; retain tt-metal copy only as a forwarding notice during overlap.,documentation/CLI forwarding notice only,one tt-metal release,standalone qualification host tests and schema validation,4-switch-ci-after-consumer-imports,not_cut_over
tt-metal,00748e6ac7b65f50e5c2af07f6e7c1c535c7f4c0,models/tttv2_qwen3_32b_bh_required_capabilities.json,file,qualification_tool_or_contract,models/tttv2_qwen3_32b_bh_required_capabilities.json,tt-metal TTTv2 qualification owners,Use tt-transformers==<approved-release> (exact pin plus wheel hash/lockfile) with the corresponding qualification/ path from the exact standalone release; retain tt-metal copy only as a forwarding notice during overlap.,documentation/CLI forwarding notice only,one tt-metal release,standalone qualification host tests and schema validation,4-switch-ci-after-consumer-imports,not_cut_over
tt-metal,00748e6ac7b65f50e5c2af07f6e7c1c535c7f4c0,models/tttv2_validate_bh_required_capabilities.py,file,qualification_tool_or_contract,models/tttv2_validate_bh_required_capabilities.py,tt-metal TTTv2 qualification owners,Use tt-transformers==<approved-release> (exact pin plus wheel hash/lockfile) with the corresponding qualification/ path from the exact standalone release; retain tt-metal copy only as a forwarding notice during overlap.,documentation/CLI forwarding notice only,one tt-metal release,standalone qualification host tests and schema validation,4-switch-ci-after-consumer-imports,not_cut_over
tt-metal,00748e6ac7b65f50e5c2af07f6e7c1c535c7f4c0,models/tttv2_validate_vllm_matrix.py,file,qualification_tool_or_contract,models/tttv2_validate_vllm_matrix.py,tt-metal TTTv2 qualification owners,Use tt-transformers==<approved-release> (exact pin plus wheel hash/lockfile) with the corresponding qualification/ path from the exact standalone release; retain tt-metal copy only as a forwarding notice during overlap.,documentation/CLI forwarding notice only,one tt-metal release,standalone qualification host tests and schema validation,4-switch-ci-after-consumer-imports,not_cut_over
tt-metal,00748e6ac7b65f50e5c2af07f6e7c1c535c7f4c0,models/tttv2_vllm_hardware_gate_runner.sh,file,qualification_tool_or_contract,models/tttv2_vllm_hardware_gate_runner.sh,tt-metal TTTv2 qualification owners,Use tt-transformers==<approved-release> (exact pin plus wheel hash/lockfile) with the corresponding qualification/ path from the exact standalone release; retain tt-metal copy only as a forwarding notice during overlap.,documentation/CLI forwarding notice only,one tt-metal release,standalone qualification host tests and schema validation,4-switch-ci-after-consumer-imports,not_cut_over
tt-metal,00748e6ac7b65f50e5c2af07f6e7c1c535c7f4c0,tests/emule/models/test_tt_transformers_text_demo.py,38,python_import,models.common.sampling,Emule model-integration owners,tt-transformers==<approved-release> (exact pin plus wheel hash/lockfile); import tt_transformers.sampling,yes: temporary tt-metal old-namespace forwarding shim,one tt-metal release after every inventoried consumer is migrated,existing owner test plus clean-environment import with no tt-metal source on sys.path,3-switch-consumer-after-release,not_cut_over
tt-metal,00748e6ac7b65f50e5c2af07f6e7c1c535c7f4c0,tests/pipeline_reorg/models_e2e_tests.yaml,118,ci_or_test_path,export HF_MODEL=meta-llama/Llama-3.2-1B-Instruct HF_HUB_OFFLINE=1 TT_CACHE_PATH=/mnt/MLPerf/huggingface/tt_cache/tttv2/meta-llama/Llama-3.2-1B-Instruct MESH_DEVICE=N150,tt-metal models CI owners,"Install tt-transformers==<approved-release> (exact pin plus wheel hash/lockfile); invoke standalone tests/examples or qualification tools from the pinned release checkout, never the removed in-tree path.",no path shim; CI workflow changes atomically,none,CI manifest syntax plus host dry-run and scheduled same-version hardware lane,4-switch-ci-after-consumer-imports,not_cut_over
tt-metal,00748e6ac7b65f50e5c2af07f6e7c1c535c7f4c0,tests/pipeline_reorg/models_e2e_tests.yaml,119,ci_or_test_path,"pytest --timeout 600 models/common/tests/demos/llama32_1b/demo.py -k ""token-accuracy and performance""",tt-metal models CI owners,"Install tt-transformers==<approved-release> (exact pin plus wheel hash/lockfile); invoke standalone tests/examples or qualification tools from the pinned release checkout, never the removed in-tree path.",no path shim; CI workflow changes atomically,none,CI manifest syntax plus host dry-run and scheduled same-version hardware lane,4-switch-ci-after-consumer-imports,not_cut_over
tt-metal,00748e6ac7b65f50e5c2af07f6e7c1c535c7f4c0,tests/pipeline_reorg/models_e2e_tests.yaml,132,ci_or_test_path,export HF_MODEL=meta-llama/Llama-3.2-3B-Instruct HF_HUB_OFFLINE=1 TT_CACHE_PATH=/mnt/MLPerf/huggingface/tt_cache/tttv2/meta-llama/Llama-3.2-3B-Instruct MESH_DEVICE=N150,tt-metal models CI owners,"Install tt-transformers==<approved-release> (exact pin plus wheel hash/lockfile); invoke standalone tests/examples or qualification tools from the pinned release checkout, never the removed in-tree path.",no path shim; CI workflow changes atomically,none,CI manifest syntax plus host dry-run and scheduled same-version hardware lane,4-switch-ci-after-consumer-imports,not_cut_over
tt-metal,00748e6ac7b65f50e5c2af07f6e7c1c535c7f4c0,tests/pipeline_reorg/models_e2e_tests.yaml,133,ci_or_test_path,# Extra time budget vs a warm run: the first CI run must generate the TTTv2 weight cache at,tt-metal models CI owners,"Install tt-transformers==<approved-release> (exact pin plus wheel hash/lockfile); invoke standalone tests/examples or qualification tools from the pinned release checkout, never the removed in-tree path.",no path shim; CI workflow changes atomically,none,CI manifest syntax plus host dry-run and scheduled same-version hardware lane,4-switch-ci-after-consumer-imports,not_cut_over
tt-metal,00748e6ac7b65f50e5c2af07f6e7c1c535c7f4c0,tests/pipeline_reorg/models_e2e_tests.yaml,135,ci_or_test_path,"pytest --timeout 720 models/common/tests/demos/llama32_3b/demo.py -k ""token-accuracy and performance""",tt-metal models CI owners,"Install tt-transformers==<approved-release> (exact pin plus wheel hash/lockfile); invoke standalone tests/examples or qualification tools from the pinned release checkout, never the removed in-tree path.",no path shim; CI workflow changes atomically,none,CI manifest syntax plus host dry-run and scheduled same-version hardware lane,4-switch-ci-after-consumer-imports,not_cut_over
tt-metal,00748e6ac7b65f50e5c2af07f6e7c1c535c7f4c0,tests/pipeline_reorg/models_e2e_tests.yaml,226,ci_or_test_path,# TTTv2 substitution (wh_llmbox_perf / T3K only — the TTTv2 qwen3_32b demo is T3K-only: 64 attn / 8 KV,tt-metal models CI owners,"Install tt-transformers==<approved-release> (exact pin plus wheel hash/lockfile); invoke standalone tests/examples or qualification tools from the pinned release checkout, never the removed in-tree path.",no path shim; CI workflow changes atomically,none,CI manifest syntax plus host dry-run and scheduled same-version hardware lane,4-switch-ci-after-consumer-imports,not_cut_over
tt-metal,00748e6ac7b65f50e5c2af07f6e7c1c535c7f4c0,tests/pipeline_reorg/models_e2e_tests.yaml,232,ci_or_test_path,export HF_MODEL=Qwen/Qwen3-32B HF_HUB_OFFLINE=1 TT_CACHE_PATH=/mnt/MLPerf/huggingface/tt_cache/tttv2/Qwen/Qwen3-32B MESH_DEVICE=T3K,tt-metal models CI owners,"Install tt-transformers==<approved-release> (exact pin plus wheel hash/lockfile); invoke standalone tests/examples or qualification tools from the pinned release checkout, never the removed in-tree path.",no path shim; CI workflow changes atomically,none,CI manifest syntax plus host dry-run and scheduled same-version hardware lane,4-switch-ci-after-consumer-imports,not_cut_over
tt-metal,00748e6ac7b65f50e5c2af07f6e7c1c535c7f4c0,tests/pipeline_reorg/models_e2e_tests.yaml,233,ci_or_test_path,"pytest --timeout 1800 models/common/tests/demos/qwen3_32b/demo.py -k ""token-accuracy and performance""",tt-metal models CI owners,"Install tt-transformers==<approved-release> (exact pin plus wheel hash/lockfile); invoke standalone tests/examples or qualification tools from the pinned release checkout, never the removed in-tree path.",no path shim; CI workflow changes atomically,none,CI manifest syntax plus host dry-run and scheduled same-version hardware lane,4-switch-ci-after-consumer-imports,not_cut_over
tt-metal,00748e6ac7b65f50e5c2af07f6e7c1c535c7f4c0,tests/pipeline_reorg/models_e2e_tests.yaml,234,ci_or_test_path,"pytest --timeout 1800 models/common/tests/demos/qwen3_32b/demo.py -k ""eval-32 and performance""",tt-metal models CI owners,"Install tt-transformers==<approved-release> (exact pin plus wheel hash/lockfile); invoke standalone tests/examples or qualification tools from the pinned release checkout, never the removed in-tree path.",no path shim; CI workflow changes atomically,none,CI manifest syntax plus host dry-run and scheduled same-version hardware lane,4-switch-ci-after-consumer-imports,not_cut_over
tt-metal,00748e6ac7b65f50e5c2af07f6e7c1c535c7f4c0,tests/pipeline_reorg/models_e2e_tests.yaml,246,ci_or_test_path,"# The TTTv2 qwen3_32b demo is T3K-only, so the Blackhole (bh_quietbox_2) SKU keeps its TTTv1",tt-metal models CI owners,"Install tt-transformers==<approved-release> (exact pin plus wheel hash/lockfile); invoke standalone tests/examples or qualification tools from the pinned release checkout, never the removed in-tree path.",no path shim; CI workflow changes atomically,none,CI manifest syntax plus host dry-run and scheduled same-version hardware lane,4-switch-ci-after-consumer-imports,not_cut_over
tt-metal,00748e6ac7b65f50e5c2af07f6e7c1c535c7f4c0,tests/pipeline_reorg/models_e2e_tests.yaml,247,ci_or_test_path,# simple_text_demo leg until a Blackhole TTTv2 bring-up exists — no coverage dropped.,tt-metal models CI owners,"Install tt-transformers==<approved-release> (exact pin plus wheel hash/lockfile); invoke standalone tests/examples or qualification tools from the pinned release checkout, never the removed in-tree path.",no path shim; CI workflow changes atomically,none,CI manifest syntax plus host dry-run and scheduled same-version hardware lane,4-switch-ci-after-consumer-imports,not_cut_over
tt-metal,00748e6ac7b65f50e5c2af07f6e7c1c535c7f4c0,tests/pipeline_reorg/models_e2e_tests.yaml,338,ci_or_test_path,export HF_MODEL=Qwen/Qwen2.5-Coder-32B-Instruct HF_HUB_OFFLINE=1 TT_CACHE_PATH=/mnt/MLPerf/huggingface/tt_cache/tttv2/Qwen/Qwen2.5-Coder-32B-Instruct MESH_DEVICE=T3K,tt-metal models CI owners,"Install tt-transformers==<approved-release> (exact pin plus wheel hash/lockfile); invoke standalone tests/examples or qualification tools from the pinned release checkout, never the removed in-tree path.",no path shim; CI workflow changes atomically,none,CI manifest syntax plus host dry-run and scheduled same-version hardware lane,4-switch-ci-after-consumer-imports,not_cut_over
tt-metal,00748e6ac7b65f50e5c2af07f6e7c1c535c7f4c0,tests/pipeline_reorg/models_e2e_tests.yaml,339,ci_or_test_path,"pytest --timeout 1500 models/common/tests/demos/qwen25_coder_32b/demo.py -k ""token-accuracy and performance""",tt-metal models CI owners,"Install tt-transformers==<approved-release> (exact pin plus wheel hash/lockfile); invoke standalone tests/examples or qualification tools from the pinned release checkout, never the removed in-tree path.",no path shim; CI workflow changes atomically,none,CI manifest syntax plus host dry-run and scheduled same-version hardware lane,4-switch-ci-after-consumer-imports,not_cut_over
tt-metal,00748e6ac7b65f50e5c2af07f6e7c1c535c7f4c0,tests/pipeline_reorg/models_e2e_tests.yaml,340,ci_or_test_path,"pytest --timeout 1800 models/common/tests/demos/qwen25_coder_32b/demo.py -k ""eval-32 and performance""",tt-metal models CI owners,"Install tt-transformers==<approved-release> (exact pin plus wheel hash/lockfile); invoke standalone tests/examples or qualification tools from the pinned release checkout, never the removed in-tree path.",no path shim; CI workflow changes atomically,none,CI manifest syntax plus host dry-run and scheduled same-version hardware lane,4-switch-ci-after-consumer-imports,not_cut_over
tt-metal,00748e6ac7b65f50e5c2af07f6e7c1c535c7f4c0,tests/pipeline_reorg/models_e2e_tests.yaml,368,ci_or_test_path,export HF_MODEL=Qwen/Qwen2.5-7B-Instruct HF_HUB_OFFLINE=1 TT_CACHE_PATH=/mnt/MLPerf/huggingface/tt_cache/tttv2/Qwen/Qwen2.5-7B-Instruct MESH_DEVICE=N300,tt-metal models CI owners,"Install tt-transformers==<approved-release> (exact pin plus wheel hash/lockfile); invoke standalone tests/examples or qualification tools from the pinned release checkout, never the removed in-tree path.",no path shim; CI workflow changes atomically,none,CI manifest syntax plus host dry-run and scheduled same-version hardware lane,4-switch-ci-after-consumer-imports,not_cut_over
tt-metal,00748e6ac7b65f50e5c2af07f6e7c1c535c7f4c0,tests/pipeline_reorg/models_e2e_tests.yaml,369,ci_or_test_path,"pytest --timeout 420 models/common/tests/demos/qwen25_7b/demo.py -k ""token-accuracy and performance""",tt-metal models CI owners,"Install tt-transformers==<approved-release> (exact pin plus wheel hash/lockfile); invoke standalone tests/examples or qualification tools from the pinned release checkout, never the removed in-tree path.",no path shim; CI workflow changes atomically,none,CI manifest syntax plus host dry-run and scheduled same-version hardware lane,4-switch-ci-after-consumer-imports,not_cut_over
tt-metal,00748e6ac7b65f50e5c2af07f6e7c1c535c7f4c0,tests/pipeline_reorg/models_e2e_tests.yaml,381,ci_or_test_path,# CI. The TTTv2 qwen25_72b demo below is the staged replacement (T3K parity-verified locally) but stays,tt-metal models CI owners,"Install tt-transformers==<approved-release> (exact pin plus wheel hash/lockfile); invoke standalone tests/examples or qualification tools from the pinned release checkout, never the removed in-tree path.",no path shim; CI workflow changes atomically,none,CI manifest syntax plus host dry-run and scheduled same-version hardware lane,4-switch-ci-after-consumer-imports,not_cut_over
tt-metal,00748e6ac7b65f50e5c2af07f6e7c1c535c7f4c0,tests/pipeline_reorg/models_e2e_tests.yaml,386,ci_or_test_path,#   # TTTv2 qwen25_72b demo is T3K-only (80 layers / 64 attn / 8 KV heads => 8-way TP; 72B weights need 8,tt-metal models CI owners,"Install tt-transformers==<approved-release> (exact pin plus wheel hash/lockfile); invoke standalone tests/examples or qualification tools from the pinned release checkout, never the removed in-tree path.",no path shim; CI workflow changes atomically,none,CI manifest syntax plus host dry-run and scheduled same-version hardware lane,4-switch-ci-after-consumer-imports,not_cut_over
tt-metal,00748e6ac7b65f50e5c2af07f6e7c1c535c7f4c0,tests/pipeline_reorg/models_e2e_tests.yaml,387,ci_or_test_path,#   # devices). First CI run builds the TTTv2 LazyWeight cache (cold 72B weight conversion) before the demo.,tt-metal models CI owners,"Install tt-transformers==<approved-release> (exact pin plus wheel hash/lockfile); invoke standalone tests/examples or qualification tools from the pinned release checkout, never the removed in-tree path.",no path shim; CI workflow changes atomically,none,CI manifest syntax plus host dry-run and scheduled same-version hardware lane,4-switch-ci-after-consumer-imports,not_cut_over
tt-metal,00748e6ac7b65f50e5c2af07f6e7c1c535c7f4c0,tests/pipeline_reorg/models_e2e_tests.yaml,389,ci_or_test_path,#     export HF_MODEL=Qwen/Qwen2.5-72B-Instruct HF_HUB_OFFLINE=1 TT_CACHE_PATH=/mnt/MLPerf/huggingface/tt_cache/tttv2/Qwen/Qwen2.5-72B-Instruct MESH_DEVICE=T3K,tt-metal models CI owners,"Install tt-transformers==<approved-release> (exact pin plus wheel hash/lockfile); invoke standalone tests/examples or qualification tools from the pinned release checkout, never the removed in-tree path.",no path shim; CI workflow changes atomically,none,CI manifest syntax plus host dry-run and scheduled same-version hardware lane,4-switch-ci-after-consumer-imports,not_cut_over
tt-metal,00748e6ac7b65f50e5c2af07f6e7c1c535c7f4c0,tests/pipeline_reorg/models_e2e_tests.yaml,390,ci_or_test_path,"#     pytest --timeout 3600 models/common/tests/demos/qwen25_72b/demo.py -k ""token-accuracy and performance""",tt-metal models CI owners,"Install tt-transformers==<approved-release> (exact pin plus wheel hash/lockfile); invoke standalone tests/examples or qualification tools from the pinned release checkout, never the removed in-tree path.",no path shim; CI workflow changes atomically,none,CI manifest syntax plus host dry-run and scheduled same-version hardware lane,4-switch-ci-after-consumer-imports,not_cut_over
tt-metal,00748e6ac7b65f50e5c2af07f6e7c1c535c7f4c0,tests/pipeline_reorg/models_e2e_tests.yaml,711,ci_or_test_path,export HF_MODEL=mistralai/Mistral-7B-Instruct-v0.3 HF_HUB_OFFLINE=1 TT_CACHE_PATH=/mnt/MLPerf/huggingface/tt_cache/tttv2/mistralai/Mistral-7B-Instruct-v0.3 MESH_DEVICE=N150,tt-metal models CI owners,"Install tt-transformers==<approved-release> (exact pin plus wheel hash/lockfile); invoke standalone tests/examples or qualification tools from the pinned release checkout, never the removed in-tree path.",no path shim; CI workflow changes atomically,none,CI manifest syntax plus host dry-run and scheduled same-version hardware lane,4-switch-ci-after-consumer-imports,not_cut_over
tt-metal,00748e6ac7b65f50e5c2af07f6e7c1c535c7f4c0,tests/pipeline_reorg/models_e2e_tests.yaml,712,ci_or_test_path,"pytest --timeout 420 models/common/tests/demos/mistral_7b/demo.py -k ""token-accuracy and performance""",tt-metal models CI owners,"Install tt-transformers==<approved-release> (exact pin plus wheel hash/lockfile); invoke standalone tests/examples or qualification tools from the pinned release checkout, never the removed in-tree path.",no path shim; CI workflow changes atomically,none,CI manifest syntax plus host dry-run and scheduled same-version hardware lane,4-switch-ci-after-consumer-imports,not_cut_over
tt-metal,00748e6ac7b65f50e5c2af07f6e7c1c535c7f4c0,tests/pipeline_reorg/models_sweep_tests.yaml,101,ci_or_test_path,pytest --timeout 600 models/common/tests/test_tt_sampling.py,tt-metal models CI owners,"Install tt-transformers==<approved-release> (exact pin plus wheel hash/lockfile); invoke standalone tests/examples or qualification tools from the pinned release checkout, never the removed in-tree path.",no path shim; CI workflow changes atomically,none,CI manifest syntax plus host dry-run and scheduled same-version hardware lane,4-switch-ci-after-consumer-imports,not_cut_over
tt-metal,00748e6ac7b65f50e5c2af07f6e7c1c535c7f4c0,tests/pipeline_reorg/models_sweep_tests.yaml,104,ci_or_test_path,"pytest --timeout 600 models/common/tests/test_sampling.py -k ""not log_probs and not logprobs""",tt-metal models CI owners,"Install tt-transformers==<approved-release> (exact pin plus wheel hash/lockfile); invoke standalone tests/examples or qualification tools from the pinned release checkout, never the removed in-tree path.",no path shim; CI workflow changes atomically,none,CI manifest syntax plus host dry-run and scheduled same-version hardware lane,4-switch-ci-after-consumer-imports,not_cut_over
tt-metal,00748e6ac7b65f50e5c2af07f6e7c1c535c7f4c0,tests/pipeline_reorg/models_sweep_tests.yaml,120,ci_or_test_path,cmd: HF_HUB_OFFLINE=1 HF_HOME=/mnt/MLPerf/huggingface HF_MODEL=meta-llama/Llama-3.1-8B-Instruct pytest --tb=short models/common/tests/modules/mlp,tt-metal models CI owners,"Install tt-transformers==<approved-release> (exact pin plus wheel hash/lockfile); invoke standalone tests/examples or qualification tools from the pinned release checkout, never the removed in-tree path.",no path shim; CI workflow changes atomically,none,CI manifest syntax plus host dry-run and scheduled same-version hardware lane,4-switch-ci-after-consumer-imports,not_cut_over
tt-metal,00748e6ac7b65f50e5c2af07f6e7c1c535c7f4c0,tests/pipeline_reorg/models_sweep_tests.yaml,122,ci_or_test_path,model_family: TTTv2,tt-metal models CI owners,"Install tt-transformers==<approved-release> (exact pin plus wheel hash/lockfile); invoke standalone tests/examples or qualification tools from the pinned release checkout, never the removed in-tree path.",no path shim; CI workflow changes atomically,none,CI manifest syntax plus host dry-run and scheduled same-version hardware lane,4-switch-ci-after-consumer-imports,not_cut_over
tt-metal,00748e6ac7b65f50e5c2af07f6e7c1c535c7f4c0,tests/pipeline_reorg/models_sweep_tests.yaml,131,ci_or_test_path,cmd: HF_HUB_OFFLINE=1 HF_HOME=/mnt/MLPerf/huggingface HF_MODEL=meta-llama/Llama-3.1-8B-Instruct pytest --tb=short models/common/tests/modules/rope,tt-metal models CI owners,"Install tt-transformers==<approved-release> (exact pin plus wheel hash/lockfile); invoke standalone tests/examples or qualification tools from the pinned release checkout, never the removed in-tree path.",no path shim; CI workflow changes atomically,none,CI manifest syntax plus host dry-run and scheduled same-version hardware lane,4-switch-ci-after-consumer-imports,not_cut_over
tt-metal,00748e6ac7b65f50e5c2af07f6e7c1c535c7f4c0,tests/pipeline_reorg/models_sweep_tests.yaml,133,ci_or_test_path,model_family: TTTv2,tt-metal models CI owners,"Install tt-transformers==<approved-release> (exact pin plus wheel hash/lockfile); invoke standalone tests/examples or qualification tools from the pinned release checkout, never the removed in-tree path.",no path shim; CI workflow changes atomically,none,CI manifest syntax plus host dry-run and scheduled same-version hardware lane,4-switch-ci-after-consumer-imports,not_cut_over
tt-metal,00748e6ac7b65f50e5c2af07f6e7c1c535c7f4c0,tests/pipeline_reorg/models_sweep_tests.yaml,142,ci_or_test_path,cmd: HF_HUB_OFFLINE=1 HF_HOME=/mnt/MLPerf/huggingface HF_MODEL=meta-llama/Llama-3.1-8B-Instruct pytest --tb=short models/common/tests/modules/rmsnorm,tt-metal models CI owners,"Install tt-transformers==<approved-release> (exact pin plus wheel hash/lockfile); invoke standalone tests/examples or qualification tools from the pinned release checkout, never the removed in-tree path.",no path shim; CI workflow changes atomically,none,CI manifest syntax plus host dry-run and scheduled same-version hardware lane,4-switch-ci-after-consumer-imports,not_cut_over
tt-metal,00748e6ac7b65f50e5c2af07f6e7c1c535c7f4c0,tests/pipeline_reorg/models_sweep_tests.yaml,144,ci_or_test_path,model_family: TTTv2,tt-metal models CI owners,"Install tt-transformers==<approved-release> (exact pin plus wheel hash/lockfile); invoke standalone tests/examples or qualification tools from the pinned release checkout, never the removed in-tree path.",no path shim; CI workflow changes atomically,none,CI manifest syntax plus host dry-run and scheduled same-version hardware lane,4-switch-ci-after-consumer-imports,not_cut_over
tt-metal,00748e6ac7b65f50e5c2af07f6e7c1c535c7f4c0,tests/pipeline_reorg/models_sweep_tests.yaml,153,ci_or_test_path,cmd: HF_HUB_OFFLINE=1 HF_HOME=/mnt/MLPerf/huggingface TT_CACHE_PATH=/mnt/MLPerf/huggingface/tt_cache/tttv2/attention_1d pytest --tb=short models/common/tests/modules/attention,tt-metal models CI owners,"Install tt-transformers==<approved-release> (exact pin plus wheel hash/lockfile); invoke standalone tests/examples or qualification tools from the pinned release checkout, never the removed in-tree path.",no path shim; CI workflow changes atomically,none,CI manifest syntax plus host dry-run and scheduled same-version hardware lane,4-switch-ci-after-consumer-imports,not_cut_over
tt-metal,00748e6ac7b65f50e5c2af07f6e7c1c535c7f4c0,tests/pipeline_reorg/models_sweep_tests.yaml,155,ci_or_test_path,model_family: TTTv2,tt-metal models CI owners,"Install tt-transformers==<approved-release> (exact pin plus wheel hash/lockfile); invoke standalone tests/examples or qualification tools from the pinned release checkout, never the removed in-tree path.",no path shim; CI workflow changes atomically,none,CI manifest syntax plus host dry-run and scheduled same-version hardware lane,4-switch-ci-after-consumer-imports,not_cut_over
tt-metal,00748e6ac7b65f50e5c2af07f6e7c1c535c7f4c0,tests/pipeline_reorg/models_sweep_tests.yaml,164,ci_or_test_path,cmd: HF_HUB_OFFLINE=1 HF_HOME=/mnt/MLPerf/huggingface HF_MODEL=meta-llama/Llama-3.1-8B-Instruct TT_CACHE_PATH=/mnt/MLPerf/huggingface/tt_cache/tttv2/embedding_1d pytest --tb=short models/common/tests/modules/embedding,tt-metal models CI owners,"Install tt-transformers==<approved-release> (exact pin plus wheel hash/lockfile); invoke standalone tests/examples or qualification tools from the pinned release checkout, never the removed in-tree path.",no path shim; CI workflow changes atomically,none,CI manifest syntax plus host dry-run and scheduled same-version hardware lane,4-switch-ci-after-consumer-imports,not_cut_over
tt-metal,00748e6ac7b65f50e5c2af07f6e7c1c535c7f4c0,tests/pipeline_reorg/models_sweep_tests.yaml,166,ci_or_test_path,model_family: TTTv2,tt-metal models CI owners,"Install tt-transformers==<approved-release> (exact pin plus wheel hash/lockfile); invoke standalone tests/examples or qualification tools from the pinned release checkout, never the removed in-tree path.",no path shim; CI workflow changes atomically,none,CI manifest syntax plus host dry-run and scheduled same-version hardware lane,4-switch-ci-after-consumer-imports,not_cut_over
tt-metal,00748e6ac7b65f50e5c2af07f6e7c1c535c7f4c0,tests/pipeline_reorg/models_sweep_tests.yaml,175,ci_or_test_path,cmd: HF_HUB_OFFLINE=1 HF_HOME=/mnt/MLPerf/huggingface HF_MODEL=meta-llama/Llama-3.1-8B-Instruct TT_CACHE_PATH=/mnt/MLPerf/huggingface/tt_cache/tttv2/lm_head_1d pytest --tb=short models/common/tests/modules/lm_head,tt-metal models CI owners,"Install tt-transformers==<approved-release> (exact pin plus wheel hash/lockfile); invoke standalone tests/examples or qualification tools from the pinned release checkout, never the removed in-tree path.",no path shim; CI workflow changes atomically,none,CI manifest syntax plus host dry-run and scheduled same-version hardware lane,4-switch-ci-after-consumer-imports,not_cut_over
tt-metal,00748e6ac7b65f50e5c2af07f6e7c1c535c7f4c0,tests/pipeline_reorg/models_sweep_tests.yaml,177,ci_or_test_path,model_family: TTTv2,tt-metal models CI owners,"Install tt-transformers==<approved-release> (exact pin plus wheel hash/lockfile); invoke standalone tests/examples or qualification tools from the pinned release checkout, never the removed in-tree path.",no path shim; CI workflow changes atomically,none,CI manifest syntax plus host dry-run and scheduled same-version hardware lane,4-switch-ci-after-consumer-imports,not_cut_over
tt-metal,00748e6ac7b65f50e5c2af07f6e7c1c535c7f4c0,tests/pipeline_reorg/models_unit_tests.yaml,1560,ci_or_test_path,"pytest --timeout 300 models/common/tests/test_sampling.py -k ""ttsampling or num_single_device_vocab_splits or untilize_chunk_count or seed or slot_remap or topk_route_mirror_parity""",tt-metal models CI owners,"Install tt-transformers==<approved-release> (exact pin plus wheel hash/lockfile); invoke standalone tests/examples or qualification tools from the pinned release checkout, never the removed in-tree path.",no path shim; CI workflow changes atomically,none,CI manifest syntax plus host dry-run and scheduled same-version hardware lane,4-switch-ci-after-consumer-imports,not_cut_over
tt-metal,00748e6ac7b65f50e5c2af07f6e7c1c535c7f4c0,tests/pipeline_reorg/models_unit_tests.yaml,1576,ci_or_test_path,pytest --tb=short --ignore=models/common/tests/modules models/common/tests,tt-metal models CI owners,"Install tt-transformers==<approved-release> (exact pin plus wheel hash/lockfile); invoke standalone tests/examples or qualification tools from the pinned release checkout, never the removed in-tree path.",no path shim; CI workflow changes atomically,none,CI manifest syntax plus host dry-run and scheduled same-version hardware lane,4-switch-ci-after-consumer-imports,not_cut_over
tt-metal,00748e6ac7b65f50e5c2af07f6e7c1c535c7f4c0,tests/pipeline_reorg/models_unit_tests.yaml,1578,ci_or_test_path,model_family: TTTv2,tt-metal models CI owners,"Install tt-transformers==<approved-release> (exact pin plus wheel hash/lockfile); invoke standalone tests/examples or qualification tools from the pinned release checkout, never the removed in-tree path.",no path shim; CI workflow changes atomically,none,CI manifest syntax plus host dry-run and scheduled same-version hardware lane,4-switch-ci-after-consumer-imports,not_cut_over
tt-metal,00748e6ac7b65f50e5c2af07f6e7c1c535c7f4c0,tests/pipeline_reorg/models_unit_tests.yaml,1591,ci_or_test_path,TT_CACHE_PATH=/mnt/MLPerf/huggingface/tt_cache/tttv2/mlp_1d \,tt-metal models CI owners,"Install tt-transformers==<approved-release> (exact pin plus wheel hash/lockfile); invoke standalone tests/examples or qualification tools from the pinned release checkout, never the removed in-tree path.",no path shim; CI workflow changes atomically,none,CI manifest syntax plus host dry-run and scheduled same-version hardware lane,4-switch-ci-after-consumer-imports,not_cut_over
tt-metal,00748e6ac7b65f50e5c2af07f6e7c1c535c7f4c0,tests/pipeline_reorg/models_unit_tests.yaml,1592,ci_or_test_path,pytest models/common/tests/modules/mlp/test_mlp_1d.py \,tt-metal models CI owners,"Install tt-transformers==<approved-release> (exact pin plus wheel hash/lockfile); invoke standalone tests/examples or qualification tools from the pinned release checkout, never the removed in-tree path.",no path shim; CI workflow changes atomically,none,CI manifest syntax plus host dry-run and scheduled same-version hardware lane,4-switch-ci-after-consumer-imports,not_cut_over
tt-metal,00748e6ac7b65f50e5c2af07f6e7c1c535c7f4c0,tests/pipeline_reorg/models_unit_tests.yaml,1598,ci_or_test_path,--cov-config=models/common/tests/setup.cfg,tt-metal models CI owners,"Install tt-transformers==<approved-release> (exact pin plus wheel hash/lockfile); invoke standalone tests/examples or qualification tools from the pinned release checkout, never the removed in-tree path.",no path shim; CI workflow changes atomically,none,CI manifest syntax plus host dry-run and scheduled same-version hardware lane,4-switch-ci-after-consumer-imports,not_cut_over
tt-metal,00748e6ac7b65f50e5c2af07f6e7c1c535c7f4c0,tests/pipeline_reorg/models_unit_tests.yaml,1600,ci_or_test_path,model_family: TTTv2,tt-metal models CI owners,"Install tt-transformers==<approved-release> (exact pin plus wheel hash/lockfile); invoke standalone tests/examples or qualification tools from the pinned release checkout, never the removed in-tree path.",no path shim; CI workflow changes atomically,none,CI manifest syntax plus host dry-run and scheduled same-version hardware lane,4-switch-ci-after-consumer-imports,not_cut_over
tt-metal,00748e6ac7b65f50e5c2af07f6e7c1c535c7f4c0,tests/pipeline_reorg/models_unit_tests.yaml,1613,ci_or_test_path,TT_CACHE_PATH=/mnt/MLPerf/huggingface/tt_cache/tttv2/rmsnorm_1d \,tt-metal models CI owners,"Install tt-transformers==<approved-release> (exact pin plus wheel hash/lockfile); invoke standalone tests/examples or qualification tools from the pinned release checkout, never the removed in-tree path.",no path shim; CI workflow changes atomically,none,CI manifest syntax plus host dry-run and scheduled same-version hardware lane,4-switch-ci-after-consumer-imports,not_cut_over
tt-metal,00748e6ac7b65f50e5c2af07f6e7c1c535c7f4c0,tests/pipeline_reorg/models_unit_tests.yaml,1614,ci_or_test_path,pytest models/common/tests/modules/rmsnorm/test_rmsnorm_1d.py \,tt-metal models CI owners,"Install tt-transformers==<approved-release> (exact pin plus wheel hash/lockfile); invoke standalone tests/examples or qualification tools from the pinned release checkout, never the removed in-tree path.",no path shim; CI workflow changes atomically,none,CI manifest syntax plus host dry-run and scheduled same-version hardware lane,4-switch-ci-after-consumer-imports,not_cut_over
tt-metal,00748e6ac7b65f50e5c2af07f6e7c1c535c7f4c0,tests/pipeline_reorg/models_unit_tests.yaml,1620,ci_or_test_path,--cov-config=models/common/tests/setup.cfg,tt-metal models CI owners,"Install tt-transformers==<approved-release> (exact pin plus wheel hash/lockfile); invoke standalone tests/examples or qualification tools from the pinned release checkout, never the removed in-tree path.",no path shim; CI workflow changes atomically,none,CI manifest syntax plus host dry-run and scheduled same-version hardware lane,4-switch-ci-after-consumer-imports,not_cut_over
tt-metal,00748e6ac7b65f50e5c2af07f6e7c1c535c7f4c0,tests/pipeline_reorg/models_unit_tests.yaml,1622,ci_or_test_path,model_family: TTTv2,tt-metal models CI owners,"Install tt-transformers==<approved-release> (exact pin plus wheel hash/lockfile); invoke standalone tests/examples or qualification tools from the pinned release checkout, never the removed in-tree path.",no path shim; CI workflow changes atomically,none,CI manifest syntax plus host dry-run and scheduled same-version hardware lane,4-switch-ci-after-consumer-imports,not_cut_over
tt-metal,00748e6ac7b65f50e5c2af07f6e7c1c535c7f4c0,tests/pipeline_reorg/models_unit_tests.yaml,1635,ci_or_test_path,TT_CACHE_PATH=/mnt/MLPerf/huggingface/tt_cache/tttv2/rope_1d \,tt-metal models CI owners,"Install tt-transformers==<approved-release> (exact pin plus wheel hash/lockfile); invoke standalone tests/examples or qualification tools from the pinned release checkout, never the removed in-tree path.",no path shim; CI workflow changes atomically,none,CI manifest syntax plus host dry-run and scheduled same-version hardware lane,4-switch-ci-after-consumer-imports,not_cut_over
tt-metal,00748e6ac7b65f50e5c2af07f6e7c1c535c7f4c0,tests/pipeline_reorg/models_unit_tests.yaml,1636,ci_or_test_path,pytest models/common/tests/modules/rope/test_rope_1d.py \,tt-metal models CI owners,"Install tt-transformers==<approved-release> (exact pin plus wheel hash/lockfile); invoke standalone tests/examples or qualification tools from the pinned release checkout, never the removed in-tree path.",no path shim; CI workflow changes atomically,none,CI manifest syntax plus host dry-run and scheduled same-version hardware lane,4-switch-ci-after-consumer-imports,not_cut_over
tt-metal,00748e6ac7b65f50e5c2af07f6e7c1c535c7f4c0,tests/pipeline_reorg/models_unit_tests.yaml,1642,ci_or_test_path,--cov-config=models/common/tests/setup.cfg,tt-metal models CI owners,"Install tt-transformers==<approved-release> (exact pin plus wheel hash/lockfile); invoke standalone tests/examples or qualification tools from the pinned release checkout, never the removed in-tree path.",no path shim; CI workflow changes atomically,none,CI manifest syntax plus host dry-run and scheduled same-version hardware lane,4-switch-ci-after-consumer-imports,not_cut_over
tt-metal,00748e6ac7b65f50e5c2af07f6e7c1c535c7f4c0,tests/pipeline_reorg/models_unit_tests.yaml,1644,ci_or_test_path,model_family: TTTv2,tt-metal models CI owners,"Install tt-transformers==<approved-release> (exact pin plus wheel hash/lockfile); invoke standalone tests/examples or qualification tools from the pinned release checkout, never the removed in-tree path.",no path shim; CI workflow changes atomically,none,CI manifest syntax plus host dry-run and scheduled same-version hardware lane,4-switch-ci-after-consumer-imports,not_cut_over
tt-metal,00748e6ac7b65f50e5c2af07f6e7c1c535c7f4c0,tests/pipeline_reorg/models_unit_tests.yaml,1657,ci_or_test_path,TT_CACHE_PATH=/mnt/MLPerf/huggingface/tt_cache/tttv2/lm_head_1d \,tt-metal models CI owners,"Install tt-transformers==<approved-release> (exact pin plus wheel hash/lockfile); invoke standalone tests/examples or qualification tools from the pinned release checkout, never the removed in-tree path.",no path shim; CI workflow changes atomically,none,CI manifest syntax plus host dry-run and scheduled same-version hardware lane,4-switch-ci-after-consumer-imports,not_cut_over
tt-metal,00748e6ac7b65f50e5c2af07f6e7c1c535c7f4c0,tests/pipeline_reorg/models_unit_tests.yaml,1658,ci_or_test_path,pytest models/common/tests/modules/lm_head/test_lm_head_1d.py \,tt-metal models CI owners,"Install tt-transformers==<approved-release> (exact pin plus wheel hash/lockfile); invoke standalone tests/examples or qualification tools from the pinned release checkout, never the removed in-tree path.",no path shim; CI workflow changes atomically,none,CI manifest syntax plus host dry-run and scheduled same-version hardware lane,4-switch-ci-after-consumer-imports,not_cut_over
tt-metal,00748e6ac7b65f50e5c2af07f6e7c1c535c7f4c0,tests/pipeline_reorg/models_unit_tests.yaml,1664,ci_or_test_path,--cov-config=models/common/tests/setup.cfg,tt-metal models CI owners,"Install tt-transformers==<approved-release> (exact pin plus wheel hash/lockfile); invoke standalone tests/examples or qualification tools from the pinned release checkout, never the removed in-tree path.",no path shim; CI workflow changes atomically,none,CI manifest syntax plus host dry-run and scheduled same-version hardware lane,4-switch-ci-after-consumer-imports,not_cut_over
tt-metal,00748e6ac7b65f50e5c2af07f6e7c1c535c7f4c0,tests/pipeline_reorg/models_unit_tests.yaml,1666,ci_or_test_path,model_family: TTTv2,tt-metal models CI owners,"Install tt-transformers==<approved-release> (exact pin plus wheel hash/lockfile); invoke standalone tests/examples or qualification tools from the pinned release checkout, never the removed in-tree path.",no path shim; CI workflow changes atomically,none,CI manifest syntax plus host dry-run and scheduled same-version hardware lane,4-switch-ci-after-consumer-imports,not_cut_over
tt-metal,00748e6ac7b65f50e5c2af07f6e7c1c535c7f4c0,tests/pipeline_reorg/models_unit_tests.yaml,1678,ci_or_test_path,TT_CACHE_PATH=/mnt/MLPerf/huggingface/tt_cache/tttv2/attention_1d \,tt-metal models CI owners,"Install tt-transformers==<approved-release> (exact pin plus wheel hash/lockfile); invoke standalone tests/examples or qualification tools from the pinned release checkout, never the removed in-tree path.",no path shim; CI workflow changes atomically,none,CI manifest syntax plus host dry-run and scheduled same-version hardware lane,4-switch-ci-after-consumer-imports,not_cut_over
tt-metal,00748e6ac7b65f50e5c2af07f6e7c1c535c7f4c0,tests/pipeline_reorg/models_unit_tests.yaml,1679,ci_or_test_path,pytest models/common/tests/modules/attention/test_attention_1d.py \,tt-metal models CI owners,"Install tt-transformers==<approved-release> (exact pin plus wheel hash/lockfile); invoke standalone tests/examples or qualification tools from the pinned release checkout, never the removed in-tree path.",no path shim; CI workflow changes atomically,none,CI manifest syntax plus host dry-run and scheduled same-version hardware lane,4-switch-ci-after-consumer-imports,not_cut_over
tt-metal,00748e6ac7b65f50e5c2af07f6e7c1c535c7f4c0,tests/pipeline_reorg/models_unit_tests.yaml,1685,ci_or_test_path,--cov-config=models/common/tests/setup.cfg,tt-metal models CI owners,"Install tt-transformers==<approved-release> (exact pin plus wheel hash/lockfile); invoke standalone tests/examples or qualification tools from the pinned release checkout, never the removed in-tree path.",no path shim; CI workflow changes atomically,none,CI manifest syntax plus host dry-run and scheduled same-version hardware lane,4-switch-ci-after-consumer-imports,not_cut_over
tt-metal,00748e6ac7b65f50e5c2af07f6e7c1c535c7f4c0,tests/pipeline_reorg/models_unit_tests.yaml,1687,ci_or_test_path,model_family: TTTv2,tt-metal models CI owners,"Install tt-transformers==<approved-release> (exact pin plus wheel hash/lockfile); invoke standalone tests/examples or qualification tools from the pinned release checkout, never the removed in-tree path.",no path shim; CI workflow changes atomically,none,CI manifest syntax plus host dry-run and scheduled same-version hardware lane,4-switch-ci-after-consumer-imports,not_cut_over
tt-metal,00748e6ac7b65f50e5c2af07f6e7c1c535c7f4c0,tests/pipeline_reorg/models_unit_tests.yaml,1700,ci_or_test_path,TT_CACHE_PATH=/mnt/MLPerf/huggingface/tt_cache/tttv2/embedding_1d \,tt-metal models CI owners,"Install tt-transformers==<approved-release> (exact pin plus wheel hash/lockfile); invoke standalone tests/examples or qualification tools from the pinned release checkout, never the removed in-tree path.",no path shim; CI workflow changes atomically,none,CI manifest syntax plus host dry-run and scheduled same-version hardware lane,4-switch-ci-after-consumer-imports,not_cut_over
tt-metal,00748e6ac7b65f50e5c2af07f6e7c1c535c7f4c0,tests/pipeline_reorg/models_unit_tests.yaml,1701,ci_or_test_path,pytest models/common/tests/modules/embedding/test_embedding_1d.py \,tt-metal models CI owners,"Install tt-transformers==<approved-release> (exact pin plus wheel hash/lockfile); invoke standalone tests/examples or qualification tools from the pinned release checkout, never the removed in-tree path.",no path shim; CI workflow changes atomically,none,CI manifest syntax plus host dry-run and scheduled same-version hardware lane,4-switch-ci-after-consumer-imports,not_cut_over
tt-metal,00748e6ac7b65f50e5c2af07f6e7c1c535c7f4c0,tests/pipeline_reorg/models_unit_tests.yaml,1707,ci_or_test_path,--cov-config=models/common/tests/setup.cfg,tt-metal models CI owners,"Install tt-transformers==<approved-release> (exact pin plus wheel hash/lockfile); invoke standalone tests/examples or qualification tools from the pinned release checkout, never the removed in-tree path.",no path shim; CI workflow changes atomically,none,CI manifest syntax plus host dry-run and scheduled same-version hardware lane,4-switch-ci-after-consumer-imports,not_cut_over
tt-metal,00748e6ac7b65f50e5c2af07f6e7c1c535c7f4c0,tests/pipeline_reorg/models_unit_tests.yaml,1709,ci_or_test_path,model_family: TTTv2,tt-metal models CI owners,"Install tt-transformers==<approved-release> (exact pin plus wheel hash/lockfile); invoke standalone tests/examples or qualification tools from the pinned release checkout, never the removed in-tree path.",no path shim; CI workflow changes atomically,none,CI manifest syntax plus host dry-run and scheduled same-version hardware lane,4-switch-ci-after-consumer-imports,not_cut_over
tt-metal,00748e6ac7b65f50e5c2af07f6e7c1c535c7f4c0,tests/pipeline_reorg/models_unit_tests.yaml,1722,ci_or_test_path,pytest models/common/tests/modules/sampling/test_penalties_1d.py \,tt-metal models CI owners,"Install tt-transformers==<approved-release> (exact pin plus wheel hash/lockfile); invoke standalone tests/examples or qualification tools from the pinned release checkout, never the removed in-tree path.",no path shim; CI workflow changes atomically,none,CI manifest syntax plus host dry-run and scheduled same-version hardware lane,4-switch-ci-after-consumer-imports,not_cut_over
tt-metal,00748e6ac7b65f50e5c2af07f6e7c1c535c7f4c0,tests/pipeline_reorg/models_unit_tests.yaml,1728,ci_or_test_path,--cov-config=models/common/tests/setup.cfg || fail=1,tt-metal models CI owners,"Install tt-transformers==<approved-release> (exact pin plus wheel hash/lockfile); invoke standalone tests/examples or qualification tools from the pinned release checkout, never the removed in-tree path.",no path shim; CI workflow changes atomically,none,CI manifest syntax plus host dry-run and scheduled same-version hardware lane,4-switch-ci-after-consumer-imports,not_cut_over
tt-metal,00748e6ac7b65f50e5c2af07f6e7c1c535c7f4c0,tests/pipeline_reorg/models_unit_tests.yaml,1729,ci_or_test_path,pytest models/common/tests/modules/sampling/test_sampling_1d.py \,tt-metal models CI owners,"Install tt-transformers==<approved-release> (exact pin plus wheel hash/lockfile); invoke standalone tests/examples or qualification tools from the pinned release checkout, never the removed in-tree path.",no path shim; CI workflow changes atomically,none,CI manifest syntax plus host dry-run and scheduled same-version hardware lane,4-switch-ci-after-consumer-imports,not_cut_over
tt-metal,00748e6ac7b65f50e5c2af07f6e7c1c535c7f4c0,tests/pipeline_reorg/models_unit_tests.yaml,1735,ci_or_test_path,--cov-config=models/common/tests/setup.cfg || fail=1,tt-metal models CI owners,"Install tt-transformers==<approved-release> (exact pin plus wheel hash/lockfile); invoke standalone tests/examples or qualification tools from the pinned release checkout, never the removed in-tree path.",no path shim; CI workflow changes atomically,none,CI manifest syntax plus host dry-run and scheduled same-version hardware lane,4-switch-ci-after-consumer-imports,not_cut_over
tt-metal,00748e6ac7b65f50e5c2af07f6e7c1c535c7f4c0,tests/pipeline_reorg/models_unit_tests.yaml,1738,ci_or_test_path,model_family: TTTv2,tt-metal models CI owners,"Install tt-transformers==<approved-release> (exact pin plus wheel hash/lockfile); invoke standalone tests/examples or qualification tools from the pinned release checkout, never the removed in-tree path.",no path shim; CI workflow changes atomically,none,CI manifest syntax plus host dry-run and scheduled same-version hardware lane,4-switch-ci-after-consumer-imports,not_cut_over
tt-metal,00748e6ac7b65f50e5c2af07f6e7c1c535c7f4c0,tests/pipeline_reorg/models_unit_tests.yaml,1751,ci_or_test_path,pytest models/common/tests/modules/rmsnorm/test_rmsnorm_2d.py \,tt-metal models CI owners,"Install tt-transformers==<approved-release> (exact pin plus wheel hash/lockfile); invoke standalone tests/examples or qualification tools from the pinned release checkout, never the removed in-tree path.",no path shim; CI workflow changes atomically,none,CI manifest syntax plus host dry-run and scheduled same-version hardware lane,4-switch-ci-after-consumer-imports,not_cut_over
tt-metal,00748e6ac7b65f50e5c2af07f6e7c1c535c7f4c0,tests/pipeline_reorg/models_unit_tests.yaml,1757,ci_or_test_path,--cov-config=models/common/tests/setup.cfg,tt-metal models CI owners,"Install tt-transformers==<approved-release> (exact pin plus wheel hash/lockfile); invoke standalone tests/examples or qualification tools from the pinned release checkout, never the removed in-tree path.",no path shim; CI workflow changes atomically,none,CI manifest syntax plus host dry-run and scheduled same-version hardware lane,4-switch-ci-after-consumer-imports,not_cut_over
tt-metal,00748e6ac7b65f50e5c2af07f6e7c1c535c7f4c0,tests/pipeline_reorg/models_unit_tests.yaml,1759,ci_or_test_path,model_family: TTTv2,tt-metal models CI owners,"Install tt-transformers==<approved-release> (exact pin plus wheel hash/lockfile); invoke standalone tests/examples or qualification tools from the pinned release checkout, never the removed in-tree path.",no path shim; CI workflow changes atomically,none,CI manifest syntax plus host dry-run and scheduled same-version hardware lane,4-switch-ci-after-consumer-imports,not_cut_over
tt-metal,00748e6ac7b65f50e5c2af07f6e7c1c535c7f4c0,tests/pipeline_reorg/models_unit_tests.yaml,1772,ci_or_test_path,pytest models/common/tests/modules/mlp/test_mlp_2d.py \,tt-metal models CI owners,"Install tt-transformers==<approved-release> (exact pin plus wheel hash/lockfile); invoke standalone tests/examples or qualification tools from the pinned release checkout, never the removed in-tree path.",no path shim; CI workflow changes atomically,none,CI manifest syntax plus host dry-run and scheduled same-version hardware lane,4-switch-ci-after-consumer-imports,not_cut_over
tt-metal,00748e6ac7b65f50e5c2af07f6e7c1c535c7f4c0,tests/pipeline_reorg/models_unit_tests.yaml,1778,ci_or_test_path,--cov-config=models/common/tests/setup.cfg,tt-metal models CI owners,"Install tt-transformers==<approved-release> (exact pin plus wheel hash/lockfile); invoke standalone tests/examples or qualification tools from the pinned release checkout, never the removed in-tree path.",no path shim; CI workflow changes atomically,none,CI manifest syntax plus host dry-run and scheduled same-version hardware lane,4-switch-ci-after-consumer-imports,not_cut_over
tt-metal,00748e6ac7b65f50e5c2af07f6e7c1c535c7f4c0,tests/pipeline_reorg/models_unit_tests.yaml,1780,ci_or_test_path,model_family: TTTv2,tt-metal models CI owners,"Install tt-transformers==<approved-release> (exact pin plus wheel hash/lockfile); invoke standalone tests/examples or qualification tools from the pinned release checkout, never the removed in-tree path.",no path shim; CI workflow changes atomically,none,CI manifest syntax plus host dry-run and scheduled same-version hardware lane,4-switch-ci-after-consumer-imports,not_cut_over
tt-metal,00748e6ac7b65f50e5c2af07f6e7c1c535c7f4c0,tests/pipeline_reorg/models_unit_tests.yaml,1793,ci_or_test_path,pytest models/common/tests/test_auto_compose.py \,tt-metal models CI owners,"Install tt-transformers==<approved-release> (exact pin plus wheel hash/lockfile); invoke standalone tests/examples or qualification tools from the pinned release checkout, never the removed in-tree path.",no path shim; CI workflow changes atomically,none,CI manifest syntax plus host dry-run and scheduled same-version hardware lane,4-switch-ci-after-consumer-imports,not_cut_over
tt-metal,00748e6ac7b65f50e5c2af07f6e7c1c535c7f4c0,tests/pipeline_reorg/models_unit_tests.yaml,1798,ci_or_test_path,--cov-config=models/common/tests/setup.cfg,tt-metal models CI owners,"Install tt-transformers==<approved-release> (exact pin plus wheel hash/lockfile); invoke standalone tests/examples or qualification tools from the pinned release checkout, never the removed in-tree path.",no path shim; CI workflow changes atomically,none,CI manifest syntax plus host dry-run and scheduled same-version hardware lane,4-switch-ci-after-consumer-imports,not_cut_over
tt-metal,00748e6ac7b65f50e5c2af07f6e7c1c535c7f4c0,tests/pipeline_reorg/models_unit_tests.yaml,1800,ci_or_test_path,model_family: TTTv2,tt-metal models CI owners,"Install tt-transformers==<approved-release> (exact pin plus wheel hash/lockfile); invoke standalone tests/examples or qualification tools from the pinned release checkout, never the removed in-tree path.",no path shim; CI workflow changes atomically,none,CI manifest syntax plus host dry-run and scheduled same-version hardware lane,4-switch-ci-after-consumer-imports,not_cut_over
tt-metal,00748e6ac7b65f50e5c2af07f6e7c1c535c7f4c0,tests/scripts/t3000/run_t3000_unit_tests.sh,261,ci_or_test_path,run_t3000_tttv2_fast_unit_tests() {,tt-metal models CI owners,"Install tt-transformers==<approved-release> (exact pin plus wheel hash/lockfile); invoke standalone tests/examples or qualification tools from the pinned release checkout, never the removed in-tree path.",no path shim; CI workflow changes atomically,none,CI manifest syntax plus host dry-run and scheduled same-version hardware lane,4-switch-ci-after-consumer-imports,not_cut_over
tt-metal,00748e6ac7b65f50e5c2af07f6e7c1c535c7f4c0,tests/scripts/t3000/run_t3000_unit_tests.sh,265,ci_or_test_path,pytest --tb=short --ignore=models/common/tests/modules models/common/tests ; fail+=$?,tt-metal models CI owners,"Install tt-transformers==<approved-release> (exact pin plus wheel hash/lockfile); invoke standalone tests/examples or qualification tools from the pinned release checkout, never the removed in-tree path.",no path shim; CI workflow changes atomically,none,CI manifest syntax plus host dry-run and scheduled same-version hardware lane,4-switch-ci-after-consumer-imports,not_cut_over
tt-metal,00748e6ac7b65f50e5c2af07f6e7c1c535c7f4c0,tests/scripts/t3000/run_t3000_unit_tests.sh,270,ci_or_test_path,TT_CACHE_PATH=/mnt/MLPerf/huggingface/tt_cache/tttv2/mlp_1d \,tt-metal models CI owners,"Install tt-transformers==<approved-release> (exact pin plus wheel hash/lockfile); invoke standalone tests/examples or qualification tools from the pinned release checkout, never the removed in-tree path.",no path shim; CI workflow changes atomically,none,CI manifest syntax plus host dry-run and scheduled same-version hardware lane,4-switch-ci-after-consumer-imports,not_cut_over
tt-metal,00748e6ac7b65f50e5c2af07f6e7c1c535c7f4c0,tests/scripts/t3000/run_t3000_unit_tests.sh,271,ci_or_test_path,pytest models/common/tests/modules/mlp/test_mlp_1d.py \,tt-metal models CI owners,"Install tt-transformers==<approved-release> (exact pin plus wheel hash/lockfile); invoke standalone tests/examples or qualification tools from the pinned release checkout, never the removed in-tree path.",no path shim; CI workflow changes atomically,none,CI manifest syntax plus host dry-run and scheduled same-version hardware lane,4-switch-ci-after-consumer-imports,not_cut_over
tt-metal,00748e6ac7b65f50e5c2af07f6e7c1c535c7f4c0,tests/scripts/t3000/run_t3000_unit_tests.sh,277,ci_or_test_path,--cov-config=models/common/tests/setup.cfg ; fail+=$?,tt-metal models CI owners,"Install tt-transformers==<approved-release> (exact pin plus wheel hash/lockfile); invoke standalone tests/examples or qualification tools from the pinned release checkout, never the removed in-tree path.",no path shim; CI workflow changes atomically,none,CI manifest syntax plus host dry-run and scheduled same-version hardware lane,4-switch-ci-after-consumer-imports,not_cut_over
tt-metal,00748e6ac7b65f50e5c2af07f6e7c1c535c7f4c0,tests/scripts/t3000/run_t3000_unit_tests.sh,281,ci_or_test_path,TT_CACHE_PATH=/mnt/MLPerf/huggingface/tt_cache/tttv2/rmsnorm_1d \,tt-metal models CI owners,"Install tt-transformers==<approved-release> (exact pin plus wheel hash/lockfile); invoke standalone tests/examples or qualification tools from the pinned release checkout, never the removed in-tree path.",no path shim; CI workflow changes atomically,none,CI manifest syntax plus host dry-run and scheduled same-version hardware lane,4-switch-ci-after-consumer-imports,not_cut_over
tt-metal,00748e6ac7b65f50e5c2af07f6e7c1c535c7f4c0,tests/scripts/t3000/run_t3000_unit_tests.sh,282,ci_or_test_path,pytest models/common/tests/modules/rmsnorm/test_rmsnorm_1d.py \,tt-metal models CI owners,"Install tt-transformers==<approved-release> (exact pin plus wheel hash/lockfile); invoke standalone tests/examples or qualification tools from the pinned release checkout, never the removed in-tree path.",no path shim; CI workflow changes atomically,none,CI manifest syntax plus host dry-run and scheduled same-version hardware lane,4-switch-ci-after-consumer-imports,not_cut_over
tt-metal,00748e6ac7b65f50e5c2af07f6e7c1c535c7f4c0,tests/scripts/t3000/run_t3000_unit_tests.sh,288,ci_or_test_path,--cov-config=models/common/tests/setup.cfg ; fail+=$?,tt-metal models CI owners,"Install tt-transformers==<approved-release> (exact pin plus wheel hash/lockfile); invoke standalone tests/examples or qualification tools from the pinned release checkout, never the removed in-tree path.",no path shim; CI workflow changes atomically,none,CI manifest syntax plus host dry-run and scheduled same-version hardware lane,4-switch-ci-after-consumer-imports,not_cut_over
tt-metal,00748e6ac7b65f50e5c2af07f6e7c1c535c7f4c0,tests/scripts/t3000/run_t3000_unit_tests.sh,292,ci_or_test_path,TT_CACHE_PATH=/mnt/MLPerf/huggingface/tt_cache/tttv2/rope_1d \,tt-metal models CI owners,"Install tt-transformers==<approved-release> (exact pin plus wheel hash/lockfile); invoke standalone tests/examples or qualification tools from the pinned release checkout, never the removed in-tree path.",no path shim; CI workflow changes atomically,none,CI manifest syntax plus host dry-run and scheduled same-version hardware lane,4-switch-ci-after-consumer-imports,not_cut_over
tt-metal,00748e6ac7b65f50e5c2af07f6e7c1c535c7f4c0,tests/scripts/t3000/run_t3000_unit_tests.sh,293,ci_or_test_path,pytest models/common/tests/modules/rope/test_rope_1d.py \,tt-metal models CI owners,"Install tt-transformers==<approved-release> (exact pin plus wheel hash/lockfile); invoke standalone tests/examples or qualification tools from the pinned release checkout, never the removed in-tree path.",no path shim; CI workflow changes atomically,none,CI manifest syntax plus host dry-run and scheduled same-version hardware lane,4-switch-ci-after-consumer-imports,not_cut_over
tt-metal,00748e6ac7b65f50e5c2af07f6e7c1c535c7f4c0,tests/scripts/t3000/run_t3000_unit_tests.sh,299,ci_or_test_path,--cov-config=models/common/tests/setup.cfg ; fail+=$?,tt-metal models CI owners,"Install tt-transformers==<approved-release> (exact pin plus wheel hash/lockfile); invoke standalone tests/examples or qualification tools from the pinned release checkout, never the removed in-tree path.",no path shim; CI workflow changes atomically,none,CI manifest syntax plus host dry-run and scheduled same-version hardware lane,4-switch-ci-after-consumer-imports,not_cut_over
tt-metal,00748e6ac7b65f50e5c2af07f6e7c1c535c7f4c0,tests/scripts/t3000/run_t3000_unit_tests.sh,303,ci_or_test_path,TT_CACHE_PATH=/mnt/MLPerf/huggingface/tt_cache/tttv2/lm_head_1d \,tt-metal models CI owners,"Install tt-transformers==<approved-release> (exact pin plus wheel hash/lockfile); invoke standalone tests/examples or qualification tools from the pinned release checkout, never the removed in-tree path.",no path shim; CI workflow changes atomically,none,CI manifest syntax plus host dry-run and scheduled same-version hardware lane,4-switch-ci-after-consumer-imports,not_cut_over
tt-metal,00748e6ac7b65f50e5c2af07f6e7c1c535c7f4c0,tests/scripts/t3000/run_t3000_unit_tests.sh,304,ci_or_test_path,pytest models/common/tests/modules/lm_head/test_lm_head_1d.py \,tt-metal models CI owners,"Install tt-transformers==<approved-release> (exact pin plus wheel hash/lockfile); invoke standalone tests/examples or qualification tools from the pinned release checkout, never the removed in-tree path.",no path shim; CI workflow changes atomically,none,CI manifest syntax plus host dry-run and scheduled same-version hardware lane,4-switch-ci-after-consumer-imports,not_cut_over
tt-metal,00748e6ac7b65f50e5c2af07f6e7c1c535c7f4c0,tests/scripts/t3000/run_t3000_unit_tests.sh,310,ci_or_test_path,--cov-config=models/common/tests/setup.cfg ; fail+=$?,tt-metal models CI owners,"Install tt-transformers==<approved-release> (exact pin plus wheel hash/lockfile); invoke standalone tests/examples or qualification tools from the pinned release checkout, never the removed in-tree path.",no path shim; CI workflow changes atomically,none,CI manifest syntax plus host dry-run and scheduled same-version hardware lane,4-switch-ci-after-consumer-imports,not_cut_over
tt-metal,00748e6ac7b65f50e5c2af07f6e7c1c535c7f4c0,tests/scripts/t3000/run_t3000_unit_tests.sh,313,ci_or_test_path,TT_CACHE_PATH=/mnt/MLPerf/huggingface/tt_cache/tttv2/attention_1d \,tt-metal models CI owners,"Install tt-transformers==<approved-release> (exact pin plus wheel hash/lockfile); invoke standalone tests/examples or qualification tools from the pinned release checkout, never the removed in-tree path.",no path shim; CI workflow changes atomically,none,CI manifest syntax plus host dry-run and scheduled same-version hardware lane,4-switch-ci-after-consumer-imports,not_cut_over
tt-metal,00748e6ac7b65f50e5c2af07f6e7c1c535c7f4c0,tests/scripts/t3000/run_t3000_unit_tests.sh,314,ci_or_test_path,pytest models/common/tests/modules/attention/test_attention_1d.py \,tt-metal models CI owners,"Install tt-transformers==<approved-release> (exact pin plus wheel hash/lockfile); invoke standalone tests/examples or qualification tools from the pinned release checkout, never the removed in-tree path.",no path shim; CI workflow changes atomically,none,CI manifest syntax plus host dry-run and scheduled same-version hardware lane,4-switch-ci-after-consumer-imports,not_cut_over
tt-metal,00748e6ac7b65f50e5c2af07f6e7c1c535c7f4c0,tests/scripts/t3000/run_t3000_unit_tests.sh,320,ci_or_test_path,--cov-config=models/common/tests/setup.cfg ; fail+=$?,tt-metal models CI owners,"Install tt-transformers==<approved-release> (exact pin plus wheel hash/lockfile); invoke standalone tests/examples or qualification tools from the pinned release checkout, never the removed in-tree path.",no path shim; CI workflow changes atomically,none,CI manifest syntax plus host dry-run and scheduled same-version hardware lane,4-switch-ci-after-consumer-imports,not_cut_over
tt-metal,00748e6ac7b65f50e5c2af07f6e7c1c535c7f4c0,tests/scripts/t3000/run_t3000_unit_tests.sh,324,ci_or_test_path,TT_CACHE_PATH=/mnt/MLPerf/huggingface/tt_cache/tttv2/embedding_1d \,tt-metal models CI owners,"Install tt-transformers==<approved-release> (exact pin plus wheel hash/lockfile); invoke standalone tests/examples or qualification tools from the pinned release checkout, never the removed in-tree path.",no path shim; CI workflow changes atomically,none,CI manifest syntax plus host dry-run and scheduled same-version hardware lane,4-switch-ci-after-consumer-imports,not_cut_over
tt-metal,00748e6ac7b65f50e5c2af07f6e7c1c535c7f4c0,tests/scripts/t3000/run_t3000_unit_tests.sh,325,ci_or_test_path,pytest models/common/tests/modules/embedding/test_embedding_1d.py \,tt-metal models CI owners,"Install tt-transformers==<approved-release> (exact pin plus wheel hash/lockfile); invoke standalone tests/examples or qualification tools from the pinned release checkout, never the removed in-tree path.",no path shim; CI workflow changes atomically,none,CI manifest syntax plus host dry-run and scheduled same-version hardware lane,4-switch-ci-after-consumer-imports,not_cut_over
tt-metal,00748e6ac7b65f50e5c2af07f6e7c1c535c7f4c0,tests/scripts/t3000/run_t3000_unit_tests.sh,331,ci_or_test_path,--cov-config=models/common/tests/setup.cfg ; fail+=$?,tt-metal models CI owners,"Install tt-transformers==<approved-release> (exact pin plus wheel hash/lockfile); invoke standalone tests/examples or qualification tools from the pinned release checkout, never the removed in-tree path.",no path shim; CI workflow changes atomically,none,CI manifest syntax plus host dry-run and scheduled same-version hardware lane,4-switch-ci-after-consumer-imports,not_cut_over
tt-metal,00748e6ac7b65f50e5c2af07f6e7c1c535c7f4c0,tests/scripts/t3000/run_t3000_unit_tests.sh,334,ci_or_test_path,pytest models/common/tests/modules/sampling/test_penalties_1d.py \,tt-metal models CI owners,"Install tt-transformers==<approved-release> (exact pin plus wheel hash/lockfile); invoke standalone tests/examples or qualification tools from the pinned release checkout, never the removed in-tree path.",no path shim; CI workflow changes atomically,none,CI manifest syntax plus host dry-run and scheduled same-version hardware lane,4-switch-ci-after-consumer-imports,not_cut_over
tt-metal,00748e6ac7b65f50e5c2af07f6e7c1c535c7f4c0,tests/scripts/t3000/run_t3000_unit_tests.sh,340,ci_or_test_path,--cov-config=models/common/tests/setup.cfg ; fail+=$?,tt-metal models CI owners,"Install tt-transformers==<approved-release> (exact pin plus wheel hash/lockfile); invoke standalone tests/examples or qualification tools from the pinned release checkout, never the removed in-tree path.",no path shim; CI workflow changes atomically,none,CI manifest syntax plus host dry-run and scheduled same-version hardware lane,4-switch-ci-after-consumer-imports,not_cut_over
tt-metal,00748e6ac7b65f50e5c2af07f6e7c1c535c7f4c0,tests/scripts/t3000/run_t3000_unit_tests.sh,343,ci_or_test_path,pytest models/common/tests/modules/sampling/test_sampling_1d.py \,tt-metal models CI owners,"Install tt-transformers==<approved-release> (exact pin plus wheel hash/lockfile); invoke standalone tests/examples or qualification tools from the pinned release checkout, never the removed in-tree path.",no path shim; CI workflow changes atomically,none,CI manifest syntax plus host dry-run and scheduled same-version hardware lane,4-switch-ci-after-consumer-imports,not_cut_over
tt-metal,00748e6ac7b65f50e5c2af07f6e7c1c535c7f4c0,tests/scripts/t3000/run_t3000_unit_tests.sh,349,ci_or_test_path,--cov-config=models/common/tests/setup.cfg ; fail+=$?,tt-metal models CI owners,"Install tt-transformers==<approved-release> (exact pin plus wheel hash/lockfile); invoke standalone tests/examples or qualification tools from the pinned release checkout, never the removed in-tree path.",no path shim; CI workflow changes atomically,none,CI manifest syntax plus host dry-run and scheduled same-version hardware lane,4-switch-ci-after-consumer-imports,not_cut_over
tt-metal,00748e6ac7b65f50e5c2af07f6e7c1c535c7f4c0,tests/scripts/t3000/run_t3000_unit_tests.sh,366,ci_or_test_path,# Run tttv2 fast unit tests,tt-metal models CI owners,"Install tt-transformers==<approved-release> (exact pin plus wheel hash/lockfile); invoke standalone tests/examples or qualification tools from the pinned release checkout, never the removed in-tree path.",no path shim; CI workflow changes atomically,none,CI manifest syntax plus host dry-run and scheduled same-version hardware lane,4-switch-ci-after-consumer-imports,not_cut_over
tt-metal,00748e6ac7b65f50e5c2af07f6e7c1c535c7f4c0,tests/scripts/t3000/run_t3000_unit_tests.sh,367,ci_or_test_path,run_t3000_tttv2_fast_unit_tests,tt-metal models CI owners,"Install tt-transformers==<approved-release> (exact pin plus wheel hash/lockfile); invoke standalone tests/examples or qualification tools from the pinned release checkout, never the removed in-tree path.",no path shim; CI workflow changes atomically,none,CI manifest syntax plus host dry-run and scheduled same-version hardware lane,4-switch-ci-after-consumer-imports,not_cut_over
tt-metal,00748e6ac7b65f50e5c2af07f6e7c1c535c7f4c0,tests/ttnn/unit_tests/operations/reduce/test_tiebreak_input_adjust.py,25,python_import,models.common.sampling.tt_sampling,TTNN test owners,"Relocate this model-level test to tt-transformers tests, or replace it with a TTNN-owned primitive test; no TTNN import of tt_transformers.",no,none,TTNN core import audit plus relocated standalone sampling test,1-before-any-consumer-switch,not_cut_over
tt-metal,00748e6ac7b65f50e5c2af07f6e7c1c535c7f4c0,tt-train/sources/examples/grpo_remote_rollout/utils/ttt_generation_worker.py,21,python_import,models.common.sampling,tt-train GRPO rollout owners,tt-transformers==<approved-release> (exact pin plus wheel hash/lockfile); import tt_transformers.sampling,yes: temporary tt-metal old-namespace forwarding shim,one tt-metal release after every inventoried consumer is migrated,existing owner test plus clean-environment import with no tt-metal source on sys.path,3-switch-consumer-after-release,not_cut_over
vllm TT plugin,607831803c938c9dc4d92ef0b02a76ba622315fd,plugins/vllm-tt-plugin/pyproject.toml,dependencies,missing_dependency_contract,"dependencies = [""tblib>=3.1.0""] (no tt-transformers dependency)",vLLM TT plugin packaging owners,Add tt-transformers==<approved-release> (exact pin plus wheel hash/lockfile) to plugin dependency/lock metadata without replacing the locally built TT vLLM package.,none,none,clean plugin install and twelve-generator isolated import test,1-add-gates-before-switch,not_cut_over
vllm TT plugin,607831803c938c9dc4d92ef0b02a76ba622315fd,plugins/vllm-tt-plugin/src/vllm_tt_plugin/platform.py,277,selector_or_error_contract,"elif llama_text_version == ""tt_transformers_v2"":",vLLM TT plugin platform/registration owners,Resolve this selector only to generator paths from plugin-pinned tt-transformers==<approved-release> (exact pin plus wheel hash/lockfile); later make standalone selection the documented default.,retain environment selector spelling during overlap,one plugin release after standalone default,"selector tests for each family, unknown-model fail-closed tests, then representative server smoke",2-update-plugin-registration-and-dependency,not_cut_over
vllm TT plugin,607831803c938c9dc4d92ef0b02a76ba622315fd,plugins/vllm-tt-plugin/src/vllm_tt_plugin/platform.py,283,selector_or_error_contract,"f""Unsupported tt_transformers_v2 model: {model}; """,vLLM TT plugin platform/registration owners,Resolve this selector only to generator paths from plugin-pinned tt-transformers==<approved-release> (exact pin plus wheel hash/lockfile); later make standalone selection the documented default.,retain environment selector spelling during overlap,one plugin release after standalone default,"selector tests for each family, unknown-model fail-closed tests, then representative server smoke",2-update-plugin-registration-and-dependency,not_cut_over
vllm TT plugin,607831803c938c9dc4d92ef0b02a76ba622315fd,plugins/vllm-tt-plugin/src/vllm_tt_plugin/platform.py,297,selector_or_error_contract,"""pick one of [tt_transformers, tt_transformers_v2, """,vLLM TT plugin platform/registration owners,Resolve this selector only to generator paths from plugin-pinned tt-transformers==<approved-release> (exact pin plus wheel hash/lockfile); later make standalone selection the documented default.,retain environment selector spelling during overlap,one plugin release after standalone default,"selector tests for each family, unknown-model fail-closed tests, then representative server smoke",2-update-plugin-registration-and-dependency,not_cut_over
vllm TT plugin,607831803c938c9dc4d92ef0b02a76ba622315fd,plugins/vllm-tt-plugin/src/vllm_tt_plugin/platform.py,315,selector_or_error_contract,"elif qwen2_text_version == ""tt_transformers_v2"":",vLLM TT plugin platform/registration owners,Resolve this selector only to generator paths from plugin-pinned tt-transformers==<approved-release> (exact pin plus wheel hash/lockfile); later make standalone selection the documented default.,retain environment selector spelling during overlap,one plugin release after standalone default,"selector tests for each family, unknown-model fail-closed tests, then representative server smoke",2-update-plugin-registration-and-dependency,not_cut_over
vllm TT plugin,607831803c938c9dc4d92ef0b02a76ba622315fd,plugins/vllm-tt-plugin/src/vllm_tt_plugin/platform.py,321,selector_or_error_contract,"f""Unsupported tt_transformers_v2 model: {model}; """,vLLM TT plugin platform/registration owners,Resolve this selector only to generator paths from plugin-pinned tt-transformers==<approved-release> (exact pin plus wheel hash/lockfile); later make standalone selection the documented default.,retain environment selector spelling during overlap,one plugin release after standalone default,"selector tests for each family, unknown-model fail-closed tests, then representative server smoke",2-update-plugin-registration-and-dependency,not_cut_over
vllm TT plugin,607831803c938c9dc4d92ef0b02a76ba622315fd,plugins/vllm-tt-plugin/src/vllm_tt_plugin/platform.py,327,selector_or_error_contract,"""pick one of [tt_transformers, tt_transformers_v2]""",vLLM TT plugin platform/registration owners,Resolve this selector only to generator paths from plugin-pinned tt-transformers==<approved-release> (exact pin plus wheel hash/lockfile); later make standalone selection the documented default.,retain environment selector spelling during overlap,one plugin release after standalone default,"selector tests for each family, unknown-model fail-closed tests, then representative server smoke",2-update-plugin-registration-and-dependency,not_cut_over
vllm TT plugin,607831803c938c9dc4d92ef0b02a76ba622315fd,plugins/vllm-tt-plugin/src/vllm_tt_plugin/platform.py,336,selector_or_error_contract,"elif qwen3_text_version == ""tt_transformers_v2"":",vLLM TT plugin platform/registration owners,Resolve this selector only to generator paths from plugin-pinned tt-transformers==<approved-release> (exact pin plus wheel hash/lockfile); later make standalone selection the documented default.,retain environment selector spelling during overlap,one plugin release after standalone default,"selector tests for each family, unknown-model fail-closed tests, then representative server smoke",2-update-plugin-registration-and-dependency,not_cut_over
vllm TT plugin,607831803c938c9dc4d92ef0b02a76ba622315fd,plugins/vllm-tt-plugin/src/vllm_tt_plugin/platform.py,342,selector_or_error_contract,"f""Unsupported tt_transformers_v2 model: {model}; """,vLLM TT plugin platform/registration owners,Resolve this selector only to generator paths from plugin-pinned tt-transformers==<approved-release> (exact pin plus wheel hash/lockfile); later make standalone selection the documented default.,retain environment selector spelling during overlap,one plugin release after standalone default,"selector tests for each family, unknown-model fail-closed tests, then representative server smoke",2-update-plugin-registration-and-dependency,not_cut_over
vllm TT plugin,607831803c938c9dc4d92ef0b02a76ba622315fd,plugins/vllm-tt-plugin/src/vllm_tt_plugin/platform.py,352,selector_or_error_contract,"""pick one of [tt_transformers, tt_transformers_v2, qwen3_32b_galaxy]""",vLLM TT plugin platform/registration owners,Resolve this selector only to generator paths from plugin-pinned tt-transformers==<approved-release> (exact pin plus wheel hash/lockfile); later make standalone selection the documented default.,retain environment selector spelling during overlap,one plugin release after standalone default,"selector tests for each family, unknown-model fail-closed tests, then representative server smoke",2-update-plugin-registration-and-dependency,not_cut_over
vllm TT plugin,607831803c938c9dc4d92ef0b02a76ba622315fd,plugins/vllm-tt-plugin/src/vllm_tt_plugin/platform.py,393,selector_or_error_contract,"elif mistral_text_version == ""tt_transformers_v2"":",vLLM TT plugin platform/registration owners,Resolve this selector only to generator paths from plugin-pinned tt-transformers==<approved-release> (exact pin plus wheel hash/lockfile); later make standalone selection the documented default.,retain environment selector spelling during overlap,one plugin release after standalone default,"selector tests for each family, unknown-model fail-closed tests, then representative server smoke",2-update-plugin-registration-and-dependency,not_cut_over
vllm TT plugin,607831803c938c9dc4d92ef0b02a76ba622315fd,plugins/vllm-tt-plugin/src/vllm_tt_plugin/platform.py,399,selector_or_error_contract,"f""Unsupported tt_transformers_v2 model: {model}; """,vLLM TT plugin platform/registration owners,Resolve this selector only to generator paths from plugin-pinned tt-transformers==<approved-release> (exact pin plus wheel hash/lockfile); later make standalone selection the documented default.,retain environment selector spelling during overlap,one plugin release after standalone default,"selector tests for each family, unknown-model fail-closed tests, then representative server smoke",2-update-plugin-registration-and-dependency,not_cut_over
vllm TT plugin,607831803c938c9dc4d92ef0b02a76ba622315fd,plugins/vllm-tt-plugin/src/vllm_tt_plugin/platform.py,405,selector_or_error_contract,"""pick one of [tt_transformers, tt_transformers_v2]""",vLLM TT plugin platform/registration owners,Resolve this selector only to generator paths from plugin-pinned tt-transformers==<approved-release> (exact pin plus wheel hash/lockfile); later make standalone selection the documented default.,retain environment selector spelling during overlap,one plugin release after standalone default,"selector tests for each family, unknown-model fail-closed tests, then representative server smoke",2-update-plugin-registration-and-dependency,not_cut_over
vllm TT plugin,607831803c938c9dc4d92ef0b02a76ba622315fd,plugins/vllm-tt-plugin/src/vllm_tt_plugin/platform.py,413,selector_or_error_contract,"if phi_text_version == ""tt_transformers_v2"":",vLLM TT plugin platform/registration owners,Resolve this selector only to generator paths from plugin-pinned tt-transformers==<approved-release> (exact pin plus wheel hash/lockfile); later make standalone selection the documented default.,retain environment selector spelling during overlap,one plugin release after standalone default,"selector tests for each family, unknown-model fail-closed tests, then representative server smoke",2-update-plugin-registration-and-dependency,not_cut_over
vllm TT plugin,607831803c938c9dc4d92ef0b02a76ba622315fd,plugins/vllm-tt-plugin/src/vllm_tt_plugin/platform.py,419,selector_or_error_contract,"f""Unsupported tt_transformers_v2 model: {model}; """,vLLM TT plugin platform/registration owners,Resolve this selector only to generator paths from plugin-pinned tt-transformers==<approved-release> (exact pin plus wheel hash/lockfile); later make standalone selection the documented default.,retain environment selector spelling during overlap,one plugin release after standalone default,"selector tests for each family, unknown-model fail-closed tests, then representative server smoke",2-update-plugin-registration-and-dependency,not_cut_over
vllm TT plugin,607831803c938c9dc4d92ef0b02a76ba622315fd,plugins/vllm-tt-plugin/src/vllm_tt_plugin/platform.py,426,selector_or_error_contract,"""pick one of [tt_transformers_v2]""",vLLM TT plugin platform/registration owners,Resolve this selector only to generator paths from plugin-pinned tt-transformers==<approved-release> (exact pin plus wheel hash/lockfile); later make standalone selection the documented default.,retain environment selector spelling during overlap,one plugin release after standalone default,"selector tests for each family, unknown-model fail-closed tests, then representative server smoke",2-update-plugin-registration-and-dependency,not_cut_over
vllm TT plugin,607831803c938c9dc4d92ef0b02a76ba622315fd,plugins/vllm-tt-plugin/src/vllm_tt_plugin/platform.py,47,generator_registration,models.common.models.llama3_8b.generator:Llama3Generator,vLLM TT plugin platform/registration owners,Plugin dependency tt-transformers==<approved-release> (exact pin plus wheel hash/lockfile); registry value tt_transformers.models.llama3_8b.generator:Llama3Generator,no import shim after plugin pin; retain tt_transformers_v2 selector alias temporarily,selector alias for one plugin release after default switch,new registry unit test for all 12 IDs plus isolated import and representative server smoke,2-update-plugin-registration-and-dependency,not_cut_over
vllm TT plugin,607831803c938c9dc4d92ef0b02a76ba622315fd,plugins/vllm-tt-plugin/src/vllm_tt_plugin/platform.py,50,generator_registration,models.common.models.llama32_1b.generator:Llama32_1BGenerator,vLLM TT plugin platform/registration owners,Plugin dependency tt-transformers==<approved-release> (exact pin plus wheel hash/lockfile); registry value tt_transformers.models.llama32_1b.generator:Llama32_1BGenerator,no import shim after plugin pin; retain tt_transformers_v2 selector alias temporarily,selector alias for one plugin release after default switch,new registry unit test for all 12 IDs plus isolated import and representative server smoke,2-update-plugin-registration-and-dependency,not_cut_over
vllm TT plugin,607831803c938c9dc4d92ef0b02a76ba622315fd,plugins/vllm-tt-plugin/src/vllm_tt_plugin/platform.py,53,generator_registration,models.common.models.llama32_3b.generator:Llama32_3BGenerator,vLLM TT plugin platform/registration owners,Plugin dependency tt-transformers==<approved-release> (exact pin plus wheel hash/lockfile); registry value tt_transformers.models.llama32_3b.generator:Llama32_3BGenerator,no import shim after plugin pin; retain tt_transformers_v2 selector alias temporarily,selector alias for one plugin release after default switch,new registry unit test for all 12 IDs plus isolated import and representative server smoke,2-update-plugin-registration-and-dependency,not_cut_over
vllm TT plugin,607831803c938c9dc4d92ef0b02a76ba622315fd,plugins/vllm-tt-plugin/src/vllm_tt_plugin/platform.py,56,generator_registration,models.common.models.llama33_70b.generator:Llama33_70BGenerator,vLLM TT plugin platform/registration owners,Plugin dependency tt-transformers==<approved-release> (exact pin plus wheel hash/lockfile); registry value tt_transformers.models.llama33_70b.generator:Llama33_70BGenerator,no import shim after plugin pin; retain tt_transformers_v2 selector alias temporarily,selector alias for one plugin release after default switch,new registry unit test for all 12 IDs plus isolated import and representative server smoke,2-update-plugin-registration-and-dependency,not_cut_over
vllm TT plugin,607831803c938c9dc4d92ef0b02a76ba622315fd,plugins/vllm-tt-plugin/src/vllm_tt_plugin/platform.py,62,generator_registration,models.common.models.qwen2_7b.generator:Qwen2Generator,vLLM TT plugin platform/registration owners,Plugin dependency tt-transformers==<approved-release> (exact pin plus wheel hash/lockfile); registry value tt_transformers.models.qwen2_7b.generator:Qwen2Generator,no import shim after plugin pin; retain tt_transformers_v2 selector alias temporarily,selector alias for one plugin release after default switch,new registry unit test for all 12 IDs plus isolated import and representative server smoke,2-update-plugin-registration-and-dependency,not_cut_over
vllm TT plugin,607831803c938c9dc4d92ef0b02a76ba622315fd,plugins/vllm-tt-plugin/src/vllm_tt_plugin/platform.py,65,generator_registration,models.common.models.qwen25_7b.generator:Qwen25Generator,vLLM TT plugin platform/registration owners,Plugin dependency tt-transformers==<approved-release> (exact pin plus wheel hash/lockfile); registry value tt_transformers.models.qwen25_7b.generator:Qwen25Generator,no import shim after plugin pin; retain tt_transformers_v2 selector alias temporarily,selector alias for one plugin release after default switch,new registry unit test for all 12 IDs plus isolated import and representative server smoke,2-update-plugin-registration-and-dependency,not_cut_over
vllm TT plugin,607831803c938c9dc4d92ef0b02a76ba622315fd,plugins/vllm-tt-plugin/src/vllm_tt_plugin/platform.py,68,generator_registration,models.common.models.qwen25_72b.generator:Qwen25_72BGenerator,vLLM TT plugin platform/registration owners,Plugin dependency tt-transformers==<approved-release> (exact pin plus wheel hash/lockfile); registry value tt_transformers.models.qwen25_72b.generator:Qwen25_72BGenerator,no import shim after plugin pin; retain tt_transformers_v2 selector alias temporarily,selector alias for one plugin release after default switch,new registry unit test for all 12 IDs plus isolated import and representative server smoke,2-update-plugin-registration-and-dependency,not_cut_over
vllm TT plugin,607831803c938c9dc4d92ef0b02a76ba622315fd,plugins/vllm-tt-plugin/src/vllm_tt_plugin/platform.py,71,generator_registration,models.common.models.qwen25_coder_32b.generator:Qwen25Coder32BGenerator,vLLM TT plugin platform/registration owners,Plugin dependency tt-transformers==<approved-release> (exact pin plus wheel hash/lockfile); registry value tt_transformers.models.qwen25_coder_32b.generator:Qwen25Coder32BGenerator,no import shim after plugin pin; retain tt_transformers_v2 selector alias temporarily,selector alias for one plugin release after default switch,new registry unit test for all 12 IDs plus isolated import and representative server smoke,2-update-plugin-registration-and-dependency,not_cut_over
vllm TT plugin,607831803c938c9dc4d92ef0b02a76ba622315fd,plugins/vllm-tt-plugin/src/vllm_tt_plugin/platform.py,74,generator_registration,models.common.models.deepseek_r1_distill_qwen_14b.generator:DeepSeekR1Qwen14BGenerator,vLLM TT plugin platform/registration owners,Plugin dependency tt-transformers==<approved-release> (exact pin plus wheel hash/lockfile); registry value tt_transformers.models.deepseek_r1_distill_qwen_14b.generator:DeepSeekR1Qwen14BGenerator,no import shim after plugin pin; retain tt_transformers_v2 selector alias temporarily,selector alias for one plugin release after default switch,new registry unit test for all 12 IDs plus isolated import and representative server smoke,2-update-plugin-registration-and-dependency,not_cut_over
vllm TT plugin,607831803c938c9dc4d92ef0b02a76ba622315fd,plugins/vllm-tt-plugin/src/vllm_tt_plugin/platform.py,79,generator_registration,models.common.models.qwen3_32b.generator:Qwen3_32BGenerator,vLLM TT plugin platform/registration owners,Plugin dependency tt-transformers==<approved-release> (exact pin plus wheel hash/lockfile); registry value tt_transformers.models.qwen3_32b.generator:Qwen3_32BGenerator,no import shim after plugin pin; retain tt_transformers_v2 selector alias temporarily,selector alias for one plugin release after default switch,new registry unit test for all 12 IDs plus isolated import and representative server smoke,2-update-plugin-registration-and-dependency,not_cut_over
vllm TT plugin,607831803c938c9dc4d92ef0b02a76ba622315fd,plugins/vllm-tt-plugin/src/vllm_tt_plugin/platform.py,84,generator_registration,models.common.models.mistral_7b.generator:Mistral7BGenerator,vLLM TT plugin platform/registration owners,Plugin dependency tt-transformers==<approved-release> (exact pin plus wheel hash/lockfile); registry value tt_transformers.models.mistral_7b.generator:Mistral7BGenerator,no import shim after plugin pin; retain tt_transformers_v2 selector alias temporarily,selector alias for one plugin release after default switch,new registry unit test for all 12 IDs plus isolated import and representative server smoke,2-update-plugin-registration-and-dependency,not_cut_over
vllm TT plugin,607831803c938c9dc4d92ef0b02a76ba622315fd,plugins/vllm-tt-plugin/src/vllm_tt_plugin/platform.py,89,generator_registration,models.common.models.phi4.generator:Phi4Generator,vLLM TT plugin platform/registration owners,Plugin dependency tt-transformers==<approved-release> (exact pin plus wheel hash/lockfile); registry value tt_transformers.models.phi4.generator:Phi4Generator,no import shim after plugin pin; retain tt_transformers_v2 selector alias temporarily,selector alias for one plugin release after default switch,new registry unit test for all 12 IDs plus isolated import and representative server smoke,2-update-plugin-registration-and-dependency,not_cut_over
vllm TT plugin,607831803c938c9dc4d92ef0b02a76ba622315fd,plugins/vllm-tt-plugin/tests/,gap,missing_test_gate,No test references tt_transformers_v2 or the 12 standalone generator registrations at this revision.,vLLM TT plugin test owners,Add tests against plugin-pinned tt-transformers==<approved-release> (exact pin plus wheel hash/lockfile) without a tt-metal source checkout.,none,none,required before registry switch,1-add-gates-before-switch,not_cut_over
