DIAGNOSTIC_LOG=/localdev/gwang/tt_transformers/hardware-results/2883a949860d749adc2ed1af5525b27a9a547505/diagnostics/fabric-audit/20260903T045940Z--accuracy-batch-32-T3K--host--fabric-1d.log
STARTED_UTC=2026-09-03T04:59:40Z
BRANCH=tttv2-standalone-migration
COORDINATING_SHA=efa9c060f133fd493137f27c9e3ac8a30a7d7258
PACKAGE_CODE_SHA=2883a949860d749adc2ed1af5525b27a9a547505
MACHINE=wh-lb-42-special-gwang-for-reservation-173014
TTNN=0.77.0
PYTEST_PLUGIN=/tmp/gwang/llama33_historical_fabric_plugin.py
PLUGIN_SHA256=272964ff8d4025898f87980ba9a432626cc068293f67c43268047006b9cd9a7f
PYTHONPATH=/tmp/gwang
MESH_DEVICE=T3K
TT_VISIBLE_DEVICES=<unset>
SAMPLING_MODE=host
PERF_NUM_DECODE_TOKENS=200
PIPELINE_READBACK=1
NODE=tests/hardware/models/llama33_70b/test_demo.py::test_llama33_70b[accuracy-batch-32-T3K]
2026-09-03 04:59:41.712 | DEBUG    | ttnn:<module>:78 - Initial ttnn.CONFIG:
Config{cache_path=/home/gwang/.cache/ttnn,model_cache_path=/home/gwang/.cache/ttnn/models,tmp_dir=/tmp/ttnn,enable_model_cache=false,enable_fast_runtime_mode=true,validate_program_args=false,throw_exception_on_fallback=false,enable_logging=false,enable_graph_report=false,enable_graph_python_stack_traces=false,enable_detailed_buffer_report=false,enable_detailed_tensor_report=false,enable_comparison_mode=false,comparison_mode_should_raise_exception=false,comparison_mode_pcc=0.9999,root_report_path=generated/ttnn/reports,report_name=std::nullopt,std::nullopt}
2026-09-03 04:59:43.380 | WARNING  | qualification.tools.benchmarking_utils:<module>:19 - Skipping import of pydantic_models for benchmarking since not running in CI environment
============================= test session starts ==============================
platform linux -- Python 3.10.12, pytest-9.0.3, pluggy-1.6.0 -- /localdev/gwang/tt_transformers/.venv/bin/python
cachedir: .pytest_cache
rootdir: /localdev/gwang/tt_transformers
configfile: pyproject.toml
plugins: cov-7.0.0, timeout-2.4.0, anyio-4.14.2
timeout: 1800.0s
timeout method: signal
timeout func_only: False
collecting ... collected 1 item

tests/hardware/models/llama33_70b/test_demo.py::test_llama33_70b[accuracy-batch-32-T3K] 2026-09-03 04:59:43.406 | info     |          Device | Opening user mode device driver (tt_cluster.cpp:228)
2026-09-03 04:59:43.406 | info     |             UMD | Cluster constructor started. (cluster.cpp:389)
2026-09-03 04:59:43.406 | info     |             UMD | Creating TopologyDiscovery for architecture: wormhole_b0 (topology_discovery.cpp:96)
2026-09-03 04:59:43.406 | info     |             UMD | Starting topology discovery. (topology_discovery.cpp:115)
2026-09-03 04:59:43.411 | info     |             UMD | Established firmware bundle version: 18.12.1 (topology_discovery.cpp:575)
2026-09-03 04:59:43.435 | info     |             UMD | Completed topology discovery. (topology_discovery.cpp:119)
2026-09-03 04:59:43.483 | info     |             UMD | Opening local chip ids/PCIe ids: {0, 1, 2, 3}/[0, 1, 2, 3] and remote chip ids {4, 5, 6, 7} (cluster.cpp:173)
2026-09-03 04:59:43.484 | info     |             UMD | IOMMU: disabled (cluster.cpp:147)
2026-09-03 04:59:43.484 | info     |             UMD | KMD version: 2.4.1 (cluster.cpp:150)
2026-09-03 04:59:43.484 | info     |             UMD | Cluster constructor completed. (cluster.cpp:648)
2026-09-03 04:59:43.489 | info     |             UMD | Starting devices in cluster (cluster.cpp:1188)
2026-09-03 04:59:43.504 | info     |             UMD | Starting devices in cluster completed. (cluster.cpp:1196)
2026-09-03 04:59:43.544 | info     |     Distributed | Using auto discovery to generate mesh graph. (metal_env.cpp:437)
2026-09-03 04:59:43.544 | info     |     Distributed | Constructing control plane using auto-discovery (no mesh graph descriptor). (metal_env.cpp:499)
2026-09-03 04:59:43.544 | info     |          Fabric | Logical multi-mesh adjacency: intermesh degree histogram {0:1}; intra-mesh degree histograms mesh0 {2:4, 3:4} (topology_mapper_utils.cpp:3329)
2026-09-03 04:59:43.544 | info     |          Fabric | Physical multi-mesh adjacency: intermesh degree histogram {0:1}; intra-mesh degree histograms mesh0 {2:4, 3:4} (topology_mapper_utils.cpp:3337)
2026-09-03 04:59:43.545 | info     |           Metal | Fabric config changed from FabricConfig::DISABLED to FabricConfig::FABRIC_1D, reinitializing control plane (metal_env.cpp:337)
2026-09-03 04:59:43.545 | info     |     Distributed | Using auto discovery to generate mesh graph. (metal_env.cpp:437)
2026-09-03 04:59:43.545 | info     |     Distributed | Constructing control plane using auto-discovery (no mesh graph descriptor). (metal_env.cpp:499)
2026-09-03 04:59:43.545 | info     |          Fabric | Logical multi-mesh adjacency: intermesh degree histogram {0:1}; intra-mesh degree histograms mesh0 {2:4, 3:4} (topology_mapper_utils.cpp:3329)
2026-09-03 04:59:43.545 | info     |          Fabric | Physical multi-mesh adjacency: intermesh degree histogram {0:1}; intra-mesh degree histograms mesh0 {2:4, 3:4} (topology_mapper_utils.cpp:3337)
2026-09-03 04:59:43.657 | warning  |           Metal | Got num_routing_planes: 1, which is less than current value: 255, ignoring the override (metal_env.cpp:312)
2026-09-03 04:59:43.657 | info     |           Metal | Dispatch on FabricConfig::FABRIC_1D with 1 Command Queues
 (device_manager.cpp:299)
2026-09-03 04:59:43.679 | info     |           Metal | Initializing Fabric (fabric_firmware_initializer.cpp:296)
2026-09-03 04:59:43.765 | info     |           Metal | Fabric initialized on 8 devices (fabric_firmware_initializer.cpp:444)
2026-09-03 04:59:43.765 | info     |           Metal | Fabric Initialized with config FabricConfig::FABRIC_1D (fabric_firmware_initializer.cpp:313)
[transformers] `torch_dtype` is deprecated! Use `dtype` instead!
Loading weights:   0%|          | 0/723 [00:00<?, ?it/s]Loading weights: 100%|██████████| 723/723 [00:00<00:00, 11398.94it/s]
Building layers:   0%|          | 0/80 [00:00<?, ?it/s]2026-09-03 05:01:37.639 | warning  |              Op | ttnn::tilize: Using input shard spec for output tensor because the legacy sharded optimized program factory is being used (tilize_device_operation.cpp:257)
2026-09-03 05:01:37.655 | warning  |              Op | ttnn::tilize: Using input shard spec for output tensor because the legacy sharded optimized program factory is being used (tilize_device_operation.cpp:257)
2026-09-03 05:01:37.656 | warning  |              Op | ttnn::tilize: Using input shard spec for output tensor because the legacy sharded optimized program factory is being used (tilize_device_operation.cpp:257)
2026-09-03 05:01:37.657 | warning  |              Op | ttnn::tilize: Using input shard spec for output tensor because the legacy sharded optimized program factory is being used (tilize_device_operation.cpp:257)
2026-09-03 05:01:37.660 | warning  |              Op | ttnn::tilize: Using input shard spec for output tensor because the legacy sharded optimized program factory is being used (tilize_device_operation.cpp:257)
2026-09-03 05:01:37.662 | warning  |              Op | ttnn::tilize: Using input shard spec for output tensor because the legacy sharded optimized program factory is being used (tilize_device_operation.cpp:257)
2026-09-03 05:01:37.663 | warning  |              Op | ttnn::tilize: Using input shard spec for output tensor because the legacy sharded optimized program factory is being used (tilize_device_operation.cpp:257)
2026-09-03 05:01:37.664 | warning  |              Op | ttnn::tilize: Using input shard spec for output tensor because the legacy sharded optimized program factory is being used (tilize_device_operation.cpp:257)
2026-09-03 05:01:37.666 | warning  |              Op | ttnn::tilize: Using input shard spec for output tensor because the legacy sharded optimized program factory is being used (tilize_device_operation.cpp:257)
2026-09-03 05:01:37.667 | warning  |              Op | ttnn::tilize: Using input shard spec for output tensor because the legacy sharded optimized program factory is being used (tilize_device_operation.cpp:257)
2026-09-03 05:01:37.668 | warning  |              Op | ttnn::tilize: Using input shard spec for output tensor because the legacy sharded optimized program factory is being used (tilize_device_operation.cpp:257)
2026-09-03 05:01:37.669 | warning  |              Op | ttnn::tilize: Using input shard spec for output tensor because the legacy sharded optimized program factory is being used (tilize_device_operation.cpp:257)
2026-09-03 05:01:37.670 | warning  |              Op | ttnn::tilize: Using input shard spec for output tensor because the legacy sharded optimized program factory is being used (tilize_device_operation.cpp:257)
2026-09-03 05:01:37.672 | warning  |              Op | ttnn::tilize: Using input shard spec for output tensor because the legacy sharded optimized program factory is being used (tilize_device_operation.cpp:257)
2026-09-03 05:01:37.673 | warning  |              Op | ttnn::tilize: Using input shard spec for output tensor because the legacy sharded optimized program factory is being used (tilize_device_operation.cpp:257)
2026-09-03 05:01:37.674 | warning  |              Op | ttnn::tilize: Using input shard spec for output tensor because the legacy sharded optimized program factory is being used (tilize_device_operation.cpp:257)
2026-09-03 05:01:37.675 | warning  |              Op | ttnn::tilize: Using input shard spec for output tensor because the legacy sharded optimized program factory is being used (tilize_device_operation.cpp:257)
2026-09-03 05:01:37.677 | warning  |              Op | ttnn::tilize: Using input shard spec for output tensor because the legacy sharded optimized program factory is being used (tilize_device_operation.cpp:257)
2026-09-03 05:01:37.678 | warning  |              Op | ttnn::tilize: Using input shard spec for output tensor because the legacy sharded optimized program factory is being used (tilize_device_operation.cpp:257)
2026-09-03 05:01:37.679 | warning  |              Op | ttnn::tilize: Using input shard spec for output tensor because the legacy sharded optimized program factory is being used (tilize_device_operation.cpp:257)
2026-09-03 05:01:37.680 | warning  |              Op | ttnn::tilize: Using input shard spec for output tensor because the legacy sharded optimized program factory is being used (tilize_device_operation.cpp:257)
2026-09-03 05:01:37.681 | warning  |              Op | ttnn::tilize: Using input shard spec for output tensor because the legacy sharded optimized program factory is being used (tilize_device_operation.cpp:257)
2026-09-03 05:01:37.683 | warning  |              Op | ttnn::tilize: Using input shard spec for output tensor because the legacy sharded optimized program factory is being used (tilize_device_operation.cpp:257)
2026-09-03 05:01:37.684 | warning  |              Op | ttnn::tilize: Using input shard spec for output tensor because the legacy sharded optimized program factory is being used (tilize_device_operation.cpp:257)
2026-09-03 05:01:37.685 | warning  |              Op | ttnn::tilize: Using input shard spec for output tensor because the legacy sharded optimized program factory is being used (tilize_device_operation.cpp:257)
2026-09-03 05:01:37.686 | warning  |              Op | ttnn::tilize: Using input shard spec for output tensor because the legacy sharded optimized program factory is being used (tilize_device_operation.cpp:257)
2026-09-03 05:01:37.688 | warning  |              Op | ttnn::tilize: Using input shard spec for output tensor because the legacy sharded optimized program factory is being used (tilize_device_operation.cpp:257)
2026-09-03 05:01:37.689 | warning  |              Op | ttnn::tilize: Using input shard spec for output tensor because the legacy sharded optimized program factory is being used (tilize_device_operation.cpp:257)
2026-09-03 05:01:37.690 | warning  |              Op | ttnn::tilize: Using input shard spec for output tensor because the legacy sharded optimized program factory is being used (tilize_device_operation.cpp:257)
2026-09-03 05:01:37.691 | warning  |              Op | ttnn::tilize: Using input shard spec for output tensor because the legacy sharded optimized program factory is being used (tilize_device_operation.cpp:257)
2026-09-03 05:01:37.693 | warning  |              Op | ttnn::tilize: Using input shard spec for output tensor because the legacy sharded optimized program factory is being used (tilize_device_operation.cpp:257)
2026-09-03 05:01:37.694 | warning  |              Op | ttnn::tilize: Using input shard spec for output tensor because the legacy sharded optimized program factory is being used (tilize_device_operation.cpp:257)
2026-09-03 05:01:37.695 | warning  |              Op | ttnn::tilize: Using input shard spec for output tensor because the legacy sharded optimized program factory is being used (tilize_device_operation.cpp:257)
2026-09-03 05:01:37.696 | warning  |              Op | ttnn::tilize: Using input shard spec for output tensor because the legacy sharded optimized program factory is being used (tilize_device_operation.cpp:257)
2026-09-03 05:01:37.697 | warning  |              Op | ttnn::tilize: Using input shard spec for output tensor because the legacy sharded optimized program factory is being used (tilize_device_operation.cpp:257)
2026-09-03 05:01:37.699 | warning  |              Op | ttnn::tilize: Using input shard spec for output tensor because the legacy sharded optimized program factory is being used (tilize_device_operation.cpp:257)
2026-09-03 05:01:37.700 | warning  |              Op | ttnn::tilize: Using input shard spec for output tensor because the legacy sharded optimized program factory is being used (tilize_device_operation.cpp:257)
2026-09-03 05:01:37.701 | warning  |              Op | ttnn::tilize: Using input shard spec for output tensor because the legacy sharded optimized program factory is being used (tilize_device_operation.cpp:257)
2026-09-03 05:01:37.702 | warning  |              Op | ttnn::tilize: Using input shard spec for output tensor because the legacy sharded optimized program factory is being used (tilize_device_operation.cpp:257)
2026-09-03 05:01:37.703 | warning  |              Op | ttnn::tilize: Using input shard spec for output tensor because the legacy sharded optimized program factory is being used (tilize_device_operation.cpp:257)
2026-09-03 05:01:37.705 | warning  |              Op | ttnn::tilize: Using input shard spec for output tensor because the legacy sharded optimized program factory is being used (tilize_device_operation.cpp:257)
2026-09-03 05:01:37.706 | warning  |              Op | ttnn::tilize: Using input shard spec for output tensor because the legacy sharded optimized program factory is being used (tilize_device_operation.cpp:257)
2026-09-03 05:01:37.707 | warning  |              Op | ttnn::tilize: Using input shard spec for output tensor because the legacy sharded optimized program factory is being used (tilize_device_operation.cpp:257)
2026-09-03 05:01:37.708 | warning  |              Op | ttnn::tilize: Using input shard spec for output tensor because the legacy sharded optimized program factory is being used (tilize_device_operation.cpp:257)
2026-09-03 05:01:37.709 | warning  |              Op | ttnn::tilize: Using input shard spec for output tensor because the legacy sharded optimized program factory is being used (tilize_device_operation.cpp:257)
2026-09-03 05:01:37.711 | warning  |              Op | ttnn::tilize: Using input shard spec for output tensor because the legacy sharded optimized program factory is being used (tilize_device_operation.cpp:257)
2026-09-03 05:01:37.712 | warning  |              Op | ttnn::tilize: Using input shard spec for output tensor because the legacy sharded optimized program factory is being used (tilize_device_operation.cpp:257)
2026-09-03 05:01:37.713 | warning  |              Op | ttnn::tilize: Using input shard spec for output tensor because the legacy sharded optimized program factory is being used (tilize_device_operation.cpp:257)
2026-09-03 05:01:37.714 | warning  |              Op | ttnn::tilize: Using input shard spec for output tensor because the legacy sharded optimized program factory is being used (tilize_device_operation.cpp:257)
2026-09-03 05:01:37.715 | warning  |              Op | ttnn::tilize: Using input shard spec for output tensor because the legacy sharded optimized program factory is being used (tilize_device_operation.cpp:257)
2026-09-03 05:01:37.717 | warning  |              Op | ttnn::tilize: Using input shard spec for output tensor because the legacy sharded optimized program factory is being used (tilize_device_operation.cpp:257)
2026-09-03 05:01:37.718 | warning  |              Op | ttnn::tilize: Using input shard spec for output tensor because the legacy sharded optimized program factory is being used (tilize_device_operation.cpp:257)
2026-09-03 05:01:37.719 | warning  |              Op | ttnn::tilize: Using input shard spec for output tensor because the legacy sharded optimized program factory is being used (tilize_device_operation.cpp:257)
2026-09-03 05:01:37.720 | warning  |              Op | ttnn::tilize: Using input shard spec for output tensor because the legacy sharded optimized program factory is being used (tilize_device_operation.cpp:257)
2026-09-03 05:01:37.721 | warning  |              Op | ttnn::tilize: Using input shard spec for output tensor because the legacy sharded optimized program factory is being used (tilize_device_operation.cpp:257)
2026-09-03 05:01:37.723 | warning  |              Op | ttnn::tilize: Using input shard spec for output tensor because the legacy sharded optimized program factory is being used (tilize_device_operation.cpp:257)
2026-09-03 05:01:37.724 | warning  |              Op | ttnn::tilize: Using input shard spec for output tensor because the legacy sharded optimized program factory is being used (tilize_device_operation.cpp:257)
2026-09-03 05:01:37.725 | warning  |              Op | ttnn::tilize: Using input shard spec for output tensor because the legacy sharded optimized program factory is being used (tilize_device_operation.cpp:257)
2026-09-03 05:01:37.726 | warning  |              Op | ttnn::tilize: Using input shard spec for output tensor because the legacy sharded optimized program factory is being used (tilize_device_operation.cpp:257)
2026-09-03 05:01:37.728 | warning  |              Op | ttnn::tilize: Using input shard spec for output tensor because the legacy sharded optimized program factory is being used (tilize_device_operation.cpp:257)
2026-09-03 05:01:37.729 | warning  |              Op | ttnn::tilize: Using input shard spec for output tensor because the legacy sharded optimized program factory is being used (tilize_device_operation.cpp:257)
2026-09-03 05:01:37.730 | warning  |              Op | ttnn::tilize: Using input shard spec for output tensor because the legacy sharded optimized program factory is being used (tilize_device_operation.cpp:257)
2026-09-03 05:01:37.731 | warning  |              Op | ttnn::tilize: Using input shard spec for output tensor because the legacy sharded optimized program factory is being used (tilize_device_operation.cpp:257)
2026-09-03 05:01:37.732 | warning  |              Op | ttnn::tilize: Using input shard spec for output tensor because the legacy sharded optimized program factory is being used (tilize_device_operation.cpp:257)
2026-09-03 05:01:37.734 | warning  |              Op | ttnn::tilize: Using input shard spec for output tensor because the legacy sharded optimized program factory is being used (tilize_device_operation.cpp:257)
2026-09-03 05:01:37.735 | warning  |              Op | ttnn::tilize: Using input shard spec for output tensor because the legacy sharded optimized program factory is being used (tilize_device_operation.cpp:257)
2026-09-03 05:01:37.737 | warning  |              Op | ttnn::tilize: Using input shard spec for output tensor because the legacy sharded optimized program factory is being used (tilize_device_operation.cpp:257)
2026-09-03 05:01:37.738 | warning  |              Op | ttnn::tilize: Using input shard spec for output tensor because the legacy sharded optimized program factory is being used (tilize_device_operation.cpp:257)
Building layers:  85%|████████▌ | 68/80 [00:00<00:00, 678.26it/s]2026-09-03 05:01:37.739 | warning  |              Op | ttnn::tilize: Using input shard spec for output tensor because the legacy sharded optimized program factory is being used (tilize_device_operation.cpp:257)
2026-09-03 05:01:37.740 | warning  |              Op | ttnn::tilize: Using input shard spec for output tensor because the legacy sharded optimized program factory is being used (tilize_device_operation.cpp:257)
2026-09-03 05:01:37.741 | warning  |              Op | ttnn::tilize: Using input shard spec for output tensor because the legacy sharded optimized program factory is being used (tilize_device_operation.cpp:257)
2026-09-03 05:01:37.903 | warning  |              Op | ttnn::tilize: Using input shard spec for output tensor because the legacy sharded optimized program factory is being used (tilize_device_operation.cpp:257)
2026-09-03 05:01:37.904 | warning  |              Op | ttnn::tilize: Using input shard spec for output tensor because the legacy sharded optimized program factory is being used (tilize_device_operation.cpp:257)
2026-09-03 05:01:37.906 | warning  |              Op | ttnn::tilize: Using input shard spec for output tensor because the legacy sharded optimized program factory is being used (tilize_device_operation.cpp:257)
2026-09-03 05:01:37.907 | warning  |              Op | ttnn::tilize: Using input shard spec for output tensor because the legacy sharded optimized program factory is being used (tilize_device_operation.cpp:257)
2026-09-03 05:01:37.908 | warning  |              Op | ttnn::tilize: Using input shard spec for output tensor because the legacy sharded optimized program factory is being used (tilize_device_operation.cpp:257)
2026-09-03 05:01:37.910 | warning  |              Op | ttnn::tilize: Using input shard spec for output tensor because the legacy sharded optimized program factory is being used (tilize_device_operation.cpp:257)
2026-09-03 05:01:37.913 | warning  |              Op | ttnn::tilize: Using input shard spec for output tensor because the legacy sharded optimized program factory is being used (tilize_device_operation.cpp:257)
2026-09-03 05:01:37.914 | warning  |              Op | ttnn::tilize: Using input shard spec for output tensor because the legacy sharded optimized program factory is being used (tilize_device_operation.cpp:257)
2026-09-03 05:01:37.916 | warning  |              Op | ttnn::tilize: Using input shard spec for output tensor because the legacy sharded optimized program factory is being used (tilize_device_operation.cpp:257)
Building layers: 100%|██████████| 80/80 [00:00<00:00, 287.60it/s]
2026-09-03 05:01:37.978 | INFO     | examples.llama33_70b.demo:_run_perf_benchmark:909 - [accuracy/batch-32] SAMPLING_MODE=host -> sampling_params=None
2026-09-03 05:01:37.981 | DEBUG    | core:as_tensor:724 - Loaded cache for /localdev/gwang/tt_transformers/model_cache/llama33_70b/T3K/empty_kcache_paged_attention(1024, 1, 32, 128)_dtype_BFLOAT8_B_layout_TILE.tensorbin of shape Shape([1024, 1, 32, 128])
2026-09-03 05:01:37.983 | DEBUG    | core:as_tensor:724 - Loaded cache for /localdev/gwang/tt_transformers/model_cache/llama33_70b/T3K/empty_vcache_paged_attention(1024, 1, 32, 128)_dtype_BFLOAT8_B_layout_TILE.tensorbin of shape Shape([1024, 1, 32, 128])
2026-09-03 05:01:37.985 | DEBUG    | core:as_tensor:724 - Loaded cache for /localdev/gwang/tt_transformers/model_cache/llama33_70b/T3K/empty_kcache_paged_attention(1024, 1, 32, 128)_dtype_BFLOAT8_B_layout_TILE.tensorbin of shape Shape([1024, 1, 32, 128])
2026-09-03 05:01:37.986 | DEBUG    | core:as_tensor:724 - Loaded cache for /localdev/gwang/tt_transformers/model_cache/llama33_70b/T3K/empty_vcache_paged_attention(1024, 1, 32, 128)_dtype_BFLOAT8_B_layout_TILE.tensorbin of shape Shape([1024, 1, 32, 128])
2026-09-03 05:01:37.987 | DEBUG    | core:as_tensor:724 - Loaded cache for /localdev/gwang/tt_transformers/model_cache/llama33_70b/T3K/empty_kcache_paged_attention(1024, 1, 32, 128)_dtype_BFLOAT8_B_layout_TILE.tensorbin of shape Shape([1024, 1, 32, 128])
2026-09-03 05:01:37.989 | DEBUG    | core:as_tensor:724 - Loaded cache for /localdev/gwang/tt_transformers/model_cache/llama33_70b/T3K/empty_vcache_paged_attention(1024, 1, 32, 128)_dtype_BFLOAT8_B_layout_TILE.tensorbin of shape Shape([1024, 1, 32, 128])
2026-09-03 05:01:37.990 | DEBUG    | core:as_tensor:724 - Loaded cache for /localdev/gwang/tt_transformers/model_cache/llama33_70b/T3K/empty_kcache_paged_attention(1024, 1, 32, 128)_dtype_BFLOAT8_B_layout_TILE.tensorbin of shape Shape([1024, 1, 32, 128])
2026-09-03 05:01:37.991 | DEBUG    | core:as_tensor:724 - Loaded cache for /localdev/gwang/tt_transformers/model_cache/llama33_70b/T3K/empty_vcache_paged_attention(1024, 1, 32, 128)_dtype_BFLOAT8_B_layout_TILE.tensorbin of shape Shape([1024, 1, 32, 128])
2026-09-03 05:01:37.993 | DEBUG    | core:as_tensor:724 - Loaded cache for /localdev/gwang/tt_transformers/model_cache/llama33_70b/T3K/empty_kcache_paged_attention(1024, 1, 32, 128)_dtype_BFLOAT8_B_layout_TILE.tensorbin of shape Shape([1024, 1, 32, 128])
2026-09-03 05:01:37.994 | DEBUG    | core:as_tensor:724 - Loaded cache for /localdev/gwang/tt_transformers/model_cache/llama33_70b/T3K/empty_vcache_paged_attention(1024, 1, 32, 128)_dtype_BFLOAT8_B_layout_TILE.tensorbin of shape Shape([1024, 1, 32, 128])
2026-09-03 05:01:37.995 | DEBUG    | core:as_tensor:724 - Loaded cache for /localdev/gwang/tt_transformers/model_cache/llama33_70b/T3K/empty_kcache_paged_attention(1024, 1, 32, 128)_dtype_BFLOAT8_B_layout_TILE.tensorbin of shape Shape([1024, 1, 32, 128])
2026-09-03 05:01:37.997 | DEBUG    | core:as_tensor:724 - Loaded cache for /localdev/gwang/tt_transformers/model_cache/llama33_70b/T3K/empty_vcache_paged_attention(1024, 1, 32, 128)_dtype_BFLOAT8_B_layout_TILE.tensorbin of shape Shape([1024, 1, 32, 128])
2026-09-03 05:01:37.998 | DEBUG    | core:as_tensor:724 - Loaded cache for /localdev/gwang/tt_transformers/model_cache/llama33_70b/T3K/empty_kcache_paged_attention(1024, 1, 32, 128)_dtype_BFLOAT8_B_layout_TILE.tensorbin of shape Shape([1024, 1, 32, 128])
2026-09-03 05:01:37.999 | DEBUG    | core:as_tensor:724 - Loaded cache for /localdev/gwang/tt_transformers/model_cache/llama33_70b/T3K/empty_vcache_paged_attention(1024, 1, 32, 128)_dtype_BFLOAT8_B_layout_TILE.tensorbin of shape Shape([1024, 1, 32, 128])
2026-09-03 05:01:38.000 | DEBUG    | core:as_tensor:724 - Loaded cache for /localdev/gwang/tt_transformers/model_cache/llama33_70b/T3K/empty_kcache_paged_attention(1024, 1, 32, 128)_dtype_BFLOAT8_B_layout_TILE.tensorbin of shape Shape([1024, 1, 32, 128])
2026-09-03 05:01:38.002 | DEBUG    | core:as_tensor:724 - Loaded cache for /localdev/gwang/tt_transformers/model_cache/llama33_70b/T3K/empty_vcache_paged_attention(1024, 1, 32, 128)_dtype_BFLOAT8_B_layout_TILE.tensorbin of shape Shape([1024, 1, 32, 128])
2026-09-03 05:01:38.003 | DEBUG    | core:as_tensor:724 - Loaded cache for /localdev/gwang/tt_transformers/model_cache/llama33_70b/T3K/empty_kcache_paged_attention(1024, 1, 32, 128)_dtype_BFLOAT8_B_layout_TILE.tensorbin of shape Shape([1024, 1, 32, 128])
2026-09-03 05:01:38.004 | DEBUG    | core:as_tensor:724 - Loaded cache for /localdev/gwang/tt_transformers/model_cache/llama33_70b/T3K/empty_vcache_paged_attention(1024, 1, 32, 128)_dtype_BFLOAT8_B_layout_TILE.tensorbin of shape Shape([1024, 1, 32, 128])
2026-09-03 05:01:38.005 | DEBUG    | core:as_tensor:724 - Loaded cache for /localdev/gwang/tt_transformers/model_cache/llama33_70b/T3K/empty_kcache_paged_attention(1024, 1, 32, 128)_dtype_BFLOAT8_B_layout_TILE.tensorbin of shape Shape([1024, 1, 32, 128])
2026-09-03 05:01:38.007 | DEBUG    | core:as_tensor:724 - Loaded cache for /localdev/gwang/tt_transformers/model_cache/llama33_70b/T3K/empty_vcache_paged_attention(1024, 1, 32, 128)_dtype_BFLOAT8_B_layout_TILE.tensorbin of shape Shape([1024, 1, 32, 128])
2026-09-03 05:01:38.008 | DEBUG    | core:as_tensor:724 - Loaded cache for /localdev/gwang/tt_transformers/model_cache/llama33_70b/T3K/empty_kcache_paged_attention(1024, 1, 32, 128)_dtype_BFLOAT8_B_layout_TILE.tensorbin of shape Shape([1024, 1, 32, 128])
2026-09-03 05:01:38.009 | DEBUG    | core:as_tensor:724 - Loaded cache for /localdev/gwang/tt_transformers/model_cache/llama33_70b/T3K/empty_vcache_paged_attention(1024, 1, 32, 128)_dtype_BFLOAT8_B_layout_TILE.tensorbin of shape Shape([1024, 1, 32, 128])
2026-09-03 05:01:38.011 | DEBUG    | core:as_tensor:724 - Loaded cache for /localdev/gwang/tt_transformers/model_cache/llama33_70b/T3K/empty_kcache_paged_attention(1024, 1, 32, 128)_dtype_BFLOAT8_B_layout_TILE.tensorbin of shape Shape([1024, 1, 32, 128])
2026-09-03 05:01:38.012 | DEBUG    | core:as_tensor:724 - Loaded cache for /localdev/gwang/tt_transformers/model_cache/llama33_70b/T3K/empty_vcache_paged_attention(1024, 1, 32, 128)_dtype_BFLOAT8_B_layout_TILE.tensorbin of shape Shape([1024, 1, 32, 128])
2026-09-03 05:01:38.013 | DEBUG    | core:as_tensor:724 - Loaded cache for /localdev/gwang/tt_transformers/model_cache/llama33_70b/T3K/empty_kcache_paged_attention(1024, 1, 32, 128)_dtype_BFLOAT8_B_layout_TILE.tensorbin of shape Shape([1024, 1, 32, 128])
2026-09-03 05:01:38.015 | DEBUG    | core:as_tensor:724 - Loaded cache for /localdev/gwang/tt_transformers/model_cache/llama33_70b/T3K/empty_vcache_paged_attention(1024, 1, 32, 128)_dtype_BFLOAT8_B_layout_TILE.tensorbin of shape Shape([1024, 1, 32, 128])
2026-09-03 05:01:38.016 | DEBUG    | core:as_tensor:724 - Loaded cache for /localdev/gwang/tt_transformers/model_cache/llama33_70b/T3K/empty_kcache_paged_attention(1024, 1, 32, 128)_dtype_BFLOAT8_B_layout_TILE.tensorbin of shape Shape([1024, 1, 32, 128])
2026-09-03 05:01:38.017 | DEBUG    | core:as_tensor:724 - Loaded cache for /localdev/gwang/tt_transformers/model_cache/llama33_70b/T3K/empty_vcache_paged_attention(1024, 1, 32, 128)_dtype_BFLOAT8_B_layout_TILE.tensorbin of shape Shape([1024, 1, 32, 128])
2026-09-03 05:01:38.018 | DEBUG    | core:as_tensor:724 - Loaded cache for /localdev/gwang/tt_transformers/model_cache/llama33_70b/T3K/empty_kcache_paged_attention(1024, 1, 32, 128)_dtype_BFLOAT8_B_layout_TILE.tensorbin of shape Shape([1024, 1, 32, 128])
2026-09-03 05:01:38.020 | DEBUG    | core:as_tensor:724 - Loaded cache for /localdev/gwang/tt_transformers/model_cache/llama33_70b/T3K/empty_vcache_paged_attention(1024, 1, 32, 128)_dtype_BFLOAT8_B_layout_TILE.tensorbin of shape Shape([1024, 1, 32, 128])
2026-09-03 05:01:38.021 | DEBUG    | core:as_tensor:724 - Loaded cache for /localdev/gwang/tt_transformers/model_cache/llama33_70b/T3K/empty_kcache_paged_attention(1024, 1, 32, 128)_dtype_BFLOAT8_B_layout_TILE.tensorbin of shape Shape([1024, 1, 32, 128])
2026-09-03 05:01:38.022 | DEBUG    | core:as_tensor:724 - Loaded cache for /localdev/gwang/tt_transformers/model_cache/llama33_70b/T3K/empty_vcache_paged_attention(1024, 1, 32, 128)_dtype_BFLOAT8_B_layout_TILE.tensorbin of shape Shape([1024, 1, 32, 128])
2026-09-03 05:01:38.024 | DEBUG    | core:as_tensor:724 - Loaded cache for /localdev/gwang/tt_transformers/model_cache/llama33_70b/T3K/empty_kcache_paged_attention(1024, 1, 32, 128)_dtype_BFLOAT8_B_layout_TILE.tensorbin of shape Shape([1024, 1, 32, 128])
2026-09-03 05:01:38.025 | DEBUG    | core:as_tensor:724 - Loaded cache for /localdev/gwang/tt_transformers/model_cache/llama33_70b/T3K/empty_vcache_paged_attention(1024, 1, 32, 128)_dtype_BFLOAT8_B_layout_TILE.tensorbin of shape Shape([1024, 1, 32, 128])
2026-09-03 05:01:38.026 | DEBUG    | core:as_tensor:724 - Loaded cache for /localdev/gwang/tt_transformers/model_cache/llama33_70b/T3K/empty_kcache_paged_attention(1024, 1, 32, 128)_dtype_BFLOAT8_B_layout_TILE.tensorbin of shape Shape([1024, 1, 32, 128])
2026-09-03 05:01:38.027 | DEBUG    | core:as_tensor:724 - Loaded cache for /localdev/gwang/tt_transformers/model_cache/llama33_70b/T3K/empty_vcache_paged_attention(1024, 1, 32, 128)_dtype_BFLOAT8_B_layout_TILE.tensorbin of shape Shape([1024, 1, 32, 128])
2026-09-03 05:01:38.029 | DEBUG    | core:as_tensor:724 - Loaded cache for /localdev/gwang/tt_transformers/model_cache/llama33_70b/T3K/empty_kcache_paged_attention(1024, 1, 32, 128)_dtype_BFLOAT8_B_layout_TILE.tensorbin of shape Shape([1024, 1, 32, 128])
2026-09-03 05:01:38.030 | DEBUG    | core:as_tensor:724 - Loaded cache for /localdev/gwang/tt_transformers/model_cache/llama33_70b/T3K/empty_vcache_paged_attention(1024, 1, 32, 128)_dtype_BFLOAT8_B_layout_TILE.tensorbin of shape Shape([1024, 1, 32, 128])
2026-09-03 05:01:38.031 | DEBUG    | core:as_tensor:724 - Loaded cache for /localdev/gwang/tt_transformers/model_cache/llama33_70b/T3K/empty_kcache_paged_attention(1024, 1, 32, 128)_dtype_BFLOAT8_B_layout_TILE.tensorbin of shape Shape([1024, 1, 32, 128])
2026-09-03 05:01:38.032 | DEBUG    | core:as_tensor:724 - Loaded cache for /localdev/gwang/tt_transformers/model_cache/llama33_70b/T3K/empty_vcache_paged_attention(1024, 1, 32, 128)_dtype_BFLOAT8_B_layout_TILE.tensorbin of shape Shape([1024, 1, 32, 128])
2026-09-03 05:01:38.034 | DEBUG    | core:as_tensor:724 - Loaded cache for /localdev/gwang/tt_transformers/model_cache/llama33_70b/T3K/empty_kcache_paged_attention(1024, 1, 32, 128)_dtype_BFLOAT8_B_layout_TILE.tensorbin of shape Shape([1024, 1, 32, 128])
2026-09-03 05:01:38.035 | DEBUG    | core:as_tensor:724 - Loaded cache for /localdev/gwang/tt_transformers/model_cache/llama33_70b/T3K/empty_vcache_paged_attention(1024, 1, 32, 128)_dtype_BFLOAT8_B_layout_TILE.tensorbin of shape Shape([1024, 1, 32, 128])
2026-09-03 05:01:38.036 | DEBUG    | core:as_tensor:724 - Loaded cache for /localdev/gwang/tt_transformers/model_cache/llama33_70b/T3K/empty_kcache_paged_attention(1024, 1, 32, 128)_dtype_BFLOAT8_B_layout_TILE.tensorbin of shape Shape([1024, 1, 32, 128])
2026-09-03 05:01:38.038 | DEBUG    | core:as_tensor:724 - Loaded cache for /localdev/gwang/tt_transformers/model_cache/llama33_70b/T3K/empty_vcache_paged_attention(1024, 1, 32, 128)_dtype_BFLOAT8_B_layout_TILE.tensorbin of shape Shape([1024, 1, 32, 128])
2026-09-03 05:01:38.039 | DEBUG    | core:as_tensor:724 - Loaded cache for /localdev/gwang/tt_transformers/model_cache/llama33_70b/T3K/empty_kcache_paged_attention(1024, 1, 32, 128)_dtype_BFLOAT8_B_layout_TILE.tensorbin of shape Shape([1024, 1, 32, 128])
2026-09-03 05:01:38.040 | DEBUG    | core:as_tensor:724 - Loaded cache for /localdev/gwang/tt_transformers/model_cache/llama33_70b/T3K/empty_vcache_paged_attention(1024, 1, 32, 128)_dtype_BFLOAT8_B_layout_TILE.tensorbin of shape Shape([1024, 1, 32, 128])
2026-09-03 05:01:38.041 | DEBUG    | core:as_tensor:724 - Loaded cache for /localdev/gwang/tt_transformers/model_cache/llama33_70b/T3K/empty_kcache_paged_attention(1024, 1, 32, 128)_dtype_BFLOAT8_B_layout_TILE.tensorbin of shape Shape([1024, 1, 32, 128])
2026-09-03 05:01:38.043 | DEBUG    | core:as_tensor:724 - Loaded cache for /localdev/gwang/tt_transformers/model_cache/llama33_70b/T3K/empty_vcache_paged_attention(1024, 1, 32, 128)_dtype_BFLOAT8_B_layout_TILE.tensorbin of shape Shape([1024, 1, 32, 128])
2026-09-03 05:01:38.044 | DEBUG    | core:as_tensor:724 - Loaded cache for /localdev/gwang/tt_transformers/model_cache/llama33_70b/T3K/empty_kcache_paged_attention(1024, 1, 32, 128)_dtype_BFLOAT8_B_layout_TILE.tensorbin of shape Shape([1024, 1, 32, 128])
2026-09-03 05:01:38.045 | DEBUG    | core:as_tensor:724 - Loaded cache for /localdev/gwang/tt_transformers/model_cache/llama33_70b/T3K/empty_vcache_paged_attention(1024, 1, 32, 128)_dtype_BFLOAT8_B_layout_TILE.tensorbin of shape Shape([1024, 1, 32, 128])
2026-09-03 05:01:38.047 | DEBUG    | core:as_tensor:724 - Loaded cache for /localdev/gwang/tt_transformers/model_cache/llama33_70b/T3K/empty_kcache_paged_attention(1024, 1, 32, 128)_dtype_BFLOAT8_B_layout_TILE.tensorbin of shape Shape([1024, 1, 32, 128])
2026-09-03 05:01:38.048 | DEBUG    | core:as_tensor:724 - Loaded cache for /localdev/gwang/tt_transformers/model_cache/llama33_70b/T3K/empty_vcache_paged_attention(1024, 1, 32, 128)_dtype_BFLOAT8_B_layout_TILE.tensorbin of shape Shape([1024, 1, 32, 128])
2026-09-03 05:01:38.049 | DEBUG    | core:as_tensor:724 - Loaded cache for /localdev/gwang/tt_transformers/model_cache/llama33_70b/T3K/empty_kcache_paged_attention(1024, 1, 32, 128)_dtype_BFLOAT8_B_layout_TILE.tensorbin of shape Shape([1024, 1, 32, 128])
2026-09-03 05:01:38.050 | DEBUG    | core:as_tensor:724 - Loaded cache for /localdev/gwang/tt_transformers/model_cache/llama33_70b/T3K/empty_vcache_paged_attention(1024, 1, 32, 128)_dtype_BFLOAT8_B_layout_TILE.tensorbin of shape Shape([1024, 1, 32, 128])
2026-09-03 05:01:38.052 | DEBUG    | core:as_tensor:724 - Loaded cache for /localdev/gwang/tt_transformers/model_cache/llama33_70b/T3K/empty_kcache_paged_attention(1024, 1, 32, 128)_dtype_BFLOAT8_B_layout_TILE.tensorbin of shape Shape([1024, 1, 32, 128])
2026-09-03 05:01:38.053 | DEBUG    | core:as_tensor:724 - Loaded cache for /localdev/gwang/tt_transformers/model_cache/llama33_70b/T3K/empty_vcache_paged_attention(1024, 1, 32, 128)_dtype_BFLOAT8_B_layout_TILE.tensorbin of shape Shape([1024, 1, 32, 128])
2026-09-03 05:01:38.054 | DEBUG    | core:as_tensor:724 - Loaded cache for /localdev/gwang/tt_transformers/model_cache/llama33_70b/T3K/empty_kcache_paged_attention(1024, 1, 32, 128)_dtype_BFLOAT8_B_layout_TILE.tensorbin of shape Shape([1024, 1, 32, 128])
2026-09-03 05:01:38.055 | DEBUG    | core:as_tensor:724 - Loaded cache for /localdev/gwang/tt_transformers/model_cache/llama33_70b/T3K/empty_vcache_paged_attention(1024, 1, 32, 128)_dtype_BFLOAT8_B_layout_TILE.tensorbin of shape Shape([1024, 1, 32, 128])
2026-09-03 05:01:38.057 | DEBUG    | core:as_tensor:724 - Loaded cache for /localdev/gwang/tt_transformers/model_cache/llama33_70b/T3K/empty_kcache_paged_attention(1024, 1, 32, 128)_dtype_BFLOAT8_B_layout_TILE.tensorbin of shape Shape([1024, 1, 32, 128])
2026-09-03 05:01:38.058 | DEBUG    | core:as_tensor:724 - Loaded cache for /localdev/gwang/tt_transformers/model_cache/llama33_70b/T3K/empty_vcache_paged_attention(1024, 1, 32, 128)_dtype_BFLOAT8_B_layout_TILE.tensorbin of shape Shape([1024, 1, 32, 128])
2026-09-03 05:01:38.059 | DEBUG    | core:as_tensor:724 - Loaded cache for /localdev/gwang/tt_transformers/model_cache/llama33_70b/T3K/empty_kcache_paged_attention(1024, 1, 32, 128)_dtype_BFLOAT8_B_layout_TILE.tensorbin of shape Shape([1024, 1, 32, 128])
2026-09-03 05:01:38.061 | DEBUG    | core:as_tensor:724 - Loaded cache for /localdev/gwang/tt_transformers/model_cache/llama33_70b/T3K/empty_vcache_paged_attention(1024, 1, 32, 128)_dtype_BFLOAT8_B_layout_TILE.tensorbin of shape Shape([1024, 1, 32, 128])
2026-09-03 05:01:38.062 | DEBUG    | core:as_tensor:724 - Loaded cache for /localdev/gwang/tt_transformers/model_cache/llama33_70b/T3K/empty_kcache_paged_attention(1024, 1, 32, 128)_dtype_BFLOAT8_B_layout_TILE.tensorbin of shape Shape([1024, 1, 32, 128])
2026-09-03 05:01:38.063 | DEBUG    | core:as_tensor:724 - Loaded cache for /localdev/gwang/tt_transformers/model_cache/llama33_70b/T3K/empty_vcache_paged_attention(1024, 1, 32, 128)_dtype_BFLOAT8_B_layout_TILE.tensorbin of shape Shape([1024, 1, 32, 128])
2026-09-03 05:01:38.064 | DEBUG    | core:as_tensor:724 - Loaded cache for /localdev/gwang/tt_transformers/model_cache/llama33_70b/T3K/empty_kcache_paged_attention(1024, 1, 32, 128)_dtype_BFLOAT8_B_layout_TILE.tensorbin of shape Shape([1024, 1, 32, 128])
2026-09-03 05:01:38.066 | DEBUG    | core:as_tensor:724 - Loaded cache for /localdev/gwang/tt_transformers/model_cache/llama33_70b/T3K/empty_vcache_paged_attention(1024, 1, 32, 128)_dtype_BFLOAT8_B_layout_TILE.tensorbin of shape Shape([1024, 1, 32, 128])
2026-09-03 05:01:38.067 | DEBUG    | core:as_tensor:724 - Loaded cache for /localdev/gwang/tt_transformers/model_cache/llama33_70b/T3K/empty_kcache_paged_attention(1024, 1, 32, 128)_dtype_BFLOAT8_B_layout_TILE.tensorbin of shape Shape([1024, 1, 32, 128])
2026-09-03 05:01:38.069 | DEBUG    | core:as_tensor:724 - Loaded cache for /localdev/gwang/tt_transformers/model_cache/llama33_70b/T3K/empty_vcache_paged_attention(1024, 1, 32, 128)_dtype_BFLOAT8_B_layout_TILE.tensorbin of shape Shape([1024, 1, 32, 128])
2026-09-03 05:01:38.070 | DEBUG    | core:as_tensor:724 - Loaded cache for /localdev/gwang/tt_transformers/model_cache/llama33_70b/T3K/empty_kcache_paged_attention(1024, 1, 32, 128)_dtype_BFLOAT8_B_layout_TILE.tensorbin of shape Shape([1024, 1, 32, 128])
2026-09-03 05:01:38.071 | DEBUG    | core:as_tensor:724 - Loaded cache for /localdev/gwang/tt_transformers/model_cache/llama33_70b/T3K/empty_vcache_paged_attention(1024, 1, 32, 128)_dtype_BFLOAT8_B_layout_TILE.tensorbin of shape Shape([1024, 1, 32, 128])
2026-09-03 05:01:38.073 | DEBUG    | core:as_tensor:724 - Loaded cache for /localdev/gwang/tt_transformers/model_cache/llama33_70b/T3K/empty_kcache_paged_attention(1024, 1, 32, 128)_dtype_BFLOAT8_B_layout_TILE.tensorbin of shape Shape([1024, 1, 32, 128])
2026-09-03 05:01:38.074 | DEBUG    | core:as_tensor:724 - Loaded cache for /localdev/gwang/tt_transformers/model_cache/llama33_70b/T3K/empty_vcache_paged_attention(1024, 1, 32, 128)_dtype_BFLOAT8_B_layout_TILE.tensorbin of shape Shape([1024, 1, 32, 128])
2026-09-03 05:01:38.075 | DEBUG    | core:as_tensor:724 - Loaded cache for /localdev/gwang/tt_transformers/model_cache/llama33_70b/T3K/empty_kcache_paged_attention(1024, 1, 32, 128)_dtype_BFLOAT8_B_layout_TILE.tensorbin of shape Shape([1024, 1, 32, 128])
2026-09-03 05:01:38.076 | DEBUG    | core:as_tensor:724 - Loaded cache for /localdev/gwang/tt_transformers/model_cache/llama33_70b/T3K/empty_vcache_paged_attention(1024, 1, 32, 128)_dtype_BFLOAT8_B_layout_TILE.tensorbin of shape Shape([1024, 1, 32, 128])
2026-09-03 05:01:38.078 | DEBUG    | core:as_tensor:724 - Loaded cache for /localdev/gwang/tt_transformers/model_cache/llama33_70b/T3K/empty_kcache_paged_attention(1024, 1, 32, 128)_dtype_BFLOAT8_B_layout_TILE.tensorbin of shape Shape([1024, 1, 32, 128])
2026-09-03 05:01:38.079 | DEBUG    | core:as_tensor:724 - Loaded cache for /localdev/gwang/tt_transformers/model_cache/llama33_70b/T3K/empty_vcache_paged_attention(1024, 1, 32, 128)_dtype_BFLOAT8_B_layout_TILE.tensorbin of shape Shape([1024, 1, 32, 128])
2026-09-03 05:01:38.080 | DEBUG    | core:as_tensor:724 - Loaded cache for /localdev/gwang/tt_transformers/model_cache/llama33_70b/T3K/empty_kcache_paged_attention(1024, 1, 32, 128)_dtype_BFLOAT8_B_layout_TILE.tensorbin of shape Shape([1024, 1, 32, 128])
2026-09-03 05:01:38.081 | DEBUG    | core:as_tensor:724 - Loaded cache for /localdev/gwang/tt_transformers/model_cache/llama33_70b/T3K/empty_vcache_paged_attention(1024, 1, 32, 128)_dtype_BFLOAT8_B_layout_TILE.tensorbin of shape Shape([1024, 1, 32, 128])
2026-09-03 05:01:38.083 | DEBUG    | core:as_tensor:724 - Loaded cache for /localdev/gwang/tt_transformers/model_cache/llama33_70b/T3K/empty_kcache_paged_attention(1024, 1, 32, 128)_dtype_BFLOAT8_B_layout_TILE.tensorbin of shape Shape([1024, 1, 32, 128])
2026-09-03 05:01:38.084 | DEBUG    | core:as_tensor:724 - Loaded cache for /localdev/gwang/tt_transformers/model_cache/llama33_70b/T3K/empty_vcache_paged_attention(1024, 1, 32, 128)_dtype_BFLOAT8_B_layout_TILE.tensorbin of shape Shape([1024, 1, 32, 128])
2026-09-03 05:01:38.085 | DEBUG    | core:as_tensor:724 - Loaded cache for /localdev/gwang/tt_transformers/model_cache/llama33_70b/T3K/empty_kcache_paged_attention(1024, 1, 32, 128)_dtype_BFLOAT8_B_layout_TILE.tensorbin of shape Shape([1024, 1, 32, 128])
2026-09-03 05:01:38.087 | DEBUG    | core:as_tensor:724 - Loaded cache for /localdev/gwang/tt_transformers/model_cache/llama33_70b/T3K/empty_vcache_paged_attention(1024, 1, 32, 128)_dtype_BFLOAT8_B_layout_TILE.tensorbin of shape Shape([1024, 1, 32, 128])
2026-09-03 05:01:38.088 | DEBUG    | core:as_tensor:724 - Loaded cache for /localdev/gwang/tt_transformers/model_cache/llama33_70b/T3K/empty_kcache_paged_attention(1024, 1, 32, 128)_dtype_BFLOAT8_B_layout_TILE.tensorbin of shape Shape([1024, 1, 32, 128])
2026-09-03 05:01:38.089 | DEBUG    | core:as_tensor:724 - Loaded cache for /localdev/gwang/tt_transformers/model_cache/llama33_70b/T3K/empty_vcache_paged_attention(1024, 1, 32, 128)_dtype_BFLOAT8_B_layout_TILE.tensorbin of shape Shape([1024, 1, 32, 128])
2026-09-03 05:01:38.090 | DEBUG    | core:as_tensor:724 - Loaded cache for /localdev/gwang/tt_transformers/model_cache/llama33_70b/T3K/empty_kcache_paged_attention(1024, 1, 32, 128)_dtype_BFLOAT8_B_layout_TILE.tensorbin of shape Shape([1024, 1, 32, 128])
2026-09-03 05:01:38.092 | DEBUG    | core:as_tensor:724 - Loaded cache for /localdev/gwang/tt_transformers/model_cache/llama33_70b/T3K/empty_vcache_paged_attention(1024, 1, 32, 128)_dtype_BFLOAT8_B_layout_TILE.tensorbin of shape Shape([1024, 1, 32, 128])
2026-09-03 05:01:38.093 | DEBUG    | core:as_tensor:724 - Loaded cache for /localdev/gwang/tt_transformers/model_cache/llama33_70b/T3K/empty_kcache_paged_attention(1024, 1, 32, 128)_dtype_BFLOAT8_B_layout_TILE.tensorbin of shape Shape([1024, 1, 32, 128])
2026-09-03 05:01:38.094 | DEBUG    | core:as_tensor:724 - Loaded cache for /localdev/gwang/tt_transformers/model_cache/llama33_70b/T3K/empty_vcache_paged_attention(1024, 1, 32, 128)_dtype_BFLOAT8_B_layout_TILE.tensorbin of shape Shape([1024, 1, 32, 128])
2026-09-03 05:01:38.096 | DEBUG    | core:as_tensor:724 - Loaded cache for /localdev/gwang/tt_transformers/model_cache/llama33_70b/T3K/empty_kcache_paged_attention(1024, 1, 32, 128)_dtype_BFLOAT8_B_layout_TILE.tensorbin of shape Shape([1024, 1, 32, 128])
2026-09-03 05:01:38.097 | DEBUG    | core:as_tensor:724 - Loaded cache for /localdev/gwang/tt_transformers/model_cache/llama33_70b/T3K/empty_vcache_paged_attention(1024, 1, 32, 128)_dtype_BFLOAT8_B_layout_TILE.tensorbin of shape Shape([1024, 1, 32, 128])
2026-09-03 05:01:38.098 | DEBUG    | core:as_tensor:724 - Loaded cache for /localdev/gwang/tt_transformers/model_cache/llama33_70b/T3K/empty_kcache_paged_attention(1024, 1, 32, 128)_dtype_BFLOAT8_B_layout_TILE.tensorbin of shape Shape([1024, 1, 32, 128])
2026-09-03 05:01:38.099 | DEBUG    | core:as_tensor:724 - Loaded cache for /localdev/gwang/tt_transformers/model_cache/llama33_70b/T3K/empty_vcache_paged_attention(1024, 1, 32, 128)_dtype_BFLOAT8_B_layout_TILE.tensorbin of shape Shape([1024, 1, 32, 128])
2026-09-03 05:01:38.101 | DEBUG    | core:as_tensor:724 - Loaded cache for /localdev/gwang/tt_transformers/model_cache/llama33_70b/T3K/empty_kcache_paged_attention(1024, 1, 32, 128)_dtype_BFLOAT8_B_layout_TILE.tensorbin of shape Shape([1024, 1, 32, 128])
2026-09-03 05:01:38.102 | DEBUG    | core:as_tensor:724 - Loaded cache for /localdev/gwang/tt_transformers/model_cache/llama33_70b/T3K/empty_vcache_paged_attention(1024, 1, 32, 128)_dtype_BFLOAT8_B_layout_TILE.tensorbin of shape Shape([1024, 1, 32, 128])
2026-09-03 05:01:38.103 | DEBUG    | core:as_tensor:724 - Loaded cache for /localdev/gwang/tt_transformers/model_cache/llama33_70b/T3K/empty_kcache_paged_attention(1024, 1, 32, 128)_dtype_BFLOAT8_B_layout_TILE.tensorbin of shape Shape([1024, 1, 32, 128])
2026-09-03 05:01:38.104 | DEBUG    | core:as_tensor:724 - Loaded cache for /localdev/gwang/tt_transformers/model_cache/llama33_70b/T3K/empty_vcache_paged_attention(1024, 1, 32, 128)_dtype_BFLOAT8_B_layout_TILE.tensorbin of shape Shape([1024, 1, 32, 128])
2026-09-03 05:01:38.106 | DEBUG    | core:as_tensor:724 - Loaded cache for /localdev/gwang/tt_transformers/model_cache/llama33_70b/T3K/empty_kcache_paged_attention(1024, 1, 32, 128)_dtype_BFLOAT8_B_layout_TILE.tensorbin of shape Shape([1024, 1, 32, 128])
2026-09-03 05:01:38.107 | DEBUG    | core:as_tensor:724 - Loaded cache for /localdev/gwang/tt_transformers/model_cache/llama33_70b/T3K/empty_vcache_paged_attention(1024, 1, 32, 128)_dtype_BFLOAT8_B_layout_TILE.tensorbin of shape Shape([1024, 1, 32, 128])
2026-09-03 05:01:38.108 | DEBUG    | core:as_tensor:724 - Loaded cache for /localdev/gwang/tt_transformers/model_cache/llama33_70b/T3K/empty_kcache_paged_attention(1024, 1, 32, 128)_dtype_BFLOAT8_B_layout_TILE.tensorbin of shape Shape([1024, 1, 32, 128])
2026-09-03 05:01:38.109 | DEBUG    | core:as_tensor:724 - Loaded cache for /localdev/gwang/tt_transformers/model_cache/llama33_70b/T3K/empty_vcache_paged_attention(1024, 1, 32, 128)_dtype_BFLOAT8_B_layout_TILE.tensorbin of shape Shape([1024, 1, 32, 128])
2026-09-03 05:01:38.111 | DEBUG    | core:as_tensor:724 - Loaded cache for /localdev/gwang/tt_transformers/model_cache/llama33_70b/T3K/empty_kcache_paged_attention(1024, 1, 32, 128)_dtype_BFLOAT8_B_layout_TILE.tensorbin of shape Shape([1024, 1, 32, 128])
2026-09-03 05:01:38.112 | DEBUG    | core:as_tensor:724 - Loaded cache for /localdev/gwang/tt_transformers/model_cache/llama33_70b/T3K/empty_vcache_paged_attention(1024, 1, 32, 128)_dtype_BFLOAT8_B_layout_TILE.tensorbin of shape Shape([1024, 1, 32, 128])
2026-09-03 05:01:38.113 | DEBUG    | core:as_tensor:724 - Loaded cache for /localdev/gwang/tt_transformers/model_cache/llama33_70b/T3K/empty_kcache_paged_attention(1024, 1, 32, 128)_dtype_BFLOAT8_B_layout_TILE.tensorbin of shape Shape([1024, 1, 32, 128])
2026-09-03 05:01:38.114 | DEBUG    | core:as_tensor:724 - Loaded cache for /localdev/gwang/tt_transformers/model_cache/llama33_70b/T3K/empty_vcache_paged_attention(1024, 1, 32, 128)_dtype_BFLOAT8_B_layout_TILE.tensorbin of shape Shape([1024, 1, 32, 128])
2026-09-03 05:01:38.116 | DEBUG    | core:as_tensor:724 - Loaded cache for /localdev/gwang/tt_transformers/model_cache/llama33_70b/T3K/empty_kcache_paged_attention(1024, 1, 32, 128)_dtype_BFLOAT8_B_layout_TILE.tensorbin of shape Shape([1024, 1, 32, 128])
2026-09-03 05:01:38.117 | DEBUG    | core:as_tensor:724 - Loaded cache for /localdev/gwang/tt_transformers/model_cache/llama33_70b/T3K/empty_vcache_paged_attention(1024, 1, 32, 128)_dtype_BFLOAT8_B_layout_TILE.tensorbin of shape Shape([1024, 1, 32, 128])
2026-09-03 05:01:38.118 | DEBUG    | core:as_tensor:724 - Loaded cache for /localdev/gwang/tt_transformers/model_cache/llama33_70b/T3K/empty_kcache_paged_attention(1024, 1, 32, 128)_dtype_BFLOAT8_B_layout_TILE.tensorbin of shape Shape([1024, 1, 32, 128])
2026-09-03 05:01:38.120 | DEBUG    | core:as_tensor:724 - Loaded cache for /localdev/gwang/tt_transformers/model_cache/llama33_70b/T3K/empty_vcache_paged_attention(1024, 1, 32, 128)_dtype_BFLOAT8_B_layout_TILE.tensorbin of shape Shape([1024, 1, 32, 128])
2026-09-03 05:01:38.121 | DEBUG    | core:as_tensor:724 - Loaded cache for /localdev/gwang/tt_transformers/model_cache/llama33_70b/T3K/empty_kcache_paged_attention(1024, 1, 32, 128)_dtype_BFLOAT8_B_layout_TILE.tensorbin of shape Shape([1024, 1, 32, 128])
2026-09-03 05:01:38.122 | DEBUG    | core:as_tensor:724 - Loaded cache for /localdev/gwang/tt_transformers/model_cache/llama33_70b/T3K/empty_vcache_paged_attention(1024, 1, 32, 128)_dtype_BFLOAT8_B_layout_TILE.tensorbin of shape Shape([1024, 1, 32, 128])
2026-09-03 05:01:38.124 | DEBUG    | core:as_tensor:724 - Loaded cache for /localdev/gwang/tt_transformers/model_cache/llama33_70b/T3K/empty_kcache_paged_attention(1024, 1, 32, 128)_dtype_BFLOAT8_B_layout_TILE.tensorbin of shape Shape([1024, 1, 32, 128])
2026-09-03 05:01:38.125 | DEBUG    | core:as_tensor:724 - Loaded cache for /localdev/gwang/tt_transformers/model_cache/llama33_70b/T3K/empty_vcache_paged_attention(1024, 1, 32, 128)_dtype_BFLOAT8_B_layout_TILE.tensorbin of shape Shape([1024, 1, 32, 128])
2026-09-03 05:01:38.126 | DEBUG    | core:as_tensor:724 - Loaded cache for /localdev/gwang/tt_transformers/model_cache/llama33_70b/T3K/empty_kcache_paged_attention(1024, 1, 32, 128)_dtype_BFLOAT8_B_layout_TILE.tensorbin of shape Shape([1024, 1, 32, 128])
2026-09-03 05:01:38.127 | DEBUG    | core:as_tensor:724 - Loaded cache for /localdev/gwang/tt_transformers/model_cache/llama33_70b/T3K/empty_vcache_paged_attention(1024, 1, 32, 128)_dtype_BFLOAT8_B_layout_TILE.tensorbin of shape Shape([1024, 1, 32, 128])
2026-09-03 05:01:38.129 | DEBUG    | core:as_tensor:724 - Loaded cache for /localdev/gwang/tt_transformers/model_cache/llama33_70b/T3K/empty_kcache_paged_attention(1024, 1, 32, 128)_dtype_BFLOAT8_B_layout_TILE.tensorbin of shape Shape([1024, 1, 32, 128])
2026-09-03 05:01:38.130 | DEBUG    | core:as_tensor:724 - Loaded cache for /localdev/gwang/tt_transformers/model_cache/llama33_70b/T3K/empty_vcache_paged_attention(1024, 1, 32, 128)_dtype_BFLOAT8_B_layout_TILE.tensorbin of shape Shape([1024, 1, 32, 128])
2026-09-03 05:01:38.131 | DEBUG    | core:as_tensor:724 - Loaded cache for /localdev/gwang/tt_transformers/model_cache/llama33_70b/T3K/empty_kcache_paged_attention(1024, 1, 32, 128)_dtype_BFLOAT8_B_layout_TILE.tensorbin of shape Shape([1024, 1, 32, 128])
2026-09-03 05:01:38.133 | DEBUG    | core:as_tensor:724 - Loaded cache for /localdev/gwang/tt_transformers/model_cache/llama33_70b/T3K/empty_vcache_paged_attention(1024, 1, 32, 128)_dtype_BFLOAT8_B_layout_TILE.tensorbin of shape Shape([1024, 1, 32, 128])
2026-09-03 05:01:38.134 | DEBUG    | core:as_tensor:724 - Loaded cache for /localdev/gwang/tt_transformers/model_cache/llama33_70b/T3K/empty_kcache_paged_attention(1024, 1, 32, 128)_dtype_BFLOAT8_B_layout_TILE.tensorbin of shape Shape([1024, 1, 32, 128])
2026-09-03 05:01:38.135 | DEBUG    | core:as_tensor:724 - Loaded cache for /localdev/gwang/tt_transformers/model_cache/llama33_70b/T3K/empty_vcache_paged_attention(1024, 1, 32, 128)_dtype_BFLOAT8_B_layout_TILE.tensorbin of shape Shape([1024, 1, 32, 128])
2026-09-03 05:01:38.136 | DEBUG    | core:as_tensor:724 - Loaded cache for /localdev/gwang/tt_transformers/model_cache/llama33_70b/T3K/empty_kcache_paged_attention(1024, 1, 32, 128)_dtype_BFLOAT8_B_layout_TILE.tensorbin of shape Shape([1024, 1, 32, 128])
2026-09-03 05:01:38.138 | DEBUG    | core:as_tensor:724 - Loaded cache for /localdev/gwang/tt_transformers/model_cache/llama33_70b/T3K/empty_vcache_paged_attention(1024, 1, 32, 128)_dtype_BFLOAT8_B_layout_TILE.tensorbin of shape Shape([1024, 1, 32, 128])
2026-09-03 05:01:38.139 | DEBUG    | core:as_tensor:724 - Loaded cache for /localdev/gwang/tt_transformers/model_cache/llama33_70b/T3K/empty_kcache_paged_attention(1024, 1, 32, 128)_dtype_BFLOAT8_B_layout_TILE.tensorbin of shape Shape([1024, 1, 32, 128])
2026-09-03 05:01:38.140 | DEBUG    | core:as_tensor:724 - Loaded cache for /localdev/gwang/tt_transformers/model_cache/llama33_70b/T3K/empty_vcache_paged_attention(1024, 1, 32, 128)_dtype_BFLOAT8_B_layout_TILE.tensorbin of shape Shape([1024, 1, 32, 128])
2026-09-03 05:01:38.142 | DEBUG    | core:as_tensor:724 - Loaded cache for /localdev/gwang/tt_transformers/model_cache/llama33_70b/T3K/empty_kcache_paged_attention(1024, 1, 32, 128)_dtype_BFLOAT8_B_layout_TILE.tensorbin of shape Shape([1024, 1, 32, 128])
2026-09-03 05:01:38.143 | DEBUG    | core:as_tensor:724 - Loaded cache for /localdev/gwang/tt_transformers/model_cache/llama33_70b/T3K/empty_vcache_paged_attention(1024, 1, 32, 128)_dtype_BFLOAT8_B_layout_TILE.tensorbin of shape Shape([1024, 1, 32, 128])
2026-09-03 05:01:38.144 | DEBUG    | core:as_tensor:724 - Loaded cache for /localdev/gwang/tt_transformers/model_cache/llama33_70b/T3K/empty_kcache_paged_attention(1024, 1, 32, 128)_dtype_BFLOAT8_B_layout_TILE.tensorbin of shape Shape([1024, 1, 32, 128])
2026-09-03 05:01:38.146 | DEBUG    | core:as_tensor:724 - Loaded cache for /localdev/gwang/tt_transformers/model_cache/llama33_70b/T3K/empty_vcache_paged_attention(1024, 1, 32, 128)_dtype_BFLOAT8_B_layout_TILE.tensorbin of shape Shape([1024, 1, 32, 128])
2026-09-03 05:01:38.147 | DEBUG    | core:as_tensor:724 - Loaded cache for /localdev/gwang/tt_transformers/model_cache/llama33_70b/T3K/empty_kcache_paged_attention(1024, 1, 32, 128)_dtype_BFLOAT8_B_layout_TILE.tensorbin of shape Shape([1024, 1, 32, 128])
2026-09-03 05:01:38.148 | DEBUG    | core:as_tensor:724 - Loaded cache for /localdev/gwang/tt_transformers/model_cache/llama33_70b/T3K/empty_vcache_paged_attention(1024, 1, 32, 128)_dtype_BFLOAT8_B_layout_TILE.tensorbin of shape Shape([1024, 1, 32, 128])
2026-09-03 05:01:38.149 | DEBUG    | core:as_tensor:724 - Loaded cache for /localdev/gwang/tt_transformers/model_cache/llama33_70b/T3K/empty_kcache_paged_attention(1024, 1, 32, 128)_dtype_BFLOAT8_B_layout_TILE.tensorbin of shape Shape([1024, 1, 32, 128])
2026-09-03 05:01:38.151 | DEBUG    | core:as_tensor:724 - Loaded cache for /localdev/gwang/tt_transformers/model_cache/llama33_70b/T3K/empty_vcache_paged_attention(1024, 1, 32, 128)_dtype_BFLOAT8_B_layout_TILE.tensorbin of shape Shape([1024, 1, 32, 128])
2026-09-03 05:01:38.152 | DEBUG    | core:as_tensor:724 - Loaded cache for /localdev/gwang/tt_transformers/model_cache/llama33_70b/T3K/empty_kcache_paged_attention(1024, 1, 32, 128)_dtype_BFLOAT8_B_layout_TILE.tensorbin of shape Shape([1024, 1, 32, 128])
2026-09-03 05:01:38.153 | DEBUG    | core:as_tensor:724 - Loaded cache for /localdev/gwang/tt_transformers/model_cache/llama33_70b/T3K/empty_vcache_paged_attention(1024, 1, 32, 128)_dtype_BFLOAT8_B_layout_TILE.tensorbin of shape Shape([1024, 1, 32, 128])
2026-09-03 05:01:38.154 | DEBUG    | core:as_tensor:724 - Loaded cache for /localdev/gwang/tt_transformers/model_cache/llama33_70b/T3K/empty_kcache_paged_attention(1024, 1, 32, 128)_dtype_BFLOAT8_B_layout_TILE.tensorbin of shape Shape([1024, 1, 32, 128])
2026-09-03 05:01:38.156 | DEBUG    | core:as_tensor:724 - Loaded cache for /localdev/gwang/tt_transformers/model_cache/llama33_70b/T3K/empty_vcache_paged_attention(1024, 1, 32, 128)_dtype_BFLOAT8_B_layout_TILE.tensorbin of shape Shape([1024, 1, 32, 128])
2026-09-03 05:01:38.157 | DEBUG    | core:as_tensor:724 - Loaded cache for /localdev/gwang/tt_transformers/model_cache/llama33_70b/T3K/empty_kcache_paged_attention(1024, 1, 32, 128)_dtype_BFLOAT8_B_layout_TILE.tensorbin of shape Shape([1024, 1, 32, 128])
2026-09-03 05:01:38.158 | DEBUG    | core:as_tensor:724 - Loaded cache for /localdev/gwang/tt_transformers/model_cache/llama33_70b/T3K/empty_vcache_paged_attention(1024, 1, 32, 128)_dtype_BFLOAT8_B_layout_TILE.tensorbin of shape Shape([1024, 1, 32, 128])
2026-09-03 05:01:38.159 | DEBUG    | core:as_tensor:724 - Loaded cache for /localdev/gwang/tt_transformers/model_cache/llama33_70b/T3K/empty_kcache_paged_attention(1024, 1, 32, 128)_dtype_BFLOAT8_B_layout_TILE.tensorbin of shape Shape([1024, 1, 32, 128])
2026-09-03 05:01:38.161 | DEBUG    | core:as_tensor:724 - Loaded cache for /localdev/gwang/tt_transformers/model_cache/llama33_70b/T3K/empty_vcache_paged_attention(1024, 1, 32, 128)_dtype_BFLOAT8_B_layout_TILE.tensorbin of shape Shape([1024, 1, 32, 128])
2026-09-03 05:01:38.162 | DEBUG    | core:as_tensor:724 - Loaded cache for /localdev/gwang/tt_transformers/model_cache/llama33_70b/T3K/empty_kcache_paged_attention(1024, 1, 32, 128)_dtype_BFLOAT8_B_layout_TILE.tensorbin of shape Shape([1024, 1, 32, 128])
2026-09-03 05:01:38.163 | DEBUG    | core:as_tensor:724 - Loaded cache for /localdev/gwang/tt_transformers/model_cache/llama33_70b/T3K/empty_vcache_paged_attention(1024, 1, 32, 128)_dtype_BFLOAT8_B_layout_TILE.tensorbin of shape Shape([1024, 1, 32, 128])
2026-09-03 05:01:38.165 | DEBUG    | core:as_tensor:724 - Loaded cache for /localdev/gwang/tt_transformers/model_cache/llama33_70b/T3K/empty_kcache_paged_attention(1024, 1, 32, 128)_dtype_BFLOAT8_B_layout_TILE.tensorbin of shape Shape([1024, 1, 32, 128])
2026-09-03 05:01:38.166 | DEBUG    | core:as_tensor:724 - Loaded cache for /localdev/gwang/tt_transformers/model_cache/llama33_70b/T3K/empty_vcache_paged_attention(1024, 1, 32, 128)_dtype_BFLOAT8_B_layout_TILE.tensorbin of shape Shape([1024, 1, 32, 128])
2026-09-03 05:01:38.167 | DEBUG    | core:as_tensor:724 - Loaded cache for /localdev/gwang/tt_transformers/model_cache/llama33_70b/T3K/empty_kcache_paged_attention(1024, 1, 32, 128)_dtype_BFLOAT8_B_layout_TILE.tensorbin of shape Shape([1024, 1, 32, 128])
2026-09-03 05:01:38.168 | DEBUG    | core:as_tensor:724 - Loaded cache for /localdev/gwang/tt_transformers/model_cache/llama33_70b/T3K/empty_vcache_paged_attention(1024, 1, 32, 128)_dtype_BFLOAT8_B_layout_TILE.tensorbin of shape Shape([1024, 1, 32, 128])
2026-09-03 05:01:38.170 | DEBUG    | core:as_tensor:724 - Loaded cache for /localdev/gwang/tt_transformers/model_cache/llama33_70b/T3K/empty_kcache_paged_attention(1024, 1, 32, 128)_dtype_BFLOAT8_B_layout_TILE.tensorbin of shape Shape([1024, 1, 32, 128])
2026-09-03 05:01:38.171 | DEBUG    | core:as_tensor:724 - Loaded cache for /localdev/gwang/tt_transformers/model_cache/llama33_70b/T3K/empty_vcache_paged_attention(1024, 1, 32, 128)_dtype_BFLOAT8_B_layout_TILE.tensorbin of shape Shape([1024, 1, 32, 128])
2026-09-03 05:01:38.172 | DEBUG    | core:as_tensor:724 - Loaded cache for /localdev/gwang/tt_transformers/model_cache/llama33_70b/T3K/empty_kcache_paged_attention(1024, 1, 32, 128)_dtype_BFLOAT8_B_layout_TILE.tensorbin of shape Shape([1024, 1, 32, 128])
2026-09-03 05:01:38.174 | DEBUG    | core:as_tensor:724 - Loaded cache for /localdev/gwang/tt_transformers/model_cache/llama33_70b/T3K/empty_vcache_paged_attention(1024, 1, 32, 128)_dtype_BFLOAT8_B_layout_TILE.tensorbin of shape Shape([1024, 1, 32, 128])
2026-09-03 05:01:38.175 | DEBUG    | core:as_tensor:724 - Loaded cache for /localdev/gwang/tt_transformers/model_cache/llama33_70b/T3K/empty_kcache_paged_attention(1024, 1, 32, 128)_dtype_BFLOAT8_B_layout_TILE.tensorbin of shape Shape([1024, 1, 32, 128])
2026-09-03 05:01:38.176 | DEBUG    | core:as_tensor:724 - Loaded cache for /localdev/gwang/tt_transformers/model_cache/llama33_70b/T3K/empty_vcache_paged_attention(1024, 1, 32, 128)_dtype_BFLOAT8_B_layout_TILE.tensorbin of shape Shape([1024, 1, 32, 128])
2026-09-03 05:01:38.177 | DEBUG    | core:as_tensor:724 - Loaded cache for /localdev/gwang/tt_transformers/model_cache/llama33_70b/T3K/empty_kcache_paged_attention(1024, 1, 32, 128)_dtype_BFLOAT8_B_layout_TILE.tensorbin of shape Shape([1024, 1, 32, 128])
2026-09-03 05:01:38.179 | DEBUG    | core:as_tensor:724 - Loaded cache for /localdev/gwang/tt_transformers/model_cache/llama33_70b/T3K/empty_vcache_paged_attention(1024, 1, 32, 128)_dtype_BFLOAT8_B_layout_TILE.tensorbin of shape Shape([1024, 1, 32, 128])
2026-09-03 05:01:38.180 | DEBUG    | core:as_tensor:724 - Loaded cache for /localdev/gwang/tt_transformers/model_cache/llama33_70b/T3K/empty_kcache_paged_attention(1024, 1, 32, 128)_dtype_BFLOAT8_B_layout_TILE.tensorbin of shape Shape([1024, 1, 32, 128])
2026-09-03 05:01:38.181 | DEBUG    | core:as_tensor:724 - Loaded cache for /localdev/gwang/tt_transformers/model_cache/llama33_70b/T3K/empty_vcache_paged_attention(1024, 1, 32, 128)_dtype_BFLOAT8_B_layout_TILE.tensorbin of shape Shape([1024, 1, 32, 128])
2026-09-03 05:01:38.183 | DEBUG    | core:as_tensor:724 - Loaded cache for /localdev/gwang/tt_transformers/model_cache/llama33_70b/T3K/empty_kcache_paged_attention(1024, 1, 32, 128)_dtype_BFLOAT8_B_layout_TILE.tensorbin of shape Shape([1024, 1, 32, 128])
2026-09-03 05:01:38.184 | DEBUG    | core:as_tensor:724 - Loaded cache for /localdev/gwang/tt_transformers/model_cache/llama33_70b/T3K/empty_vcache_paged_attention(1024, 1, 32, 128)_dtype_BFLOAT8_B_layout_TILE.tensorbin of shape Shape([1024, 1, 32, 128])
2026-09-03 05:01:38.185 | DEBUG    | core:as_tensor:724 - Loaded cache for /localdev/gwang/tt_transformers/model_cache/llama33_70b/T3K/empty_kcache_paged_attention(1024, 1, 32, 128)_dtype_BFLOAT8_B_layout_TILE.tensorbin of shape Shape([1024, 1, 32, 128])
2026-09-03 05:01:38.186 | DEBUG    | core:as_tensor:724 - Loaded cache for /localdev/gwang/tt_transformers/model_cache/llama33_70b/T3K/empty_vcache_paged_attention(1024, 1, 32, 128)_dtype_BFLOAT8_B_layout_TILE.tensorbin of shape Shape([1024, 1, 32, 128])
2026-09-03 05:01:38.218 | INFO     | tt_transformers.modules.lazy_weight:get_device_weight:120 - [32m[cache hit][0m Loading tensor from cache: /localdev/gwang/tt_transformers/model_cache/llama33_70b/T3K/rope/cos_srcshape_1_1_8192_128_dtype_BFLOAT16_layout_TILE_replicated_device_0.tensorbin
2026-09-03 05:01:38.219 | INFO     | tt_transformers.modules.lazy_weight:get_device_weight:120 - [32m[cache hit][0m Loading tensor from cache: /localdev/gwang/tt_transformers/model_cache/llama33_70b/T3K/rope/sin_srcshape_1_1_8192_128_dtype_BFLOAT16_layout_TILE_replicated_device_0.tensorbin
2026-09-03 05:01:38.236 | INFO     | tt_transformers.modules.lazy_weight:get_device_weight:120 - [32m[cache hit][0m Loading tensor from cache: /localdev/gwang/tt_transformers/model_cache/llama33_70b/T3K/embedding/tok_embeddings_srcshape_1_1_128256_8192_dtype_BFLOAT16_layout_ROW_MAJOR_mapper_660f4331f0f0_device_0.tensorbin
2026-09-03 05:01:40.581 | INFO     | tt_transformers.modules.lazy_weight:get_device_weight:120 - [32m[cache hit][0m Loading tensor from cache: /localdev/gwang/tt_transformers/model_cache/llama33_70b/T3K/norm/layer0_pre_attn_srcshape_1_1_256_32_dtype_BFLOAT16_layout_ROW_MAJOR_mapper_241585d9fe31_device_0.tensorbin
2026-09-03 05:01:40.582 | INFO     | tt_transformers.modules.lazy_weight:get_device_weight:120 - [32m[cache hit][0m Loading tensor from cache: /localdev/gwang/tt_transformers/model_cache/llama33_70b/T3K/norm/layer0_pre_attn_srcshape_1_1_256_32_dtype_BFLOAT16_layout_ROW_MAJOR_mapper_b82b244385ac_device_0.tensorbin
2026-09-03 05:01:41.165 | INFO     | tt_transformers.modules.lazy_weight:get_device_weight:120 - [32m[cache hit][0m Loading tensor from cache: /localdev/gwang/tt_transformers/model_cache/llama33_70b/T3K/attn/layer0_wqkv_srcshape_1_1_8192_10240_dtype_BFLOAT8_B_layout_TILE_memcfg_663972112453010226_mapper_660f4331f0f0_device_0.tensorbin
2026-09-03 05:01:41.171 | INFO     | tt_transformers.modules.lazy_weight:get_device_weight:120 - [32m[cache hit][0m Loading tensor from cache: /localdev/gwang/tt_transformers/model_cache/llama33_70b/T3K/attn/layer0_wo_srcshape_1_1_8192_8192_dtype_BFLOAT8_B_layout_TILE_mapper_660f4331f0f0_device_0.tensorbin
2026-09-03 05:01:43.482 | warning  |              Op | matmul_multi_core_reuse_mcast_1d_optimized_helper: program_config.allowed_worker_cores not populated; auto-populating from compute_with_storage_grid_size. Callers that bypass ttnn::prim::matmul() (e.g. CCL fused ops) should invoke ttnn::operations::matmul::normalize_program_config() on the program config first. This will become a hard error in a future release. (matmul_multicore_reuse_mcast_1d_program_factory.cpp:5637)
2026-09-03 05:01:43.483 | warning  |              Op | matmul_multi_core_reuse_mcast_1d_optimized_helper: program_config.allowed_worker_cores not populated; auto-populating from compute_with_storage_grid_size. Callers that bypass ttnn::prim::matmul() (e.g. CCL fused ops) should invoke ttnn::operations::matmul::normalize_program_config() on the program config first. This will become a hard error in a future release. (matmul_multicore_reuse_mcast_1d_program_factory.cpp:5637)
2026-09-03 05:01:43.483 | warning  |              Op | matmul_multi_core_reuse_mcast_1d_optimized_helper: program_config.allowed_worker_cores not populated; auto-populating from compute_with_storage_grid_size. Callers that bypass ttnn::prim::matmul() (e.g. CCL fused ops) should invoke ttnn::operations::matmul::normalize_program_config() on the program config first. This will become a hard error in a future release. (matmul_multicore_reuse_mcast_1d_program_factory.cpp:5637)
2026-09-03 05:01:43.484 | warning  |              Op | matmul_multi_core_reuse_mcast_1d_optimized_helper: program_config.allowed_worker_cores not populated; auto-populating from compute_with_storage_grid_size. Callers that bypass ttnn::prim::matmul() (e.g. CCL fused ops) should invoke ttnn::operations::matmul::normalize_program_config() on the program config first. This will become a hard error in a future release. (matmul_multicore_reuse_mcast_1d_program_factory.cpp:5637)
2026-09-03 05:01:43.484 | warning  |              Op | matmul_multi_core_reuse_mcast_1d_optimized_helper: program_config.allowed_worker_cores not populated; auto-populating from compute_with_storage_grid_size. Callers that bypass ttnn::prim::matmul() (e.g. CCL fused ops) should invoke ttnn::operations::matmul::normalize_program_config() on the program config first. This will become a hard error in a future release. (matmul_multicore_reuse_mcast_1d_program_factory.cpp:5637)
2026-09-03 05:01:43.485 | warning  |              Op | matmul_multi_core_reuse_mcast_1d_optimized_helper: program_config.allowed_worker_cores not populated; auto-populating from compute_with_storage_grid_size. Callers that bypass ttnn::prim::matmul() (e.g. CCL fused ops) should invoke ttnn::operations::matmul::normalize_program_config() on the program config first. This will become a hard error in a future release. (matmul_multicore_reuse_mcast_1d_program_factory.cpp:5637)
2026-09-03 05:01:43.485 | warning  |              Op | matmul_multi_core_reuse_mcast_1d_optimized_helper: program_config.allowed_worker_cores not populated; auto-populating from compute_with_storage_grid_size. Callers that bypass ttnn::prim::matmul() (e.g. CCL fused ops) should invoke ttnn::operations::matmul::normalize_program_config() on the program config first. This will become a hard error in a future release. (matmul_multicore_reuse_mcast_1d_program_factory.cpp:5637)
2026-09-03 05:01:43.486 | warning  |              Op | matmul_multi_core_reuse_mcast_1d_optimized_helper: program_config.allowed_worker_cores not populated; auto-populating from compute_with_storage_grid_size. Callers that bypass ttnn::prim::matmul() (e.g. CCL fused ops) should invoke ttnn::operations::matmul::normalize_program_config() on the program config first. This will become a hard error in a future release. (matmul_multicore_reuse_mcast_1d_program_factory.cpp:5637)
2026-09-03 05:01:48.327 | INFO     | tt_transformers.modules.lazy_weight:get_device_weight:120 - [32m[cache hit][0m Loading tensor from cache: /localdev/gwang/tt_transformers/model_cache/llama33_70b/T3K/norm/layer0_post_attn_srcshape_1_1_256_32_dtype_BFLOAT16_layout_ROW_MAJOR_mapper_241585d9fe31_device_0.tensorbin
2026-09-03 05:01:48.327 | INFO     | tt_transformers.modules.lazy_weight:get_device_weight:120 - [32m[cache hit][0m Loading tensor from cache: /localdev/gwang/tt_transformers/model_cache/llama33_70b/T3K/norm/layer0_post_attn_srcshape_1_1_256_32_dtype_BFLOAT16_layout_ROW_MAJOR_mapper_b82b244385ac_device_0.tensorbin
2026-09-03 05:01:48.901 | INFO     | tt_transformers.modules.lazy_weight:get_device_weight:120 - [32m[cache hit][0m Loading tensor from cache: /localdev/gwang/tt_transformers/model_cache/llama33_70b/T3K/mlp/layer0_w1_srcshape_8192_28672_dtype_BFLOAT8_B_layout_TILE_memcfg_1786057467681592545_mapper_660f4331f0f0_device_0.tensorbin
2026-09-03 05:01:48.915 | INFO     | tt_transformers.modules.lazy_weight:get_device_weight:120 - [32m[cache hit][0m Loading tensor from cache: /localdev/gwang/tt_transformers/model_cache/llama33_70b/T3K/mlp/layer0_w2_srcshape_28672_8192_dtype_BFLOAT8_B_layout_TILE_memcfg_906506041791331912_mapper_0cdd7bdaff6f_device_0.tensorbin
2026-09-03 05:01:48.928 | INFO     | tt_transformers.modules.lazy_weight:get_device_weight:120 - [32m[cache hit][0m Loading tensor from cache: /localdev/gwang/tt_transformers/model_cache/llama33_70b/T3K/mlp/layer0_w3_srcshape_8192_28672_dtype_BFLOAT8_B_layout_TILE_memcfg_1786057467681592545_mapper_660f4331f0f0_device_0.tensorbin
2026-09-03 05:01:51.936 | INFO     | tt_transformers.modules.lazy_weight:get_device_weight:120 - [32m[cache hit][0m Loading tensor from cache: /localdev/gwang/tt_transformers/model_cache/llama33_70b/T3K/norm/layer1_pre_attn_srcshape_1_1_256_32_dtype_BFLOAT16_layout_ROW_MAJOR_mapper_241585d9fe31_device_0.tensorbin
2026-09-03 05:01:51.937 | INFO     | tt_transformers.modules.lazy_weight:get_device_weight:120 - [32m[cache hit][0m Loading tensor from cache: /localdev/gwang/tt_transformers/model_cache/llama33_70b/T3K/norm/layer1_pre_attn_srcshape_1_1_256_32_dtype_BFLOAT16_layout_ROW_MAJOR_mapper_b82b244385ac_device_0.tensorbin
2026-09-03 05:01:51.937 | INFO     | tt_transformers.modules.lazy_weight:get_device_weight:120 - [32m[cache hit][0m Loading tensor from cache: /localdev/gwang/tt_transformers/model_cache/llama33_70b/T3K/attn/layer1_wqkv_srcshape_1_1_8192_10240_dtype_BFLOAT8_B_layout_TILE_memcfg_663972112453010226_mapper_660f4331f0f0_device_0.tensorbin
2026-09-03 05:01:51.942 | INFO     | tt_transformers.modules.lazy_weight:get_device_weight:120 - [32m[cache hit][0m Loading tensor from cache: /localdev/gwang/tt_transformers/model_cache/llama33_70b/T3K/attn/layer1_wo_srcshape_1_1_8192_8192_dtype_BFLOAT8_B_layout_TILE_mapper_660f4331f0f0_device_0.tensorbin
2026-09-03 05:01:51.948 | INFO     | tt_transformers.modules.lazy_weight:get_device_weight:120 - [32m[cache hit][0m Loading tensor from cache: /localdev/gwang/tt_transformers/model_cache/llama33_70b/T3K/norm/layer1_post_attn_srcshape_1_1_256_32_dtype_BFLOAT16_layout_ROW_MAJOR_mapper_241585d9fe31_device_0.tensorbin
2026-09-03 05:01:51.949 | INFO     | tt_transformers.modules.lazy_weight:get_device_weight:120 - [32m[cache hit][0m Loading tensor from cache: /localdev/gwang/tt_transformers/model_cache/llama33_70b/T3K/norm/layer1_post_attn_srcshape_1_1_256_32_dtype_BFLOAT16_layout_ROW_MAJOR_mapper_b82b244385ac_device_0.tensorbin
2026-09-03 05:01:51.949 | INFO     | tt_transformers.modules.lazy_weight:get_device_weight:120 - [32m[cache hit][0m Loading tensor from cache: /localdev/gwang/tt_transformers/model_cache/llama33_70b/T3K/mlp/layer1_w1_srcshape_8192_28672_dtype_BFLOAT8_B_layout_TILE_memcfg_1786057467681592545_mapper_660f4331f0f0_device_0.tensorbin
2026-09-03 05:01:51.962 | INFO     | tt_transformers.modules.lazy_weight:get_device_weight:120 - [32m[cache hit][0m Loading tensor from cache: /localdev/gwang/tt_transformers/model_cache/llama33_70b/T3K/mlp/layer1_w2_srcshape_28672_8192_dtype_BFLOAT8_B_layout_TILE_memcfg_906506041791331912_mapper_0cdd7bdaff6f_device_0.tensorbin
2026-09-03 05:01:51.974 | INFO     | tt_transformers.modules.lazy_weight:get_device_weight:120 - [32m[cache hit][0m Loading tensor from cache: /localdev/gwang/tt_transformers/model_cache/llama33_70b/T3K/mlp/layer1_w3_srcshape_8192_28672_dtype_BFLOAT8_B_layout_TILE_memcfg_1786057467681592545_mapper_660f4331f0f0_device_0.tensorbin
2026-09-03 05:01:51.988 | INFO     | tt_transformers.modules.lazy_weight:get_device_weight:120 - [32m[cache hit][0m Loading tensor from cache: /localdev/gwang/tt_transformers/model_cache/llama33_70b/T3K/norm/layer2_pre_attn_srcshape_1_1_256_32_dtype_BFLOAT16_layout_ROW_MAJOR_mapper_241585d9fe31_device_0.tensorbin
2026-09-03 05:01:51.989 | INFO     | tt_transformers.modules.lazy_weight:get_device_weight:120 - [32m[cache hit][0m Loading tensor from cache: /localdev/gwang/tt_transformers/model_cache/llama33_70b/T3K/norm/layer2_pre_attn_srcshape_1_1_256_32_dtype_BFLOAT16_layout_ROW_MAJOR_mapper_b82b244385ac_device_0.tensorbin
2026-09-03 05:01:51.989 | INFO     | tt_transformers.modules.lazy_weight:get_device_weight:120 - [32m[cache hit][0m Loading tensor from cache: /localdev/gwang/tt_transformers/model_cache/llama33_70b/T3K/attn/layer2_wqkv_srcshape_1_1_8192_10240_dtype_BFLOAT8_B_layout_TILE_memcfg_663972112453010226_mapper_660f4331f0f0_device_0.tensorbin
2026-09-03 05:01:51.994 | INFO     | tt_transformers.modules.lazy_weight:get_device_weight:120 - [32m[cache hit][0m Loading tensor from cache: /localdev/gwang/tt_transformers/model_cache/llama33_70b/T3K/attn/layer2_wo_srcshape_1_1_8192_8192_dtype_BFLOAT8_B_layout_TILE_mapper_660f4331f0f0_device_0.tensorbin
2026-09-03 05:01:52.000 | INFO     | tt_transformers.modules.lazy_weight:get_device_weight:120 - [32m[cache hit][0m Loading tensor from cache: /localdev/gwang/tt_transformers/model_cache/llama33_70b/T3K/norm/layer2_post_attn_srcshape_1_1_256_32_dtype_BFLOAT16_layout_ROW_MAJOR_mapper_241585d9fe31_device_0.tensorbin
2026-09-03 05:01:52.000 | INFO     | tt_transformers.modules.lazy_weight:get_device_weight:120 - [32m[cache hit][0m Loading tensor from cache: /localdev/gwang/tt_transformers/model_cache/llama33_70b/T3K/norm/layer2_post_attn_srcshape_1_1_256_32_dtype_BFLOAT16_layout_ROW_MAJOR_mapper_b82b244385ac_device_0.tensorbin
2026-09-03 05:01:52.001 | INFO     | tt_transformers.modules.lazy_weight:get_device_weight:120 - [32m[cache hit][0m Loading tensor from cache: /localdev/gwang/tt_transformers/model_cache/llama33_70b/T3K/mlp/layer2_w1_srcshape_8192_28672_dtype_BFLOAT8_B_layout_TILE_memcfg_1786057467681592545_mapper_660f4331f0f0_device_0.tensorbin
2026-09-03 05:01:52.013 | INFO     | tt_transformers.modules.lazy_weight:get_device_weight:120 - [32m[cache hit][0m Loading tensor from cache: /localdev/gwang/tt_transformers/model_cache/llama33_70b/T3K/mlp/layer2_w2_srcshape_28672_8192_dtype_BFLOAT8_B_layout_TILE_memcfg_906506041791331912_mapper_0cdd7bdaff6f_device_0.tensorbin
2026-09-03 05:01:52.025 | INFO     | tt_transformers.modules.lazy_weight:get_device_weight:120 - [32m[cache hit][0m Loading tensor from cache: /localdev/gwang/tt_transformers/model_cache/llama33_70b/T3K/mlp/layer2_w3_srcshape_8192_28672_dtype_BFLOAT8_B_layout_TILE_memcfg_1786057467681592545_mapper_660f4331f0f0_device_0.tensorbin
2026-09-03 05:01:52.040 | INFO     | tt_transformers.modules.lazy_weight:get_device_weight:120 - [32m[cache hit][0m Loading tensor from cache: /localdev/gwang/tt_transformers/model_cache/llama33_70b/T3K/norm/layer3_pre_attn_srcshape_1_1_256_32_dtype_BFLOAT16_layout_ROW_MAJOR_mapper_241585d9fe31_device_0.tensorbin
2026-09-03 05:01:52.040 | INFO     | tt_transformers.modules.lazy_weight:get_device_weight:120 - [32m[cache hit][0m Loading tensor from cache: /localdev/gwang/tt_transformers/model_cache/llama33_70b/T3K/norm/layer3_pre_attn_srcshape_1_1_256_32_dtype_BFLOAT16_layout_ROW_MAJOR_mapper_b82b244385ac_device_0.tensorbin
2026-09-03 05:01:52.040 | INFO     | tt_transformers.modules.lazy_weight:get_device_weight:120 - [32m[cache hit][0m Loading tensor from cache: /localdev/gwang/tt_transformers/model_cache/llama33_70b/T3K/attn/layer3_wqkv_srcshape_1_1_8192_10240_dtype_BFLOAT8_B_layout_TILE_memcfg_663972112453010226_mapper_660f4331f0f0_device_0.tensorbin
2026-09-03 05:01:52.046 | INFO     | tt_transformers.modules.lazy_weight:get_device_weight:120 - [32m[cache hit][0m Loading tensor from cache: /localdev/gwang/tt_transformers/model_cache/llama33_70b/T3K/attn/layer3_wo_srcshape_1_1_8192_8192_dtype_BFLOAT8_B_layout_TILE_mapper_660f4331f0f0_device_0.tensorbin
2026-09-03 05:01:52.052 | INFO     | tt_transformers.modules.lazy_weight:get_device_weight:120 - [32m[cache hit][0m Loading tensor from cache: /localdev/gwang/tt_transformers/model_cache/llama33_70b/T3K/norm/layer3_post_attn_srcshape_1_1_256_32_dtype_BFLOAT16_layout_ROW_MAJOR_mapper_241585d9fe31_device_0.tensorbin
2026-09-03 05:01:52.052 | INFO     | tt_transformers.modules.lazy_weight:get_device_weight:120 - [32m[cache hit][0m Loading tensor from cache: /localdev/gwang/tt_transformers/model_cache/llama33_70b/T3K/norm/layer3_post_attn_srcshape_1_1_256_32_dtype_BFLOAT16_layout_ROW_MAJOR_mapper_b82b244385ac_device_0.tensorbin
2026-09-03 05:01:52.052 | INFO     | tt_transformers.modules.lazy_weight:get_device_weight:120 - [32m[cache hit][0m Loading tensor from cache: /localdev/gwang/tt_transformers/model_cache/llama33_70b/T3K/mlp/layer3_w1_srcshape_8192_28672_dtype_BFLOAT8_B_layout_TILE_memcfg_1786057467681592545_mapper_660f4331f0f0_device_0.tensorbin
2026-09-03 05:01:52.065 | INFO     | tt_transformers.modules.lazy_weight:get_device_weight:120 - [32m[cache hit][0m Loading tensor from cache: /localdev/gwang/tt_transformers/model_cache/llama33_70b/T3K/mlp/layer3_w2_srcshape_28672_8192_dtype_BFLOAT8_B_layout_TILE_memcfg_906506041791331912_mapper_0cdd7bdaff6f_device_0.tensorbin
2026-09-03 05:01:52.077 | INFO     | tt_transformers.modules.lazy_weight:get_device_weight:120 - [32m[cache hit][0m Loading tensor from cache: /localdev/gwang/tt_transformers/model_cache/llama33_70b/T3K/mlp/layer3_w3_srcshape_8192_28672_dtype_BFLOAT8_B_layout_TILE_memcfg_1786057467681592545_mapper_660f4331f0f0_device_0.tensorbin
2026-09-03 05:01:52.091 | INFO     | tt_transformers.modules.lazy_weight:get_device_weight:120 - [32m[cache hit][0m Loading tensor from cache: /localdev/gwang/tt_transformers/model_cache/llama33_70b/T3K/norm/layer4_pre_attn_srcshape_1_1_256_32_dtype_BFLOAT16_layout_ROW_MAJOR_mapper_241585d9fe31_device_0.tensorbin
2026-09-03 05:01:52.091 | INFO     | tt_transformers.modules.lazy_weight:get_device_weight:120 - [32m[cache hit][0m Loading tensor from cache: /localdev/gwang/tt_transformers/model_cache/llama33_70b/T3K/norm/layer4_pre_attn_srcshape_1_1_256_32_dtype_BFLOAT16_layout_ROW_MAJOR_mapper_b82b244385ac_device_0.tensorbin
2026-09-03 05:01:52.092 | INFO     | tt_transformers.modules.lazy_weight:get_device_weight:120 - [32m[cache hit][0m Loading tensor from cache: /localdev/gwang/tt_transformers/model_cache/llama33_70b/T3K/attn/layer4_wqkv_srcshape_1_1_8192_10240_dtype_BFLOAT8_B_layout_TILE_memcfg_663972112453010226_mapper_660f4331f0f0_device_0.tensorbin
2026-09-03 05:01:52.097 | INFO     | tt_transformers.modules.lazy_weight:get_device_weight:120 - [32m[cache hit][0m Loading tensor from cache: /localdev/gwang/tt_transformers/model_cache/llama33_70b/T3K/attn/layer4_wo_srcshape_1_1_8192_8192_dtype_BFLOAT8_B_layout_TILE_mapper_660f4331f0f0_device_0.tensorbin
2026-09-03 05:01:52.103 | INFO     | tt_transformers.modules.lazy_weight:get_device_weight:120 - [32m[cache hit][0m Loading tensor from cache: /localdev/gwang/tt_transformers/model_cache/llama33_70b/T3K/norm/layer4_post_attn_srcshape_1_1_256_32_dtype_BFLOAT16_layout_ROW_MAJOR_mapper_241585d9fe31_device_0.tensorbin
2026-09-03 05:01:52.103 | INFO     | tt_transformers.modules.lazy_weight:get_device_weight:120 - [32m[cache hit][0m Loading tensor from cache: /localdev/gwang/tt_transformers/model_cache/llama33_70b/T3K/norm/layer4_post_attn_srcshape_1_1_256_32_dtype_BFLOAT16_layout_ROW_MAJOR_mapper_b82b244385ac_device_0.tensorbin
2026-09-03 05:01:52.104 | INFO     | tt_transformers.modules.lazy_weight:get_device_weight:120 - [32m[cache hit][0m Loading tensor from cache: /localdev/gwang/tt_transformers/model_cache/llama33_70b/T3K/mlp/layer4_w1_srcshape_8192_28672_dtype_BFLOAT8_B_layout_TILE_memcfg_1786057467681592545_mapper_660f4331f0f0_device_0.tensorbin
2026-09-03 05:01:52.116 | INFO     | tt_transformers.modules.lazy_weight:get_device_weight:120 - [32m[cache hit][0m Loading tensor from cache: /localdev/gwang/tt_transformers/model_cache/llama33_70b/T3K/mlp/layer4_w2_srcshape_28672_8192_dtype_BFLOAT8_B_layout_TILE_memcfg_906506041791331912_mapper_0cdd7bdaff6f_device_0.tensorbin
2026-09-03 05:01:52.128 | INFO     | tt_transformers.modules.lazy_weight:get_device_weight:120 - [32m[cache hit][0m Loading tensor from cache: /localdev/gwang/tt_transformers/model_cache/llama33_70b/T3K/mlp/layer4_w3_srcshape_8192_28672_dtype_BFLOAT8_B_layout_TILE_memcfg_1786057467681592545_mapper_660f4331f0f0_device_0.tensorbin
2026-09-03 05:01:52.145 | INFO     | tt_transformers.modules.lazy_weight:get_device_weight:120 - [32m[cache hit][0m Loading tensor from cache: /localdev/gwang/tt_transformers/model_cache/llama33_70b/T3K/norm/layer5_pre_attn_srcshape_1_1_256_32_dtype_BFLOAT16_layout_ROW_MAJOR_mapper_241585d9fe31_device_0.tensorbin
2026-09-03 05:01:52.145 | INFO     | tt_transformers.modules.lazy_weight:get_device_weight:120 - [32m[cache hit][0m Loading tensor from cache: /localdev/gwang/tt_transformers/model_cache/llama33_70b/T3K/norm/layer5_pre_attn_srcshape_1_1_256_32_dtype_BFLOAT16_layout_ROW_MAJOR_mapper_b82b244385ac_device_0.tensorbin
2026-09-03 05:01:52.149 | INFO     | tt_transformers.modules.lazy_weight:get_device_weight:120 - [32m[cache hit][0m Loading tensor from cache: /localdev/gwang/tt_transformers/model_cache/llama33_70b/T3K/attn/layer5_wqkv_srcshape_1_1_8192_10240_dtype_BFLOAT8_B_layout_TILE_memcfg_663972112453010226_mapper_660f4331f0f0_device_0.tensorbin
2026-09-03 05:01:52.155 | INFO     | tt_transformers.modules.lazy_weight:get_device_weight:120 - [32m[cache hit][0m Loading tensor from cache: /localdev/gwang/tt_transformers/model_cache/llama33_70b/T3K/attn/layer5_wo_srcshape_1_1_8192_8192_dtype_BFLOAT8_B_layout_TILE_mapper_660f4331f0f0_device_0.tensorbin
2026-09-03 05:01:52.162 | INFO     | tt_transformers.modules.lazy_weight:get_device_weight:120 - [32m[cache hit][0m Loading tensor from cache: /localdev/gwang/tt_transformers/model_cache/llama33_70b/T3K/norm/layer5_post_attn_srcshape_1_1_256_32_dtype_BFLOAT16_layout_ROW_MAJOR_mapper_241585d9fe31_device_0.tensorbin
2026-09-03 05:01:52.162 | INFO     | tt_transformers.modules.lazy_weight:get_device_weight:120 - [32m[cache hit][0m Loading tensor from cache: /localdev/gwang/tt_transformers/model_cache/llama33_70b/T3K/norm/layer5_post_attn_srcshape_1_1_256_32_dtype_BFLOAT16_layout_ROW_MAJOR_mapper_b82b244385ac_device_0.tensorbin
2026-09-03 05:01:52.163 | INFO     | tt_transformers.modules.lazy_weight:get_device_weight:120 - [32m[cache hit][0m Loading tensor from cache: /localdev/gwang/tt_transformers/model_cache/llama33_70b/T3K/mlp/layer5_w1_srcshape_8192_28672_dtype_BFLOAT8_B_layout_TILE_memcfg_1786057467681592545_mapper_660f4331f0f0_device_0.tensorbin
2026-09-03 05:01:52.175 | INFO     | tt_transformers.modules.lazy_weight:get_device_weight:120 - [32m[cache hit][0m Loading tensor from cache: /localdev/gwang/tt_transformers/model_cache/llama33_70b/T3K/mlp/layer5_w2_srcshape_28672_8192_dtype_BFLOAT8_B_layout_TILE_memcfg_906506041791331912_mapper_0cdd7bdaff6f_device_0.tensorbin
2026-09-03 05:01:52.187 | INFO     | tt_transformers.modules.lazy_weight:get_device_weight:120 - [32m[cache hit][0m Loading tensor from cache: /localdev/gwang/tt_transformers/model_cache/llama33_70b/T3K/mlp/layer5_w3_srcshape_8192_28672_dtype_BFLOAT8_B_layout_TILE_memcfg_1786057467681592545_mapper_660f4331f0f0_device_0.tensorbin
2026-09-03 05:01:52.201 | INFO     | tt_transformers.modules.lazy_weight:get_device_weight:120 - [32m[cache hit][0m Loading tensor from cache: /localdev/gwang/tt_transformers/model_cache/llama33_70b/T3K/norm/layer6_pre_attn_srcshape_1_1_256_32_dtype_BFLOAT16_layout_ROW_MAJOR_mapper_241585d9fe31_device_0.tensorbin
2026-09-03 05:01:52.202 | INFO     | tt_transformers.modules.lazy_weight:get_device_weight:120 - [32m[cache hit][0m Loading tensor from cache: /localdev/gwang/tt_transformers/model_cache/llama33_70b/T3K/norm/layer6_pre_attn_srcshape_1_1_256_32_dtype_BFLOAT16_layout_ROW_MAJOR_mapper_b82b244385ac_device_0.tensorbin
2026-09-03 05:01:52.203 | INFO     | tt_transformers.modules.lazy_weight:get_device_weight:120 - [32m[cache hit][0m Loading tensor from cache: /localdev/gwang/tt_transformers/model_cache/llama33_70b/T3K/attn/layer6_wqkv_srcshape_1_1_8192_10240_dtype_BFLOAT8_B_layout_TILE_memcfg_663972112453010226_mapper_660f4331f0f0_device_0.tensorbin
2026-09-03 05:01:52.207 | INFO     | tt_transformers.modules.lazy_weight:get_device_weight:120 - [32m[cache hit][0m Loading tensor from cache: /localdev/gwang/tt_transformers/model_cache/llama33_70b/T3K/attn/layer6_wo_srcshape_1_1_8192_8192_dtype_BFLOAT8_B_layout_TILE_mapper_660f4331f0f0_device_0.tensorbin
2026-09-03 05:01:52.214 | INFO     | tt_transformers.modules.lazy_weight:get_device_weight:120 - [32m[cache hit][0m Loading tensor from cache: /localdev/gwang/tt_transformers/model_cache/llama33_70b/T3K/norm/layer6_post_attn_srcshape_1_1_256_32_dtype_BFLOAT16_layout_ROW_MAJOR_mapper_241585d9fe31_device_0.tensorbin
2026-09-03 05:01:52.214 | INFO     | tt_transformers.modules.lazy_weight:get_device_weight:120 - [32m[cache hit][0m Loading tensor from cache: /localdev/gwang/tt_transformers/model_cache/llama33_70b/T3K/norm/layer6_post_attn_srcshape_1_1_256_32_dtype_BFLOAT16_layout_ROW_MAJOR_mapper_b82b244385ac_device_0.tensorbin
2026-09-03 05:01:52.214 | INFO     | tt_transformers.modules.lazy_weight:get_device_weight:120 - [32m[cache hit][0m Loading tensor from cache: /localdev/gwang/tt_transformers/model_cache/llama33_70b/T3K/mlp/layer6_w1_srcshape_8192_28672_dtype_BFLOAT8_B_layout_TILE_memcfg_1786057467681592545_mapper_660f4331f0f0_device_0.tensorbin
2026-09-03 05:01:52.226 | INFO     | tt_transformers.modules.lazy_weight:get_device_weight:120 - [32m[cache hit][0m Loading tensor from cache: /localdev/gwang/tt_transformers/model_cache/llama33_70b/T3K/mlp/layer6_w2_srcshape_28672_8192_dtype_BFLOAT8_B_layout_TILE_memcfg_906506041791331912_mapper_0cdd7bdaff6f_device_0.tensorbin
2026-09-03 05:01:52.239 | INFO     | tt_transformers.modules.lazy_weight:get_device_weight:120 - [32m[cache hit][0m Loading tensor from cache: /localdev/gwang/tt_transformers/model_cache/llama33_70b/T3K/mlp/layer6_w3_srcshape_8192_28672_dtype_BFLOAT8_B_layout_TILE_memcfg_1786057467681592545_mapper_660f4331f0f0_device_0.tensorbin
2026-09-03 05:01:52.252 | INFO     | tt_transformers.modules.lazy_weight:get_device_weight:120 - [32m[cache hit][0m Loading tensor from cache: /localdev/gwang/tt_transformers/model_cache/llama33_70b/T3K/norm/layer7_pre_attn_srcshape_1_1_256_32_dtype_BFLOAT16_layout_ROW_MAJOR_mapper_241585d9fe31_device_0.tensorbin
2026-09-03 05:01:52.253 | INFO     | tt_transformers.modules.lazy_weight:get_device_weight:120 - [32m[cache hit][0m Loading tensor from cache: /localdev/gwang/tt_transformers/model_cache/llama33_70b/T3K/norm/layer7_pre_attn_srcshape_1_1_256_32_dtype_BFLOAT16_layout_ROW_MAJOR_mapper_b82b244385ac_device_0.tensorbin
2026-09-03 05:01:52.253 | INFO     | tt_transformers.modules.lazy_weight:get_device_weight:120 - [32m[cache hit][0m Loading tensor from cache: /localdev/gwang/tt_transformers/model_cache/llama33_70b/T3K/attn/layer7_wqkv_srcshape_1_1_8192_10240_dtype_BFLOAT8_B_layout_TILE_memcfg_663972112453010226_mapper_660f4331f0f0_device_0.tensorbin
2026-09-03 05:01:52.258 | INFO     | tt_transformers.modules.lazy_weight:get_device_weight:120 - [32m[cache hit][0m Loading tensor from cache: /localdev/gwang/tt_transformers/model_cache/llama33_70b/T3K/attn/layer7_wo_srcshape_1_1_8192_8192_dtype_BFLOAT8_B_layout_TILE_mapper_660f4331f0f0_device_0.tensorbin
2026-09-03 05:01:52.264 | INFO     | tt_transformers.modules.lazy_weight:get_device_weight:120 - [32m[cache hit][0m Loading tensor from cache: /localdev/gwang/tt_transformers/model_cache/llama33_70b/T3K/norm/layer7_post_attn_srcshape_1_1_256_32_dtype_BFLOAT16_layout_ROW_MAJOR_mapper_241585d9fe31_device_0.tensorbin
2026-09-03 05:01:52.265 | INFO     | tt_transformers.modules.lazy_weight:get_device_weight:120 - [32m[cache hit][0m Loading tensor from cache: /localdev/gwang/tt_transformers/model_cache/llama33_70b/T3K/norm/layer7_post_attn_srcshape_1_1_256_32_dtype_BFLOAT16_layout_ROW_MAJOR_mapper_b82b244385ac_device_0.tensorbin
2026-09-03 05:01:52.265 | INFO     | tt_transformers.modules.lazy_weight:get_device_weight:120 - [32m[cache hit][0m Loading tensor from cache: /localdev/gwang/tt_transformers/model_cache/llama33_70b/T3K/mlp/layer7_w1_srcshape_8192_28672_dtype_BFLOAT8_B_layout_TILE_memcfg_1786057467681592545_mapper_660f4331f0f0_device_0.tensorbin
2026-09-03 05:01:52.278 | INFO     | tt_transformers.modules.lazy_weight:get_device_weight:120 - [32m[cache hit][0m Loading tensor from cache: /localdev/gwang/tt_transformers/model_cache/llama33_70b/T3K/mlp/layer7_w2_srcshape_28672_8192_dtype_BFLOAT8_B_layout_TILE_memcfg_906506041791331912_mapper_0cdd7bdaff6f_device_0.tensorbin
2026-09-03 05:01:52.294 | INFO     | tt_transformers.modules.lazy_weight:get_device_weight:120 - [32m[cache hit][0m Loading tensor from cache: /localdev/gwang/tt_transformers/model_cache/llama33_70b/T3K/mlp/layer7_w3_srcshape_8192_28672_dtype_BFLOAT8_B_layout_TILE_memcfg_1786057467681592545_mapper_660f4331f0f0_device_0.tensorbin
2026-09-03 05:01:52.308 | INFO     | tt_transformers.modules.lazy_weight:get_device_weight:120 - [32m[cache hit][0m Loading tensor from cache: /localdev/gwang/tt_transformers/model_cache/llama33_70b/T3K/norm/layer8_pre_attn_srcshape_1_1_256_32_dtype_BFLOAT16_layout_ROW_MAJOR_mapper_241585d9fe31_device_0.tensorbin
2026-09-03 05:01:52.308 | INFO     | tt_transformers.modules.lazy_weight:get_device_weight:120 - [32m[cache hit][0m Loading tensor from cache: /localdev/gwang/tt_transformers/model_cache/llama33_70b/T3K/norm/layer8_pre_attn_srcshape_1_1_256_32_dtype_BFLOAT16_layout_ROW_MAJOR_mapper_b82b244385ac_device_0.tensorbin
2026-09-03 05:01:52.308 | INFO     | tt_transformers.modules.lazy_weight:get_device_weight:120 - [32m[cache hit][0m Loading tensor from cache: /localdev/gwang/tt_transformers/model_cache/llama33_70b/T3K/attn/layer8_wqkv_srcshape_1_1_8192_10240_dtype_BFLOAT8_B_layout_TILE_memcfg_663972112453010226_mapper_660f4331f0f0_device_0.tensorbin
2026-09-03 05:01:52.313 | INFO     | tt_transformers.modules.lazy_weight:get_device_weight:120 - [32m[cache hit][0m Loading tensor from cache: /localdev/gwang/tt_transformers/model_cache/llama33_70b/T3K/attn/layer8_wo_srcshape_1_1_8192_8192_dtype_BFLOAT8_B_layout_TILE_mapper_660f4331f0f0_device_0.tensorbin
2026-09-03 05:01:52.319 | INFO     | tt_transformers.modules.lazy_weight:get_device_weight:120 - [32m[cache hit][0m Loading tensor from cache: /localdev/gwang/tt_transformers/model_cache/llama33_70b/T3K/norm/layer8_post_attn_srcshape_1_1_256_32_dtype_BFLOAT16_layout_ROW_MAJOR_mapper_241585d9fe31_device_0.tensorbin
2026-09-03 05:01:52.320 | INFO     | tt_transformers.modules.lazy_weight:get_device_weight:120 - [32m[cache hit][0m Loading tensor from cache: /localdev/gwang/tt_transformers/model_cache/llama33_70b/T3K/norm/layer8_post_attn_srcshape_1_1_256_32_dtype_BFLOAT16_layout_ROW_MAJOR_mapper_b82b244385ac_device_0.tensorbin
2026-09-03 05:01:52.320 | INFO     | tt_transformers.modules.lazy_weight:get_device_weight:120 - [32m[cache hit][0m Loading tensor from cache: /localdev/gwang/tt_transformers/model_cache/llama33_70b/T3K/mlp/layer8_w1_srcshape_8192_28672_dtype_BFLOAT8_B_layout_TILE_memcfg_1786057467681592545_mapper_660f4331f0f0_device_0.tensorbin
2026-09-03 05:01:52.332 | INFO     | tt_transformers.modules.lazy_weight:get_device_weight:120 - [32m[cache hit][0m Loading tensor from cache: /localdev/gwang/tt_transformers/model_cache/llama33_70b/T3K/mlp/layer8_w2_srcshape_28672_8192_dtype_BFLOAT8_B_layout_TILE_memcfg_906506041791331912_mapper_0cdd7bdaff6f_device_0.tensorbin
2026-09-03 05:01:52.344 | INFO     | tt_transformers.modules.lazy_weight:get_device_weight:120 - [32m[cache hit][0m Loading tensor from cache: /localdev/gwang/tt_transformers/model_cache/llama33_70b/T3K/mlp/layer8_w3_srcshape_8192_28672_dtype_BFLOAT8_B_layout_TILE_memcfg_1786057467681592545_mapper_660f4331f0f0_device_0.tensorbin
2026-09-03 05:01:52.357 | INFO     | tt_transformers.modules.lazy_weight:get_device_weight:120 - [32m[cache hit][0m Loading tensor from cache: /localdev/gwang/tt_transformers/model_cache/llama33_70b/T3K/norm/layer9_pre_attn_srcshape_1_1_256_32_dtype_BFLOAT16_layout_ROW_MAJOR_mapper_241585d9fe31_device_0.tensorbin
2026-09-03 05:01:52.357 | INFO     | tt_transformers.modules.lazy_weight:get_device_weight:120 - [32m[cache hit][0m Loading tensor from cache: /localdev/gwang/tt_transformers/model_cache/llama33_70b/T3K/norm/layer9_pre_attn_srcshape_1_1_256_32_dtype_BFLOAT16_layout_ROW_MAJOR_mapper_b82b244385ac_device_0.tensorbin
2026-09-03 05:01:52.357 | INFO     | tt_transformers.modules.lazy_weight:get_device_weight:120 - [32m[cache hit][0m Loading tensor from cache: /localdev/gwang/tt_transformers/model_cache/llama33_70b/T3K/attn/layer9_wqkv_srcshape_1_1_8192_10240_dtype_BFLOAT8_B_layout_TILE_memcfg_663972112453010226_mapper_660f4331f0f0_device_0.tensorbin
2026-09-03 05:01:52.362 | INFO     | tt_transformers.modules.lazy_weight:get_device_weight:120 - [32m[cache hit][0m Loading tensor from cache: /localdev/gwang/tt_transformers/model_cache/llama33_70b/T3K/attn/layer9_wo_srcshape_1_1_8192_8192_dtype_BFLOAT8_B_layout_TILE_mapper_660f4331f0f0_device_0.tensorbin
2026-09-03 05:01:52.368 | INFO     | tt_transformers.modules.lazy_weight:get_device_weight:120 - [32m[cache hit][0m Loading tensor from cache: /localdev/gwang/tt_transformers/model_cache/llama33_70b/T3K/norm/layer9_post_attn_srcshape_1_1_256_32_dtype_BFLOAT16_layout_ROW_MAJOR_mapper_241585d9fe31_device_0.tensorbin
2026-09-03 05:01:52.368 | INFO     | tt_transformers.modules.lazy_weight:get_device_weight:120 - [32m[cache hit][0m Loading tensor from cache: /localdev/gwang/tt_transformers/model_cache/llama33_70b/T3K/norm/layer9_post_attn_srcshape_1_1_256_32_dtype_BFLOAT16_layout_ROW_MAJOR_mapper_b82b244385ac_device_0.tensorbin
2026-09-03 05:01:52.369 | INFO     | tt_transformers.modules.lazy_weight:get_device_weight:120 - [32m[cache hit][0m Loading tensor from cache: /localdev/gwang/tt_transformers/model_cache/llama33_70b/T3K/mlp/layer9_w1_srcshape_8192_28672_dtype_BFLOAT8_B_layout_TILE_memcfg_1786057467681592545_mapper_660f4331f0f0_device_0.tensorbin
2026-09-03 05:01:52.380 | INFO     | tt_transformers.modules.lazy_weight:get_device_weight:120 - [32m[cache hit][0m Loading tensor from cache: /localdev/gwang/tt_transformers/model_cache/llama33_70b/T3K/mlp/layer9_w2_srcshape_28672_8192_dtype_BFLOAT8_B_layout_TILE_memcfg_906506041791331912_mapper_0cdd7bdaff6f_device_0.tensorbin
2026-09-03 05:01:52.393 | INFO     | tt_transformers.modules.lazy_weight:get_device_weight:120 - [32m[cache hit][0m Loading tensor from cache: /localdev/gwang/tt_transformers/model_cache/llama33_70b/T3K/mlp/layer9_w3_srcshape_8192_28672_dtype_BFLOAT8_B_layout_TILE_memcfg_1786057467681592545_mapper_660f4331f0f0_device_0.tensorbin
2026-09-03 05:01:52.406 | INFO     | tt_transformers.modules.lazy_weight:get_device_weight:120 - [32m[cache hit][0m Loading tensor from cache: /localdev/gwang/tt_transformers/model_cache/llama33_70b/T3K/norm/layer10_pre_attn_srcshape_1_1_256_32_dtype_BFLOAT16_layout_ROW_MAJOR_mapper_241585d9fe31_device_0.tensorbin
2026-09-03 05:01:52.406 | INFO     | tt_transformers.modules.lazy_weight:get_device_weight:120 - [32m[cache hit][0m Loading tensor from cache: /localdev/gwang/tt_transformers/model_cache/llama33_70b/T3K/norm/layer10_pre_attn_srcshape_1_1_256_32_dtype_BFLOAT16_layout_ROW_MAJOR_mapper_b82b244385ac_device_0.tensorbin
2026-09-03 05:01:52.407 | INFO     | tt_transformers.modules.lazy_weight:get_device_weight:120 - [32m[cache hit][0m Loading tensor from cache: /localdev/gwang/tt_transformers/model_cache/llama33_70b/T3K/attn/layer10_wqkv_srcshape_1_1_8192_10240_dtype_BFLOAT8_B_layout_TILE_memcfg_663972112453010226_mapper_660f4331f0f0_device_0.tensorbin
2026-09-03 05:01:52.413 | INFO     | tt_transformers.modules.lazy_weight:get_device_weight:120 - [32m[cache hit][0m Loading tensor from cache: /localdev/gwang/tt_transformers/model_cache/llama33_70b/T3K/attn/layer10_wo_srcshape_1_1_8192_8192_dtype_BFLOAT8_B_layout_TILE_mapper_660f4331f0f0_device_0.tensorbin
2026-09-03 05:01:52.420 | INFO     | tt_transformers.modules.lazy_weight:get_device_weight:120 - [32m[cache hit][0m Loading tensor from cache: /localdev/gwang/tt_transformers/model_cache/llama33_70b/T3K/norm/layer10_post_attn_srcshape_1_1_256_32_dtype_BFLOAT16_layout_ROW_MAJOR_mapper_241585d9fe31_device_0.tensorbin
2026-09-03 05:01:52.420 | INFO     | tt_transformers.modules.lazy_weight:get_device_weight:120 - [32m[cache hit][0m Loading tensor from cache: /localdev/gwang/tt_transformers/model_cache/llama33_70b/T3K/norm/layer10_post_attn_srcshape_1_1_256_32_dtype_BFLOAT16_layout_ROW_MAJOR_mapper_b82b244385ac_device_0.tensorbin
2026-09-03 05:01:52.421 | INFO     | tt_transformers.modules.lazy_weight:get_device_weight:120 - [32m[cache hit][0m Loading tensor from cache: /localdev/gwang/tt_transformers/model_cache/llama33_70b/T3K/mlp/layer10_w1_srcshape_8192_28672_dtype_BFLOAT8_B_layout_TILE_memcfg_1786057467681592545_mapper_660f4331f0f0_device_0.tensorbin
2026-09-03 05:01:52.432 | INFO     | tt_transformers.modules.lazy_weight:get_device_weight:120 - [32m[cache hit][0m Loading tensor from cache: /localdev/gwang/tt_transformers/model_cache/llama33_70b/T3K/mlp/layer10_w2_srcshape_28672_8192_dtype_BFLOAT8_B_layout_TILE_memcfg_906506041791331912_mapper_0cdd7bdaff6f_device_0.tensorbin
2026-09-03 05:01:52.446 | INFO     | tt_transformers.modules.lazy_weight:get_device_weight:120 - [32m[cache hit][0m Loading tensor from cache: /localdev/gwang/tt_transformers/model_cache/llama33_70b/T3K/mlp/layer10_w3_srcshape_8192_28672_dtype_BFLOAT8_B_layout_TILE_memcfg_1786057467681592545_mapper_660f4331f0f0_device_0.tensorbin
2026-09-03 05:01:52.458 | INFO     | tt_transformers.modules.lazy_weight:get_device_weight:120 - [32m[cache hit][0m Loading tensor from cache: /localdev/gwang/tt_transformers/model_cache/llama33_70b/T3K/norm/layer11_pre_attn_srcshape_1_1_256_32_dtype_BFLOAT16_layout_ROW_MAJOR_mapper_241585d9fe31_device_0.tensorbin
2026-09-03 05:01:52.459 | INFO     | tt_transformers.modules.lazy_weight:get_device_weight:120 - [32m[cache hit][0m Loading tensor from cache: /localdev/gwang/tt_transformers/model_cache/llama33_70b/T3K/norm/layer11_pre_attn_srcshape_1_1_256_32_dtype_BFLOAT16_layout_ROW_MAJOR_mapper_b82b244385ac_device_0.tensorbin
2026-09-03 05:01:52.459 | INFO     | tt_transformers.modules.lazy_weight:get_device_weight:120 - [32m[cache hit][0m Loading tensor from cache: /localdev/gwang/tt_transformers/model_cache/llama33_70b/T3K/attn/layer11_wqkv_srcshape_1_1_8192_10240_dtype_BFLOAT8_B_layout_TILE_memcfg_663972112453010226_mapper_660f4331f0f0_device_0.tensorbin
2026-09-03 05:01:52.465 | INFO     | tt_transformers.modules.lazy_weight:get_device_weight:120 - [32m[cache hit][0m Loading tensor from cache: /localdev/gwang/tt_transformers/model_cache/llama33_70b/T3K/attn/layer11_wo_srcshape_1_1_8192_8192_dtype_BFLOAT8_B_layout_TILE_mapper_660f4331f0f0_device_0.tensorbin
2026-09-03 05:01:52.472 | INFO     | tt_transformers.modules.lazy_weight:get_device_weight:120 - [32m[cache hit][0m Loading tensor from cache: /localdev/gwang/tt_transformers/model_cache/llama33_70b/T3K/norm/layer11_post_attn_srcshape_1_1_256_32_dtype_BFLOAT16_layout_ROW_MAJOR_mapper_241585d9fe31_device_0.tensorbin
2026-09-03 05:01:52.472 | INFO     | tt_transformers.modules.lazy_weight:get_device_weight:120 - [32m[cache hit][0m Loading tensor from cache: /localdev/gwang/tt_transformers/model_cache/llama33_70b/T3K/norm/layer11_post_attn_srcshape_1_1_256_32_dtype_BFLOAT16_layout_ROW_MAJOR_mapper_b82b244385ac_device_0.tensorbin
2026-09-03 05:01:52.472 | INFO     | tt_transformers.modules.lazy_weight:get_device_weight:120 - [32m[cache hit][0m Loading tensor from cache: /localdev/gwang/tt_transformers/model_cache/llama33_70b/T3K/mlp/layer11_w1_srcshape_8192_28672_dtype_BFLOAT8_B_layout_TILE_memcfg_1786057467681592545_mapper_660f4331f0f0_device_0.tensorbin
2026-09-03 05:01:52.485 | INFO     | tt_transformers.modules.lazy_weight:get_device_weight:120 - [32m[cache hit][0m Loading tensor from cache: /localdev/gwang/tt_transformers/model_cache/llama33_70b/T3K/mlp/layer11_w2_srcshape_28672_8192_dtype_BFLOAT8_B_layout_TILE_memcfg_906506041791331912_mapper_0cdd7bdaff6f_device_0.tensorbin
2026-09-03 05:01:52.499 | INFO     | tt_transformers.modules.lazy_weight:get_device_weight:120 - [32m[cache hit][0m Loading tensor from cache: /localdev/gwang/tt_transformers/model_cache/llama33_70b/T3K/mlp/layer11_w3_srcshape_8192_28672_dtype_BFLOAT8_B_layout_TILE_memcfg_1786057467681592545_mapper_660f4331f0f0_device_0.tensorbin
2026-09-03 05:01:52.513 | INFO     | tt_transformers.modules.lazy_weight:get_device_weight:120 - [32m[cache hit][0m Loading tensor from cache: /localdev/gwang/tt_transformers/model_cache/llama33_70b/T3K/norm/layer12_pre_attn_srcshape_1_1_256_32_dtype_BFLOAT16_layout_ROW_MAJOR_mapper_241585d9fe31_device_0.tensorbin
2026-09-03 05:01:52.514 | INFO     | tt_transformers.modules.lazy_weight:get_device_weight:120 - [32m[cache hit][0m Loading tensor from cache: /localdev/gwang/tt_transformers/model_cache/llama33_70b/T3K/norm/layer12_pre_attn_srcshape_1_1_256_32_dtype_BFLOAT16_layout_ROW_MAJOR_mapper_b82b244385ac_device_0.tensorbin
2026-09-03 05:01:52.514 | INFO     | tt_transformers.modules.lazy_weight:get_device_weight:120 - [32m[cache hit][0m Loading tensor from cache: /localdev/gwang/tt_transformers/model_cache/llama33_70b/T3K/attn/layer12_wqkv_srcshape_1_1_8192_10240_dtype_BFLOAT8_B_layout_TILE_memcfg_663972112453010226_mapper_660f4331f0f0_device_0.tensorbin
2026-09-03 05:01:52.520 | INFO     | tt_transformers.modules.lazy_weight:get_device_weight:120 - [32m[cache hit][0m Loading tensor from cache: /localdev/gwang/tt_transformers/model_cache/llama33_70b/T3K/attn/layer12_wo_srcshape_1_1_8192_8192_dtype_BFLOAT8_B_layout_TILE_mapper_660f4331f0f0_device_0.tensorbin
2026-09-03 05:01:52.527 | INFO     | tt_transformers.modules.lazy_weight:get_device_weight:120 - [32m[cache hit][0m Loading tensor from cache: /localdev/gwang/tt_transformers/model_cache/llama33_70b/T3K/norm/layer12_post_attn_srcshape_1_1_256_32_dtype_BFLOAT16_layout_ROW_MAJOR_mapper_241585d9fe31_device_0.tensorbin
2026-09-03 05:01:52.527 | INFO     | tt_transformers.modules.lazy_weight:get_device_weight:120 - [32m[cache hit][0m Loading tensor from cache: /localdev/gwang/tt_transformers/model_cache/llama33_70b/T3K/norm/layer12_post_attn_srcshape_1_1_256_32_dtype_BFLOAT16_layout_ROW_MAJOR_mapper_b82b244385ac_device_0.tensorbin
2026-09-03 05:01:52.527 | INFO     | tt_transformers.modules.lazy_weight:get_device_weight:120 - [32m[cache hit][0m Loading tensor from cache: /localdev/gwang/tt_transformers/model_cache/llama33_70b/T3K/mlp/layer12_w1_srcshape_8192_28672_dtype_BFLOAT8_B_layout_TILE_memcfg_1786057467681592545_mapper_660f4331f0f0_device_0.tensorbin
2026-09-03 05:01:52.540 | INFO     | tt_transformers.modules.lazy_weight:get_device_weight:120 - [32m[cache hit][0m Loading tensor from cache: /localdev/gwang/tt_transformers/model_cache/llama33_70b/T3K/mlp/layer12_w2_srcshape_28672_8192_dtype_BFLOAT8_B_layout_TILE_memcfg_906506041791331912_mapper_0cdd7bdaff6f_device_0.tensorbin
2026-09-03 05:01:52.554 | INFO     | tt_transformers.modules.lazy_weight:get_device_weight:120 - [32m[cache hit][0m Loading tensor from cache: /localdev/gwang/tt_transformers/model_cache/llama33_70b/T3K/mlp/layer12_w3_srcshape_8192_28672_dtype_BFLOAT8_B_layout_TILE_memcfg_1786057467681592545_mapper_660f4331f0f0_device_0.tensorbin
2026-09-03 05:01:52.568 | INFO     | tt_transformers.modules.lazy_weight:get_device_weight:120 - [32m[cache hit][0m Loading tensor from cache: /localdev/gwang/tt_transformers/model_cache/llama33_70b/T3K/norm/layer13_pre_attn_srcshape_1_1_256_32_dtype_BFLOAT16_layout_ROW_MAJOR_mapper_241585d9fe31_device_0.tensorbin
2026-09-03 05:01:52.568 | INFO     | tt_transformers.modules.lazy_weight:get_device_weight:120 - [32m[cache hit][0m Loading tensor from cache: /localdev/gwang/tt_transformers/model_cache/llama33_70b/T3K/norm/layer13_pre_attn_srcshape_1_1_256_32_dtype_BFLOAT16_layout_ROW_MAJOR_mapper_b82b244385ac_device_0.tensorbin
2026-09-03 05:01:52.569 | INFO     | tt_transformers.modules.lazy_weight:get_device_weight:120 - [32m[cache hit][0m Loading tensor from cache: /localdev/gwang/tt_transformers/model_cache/llama33_70b/T3K/attn/layer13_wqkv_srcshape_1_1_8192_10240_dtype_BFLOAT8_B_layout_TILE_memcfg_663972112453010226_mapper_660f4331f0f0_device_0.tensorbin
2026-09-03 05:01:52.574 | INFO     | tt_transformers.modules.lazy_weight:get_device_weight:120 - [32m[cache hit][0m Loading tensor from cache: /localdev/gwang/tt_transformers/model_cache/llama33_70b/T3K/attn/layer13_wo_srcshape_1_1_8192_8192_dtype_BFLOAT8_B_layout_TILE_mapper_660f4331f0f0_device_0.tensorbin
2026-09-03 05:01:52.581 | INFO     | tt_transformers.modules.lazy_weight:get_device_weight:120 - [32m[cache hit][0m Loading tensor from cache: /localdev/gwang/tt_transformers/model_cache/llama33_70b/T3K/norm/layer13_post_attn_srcshape_1_1_256_32_dtype_BFLOAT16_layout_ROW_MAJOR_mapper_241585d9fe31_device_0.tensorbin
2026-09-03 05:01:52.581 | INFO     | tt_transformers.modules.lazy_weight:get_device_weight:120 - [32m[cache hit][0m Loading tensor from cache: /localdev/gwang/tt_transformers/model_cache/llama33_70b/T3K/norm/layer13_post_attn_srcshape_1_1_256_32_dtype_BFLOAT16_layout_ROW_MAJOR_mapper_b82b244385ac_device_0.tensorbin
2026-09-03 05:01:52.581 | INFO     | tt_transformers.modules.lazy_weight:get_device_weight:120 - [32m[cache hit][0m Loading tensor from cache: /localdev/gwang/tt_transformers/model_cache/llama33_70b/T3K/mlp/layer13_w1_srcshape_8192_28672_dtype_BFLOAT8_B_layout_TILE_memcfg_1786057467681592545_mapper_660f4331f0f0_device_0.tensorbin
2026-09-03 05:01:52.593 | INFO     | tt_transformers.modules.lazy_weight:get_device_weight:120 - [32m[cache hit][0m Loading tensor from cache: /localdev/gwang/tt_transformers/model_cache/llama33_70b/T3K/mlp/layer13_w2_srcshape_28672_8192_dtype_BFLOAT8_B_layout_TILE_memcfg_906506041791331912_mapper_0cdd7bdaff6f_device_0.tensorbin
2026-09-03 05:01:52.606 | INFO     | tt_transformers.modules.lazy_weight:get_device_weight:120 - [32m[cache hit][0m Loading tensor from cache: /localdev/gwang/tt_transformers/model_cache/llama33_70b/T3K/mlp/layer13_w3_srcshape_8192_28672_dtype_BFLOAT8_B_layout_TILE_memcfg_1786057467681592545_mapper_660f4331f0f0_device_0.tensorbin
2026-09-03 05:01:52.620 | INFO     | tt_transformers.modules.lazy_weight:get_device_weight:120 - [32m[cache hit][0m Loading tensor from cache: /localdev/gwang/tt_transformers/model_cache/llama33_70b/T3K/norm/layer14_pre_attn_srcshape_1_1_256_32_dtype_BFLOAT16_layout_ROW_MAJOR_mapper_241585d9fe31_device_0.tensorbin
2026-09-03 05:01:52.621 | INFO     | tt_transformers.modules.lazy_weight:get_device_weight:120 - [32m[cache hit][0m Loading tensor from cache: /localdev/gwang/tt_transformers/model_cache/llama33_70b/T3K/norm/layer14_pre_attn_srcshape_1_1_256_32_dtype_BFLOAT16_layout_ROW_MAJOR_mapper_b82b244385ac_device_0.tensorbin
2026-09-03 05:01:52.621 | INFO     | tt_transformers.modules.lazy_weight:get_device_weight:120 - [32m[cache hit][0m Loading tensor from cache: /localdev/gwang/tt_transformers/model_cache/llama33_70b/T3K/attn/layer14_wqkv_srcshape_1_1_8192_10240_dtype_BFLOAT8_B_layout_TILE_memcfg_663972112453010226_mapper_660f4331f0f0_device_0.tensorbin
2026-09-03 05:01:52.626 | INFO     | tt_transformers.modules.lazy_weight:get_device_weight:120 - [32m[cache hit][0m Loading tensor from cache: /localdev/gwang/tt_transformers/model_cache/llama33_70b/T3K/attn/layer14_wo_srcshape_1_1_8192_8192_dtype_BFLOAT8_B_layout_TILE_mapper_660f4331f0f0_device_0.tensorbin
2026-09-03 05:01:52.633 | INFO     | tt_transformers.modules.lazy_weight:get_device_weight:120 - [32m[cache hit][0m Loading tensor from cache: /localdev/gwang/tt_transformers/model_cache/llama33_70b/T3K/norm/layer14_post_attn_srcshape_1_1_256_32_dtype_BFLOAT16_layout_ROW_MAJOR_mapper_241585d9fe31_device_0.tensorbin
2026-09-03 05:01:52.633 | INFO     | tt_transformers.modules.lazy_weight:get_device_weight:120 - [32m[cache hit][0m Loading tensor from cache: /localdev/gwang/tt_transformers/model_cache/llama33_70b/T3K/norm/layer14_post_attn_srcshape_1_1_256_32_dtype_BFLOAT16_layout_ROW_MAJOR_mapper_b82b244385ac_device_0.tensorbin
2026-09-03 05:01:52.633 | INFO     | tt_transformers.modules.lazy_weight:get_device_weight:120 - [32m[cache hit][0m Loading tensor from cache: /localdev/gwang/tt_transformers/model_cache/llama33_70b/T3K/mlp/layer14_w1_srcshape_8192_28672_dtype_BFLOAT8_B_layout_TILE_memcfg_1786057467681592545_mapper_660f4331f0f0_device_0.tensorbin
2026-09-03 05:01:52.647 | INFO     | tt_transformers.modules.lazy_weight:get_device_weight:120 - [32m[cache hit][0m Loading tensor from cache: /localdev/gwang/tt_transformers/model_cache/llama33_70b/T3K/mlp/layer14_w2_srcshape_28672_8192_dtype_BFLOAT8_B_layout_TILE_memcfg_906506041791331912_mapper_0cdd7bdaff6f_device_0.tensorbin
2026-09-03 05:01:52.661 | INFO     | tt_transformers.modules.lazy_weight:get_device_weight:120 - [32m[cache hit][0m Loading tensor from cache: /localdev/gwang/tt_transformers/model_cache/llama33_70b/T3K/mlp/layer14_w3_srcshape_8192_28672_dtype_BFLOAT8_B_layout_TILE_memcfg_1786057467681592545_mapper_660f4331f0f0_device_0.tensorbin
2026-09-03 05:01:52.678 | INFO     | tt_transformers.modules.lazy_weight:get_device_weight:120 - [32m[cache hit][0m Loading tensor from cache: /localdev/gwang/tt_transformers/model_cache/llama33_70b/T3K/norm/layer15_pre_attn_srcshape_1_1_256_32_dtype_BFLOAT16_layout_ROW_MAJOR_mapper_241585d9fe31_device_0.tensorbin
2026-09-03 05:01:52.678 | INFO     | tt_transformers.modules.lazy_weight:get_device_weight:120 - [32m[cache hit][0m Loading tensor from cache: /localdev/gwang/tt_transformers/model_cache/llama33_70b/T3K/norm/layer15_pre_attn_srcshape_1_1_256_32_dtype_BFLOAT16_layout_ROW_MAJOR_mapper_b82b244385ac_device_0.tensorbin
2026-09-03 05:01:52.678 | INFO     | tt_transformers.modules.lazy_weight:get_device_weight:120 - [32m[cache hit][0m Loading tensor from cache: /localdev/gwang/tt_transformers/model_cache/llama33_70b/T3K/attn/layer15_wqkv_srcshape_1_1_8192_10240_dtype_BFLOAT8_B_layout_TILE_memcfg_663972112453010226_mapper_660f4331f0f0_device_0.tensorbin
2026-09-03 05:01:52.684 | INFO     | tt_transformers.modules.lazy_weight:get_device_weight:120 - [32m[cache hit][0m Loading tensor from cache: /localdev/gwang/tt_transformers/model_cache/llama33_70b/T3K/attn/layer15_wo_srcshape_1_1_8192_8192_dtype_BFLOAT8_B_layout_TILE_mapper_660f4331f0f0_device_0.tensorbin
2026-09-03 05:01:52.690 | INFO     | tt_transformers.modules.lazy_weight:get_device_weight:120 - [32m[cache hit][0m Loading tensor from cache: /localdev/gwang/tt_transformers/model_cache/llama33_70b/T3K/norm/layer15_post_attn_srcshape_1_1_256_32_dtype_BFLOAT16_layout_ROW_MAJOR_mapper_241585d9fe31_device_0.tensorbin
2026-09-03 05:01:52.690 | INFO     | tt_transformers.modules.lazy_weight:get_device_weight:120 - [32m[cache hit][0m Loading tensor from cache: /localdev/gwang/tt_transformers/model_cache/llama33_70b/T3K/norm/layer15_post_attn_srcshape_1_1_256_32_dtype_BFLOAT16_layout_ROW_MAJOR_mapper_b82b244385ac_device_0.tensorbin
2026-09-03 05:01:52.691 | INFO     | tt_transformers.modules.lazy_weight:get_device_weight:120 - [32m[cache hit][0m Loading tensor from cache: /localdev/gwang/tt_transformers/model_cache/llama33_70b/T3K/mlp/layer15_w1_srcshape_8192_28672_dtype_BFLOAT8_B_layout_TILE_memcfg_1786057467681592545_mapper_660f4331f0f0_device_0.tensorbin
2026-09-03 05:01:52.704 | INFO     | tt_transformers.modules.lazy_weight:get_device_weight:120 - [32m[cache hit][0m Loading tensor from cache: /localdev/gwang/tt_transformers/model_cache/llama33_70b/T3K/mlp/layer15_w2_srcshape_28672_8192_dtype_BFLOAT8_B_layout_TILE_memcfg_906506041791331912_mapper_0cdd7bdaff6f_device_0.tensorbin
2026-09-03 05:01:52.716 | INFO     | tt_transformers.modules.lazy_weight:get_device_weight:120 - [32m[cache hit][0m Loading tensor from cache: /localdev/gwang/tt_transformers/model_cache/llama33_70b/T3K/mlp/layer15_w3_srcshape_8192_28672_dtype_BFLOAT8_B_layout_TILE_memcfg_1786057467681592545_mapper_660f4331f0f0_device_0.tensorbin
2026-09-03 05:01:52.731 | INFO     | tt_transformers.modules.lazy_weight:get_device_weight:120 - [32m[cache hit][0m Loading tensor from cache: /localdev/gwang/tt_transformers/model_cache/llama33_70b/T3K/norm/layer16_pre_attn_srcshape_1_1_256_32_dtype_BFLOAT16_layout_ROW_MAJOR_mapper_241585d9fe31_device_0.tensorbin
2026-09-03 05:01:52.731 | INFO     | tt_transformers.modules.lazy_weight:get_device_weight:120 - [32m[cache hit][0m Loading tensor from cache: /localdev/gwang/tt_transformers/model_cache/llama33_70b/T3K/norm/layer16_pre_attn_srcshape_1_1_256_32_dtype_BFLOAT16_layout_ROW_MAJOR_mapper_b82b244385ac_device_0.tensorbin
2026-09-03 05:01:52.732 | INFO     | tt_transformers.modules.lazy_weight:get_device_weight:120 - [32m[cache hit][0m Loading tensor from cache: /localdev/gwang/tt_transformers/model_cache/llama33_70b/T3K/attn/layer16_wqkv_srcshape_1_1_8192_10240_dtype_BFLOAT8_B_layout_TILE_memcfg_663972112453010226_mapper_660f4331f0f0_device_0.tensorbin
2026-09-03 05:01:52.737 | INFO     | tt_transformers.modules.lazy_weight:get_device_weight:120 - [32m[cache hit][0m Loading tensor from cache: /localdev/gwang/tt_transformers/model_cache/llama33_70b/T3K/attn/layer16_wo_srcshape_1_1_8192_8192_dtype_BFLOAT8_B_layout_TILE_mapper_660f4331f0f0_device_0.tensorbin
2026-09-03 05:01:52.743 | INFO     | tt_transformers.modules.lazy_weight:get_device_weight:120 - [32m[cache hit][0m Loading tensor from cache: /localdev/gwang/tt_transformers/model_cache/llama33_70b/T3K/norm/layer16_post_attn_srcshape_1_1_256_32_dtype_BFLOAT16_layout_ROW_MAJOR_mapper_241585d9fe31_device_0.tensorbin
2026-09-03 05:01:52.743 | INFO     | tt_transformers.modules.lazy_weight:get_device_weight:120 - [32m[cache hit][0m Loading tensor from cache: /localdev/gwang/tt_transformers/model_cache/llama33_70b/T3K/norm/layer16_post_attn_srcshape_1_1_256_32_dtype_BFLOAT16_layout_ROW_MAJOR_mapper_b82b244385ac_device_0.tensorbin
2026-09-03 05:01:52.744 | INFO     | tt_transformers.modules.lazy_weight:get_device_weight:120 - [32m[cache hit][0m Loading tensor from cache: /localdev/gwang/tt_transformers/model_cache/llama33_70b/T3K/mlp/layer16_w1_srcshape_8192_28672_dtype_BFLOAT8_B_layout_TILE_memcfg_1786057467681592545_mapper_660f4331f0f0_device_0.tensorbin
2026-09-03 05:01:52.756 | INFO     | tt_transformers.modules.lazy_weight:get_device_weight:120 - [32m[cache hit][0m Loading tensor from cache: /localdev/gwang/tt_transformers/model_cache/llama33_70b/T3K/mlp/layer16_w2_srcshape_28672_8192_dtype_BFLOAT8_B_layout_TILE_memcfg_906506041791331912_mapper_0cdd7bdaff6f_device_0.tensorbin
2026-09-03 05:01:52.768 | INFO     | tt_transformers.modules.lazy_weight:get_device_weight:120 - [32m[cache hit][0m Loading tensor from cache: /localdev/gwang/tt_transformers/model_cache/llama33_70b/T3K/mlp/layer16_w3_srcshape_8192_28672_dtype_BFLOAT8_B_layout_TILE_memcfg_1786057467681592545_mapper_660f4331f0f0_device_0.tensorbin
2026-09-03 05:01:52.783 | INFO     | tt_transformers.modules.lazy_weight:get_device_weight:120 - [32m[cache hit][0m Loading tensor from cache: /localdev/gwang/tt_transformers/model_cache/llama33_70b/T3K/norm/layer17_pre_attn_srcshape_1_1_256_32_dtype_BFLOAT16_layout_ROW_MAJOR_mapper_241585d9fe31_device_0.tensorbin
2026-09-03 05:01:52.783 | INFO     | tt_transformers.modules.lazy_weight:get_device_weight:120 - [32m[cache hit][0m Loading tensor from cache: /localdev/gwang/tt_transformers/model_cache/llama33_70b/T3K/norm/layer17_pre_attn_srcshape_1_1_256_32_dtype_BFLOAT16_layout_ROW_MAJOR_mapper_b82b244385ac_device_0.tensorbin
2026-09-03 05:01:52.784 | INFO     | tt_transformers.modules.lazy_weight:get_device_weight:120 - [32m[cache hit][0m Loading tensor from cache: /localdev/gwang/tt_transformers/model_cache/llama33_70b/T3K/attn/layer17_wqkv_srcshape_1_1_8192_10240_dtype_BFLOAT8_B_layout_TILE_memcfg_663972112453010226_mapper_660f4331f0f0_device_0.tensorbin
2026-09-03 05:01:52.789 | INFO     | tt_transformers.modules.lazy_weight:get_device_weight:120 - [32m[cache hit][0m Loading tensor from cache: /localdev/gwang/tt_transformers/model_cache/llama33_70b/T3K/attn/layer17_wo_srcshape_1_1_8192_8192_dtype_BFLOAT8_B_layout_TILE_mapper_660f4331f0f0_device_0.tensorbin
2026-09-03 05:01:52.794 | INFO     | tt_transformers.modules.lazy_weight:get_device_weight:120 - [32m[cache hit][0m Loading tensor from cache: /localdev/gwang/tt_transformers/model_cache/llama33_70b/T3K/norm/layer17_post_attn_srcshape_1_1_256_32_dtype_BFLOAT16_layout_ROW_MAJOR_mapper_241585d9fe31_device_0.tensorbin
2026-09-03 05:01:52.795 | INFO     | tt_transformers.modules.lazy_weight:get_device_weight:120 - [32m[cache hit][0m Loading tensor from cache: /localdev/gwang/tt_transformers/model_cache/llama33_70b/T3K/norm/layer17_post_attn_srcshape_1_1_256_32_dtype_BFLOAT16_layout_ROW_MAJOR_mapper_b82b244385ac_device_0.tensorbin
2026-09-03 05:01:52.795 | INFO     | tt_transformers.modules.lazy_weight:get_device_weight:120 - [32m[cache hit][0m Loading tensor from cache: /localdev/gwang/tt_transformers/model_cache/llama33_70b/T3K/mlp/layer17_w1_srcshape_8192_28672_dtype_BFLOAT8_B_layout_TILE_memcfg_1786057467681592545_mapper_660f4331f0f0_device_0.tensorbin
2026-09-03 05:01:52.808 | INFO     | tt_transformers.modules.lazy_weight:get_device_weight:120 - [32m[cache hit][0m Loading tensor from cache: /localdev/gwang/tt_transformers/model_cache/llama33_70b/T3K/mlp/layer17_w2_srcshape_28672_8192_dtype_BFLOAT8_B_layout_TILE_memcfg_906506041791331912_mapper_0cdd7bdaff6f_device_0.tensorbin
2026-09-03 05:01:52.823 | INFO     | tt_transformers.modules.lazy_weight:get_device_weight:120 - [32m[cache hit][0m Loading tensor from cache: /localdev/gwang/tt_transformers/model_cache/llama33_70b/T3K/mlp/layer17_w3_srcshape_8192_28672_dtype_BFLOAT8_B_layout_TILE_memcfg_1786057467681592545_mapper_660f4331f0f0_device_0.tensorbin
2026-09-03 05:01:52.838 | INFO     | tt_transformers.modules.lazy_weight:get_device_weight:120 - [32m[cache hit][0m Loading tensor from cache: /localdev/gwang/tt_transformers/model_cache/llama33_70b/T3K/norm/layer18_pre_attn_srcshape_1_1_256_32_dtype_BFLOAT16_layout_ROW_MAJOR_mapper_241585d9fe31_device_0.tensorbin
2026-09-03 05:01:52.838 | INFO     | tt_transformers.modules.lazy_weight:get_device_weight:120 - [32m[cache hit][0m Loading tensor from cache: /localdev/gwang/tt_transformers/model_cache/llama33_70b/T3K/norm/layer18_pre_attn_srcshape_1_1_256_32_dtype_BFLOAT16_layout_ROW_MAJOR_mapper_b82b244385ac_device_0.tensorbin
2026-09-03 05:01:52.839 | INFO     | tt_transformers.modules.lazy_weight:get_device_weight:120 - [32m[cache hit][0m Loading tensor from cache: /localdev/gwang/tt_transformers/model_cache/llama33_70b/T3K/attn/layer18_wqkv_srcshape_1_1_8192_10240_dtype_BFLOAT8_B_layout_TILE_memcfg_663972112453010226_mapper_660f4331f0f0_device_0.tensorbin
2026-09-03 05:01:52.844 | INFO     | tt_transformers.modules.lazy_weight:get_device_weight:120 - [32m[cache hit][0m Loading tensor from cache: /localdev/gwang/tt_transformers/model_cache/llama33_70b/T3K/attn/layer18_wo_srcshape_1_1_8192_8192_dtype_BFLOAT8_B_layout_TILE_mapper_660f4331f0f0_device_0.tensorbin
2026-09-03 05:01:52.850 | INFO     | tt_transformers.modules.lazy_weight:get_device_weight:120 - [32m[cache hit][0m Loading tensor from cache: /localdev/gwang/tt_transformers/model_cache/llama33_70b/T3K/norm/layer18_post_attn_srcshape_1_1_256_32_dtype_BFLOAT16_layout_ROW_MAJOR_mapper_241585d9fe31_device_0.tensorbin
2026-09-03 05:01:52.850 | INFO     | tt_transformers.modules.lazy_weight:get_device_weight:120 - [32m[cache hit][0m Loading tensor from cache: /localdev/gwang/tt_transformers/model_cache/llama33_70b/T3K/norm/layer18_post_attn_srcshape_1_1_256_32_dtype_BFLOAT16_layout_ROW_MAJOR_mapper_b82b244385ac_device_0.tensorbin
2026-09-03 05:01:52.851 | INFO     | tt_transformers.modules.lazy_weight:get_device_weight:120 - [32m[cache hit][0m Loading tensor from cache: /localdev/gwang/tt_transformers/model_cache/llama33_70b/T3K/mlp/layer18_w1_srcshape_8192_28672_dtype_BFLOAT8_B_layout_TILE_memcfg_1786057467681592545_mapper_660f4331f0f0_device_0.tensorbin
2026-09-03 05:01:52.863 | INFO     | tt_transformers.modules.lazy_weight:get_device_weight:120 - [32m[cache hit][0m Loading tensor from cache: /localdev/gwang/tt_transformers/model_cache/llama33_70b/T3K/mlp/layer18_w2_srcshape_28672_8192_dtype_BFLOAT8_B_layout_TILE_memcfg_906506041791331912_mapper_0cdd7bdaff6f_device_0.tensorbin
2026-09-03 05:01:52.876 | INFO     | tt_transformers.modules.lazy_weight:get_device_weight:120 - [32m[cache hit][0m Loading tensor from cache: /localdev/gwang/tt_transformers/model_cache/llama33_70b/T3K/mlp/layer18_w3_srcshape_8192_28672_dtype_BFLOAT8_B_layout_TILE_memcfg_1786057467681592545_mapper_660f4331f0f0_device_0.tensorbin
2026-09-03 05:01:52.891 | INFO     | tt_transformers.modules.lazy_weight:get_device_weight:120 - [32m[cache hit][0m Loading tensor from cache: /localdev/gwang/tt_transformers/model_cache/llama33_70b/T3K/norm/layer19_pre_attn_srcshape_1_1_256_32_dtype_BFLOAT16_layout_ROW_MAJOR_mapper_241585d9fe31_device_0.tensorbin
2026-09-03 05:01:52.891 | INFO     | tt_transformers.modules.lazy_weight:get_device_weight:120 - [32m[cache hit][0m Loading tensor from cache: /localdev/gwang/tt_transformers/model_cache/llama33_70b/T3K/norm/layer19_pre_attn_srcshape_1_1_256_32_dtype_BFLOAT16_layout_ROW_MAJOR_mapper_b82b244385ac_device_0.tensorbin
2026-09-03 05:01:52.892 | INFO     | tt_transformers.modules.lazy_weight:get_device_weight:120 - [32m[cache hit][0m Loading tensor from cache: /localdev/gwang/tt_transformers/model_cache/llama33_70b/T3K/attn/layer19_wqkv_srcshape_1_1_8192_10240_dtype_BFLOAT8_B_layout_TILE_memcfg_663972112453010226_mapper_660f4331f0f0_device_0.tensorbin
2026-09-03 05:01:52.898 | INFO     | tt_transformers.modules.lazy_weight:get_device_weight:120 - [32m[cache hit][0m Loading tensor from cache: /localdev/gwang/tt_transformers/model_cache/llama33_70b/T3K/attn/layer19_wo_srcshape_1_1_8192_8192_dtype_BFLOAT8_B_layout_TILE_mapper_660f4331f0f0_device_0.tensorbin
2026-09-03 05:01:52.904 | INFO     | tt_transformers.modules.lazy_weight:get_device_weight:120 - [32m[cache hit][0m Loading tensor from cache: /localdev/gwang/tt_transformers/model_cache/llama33_70b/T3K/norm/layer19_post_attn_srcshape_1_1_256_32_dtype_BFLOAT16_layout_ROW_MAJOR_mapper_241585d9fe31_device_0.tensorbin
2026-09-03 05:01:52.904 | INFO     | tt_transformers.modules.lazy_weight:get_device_weight:120 - [32m[cache hit][0m Loading tensor from cache: /localdev/gwang/tt_transformers/model_cache/llama33_70b/T3K/norm/layer19_post_attn_srcshape_1_1_256_32_dtype_BFLOAT16_layout_ROW_MAJOR_mapper_b82b244385ac_device_0.tensorbin
2026-09-03 05:01:52.905 | INFO     | tt_transformers.modules.lazy_weight:get_device_weight:120 - [32m[cache hit][0m Loading tensor from cache: /localdev/gwang/tt_transformers/model_cache/llama33_70b/T3K/mlp/layer19_w1_srcshape_8192_28672_dtype_BFLOAT8_B_layout_TILE_memcfg_1786057467681592545_mapper_660f4331f0f0_device_0.tensorbin
2026-09-03 05:01:52.918 | INFO     | tt_transformers.modules.lazy_weight:get_device_weight:120 - [32m[cache hit][0m Loading tensor from cache: /localdev/gwang/tt_transformers/model_cache/llama33_70b/T3K/mlp/layer19_w2_srcshape_28672_8192_dtype_BFLOAT8_B_layout_TILE_memcfg_906506041791331912_mapper_0cdd7bdaff6f_device_0.tensorbin
2026-09-03 05:01:52.930 | INFO     | tt_transformers.modules.lazy_weight:get_device_weight:120 - [32m[cache hit][0m Loading tensor from cache: /localdev/gwang/tt_transformers/model_cache/llama33_70b/T3K/mlp/layer19_w3_srcshape_8192_28672_dtype_BFLOAT8_B_layout_TILE_memcfg_1786057467681592545_mapper_660f4331f0f0_device_0.tensorbin
2026-09-03 05:01:52.945 | INFO     | tt_transformers.modules.lazy_weight:get_device_weight:120 - [32m[cache hit][0m Loading tensor from cache: /localdev/gwang/tt_transformers/model_cache/llama33_70b/T3K/norm/layer20_pre_attn_srcshape_1_1_256_32_dtype_BFLOAT16_layout_ROW_MAJOR_mapper_241585d9fe31_device_0.tensorbin
2026-09-03 05:01:52.945 | INFO     | tt_transformers.modules.lazy_weight:get_device_weight:120 - [32m[cache hit][0m Loading tensor from cache: /localdev/gwang/tt_transformers/model_cache/llama33_70b/T3K/norm/layer20_pre_attn_srcshape_1_1_256_32_dtype_BFLOAT16_layout_ROW_MAJOR_mapper_b82b244385ac_device_0.tensorbin
2026-09-03 05:01:52.946 | INFO     | tt_transformers.modules.lazy_weight:get_device_weight:120 - [32m[cache hit][0m Loading tensor from cache: /localdev/gwang/tt_transformers/model_cache/llama33_70b/T3K/attn/layer20_wqkv_srcshape_1_1_8192_10240_dtype_BFLOAT8_B_layout_TILE_memcfg_663972112453010226_mapper_660f4331f0f0_device_0.tensorbin
2026-09-03 05:01:52.951 | INFO     | tt_transformers.modules.lazy_weight:get_device_weight:120 - [32m[cache hit][0m Loading tensor from cache: /localdev/gwang/tt_transformers/model_cache/llama33_70b/T3K/attn/layer20_wo_srcshape_1_1_8192_8192_dtype_BFLOAT8_B_layout_TILE_mapper_660f4331f0f0_device_0.tensorbin
2026-09-03 05:01:52.957 | INFO     | tt_transformers.modules.lazy_weight:get_device_weight:120 - [32m[cache hit][0m Loading tensor from cache: /localdev/gwang/tt_transformers/model_cache/llama33_70b/T3K/norm/layer20_post_attn_srcshape_1_1_256_32_dtype_BFLOAT16_layout_ROW_MAJOR_mapper_241585d9fe31_device_0.tensorbin
2026-09-03 05:01:52.957 | INFO     | tt_transformers.modules.lazy_weight:get_device_weight:120 - [32m[cache hit][0m Loading tensor from cache: /localdev/gwang/tt_transformers/model_cache/llama33_70b/T3K/norm/layer20_post_attn_srcshape_1_1_256_32_dtype_BFLOAT16_layout_ROW_MAJOR_mapper_b82b244385ac_device_0.tensorbin
2026-09-03 05:01:52.957 | INFO     | tt_transformers.modules.lazy_weight:get_device_weight:120 - [32m[cache hit][0m Loading tensor from cache: /localdev/gwang/tt_transformers/model_cache/llama33_70b/T3K/mlp/layer20_w1_srcshape_8192_28672_dtype_BFLOAT8_B_layout_TILE_memcfg_1786057467681592545_mapper_660f4331f0f0_device_0.tensorbin
2026-09-03 05:01:52.972 | INFO     | tt_transformers.modules.lazy_weight:get_device_weight:120 - [32m[cache hit][0m Loading tensor from cache: /localdev/gwang/tt_transformers/model_cache/llama33_70b/T3K/mlp/layer20_w2_srcshape_28672_8192_dtype_BFLOAT8_B_layout_TILE_memcfg_906506041791331912_mapper_0cdd7bdaff6f_device_0.tensorbin
2026-09-03 05:01:52.987 | INFO     | tt_transformers.modules.lazy_weight:get_device_weight:120 - [32m[cache hit][0m Loading tensor from cache: /localdev/gwang/tt_transformers/model_cache/llama33_70b/T3K/mlp/layer20_w3_srcshape_8192_28672_dtype_BFLOAT8_B_layout_TILE_memcfg_1786057467681592545_mapper_660f4331f0f0_device_0.tensorbin
2026-09-03 05:01:53.002 | INFO     | tt_transformers.modules.lazy_weight:get_device_weight:120 - [32m[cache hit][0m Loading tensor from cache: /localdev/gwang/tt_transformers/model_cache/llama33_70b/T3K/norm/layer21_pre_attn_srcshape_1_1_256_32_dtype_BFLOAT16_layout_ROW_MAJOR_mapper_241585d9fe31_device_0.tensorbin
2026-09-03 05:01:53.003 | INFO     | tt_transformers.modules.lazy_weight:get_device_weight:120 - [32m[cache hit][0m Loading tensor from cache: /localdev/gwang/tt_transformers/model_cache/llama33_70b/T3K/norm/layer21_pre_attn_srcshape_1_1_256_32_dtype_BFLOAT16_layout_ROW_MAJOR_mapper_b82b244385ac_device_0.tensorbin
2026-09-03 05:01:53.003 | INFO     | tt_transformers.modules.lazy_weight:get_device_weight:120 - [32m[cache hit][0m Loading tensor from cache: /localdev/gwang/tt_transformers/model_cache/llama33_70b/T3K/attn/layer21_wqkv_srcshape_1_1_8192_10240_dtype_BFLOAT8_B_layout_TILE_memcfg_663972112453010226_mapper_660f4331f0f0_device_0.tensorbin
2026-09-03 05:01:53.008 | INFO     | tt_transformers.modules.lazy_weight:get_device_weight:120 - [32m[cache hit][0m Loading tensor from cache: /localdev/gwang/tt_transformers/model_cache/llama33_70b/T3K/attn/layer21_wo_srcshape_1_1_8192_8192_dtype_BFLOAT8_B_layout_TILE_mapper_660f4331f0f0_device_0.tensorbin
2026-09-03 05:01:53.014 | INFO     | tt_transformers.modules.lazy_weight:get_device_weight:120 - [32m[cache hit][0m Loading tensor from cache: /localdev/gwang/tt_transformers/model_cache/llama33_70b/T3K/norm/layer21_post_attn_srcshape_1_1_256_32_dtype_BFLOAT16_layout_ROW_MAJOR_mapper_241585d9fe31_device_0.tensorbin
2026-09-03 05:01:53.014 | INFO     | tt_transformers.modules.lazy_weight:get_device_weight:120 - [32m[cache hit][0m Loading tensor from cache: /localdev/gwang/tt_transformers/model_cache/llama33_70b/T3K/norm/layer21_post_attn_srcshape_1_1_256_32_dtype_BFLOAT16_layout_ROW_MAJOR_mapper_b82b244385ac_device_0.tensorbin
2026-09-03 05:01:53.015 | INFO     | tt_transformers.modules.lazy_weight:get_device_weight:120 - [32m[cache hit][0m Loading tensor from cache: /localdev/gwang/tt_transformers/model_cache/llama33_70b/T3K/mlp/layer21_w1_srcshape_8192_28672_dtype_BFLOAT8_B_layout_TILE_memcfg_1786057467681592545_mapper_660f4331f0f0_device_0.tensorbin
2026-09-03 05:01:53.028 | INFO     | tt_transformers.modules.lazy_weight:get_device_weight:120 - [32m[cache hit][0m Loading tensor from cache: /localdev/gwang/tt_transformers/model_cache/llama33_70b/T3K/mlp/layer21_w2_srcshape_28672_8192_dtype_BFLOAT8_B_layout_TILE_memcfg_906506041791331912_mapper_0cdd7bdaff6f_device_0.tensorbin
2026-09-03 05:01:53.040 | INFO     | tt_transformers.modules.lazy_weight:get_device_weight:120 - [32m[cache hit][0m Loading tensor from cache: /localdev/gwang/tt_transformers/model_cache/llama33_70b/T3K/mlp/layer21_w3_srcshape_8192_28672_dtype_BFLOAT8_B_layout_TILE_memcfg_1786057467681592545_mapper_660f4331f0f0_device_0.tensorbin
2026-09-03 05:01:53.054 | INFO     | tt_transformers.modules.lazy_weight:get_device_weight:120 - [32m[cache hit][0m Loading tensor from cache: /localdev/gwang/tt_transformers/model_cache/llama33_70b/T3K/norm/layer22_pre_attn_srcshape_1_1_256_32_dtype_BFLOAT16_layout_ROW_MAJOR_mapper_241585d9fe31_device_0.tensorbin
2026-09-03 05:01:53.054 | INFO     | tt_transformers.modules.lazy_weight:get_device_weight:120 - [32m[cache hit][0m Loading tensor from cache: /localdev/gwang/tt_transformers/model_cache/llama33_70b/T3K/norm/layer22_pre_attn_srcshape_1_1_256_32_dtype_BFLOAT16_layout_ROW_MAJOR_mapper_b82b244385ac_device_0.tensorbin
2026-09-03 05:01:53.055 | INFO     | tt_transformers.modules.lazy_weight:get_device_weight:120 - [32m[cache hit][0m Loading tensor from cache: /localdev/gwang/tt_transformers/model_cache/llama33_70b/T3K/attn/layer22_wqkv_srcshape_1_1_8192_10240_dtype_BFLOAT8_B_layout_TILE_memcfg_663972112453010226_mapper_660f4331f0f0_device_0.tensorbin
2026-09-03 05:01:53.061 | INFO     | tt_transformers.modules.lazy_weight:get_device_weight:120 - [32m[cache hit][0m Loading tensor from cache: /localdev/gwang/tt_transformers/model_cache/llama33_70b/T3K/attn/layer22_wo_srcshape_1_1_8192_8192_dtype_BFLOAT8_B_layout_TILE_mapper_660f4331f0f0_device_0.tensorbin
2026-09-03 05:01:53.067 | INFO     | tt_transformers.modules.lazy_weight:get_device_weight:120 - [32m[cache hit][0m Loading tensor from cache: /localdev/gwang/tt_transformers/model_cache/llama33_70b/T3K/norm/layer22_post_attn_srcshape_1_1_256_32_dtype_BFLOAT16_layout_ROW_MAJOR_mapper_241585d9fe31_device_0.tensorbin
2026-09-03 05:01:53.067 | INFO     | tt_transformers.modules.lazy_weight:get_device_weight:120 - [32m[cache hit][0m Loading tensor from cache: /localdev/gwang/tt_transformers/model_cache/llama33_70b/T3K/norm/layer22_post_attn_srcshape_1_1_256_32_dtype_BFLOAT16_layout_ROW_MAJOR_mapper_b82b244385ac_device_0.tensorbin
2026-09-03 05:01:53.068 | INFO     | tt_transformers.modules.lazy_weight:get_device_weight:120 - [32m[cache hit][0m Loading tensor from cache: /localdev/gwang/tt_transformers/model_cache/llama33_70b/T3K/mlp/layer22_w1_srcshape_8192_28672_dtype_BFLOAT8_B_layout_TILE_memcfg_1786057467681592545_mapper_660f4331f0f0_device_0.tensorbin
2026-09-03 05:01:53.083 | INFO     | tt_transformers.modules.lazy_weight:get_device_weight:120 - [32m[cache hit][0m Loading tensor from cache: /localdev/gwang/tt_transformers/model_cache/llama33_70b/T3K/mlp/layer22_w2_srcshape_28672_8192_dtype_BFLOAT8_B_layout_TILE_memcfg_906506041791331912_mapper_0cdd7bdaff6f_device_0.tensorbin
2026-09-03 05:01:53.097 | INFO     | tt_transformers.modules.lazy_weight:get_device_weight:120 - [32m[cache hit][0m Loading tensor from cache: /localdev/gwang/tt_transformers/model_cache/llama33_70b/T3K/mlp/layer22_w3_srcshape_8192_28672_dtype_BFLOAT8_B_layout_TILE_memcfg_1786057467681592545_mapper_660f4331f0f0_device_0.tensorbin
2026-09-03 05:01:53.112 | INFO     | tt_transformers.modules.lazy_weight:get_device_weight:120 - [32m[cache hit][0m Loading tensor from cache: /localdev/gwang/tt_transformers/model_cache/llama33_70b/T3K/norm/layer23_pre_attn_srcshape_1_1_256_32_dtype_BFLOAT16_layout_ROW_MAJOR_mapper_241585d9fe31_device_0.tensorbin
2026-09-03 05:01:53.112 | INFO     | tt_transformers.modules.lazy_weight:get_device_weight:120 - [32m[cache hit][0m Loading tensor from cache: /localdev/gwang/tt_transformers/model_cache/llama33_70b/T3K/norm/layer23_pre_attn_srcshape_1_1_256_32_dtype_BFLOAT16_layout_ROW_MAJOR_mapper_b82b244385ac_device_0.tensorbin
2026-09-03 05:01:53.113 | INFO     | tt_transformers.modules.lazy_weight:get_device_weight:120 - [32m[cache hit][0m Loading tensor from cache: /localdev/gwang/tt_transformers/model_cache/llama33_70b/T3K/attn/layer23_wqkv_srcshape_1_1_8192_10240_dtype_BFLOAT8_B_layout_TILE_memcfg_663972112453010226_mapper_660f4331f0f0_device_0.tensorbin
2026-09-03 05:01:53.119 | INFO     | tt_transformers.modules.lazy_weight:get_device_weight:120 - [32m[cache hit][0m Loading tensor from cache: /localdev/gwang/tt_transformers/model_cache/llama33_70b/T3K/attn/layer23_wo_srcshape_1_1_8192_8192_dtype_BFLOAT8_B_layout_TILE_mapper_660f4331f0f0_device_0.tensorbin
2026-09-03 05:01:53.125 | INFO     | tt_transformers.modules.lazy_weight:get_device_weight:120 - [32m[cache hit][0m Loading tensor from cache: /localdev/gwang/tt_transformers/model_cache/llama33_70b/T3K/norm/layer23_post_attn_srcshape_1_1_256_32_dtype_BFLOAT16_layout_ROW_MAJOR_mapper_241585d9fe31_device_0.tensorbin
2026-09-03 05:01:53.126 | INFO     | tt_transformers.modules.lazy_weight:get_device_weight:120 - [32m[cache hit][0m Loading tensor from cache: /localdev/gwang/tt_transformers/model_cache/llama33_70b/T3K/norm/layer23_post_attn_srcshape_1_1_256_32_dtype_BFLOAT16_layout_ROW_MAJOR_mapper_b82b244385ac_device_0.tensorbin
2026-09-03 05:01:53.126 | INFO     | tt_transformers.modules.lazy_weight:get_device_weight:120 - [32m[cache hit][0m Loading tensor from cache: /localdev/gwang/tt_transformers/model_cache/llama33_70b/T3K/mlp/layer23_w1_srcshape_8192_28672_dtype_BFLOAT8_B_layout_TILE_memcfg_1786057467681592545_mapper_660f4331f0f0_device_0.tensorbin
2026-09-03 05:01:53.139 | INFO     | tt_transformers.modules.lazy_weight:get_device_weight:120 - [32m[cache hit][0m Loading tensor from cache: /localdev/gwang/tt_transformers/model_cache/llama33_70b/T3K/mlp/layer23_w2_srcshape_28672_8192_dtype_BFLOAT8_B_layout_TILE_memcfg_906506041791331912_mapper_0cdd7bdaff6f_device_0.tensorbin
2026-09-03 05:01:53.152 | INFO     | tt_transformers.modules.lazy_weight:get_device_weight:120 - [32m[cache hit][0m Loading tensor from cache: /localdev/gwang/tt_transformers/model_cache/llama33_70b/T3K/mlp/layer23_w3_srcshape_8192_28672_dtype_BFLOAT8_B_layout_TILE_memcfg_1786057467681592545_mapper_660f4331f0f0_device_0.tensorbin
2026-09-03 05:01:53.170 | INFO     | tt_transformers.modules.lazy_weight:get_device_weight:120 - [32m[cache hit][0m Loading tensor from cache: /localdev/gwang/tt_transformers/model_cache/llama33_70b/T3K/norm/layer24_pre_attn_srcshape_1_1_256_32_dtype_BFLOAT16_layout_ROW_MAJOR_mapper_241585d9fe31_device_0.tensorbin
2026-09-03 05:01:53.170 | INFO     | tt_transformers.modules.lazy_weight:get_device_weight:120 - [32m[cache hit][0m Loading tensor from cache: /localdev/gwang/tt_transformers/model_cache/llama33_70b/T3K/norm/layer24_pre_attn_srcshape_1_1_256_32_dtype_BFLOAT16_layout_ROW_MAJOR_mapper_b82b244385ac_device_0.tensorbin
2026-09-03 05:01:53.171 | INFO     | tt_transformers.modules.lazy_weight:get_device_weight:120 - [32m[cache hit][0m Loading tensor from cache: /localdev/gwang/tt_transformers/model_cache/llama33_70b/T3K/attn/layer24_wqkv_srcshape_1_1_8192_10240_dtype_BFLOAT8_B_layout_TILE_memcfg_663972112453010226_mapper_660f4331f0f0_device_0.tensorbin
2026-09-03 05:01:53.177 | INFO     | tt_transformers.modules.lazy_weight:get_device_weight:120 - [32m[cache hit][0m Loading tensor from cache: /localdev/gwang/tt_transformers/model_cache/llama33_70b/T3K/attn/layer24_wo_srcshape_1_1_8192_8192_dtype_BFLOAT8_B_layout_TILE_mapper_660f4331f0f0_device_0.tensorbin
2026-09-03 05:01:53.183 | INFO     | tt_transformers.modules.lazy_weight:get_device_weight:120 - [32m[cache hit][0m Loading tensor from cache: /localdev/gwang/tt_transformers/model_cache/llama33_70b/T3K/norm/layer24_post_attn_srcshape_1_1_256_32_dtype_BFLOAT16_layout_ROW_MAJOR_mapper_241585d9fe31_device_0.tensorbin
2026-09-03 05:01:53.183 | INFO     | tt_transformers.modules.lazy_weight:get_device_weight:120 - [32m[cache hit][0m Loading tensor from cache: /localdev/gwang/tt_transformers/model_cache/llama33_70b/T3K/norm/layer24_post_attn_srcshape_1_1_256_32_dtype_BFLOAT16_layout_ROW_MAJOR_mapper_b82b244385ac_device_0.tensorbin
2026-09-03 05:01:53.184 | INFO     | tt_transformers.modules.lazy_weight:get_device_weight:120 - [32m[cache hit][0m Loading tensor from cache: /localdev/gwang/tt_transformers/model_cache/llama33_70b/T3K/mlp/layer24_w1_srcshape_8192_28672_dtype_BFLOAT8_B_layout_TILE_memcfg_1786057467681592545_mapper_660f4331f0f0_device_0.tensorbin
2026-09-03 05:01:53.199 | INFO     | tt_transformers.modules.lazy_weight:get_device_weight:120 - [32m[cache hit][0m Loading tensor from cache: /localdev/gwang/tt_transformers/model_cache/llama33_70b/T3K/mlp/layer24_w2_srcshape_28672_8192_dtype_BFLOAT8_B_layout_TILE_memcfg_906506041791331912_mapper_0cdd7bdaff6f_device_0.tensorbin
2026-09-03 05:01:53.211 | INFO     | tt_transformers.modules.lazy_weight:get_device_weight:120 - [32m[cache hit][0m Loading tensor from cache: /localdev/gwang/tt_transformers/model_cache/llama33_70b/T3K/mlp/layer24_w3_srcshape_8192_28672_dtype_BFLOAT8_B_layout_TILE_memcfg_1786057467681592545_mapper_660f4331f0f0_device_0.tensorbin
2026-09-03 05:01:53.225 | INFO     | tt_transformers.modules.lazy_weight:get_device_weight:120 - [32m[cache hit][0m Loading tensor from cache: /localdev/gwang/tt_transformers/model_cache/llama33_70b/T3K/norm/layer25_pre_attn_srcshape_1_1_256_32_dtype_BFLOAT16_layout_ROW_MAJOR_mapper_241585d9fe31_device_0.tensorbin
2026-09-03 05:01:53.226 | INFO     | tt_transformers.modules.lazy_weight:get_device_weight:120 - [32m[cache hit][0m Loading tensor from cache: /localdev/gwang/tt_transformers/model_cache/llama33_70b/T3K/norm/layer25_pre_attn_srcshape_1_1_256_32_dtype_BFLOAT16_layout_ROW_MAJOR_mapper_b82b244385ac_device_0.tensorbin
2026-09-03 05:01:53.226 | INFO     | tt_transformers.modules.lazy_weight:get_device_weight:120 - [32m[cache hit][0m Loading tensor from cache: /localdev/gwang/tt_transformers/model_cache/llama33_70b/T3K/attn/layer25_wqkv_srcshape_1_1_8192_10240_dtype_BFLOAT8_B_layout_TILE_memcfg_663972112453010226_mapper_660f4331f0f0_device_0.tensorbin
2026-09-03 05:01:53.231 | INFO     | tt_transformers.modules.lazy_weight:get_device_weight:120 - [32m[cache hit][0m Loading tensor from cache: /localdev/gwang/tt_transformers/model_cache/llama33_70b/T3K/attn/layer25_wo_srcshape_1_1_8192_8192_dtype_BFLOAT8_B_layout_TILE_mapper_660f4331f0f0_device_0.tensorbin
2026-09-03 05:01:53.237 | INFO     | tt_transformers.modules.lazy_weight:get_device_weight:120 - [32m[cache hit][0m Loading tensor from cache: /localdev/gwang/tt_transformers/model_cache/llama33_70b/T3K/norm/layer25_post_attn_srcshape_1_1_256_32_dtype_BFLOAT16_layout_ROW_MAJOR_mapper_241585d9fe31_device_0.tensorbin
2026-09-03 05:01:53.237 | INFO     | tt_transformers.modules.lazy_weight:get_device_weight:120 - [32m[cache hit][0m Loading tensor from cache: /localdev/gwang/tt_transformers/model_cache/llama33_70b/T3K/norm/layer25_post_attn_srcshape_1_1_256_32_dtype_BFLOAT16_layout_ROW_MAJOR_mapper_b82b244385ac_device_0.tensorbin
2026-09-03 05:01:53.238 | INFO     | tt_transformers.modules.lazy_weight:get_device_weight:120 - [32m[cache hit][0m Loading tensor from cache: /localdev/gwang/tt_transformers/model_cache/llama33_70b/T3K/mlp/layer25_w1_srcshape_8192_28672_dtype_BFLOAT8_B_layout_TILE_memcfg_1786057467681592545_mapper_660f4331f0f0_device_0.tensorbin
2026-09-03 05:01:53.249 | INFO     | tt_transformers.modules.lazy_weight:get_device_weight:120 - [32m[cache hit][0m Loading tensor from cache: /localdev/gwang/tt_transformers/model_cache/llama33_70b/T3K/mlp/layer25_w2_srcshape_28672_8192_dtype_BFLOAT8_B_layout_TILE_memcfg_906506041791331912_mapper_0cdd7bdaff6f_device_0.tensorbin
2026-09-03 05:01:53.260 | INFO     | tt_transformers.modules.lazy_weight:get_device_weight:120 - [32m[cache hit][0m Loading tensor from cache: /localdev/gwang/tt_transformers/model_cache/llama33_70b/T3K/mlp/layer25_w3_srcshape_8192_28672_dtype_BFLOAT8_B_layout_TILE_memcfg_1786057467681592545_mapper_660f4331f0f0_device_0.tensorbin
2026-09-03 05:01:53.275 | INFO     | tt_transformers.modules.lazy_weight:get_device_weight:120 - [32m[cache hit][0m Loading tensor from cache: /localdev/gwang/tt_transformers/model_cache/llama33_70b/T3K/norm/layer26_pre_attn_srcshape_1_1_256_32_dtype_BFLOAT16_layout_ROW_MAJOR_mapper_241585d9fe31_device_0.tensorbin
2026-09-03 05:01:53.275 | INFO     | tt_transformers.modules.lazy_weight:get_device_weight:120 - [32m[cache hit][0m Loading tensor from cache: /localdev/gwang/tt_transformers/model_cache/llama33_70b/T3K/norm/layer26_pre_attn_srcshape_1_1_256_32_dtype_BFLOAT16_layout_ROW_MAJOR_mapper_b82b244385ac_device_0.tensorbin
2026-09-03 05:01:53.276 | INFO     | tt_transformers.modules.lazy_weight:get_device_weight:120 - [32m[cache hit][0m Loading tensor from cache: /localdev/gwang/tt_transformers/model_cache/llama33_70b/T3K/attn/layer26_wqkv_srcshape_1_1_8192_10240_dtype_BFLOAT8_B_layout_TILE_memcfg_663972112453010226_mapper_660f4331f0f0_device_0.tensorbin
2026-09-03 05:01:53.282 | INFO     | tt_transformers.modules.lazy_weight:get_device_weight:120 - [32m[cache hit][0m Loading tensor from cache: /localdev/gwang/tt_transformers/model_cache/llama33_70b/T3K/attn/layer26_wo_srcshape_1_1_8192_8192_dtype_BFLOAT8_B_layout_TILE_mapper_660f4331f0f0_device_0.tensorbin
2026-09-03 05:01:53.288 | INFO     | tt_transformers.modules.lazy_weight:get_device_weight:120 - [32m[cache hit][0m Loading tensor from cache: /localdev/gwang/tt_transformers/model_cache/llama33_70b/T3K/norm/layer26_post_attn_srcshape_1_1_256_32_dtype_BFLOAT16_layout_ROW_MAJOR_mapper_241585d9fe31_device_0.tensorbin
2026-09-03 05:01:53.288 | INFO     | tt_transformers.modules.lazy_weight:get_device_weight:120 - [32m[cache hit][0m Loading tensor from cache: /localdev/gwang/tt_transformers/model_cache/llama33_70b/T3K/norm/layer26_post_attn_srcshape_1_1_256_32_dtype_BFLOAT16_layout_ROW_MAJOR_mapper_b82b244385ac_device_0.tensorbin
2026-09-03 05:01:53.288 | INFO     | tt_transformers.modules.lazy_weight:get_device_weight:120 - [32m[cache hit][0m Loading tensor from cache: /localdev/gwang/tt_transformers/model_cache/llama33_70b/T3K/mlp/layer26_w1_srcshape_8192_28672_dtype_BFLOAT8_B_layout_TILE_memcfg_1786057467681592545_mapper_660f4331f0f0_device_0.tensorbin
2026-09-03 05:01:53.300 | INFO     | tt_transformers.modules.lazy_weight:get_device_weight:120 - [32m[cache hit][0m Loading tensor from cache: /localdev/gwang/tt_transformers/model_cache/llama33_70b/T3K/mlp/layer26_w2_srcshape_28672_8192_dtype_BFLOAT8_B_layout_TILE_memcfg_906506041791331912_mapper_0cdd7bdaff6f_device_0.tensorbin
2026-09-03 05:01:53.313 | INFO     | tt_transformers.modules.lazy_weight:get_device_weight:120 - [32m[cache hit][0m Loading tensor from cache: /localdev/gwang/tt_transformers/model_cache/llama33_70b/T3K/mlp/layer26_w3_srcshape_8192_28672_dtype_BFLOAT8_B_layout_TILE_memcfg_1786057467681592545_mapper_660f4331f0f0_device_0.tensorbin
2026-09-03 05:01:53.327 | INFO     | tt_transformers.modules.lazy_weight:get_device_weight:120 - [32m[cache hit][0m Loading tensor from cache: /localdev/gwang/tt_transformers/model_cache/llama33_70b/T3K/norm/layer27_pre_attn_srcshape_1_1_256_32_dtype_BFLOAT16_layout_ROW_MAJOR_mapper_241585d9fe31_device_0.tensorbin
2026-09-03 05:01:53.327 | INFO     | tt_transformers.modules.lazy_weight:get_device_weight:120 - [32m[cache hit][0m Loading tensor from cache: /localdev/gwang/tt_transformers/model_cache/llama33_70b/T3K/norm/layer27_pre_attn_srcshape_1_1_256_32_dtype_BFLOAT16_layout_ROW_MAJOR_mapper_b82b244385ac_device_0.tensorbin
2026-09-03 05:01:53.328 | INFO     | tt_transformers.modules.lazy_weight:get_device_weight:120 - [32m[cache hit][0m Loading tensor from cache: /localdev/gwang/tt_transformers/model_cache/llama33_70b/T3K/attn/layer27_wqkv_srcshape_1_1_8192_10240_dtype_BFLOAT8_B_layout_TILE_memcfg_663972112453010226_mapper_660f4331f0f0_device_0.tensorbin
2026-09-03 05:01:53.333 | INFO     | tt_transformers.modules.lazy_weight:get_device_weight:120 - [32m[cache hit][0m Loading tensor from cache: /localdev/gwang/tt_transformers/model_cache/llama33_70b/T3K/attn/layer27_wo_srcshape_1_1_8192_8192_dtype_BFLOAT8_B_layout_TILE_mapper_660f4331f0f0_device_0.tensorbin
2026-09-03 05:01:53.339 | INFO     | tt_transformers.modules.lazy_weight:get_device_weight:120 - [32m[cache hit][0m Loading tensor from cache: /localdev/gwang/tt_transformers/model_cache/llama33_70b/T3K/norm/layer27_post_attn_srcshape_1_1_256_32_dtype_BFLOAT16_layout_ROW_MAJOR_mapper_241585d9fe31_device_0.tensorbin
2026-09-03 05:01:53.339 | INFO     | tt_transformers.modules.lazy_weight:get_device_weight:120 - [32m[cache hit][0m Loading tensor from cache: /localdev/gwang/tt_transformers/model_cache/llama33_70b/T3K/norm/layer27_post_attn_srcshape_1_1_256_32_dtype_BFLOAT16_layout_ROW_MAJOR_mapper_b82b244385ac_device_0.tensorbin
2026-09-03 05:01:53.339 | INFO     | tt_transformers.modules.lazy_weight:get_device_weight:120 - [32m[cache hit][0m Loading tensor from cache: /localdev/gwang/tt_transformers/model_cache/llama33_70b/T3K/mlp/layer27_w1_srcshape_8192_28672_dtype_BFLOAT8_B_layout_TILE_memcfg_1786057467681592545_mapper_660f4331f0f0_device_0.tensorbin
2026-09-03 05:01:53.352 | INFO     | tt_transformers.modules.lazy_weight:get_device_weight:120 - [32m[cache hit][0m Loading tensor from cache: /localdev/gwang/tt_transformers/model_cache/llama33_70b/T3K/mlp/layer27_w2_srcshape_28672_8192_dtype_BFLOAT8_B_layout_TILE_memcfg_906506041791331912_mapper_0cdd7bdaff6f_device_0.tensorbin
2026-09-03 05:01:53.365 | INFO     | tt_transformers.modules.lazy_weight:get_device_weight:120 - [32m[cache hit][0m Loading tensor from cache: /localdev/gwang/tt_transformers/model_cache/llama33_70b/T3K/mlp/layer27_w3_srcshape_8192_28672_dtype_BFLOAT8_B_layout_TILE_memcfg_1786057467681592545_mapper_660f4331f0f0_device_0.tensorbin
2026-09-03 05:01:53.378 | INFO     | tt_transformers.modules.lazy_weight:get_device_weight:120 - [32m[cache hit][0m Loading tensor from cache: /localdev/gwang/tt_transformers/model_cache/llama33_70b/T3K/norm/layer28_pre_attn_srcshape_1_1_256_32_dtype_BFLOAT16_layout_ROW_MAJOR_mapper_241585d9fe31_device_0.tensorbin
2026-09-03 05:01:53.379 | INFO     | tt_transformers.modules.lazy_weight:get_device_weight:120 - [32m[cache hit][0m Loading tensor from cache: /localdev/gwang/tt_transformers/model_cache/llama33_70b/T3K/norm/layer28_pre_attn_srcshape_1_1_256_32_dtype_BFLOAT16_layout_ROW_MAJOR_mapper_b82b244385ac_device_0.tensorbin
2026-09-03 05:01:53.379 | INFO     | tt_transformers.modules.lazy_weight:get_device_weight:120 - [32m[cache hit][0m Loading tensor from cache: /localdev/gwang/tt_transformers/model_cache/llama33_70b/T3K/attn/layer28_wqkv_srcshape_1_1_8192_10240_dtype_BFLOAT8_B_layout_TILE_memcfg_663972112453010226_mapper_660f4331f0f0_device_0.tensorbin
2026-09-03 05:01:53.384 | INFO     | tt_transformers.modules.lazy_weight:get_device_weight:120 - [32m[cache hit][0m Loading tensor from cache: /localdev/gwang/tt_transformers/model_cache/llama33_70b/T3K/attn/layer28_wo_srcshape_1_1_8192_8192_dtype_BFLOAT8_B_layout_TILE_mapper_660f4331f0f0_device_0.tensorbin
2026-09-03 05:01:53.391 | INFO     | tt_transformers.modules.lazy_weight:get_device_weight:120 - [32m[cache hit][0m Loading tensor from cache: /localdev/gwang/tt_transformers/model_cache/llama33_70b/T3K/norm/layer28_post_attn_srcshape_1_1_256_32_dtype_BFLOAT16_layout_ROW_MAJOR_mapper_241585d9fe31_device_0.tensorbin
2026-09-03 05:01:53.391 | INFO     | tt_transformers.modules.lazy_weight:get_device_weight:120 - [32m[cache hit][0m Loading tensor from cache: /localdev/gwang/tt_transformers/model_cache/llama33_70b/T3K/norm/layer28_post_attn_srcshape_1_1_256_32_dtype_BFLOAT16_layout_ROW_MAJOR_mapper_b82b244385ac_device_0.tensorbin
2026-09-03 05:01:53.391 | INFO     | tt_transformers.modules.lazy_weight:get_device_weight:120 - [32m[cache hit][0m Loading tensor from cache: /localdev/gwang/tt_transformers/model_cache/llama33_70b/T3K/mlp/layer28_w1_srcshape_8192_28672_dtype_BFLOAT8_B_layout_TILE_memcfg_1786057467681592545_mapper_660f4331f0f0_device_0.tensorbin
2026-09-03 05:01:53.403 | INFO     | tt_transformers.modules.lazy_weight:get_device_weight:120 - [32m[cache hit][0m Loading tensor from cache: /localdev/gwang/tt_transformers/model_cache/llama33_70b/T3K/mlp/layer28_w2_srcshape_28672_8192_dtype_BFLOAT8_B_layout_TILE_memcfg_906506041791331912_mapper_0cdd7bdaff6f_device_0.tensorbin
2026-09-03 05:01:53.418 | INFO     | tt_transformers.modules.lazy_weight:get_device_weight:120 - [32m[cache hit][0m Loading tensor from cache: /localdev/gwang/tt_transformers/model_cache/llama33_70b/T3K/mlp/layer28_w3_srcshape_8192_28672_dtype_BFLOAT8_B_layout_TILE_memcfg_1786057467681592545_mapper_660f4331f0f0_device_0.tensorbin
2026-09-03 05:01:53.431 | INFO     | tt_transformers.modules.lazy_weight:get_device_weight:120 - [32m[cache hit][0m Loading tensor from cache: /localdev/gwang/tt_transformers/model_cache/llama33_70b/T3K/norm/layer29_pre_attn_srcshape_1_1_256_32_dtype_BFLOAT16_layout_ROW_MAJOR_mapper_241585d9fe31_device_0.tensorbin
2026-09-03 05:01:53.432 | INFO     | tt_transformers.modules.lazy_weight:get_device_weight:120 - [32m[cache hit][0m Loading tensor from cache: /localdev/gwang/tt_transformers/model_cache/llama33_70b/T3K/norm/layer29_pre_attn_srcshape_1_1_256_32_dtype_BFLOAT16_layout_ROW_MAJOR_mapper_b82b244385ac_device_0.tensorbin
2026-09-03 05:01:53.432 | INFO     | tt_transformers.modules.lazy_weight:get_device_weight:120 - [32m[cache hit][0m Loading tensor from cache: /localdev/gwang/tt_transformers/model_cache/llama33_70b/T3K/attn/layer29_wqkv_srcshape_1_1_8192_10240_dtype_BFLOAT8_B_layout_TILE_memcfg_663972112453010226_mapper_660f4331f0f0_device_0.tensorbin
2026-09-03 05:01:53.437 | INFO     | tt_transformers.modules.lazy_weight:get_device_weight:120 - [32m[cache hit][0m Loading tensor from cache: /localdev/gwang/tt_transformers/model_cache/llama33_70b/T3K/attn/layer29_wo_srcshape_1_1_8192_8192_dtype_BFLOAT8_B_layout_TILE_mapper_660f4331f0f0_device_0.tensorbin
2026-09-03 05:01:53.443 | INFO     | tt_transformers.modules.lazy_weight:get_device_weight:120 - [32m[cache hit][0m Loading tensor from cache: /localdev/gwang/tt_transformers/model_cache/llama33_70b/T3K/norm/layer29_post_attn_srcshape_1_1_256_32_dtype_BFLOAT16_layout_ROW_MAJOR_mapper_241585d9fe31_device_0.tensorbin
2026-09-03 05:01:53.443 | INFO     | tt_transformers.modules.lazy_weight:get_device_weight:120 - [32m[cache hit][0m Loading tensor from cache: /localdev/gwang/tt_transformers/model_cache/llama33_70b/T3K/norm/layer29_post_attn_srcshape_1_1_256_32_dtype_BFLOAT16_layout_ROW_MAJOR_mapper_b82b244385ac_device_0.tensorbin
2026-09-03 05:01:53.443 | INFO     | tt_transformers.modules.lazy_weight:get_device_weight:120 - [32m[cache hit][0m Loading tensor from cache: /localdev/gwang/tt_transformers/model_cache/llama33_70b/T3K/mlp/layer29_w1_srcshape_8192_28672_dtype_BFLOAT8_B_layout_TILE_memcfg_1786057467681592545_mapper_660f4331f0f0_device_0.tensorbin
2026-09-03 05:01:53.457 | INFO     | tt_transformers.modules.lazy_weight:get_device_weight:120 - [32m[cache hit][0m Loading tensor from cache: /localdev/gwang/tt_transformers/model_cache/llama33_70b/T3K/mlp/layer29_w2_srcshape_28672_8192_dtype_BFLOAT8_B_layout_TILE_memcfg_906506041791331912_mapper_0cdd7bdaff6f_device_0.tensorbin
2026-09-03 05:01:53.469 | INFO     | tt_transformers.modules.lazy_weight:get_device_weight:120 - [32m[cache hit][0m Loading tensor from cache: /localdev/gwang/tt_transformers/model_cache/llama33_70b/T3K/mlp/layer29_w3_srcshape_8192_28672_dtype_BFLOAT8_B_layout_TILE_memcfg_1786057467681592545_mapper_660f4331f0f0_device_0.tensorbin
2026-09-03 05:01:53.484 | INFO     | tt_transformers.modules.lazy_weight:get_device_weight:120 - [32m[cache hit][0m Loading tensor from cache: /localdev/gwang/tt_transformers/model_cache/llama33_70b/T3K/norm/layer30_pre_attn_srcshape_1_1_256_32_dtype_BFLOAT16_layout_ROW_MAJOR_mapper_241585d9fe31_device_0.tensorbin
2026-09-03 05:01:53.484 | INFO     | tt_transformers.modules.lazy_weight:get_device_weight:120 - [32m[cache hit][0m Loading tensor from cache: /localdev/gwang/tt_transformers/model_cache/llama33_70b/T3K/norm/layer30_pre_attn_srcshape_1_1_256_32_dtype_BFLOAT16_layout_ROW_MAJOR_mapper_b82b244385ac_device_0.tensorbin
2026-09-03 05:01:53.485 | INFO     | tt_transformers.modules.lazy_weight:get_device_weight:120 - [32m[cache hit][0m Loading tensor from cache: /localdev/gwang/tt_transformers/model_cache/llama33_70b/T3K/attn/layer30_wqkv_srcshape_1_1_8192_10240_dtype_BFLOAT8_B_layout_TILE_memcfg_663972112453010226_mapper_660f4331f0f0_device_0.tensorbin
2026-09-03 05:01:53.490 | INFO     | tt_transformers.modules.lazy_weight:get_device_weight:120 - [32m[cache hit][0m Loading tensor from cache: /localdev/gwang/tt_transformers/model_cache/llama33_70b/T3K/attn/layer30_wo_srcshape_1_1_8192_8192_dtype_BFLOAT8_B_layout_TILE_mapper_660f4331f0f0_device_0.tensorbin
2026-09-03 05:01:53.497 | INFO     | tt_transformers.modules.lazy_weight:get_device_weight:120 - [32m[cache hit][0m Loading tensor from cache: /localdev/gwang/tt_transformers/model_cache/llama33_70b/T3K/norm/layer30_post_attn_srcshape_1_1_256_32_dtype_BFLOAT16_layout_ROW_MAJOR_mapper_241585d9fe31_device_0.tensorbin
2026-09-03 05:01:53.497 | INFO     | tt_transformers.modules.lazy_weight:get_device_weight:120 - [32m[cache hit][0m Loading tensor from cache: /localdev/gwang/tt_transformers/model_cache/llama33_70b/T3K/norm/layer30_post_attn_srcshape_1_1_256_32_dtype_BFLOAT16_layout_ROW_MAJOR_mapper_b82b244385ac_device_0.tensorbin
2026-09-03 05:01:53.498 | INFO     | tt_transformers.modules.lazy_weight:get_device_weight:120 - [32m[cache hit][0m Loading tensor from cache: /localdev/gwang/tt_transformers/model_cache/llama33_70b/T3K/mlp/layer30_w1_srcshape_8192_28672_dtype_BFLOAT8_B_layout_TILE_memcfg_1786057467681592545_mapper_660f4331f0f0_device_0.tensorbin
2026-09-03 05:01:53.511 | INFO     | tt_transformers.modules.lazy_weight:get_device_weight:120 - [32m[cache hit][0m Loading tensor from cache: /localdev/gwang/tt_transformers/model_cache/llama33_70b/T3K/mlp/layer30_w2_srcshape_28672_8192_dtype_BFLOAT8_B_layout_TILE_memcfg_906506041791331912_mapper_0cdd7bdaff6f_device_0.tensorbin
2026-09-03 05:01:53.523 | INFO     | tt_transformers.modules.lazy_weight:get_device_weight:120 - [32m[cache hit][0m Loading tensor from cache: /localdev/gwang/tt_transformers/model_cache/llama33_70b/T3K/mlp/layer30_w3_srcshape_8192_28672_dtype_BFLOAT8_B_layout_TILE_memcfg_1786057467681592545_mapper_660f4331f0f0_device_0.tensorbin
2026-09-03 05:01:53.538 | INFO     | tt_transformers.modules.lazy_weight:get_device_weight:120 - [32m[cache hit][0m Loading tensor from cache: /localdev/gwang/tt_transformers/model_cache/llama33_70b/T3K/norm/layer31_pre_attn_srcshape_1_1_256_32_dtype_BFLOAT16_layout_ROW_MAJOR_mapper_241585d9fe31_device_0.tensorbin
2026-09-03 05:01:53.538 | INFO     | tt_transformers.modules.lazy_weight:get_device_weight:120 - [32m[cache hit][0m Loading tensor from cache: /localdev/gwang/tt_transformers/model_cache/llama33_70b/T3K/norm/layer31_pre_attn_srcshape_1_1_256_32_dtype_BFLOAT16_layout_ROW_MAJOR_mapper_b82b244385ac_device_0.tensorbin
2026-09-03 05:01:53.539 | INFO     | tt_transformers.modules.lazy_weight:get_device_weight:120 - [32m[cache hit][0m Loading tensor from cache: /localdev/gwang/tt_transformers/model_cache/llama33_70b/T3K/attn/layer31_wqkv_srcshape_1_1_8192_10240_dtype_BFLOAT8_B_layout_TILE_memcfg_663972112453010226_mapper_660f4331f0f0_device_0.tensorbin
2026-09-03 05:01:53.544 | INFO     | tt_transformers.modules.lazy_weight:get_device_weight:120 - [32m[cache hit][0m Loading tensor from cache: /localdev/gwang/tt_transformers/model_cache/llama33_70b/T3K/attn/layer31_wo_srcshape_1_1_8192_8192_dtype_BFLOAT8_B_layout_TILE_mapper_660f4331f0f0_device_0.tensorbin
2026-09-03 05:01:53.551 | INFO     | tt_transformers.modules.lazy_weight:get_device_weight:120 - [32m[cache hit][0m Loading tensor from cache: /localdev/gwang/tt_transformers/model_cache/llama33_70b/T3K/norm/layer31_post_attn_srcshape_1_1_256_32_dtype_BFLOAT16_layout_ROW_MAJOR_mapper_241585d9fe31_device_0.tensorbin
2026-09-03 05:01:53.551 | INFO     | tt_transformers.modules.lazy_weight:get_device_weight:120 - [32m[cache hit][0m Loading tensor from cache: /localdev/gwang/tt_transformers/model_cache/llama33_70b/T3K/norm/layer31_post_attn_srcshape_1_1_256_32_dtype_BFLOAT16_layout_ROW_MAJOR_mapper_b82b244385ac_device_0.tensorbin
2026-09-03 05:01:53.552 | INFO     | tt_transformers.modules.lazy_weight:get_device_weight:120 - [32m[cache hit][0m Loading tensor from cache: /localdev/gwang/tt_transformers/model_cache/llama33_70b/T3K/mlp/layer31_w1_srcshape_8192_28672_dtype_BFLOAT8_B_layout_TILE_memcfg_1786057467681592545_mapper_660f4331f0f0_device_0.tensorbin
2026-09-03 05:01:53.568 | INFO     | tt_transformers.modules.lazy_weight:get_device_weight:120 - [32m[cache hit][0m Loading tensor from cache: /localdev/gwang/tt_transformers/model_cache/llama33_70b/T3K/mlp/layer31_w2_srcshape_28672_8192_dtype_BFLOAT8_B_layout_TILE_memcfg_906506041791331912_mapper_0cdd7bdaff6f_device_0.tensorbin
2026-09-03 05:01:53.583 | INFO     | tt_transformers.modules.lazy_weight:get_device_weight:120 - [32m[cache hit][0m Loading tensor from cache: /localdev/gwang/tt_transformers/model_cache/llama33_70b/T3K/mlp/layer31_w3_srcshape_8192_28672_dtype_BFLOAT8_B_layout_TILE_memcfg_1786057467681592545_mapper_660f4331f0f0_device_0.tensorbin
2026-09-03 05:01:53.599 | INFO     | tt_transformers.modules.lazy_weight:get_device_weight:120 - [32m[cache hit][0m Loading tensor from cache: /localdev/gwang/tt_transformers/model_cache/llama33_70b/T3K/norm/layer32_pre_attn_srcshape_1_1_256_32_dtype_BFLOAT16_layout_ROW_MAJOR_mapper_241585d9fe31_device_0.tensorbin
2026-09-03 05:01:53.600 | INFO     | tt_transformers.modules.lazy_weight:get_device_weight:120 - [32m[cache hit][0m Loading tensor from cache: /localdev/gwang/tt_transformers/model_cache/llama33_70b/T3K/norm/layer32_pre_attn_srcshape_1_1_256_32_dtype_BFLOAT16_layout_ROW_MAJOR_mapper_b82b244385ac_device_0.tensorbin
2026-09-03 05:01:53.600 | INFO     | tt_transformers.modules.lazy_weight:get_device_weight:120 - [32m[cache hit][0m Loading tensor from cache: /localdev/gwang/tt_transformers/model_cache/llama33_70b/T3K/attn/layer32_wqkv_srcshape_1_1_8192_10240_dtype_BFLOAT8_B_layout_TILE_memcfg_663972112453010226_mapper_660f4331f0f0_device_0.tensorbin
2026-09-03 05:01:53.605 | INFO     | tt_transformers.modules.lazy_weight:get_device_weight:120 - [32m[cache hit][0m Loading tensor from cache: /localdev/gwang/tt_transformers/model_cache/llama33_70b/T3K/attn/layer32_wo_srcshape_1_1_8192_8192_dtype_BFLOAT8_B_layout_TILE_mapper_660f4331f0f0_device_0.tensorbin
2026-09-03 05:01:53.612 | INFO     | tt_transformers.modules.lazy_weight:get_device_weight:120 - [32m[cache hit][0m Loading tensor from cache: /localdev/gwang/tt_transformers/model_cache/llama33_70b/T3K/norm/layer32_post_attn_srcshape_1_1_256_32_dtype_BFLOAT16_layout_ROW_MAJOR_mapper_241585d9fe31_device_0.tensorbin
2026-09-03 05:01:53.612 | INFO     | tt_transformers.modules.lazy_weight:get_device_weight:120 - [32m[cache hit][0m Loading tensor from cache: /localdev/gwang/tt_transformers/model_cache/llama33_70b/T3K/norm/layer32_post_attn_srcshape_1_1_256_32_dtype_BFLOAT16_layout_ROW_MAJOR_mapper_b82b244385ac_device_0.tensorbin
2026-09-03 05:01:53.613 | INFO     | tt_transformers.modules.lazy_weight:get_device_weight:120 - [32m[cache hit][0m Loading tensor from cache: /localdev/gwang/tt_transformers/model_cache/llama33_70b/T3K/mlp/layer32_w1_srcshape_8192_28672_dtype_BFLOAT8_B_layout_TILE_memcfg_1786057467681592545_mapper_660f4331f0f0_device_0.tensorbin
2026-09-03 05:01:53.626 | INFO     | tt_transformers.modules.lazy_weight:get_device_weight:120 - [32m[cache hit][0m Loading tensor from cache: /localdev/gwang/tt_transformers/model_cache/llama33_70b/T3K/mlp/layer32_w2_srcshape_28672_8192_dtype_BFLOAT8_B_layout_TILE_memcfg_906506041791331912_mapper_0cdd7bdaff6f_device_0.tensorbin
2026-09-03 05:01:53.638 | INFO     | tt_transformers.modules.lazy_weight:get_device_weight:120 - [32m[cache hit][0m Loading tensor from cache: /localdev/gwang/tt_transformers/model_cache/llama33_70b/T3K/mlp/layer32_w3_srcshape_8192_28672_dtype_BFLOAT8_B_layout_TILE_memcfg_1786057467681592545_mapper_660f4331f0f0_device_0.tensorbin
2026-09-03 05:01:53.656 | INFO     | tt_transformers.modules.lazy_weight:get_device_weight:120 - [32m[cache hit][0m Loading tensor from cache: /localdev/gwang/tt_transformers/model_cache/llama33_70b/T3K/norm/layer33_pre_attn_srcshape_1_1_256_32_dtype_BFLOAT16_layout_ROW_MAJOR_mapper_241585d9fe31_device_0.tensorbin
2026-09-03 05:01:53.656 | INFO     | tt_transformers.modules.lazy_weight:get_device_weight:120 - [32m[cache hit][0m Loading tensor from cache: /localdev/gwang/tt_transformers/model_cache/llama33_70b/T3K/norm/layer33_pre_attn_srcshape_1_1_256_32_dtype_BFLOAT16_layout_ROW_MAJOR_mapper_b82b244385ac_device_0.tensorbin
2026-09-03 05:01:53.656 | INFO     | tt_transformers.modules.lazy_weight:get_device_weight:120 - [32m[cache hit][0m Loading tensor from cache: /localdev/gwang/tt_transformers/model_cache/llama33_70b/T3K/attn/layer33_wqkv_srcshape_1_1_8192_10240_dtype_BFLOAT8_B_layout_TILE_memcfg_663972112453010226_mapper_660f4331f0f0_device_0.tensorbin
2026-09-03 05:01:53.663 | INFO     | tt_transformers.modules.lazy_weight:get_device_weight:120 - [32m[cache hit][0m Loading tensor from cache: /localdev/gwang/tt_transformers/model_cache/llama33_70b/T3K/attn/layer33_wo_srcshape_1_1_8192_8192_dtype_BFLOAT8_B_layout_TILE_mapper_660f4331f0f0_device_0.tensorbin
2026-09-03 05:01:53.670 | INFO     | tt_transformers.modules.lazy_weight:get_device_weight:120 - [32m[cache hit][0m Loading tensor from cache: /localdev/gwang/tt_transformers/model_cache/llama33_70b/T3K/norm/layer33_post_attn_srcshape_1_1_256_32_dtype_BFLOAT16_layout_ROW_MAJOR_mapper_241585d9fe31_device_0.tensorbin
2026-09-03 05:01:53.670 | INFO     | tt_transformers.modules.lazy_weight:get_device_weight:120 - [32m[cache hit][0m Loading tensor from cache: /localdev/gwang/tt_transformers/model_cache/llama33_70b/T3K/norm/layer33_post_attn_srcshape_1_1_256_32_dtype_BFLOAT16_layout_ROW_MAJOR_mapper_b82b244385ac_device_0.tensorbin
2026-09-03 05:01:53.670 | INFO     | tt_transformers.modules.lazy_weight:get_device_weight:120 - [32m[cache hit][0m Loading tensor from cache: /localdev/gwang/tt_transformers/model_cache/llama33_70b/T3K/mlp/layer33_w1_srcshape_8192_28672_dtype_BFLOAT8_B_layout_TILE_memcfg_1786057467681592545_mapper_660f4331f0f0_device_0.tensorbin
2026-09-03 05:01:53.686 | INFO     | tt_transformers.modules.lazy_weight:get_device_weight:120 - [32m[cache hit][0m Loading tensor from cache: /localdev/gwang/tt_transformers/model_cache/llama33_70b/T3K/mlp/layer33_w2_srcshape_28672_8192_dtype_BFLOAT8_B_layout_TILE_memcfg_906506041791331912_mapper_0cdd7bdaff6f_device_0.tensorbin
2026-09-03 05:01:53.700 | INFO     | tt_transformers.modules.lazy_weight:get_device_weight:120 - [32m[cache hit][0m Loading tensor from cache: /localdev/gwang/tt_transformers/model_cache/llama33_70b/T3K/mlp/layer33_w3_srcshape_8192_28672_dtype_BFLOAT8_B_layout_TILE_memcfg_1786057467681592545_mapper_660f4331f0f0_device_0.tensorbin
2026-09-03 05:01:53.715 | INFO     | tt_transformers.modules.lazy_weight:get_device_weight:120 - [32m[cache hit][0m Loading tensor from cache: /localdev/gwang/tt_transformers/model_cache/llama33_70b/T3K/norm/layer34_pre_attn_srcshape_1_1_256_32_dtype_BFLOAT16_layout_ROW_MAJOR_mapper_241585d9fe31_device_0.tensorbin
2026-09-03 05:01:53.716 | INFO     | tt_transformers.modules.lazy_weight:get_device_weight:120 - [32m[cache hit][0m Loading tensor from cache: /localdev/gwang/tt_transformers/model_cache/llama33_70b/T3K/norm/layer34_pre_attn_srcshape_1_1_256_32_dtype_BFLOAT16_layout_ROW_MAJOR_mapper_b82b244385ac_device_0.tensorbin
2026-09-03 05:01:53.716 | INFO     | tt_transformers.modules.lazy_weight:get_device_weight:120 - [32m[cache hit][0m Loading tensor from cache: /localdev/gwang/tt_transformers/model_cache/llama33_70b/T3K/attn/layer34_wqkv_srcshape_1_1_8192_10240_dtype_BFLOAT8_B_layout_TILE_memcfg_663972112453010226_mapper_660f4331f0f0_device_0.tensorbin
2026-09-03 05:01:53.722 | INFO     | tt_transformers.modules.lazy_weight:get_device_weight:120 - [32m[cache hit][0m Loading tensor from cache: /localdev/gwang/tt_transformers/model_cache/llama33_70b/T3K/attn/layer34_wo_srcshape_1_1_8192_8192_dtype_BFLOAT8_B_layout_TILE_mapper_660f4331f0f0_device_0.tensorbin
2026-09-03 05:01:53.729 | INFO     | tt_transformers.modules.lazy_weight:get_device_weight:120 - [32m[cache hit][0m Loading tensor from cache: /localdev/gwang/tt_transformers/model_cache/llama33_70b/T3K/norm/layer34_post_attn_srcshape_1_1_256_32_dtype_BFLOAT16_layout_ROW_MAJOR_mapper_241585d9fe31_device_0.tensorbin
2026-09-03 05:01:53.729 | INFO     | tt_transformers.modules.lazy_weight:get_device_weight:120 - [32m[cache hit][0m Loading tensor from cache: /localdev/gwang/tt_transformers/model_cache/llama33_70b/T3K/norm/layer34_post_attn_srcshape_1_1_256_32_dtype_BFLOAT16_layout_ROW_MAJOR_mapper_b82b244385ac_device_0.tensorbin
2026-09-03 05:01:53.729 | INFO     | tt_transformers.modules.lazy_weight:get_device_weight:120 - [32m[cache hit][0m Loading tensor from cache: /localdev/gwang/tt_transformers/model_cache/llama33_70b/T3K/mlp/layer34_w1_srcshape_8192_28672_dtype_BFLOAT8_B_layout_TILE_memcfg_1786057467681592545_mapper_660f4331f0f0_device_0.tensorbin
2026-09-03 05:01:53.743 | INFO     | tt_transformers.modules.lazy_weight:get_device_weight:120 - [32m[cache hit][0m Loading tensor from cache: /localdev/gwang/tt_transformers/model_cache/llama33_70b/T3K/mlp/layer34_w2_srcshape_28672_8192_dtype_BFLOAT8_B_layout_TILE_memcfg_906506041791331912_mapper_0cdd7bdaff6f_device_0.tensorbin
2026-09-03 05:01:53.756 | INFO     | tt_transformers.modules.lazy_weight:get_device_weight:120 - [32m[cache hit][0m Loading tensor from cache: /localdev/gwang/tt_transformers/model_cache/llama33_70b/T3K/mlp/layer34_w3_srcshape_8192_28672_dtype_BFLOAT8_B_layout_TILE_memcfg_1786057467681592545_mapper_660f4331f0f0_device_0.tensorbin
2026-09-03 05:01:53.770 | INFO     | tt_transformers.modules.lazy_weight:get_device_weight:120 - [32m[cache hit][0m Loading tensor from cache: /localdev/gwang/tt_transformers/model_cache/llama33_70b/T3K/norm/layer35_pre_attn_srcshape_1_1_256_32_dtype_BFLOAT16_layout_ROW_MAJOR_mapper_241585d9fe31_device_0.tensorbin
2026-09-03 05:01:53.771 | INFO     | tt_transformers.modules.lazy_weight:get_device_weight:120 - [32m[cache hit][0m Loading tensor from cache: /localdev/gwang/tt_transformers/model_cache/llama33_70b/T3K/norm/layer35_pre_attn_srcshape_1_1_256_32_dtype_BFLOAT16_layout_ROW_MAJOR_mapper_b82b244385ac_device_0.tensorbin
2026-09-03 05:01:53.772 | INFO     | tt_transformers.modules.lazy_weight:get_device_weight:120 - [32m[cache hit][0m Loading tensor from cache: /localdev/gwang/tt_transformers/model_cache/llama33_70b/T3K/attn/layer35_wqkv_srcshape_1_1_8192_10240_dtype_BFLOAT8_B_layout_TILE_memcfg_663972112453010226_mapper_660f4331f0f0_device_0.tensorbin
2026-09-03 05:01:53.778 | INFO     | tt_transformers.modules.lazy_weight:get_device_weight:120 - [32m[cache hit][0m Loading tensor from cache: /localdev/gwang/tt_transformers/model_cache/llama33_70b/T3K/attn/layer35_wo_srcshape_1_1_8192_8192_dtype_BFLOAT8_B_layout_TILE_mapper_660f4331f0f0_device_0.tensorbin
2026-09-03 05:01:53.784 | INFO     | tt_transformers.modules.lazy_weight:get_device_weight:120 - [32m[cache hit][0m Loading tensor from cache: /localdev/gwang/tt_transformers/model_cache/llama33_70b/T3K/norm/layer35_post_attn_srcshape_1_1_256_32_dtype_BFLOAT16_layout_ROW_MAJOR_mapper_241585d9fe31_device_0.tensorbin
2026-09-03 05:01:53.784 | INFO     | tt_transformers.modules.lazy_weight:get_device_weight:120 - [32m[cache hit][0m Loading tensor from cache: /localdev/gwang/tt_transformers/model_cache/llama33_70b/T3K/norm/layer35_post_attn_srcshape_1_1_256_32_dtype_BFLOAT16_layout_ROW_MAJOR_mapper_b82b244385ac_device_0.tensorbin
2026-09-03 05:01:53.786 | INFO     | tt_transformers.modules.lazy_weight:get_device_weight:120 - [32m[cache hit][0m Loading tensor from cache: /localdev/gwang/tt_transformers/model_cache/llama33_70b/T3K/mlp/layer35_w1_srcshape_8192_28672_dtype_BFLOAT8_B_layout_TILE_memcfg_1786057467681592545_mapper_660f4331f0f0_device_0.tensorbin
2026-09-03 05:01:53.799 | INFO     | tt_transformers.modules.lazy_weight:get_device_weight:120 - [32m[cache hit][0m Loading tensor from cache: /localdev/gwang/tt_transformers/model_cache/llama33_70b/T3K/mlp/layer35_w2_srcshape_28672_8192_dtype_BFLOAT8_B_layout_TILE_memcfg_906506041791331912_mapper_0cdd7bdaff6f_device_0.tensorbin
2026-09-03 05:01:53.813 | INFO     | tt_transformers.modules.lazy_weight:get_device_weight:120 - [32m[cache hit][0m Loading tensor from cache: /localdev/gwang/tt_transformers/model_cache/llama33_70b/T3K/mlp/layer35_w3_srcshape_8192_28672_dtype_BFLOAT8_B_layout_TILE_memcfg_1786057467681592545_mapper_660f4331f0f0_device_0.tensorbin
2026-09-03 05:01:53.828 | INFO     | tt_transformers.modules.lazy_weight:get_device_weight:120 - [32m[cache hit][0m Loading tensor from cache: /localdev/gwang/tt_transformers/model_cache/llama33_70b/T3K/norm/layer36_pre_attn_srcshape_1_1_256_32_dtype_BFLOAT16_layout_ROW_MAJOR_mapper_241585d9fe31_device_0.tensorbin
2026-09-03 05:01:53.829 | INFO     | tt_transformers.modules.lazy_weight:get_device_weight:120 - [32m[cache hit][0m Loading tensor from cache: /localdev/gwang/tt_transformers/model_cache/llama33_70b/T3K/norm/layer36_pre_attn_srcshape_1_1_256_32_dtype_BFLOAT16_layout_ROW_MAJOR_mapper_b82b244385ac_device_0.tensorbin
2026-09-03 05:01:53.829 | INFO     | tt_transformers.modules.lazy_weight:get_device_weight:120 - [32m[cache hit][0m Loading tensor from cache: /localdev/gwang/tt_transformers/model_cache/llama33_70b/T3K/attn/layer36_wqkv_srcshape_1_1_8192_10240_dtype_BFLOAT8_B_layout_TILE_memcfg_663972112453010226_mapper_660f4331f0f0_device_0.tensorbin
2026-09-03 05:01:53.834 | INFO     | tt_transformers.modules.lazy_weight:get_device_weight:120 - [32m[cache hit][0m Loading tensor from cache: /localdev/gwang/tt_transformers/model_cache/llama33_70b/T3K/attn/layer36_wo_srcshape_1_1_8192_8192_dtype_BFLOAT8_B_layout_TILE_mapper_660f4331f0f0_device_0.tensorbin
2026-09-03 05:01:53.840 | INFO     | tt_transformers.modules.lazy_weight:get_device_weight:120 - [32m[cache hit][0m Loading tensor from cache: /localdev/gwang/tt_transformers/model_cache/llama33_70b/T3K/norm/layer36_post_attn_srcshape_1_1_256_32_dtype_BFLOAT16_layout_ROW_MAJOR_mapper_241585d9fe31_device_0.tensorbin
2026-09-03 05:01:53.841 | INFO     | tt_transformers.modules.lazy_weight:get_device_weight:120 - [32m[cache hit][0m Loading tensor from cache: /localdev/gwang/tt_transformers/model_cache/llama33_70b/T3K/norm/layer36_post_attn_srcshape_1_1_256_32_dtype_BFLOAT16_layout_ROW_MAJOR_mapper_b82b244385ac_device_0.tensorbin
2026-09-03 05:01:53.841 | INFO     | tt_transformers.modules.lazy_weight:get_device_weight:120 - [32m[cache hit][0m Loading tensor from cache: /localdev/gwang/tt_transformers/model_cache/llama33_70b/T3K/mlp/layer36_w1_srcshape_8192_28672_dtype_BFLOAT8_B_layout_TILE_memcfg_1786057467681592545_mapper_660f4331f0f0_device_0.tensorbin
2026-09-03 05:01:53.855 | INFO     | tt_transformers.modules.lazy_weight:get_device_weight:120 - [32m[cache hit][0m Loading tensor from cache: /localdev/gwang/tt_transformers/model_cache/llama33_70b/T3K/mlp/layer36_w2_srcshape_28672_8192_dtype_BFLOAT8_B_layout_TILE_memcfg_906506041791331912_mapper_0cdd7bdaff6f_device_0.tensorbin
2026-09-03 05:01:53.867 | INFO     | tt_transformers.modules.lazy_weight:get_device_weight:120 - [32m[cache hit][0m Loading tensor from cache: /localdev/gwang/tt_transformers/model_cache/llama33_70b/T3K/mlp/layer36_w3_srcshape_8192_28672_dtype_BFLOAT8_B_layout_TILE_memcfg_1786057467681592545_mapper_660f4331f0f0_device_0.tensorbin
2026-09-03 05:01:53.883 | INFO     | tt_transformers.modules.lazy_weight:get_device_weight:120 - [32m[cache hit][0m Loading tensor from cache: /localdev/gwang/tt_transformers/model_cache/llama33_70b/T3K/norm/layer37_pre_attn_srcshape_1_1_256_32_dtype_BFLOAT16_layout_ROW_MAJOR_mapper_241585d9fe31_device_0.tensorbin
2026-09-03 05:01:53.883 | INFO     | tt_transformers.modules.lazy_weight:get_device_weight:120 - [32m[cache hit][0m Loading tensor from cache: /localdev/gwang/tt_transformers/model_cache/llama33_70b/T3K/norm/layer37_pre_attn_srcshape_1_1_256_32_dtype_BFLOAT16_layout_ROW_MAJOR_mapper_b82b244385ac_device_0.tensorbin
2026-09-03 05:01:53.884 | INFO     | tt_transformers.modules.lazy_weight:get_device_weight:120 - [32m[cache hit][0m Loading tensor from cache: /localdev/gwang/tt_transformers/model_cache/llama33_70b/T3K/attn/layer37_wqkv_srcshape_1_1_8192_10240_dtype_BFLOAT8_B_layout_TILE_memcfg_663972112453010226_mapper_660f4331f0f0_device_0.tensorbin
2026-09-03 05:01:53.888 | INFO     | tt_transformers.modules.lazy_weight:get_device_weight:120 - [32m[cache hit][0m Loading tensor from cache: /localdev/gwang/tt_transformers/model_cache/llama33_70b/T3K/attn/layer37_wo_srcshape_1_1_8192_8192_dtype_BFLOAT8_B_layout_TILE_mapper_660f4331f0f0_device_0.tensorbin
2026-09-03 05:01:53.894 | INFO     | tt_transformers.modules.lazy_weight:get_device_weight:120 - [32m[cache hit][0m Loading tensor from cache: /localdev/gwang/tt_transformers/model_cache/llama33_70b/T3K/norm/layer37_post_attn_srcshape_1_1_256_32_dtype_BFLOAT16_layout_ROW_MAJOR_mapper_241585d9fe31_device_0.tensorbin
2026-09-03 05:01:53.895 | INFO     | tt_transformers.modules.lazy_weight:get_device_weight:120 - [32m[cache hit][0m Loading tensor from cache: /localdev/gwang/tt_transformers/model_cache/llama33_70b/T3K/norm/layer37_post_attn_srcshape_1_1_256_32_dtype_BFLOAT16_layout_ROW_MAJOR_mapper_b82b244385ac_device_0.tensorbin
2026-09-03 05:01:53.895 | INFO     | tt_transformers.modules.lazy_weight:get_device_weight:120 - [32m[cache hit][0m Loading tensor from cache: /localdev/gwang/tt_transformers/model_cache/llama33_70b/T3K/mlp/layer37_w1_srcshape_8192_28672_dtype_BFLOAT8_B_layout_TILE_memcfg_1786057467681592545_mapper_660f4331f0f0_device_0.tensorbin
2026-09-03 05:01:53.908 | INFO     | tt_transformers.modules.lazy_weight:get_device_weight:120 - [32m[cache hit][0m Loading tensor from cache: /localdev/gwang/tt_transformers/model_cache/llama33_70b/T3K/mlp/layer37_w2_srcshape_28672_8192_dtype_BFLOAT8_B_layout_TILE_memcfg_906506041791331912_mapper_0cdd7bdaff6f_device_0.tensorbin
2026-09-03 05:01:53.923 | INFO     | tt_transformers.modules.lazy_weight:get_device_weight:120 - [32m[cache hit][0m Loading tensor from cache: /localdev/gwang/tt_transformers/model_cache/llama33_70b/T3K/mlp/layer37_w3_srcshape_8192_28672_dtype_BFLOAT8_B_layout_TILE_memcfg_1786057467681592545_mapper_660f4331f0f0_device_0.tensorbin
2026-09-03 05:01:53.937 | INFO     | tt_transformers.modules.lazy_weight:get_device_weight:120 - [32m[cache hit][0m Loading tensor from cache: /localdev/gwang/tt_transformers/model_cache/llama33_70b/T3K/norm/layer38_pre_attn_srcshape_1_1_256_32_dtype_BFLOAT16_layout_ROW_MAJOR_mapper_241585d9fe31_device_0.tensorbin
2026-09-03 05:01:53.938 | INFO     | tt_transformers.modules.lazy_weight:get_device_weight:120 - [32m[cache hit][0m Loading tensor from cache: /localdev/gwang/tt_transformers/model_cache/llama33_70b/T3K/norm/layer38_pre_attn_srcshape_1_1_256_32_dtype_BFLOAT16_layout_ROW_MAJOR_mapper_b82b244385ac_device_0.tensorbin
2026-09-03 05:01:53.938 | INFO     | tt_transformers.modules.lazy_weight:get_device_weight:120 - [32m[cache hit][0m Loading tensor from cache: /localdev/gwang/tt_transformers/model_cache/llama33_70b/T3K/attn/layer38_wqkv_srcshape_1_1_8192_10240_dtype_BFLOAT8_B_layout_TILE_memcfg_663972112453010226_mapper_660f4331f0f0_device_0.tensorbin
2026-09-03 05:01:53.943 | INFO     | tt_transformers.modules.lazy_weight:get_device_weight:120 - [32m[cache hit][0m Loading tensor from cache: /localdev/gwang/tt_transformers/model_cache/llama33_70b/T3K/attn/layer38_wo_srcshape_1_1_8192_8192_dtype_BFLOAT8_B_layout_TILE_mapper_660f4331f0f0_device_0.tensorbin
2026-09-03 05:01:53.948 | INFO     | tt_transformers.modules.lazy_weight:get_device_weight:120 - [32m[cache hit][0m Loading tensor from cache: /localdev/gwang/tt_transformers/model_cache/llama33_70b/T3K/norm/layer38_post_attn_srcshape_1_1_256_32_dtype_BFLOAT16_layout_ROW_MAJOR_mapper_241585d9fe31_device_0.tensorbin
2026-09-03 05:01:53.949 | INFO     | tt_transformers.modules.lazy_weight:get_device_weight:120 - [32m[cache hit][0m Loading tensor from cache: /localdev/gwang/tt_transformers/model_cache/llama33_70b/T3K/norm/layer38_post_attn_srcshape_1_1_256_32_dtype_BFLOAT16_layout_ROW_MAJOR_mapper_b82b244385ac_device_0.tensorbin
2026-09-03 05:01:53.949 | INFO     | tt_transformers.modules.lazy_weight:get_device_weight:120 - [32m[cache hit][0m Loading tensor from cache: /localdev/gwang/tt_transformers/model_cache/llama33_70b/T3K/mlp/layer38_w1_srcshape_8192_28672_dtype_BFLOAT8_B_layout_TILE_memcfg_1786057467681592545_mapper_660f4331f0f0_device_0.tensorbin
2026-09-03 05:01:53.962 | INFO     | tt_transformers.modules.lazy_weight:get_device_weight:120 - [32m[cache hit][0m Loading tensor from cache: /localdev/gwang/tt_transformers/model_cache/llama33_70b/T3K/mlp/layer38_w2_srcshape_28672_8192_dtype_BFLOAT8_B_layout_TILE_memcfg_906506041791331912_mapper_0cdd7bdaff6f_device_0.tensorbin
2026-09-03 05:01:53.974 | INFO     | tt_transformers.modules.lazy_weight:get_device_weight:120 - [32m[cache hit][0m Loading tensor from cache: /localdev/gwang/tt_transformers/model_cache/llama33_70b/T3K/mlp/layer38_w3_srcshape_8192_28672_dtype_BFLOAT8_B_layout_TILE_memcfg_1786057467681592545_mapper_660f4331f0f0_device_0.tensorbin
2026-09-03 05:01:53.989 | INFO     | tt_transformers.modules.lazy_weight:get_device_weight:120 - [32m[cache hit][0m Loading tensor from cache: /localdev/gwang/tt_transformers/model_cache/llama33_70b/T3K/norm/layer39_pre_attn_srcshape_1_1_256_32_dtype_BFLOAT16_layout_ROW_MAJOR_mapper_241585d9fe31_device_0.tensorbin
2026-09-03 05:01:53.989 | INFO     | tt_transformers.modules.lazy_weight:get_device_weight:120 - [32m[cache hit][0m Loading tensor from cache: /localdev/gwang/tt_transformers/model_cache/llama33_70b/T3K/norm/layer39_pre_attn_srcshape_1_1_256_32_dtype_BFLOAT16_layout_ROW_MAJOR_mapper_b82b244385ac_device_0.tensorbin
2026-09-03 05:01:53.990 | INFO     | tt_transformers.modules.lazy_weight:get_device_weight:120 - [32m[cache hit][0m Loading tensor from cache: /localdev/gwang/tt_transformers/model_cache/llama33_70b/T3K/attn/layer39_wqkv_srcshape_1_1_8192_10240_dtype_BFLOAT8_B_layout_TILE_memcfg_663972112453010226_mapper_660f4331f0f0_device_0.tensorbin
2026-09-03 05:01:53.995 | INFO     | tt_transformers.modules.lazy_weight:get_device_weight:120 - [32m[cache hit][0m Loading tensor from cache: /localdev/gwang/tt_transformers/model_cache/llama33_70b/T3K/attn/layer39_wo_srcshape_1_1_8192_8192_dtype_BFLOAT8_B_layout_TILE_mapper_660f4331f0f0_device_0.tensorbin
2026-09-03 05:01:54.001 | INFO     | tt_transformers.modules.lazy_weight:get_device_weight:120 - [32m[cache hit][0m Loading tensor from cache: /localdev/gwang/tt_transformers/model_cache/llama33_70b/T3K/norm/layer39_post_attn_srcshape_1_1_256_32_dtype_BFLOAT16_layout_ROW_MAJOR_mapper_241585d9fe31_device_0.tensorbin
2026-09-03 05:01:54.001 | INFO     | tt_transformers.modules.lazy_weight:get_device_weight:120 - [32m[cache hit][0m Loading tensor from cache: /localdev/gwang/tt_transformers/model_cache/llama33_70b/T3K/norm/layer39_post_attn_srcshape_1_1_256_32_dtype_BFLOAT16_layout_ROW_MAJOR_mapper_b82b244385ac_device_0.tensorbin
2026-09-03 05:01:54.001 | INFO     | tt_transformers.modules.lazy_weight:get_device_weight:120 - [32m[cache hit][0m Loading tensor from cache: /localdev/gwang/tt_transformers/model_cache/llama33_70b/T3K/mlp/layer39_w1_srcshape_8192_28672_dtype_BFLOAT8_B_layout_TILE_memcfg_1786057467681592545_mapper_660f4331f0f0_device_0.tensorbin
2026-09-03 05:01:54.015 | INFO     | tt_transformers.modules.lazy_weight:get_device_weight:120 - [32m[cache hit][0m Loading tensor from cache: /localdev/gwang/tt_transformers/model_cache/llama33_70b/T3K/mlp/layer39_w2_srcshape_28672_8192_dtype_BFLOAT8_B_layout_TILE_memcfg_906506041791331912_mapper_0cdd7bdaff6f_device_0.tensorbin
2026-09-03 05:01:54.028 | INFO     | tt_transformers.modules.lazy_weight:get_device_weight:120 - [32m[cache hit][0m Loading tensor from cache: /localdev/gwang/tt_transformers/model_cache/llama33_70b/T3K/mlp/layer39_w3_srcshape_8192_28672_dtype_BFLOAT8_B_layout_TILE_memcfg_1786057467681592545_mapper_660f4331f0f0_device_0.tensorbin
2026-09-03 05:01:54.042 | INFO     | tt_transformers.modules.lazy_weight:get_device_weight:120 - [32m[cache hit][0m Loading tensor from cache: /localdev/gwang/tt_transformers/model_cache/llama33_70b/T3K/norm/layer40_pre_attn_srcshape_1_1_256_32_dtype_BFLOAT16_layout_ROW_MAJOR_mapper_241585d9fe31_device_0.tensorbin
2026-09-03 05:01:54.043 | INFO     | tt_transformers.modules.lazy_weight:get_device_weight:120 - [32m[cache hit][0m Loading tensor from cache: /localdev/gwang/tt_transformers/model_cache/llama33_70b/T3K/norm/layer40_pre_attn_srcshape_1_1_256_32_dtype_BFLOAT16_layout_ROW_MAJOR_mapper_b82b244385ac_device_0.tensorbin
2026-09-03 05:01:54.043 | INFO     | tt_transformers.modules.lazy_weight:get_device_weight:120 - [32m[cache hit][0m Loading tensor from cache: /localdev/gwang/tt_transformers/model_cache/llama33_70b/T3K/attn/layer40_wqkv_srcshape_1_1_8192_10240_dtype_BFLOAT8_B_layout_TILE_memcfg_663972112453010226_mapper_660f4331f0f0_device_0.tensorbin
2026-09-03 05:01:54.049 | INFO     | tt_transformers.modules.lazy_weight:get_device_weight:120 - [32m[cache hit][0m Loading tensor from cache: /localdev/gwang/tt_transformers/model_cache/llama33_70b/T3K/attn/layer40_wo_srcshape_1_1_8192_8192_dtype_BFLOAT8_B_layout_TILE_mapper_660f4331f0f0_device_0.tensorbin
2026-09-03 05:01:54.055 | INFO     | tt_transformers.modules.lazy_weight:get_device_weight:120 - [32m[cache hit][0m Loading tensor from cache: /localdev/gwang/tt_transformers/model_cache/llama33_70b/T3K/norm/layer40_post_attn_srcshape_1_1_256_32_dtype_BFLOAT16_layout_ROW_MAJOR_mapper_241585d9fe31_device_0.tensorbin
2026-09-03 05:01:54.055 | INFO     | tt_transformers.modules.lazy_weight:get_device_weight:120 - [32m[cache hit][0m Loading tensor from cache: /localdev/gwang/tt_transformers/model_cache/llama33_70b/T3K/norm/layer40_post_attn_srcshape_1_1_256_32_dtype_BFLOAT16_layout_ROW_MAJOR_mapper_b82b244385ac_device_0.tensorbin
2026-09-03 05:01:54.055 | INFO     | tt_transformers.modules.lazy_weight:get_device_weight:120 - [32m[cache hit][0m Loading tensor from cache: /localdev/gwang/tt_transformers/model_cache/llama33_70b/T3K/mlp/layer40_w1_srcshape_8192_28672_dtype_BFLOAT8_B_layout_TILE_memcfg_1786057467681592545_mapper_660f4331f0f0_device_0.tensorbin
2026-09-03 05:01:54.068 | INFO     | tt_transformers.modules.lazy_weight:get_device_weight:120 - [32m[cache hit][0m Loading tensor from cache: /localdev/gwang/tt_transformers/model_cache/llama33_70b/T3K/mlp/layer40_w2_srcshape_28672_8192_dtype_BFLOAT8_B_layout_TILE_memcfg_906506041791331912_mapper_0cdd7bdaff6f_device_0.tensorbin
2026-09-03 05:01:54.082 | INFO     | tt_transformers.modules.lazy_weight:get_device_weight:120 - [32m[cache hit][0m Loading tensor from cache: /localdev/gwang/tt_transformers/model_cache/llama33_70b/T3K/mlp/layer40_w3_srcshape_8192_28672_dtype_BFLOAT8_B_layout_TILE_memcfg_1786057467681592545_mapper_660f4331f0f0_device_0.tensorbin
2026-09-03 05:01:54.098 | INFO     | tt_transformers.modules.lazy_weight:get_device_weight:120 - [32m[cache hit][0m Loading tensor from cache: /localdev/gwang/tt_transformers/model_cache/llama33_70b/T3K/norm/layer41_pre_attn_srcshape_1_1_256_32_dtype_BFLOAT16_layout_ROW_MAJOR_mapper_241585d9fe31_device_0.tensorbin
2026-09-03 05:01:54.098 | INFO     | tt_transformers.modules.lazy_weight:get_device_weight:120 - [32m[cache hit][0m Loading tensor from cache: /localdev/gwang/tt_transformers/model_cache/llama33_70b/T3K/norm/layer41_pre_attn_srcshape_1_1_256_32_dtype_BFLOAT16_layout_ROW_MAJOR_mapper_b82b244385ac_device_0.tensorbin
2026-09-03 05:01:54.098 | INFO     | tt_transformers.modules.lazy_weight:get_device_weight:120 - [32m[cache hit][0m Loading tensor from cache: /localdev/gwang/tt_transformers/model_cache/llama33_70b/T3K/attn/layer41_wqkv_srcshape_1_1_8192_10240_dtype_BFLOAT8_B_layout_TILE_memcfg_663972112453010226_mapper_660f4331f0f0_device_0.tensorbin
2026-09-03 05:01:54.103 | INFO     | tt_transformers.modules.lazy_weight:get_device_weight:120 - [32m[cache hit][0m Loading tensor from cache: /localdev/gwang/tt_transformers/model_cache/llama33_70b/T3K/attn/layer41_wo_srcshape_1_1_8192_8192_dtype_BFLOAT8_B_layout_TILE_mapper_660f4331f0f0_device_0.tensorbin
2026-09-03 05:01:54.109 | INFO     | tt_transformers.modules.lazy_weight:get_device_weight:120 - [32m[cache hit][0m Loading tensor from cache: /localdev/gwang/tt_transformers/model_cache/llama33_70b/T3K/norm/layer41_post_attn_srcshape_1_1_256_32_dtype_BFLOAT16_layout_ROW_MAJOR_mapper_241585d9fe31_device_0.tensorbin
2026-09-03 05:01:54.109 | INFO     | tt_transformers.modules.lazy_weight:get_device_weight:120 - [32m[cache hit][0m Loading tensor from cache: /localdev/gwang/tt_transformers/model_cache/llama33_70b/T3K/norm/layer41_post_attn_srcshape_1_1_256_32_dtype_BFLOAT16_layout_ROW_MAJOR_mapper_b82b244385ac_device_0.tensorbin
2026-09-03 05:01:54.110 | INFO     | tt_transformers.modules.lazy_weight:get_device_weight:120 - [32m[cache hit][0m Loading tensor from cache: /localdev/gwang/tt_transformers/model_cache/llama33_70b/T3K/mlp/layer41_w1_srcshape_8192_28672_dtype_BFLOAT8_B_layout_TILE_memcfg_1786057467681592545_mapper_660f4331f0f0_device_0.tensorbin
2026-09-03 05:01:54.124 | INFO     | tt_transformers.modules.lazy_weight:get_device_weight:120 - [32m[cache hit][0m Loading tensor from cache: /localdev/gwang/tt_transformers/model_cache/llama33_70b/T3K/mlp/layer41_w2_srcshape_28672_8192_dtype_BFLOAT8_B_layout_TILE_memcfg_906506041791331912_mapper_0cdd7bdaff6f_device_0.tensorbin
2026-09-03 05:01:54.138 | INFO     | tt_transformers.modules.lazy_weight:get_device_weight:120 - [32m[cache hit][0m Loading tensor from cache: /localdev/gwang/tt_transformers/model_cache/llama33_70b/T3K/mlp/layer41_w3_srcshape_8192_28672_dtype_BFLOAT8_B_layout_TILE_memcfg_1786057467681592545_mapper_660f4331f0f0_device_0.tensorbin
2026-09-03 05:01:54.155 | INFO     | tt_transformers.modules.lazy_weight:get_device_weight:120 - [32m[cache hit][0m Loading tensor from cache: /localdev/gwang/tt_transformers/model_cache/llama33_70b/T3K/norm/layer42_pre_attn_srcshape_1_1_256_32_dtype_BFLOAT16_layout_ROW_MAJOR_mapper_241585d9fe31_device_0.tensorbin
2026-09-03 05:01:54.155 | INFO     | tt_transformers.modules.lazy_weight:get_device_weight:120 - [32m[cache hit][0m Loading tensor from cache: /localdev/gwang/tt_transformers/model_cache/llama33_70b/T3K/norm/layer42_pre_attn_srcshape_1_1_256_32_dtype_BFLOAT16_layout_ROW_MAJOR_mapper_b82b244385ac_device_0.tensorbin
2026-09-03 05:01:54.155 | INFO     | tt_transformers.modules.lazy_weight:get_device_weight:120 - [32m[cache hit][0m Loading tensor from cache: /localdev/gwang/tt_transformers/model_cache/llama33_70b/T3K/attn/layer42_wqkv_srcshape_1_1_8192_10240_dtype_BFLOAT8_B_layout_TILE_memcfg_663972112453010226_mapper_660f4331f0f0_device_0.tensorbin
2026-09-03 05:01:54.161 | INFO     | tt_transformers.modules.lazy_weight:get_device_weight:120 - [32m[cache hit][0m Loading tensor from cache: /localdev/gwang/tt_transformers/model_cache/llama33_70b/T3K/attn/layer42_wo_srcshape_1_1_8192_8192_dtype_BFLOAT8_B_layout_TILE_mapper_660f4331f0f0_device_0.tensorbin
2026-09-03 05:01:54.167 | INFO     | tt_transformers.modules.lazy_weight:get_device_weight:120 - [32m[cache hit][0m Loading tensor from cache: /localdev/gwang/tt_transformers/model_cache/llama33_70b/T3K/norm/layer42_post_attn_srcshape_1_1_256_32_dtype_BFLOAT16_layout_ROW_MAJOR_mapper_241585d9fe31_device_0.tensorbin
2026-09-03 05:01:54.167 | INFO     | tt_transformers.modules.lazy_weight:get_device_weight:120 - [32m[cache hit][0m Loading tensor from cache: /localdev/gwang/tt_transformers/model_cache/llama33_70b/T3K/norm/layer42_post_attn_srcshape_1_1_256_32_dtype_BFLOAT16_layout_ROW_MAJOR_mapper_b82b244385ac_device_0.tensorbin
2026-09-03 05:01:54.168 | INFO     | tt_transformers.modules.lazy_weight:get_device_weight:120 - [32m[cache hit][0m Loading tensor from cache: /localdev/gwang/tt_transformers/model_cache/llama33_70b/T3K/mlp/layer42_w1_srcshape_8192_28672_dtype_BFLOAT8_B_layout_TILE_memcfg_1786057467681592545_mapper_660f4331f0f0_device_0.tensorbin
2026-09-03 05:01:54.182 | INFO     | tt_transformers.modules.lazy_weight:get_device_weight:120 - [32m[cache hit][0m Loading tensor from cache: /localdev/gwang/tt_transformers/model_cache/llama33_70b/T3K/mlp/layer42_w2_srcshape_28672_8192_dtype_BFLOAT8_B_layout_TILE_memcfg_906506041791331912_mapper_0cdd7bdaff6f_device_0.tensorbin
2026-09-03 05:01:54.196 | INFO     | tt_transformers.modules.lazy_weight:get_device_weight:120 - [32m[cache hit][0m Loading tensor from cache: /localdev/gwang/tt_transformers/model_cache/llama33_70b/T3K/mlp/layer42_w3_srcshape_8192_28672_dtype_BFLOAT8_B_layout_TILE_memcfg_1786057467681592545_mapper_660f4331f0f0_device_0.tensorbin
2026-09-03 05:01:54.212 | INFO     | tt_transformers.modules.lazy_weight:get_device_weight:120 - [32m[cache hit][0m Loading tensor from cache: /localdev/gwang/tt_transformers/model_cache/llama33_70b/T3K/norm/layer43_pre_attn_srcshape_1_1_256_32_dtype_BFLOAT16_layout_ROW_MAJOR_mapper_241585d9fe31_device_0.tensorbin
2026-09-03 05:01:54.213 | INFO     | tt_transformers.modules.lazy_weight:get_device_weight:120 - [32m[cache hit][0m Loading tensor from cache: /localdev/gwang/tt_transformers/model_cache/llama33_70b/T3K/norm/layer43_pre_attn_srcshape_1_1_256_32_dtype_BFLOAT16_layout_ROW_MAJOR_mapper_b82b244385ac_device_0.tensorbin
2026-09-03 05:01:54.213 | INFO     | tt_transformers.modules.lazy_weight:get_device_weight:120 - [32m[cache hit][0m Loading tensor from cache: /localdev/gwang/tt_transformers/model_cache/llama33_70b/T3K/attn/layer43_wqkv_srcshape_1_1_8192_10240_dtype_BFLOAT8_B_layout_TILE_memcfg_663972112453010226_mapper_660f4331f0f0_device_0.tensorbin
2026-09-03 05:01:54.218 | INFO     | tt_transformers.modules.lazy_weight:get_device_weight:120 - [32m[cache hit][0m Loading tensor from cache: /localdev/gwang/tt_transformers/model_cache/llama33_70b/T3K/attn/layer43_wo_srcshape_1_1_8192_8192_dtype_BFLOAT8_B_layout_TILE_mapper_660f4331f0f0_device_0.tensorbin
2026-09-03 05:01:54.224 | INFO     | tt_transformers.modules.lazy_weight:get_device_weight:120 - [32m[cache hit][0m Loading tensor from cache: /localdev/gwang/tt_transformers/model_cache/llama33_70b/T3K/norm/layer43_post_attn_srcshape_1_1_256_32_dtype_BFLOAT16_layout_ROW_MAJOR_mapper_241585d9fe31_device_0.tensorbin
2026-09-03 05:01:54.225 | INFO     | tt_transformers.modules.lazy_weight:get_device_weight:120 - [32m[cache hit][0m Loading tensor from cache: /localdev/gwang/tt_transformers/model_cache/llama33_70b/T3K/norm/layer43_post_attn_srcshape_1_1_256_32_dtype_BFLOAT16_layout_ROW_MAJOR_mapper_b82b244385ac_device_0.tensorbin
2026-09-03 05:01:54.225 | INFO     | tt_transformers.modules.lazy_weight:get_device_weight:120 - [32m[cache hit][0m Loading tensor from cache: /localdev/gwang/tt_transformers/model_cache/llama33_70b/T3K/mlp/layer43_w1_srcshape_8192_28672_dtype_BFLOAT8_B_layout_TILE_memcfg_1786057467681592545_mapper_660f4331f0f0_device_0.tensorbin
2026-09-03 05:01:54.239 | INFO     | tt_transformers.modules.lazy_weight:get_device_weight:120 - [32m[cache hit][0m Loading tensor from cache: /localdev/gwang/tt_transformers/model_cache/llama33_70b/T3K/mlp/layer43_w2_srcshape_28672_8192_dtype_BFLOAT8_B_layout_TILE_memcfg_906506041791331912_mapper_0cdd7bdaff6f_device_0.tensorbin
2026-09-03 05:01:54.252 | INFO     | tt_transformers.modules.lazy_weight:get_device_weight:120 - [32m[cache hit][0m Loading tensor from cache: /localdev/gwang/tt_transformers/model_cache/llama33_70b/T3K/mlp/layer43_w3_srcshape_8192_28672_dtype_BFLOAT8_B_layout_TILE_memcfg_1786057467681592545_mapper_660f4331f0f0_device_0.tensorbin
2026-09-03 05:01:54.268 | INFO     | tt_transformers.modules.lazy_weight:get_device_weight:120 - [32m[cache hit][0m Loading tensor from cache: /localdev/gwang/tt_transformers/model_cache/llama33_70b/T3K/norm/layer44_pre_attn_srcshape_1_1_256_32_dtype_BFLOAT16_layout_ROW_MAJOR_mapper_241585d9fe31_device_0.tensorbin
2026-09-03 05:01:54.268 | INFO     | tt_transformers.modules.lazy_weight:get_device_weight:120 - [32m[cache hit][0m Loading tensor from cache: /localdev/gwang/tt_transformers/model_cache/llama33_70b/T3K/norm/layer44_pre_attn_srcshape_1_1_256_32_dtype_BFLOAT16_layout_ROW_MAJOR_mapper_b82b244385ac_device_0.tensorbin
2026-09-03 05:01:54.269 | INFO     | tt_transformers.modules.lazy_weight:get_device_weight:120 - [32m[cache hit][0m Loading tensor from cache: /localdev/gwang/tt_transformers/model_cache/llama33_70b/T3K/attn/layer44_wqkv_srcshape_1_1_8192_10240_dtype_BFLOAT8_B_layout_TILE_memcfg_663972112453010226_mapper_660f4331f0f0_device_0.tensorbin
2026-09-03 05:01:54.275 | INFO     | tt_transformers.modules.lazy_weight:get_device_weight:120 - [32m[cache hit][0m Loading tensor from cache: /localdev/gwang/tt_transformers/model_cache/llama33_70b/T3K/attn/layer44_wo_srcshape_1_1_8192_8192_dtype_BFLOAT8_B_layout_TILE_mapper_660f4331f0f0_device_0.tensorbin
2026-09-03 05:01:54.281 | INFO     | tt_transformers.modules.lazy_weight:get_device_weight:120 - [32m[cache hit][0m Loading tensor from cache: /localdev/gwang/tt_transformers/model_cache/llama33_70b/T3K/norm/layer44_post_attn_srcshape_1_1_256_32_dtype_BFLOAT16_layout_ROW_MAJOR_mapper_241585d9fe31_device_0.tensorbin
2026-09-03 05:01:54.282 | INFO     | tt_transformers.modules.lazy_weight:get_device_weight:120 - [32m[cache hit][0m Loading tensor from cache: /localdev/gwang/tt_transformers/model_cache/llama33_70b/T3K/norm/layer44_post_attn_srcshape_1_1_256_32_dtype_BFLOAT16_layout_ROW_MAJOR_mapper_b82b244385ac_device_0.tensorbin
2026-09-03 05:01:54.282 | INFO     | tt_transformers.modules.lazy_weight:get_device_weight:120 - [32m[cache hit][0m Loading tensor from cache: /localdev/gwang/tt_transformers/model_cache/llama33_70b/T3K/mlp/layer44_w1_srcshape_8192_28672_dtype_BFLOAT8_B_layout_TILE_memcfg_1786057467681592545_mapper_660f4331f0f0_device_0.tensorbin
2026-09-03 05:01:54.295 | INFO     | tt_transformers.modules.lazy_weight:get_device_weight:120 - [32m[cache hit][0m Loading tensor from cache: /localdev/gwang/tt_transformers/model_cache/llama33_70b/T3K/mlp/layer44_w2_srcshape_28672_8192_dtype_BFLOAT8_B_layout_TILE_memcfg_906506041791331912_mapper_0cdd7bdaff6f_device_0.tensorbin
2026-09-03 05:01:54.308 | INFO     | tt_transformers.modules.lazy_weight:get_device_weight:120 - [32m[cache hit][0m Loading tensor from cache: /localdev/gwang/tt_transformers/model_cache/llama33_70b/T3K/mlp/layer44_w3_srcshape_8192_28672_dtype_BFLOAT8_B_layout_TILE_memcfg_1786057467681592545_mapper_660f4331f0f0_device_0.tensorbin
2026-09-03 05:01:54.324 | INFO     | tt_transformers.modules.lazy_weight:get_device_weight:120 - [32m[cache hit][0m Loading tensor from cache: /localdev/gwang/tt_transformers/model_cache/llama33_70b/T3K/norm/layer45_pre_attn_srcshape_1_1_256_32_dtype_BFLOAT16_layout_ROW_MAJOR_mapper_241585d9fe31_device_0.tensorbin
2026-09-03 05:01:54.324 | INFO     | tt_transformers.modules.lazy_weight:get_device_weight:120 - [32m[cache hit][0m Loading tensor from cache: /localdev/gwang/tt_transformers/model_cache/llama33_70b/T3K/norm/layer45_pre_attn_srcshape_1_1_256_32_dtype_BFLOAT16_layout_ROW_MAJOR_mapper_b82b244385ac_device_0.tensorbin
2026-09-03 05:01:54.325 | INFO     | tt_transformers.modules.lazy_weight:get_device_weight:120 - [32m[cache hit][0m Loading tensor from cache: /localdev/gwang/tt_transformers/model_cache/llama33_70b/T3K/attn/layer45_wqkv_srcshape_1_1_8192_10240_dtype_BFLOAT8_B_layout_TILE_memcfg_663972112453010226_mapper_660f4331f0f0_device_0.tensorbin
2026-09-03 05:01:54.329 | INFO     | tt_transformers.modules.lazy_weight:get_device_weight:120 - [32m[cache hit][0m Loading tensor from cache: /localdev/gwang/tt_transformers/model_cache/llama33_70b/T3K/attn/layer45_wo_srcshape_1_1_8192_8192_dtype_BFLOAT8_B_layout_TILE_mapper_660f4331f0f0_device_0.tensorbin
2026-09-03 05:01:54.335 | INFO     | tt_transformers.modules.lazy_weight:get_device_weight:120 - [32m[cache hit][0m Loading tensor from cache: /localdev/gwang/tt_transformers/model_cache/llama33_70b/T3K/norm/layer45_post_attn_srcshape_1_1_256_32_dtype_BFLOAT16_layout_ROW_MAJOR_mapper_241585d9fe31_device_0.tensorbin
2026-09-03 05:01:54.336 | INFO     | tt_transformers.modules.lazy_weight:get_device_weight:120 - [32m[cache hit][0m Loading tensor from cache: /localdev/gwang/tt_transformers/model_cache/llama33_70b/T3K/norm/layer45_post_attn_srcshape_1_1_256_32_dtype_BFLOAT16_layout_ROW_MAJOR_mapper_b82b244385ac_device_0.tensorbin
2026-09-03 05:01:54.336 | INFO     | tt_transformers.modules.lazy_weight:get_device_weight:120 - [32m[cache hit][0m Loading tensor from cache: /localdev/gwang/tt_transformers/model_cache/llama33_70b/T3K/mlp/layer45_w1_srcshape_8192_28672_dtype_BFLOAT8_B_layout_TILE_memcfg_1786057467681592545_mapper_660f4331f0f0_device_0.tensorbin
2026-09-03 05:01:54.349 | INFO     | tt_transformers.modules.lazy_weight:get_device_weight:120 - [32m[cache hit][0m Loading tensor from cache: /localdev/gwang/tt_transformers/model_cache/llama33_70b/T3K/mlp/layer45_w2_srcshape_28672_8192_dtype_BFLOAT8_B_layout_TILE_memcfg_906506041791331912_mapper_0cdd7bdaff6f_device_0.tensorbin
2026-09-03 05:01:54.364 | INFO     | tt_transformers.modules.lazy_weight:get_device_weight:120 - [32m[cache hit][0m Loading tensor from cache: /localdev/gwang/tt_transformers/model_cache/llama33_70b/T3K/mlp/layer45_w3_srcshape_8192_28672_dtype_BFLOAT8_B_layout_TILE_memcfg_1786057467681592545_mapper_660f4331f0f0_device_0.tensorbin
2026-09-03 05:01:54.382 | INFO     | tt_transformers.modules.lazy_weight:get_device_weight:120 - [32m[cache hit][0m Loading tensor from cache: /localdev/gwang/tt_transformers/model_cache/llama33_70b/T3K/norm/layer46_pre_attn_srcshape_1_1_256_32_dtype_BFLOAT16_layout_ROW_MAJOR_mapper_241585d9fe31_device_0.tensorbin
2026-09-03 05:01:54.383 | INFO     | tt_transformers.modules.lazy_weight:get_device_weight:120 - [32m[cache hit][0m Loading tensor from cache: /localdev/gwang/tt_transformers/model_cache/llama33_70b/T3K/norm/layer46_pre_attn_srcshape_1_1_256_32_dtype_BFLOAT16_layout_ROW_MAJOR_mapper_b82b244385ac_device_0.tensorbin
2026-09-03 05:01:54.383 | INFO     | tt_transformers.modules.lazy_weight:get_device_weight:120 - [32m[cache hit][0m Loading tensor from cache: /localdev/gwang/tt_transformers/model_cache/llama33_70b/T3K/attn/layer46_wqkv_srcshape_1_1_8192_10240_dtype_BFLOAT8_B_layout_TILE_memcfg_663972112453010226_mapper_660f4331f0f0_device_0.tensorbin
2026-09-03 05:01:54.389 | INFO     | tt_transformers.modules.lazy_weight:get_device_weight:120 - [32m[cache hit][0m Loading tensor from cache: /localdev/gwang/tt_transformers/model_cache/llama33_70b/T3K/attn/layer46_wo_srcshape_1_1_8192_8192_dtype_BFLOAT8_B_layout_TILE_mapper_660f4331f0f0_device_0.tensorbin
2026-09-03 05:01:54.396 | INFO     | tt_transformers.modules.lazy_weight:get_device_weight:120 - [32m[cache hit][0m Loading tensor from cache: /localdev/gwang/tt_transformers/model_cache/llama33_70b/T3K/norm/layer46_post_attn_srcshape_1_1_256_32_dtype_BFLOAT16_layout_ROW_MAJOR_mapper_241585d9fe31_device_0.tensorbin
2026-09-03 05:01:54.397 | INFO     | tt_transformers.modules.lazy_weight:get_device_weight:120 - [32m[cache hit][0m Loading tensor from cache: /localdev/gwang/tt_transformers/model_cache/llama33_70b/T3K/norm/layer46_post_attn_srcshape_1_1_256_32_dtype_BFLOAT16_layout_ROW_MAJOR_mapper_b82b244385ac_device_0.tensorbin
2026-09-03 05:01:54.397 | INFO     | tt_transformers.modules.lazy_weight:get_device_weight:120 - [32m[cache hit][0m Loading tensor from cache: /localdev/gwang/tt_transformers/model_cache/llama33_70b/T3K/mlp/layer46_w1_srcshape_8192_28672_dtype_BFLOAT8_B_layout_TILE_memcfg_1786057467681592545_mapper_660f4331f0f0_device_0.tensorbin
2026-09-03 05:01:54.412 | INFO     | tt_transformers.modules.lazy_weight:get_device_weight:120 - [32m[cache hit][0m Loading tensor from cache: /localdev/gwang/tt_transformers/model_cache/llama33_70b/T3K/mlp/layer46_w2_srcshape_28672_8192_dtype_BFLOAT8_B_layout_TILE_memcfg_906506041791331912_mapper_0cdd7bdaff6f_device_0.tensorbin
2026-09-03 05:01:54.426 | INFO     | tt_transformers.modules.lazy_weight:get_device_weight:120 - [32m[cache hit][0m Loading tensor from cache: /localdev/gwang/tt_transformers/model_cache/llama33_70b/T3K/mlp/layer46_w3_srcshape_8192_28672_dtype_BFLOAT8_B_layout_TILE_memcfg_1786057467681592545_mapper_660f4331f0f0_device_0.tensorbin
2026-09-03 05:01:54.442 | INFO     | tt_transformers.modules.lazy_weight:get_device_weight:120 - [32m[cache hit][0m Loading tensor from cache: /localdev/gwang/tt_transformers/model_cache/llama33_70b/T3K/norm/layer47_pre_attn_srcshape_1_1_256_32_dtype_BFLOAT16_layout_ROW_MAJOR_mapper_241585d9fe31_device_0.tensorbin
2026-09-03 05:01:54.443 | INFO     | tt_transformers.modules.lazy_weight:get_device_weight:120 - [32m[cache hit][0m Loading tensor from cache: /localdev/gwang/tt_transformers/model_cache/llama33_70b/T3K/norm/layer47_pre_attn_srcshape_1_1_256_32_dtype_BFLOAT16_layout_ROW_MAJOR_mapper_b82b244385ac_device_0.tensorbin
2026-09-03 05:01:54.443 | INFO     | tt_transformers.modules.lazy_weight:get_device_weight:120 - [32m[cache hit][0m Loading tensor from cache: /localdev/gwang/tt_transformers/model_cache/llama33_70b/T3K/attn/layer47_wqkv_srcshape_1_1_8192_10240_dtype_BFLOAT8_B_layout_TILE_memcfg_663972112453010226_mapper_660f4331f0f0_device_0.tensorbin
2026-09-03 05:01:54.448 | INFO     | tt_transformers.modules.lazy_weight:get_device_weight:120 - [32m[cache hit][0m Loading tensor from cache: /localdev/gwang/tt_transformers/model_cache/llama33_70b/T3K/attn/layer47_wo_srcshape_1_1_8192_8192_dtype_BFLOAT8_B_layout_TILE_mapper_660f4331f0f0_device_0.tensorbin
2026-09-03 05:01:54.454 | INFO     | tt_transformers.modules.lazy_weight:get_device_weight:120 - [32m[cache hit][0m Loading tensor from cache: /localdev/gwang/tt_transformers/model_cache/llama33_70b/T3K/norm/layer47_post_attn_srcshape_1_1_256_32_dtype_BFLOAT16_layout_ROW_MAJOR_mapper_241585d9fe31_device_0.tensorbin
2026-09-03 05:01:54.455 | INFO     | tt_transformers.modules.lazy_weight:get_device_weight:120 - [32m[cache hit][0m Loading tensor from cache: /localdev/gwang/tt_transformers/model_cache/llama33_70b/T3K/norm/layer47_post_attn_srcshape_1_1_256_32_dtype_BFLOAT16_layout_ROW_MAJOR_mapper_b82b244385ac_device_0.tensorbin
2026-09-03 05:01:54.455 | INFO     | tt_transformers.modules.lazy_weight:get_device_weight:120 - [32m[cache hit][0m Loading tensor from cache: /localdev/gwang/tt_transformers/model_cache/llama33_70b/T3K/mlp/layer47_w1_srcshape_8192_28672_dtype_BFLOAT8_B_layout_TILE_memcfg_1786057467681592545_mapper_660f4331f0f0_device_0.tensorbin
2026-09-03 05:01:54.469 | INFO     | tt_transformers.modules.lazy_weight:get_device_weight:120 - [32m[cache hit][0m Loading tensor from cache: /localdev/gwang/tt_transformers/model_cache/llama33_70b/T3K/mlp/layer47_w2_srcshape_28672_8192_dtype_BFLOAT8_B_layout_TILE_memcfg_906506041791331912_mapper_0cdd7bdaff6f_device_0.tensorbin
2026-09-03 05:01:54.483 | INFO     | tt_transformers.modules.lazy_weight:get_device_weight:120 - [32m[cache hit][0m Loading tensor from cache: /localdev/gwang/tt_transformers/model_cache/llama33_70b/T3K/mlp/layer47_w3_srcshape_8192_28672_dtype_BFLOAT8_B_layout_TILE_memcfg_1786057467681592545_mapper_660f4331f0f0_device_0.tensorbin
2026-09-03 05:01:54.499 | INFO     | tt_transformers.modules.lazy_weight:get_device_weight:120 - [32m[cache hit][0m Loading tensor from cache: /localdev/gwang/tt_transformers/model_cache/llama33_70b/T3K/norm/layer48_pre_attn_srcshape_1_1_256_32_dtype_BFLOAT16_layout_ROW_MAJOR_mapper_241585d9fe31_device_0.tensorbin
2026-09-03 05:01:54.499 | INFO     | tt_transformers.modules.lazy_weight:get_device_weight:120 - [32m[cache hit][0m Loading tensor from cache: /localdev/gwang/tt_transformers/model_cache/llama33_70b/T3K/norm/layer48_pre_attn_srcshape_1_1_256_32_dtype_BFLOAT16_layout_ROW_MAJOR_mapper_b82b244385ac_device_0.tensorbin
2026-09-03 05:01:54.500 | INFO     | tt_transformers.modules.lazy_weight:get_device_weight:120 - [32m[cache hit][0m Loading tensor from cache: /localdev/gwang/tt_transformers/model_cache/llama33_70b/T3K/attn/layer48_wqkv_srcshape_1_1_8192_10240_dtype_BFLOAT8_B_layout_TILE_memcfg_663972112453010226_mapper_660f4331f0f0_device_0.tensorbin
2026-09-03 05:01:54.505 | INFO     | tt_transformers.modules.lazy_weight:get_device_weight:120 - [32m[cache hit][0m Loading tensor from cache: /localdev/gwang/tt_transformers/model_cache/llama33_70b/T3K/attn/layer48_wo_srcshape_1_1_8192_8192_dtype_BFLOAT8_B_layout_TILE_mapper_660f4331f0f0_device_0.tensorbin
2026-09-03 05:01:54.511 | INFO     | tt_transformers.modules.lazy_weight:get_device_weight:120 - [32m[cache hit][0m Loading tensor from cache: /localdev/gwang/tt_transformers/model_cache/llama33_70b/T3K/norm/layer48_post_attn_srcshape_1_1_256_32_dtype_BFLOAT16_layout_ROW_MAJOR_mapper_241585d9fe31_device_0.tensorbin
2026-09-03 05:01:54.511 | INFO     | tt_transformers.modules.lazy_weight:get_device_weight:120 - [32m[cache hit][0m Loading tensor from cache: /localdev/gwang/tt_transformers/model_cache/llama33_70b/T3K/norm/layer48_post_attn_srcshape_1_1_256_32_dtype_BFLOAT16_layout_ROW_MAJOR_mapper_b82b244385ac_device_0.tensorbin
2026-09-03 05:01:54.512 | INFO     | tt_transformers.modules.lazy_weight:get_device_weight:120 - [32m[cache hit][0m Loading tensor from cache: /localdev/gwang/tt_transformers/model_cache/llama33_70b/T3K/mlp/layer48_w1_srcshape_8192_28672_dtype_BFLOAT8_B_layout_TILE_memcfg_1786057467681592545_mapper_660f4331f0f0_device_0.tensorbin
2026-09-03 05:01:54.526 | INFO     | tt_transformers.modules.lazy_weight:get_device_weight:120 - [32m[cache hit][0m Loading tensor from cache: /localdev/gwang/tt_transformers/model_cache/llama33_70b/T3K/mlp/layer48_w2_srcshape_28672_8192_dtype_BFLOAT8_B_layout_TILE_memcfg_906506041791331912_mapper_0cdd7bdaff6f_device_0.tensorbin
2026-09-03 05:01:54.540 | INFO     | tt_transformers.modules.lazy_weight:get_device_weight:120 - [32m[cache hit][0m Loading tensor from cache: /localdev/gwang/tt_transformers/model_cache/llama33_70b/T3K/mlp/layer48_w3_srcshape_8192_28672_dtype_BFLOAT8_B_layout_TILE_memcfg_1786057467681592545_mapper_660f4331f0f0_device_0.tensorbin
2026-09-03 05:01:54.555 | INFO     | tt_transformers.modules.lazy_weight:get_device_weight:120 - [32m[cache hit][0m Loading tensor from cache: /localdev/gwang/tt_transformers/model_cache/llama33_70b/T3K/norm/layer49_pre_attn_srcshape_1_1_256_32_dtype_BFLOAT16_layout_ROW_MAJOR_mapper_241585d9fe31_device_0.tensorbin
2026-09-03 05:01:54.556 | INFO     | tt_transformers.modules.lazy_weight:get_device_weight:120 - [32m[cache hit][0m Loading tensor from cache: /localdev/gwang/tt_transformers/model_cache/llama33_70b/T3K/norm/layer49_pre_attn_srcshape_1_1_256_32_dtype_BFLOAT16_layout_ROW_MAJOR_mapper_b82b244385ac_device_0.tensorbin
2026-09-03 05:01:54.556 | INFO     | tt_transformers.modules.lazy_weight:get_device_weight:120 - [32m[cache hit][0m Loading tensor from cache: /localdev/gwang/tt_transformers/model_cache/llama33_70b/T3K/attn/layer49_wqkv_srcshape_1_1_8192_10240_dtype_BFLOAT8_B_layout_TILE_memcfg_663972112453010226_mapper_660f4331f0f0_device_0.tensorbin
2026-09-03 05:01:54.561 | INFO     | tt_transformers.modules.lazy_weight:get_device_weight:120 - [32m[cache hit][0m Loading tensor from cache: /localdev/gwang/tt_transformers/model_cache/llama33_70b/T3K/attn/layer49_wo_srcshape_1_1_8192_8192_dtype_BFLOAT8_B_layout_TILE_mapper_660f4331f0f0_device_0.tensorbin
2026-09-03 05:01:54.567 | INFO     | tt_transformers.modules.lazy_weight:get_device_weight:120 - [32m[cache hit][0m Loading tensor from cache: /localdev/gwang/tt_transformers/model_cache/llama33_70b/T3K/norm/layer49_post_attn_srcshape_1_1_256_32_dtype_BFLOAT16_layout_ROW_MAJOR_mapper_241585d9fe31_device_0.tensorbin
2026-09-03 05:01:54.568 | INFO     | tt_transformers.modules.lazy_weight:get_device_weight:120 - [32m[cache hit][0m Loading tensor from cache: /localdev/gwang/tt_transformers/model_cache/llama33_70b/T3K/norm/layer49_post_attn_srcshape_1_1_256_32_dtype_BFLOAT16_layout_ROW_MAJOR_mapper_b82b244385ac_device_0.tensorbin
2026-09-03 05:01:54.568 | INFO     | tt_transformers.modules.lazy_weight:get_device_weight:120 - [32m[cache hit][0m Loading tensor from cache: /localdev/gwang/tt_transformers/model_cache/llama33_70b/T3K/mlp/layer49_w1_srcshape_8192_28672_dtype_BFLOAT8_B_layout_TILE_memcfg_1786057467681592545_mapper_660f4331f0f0_device_0.tensorbin
2026-09-03 05:01:54.582 | INFO     | tt_transformers.modules.lazy_weight:get_device_weight:120 - [32m[cache hit][0m Loading tensor from cache: /localdev/gwang/tt_transformers/model_cache/llama33_70b/T3K/mlp/layer49_w2_srcshape_28672_8192_dtype_BFLOAT8_B_layout_TILE_memcfg_906506041791331912_mapper_0cdd7bdaff6f_device_0.tensorbin
2026-09-03 05:01:54.595 | INFO     | tt_transformers.modules.lazy_weight:get_device_weight:120 - [32m[cache hit][0m Loading tensor from cache: /localdev/gwang/tt_transformers/model_cache/llama33_70b/T3K/mlp/layer49_w3_srcshape_8192_28672_dtype_BFLOAT8_B_layout_TILE_memcfg_1786057467681592545_mapper_660f4331f0f0_device_0.tensorbin
2026-09-03 05:01:54.612 | INFO     | tt_transformers.modules.lazy_weight:get_device_weight:120 - [32m[cache hit][0m Loading tensor from cache: /localdev/gwang/tt_transformers/model_cache/llama33_70b/T3K/norm/layer50_pre_attn_srcshape_1_1_256_32_dtype_BFLOAT16_layout_ROW_MAJOR_mapper_241585d9fe31_device_0.tensorbin
2026-09-03 05:01:54.613 | INFO     | tt_transformers.modules.lazy_weight:get_device_weight:120 - [32m[cache hit][0m Loading tensor from cache: /localdev/gwang/tt_transformers/model_cache/llama33_70b/T3K/norm/layer50_pre_attn_srcshape_1_1_256_32_dtype_BFLOAT16_layout_ROW_MAJOR_mapper_b82b244385ac_device_0.tensorbin
2026-09-03 05:01:54.613 | INFO     | tt_transformers.modules.lazy_weight:get_device_weight:120 - [32m[cache hit][0m Loading tensor from cache: /localdev/gwang/tt_transformers/model_cache/llama33_70b/T3K/attn/layer50_wqkv_srcshape_1_1_8192_10240_dtype_BFLOAT8_B_layout_TILE_memcfg_663972112453010226_mapper_660f4331f0f0_device_0.tensorbin
2026-09-03 05:01:54.618 | INFO     | tt_transformers.modules.lazy_weight:get_device_weight:120 - [32m[cache hit][0m Loading tensor from cache: /localdev/gwang/tt_transformers/model_cache/llama33_70b/T3K/attn/layer50_wo_srcshape_1_1_8192_8192_dtype_BFLOAT8_B_layout_TILE_mapper_660f4331f0f0_device_0.tensorbin
2026-09-03 05:01:54.624 | INFO     | tt_transformers.modules.lazy_weight:get_device_weight:120 - [32m[cache hit][0m Loading tensor from cache: /localdev/gwang/tt_transformers/model_cache/llama33_70b/T3K/norm/layer50_post_attn_srcshape_1_1_256_32_dtype_BFLOAT16_layout_ROW_MAJOR_mapper_241585d9fe31_device_0.tensorbin
2026-09-03 05:01:54.625 | INFO     | tt_transformers.modules.lazy_weight:get_device_weight:120 - [32m[cache hit][0m Loading tensor from cache: /localdev/gwang/tt_transformers/model_cache/llama33_70b/T3K/norm/layer50_post_attn_srcshape_1_1_256_32_dtype_BFLOAT16_layout_ROW_MAJOR_mapper_b82b244385ac_device_0.tensorbin
2026-09-03 05:01:54.625 | INFO     | tt_transformers.modules.lazy_weight:get_device_weight:120 - [32m[cache hit][0m Loading tensor from cache: /localdev/gwang/tt_transformers/model_cache/llama33_70b/T3K/mlp/layer50_w1_srcshape_8192_28672_dtype_BFLOAT8_B_layout_TILE_memcfg_1786057467681592545_mapper_660f4331f0f0_device_0.tensorbin
2026-09-03 05:01:54.639 | INFO     | tt_transformers.modules.lazy_weight:get_device_weight:120 - [32m[cache hit][0m Loading tensor from cache: /localdev/gwang/tt_transformers/model_cache/llama33_70b/T3K/mlp/layer50_w2_srcshape_28672_8192_dtype_BFLOAT8_B_layout_TILE_memcfg_906506041791331912_mapper_0cdd7bdaff6f_device_0.tensorbin
2026-09-03 05:01:54.653 | INFO     | tt_transformers.modules.lazy_weight:get_device_weight:120 - [32m[cache hit][0m Loading tensor from cache: /localdev/gwang/tt_transformers/model_cache/llama33_70b/T3K/mlp/layer50_w3_srcshape_8192_28672_dtype_BFLOAT8_B_layout_TILE_memcfg_1786057467681592545_mapper_660f4331f0f0_device_0.tensorbin
2026-09-03 05:01:54.669 | INFO     | tt_transformers.modules.lazy_weight:get_device_weight:120 - [32m[cache hit][0m Loading tensor from cache: /localdev/gwang/tt_transformers/model_cache/llama33_70b/T3K/norm/layer51_pre_attn_srcshape_1_1_256_32_dtype_BFLOAT16_layout_ROW_MAJOR_mapper_241585d9fe31_device_0.tensorbin
2026-09-03 05:01:54.670 | INFO     | tt_transformers.modules.lazy_weight:get_device_weight:120 - [32m[cache hit][0m Loading tensor from cache: /localdev/gwang/tt_transformers/model_cache/llama33_70b/T3K/norm/layer51_pre_attn_srcshape_1_1_256_32_dtype_BFLOAT16_layout_ROW_MAJOR_mapper_b82b244385ac_device_0.tensorbin
2026-09-03 05:01:54.670 | INFO     | tt_transformers.modules.lazy_weight:get_device_weight:120 - [32m[cache hit][0m Loading tensor from cache: /localdev/gwang/tt_transformers/model_cache/llama33_70b/T3K/attn/layer51_wqkv_srcshape_1_1_8192_10240_dtype_BFLOAT8_B_layout_TILE_memcfg_663972112453010226_mapper_660f4331f0f0_device_0.tensorbin
2026-09-03 05:01:54.676 | INFO     | tt_transformers.modules.lazy_weight:get_device_weight:120 - [32m[cache hit][0m Loading tensor from cache: /localdev/gwang/tt_transformers/model_cache/llama33_70b/T3K/attn/layer51_wo_srcshape_1_1_8192_8192_dtype_BFLOAT8_B_layout_TILE_mapper_660f4331f0f0_device_0.tensorbin
2026-09-03 05:01:54.682 | INFO     | tt_transformers.modules.lazy_weight:get_device_weight:120 - [32m[cache hit][0m Loading tensor from cache: /localdev/gwang/tt_transformers/model_cache/llama33_70b/T3K/norm/layer51_post_attn_srcshape_1_1_256_32_dtype_BFLOAT16_layout_ROW_MAJOR_mapper_241585d9fe31_device_0.tensorbin
2026-09-03 05:01:54.682 | INFO     | tt_transformers.modules.lazy_weight:get_device_weight:120 - [32m[cache hit][0m Loading tensor from cache: /localdev/gwang/tt_transformers/model_cache/llama33_70b/T3K/norm/layer51_post_attn_srcshape_1_1_256_32_dtype_BFLOAT16_layout_ROW_MAJOR_mapper_b82b244385ac_device_0.tensorbin
2026-09-03 05:01:54.683 | INFO     | tt_transformers.modules.lazy_weight:get_device_weight:120 - [32m[cache hit][0m Loading tensor from cache: /localdev/gwang/tt_transformers/model_cache/llama33_70b/T3K/mlp/layer51_w1_srcshape_8192_28672_dtype_BFLOAT8_B_layout_TILE_memcfg_1786057467681592545_mapper_660f4331f0f0_device_0.tensorbin
2026-09-03 05:01:54.696 | INFO     | tt_transformers.modules.lazy_weight:get_device_weight:120 - [32m[cache hit][0m Loading tensor from cache: /localdev/gwang/tt_transformers/model_cache/llama33_70b/T3K/mlp/layer51_w2_srcshape_28672_8192_dtype_BFLOAT8_B_layout_TILE_memcfg_906506041791331912_mapper_0cdd7bdaff6f_device_0.tensorbin
2026-09-03 05:01:54.710 | INFO     | tt_transformers.modules.lazy_weight:get_device_weight:120 - [32m[cache hit][0m Loading tensor from cache: /localdev/gwang/tt_transformers/model_cache/llama33_70b/T3K/mlp/layer51_w3_srcshape_8192_28672_dtype_BFLOAT8_B_layout_TILE_memcfg_1786057467681592545_mapper_660f4331f0f0_device_0.tensorbin
2026-09-03 05:01:54.726 | INFO     | tt_transformers.modules.lazy_weight:get_device_weight:120 - [32m[cache hit][0m Loading tensor from cache: /localdev/gwang/tt_transformers/model_cache/llama33_70b/T3K/norm/layer52_pre_attn_srcshape_1_1_256_32_dtype_BFLOAT16_layout_ROW_MAJOR_mapper_241585d9fe31_device_0.tensorbin
2026-09-03 05:01:54.726 | INFO     | tt_transformers.modules.lazy_weight:get_device_weight:120 - [32m[cache hit][0m Loading tensor from cache: /localdev/gwang/tt_transformers/model_cache/llama33_70b/T3K/norm/layer52_pre_attn_srcshape_1_1_256_32_dtype_BFLOAT16_layout_ROW_MAJOR_mapper_b82b244385ac_device_0.tensorbin
2026-09-03 05:01:54.727 | INFO     | tt_transformers.modules.lazy_weight:get_device_weight:120 - [32m[cache hit][0m Loading tensor from cache: /localdev/gwang/tt_transformers/model_cache/llama33_70b/T3K/attn/layer52_wqkv_srcshape_1_1_8192_10240_dtype_BFLOAT8_B_layout_TILE_memcfg_663972112453010226_mapper_660f4331f0f0_device_0.tensorbin
2026-09-03 05:01:54.732 | INFO     | tt_transformers.modules.lazy_weight:get_device_weight:120 - [32m[cache hit][0m Loading tensor from cache: /localdev/gwang/tt_transformers/model_cache/llama33_70b/T3K/attn/layer52_wo_srcshape_1_1_8192_8192_dtype_BFLOAT8_B_layout_TILE_mapper_660f4331f0f0_device_0.tensorbin
2026-09-03 05:01:54.738 | INFO     | tt_transformers.modules.lazy_weight:get_device_weight:120 - [32m[cache hit][0m Loading tensor from cache: /localdev/gwang/tt_transformers/model_cache/llama33_70b/T3K/norm/layer52_post_attn_srcshape_1_1_256_32_dtype_BFLOAT16_layout_ROW_MAJOR_mapper_241585d9fe31_device_0.tensorbin
2026-09-03 05:01:54.738 | INFO     | tt_transformers.modules.lazy_weight:get_device_weight:120 - [32m[cache hit][0m Loading tensor from cache: /localdev/gwang/tt_transformers/model_cache/llama33_70b/T3K/norm/layer52_post_attn_srcshape_1_1_256_32_dtype_BFLOAT16_layout_ROW_MAJOR_mapper_b82b244385ac_device_0.tensorbin
2026-09-03 05:01:54.739 | INFO     | tt_transformers.modules.lazy_weight:get_device_weight:120 - [32m[cache hit][0m Loading tensor from cache: /localdev/gwang/tt_transformers/model_cache/llama33_70b/T3K/mlp/layer52_w1_srcshape_8192_28672_dtype_BFLOAT8_B_layout_TILE_memcfg_1786057467681592545_mapper_660f4331f0f0_device_0.tensorbin
2026-09-03 05:01:54.753 | INFO     | tt_transformers.modules.lazy_weight:get_device_weight:120 - [32m[cache hit][0m Loading tensor from cache: /localdev/gwang/tt_transformers/model_cache/llama33_70b/T3K/mlp/layer52_w2_srcshape_28672_8192_dtype_BFLOAT8_B_layout_TILE_memcfg_906506041791331912_mapper_0cdd7bdaff6f_device_0.tensorbin
2026-09-03 05:01:54.766 | INFO     | tt_transformers.modules.lazy_weight:get_device_weight:120 - [32m[cache hit][0m Loading tensor from cache: /localdev/gwang/tt_transformers/model_cache/llama33_70b/T3K/mlp/layer52_w3_srcshape_8192_28672_dtype_BFLOAT8_B_layout_TILE_memcfg_1786057467681592545_mapper_660f4331f0f0_device_0.tensorbin
2026-09-03 05:01:54.781 | INFO     | tt_transformers.modules.lazy_weight:get_device_weight:120 - [32m[cache hit][0m Loading tensor from cache: /localdev/gwang/tt_transformers/model_cache/llama33_70b/T3K/norm/layer53_pre_attn_srcshape_1_1_256_32_dtype_BFLOAT16_layout_ROW_MAJOR_mapper_241585d9fe31_device_0.tensorbin
2026-09-03 05:01:54.782 | INFO     | tt_transformers.modules.lazy_weight:get_device_weight:120 - [32m[cache hit][0m Loading tensor from cache: /localdev/gwang/tt_transformers/model_cache/llama33_70b/T3K/norm/layer53_pre_attn_srcshape_1_1_256_32_dtype_BFLOAT16_layout_ROW_MAJOR_mapper_b82b244385ac_device_0.tensorbin
2026-09-03 05:01:54.782 | INFO     | tt_transformers.modules.lazy_weight:get_device_weight:120 - [32m[cache hit][0m Loading tensor from cache: /localdev/gwang/tt_transformers/model_cache/llama33_70b/T3K/attn/layer53_wqkv_srcshape_1_1_8192_10240_dtype_BFLOAT8_B_layout_TILE_memcfg_663972112453010226_mapper_660f4331f0f0_device_0.tensorbin
2026-09-03 05:01:54.787 | INFO     | tt_transformers.modules.lazy_weight:get_device_weight:120 - [32m[cache hit][0m Loading tensor from cache: /localdev/gwang/tt_transformers/model_cache/llama33_70b/T3K/attn/layer53_wo_srcshape_1_1_8192_8192_dtype_BFLOAT8_B_layout_TILE_mapper_660f4331f0f0_device_0.tensorbin
2026-09-03 05:01:54.793 | INFO     | tt_transformers.modules.lazy_weight:get_device_weight:120 - [32m[cache hit][0m Loading tensor from cache: /localdev/gwang/tt_transformers/model_cache/llama33_70b/T3K/norm/layer53_post_attn_srcshape_1_1_256_32_dtype_BFLOAT16_layout_ROW_MAJOR_mapper_241585d9fe31_device_0.tensorbin
2026-09-03 05:01:54.793 | INFO     | tt_transformers.modules.lazy_weight:get_device_weight:120 - [32m[cache hit][0m Loading tensor from cache: /localdev/gwang/tt_transformers/model_cache/llama33_70b/T3K/norm/layer53_post_attn_srcshape_1_1_256_32_dtype_BFLOAT16_layout_ROW_MAJOR_mapper_b82b244385ac_device_0.tensorbin
2026-09-03 05:01:54.794 | INFO     | tt_transformers.modules.lazy_weight:get_device_weight:120 - [32m[cache hit][0m Loading tensor from cache: /localdev/gwang/tt_transformers/model_cache/llama33_70b/T3K/mlp/layer53_w1_srcshape_8192_28672_dtype_BFLOAT8_B_layout_TILE_memcfg_1786057467681592545_mapper_660f4331f0f0_device_0.tensorbin
2026-09-03 05:01:54.808 | INFO     | tt_transformers.modules.lazy_weight:get_device_weight:120 - [32m[cache hit][0m Loading tensor from cache: /localdev/gwang/tt_transformers/model_cache/llama33_70b/T3K/mlp/layer53_w2_srcshape_28672_8192_dtype_BFLOAT8_B_layout_TILE_memcfg_906506041791331912_mapper_0cdd7bdaff6f_device_0.tensorbin
2026-09-03 05:01:54.822 | INFO     | tt_transformers.modules.lazy_weight:get_device_weight:120 - [32m[cache hit][0m Loading tensor from cache: /localdev/gwang/tt_transformers/model_cache/llama33_70b/T3K/mlp/layer53_w3_srcshape_8192_28672_dtype_BFLOAT8_B_layout_TILE_memcfg_1786057467681592545_mapper_660f4331f0f0_device_0.tensorbin
2026-09-03 05:01:54.838 | INFO     | tt_transformers.modules.lazy_weight:get_device_weight:120 - [32m[cache hit][0m Loading tensor from cache: /localdev/gwang/tt_transformers/model_cache/llama33_70b/T3K/norm/layer54_pre_attn_srcshape_1_1_256_32_dtype_BFLOAT16_layout_ROW_MAJOR_mapper_241585d9fe31_device_0.tensorbin
2026-09-03 05:01:54.838 | INFO     | tt_transformers.modules.lazy_weight:get_device_weight:120 - [32m[cache hit][0m Loading tensor from cache: /localdev/gwang/tt_transformers/model_cache/llama33_70b/T3K/norm/layer54_pre_attn_srcshape_1_1_256_32_dtype_BFLOAT16_layout_ROW_MAJOR_mapper_b82b244385ac_device_0.tensorbin
2026-09-03 05:01:54.839 | INFO     | tt_transformers.modules.lazy_weight:get_device_weight:120 - [32m[cache hit][0m Loading tensor from cache: /localdev/gwang/tt_transformers/model_cache/llama33_70b/T3K/attn/layer54_wqkv_srcshape_1_1_8192_10240_dtype_BFLOAT8_B_layout_TILE_memcfg_663972112453010226_mapper_660f4331f0f0_device_0.tensorbin
2026-09-03 05:01:54.843 | INFO     | tt_transformers.modules.lazy_weight:get_device_weight:120 - [32m[cache hit][0m Loading tensor from cache: /localdev/gwang/tt_transformers/model_cache/llama33_70b/T3K/attn/layer54_wo_srcshape_1_1_8192_8192_dtype_BFLOAT8_B_layout_TILE_mapper_660f4331f0f0_device_0.tensorbin
2026-09-03 05:01:54.849 | INFO     | tt_transformers.modules.lazy_weight:get_device_weight:120 - [32m[cache hit][0m Loading tensor from cache: /localdev/gwang/tt_transformers/model_cache/llama33_70b/T3K/norm/layer54_post_attn_srcshape_1_1_256_32_dtype_BFLOAT16_layout_ROW_MAJOR_mapper_241585d9fe31_device_0.tensorbin
2026-09-03 05:01:54.850 | INFO     | tt_transformers.modules.lazy_weight:get_device_weight:120 - [32m[cache hit][0m Loading tensor from cache: /localdev/gwang/tt_transformers/model_cache/llama33_70b/T3K/norm/layer54_post_attn_srcshape_1_1_256_32_dtype_BFLOAT16_layout_ROW_MAJOR_mapper_b82b244385ac_device_0.tensorbin
2026-09-03 05:01:54.850 | INFO     | tt_transformers.modules.lazy_weight:get_device_weight:120 - [32m[cache hit][0m Loading tensor from cache: /localdev/gwang/tt_transformers/model_cache/llama33_70b/T3K/mlp/layer54_w1_srcshape_8192_28672_dtype_BFLOAT8_B_layout_TILE_memcfg_1786057467681592545_mapper_660f4331f0f0_device_0.tensorbin
2026-09-03 05:01:54.864 | INFO     | tt_transformers.modules.lazy_weight:get_device_weight:120 - [32m[cache hit][0m Loading tensor from cache: /localdev/gwang/tt_transformers/model_cache/llama33_70b/T3K/mlp/layer54_w2_srcshape_28672_8192_dtype_BFLOAT8_B_layout_TILE_memcfg_906506041791331912_mapper_0cdd7bdaff6f_device_0.tensorbin
2026-09-03 05:01:54.876 | INFO     | tt_transformers.modules.lazy_weight:get_device_weight:120 - [32m[cache hit][0m Loading tensor from cache: /localdev/gwang/tt_transformers/model_cache/llama33_70b/T3K/mlp/layer54_w3_srcshape_8192_28672_dtype_BFLOAT8_B_layout_TILE_memcfg_1786057467681592545_mapper_660f4331f0f0_device_0.tensorbin
2026-09-03 05:01:54.892 | INFO     | tt_transformers.modules.lazy_weight:get_device_weight:120 - [32m[cache hit][0m Loading tensor from cache: /localdev/gwang/tt_transformers/model_cache/llama33_70b/T3K/norm/layer55_pre_attn_srcshape_1_1_256_32_dtype_BFLOAT16_layout_ROW_MAJOR_mapper_241585d9fe31_device_0.tensorbin
2026-09-03 05:01:54.893 | INFO     | tt_transformers.modules.lazy_weight:get_device_weight:120 - [32m[cache hit][0m Loading tensor from cache: /localdev/gwang/tt_transformers/model_cache/llama33_70b/T3K/norm/layer55_pre_attn_srcshape_1_1_256_32_dtype_BFLOAT16_layout_ROW_MAJOR_mapper_b82b244385ac_device_0.tensorbin
2026-09-03 05:01:54.893 | INFO     | tt_transformers.modules.lazy_weight:get_device_weight:120 - [32m[cache hit][0m Loading tensor from cache: /localdev/gwang/tt_transformers/model_cache/llama33_70b/T3K/attn/layer55_wqkv_srcshape_1_1_8192_10240_dtype_BFLOAT8_B_layout_TILE_memcfg_663972112453010226_mapper_660f4331f0f0_device_0.tensorbin
2026-09-03 05:01:54.898 | INFO     | tt_transformers.modules.lazy_weight:get_device_weight:120 - [32m[cache hit][0m Loading tensor from cache: /localdev/gwang/tt_transformers/model_cache/llama33_70b/T3K/attn/layer55_wo_srcshape_1_1_8192_8192_dtype_BFLOAT8_B_layout_TILE_mapper_660f4331f0f0_device_0.tensorbin
2026-09-03 05:01:54.904 | INFO     | tt_transformers.modules.lazy_weight:get_device_weight:120 - [32m[cache hit][0m Loading tensor from cache: /localdev/gwang/tt_transformers/model_cache/llama33_70b/T3K/norm/layer55_post_attn_srcshape_1_1_256_32_dtype_BFLOAT16_layout_ROW_MAJOR_mapper_241585d9fe31_device_0.tensorbin
2026-09-03 05:01:54.904 | INFO     | tt_transformers.modules.lazy_weight:get_device_weight:120 - [32m[cache hit][0m Loading tensor from cache: /localdev/gwang/tt_transformers/model_cache/llama33_70b/T3K/norm/layer55_post_attn_srcshape_1_1_256_32_dtype_BFLOAT16_layout_ROW_MAJOR_mapper_b82b244385ac_device_0.tensorbin
2026-09-03 05:01:54.905 | INFO     | tt_transformers.modules.lazy_weight:get_device_weight:120 - [32m[cache hit][0m Loading tensor from cache: /localdev/gwang/tt_transformers/model_cache/llama33_70b/T3K/mlp/layer55_w1_srcshape_8192_28672_dtype_BFLOAT8_B_layout_TILE_memcfg_1786057467681592545_mapper_660f4331f0f0_device_0.tensorbin
2026-09-03 05:01:54.918 | INFO     | tt_transformers.modules.lazy_weight:get_device_weight:120 - [32m[cache hit][0m Loading tensor from cache: /localdev/gwang/tt_transformers/model_cache/llama33_70b/T3K/mlp/layer55_w2_srcshape_28672_8192_dtype_BFLOAT8_B_layout_TILE_memcfg_906506041791331912_mapper_0cdd7bdaff6f_device_0.tensorbin
2026-09-03 05:01:54.931 | INFO     | tt_transformers.modules.lazy_weight:get_device_weight:120 - [32m[cache hit][0m Loading tensor from cache: /localdev/gwang/tt_transformers/model_cache/llama33_70b/T3K/mlp/layer55_w3_srcshape_8192_28672_dtype_BFLOAT8_B_layout_TILE_memcfg_1786057467681592545_mapper_660f4331f0f0_device_0.tensorbin
2026-09-03 05:01:54.946 | INFO     | tt_transformers.modules.lazy_weight:get_device_weight:120 - [32m[cache hit][0m Loading tensor from cache: /localdev/gwang/tt_transformers/model_cache/llama33_70b/T3K/norm/layer56_pre_attn_srcshape_1_1_256_32_dtype_BFLOAT16_layout_ROW_MAJOR_mapper_241585d9fe31_device_0.tensorbin
2026-09-03 05:01:54.947 | INFO     | tt_transformers.modules.lazy_weight:get_device_weight:120 - [32m[cache hit][0m Loading tensor from cache: /localdev/gwang/tt_transformers/model_cache/llama33_70b/T3K/norm/layer56_pre_attn_srcshape_1_1_256_32_dtype_BFLOAT16_layout_ROW_MAJOR_mapper_b82b244385ac_device_0.tensorbin
2026-09-03 05:01:54.947 | INFO     | tt_transformers.modules.lazy_weight:get_device_weight:120 - [32m[cache hit][0m Loading tensor from cache: /localdev/gwang/tt_transformers/model_cache/llama33_70b/T3K/attn/layer56_wqkv_srcshape_1_1_8192_10240_dtype_BFLOAT8_B_layout_TILE_memcfg_663972112453010226_mapper_660f4331f0f0_device_0.tensorbin
2026-09-03 05:01:54.953 | INFO     | tt_transformers.modules.lazy_weight:get_device_weight:120 - [32m[cache hit][0m Loading tensor from cache: /localdev/gwang/tt_transformers/model_cache/llama33_70b/T3K/attn/layer56_wo_srcshape_1_1_8192_8192_dtype_BFLOAT8_B_layout_TILE_mapper_660f4331f0f0_device_0.tensorbin
2026-09-03 05:01:54.959 | INFO     | tt_transformers.modules.lazy_weight:get_device_weight:120 - [32m[cache hit][0m Loading tensor from cache: /localdev/gwang/tt_transformers/model_cache/llama33_70b/T3K/norm/layer56_post_attn_srcshape_1_1_256_32_dtype_BFLOAT16_layout_ROW_MAJOR_mapper_241585d9fe31_device_0.tensorbin
2026-09-03 05:01:54.959 | INFO     | tt_transformers.modules.lazy_weight:get_device_weight:120 - [32m[cache hit][0m Loading tensor from cache: /localdev/gwang/tt_transformers/model_cache/llama33_70b/T3K/norm/layer56_post_attn_srcshape_1_1_256_32_dtype_BFLOAT16_layout_ROW_MAJOR_mapper_b82b244385ac_device_0.tensorbin
2026-09-03 05:01:54.959 | INFO     | tt_transformers.modules.lazy_weight:get_device_weight:120 - [32m[cache hit][0m Loading tensor from cache: /localdev/gwang/tt_transformers/model_cache/llama33_70b/T3K/mlp/layer56_w1_srcshape_8192_28672_dtype_BFLOAT8_B_layout_TILE_memcfg_1786057467681592545_mapper_660f4331f0f0_device_0.tensorbin
2026-09-03 05:01:54.975 | INFO     | tt_transformers.modules.lazy_weight:get_device_weight:120 - [32m[cache hit][0m Loading tensor from cache: /localdev/gwang/tt_transformers/model_cache/llama33_70b/T3K/mlp/layer56_w2_srcshape_28672_8192_dtype_BFLOAT8_B_layout_TILE_memcfg_906506041791331912_mapper_0cdd7bdaff6f_device_0.tensorbin
2026-09-03 05:01:54.988 | INFO     | tt_transformers.modules.lazy_weight:get_device_weight:120 - [32m[cache hit][0m Loading tensor from cache: /localdev/gwang/tt_transformers/model_cache/llama33_70b/T3K/mlp/layer56_w3_srcshape_8192_28672_dtype_BFLOAT8_B_layout_TILE_memcfg_1786057467681592545_mapper_660f4331f0f0_device_0.tensorbin
2026-09-03 05:01:55.007 | INFO     | tt_transformers.modules.lazy_weight:get_device_weight:120 - [32m[cache hit][0m Loading tensor from cache: /localdev/gwang/tt_transformers/model_cache/llama33_70b/T3K/norm/layer57_pre_attn_srcshape_1_1_256_32_dtype_BFLOAT16_layout_ROW_MAJOR_mapper_241585d9fe31_device_0.tensorbin
2026-09-03 05:01:55.007 | INFO     | tt_transformers.modules.lazy_weight:get_device_weight:120 - [32m[cache hit][0m Loading tensor from cache: /localdev/gwang/tt_transformers/model_cache/llama33_70b/T3K/norm/layer57_pre_attn_srcshape_1_1_256_32_dtype_BFLOAT16_layout_ROW_MAJOR_mapper_b82b244385ac_device_0.tensorbin
2026-09-03 05:01:55.008 | INFO     | tt_transformers.modules.lazy_weight:get_device_weight:120 - [32m[cache hit][0m Loading tensor from cache: /localdev/gwang/tt_transformers/model_cache/llama33_70b/T3K/attn/layer57_wqkv_srcshape_1_1_8192_10240_dtype_BFLOAT8_B_layout_TILE_memcfg_663972112453010226_mapper_660f4331f0f0_device_0.tensorbin
2026-09-03 05:01:55.013 | INFO     | tt_transformers.modules.lazy_weight:get_device_weight:120 - [32m[cache hit][0m Loading tensor from cache: /localdev/gwang/tt_transformers/model_cache/llama33_70b/T3K/attn/layer57_wo_srcshape_1_1_8192_8192_dtype_BFLOAT8_B_layout_TILE_mapper_660f4331f0f0_device_0.tensorbin
2026-09-03 05:01:55.020 | INFO     | tt_transformers.modules.lazy_weight:get_device_weight:120 - [32m[cache hit][0m Loading tensor from cache: /localdev/gwang/tt_transformers/model_cache/llama33_70b/T3K/norm/layer57_post_attn_srcshape_1_1_256_32_dtype_BFLOAT16_layout_ROW_MAJOR_mapper_241585d9fe31_device_0.tensorbin
2026-09-03 05:01:55.020 | INFO     | tt_transformers.modules.lazy_weight:get_device_weight:120 - [32m[cache hit][0m Loading tensor from cache: /localdev/gwang/tt_transformers/model_cache/llama33_70b/T3K/norm/layer57_post_attn_srcshape_1_1_256_32_dtype_BFLOAT16_layout_ROW_MAJOR_mapper_b82b244385ac_device_0.tensorbin
2026-09-03 05:01:55.021 | INFO     | tt_transformers.modules.lazy_weight:get_device_weight:120 - [32m[cache hit][0m Loading tensor from cache: /localdev/gwang/tt_transformers/model_cache/llama33_70b/T3K/mlp/layer57_w1_srcshape_8192_28672_dtype_BFLOAT8_B_layout_TILE_memcfg_1786057467681592545_mapper_660f4331f0f0_device_0.tensorbin
2026-09-03 05:01:55.037 | INFO     | tt_transformers.modules.lazy_weight:get_device_weight:120 - [32m[cache hit][0m Loading tensor from cache: /localdev/gwang/tt_transformers/model_cache/llama33_70b/T3K/mlp/layer57_w2_srcshape_28672_8192_dtype_BFLOAT8_B_layout_TILE_memcfg_906506041791331912_mapper_0cdd7bdaff6f_device_0.tensorbin
2026-09-03 05:01:55.050 | INFO     | tt_transformers.modules.lazy_weight:get_device_weight:120 - [32m[cache hit][0m Loading tensor from cache: /localdev/gwang/tt_transformers/model_cache/llama33_70b/T3K/mlp/layer57_w3_srcshape_8192_28672_dtype_BFLOAT8_B_layout_TILE_memcfg_1786057467681592545_mapper_660f4331f0f0_device_0.tensorbin
2026-09-03 05:01:55.065 | INFO     | tt_transformers.modules.lazy_weight:get_device_weight:120 - [32m[cache hit][0m Loading tensor from cache: /localdev/gwang/tt_transformers/model_cache/llama33_70b/T3K/norm/layer58_pre_attn_srcshape_1_1_256_32_dtype_BFLOAT16_layout_ROW_MAJOR_mapper_241585d9fe31_device_0.tensorbin
2026-09-03 05:01:55.066 | INFO     | tt_transformers.modules.lazy_weight:get_device_weight:120 - [32m[cache hit][0m Loading tensor from cache: /localdev/gwang/tt_transformers/model_cache/llama33_70b/T3K/norm/layer58_pre_attn_srcshape_1_1_256_32_dtype_BFLOAT16_layout_ROW_MAJOR_mapper_b82b244385ac_device_0.tensorbin
2026-09-03 05:01:55.066 | INFO     | tt_transformers.modules.lazy_weight:get_device_weight:120 - [32m[cache hit][0m Loading tensor from cache: /localdev/gwang/tt_transformers/model_cache/llama33_70b/T3K/attn/layer58_wqkv_srcshape_1_1_8192_10240_dtype_BFLOAT8_B_layout_TILE_memcfg_663972112453010226_mapper_660f4331f0f0_device_0.tensorbin
2026-09-03 05:01:55.071 | INFO     | tt_transformers.modules.lazy_weight:get_device_weight:120 - [32m[cache hit][0m Loading tensor from cache: /localdev/gwang/tt_transformers/model_cache/llama33_70b/T3K/attn/layer58_wo_srcshape_1_1_8192_8192_dtype_BFLOAT8_B_layout_TILE_mapper_660f4331f0f0_device_0.tensorbin
2026-09-03 05:01:55.076 | INFO     | tt_transformers.modules.lazy_weight:get_device_weight:120 - [32m[cache hit][0m Loading tensor from cache: /localdev/gwang/tt_transformers/model_cache/llama33_70b/T3K/norm/layer58_post_attn_srcshape_1_1_256_32_dtype_BFLOAT16_layout_ROW_MAJOR_mapper_241585d9fe31_device_0.tensorbin
2026-09-03 05:01:55.077 | INFO     | tt_transformers.modules.lazy_weight:get_device_weight:120 - [32m[cache hit][0m Loading tensor from cache: /localdev/gwang/tt_transformers/model_cache/llama33_70b/T3K/norm/layer58_post_attn_srcshape_1_1_256_32_dtype_BFLOAT16_layout_ROW_MAJOR_mapper_b82b244385ac_device_0.tensorbin
2026-09-03 05:01:55.077 | INFO     | tt_transformers.modules.lazy_weight:get_device_weight:120 - [32m[cache hit][0m Loading tensor from cache: /localdev/gwang/tt_transformers/model_cache/llama33_70b/T3K/mlp/layer58_w1_srcshape_8192_28672_dtype_BFLOAT8_B_layout_TILE_memcfg_1786057467681592545_mapper_660f4331f0f0_device_0.tensorbin
2026-09-03 05:01:55.089 | INFO     | tt_transformers.modules.lazy_weight:get_device_weight:120 - [32m[cache hit][0m Loading tensor from cache: /localdev/gwang/tt_transformers/model_cache/llama33_70b/T3K/mlp/layer58_w2_srcshape_28672_8192_dtype_BFLOAT8_B_layout_TILE_memcfg_906506041791331912_mapper_0cdd7bdaff6f_device_0.tensorbin
2026-09-03 05:01:55.101 | INFO     | tt_transformers.modules.lazy_weight:get_device_weight:120 - [32m[cache hit][0m Loading tensor from cache: /localdev/gwang/tt_transformers/model_cache/llama33_70b/T3K/mlp/layer58_w3_srcshape_8192_28672_dtype_BFLOAT8_B_layout_TILE_memcfg_1786057467681592545_mapper_660f4331f0f0_device_0.tensorbin
2026-09-03 05:01:55.114 | INFO     | tt_transformers.modules.lazy_weight:get_device_weight:120 - [32m[cache hit][0m Loading tensor from cache: /localdev/gwang/tt_transformers/model_cache/llama33_70b/T3K/norm/layer59_pre_attn_srcshape_1_1_256_32_dtype_BFLOAT16_layout_ROW_MAJOR_mapper_241585d9fe31_device_0.tensorbin
2026-09-03 05:01:55.114 | INFO     | tt_transformers.modules.lazy_weight:get_device_weight:120 - [32m[cache hit][0m Loading tensor from cache: /localdev/gwang/tt_transformers/model_cache/llama33_70b/T3K/norm/layer59_pre_attn_srcshape_1_1_256_32_dtype_BFLOAT16_layout_ROW_MAJOR_mapper_b82b244385ac_device_0.tensorbin
2026-09-03 05:01:55.115 | INFO     | tt_transformers.modules.lazy_weight:get_device_weight:120 - [32m[cache hit][0m Loading tensor from cache: /localdev/gwang/tt_transformers/model_cache/llama33_70b/T3K/attn/layer59_wqkv_srcshape_1_1_8192_10240_dtype_BFLOAT8_B_layout_TILE_memcfg_663972112453010226_mapper_660f4331f0f0_device_0.tensorbin
2026-09-03 05:01:55.120 | INFO     | tt_transformers.modules.lazy_weight:get_device_weight:120 - [32m[cache hit][0m Loading tensor from cache: /localdev/gwang/tt_transformers/model_cache/llama33_70b/T3K/attn/layer59_wo_srcshape_1_1_8192_8192_dtype_BFLOAT8_B_layout_TILE_mapper_660f4331f0f0_device_0.tensorbin
2026-09-03 05:01:55.125 | INFO     | tt_transformers.modules.lazy_weight:get_device_weight:120 - [32m[cache hit][0m Loading tensor from cache: /localdev/gwang/tt_transformers/model_cache/llama33_70b/T3K/norm/layer59_post_attn_srcshape_1_1_256_32_dtype_BFLOAT16_layout_ROW_MAJOR_mapper_241585d9fe31_device_0.tensorbin
2026-09-03 05:01:55.126 | INFO     | tt_transformers.modules.lazy_weight:get_device_weight:120 - [32m[cache hit][0m Loading tensor from cache: /localdev/gwang/tt_transformers/model_cache/llama33_70b/T3K/norm/layer59_post_attn_srcshape_1_1_256_32_dtype_BFLOAT16_layout_ROW_MAJOR_mapper_b82b244385ac_device_0.tensorbin
2026-09-03 05:01:55.126 | INFO     | tt_transformers.modules.lazy_weight:get_device_weight:120 - [32m[cache hit][0m Loading tensor from cache: /localdev/gwang/tt_transformers/model_cache/llama33_70b/T3K/mlp/layer59_w1_srcshape_8192_28672_dtype_BFLOAT8_B_layout_TILE_memcfg_1786057467681592545_mapper_660f4331f0f0_device_0.tensorbin
2026-09-03 05:01:55.138 | INFO     | tt_transformers.modules.lazy_weight:get_device_weight:120 - [32m[cache hit][0m Loading tensor from cache: /localdev/gwang/tt_transformers/model_cache/llama33_70b/T3K/mlp/layer59_w2_srcshape_28672_8192_dtype_BFLOAT8_B_layout_TILE_memcfg_906506041791331912_mapper_0cdd7bdaff6f_device_0.tensorbin
2026-09-03 05:01:55.150 | INFO     | tt_transformers.modules.lazy_weight:get_device_weight:120 - [32m[cache hit][0m Loading tensor from cache: /localdev/gwang/tt_transformers/model_cache/llama33_70b/T3K/mlp/layer59_w3_srcshape_8192_28672_dtype_BFLOAT8_B_layout_TILE_memcfg_1786057467681592545_mapper_660f4331f0f0_device_0.tensorbin
2026-09-03 05:01:55.164 | INFO     | tt_transformers.modules.lazy_weight:get_device_weight:120 - [32m[cache hit][0m Loading tensor from cache: /localdev/gwang/tt_transformers/model_cache/llama33_70b/T3K/norm/layer60_pre_attn_srcshape_1_1_256_32_dtype_BFLOAT16_layout_ROW_MAJOR_mapper_241585d9fe31_device_0.tensorbin
2026-09-03 05:01:55.164 | INFO     | tt_transformers.modules.lazy_weight:get_device_weight:120 - [32m[cache hit][0m Loading tensor from cache: /localdev/gwang/tt_transformers/model_cache/llama33_70b/T3K/norm/layer60_pre_attn_srcshape_1_1_256_32_dtype_BFLOAT16_layout_ROW_MAJOR_mapper_b82b244385ac_device_0.tensorbin
2026-09-03 05:01:55.164 | INFO     | tt_transformers.modules.lazy_weight:get_device_weight:120 - [32m[cache hit][0m Loading tensor from cache: /localdev/gwang/tt_transformers/model_cache/llama33_70b/T3K/attn/layer60_wqkv_srcshape_1_1_8192_10240_dtype_BFLOAT8_B_layout_TILE_memcfg_663972112453010226_mapper_660f4331f0f0_device_0.tensorbin
2026-09-03 05:01:55.169 | INFO     | tt_transformers.modules.lazy_weight:get_device_weight:120 - [32m[cache hit][0m Loading tensor from cache: /localdev/gwang/tt_transformers/model_cache/llama33_70b/T3K/attn/layer60_wo_srcshape_1_1_8192_8192_dtype_BFLOAT8_B_layout_TILE_mapper_660f4331f0f0_device_0.tensorbin
2026-09-03 05:01:55.175 | INFO     | tt_transformers.modules.lazy_weight:get_device_weight:120 - [32m[cache hit][0m Loading tensor from cache: /localdev/gwang/tt_transformers/model_cache/llama33_70b/T3K/norm/layer60_post_attn_srcshape_1_1_256_32_dtype_BFLOAT16_layout_ROW_MAJOR_mapper_241585d9fe31_device_0.tensorbin
2026-09-03 05:01:55.175 | INFO     | tt_transformers.modules.lazy_weight:get_device_weight:120 - [32m[cache hit][0m Loading tensor from cache: /localdev/gwang/tt_transformers/model_cache/llama33_70b/T3K/norm/layer60_post_attn_srcshape_1_1_256_32_dtype_BFLOAT16_layout_ROW_MAJOR_mapper_b82b244385ac_device_0.tensorbin
2026-09-03 05:01:55.176 | INFO     | tt_transformers.modules.lazy_weight:get_device_weight:120 - [32m[cache hit][0m Loading tensor from cache: /localdev/gwang/tt_transformers/model_cache/llama33_70b/T3K/mlp/layer60_w1_srcshape_8192_28672_dtype_BFLOAT8_B_layout_TILE_memcfg_1786057467681592545_mapper_660f4331f0f0_device_0.tensorbin
2026-09-03 05:01:55.187 | INFO     | tt_transformers.modules.lazy_weight:get_device_weight:120 - [32m[cache hit][0m Loading tensor from cache: /localdev/gwang/tt_transformers/model_cache/llama33_70b/T3K/mlp/layer60_w2_srcshape_28672_8192_dtype_BFLOAT8_B_layout_TILE_memcfg_906506041791331912_mapper_0cdd7bdaff6f_device_0.tensorbin
2026-09-03 05:01:55.199 | INFO     | tt_transformers.modules.lazy_weight:get_device_weight:120 - [32m[cache hit][0m Loading tensor from cache: /localdev/gwang/tt_transformers/model_cache/llama33_70b/T3K/mlp/layer60_w3_srcshape_8192_28672_dtype_BFLOAT8_B_layout_TILE_memcfg_1786057467681592545_mapper_660f4331f0f0_device_0.tensorbin
2026-09-03 05:01:55.214 | INFO     | tt_transformers.modules.lazy_weight:get_device_weight:120 - [32m[cache hit][0m Loading tensor from cache: /localdev/gwang/tt_transformers/model_cache/llama33_70b/T3K/norm/layer61_pre_attn_srcshape_1_1_256_32_dtype_BFLOAT16_layout_ROW_MAJOR_mapper_241585d9fe31_device_0.tensorbin
2026-09-03 05:01:55.214 | INFO     | tt_transformers.modules.lazy_weight:get_device_weight:120 - [32m[cache hit][0m Loading tensor from cache: /localdev/gwang/tt_transformers/model_cache/llama33_70b/T3K/norm/layer61_pre_attn_srcshape_1_1_256_32_dtype_BFLOAT16_layout_ROW_MAJOR_mapper_b82b244385ac_device_0.tensorbin
2026-09-03 05:01:55.215 | INFO     | tt_transformers.modules.lazy_weight:get_device_weight:120 - [32m[cache hit][0m Loading tensor from cache: /localdev/gwang/tt_transformers/model_cache/llama33_70b/T3K/attn/layer61_wqkv_srcshape_1_1_8192_10240_dtype_BFLOAT8_B_layout_TILE_memcfg_663972112453010226_mapper_660f4331f0f0_device_0.tensorbin
2026-09-03 05:01:55.219 | INFO     | tt_transformers.modules.lazy_weight:get_device_weight:120 - [32m[cache hit][0m Loading tensor from cache: /localdev/gwang/tt_transformers/model_cache/llama33_70b/T3K/attn/layer61_wo_srcshape_1_1_8192_8192_dtype_BFLOAT8_B_layout_TILE_mapper_660f4331f0f0_device_0.tensorbin
2026-09-03 05:01:55.224 | INFO     | tt_transformers.modules.lazy_weight:get_device_weight:120 - [32m[cache hit][0m Loading tensor from cache: /localdev/gwang/tt_transformers/model_cache/llama33_70b/T3K/norm/layer61_post_attn_srcshape_1_1_256_32_dtype_BFLOAT16_layout_ROW_MAJOR_mapper_241585d9fe31_device_0.tensorbin
2026-09-03 05:01:55.225 | INFO     | tt_transformers.modules.lazy_weight:get_device_weight:120 - [32m[cache hit][0m Loading tensor from cache: /localdev/gwang/tt_transformers/model_cache/llama33_70b/T3K/norm/layer61_post_attn_srcshape_1_1_256_32_dtype_BFLOAT16_layout_ROW_MAJOR_mapper_b82b244385ac_device_0.tensorbin
2026-09-03 05:01:55.225 | INFO     | tt_transformers.modules.lazy_weight:get_device_weight:120 - [32m[cache hit][0m Loading tensor from cache: /localdev/gwang/tt_transformers/model_cache/llama33_70b/T3K/mlp/layer61_w1_srcshape_8192_28672_dtype_BFLOAT8_B_layout_TILE_memcfg_1786057467681592545_mapper_660f4331f0f0_device_0.tensorbin
2026-09-03 05:01:55.237 | INFO     | tt_transformers.modules.lazy_weight:get_device_weight:120 - [32m[cache hit][0m Loading tensor from cache: /localdev/gwang/tt_transformers/model_cache/llama33_70b/T3K/mlp/layer61_w2_srcshape_28672_8192_dtype_BFLOAT8_B_layout_TILE_memcfg_906506041791331912_mapper_0cdd7bdaff6f_device_0.tensorbin
2026-09-03 05:01:55.247 | INFO     | tt_transformers.modules.lazy_weight:get_device_weight:120 - [32m[cache hit][0m Loading tensor from cache: /localdev/gwang/tt_transformers/model_cache/llama33_70b/T3K/mlp/layer61_w3_srcshape_8192_28672_dtype_BFLOAT8_B_layout_TILE_memcfg_1786057467681592545_mapper_660f4331f0f0_device_0.tensorbin
2026-09-03 05:01:55.262 | INFO     | tt_transformers.modules.lazy_weight:get_device_weight:120 - [32m[cache hit][0m Loading tensor from cache: /localdev/gwang/tt_transformers/model_cache/llama33_70b/T3K/norm/layer62_pre_attn_srcshape_1_1_256_32_dtype_BFLOAT16_layout_ROW_MAJOR_mapper_241585d9fe31_device_0.tensorbin
2026-09-03 05:01:55.263 | INFO     | tt_transformers.modules.lazy_weight:get_device_weight:120 - [32m[cache hit][0m Loading tensor from cache: /localdev/gwang/tt_transformers/model_cache/llama33_70b/T3K/norm/layer62_pre_attn_srcshape_1_1_256_32_dtype_BFLOAT16_layout_ROW_MAJOR_mapper_b82b244385ac_device_0.tensorbin
2026-09-03 05:01:55.263 | INFO     | tt_transformers.modules.lazy_weight:get_device_weight:120 - [32m[cache hit][0m Loading tensor from cache: /localdev/gwang/tt_transformers/model_cache/llama33_70b/T3K/attn/layer62_wqkv_srcshape_1_1_8192_10240_dtype_BFLOAT8_B_layout_TILE_memcfg_663972112453010226_mapper_660f4331f0f0_device_0.tensorbin
2026-09-03 05:01:55.269 | INFO     | tt_transformers.modules.lazy_weight:get_device_weight:120 - [32m[cache hit][0m Loading tensor from cache: /localdev/gwang/tt_transformers/model_cache/llama33_70b/T3K/attn/layer62_wo_srcshape_1_1_8192_8192_dtype_BFLOAT8_B_layout_TILE_mapper_660f4331f0f0_device_0.tensorbin
2026-09-03 05:01:55.276 | INFO     | tt_transformers.modules.lazy_weight:get_device_weight:120 - [32m[cache hit][0m Loading tensor from cache: /localdev/gwang/tt_transformers/model_cache/llama33_70b/T3K/norm/layer62_post_attn_srcshape_1_1_256_32_dtype_BFLOAT16_layout_ROW_MAJOR_mapper_241585d9fe31_device_0.tensorbin
2026-09-03 05:01:55.276 | INFO     | tt_transformers.modules.lazy_weight:get_device_weight:120 - [32m[cache hit][0m Loading tensor from cache: /localdev/gwang/tt_transformers/model_cache/llama33_70b/T3K/norm/layer62_post_attn_srcshape_1_1_256_32_dtype_BFLOAT16_layout_ROW_MAJOR_mapper_b82b244385ac_device_0.tensorbin
2026-09-03 05:01:55.276 | INFO     | tt_transformers.modules.lazy_weight:get_device_weight:120 - [32m[cache hit][0m Loading tensor from cache: /localdev/gwang/tt_transformers/model_cache/llama33_70b/T3K/mlp/layer62_w1_srcshape_8192_28672_dtype_BFLOAT8_B_layout_TILE_memcfg_1786057467681592545_mapper_660f4331f0f0_device_0.tensorbin
2026-09-03 05:01:55.290 | INFO     | tt_transformers.modules.lazy_weight:get_device_weight:120 - [32m[cache hit][0m Loading tensor from cache: /localdev/gwang/tt_transformers/model_cache/llama33_70b/T3K/mlp/layer62_w2_srcshape_28672_8192_dtype_BFLOAT8_B_layout_TILE_memcfg_906506041791331912_mapper_0cdd7bdaff6f_device_0.tensorbin
2026-09-03 05:01:55.303 | INFO     | tt_transformers.modules.lazy_weight:get_device_weight:120 - [32m[cache hit][0m Loading tensor from cache: /localdev/gwang/tt_transformers/model_cache/llama33_70b/T3K/mlp/layer62_w3_srcshape_8192_28672_dtype_BFLOAT8_B_layout_TILE_memcfg_1786057467681592545_mapper_660f4331f0f0_device_0.tensorbin
2026-09-03 05:01:55.315 | INFO     | tt_transformers.modules.lazy_weight:get_device_weight:120 - [32m[cache hit][0m Loading tensor from cache: /localdev/gwang/tt_transformers/model_cache/llama33_70b/T3K/norm/layer63_pre_attn_srcshape_1_1_256_32_dtype_BFLOAT16_layout_ROW_MAJOR_mapper_241585d9fe31_device_0.tensorbin
2026-09-03 05:01:55.316 | INFO     | tt_transformers.modules.lazy_weight:get_device_weight:120 - [32m[cache hit][0m Loading tensor from cache: /localdev/gwang/tt_transformers/model_cache/llama33_70b/T3K/norm/layer63_pre_attn_srcshape_1_1_256_32_dtype_BFLOAT16_layout_ROW_MAJOR_mapper_b82b244385ac_device_0.tensorbin
2026-09-03 05:01:55.316 | INFO     | tt_transformers.modules.lazy_weight:get_device_weight:120 - [32m[cache hit][0m Loading tensor from cache: /localdev/gwang/tt_transformers/model_cache/llama33_70b/T3K/attn/layer63_wqkv_srcshape_1_1_8192_10240_dtype_BFLOAT8_B_layout_TILE_memcfg_663972112453010226_mapper_660f4331f0f0_device_0.tensorbin
2026-09-03 05:01:55.321 | INFO     | tt_transformers.modules.lazy_weight:get_device_weight:120 - [32m[cache hit][0m Loading tensor from cache: /localdev/gwang/tt_transformers/model_cache/llama33_70b/T3K/attn/layer63_wo_srcshape_1_1_8192_8192_dtype_BFLOAT8_B_layout_TILE_mapper_660f4331f0f0_device_0.tensorbin
2026-09-03 05:01:55.328 | INFO     | tt_transformers.modules.lazy_weight:get_device_weight:120 - [32m[cache hit][0m Loading tensor from cache: /localdev/gwang/tt_transformers/model_cache/llama33_70b/T3K/norm/layer63_post_attn_srcshape_1_1_256_32_dtype_BFLOAT16_layout_ROW_MAJOR_mapper_241585d9fe31_device_0.tensorbin
2026-09-03 05:01:55.328 | INFO     | tt_transformers.modules.lazy_weight:get_device_weight:120 - [32m[cache hit][0m Loading tensor from cache: /localdev/gwang/tt_transformers/model_cache/llama33_70b/T3K/norm/layer63_post_attn_srcshape_1_1_256_32_dtype_BFLOAT16_layout_ROW_MAJOR_mapper_b82b244385ac_device_0.tensorbin
2026-09-03 05:01:55.328 | INFO     | tt_transformers.modules.lazy_weight:get_device_weight:120 - [32m[cache hit][0m Loading tensor from cache: /localdev/gwang/tt_transformers/model_cache/llama33_70b/T3K/mlp/layer63_w1_srcshape_8192_28672_dtype_BFLOAT8_B_layout_TILE_memcfg_1786057467681592545_mapper_660f4331f0f0_device_0.tensorbin
2026-09-03 05:01:55.341 | INFO     | tt_transformers.modules.lazy_weight:get_device_weight:120 - [32m[cache hit][0m Loading tensor from cache: /localdev/gwang/tt_transformers/model_cache/llama33_70b/T3K/mlp/layer63_w2_srcshape_28672_8192_dtype_BFLOAT8_B_layout_TILE_memcfg_906506041791331912_mapper_0cdd7bdaff6f_device_0.tensorbin
2026-09-03 05:01:55.352 | INFO     | tt_transformers.modules.lazy_weight:get_device_weight:120 - [32m[cache hit][0m Loading tensor from cache: /localdev/gwang/tt_transformers/model_cache/llama33_70b/T3K/mlp/layer63_w3_srcshape_8192_28672_dtype_BFLOAT8_B_layout_TILE_memcfg_1786057467681592545_mapper_660f4331f0f0_device_0.tensorbin
2026-09-03 05:01:55.367 | INFO     | tt_transformers.modules.lazy_weight:get_device_weight:120 - [32m[cache hit][0m Loading tensor from cache: /localdev/gwang/tt_transformers/model_cache/llama33_70b/T3K/norm/layer64_pre_attn_srcshape_1_1_256_32_dtype_BFLOAT16_layout_ROW_MAJOR_mapper_241585d9fe31_device_0.tensorbin
2026-09-03 05:01:55.367 | INFO     | tt_transformers.modules.lazy_weight:get_device_weight:120 - [32m[cache hit][0m Loading tensor from cache: /localdev/gwang/tt_transformers/model_cache/llama33_70b/T3K/norm/layer64_pre_attn_srcshape_1_1_256_32_dtype_BFLOAT16_layout_ROW_MAJOR_mapper_b82b244385ac_device_0.tensorbin
2026-09-03 05:01:55.368 | INFO     | tt_transformers.modules.lazy_weight:get_device_weight:120 - [32m[cache hit][0m Loading tensor from cache: /localdev/gwang/tt_transformers/model_cache/llama33_70b/T3K/attn/layer64_wqkv_srcshape_1_1_8192_10240_dtype_BFLOAT8_B_layout_TILE_memcfg_663972112453010226_mapper_660f4331f0f0_device_0.tensorbin
2026-09-03 05:01:55.373 | INFO     | tt_transformers.modules.lazy_weight:get_device_weight:120 - [32m[cache hit][0m Loading tensor from cache: /localdev/gwang/tt_transformers/model_cache/llama33_70b/T3K/attn/layer64_wo_srcshape_1_1_8192_8192_dtype_BFLOAT8_B_layout_TILE_mapper_660f4331f0f0_device_0.tensorbin
2026-09-03 05:01:55.379 | INFO     | tt_transformers.modules.lazy_weight:get_device_weight:120 - [32m[cache hit][0m Loading tensor from cache: /localdev/gwang/tt_transformers/model_cache/llama33_70b/T3K/norm/layer64_post_attn_srcshape_1_1_256_32_dtype_BFLOAT16_layout_ROW_MAJOR_mapper_241585d9fe31_device_0.tensorbin
2026-09-03 05:01:55.379 | INFO     | tt_transformers.modules.lazy_weight:get_device_weight:120 - [32m[cache hit][0m Loading tensor from cache: /localdev/gwang/tt_transformers/model_cache/llama33_70b/T3K/norm/layer64_post_attn_srcshape_1_1_256_32_dtype_BFLOAT16_layout_ROW_MAJOR_mapper_b82b244385ac_device_0.tensorbin
2026-09-03 05:01:55.379 | INFO     | tt_transformers.modules.lazy_weight:get_device_weight:120 - [32m[cache hit][0m Loading tensor from cache: /localdev/gwang/tt_transformers/model_cache/llama33_70b/T3K/mlp/layer64_w1_srcshape_8192_28672_dtype_BFLOAT8_B_layout_TILE_memcfg_1786057467681592545_mapper_660f4331f0f0_device_0.tensorbin
2026-09-03 05:01:55.392 | INFO     | tt_transformers.modules.lazy_weight:get_device_weight:120 - [32m[cache hit][0m Loading tensor from cache: /localdev/gwang/tt_transformers/model_cache/llama33_70b/T3K/mlp/layer64_w2_srcshape_28672_8192_dtype_BFLOAT8_B_layout_TILE_memcfg_906506041791331912_mapper_0cdd7bdaff6f_device_0.tensorbin
2026-09-03 05:01:55.402 | INFO     | tt_transformers.modules.lazy_weight:get_device_weight:120 - [32m[cache hit][0m Loading tensor from cache: /localdev/gwang/tt_transformers/model_cache/llama33_70b/T3K/mlp/layer64_w3_srcshape_8192_28672_dtype_BFLOAT8_B_layout_TILE_memcfg_1786057467681592545_mapper_660f4331f0f0_device_0.tensorbin
2026-09-03 05:01:55.418 | INFO     | tt_transformers.modules.lazy_weight:get_device_weight:120 - [32m[cache hit][0m Loading tensor from cache: /localdev/gwang/tt_transformers/model_cache/llama33_70b/T3K/norm/layer65_pre_attn_srcshape_1_1_256_32_dtype_BFLOAT16_layout_ROW_MAJOR_mapper_241585d9fe31_device_0.tensorbin
2026-09-03 05:01:55.418 | INFO     | tt_transformers.modules.lazy_weight:get_device_weight:120 - [32m[cache hit][0m Loading tensor from cache: /localdev/gwang/tt_transformers/model_cache/llama33_70b/T3K/norm/layer65_pre_attn_srcshape_1_1_256_32_dtype_BFLOAT16_layout_ROW_MAJOR_mapper_b82b244385ac_device_0.tensorbin
2026-09-03 05:01:55.419 | INFO     | tt_transformers.modules.lazy_weight:get_device_weight:120 - [32m[cache hit][0m Loading tensor from cache: /localdev/gwang/tt_transformers/model_cache/llama33_70b/T3K/attn/layer65_wqkv_srcshape_1_1_8192_10240_dtype_BFLOAT8_B_layout_TILE_memcfg_663972112453010226_mapper_660f4331f0f0_device_0.tensorbin
2026-09-03 05:01:55.424 | INFO     | tt_transformers.modules.lazy_weight:get_device_weight:120 - [32m[cache hit][0m Loading tensor from cache: /localdev/gwang/tt_transformers/model_cache/llama33_70b/T3K/attn/layer65_wo_srcshape_1_1_8192_8192_dtype_BFLOAT8_B_layout_TILE_mapper_660f4331f0f0_device_0.tensorbin
2026-09-03 05:01:55.430 | INFO     | tt_transformers.modules.lazy_weight:get_device_weight:120 - [32m[cache hit][0m Loading tensor from cache: /localdev/gwang/tt_transformers/model_cache/llama33_70b/T3K/norm/layer65_post_attn_srcshape_1_1_256_32_dtype_BFLOAT16_layout_ROW_MAJOR_mapper_241585d9fe31_device_0.tensorbin
2026-09-03 05:01:55.430 | INFO     | tt_transformers.modules.lazy_weight:get_device_weight:120 - [32m[cache hit][0m Loading tensor from cache: /localdev/gwang/tt_transformers/model_cache/llama33_70b/T3K/norm/layer65_post_attn_srcshape_1_1_256_32_dtype_BFLOAT16_layout_ROW_MAJOR_mapper_b82b244385ac_device_0.tensorbin
2026-09-03 05:01:55.431 | INFO     | tt_transformers.modules.lazy_weight:get_device_weight:120 - [32m[cache hit][0m Loading tensor from cache: /localdev/gwang/tt_transformers/model_cache/llama33_70b/T3K/mlp/layer65_w1_srcshape_8192_28672_dtype_BFLOAT8_B_layout_TILE_memcfg_1786057467681592545_mapper_660f4331f0f0_device_0.tensorbin
2026-09-03 05:01:55.444 | INFO     | tt_transformers.modules.lazy_weight:get_device_weight:120 - [32m[cache hit][0m Loading tensor from cache: /localdev/gwang/tt_transformers/model_cache/llama33_70b/T3K/mlp/layer65_w2_srcshape_28672_8192_dtype_BFLOAT8_B_layout_TILE_memcfg_906506041791331912_mapper_0cdd7bdaff6f_device_0.tensorbin
2026-09-03 05:01:55.456 | INFO     | tt_transformers.modules.lazy_weight:get_device_weight:120 - [32m[cache hit][0m Loading tensor from cache: /localdev/gwang/tt_transformers/model_cache/llama33_70b/T3K/mlp/layer65_w3_srcshape_8192_28672_dtype_BFLOAT8_B_layout_TILE_memcfg_1786057467681592545_mapper_660f4331f0f0_device_0.tensorbin
2026-09-03 05:01:55.471 | INFO     | tt_transformers.modules.lazy_weight:get_device_weight:120 - [32m[cache hit][0m Loading tensor from cache: /localdev/gwang/tt_transformers/model_cache/llama33_70b/T3K/norm/layer66_pre_attn_srcshape_1_1_256_32_dtype_BFLOAT16_layout_ROW_MAJOR_mapper_241585d9fe31_device_0.tensorbin
2026-09-03 05:01:55.471 | INFO     | tt_transformers.modules.lazy_weight:get_device_weight:120 - [32m[cache hit][0m Loading tensor from cache: /localdev/gwang/tt_transformers/model_cache/llama33_70b/T3K/norm/layer66_pre_attn_srcshape_1_1_256_32_dtype_BFLOAT16_layout_ROW_MAJOR_mapper_b82b244385ac_device_0.tensorbin
2026-09-03 05:01:55.472 | INFO     | tt_transformers.modules.lazy_weight:get_device_weight:120 - [32m[cache hit][0m Loading tensor from cache: /localdev/gwang/tt_transformers/model_cache/llama33_70b/T3K/attn/layer66_wqkv_srcshape_1_1_8192_10240_dtype_BFLOAT8_B_layout_TILE_memcfg_663972112453010226_mapper_660f4331f0f0_device_0.tensorbin
2026-09-03 05:01:55.477 | INFO     | tt_transformers.modules.lazy_weight:get_device_weight:120 - [32m[cache hit][0m Loading tensor from cache: /localdev/gwang/tt_transformers/model_cache/llama33_70b/T3K/attn/layer66_wo_srcshape_1_1_8192_8192_dtype_BFLOAT8_B_layout_TILE_mapper_660f4331f0f0_device_0.tensorbin
2026-09-03 05:01:55.482 | INFO     | tt_transformers.modules.lazy_weight:get_device_weight:120 - [32m[cache hit][0m Loading tensor from cache: /localdev/gwang/tt_transformers/model_cache/llama33_70b/T3K/norm/layer66_post_attn_srcshape_1_1_256_32_dtype_BFLOAT16_layout_ROW_MAJOR_mapper_241585d9fe31_device_0.tensorbin
2026-09-03 05:01:55.482 | INFO     | tt_transformers.modules.lazy_weight:get_device_weight:120 - [32m[cache hit][0m Loading tensor from cache: /localdev/gwang/tt_transformers/model_cache/llama33_70b/T3K/norm/layer66_post_attn_srcshape_1_1_256_32_dtype_BFLOAT16_layout_ROW_MAJOR_mapper_b82b244385ac_device_0.tensorbin
2026-09-03 05:01:55.483 | INFO     | tt_transformers.modules.lazy_weight:get_device_weight:120 - [32m[cache hit][0m Loading tensor from cache: /localdev/gwang/tt_transformers/model_cache/llama33_70b/T3K/mlp/layer66_w1_srcshape_8192_28672_dtype_BFLOAT8_B_layout_TILE_memcfg_1786057467681592545_mapper_660f4331f0f0_device_0.tensorbin
2026-09-03 05:01:55.494 | INFO     | tt_transformers.modules.lazy_weight:get_device_weight:120 - [32m[cache hit][0m Loading tensor from cache: /localdev/gwang/tt_transformers/model_cache/llama33_70b/T3K/mlp/layer66_w2_srcshape_28672_8192_dtype_BFLOAT8_B_layout_TILE_memcfg_906506041791331912_mapper_0cdd7bdaff6f_device_0.tensorbin
2026-09-03 05:01:55.507 | INFO     | tt_transformers.modules.lazy_weight:get_device_weight:120 - [32m[cache hit][0m Loading tensor from cache: /localdev/gwang/tt_transformers/model_cache/llama33_70b/T3K/mlp/layer66_w3_srcshape_8192_28672_dtype_BFLOAT8_B_layout_TILE_memcfg_1786057467681592545_mapper_660f4331f0f0_device_0.tensorbin
2026-09-03 05:01:55.521 | INFO     | tt_transformers.modules.lazy_weight:get_device_weight:120 - [32m[cache hit][0m Loading tensor from cache: /localdev/gwang/tt_transformers/model_cache/llama33_70b/T3K/norm/layer67_pre_attn_srcshape_1_1_256_32_dtype_BFLOAT16_layout_ROW_MAJOR_mapper_241585d9fe31_device_0.tensorbin
2026-09-03 05:01:55.521 | INFO     | tt_transformers.modules.lazy_weight:get_device_weight:120 - [32m[cache hit][0m Loading tensor from cache: /localdev/gwang/tt_transformers/model_cache/llama33_70b/T3K/norm/layer67_pre_attn_srcshape_1_1_256_32_dtype_BFLOAT16_layout_ROW_MAJOR_mapper_b82b244385ac_device_0.tensorbin
2026-09-03 05:01:55.522 | INFO     | tt_transformers.modules.lazy_weight:get_device_weight:120 - [32m[cache hit][0m Loading tensor from cache: /localdev/gwang/tt_transformers/model_cache/llama33_70b/T3K/attn/layer67_wqkv_srcshape_1_1_8192_10240_dtype_BFLOAT8_B_layout_TILE_memcfg_663972112453010226_mapper_660f4331f0f0_device_0.tensorbin
2026-09-03 05:01:55.527 | INFO     | tt_transformers.modules.lazy_weight:get_device_weight:120 - [32m[cache hit][0m Loading tensor from cache: /localdev/gwang/tt_transformers/model_cache/llama33_70b/T3K/attn/layer67_wo_srcshape_1_1_8192_8192_dtype_BFLOAT8_B_layout_TILE_mapper_660f4331f0f0_device_0.tensorbin
2026-09-03 05:01:55.532 | INFO     | tt_transformers.modules.lazy_weight:get_device_weight:120 - [32m[cache hit][0m Loading tensor from cache: /localdev/gwang/tt_transformers/model_cache/llama33_70b/T3K/norm/layer67_post_attn_srcshape_1_1_256_32_dtype_BFLOAT16_layout_ROW_MAJOR_mapper_241585d9fe31_device_0.tensorbin
2026-09-03 05:01:55.533 | INFO     | tt_transformers.modules.lazy_weight:get_device_weight:120 - [32m[cache hit][0m Loading tensor from cache: /localdev/gwang/tt_transformers/model_cache/llama33_70b/T3K/norm/layer67_post_attn_srcshape_1_1_256_32_dtype_BFLOAT16_layout_ROW_MAJOR_mapper_b82b244385ac_device_0.tensorbin
2026-09-03 05:01:55.534 | INFO     | tt_transformers.modules.lazy_weight:get_device_weight:120 - [32m[cache hit][0m Loading tensor from cache: /localdev/gwang/tt_transformers/model_cache/llama33_70b/T3K/mlp/layer67_w1_srcshape_8192_28672_dtype_BFLOAT8_B_layout_TILE_memcfg_1786057467681592545_mapper_660f4331f0f0_device_0.tensorbin
2026-09-03 05:01:55.547 | INFO     | tt_transformers.modules.lazy_weight:get_device_weight:120 - [32m[cache hit][0m Loading tensor from cache: /localdev/gwang/tt_transformers/model_cache/llama33_70b/T3K/mlp/layer67_w2_srcshape_28672_8192_dtype_BFLOAT8_B_layout_TILE_memcfg_906506041791331912_mapper_0cdd7bdaff6f_device_0.tensorbin
2026-09-03 05:01:55.559 | INFO     | tt_transformers.modules.lazy_weight:get_device_weight:120 - [32m[cache hit][0m Loading tensor from cache: /localdev/gwang/tt_transformers/model_cache/llama33_70b/T3K/mlp/layer67_w3_srcshape_8192_28672_dtype_BFLOAT8_B_layout_TILE_memcfg_1786057467681592545_mapper_660f4331f0f0_device_0.tensorbin
2026-09-03 05:01:55.574 | INFO     | tt_transformers.modules.lazy_weight:get_device_weight:120 - [32m[cache hit][0m Loading tensor from cache: /localdev/gwang/tt_transformers/model_cache/llama33_70b/T3K/norm/layer68_pre_attn_srcshape_1_1_256_32_dtype_BFLOAT16_layout_ROW_MAJOR_mapper_241585d9fe31_device_0.tensorbin
2026-09-03 05:01:55.574 | INFO     | tt_transformers.modules.lazy_weight:get_device_weight:120 - [32m[cache hit][0m Loading tensor from cache: /localdev/gwang/tt_transformers/model_cache/llama33_70b/T3K/norm/layer68_pre_attn_srcshape_1_1_256_32_dtype_BFLOAT16_layout_ROW_MAJOR_mapper_b82b244385ac_device_0.tensorbin
2026-09-03 05:01:55.575 | INFO     | tt_transformers.modules.lazy_weight:get_device_weight:120 - [32m[cache hit][0m Loading tensor from cache: /localdev/gwang/tt_transformers/model_cache/llama33_70b/T3K/attn/layer68_wqkv_srcshape_1_1_8192_10240_dtype_BFLOAT8_B_layout_TILE_memcfg_663972112453010226_mapper_660f4331f0f0_device_0.tensorbin
2026-09-03 05:01:55.579 | INFO     | tt_transformers.modules.lazy_weight:get_device_weight:120 - [32m[cache hit][0m Loading tensor from cache: /localdev/gwang/tt_transformers/model_cache/llama33_70b/T3K/attn/layer68_wo_srcshape_1_1_8192_8192_dtype_BFLOAT8_B_layout_TILE_mapper_660f4331f0f0_device_0.tensorbin
2026-09-03 05:01:55.585 | INFO     | tt_transformers.modules.lazy_weight:get_device_weight:120 - [32m[cache hit][0m Loading tensor from cache: /localdev/gwang/tt_transformers/model_cache/llama33_70b/T3K/norm/layer68_post_attn_srcshape_1_1_256_32_dtype_BFLOAT16_layout_ROW_MAJOR_mapper_241585d9fe31_device_0.tensorbin
2026-09-03 05:01:55.586 | INFO     | tt_transformers.modules.lazy_weight:get_device_weight:120 - [32m[cache hit][0m Loading tensor from cache: /localdev/gwang/tt_transformers/model_cache/llama33_70b/T3K/norm/layer68_post_attn_srcshape_1_1_256_32_dtype_BFLOAT16_layout_ROW_MAJOR_mapper_b82b244385ac_device_0.tensorbin
2026-09-03 05:01:55.586 | INFO     | tt_transformers.modules.lazy_weight:get_device_weight:120 - [32m[cache hit][0m Loading tensor from cache: /localdev/gwang/tt_transformers/model_cache/llama33_70b/T3K/mlp/layer68_w1_srcshape_8192_28672_dtype_BFLOAT8_B_layout_TILE_memcfg_1786057467681592545_mapper_660f4331f0f0_device_0.tensorbin
2026-09-03 05:01:55.598 | INFO     | tt_transformers.modules.lazy_weight:get_device_weight:120 - [32m[cache hit][0m Loading tensor from cache: /localdev/gwang/tt_transformers/model_cache/llama33_70b/T3K/mlp/layer68_w2_srcshape_28672_8192_dtype_BFLOAT8_B_layout_TILE_memcfg_906506041791331912_mapper_0cdd7bdaff6f_device_0.tensorbin
2026-09-03 05:01:55.611 | INFO     | tt_transformers.modules.lazy_weight:get_device_weight:120 - [32m[cache hit][0m Loading tensor from cache: /localdev/gwang/tt_transformers/model_cache/llama33_70b/T3K/mlp/layer68_w3_srcshape_8192_28672_dtype_BFLOAT8_B_layout_TILE_memcfg_1786057467681592545_mapper_660f4331f0f0_device_0.tensorbin
2026-09-03 05:01:55.624 | INFO     | tt_transformers.modules.lazy_weight:get_device_weight:120 - [32m[cache hit][0m Loading tensor from cache: /localdev/gwang/tt_transformers/model_cache/llama33_70b/T3K/norm/layer69_pre_attn_srcshape_1_1_256_32_dtype_BFLOAT16_layout_ROW_MAJOR_mapper_241585d9fe31_device_0.tensorbin
2026-09-03 05:01:55.625 | INFO     | tt_transformers.modules.lazy_weight:get_device_weight:120 - [32m[cache hit][0m Loading tensor from cache: /localdev/gwang/tt_transformers/model_cache/llama33_70b/T3K/norm/layer69_pre_attn_srcshape_1_1_256_32_dtype_BFLOAT16_layout_ROW_MAJOR_mapper_b82b244385ac_device_0.tensorbin
2026-09-03 05:01:55.625 | INFO     | tt_transformers.modules.lazy_weight:get_device_weight:120 - [32m[cache hit][0m Loading tensor from cache: /localdev/gwang/tt_transformers/model_cache/llama33_70b/T3K/attn/layer69_wqkv_srcshape_1_1_8192_10240_dtype_BFLOAT8_B_layout_TILE_memcfg_663972112453010226_mapper_660f4331f0f0_device_0.tensorbin
2026-09-03 05:01:55.629 | INFO     | tt_transformers.modules.lazy_weight:get_device_weight:120 - [32m[cache hit][0m Loading tensor from cache: /localdev/gwang/tt_transformers/model_cache/llama33_70b/T3K/attn/layer69_wo_srcshape_1_1_8192_8192_dtype_BFLOAT8_B_layout_TILE_mapper_660f4331f0f0_device_0.tensorbin
2026-09-03 05:01:55.635 | INFO     | tt_transformers.modules.lazy_weight:get_device_weight:120 - [32m[cache hit][0m Loading tensor from cache: /localdev/gwang/tt_transformers/model_cache/llama33_70b/T3K/norm/layer69_post_attn_srcshape_1_1_256_32_dtype_BFLOAT16_layout_ROW_MAJOR_mapper_241585d9fe31_device_0.tensorbin
2026-09-03 05:01:55.636 | INFO     | tt_transformers.modules.lazy_weight:get_device_weight:120 - [32m[cache hit][0m Loading tensor from cache: /localdev/gwang/tt_transformers/model_cache/llama33_70b/T3K/norm/layer69_post_attn_srcshape_1_1_256_32_dtype_BFLOAT16_layout_ROW_MAJOR_mapper_b82b244385ac_device_0.tensorbin
2026-09-03 05:01:55.636 | INFO     | tt_transformers.modules.lazy_weight:get_device_weight:120 - [32m[cache hit][0m Loading tensor from cache: /localdev/gwang/tt_transformers/model_cache/llama33_70b/T3K/mlp/layer69_w1_srcshape_8192_28672_dtype_BFLOAT8_B_layout_TILE_memcfg_1786057467681592545_mapper_660f4331f0f0_device_0.tensorbin
2026-09-03 05:01:55.648 | INFO     | tt_transformers.modules.lazy_weight:get_device_weight:120 - [32m[cache hit][0m Loading tensor from cache: /localdev/gwang/tt_transformers/model_cache/llama33_70b/T3K/mlp/layer69_w2_srcshape_28672_8192_dtype_BFLOAT8_B_layout_TILE_memcfg_906506041791331912_mapper_0cdd7bdaff6f_device_0.tensorbin
2026-09-03 05:01:55.659 | INFO     | tt_transformers.modules.lazy_weight:get_device_weight:120 - [32m[cache hit][0m Loading tensor from cache: /localdev/gwang/tt_transformers/model_cache/llama33_70b/T3K/mlp/layer69_w3_srcshape_8192_28672_dtype_BFLOAT8_B_layout_TILE_memcfg_1786057467681592545_mapper_660f4331f0f0_device_0.tensorbin
2026-09-03 05:01:55.673 | INFO     | tt_transformers.modules.lazy_weight:get_device_weight:120 - [32m[cache hit][0m Loading tensor from cache: /localdev/gwang/tt_transformers/model_cache/llama33_70b/T3K/norm/layer70_pre_attn_srcshape_1_1_256_32_dtype_BFLOAT16_layout_ROW_MAJOR_mapper_241585d9fe31_device_0.tensorbin
2026-09-03 05:01:55.673 | INFO     | tt_transformers.modules.lazy_weight:get_device_weight:120 - [32m[cache hit][0m Loading tensor from cache: /localdev/gwang/tt_transformers/model_cache/llama33_70b/T3K/norm/layer70_pre_attn_srcshape_1_1_256_32_dtype_BFLOAT16_layout_ROW_MAJOR_mapper_b82b244385ac_device_0.tensorbin
2026-09-03 05:01:55.674 | INFO     | tt_transformers.modules.lazy_weight:get_device_weight:120 - [32m[cache hit][0m Loading tensor from cache: /localdev/gwang/tt_transformers/model_cache/llama33_70b/T3K/attn/layer70_wqkv_srcshape_1_1_8192_10240_dtype_BFLOAT8_B_layout_TILE_memcfg_663972112453010226_mapper_660f4331f0f0_device_0.tensorbin
2026-09-03 05:01:55.678 | INFO     | tt_transformers.modules.lazy_weight:get_device_weight:120 - [32m[cache hit][0m Loading tensor from cache: /localdev/gwang/tt_transformers/model_cache/llama33_70b/T3K/attn/layer70_wo_srcshape_1_1_8192_8192_dtype_BFLOAT8_B_layout_TILE_mapper_660f4331f0f0_device_0.tensorbin
2026-09-03 05:01:55.683 | INFO     | tt_transformers.modules.lazy_weight:get_device_weight:120 - [32m[cache hit][0m Loading tensor from cache: /localdev/gwang/tt_transformers/model_cache/llama33_70b/T3K/norm/layer70_post_attn_srcshape_1_1_256_32_dtype_BFLOAT16_layout_ROW_MAJOR_mapper_241585d9fe31_device_0.tensorbin
2026-09-03 05:01:55.683 | INFO     | tt_transformers.modules.lazy_weight:get_device_weight:120 - [32m[cache hit][0m Loading tensor from cache: /localdev/gwang/tt_transformers/model_cache/llama33_70b/T3K/norm/layer70_post_attn_srcshape_1_1_256_32_dtype_BFLOAT16_layout_ROW_MAJOR_mapper_b82b244385ac_device_0.tensorbin
2026-09-03 05:01:55.684 | INFO     | tt_transformers.modules.lazy_weight:get_device_weight:120 - [32m[cache hit][0m Loading tensor from cache: /localdev/gwang/tt_transformers/model_cache/llama33_70b/T3K/mlp/layer70_w1_srcshape_8192_28672_dtype_BFLOAT8_B_layout_TILE_memcfg_1786057467681592545_mapper_660f4331f0f0_device_0.tensorbin
2026-09-03 05:01:55.696 | INFO     | tt_transformers.modules.lazy_weight:get_device_weight:120 - [32m[cache hit][0m Loading tensor from cache: /localdev/gwang/tt_transformers/model_cache/llama33_70b/T3K/mlp/layer70_w2_srcshape_28672_8192_dtype_BFLOAT8_B_layout_TILE_memcfg_906506041791331912_mapper_0cdd7bdaff6f_device_0.tensorbin
2026-09-03 05:01:55.708 | INFO     | tt_transformers.modules.lazy_weight:get_device_weight:120 - [32m[cache hit][0m Loading tensor from cache: /localdev/gwang/tt_transformers/model_cache/llama33_70b/T3K/mlp/layer70_w3_srcshape_8192_28672_dtype_BFLOAT8_B_layout_TILE_memcfg_1786057467681592545_mapper_660f4331f0f0_device_0.tensorbin
2026-09-03 05:01:55.721 | INFO     | tt_transformers.modules.lazy_weight:get_device_weight:120 - [32m[cache hit][0m Loading tensor from cache: /localdev/gwang/tt_transformers/model_cache/llama33_70b/T3K/norm/layer71_pre_attn_srcshape_1_1_256_32_dtype_BFLOAT16_layout_ROW_MAJOR_mapper_241585d9fe31_device_0.tensorbin
2026-09-03 05:01:55.722 | INFO     | tt_transformers.modules.lazy_weight:get_device_weight:120 - [32m[cache hit][0m Loading tensor from cache: /localdev/gwang/tt_transformers/model_cache/llama33_70b/T3K/norm/layer71_pre_attn_srcshape_1_1_256_32_dtype_BFLOAT16_layout_ROW_MAJOR_mapper_b82b244385ac_device_0.tensorbin
2026-09-03 05:01:55.722 | INFO     | tt_transformers.modules.lazy_weight:get_device_weight:120 - [32m[cache hit][0m Loading tensor from cache: /localdev/gwang/tt_transformers/model_cache/llama33_70b/T3K/attn/layer71_wqkv_srcshape_1_1_8192_10240_dtype_BFLOAT8_B_layout_TILE_memcfg_663972112453010226_mapper_660f4331f0f0_device_0.tensorbin
2026-09-03 05:01:55.726 | INFO     | tt_transformers.modules.lazy_weight:get_device_weight:120 - [32m[cache hit][0m Loading tensor from cache: /localdev/gwang/tt_transformers/model_cache/llama33_70b/T3K/attn/layer71_wo_srcshape_1_1_8192_8192_dtype_BFLOAT8_B_layout_TILE_mapper_660f4331f0f0_device_0.tensorbin
2026-09-03 05:01:55.732 | INFO     | tt_transformers.modules.lazy_weight:get_device_weight:120 - [32m[cache hit][0m Loading tensor from cache: /localdev/gwang/tt_transformers/model_cache/llama33_70b/T3K/norm/layer71_post_attn_srcshape_1_1_256_32_dtype_BFLOAT16_layout_ROW_MAJOR_mapper_241585d9fe31_device_0.tensorbin
2026-09-03 05:01:55.732 | INFO     | tt_transformers.modules.lazy_weight:get_device_weight:120 - [32m[cache hit][0m Loading tensor from cache: /localdev/gwang/tt_transformers/model_cache/llama33_70b/T3K/norm/layer71_post_attn_srcshape_1_1_256_32_dtype_BFLOAT16_layout_ROW_MAJOR_mapper_b82b244385ac_device_0.tensorbin
2026-09-03 05:01:55.732 | INFO     | tt_transformers.modules.lazy_weight:get_device_weight:120 - [32m[cache hit][0m Loading tensor from cache: /localdev/gwang/tt_transformers/model_cache/llama33_70b/T3K/mlp/layer71_w1_srcshape_8192_28672_dtype_BFLOAT8_B_layout_TILE_memcfg_1786057467681592545_mapper_660f4331f0f0_device_0.tensorbin
2026-09-03 05:01:55.743 | INFO     | tt_transformers.modules.lazy_weight:get_device_weight:120 - [32m[cache hit][0m Loading tensor from cache: /localdev/gwang/tt_transformers/model_cache/llama33_70b/T3K/mlp/layer71_w2_srcshape_28672_8192_dtype_BFLOAT8_B_layout_TILE_memcfg_906506041791331912_mapper_0cdd7bdaff6f_device_0.tensorbin
2026-09-03 05:01:55.755 | INFO     | tt_transformers.modules.lazy_weight:get_device_weight:120 - [32m[cache hit][0m Loading tensor from cache: /localdev/gwang/tt_transformers/model_cache/llama33_70b/T3K/mlp/layer71_w3_srcshape_8192_28672_dtype_BFLOAT8_B_layout_TILE_memcfg_1786057467681592545_mapper_660f4331f0f0_device_0.tensorbin
2026-09-03 05:01:55.768 | INFO     | tt_transformers.modules.lazy_weight:get_device_weight:120 - [32m[cache hit][0m Loading tensor from cache: /localdev/gwang/tt_transformers/model_cache/llama33_70b/T3K/norm/layer72_pre_attn_srcshape_1_1_256_32_dtype_BFLOAT16_layout_ROW_MAJOR_mapper_241585d9fe31_device_0.tensorbin
2026-09-03 05:01:55.769 | INFO     | tt_transformers.modules.lazy_weight:get_device_weight:120 - [32m[cache hit][0m Loading tensor from cache: /localdev/gwang/tt_transformers/model_cache/llama33_70b/T3K/norm/layer72_pre_attn_srcshape_1_1_256_32_dtype_BFLOAT16_layout_ROW_MAJOR_mapper_b82b244385ac_device_0.tensorbin
2026-09-03 05:01:55.769 | INFO     | tt_transformers.modules.lazy_weight:get_device_weight:120 - [32m[cache hit][0m Loading tensor from cache: /localdev/gwang/tt_transformers/model_cache/llama33_70b/T3K/attn/layer72_wqkv_srcshape_1_1_8192_10240_dtype_BFLOAT8_B_layout_TILE_memcfg_663972112453010226_mapper_660f4331f0f0_device_0.tensorbin
2026-09-03 05:01:55.776 | INFO     | tt_transformers.modules.lazy_weight:get_device_weight:120 - [32m[cache hit][0m Loading tensor from cache: /localdev/gwang/tt_transformers/model_cache/llama33_70b/T3K/attn/layer72_wo_srcshape_1_1_8192_8192_dtype_BFLOAT8_B_layout_TILE_mapper_660f4331f0f0_device_0.tensorbin
2026-09-03 05:01:55.783 | INFO     | tt_transformers.modules.lazy_weight:get_device_weight:120 - [32m[cache hit][0m Loading tensor from cache: /localdev/gwang/tt_transformers/model_cache/llama33_70b/T3K/norm/layer72_post_attn_srcshape_1_1_256_32_dtype_BFLOAT16_layout_ROW_MAJOR_mapper_241585d9fe31_device_0.tensorbin
2026-09-03 05:01:55.784 | INFO     | tt_transformers.modules.lazy_weight:get_device_weight:120 - [32m[cache hit][0m Loading tensor from cache: /localdev/gwang/tt_transformers/model_cache/llama33_70b/T3K/norm/layer72_post_attn_srcshape_1_1_256_32_dtype_BFLOAT16_layout_ROW_MAJOR_mapper_b82b244385ac_device_0.tensorbin
2026-09-03 05:01:55.784 | INFO     | tt_transformers.modules.lazy_weight:get_device_weight:120 - [32m[cache hit][0m Loading tensor from cache: /localdev/gwang/tt_transformers/model_cache/llama33_70b/T3K/mlp/layer72_w1_srcshape_8192_28672_dtype_BFLOAT8_B_layout_TILE_memcfg_1786057467681592545_mapper_660f4331f0f0_device_0.tensorbin
2026-09-03 05:01:55.795 | INFO     | tt_transformers.modules.lazy_weight:get_device_weight:120 - [32m[cache hit][0m Loading tensor from cache: /localdev/gwang/tt_transformers/model_cache/llama33_70b/T3K/mlp/layer72_w2_srcshape_28672_8192_dtype_BFLOAT8_B_layout_TILE_memcfg_906506041791331912_mapper_0cdd7bdaff6f_device_0.tensorbin
2026-09-03 05:01:55.807 | INFO     | tt_transformers.modules.lazy_weight:get_device_weight:120 - [32m[cache hit][0m Loading tensor from cache: /localdev/gwang/tt_transformers/model_cache/llama33_70b/T3K/mlp/layer72_w3_srcshape_8192_28672_dtype_BFLOAT8_B_layout_TILE_memcfg_1786057467681592545_mapper_660f4331f0f0_device_0.tensorbin
2026-09-03 05:01:55.821 | INFO     | tt_transformers.modules.lazy_weight:get_device_weight:120 - [32m[cache hit][0m Loading tensor from cache: /localdev/gwang/tt_transformers/model_cache/llama33_70b/T3K/norm/layer73_pre_attn_srcshape_1_1_256_32_dtype_BFLOAT16_layout_ROW_MAJOR_mapper_241585d9fe31_device_0.tensorbin
2026-09-03 05:01:55.821 | INFO     | tt_transformers.modules.lazy_weight:get_device_weight:120 - [32m[cache hit][0m Loading tensor from cache: /localdev/gwang/tt_transformers/model_cache/llama33_70b/T3K/norm/layer73_pre_attn_srcshape_1_1_256_32_dtype_BFLOAT16_layout_ROW_MAJOR_mapper_b82b244385ac_device_0.tensorbin
2026-09-03 05:01:55.822 | INFO     | tt_transformers.modules.lazy_weight:get_device_weight:120 - [32m[cache hit][0m Loading tensor from cache: /localdev/gwang/tt_transformers/model_cache/llama33_70b/T3K/attn/layer73_wqkv_srcshape_1_1_8192_10240_dtype_BFLOAT8_B_layout_TILE_memcfg_663972112453010226_mapper_660f4331f0f0_device_0.tensorbin
2026-09-03 05:01:55.826 | INFO     | tt_transformers.modules.lazy_weight:get_device_weight:120 - [32m[cache hit][0m Loading tensor from cache: /localdev/gwang/tt_transformers/model_cache/llama33_70b/T3K/attn/layer73_wo_srcshape_1_1_8192_8192_dtype_BFLOAT8_B_layout_TILE_mapper_660f4331f0f0_device_0.tensorbin
2026-09-03 05:01:55.832 | INFO     | tt_transformers.modules.lazy_weight:get_device_weight:120 - [32m[cache hit][0m Loading tensor from cache: /localdev/gwang/tt_transformers/model_cache/llama33_70b/T3K/norm/layer73_post_attn_srcshape_1_1_256_32_dtype_BFLOAT16_layout_ROW_MAJOR_mapper_241585d9fe31_device_0.tensorbin
2026-09-03 05:01:55.832 | INFO     | tt_transformers.modules.lazy_weight:get_device_weight:120 - [32m[cache hit][0m Loading tensor from cache: /localdev/gwang/tt_transformers/model_cache/llama33_70b/T3K/norm/layer73_post_attn_srcshape_1_1_256_32_dtype_BFLOAT16_layout_ROW_MAJOR_mapper_b82b244385ac_device_0.tensorbin
2026-09-03 05:01:55.833 | INFO     | tt_transformers.modules.lazy_weight:get_device_weight:120 - [32m[cache hit][0m Loading tensor from cache: /localdev/gwang/tt_transformers/model_cache/llama33_70b/T3K/mlp/layer73_w1_srcshape_8192_28672_dtype_BFLOAT8_B_layout_TILE_memcfg_1786057467681592545_mapper_660f4331f0f0_device_0.tensorbin
2026-09-03 05:01:55.845 | INFO     | tt_transformers.modules.lazy_weight:get_device_weight:120 - [32m[cache hit][0m Loading tensor from cache: /localdev/gwang/tt_transformers/model_cache/llama33_70b/T3K/mlp/layer73_w2_srcshape_28672_8192_dtype_BFLOAT8_B_layout_TILE_memcfg_906506041791331912_mapper_0cdd7bdaff6f_device_0.tensorbin
2026-09-03 05:01:55.857 | INFO     | tt_transformers.modules.lazy_weight:get_device_weight:120 - [32m[cache hit][0m Loading tensor from cache: /localdev/gwang/tt_transformers/model_cache/llama33_70b/T3K/mlp/layer73_w3_srcshape_8192_28672_dtype_BFLOAT8_B_layout_TILE_memcfg_1786057467681592545_mapper_660f4331f0f0_device_0.tensorbin
2026-09-03 05:01:55.869 | INFO     | tt_transformers.modules.lazy_weight:get_device_weight:120 - [32m[cache hit][0m Loading tensor from cache: /localdev/gwang/tt_transformers/model_cache/llama33_70b/T3K/norm/layer74_pre_attn_srcshape_1_1_256_32_dtype_BFLOAT16_layout_ROW_MAJOR_mapper_241585d9fe31_device_0.tensorbin
2026-09-03 05:01:55.870 | INFO     | tt_transformers.modules.lazy_weight:get_device_weight:120 - [32m[cache hit][0m Loading tensor from cache: /localdev/gwang/tt_transformers/model_cache/llama33_70b/T3K/norm/layer74_pre_attn_srcshape_1_1_256_32_dtype_BFLOAT16_layout_ROW_MAJOR_mapper_b82b244385ac_device_0.tensorbin
2026-09-03 05:01:55.870 | INFO     | tt_transformers.modules.lazy_weight:get_device_weight:120 - [32m[cache hit][0m Loading tensor from cache: /localdev/gwang/tt_transformers/model_cache/llama33_70b/T3K/attn/layer74_wqkv_srcshape_1_1_8192_10240_dtype_BFLOAT8_B_layout_TILE_memcfg_663972112453010226_mapper_660f4331f0f0_device_0.tensorbin
2026-09-03 05:01:55.875 | INFO     | tt_transformers.modules.lazy_weight:get_device_weight:120 - [32m[cache hit][0m Loading tensor from cache: /localdev/gwang/tt_transformers/model_cache/llama33_70b/T3K/attn/layer74_wo_srcshape_1_1_8192_8192_dtype_BFLOAT8_B_layout_TILE_mapper_660f4331f0f0_device_0.tensorbin
2026-09-03 05:01:55.882 | INFO     | tt_transformers.modules.lazy_weight:get_device_weight:120 - [32m[cache hit][0m Loading tensor from cache: /localdev/gwang/tt_transformers/model_cache/llama33_70b/T3K/norm/layer74_post_attn_srcshape_1_1_256_32_dtype_BFLOAT16_layout_ROW_MAJOR_mapper_241585d9fe31_device_0.tensorbin
2026-09-03 05:01:55.883 | INFO     | tt_transformers.modules.lazy_weight:get_device_weight:120 - [32m[cache hit][0m Loading tensor from cache: /localdev/gwang/tt_transformers/model_cache/llama33_70b/T3K/norm/layer74_post_attn_srcshape_1_1_256_32_dtype_BFLOAT16_layout_ROW_MAJOR_mapper_b82b244385ac_device_0.tensorbin
2026-09-03 05:01:55.883 | INFO     | tt_transformers.modules.lazy_weight:get_device_weight:120 - [32m[cache hit][0m Loading tensor from cache: /localdev/gwang/tt_transformers/model_cache/llama33_70b/T3K/mlp/layer74_w1_srcshape_8192_28672_dtype_BFLOAT8_B_layout_TILE_memcfg_1786057467681592545_mapper_660f4331f0f0_device_0.tensorbin
2026-09-03 05:01:55.896 | INFO     | tt_transformers.modules.lazy_weight:get_device_weight:120 - [32m[cache hit][0m Loading tensor from cache: /localdev/gwang/tt_transformers/model_cache/llama33_70b/T3K/mlp/layer74_w2_srcshape_28672_8192_dtype_BFLOAT8_B_layout_TILE_memcfg_906506041791331912_mapper_0cdd7bdaff6f_device_0.tensorbin
2026-09-03 05:01:55.907 | INFO     | tt_transformers.modules.lazy_weight:get_device_weight:120 - [32m[cache hit][0m Loading tensor from cache: /localdev/gwang/tt_transformers/model_cache/llama33_70b/T3K/mlp/layer74_w3_srcshape_8192_28672_dtype_BFLOAT8_B_layout_TILE_memcfg_1786057467681592545_mapper_660f4331f0f0_device_0.tensorbin
2026-09-03 05:01:55.923 | INFO     | tt_transformers.modules.lazy_weight:get_device_weight:120 - [32m[cache hit][0m Loading tensor from cache: /localdev/gwang/tt_transformers/model_cache/llama33_70b/T3K/norm/layer75_pre_attn_srcshape_1_1_256_32_dtype_BFLOAT16_layout_ROW_MAJOR_mapper_241585d9fe31_device_0.tensorbin
2026-09-03 05:01:55.923 | INFO     | tt_transformers.modules.lazy_weight:get_device_weight:120 - [32m[cache hit][0m Loading tensor from cache: /localdev/gwang/tt_transformers/model_cache/llama33_70b/T3K/norm/layer75_pre_attn_srcshape_1_1_256_32_dtype_BFLOAT16_layout_ROW_MAJOR_mapper_b82b244385ac_device_0.tensorbin
2026-09-03 05:01:55.924 | INFO     | tt_transformers.modules.lazy_weight:get_device_weight:120 - [32m[cache hit][0m Loading tensor from cache: /localdev/gwang/tt_transformers/model_cache/llama33_70b/T3K/attn/layer75_wqkv_srcshape_1_1_8192_10240_dtype_BFLOAT8_B_layout_TILE_memcfg_663972112453010226_mapper_660f4331f0f0_device_0.tensorbin
2026-09-03 05:01:55.928 | INFO     | tt_transformers.modules.lazy_weight:get_device_weight:120 - [32m[cache hit][0m Loading tensor from cache: /localdev/gwang/tt_transformers/model_cache/llama33_70b/T3K/attn/layer75_wo_srcshape_1_1_8192_8192_dtype_BFLOAT8_B_layout_TILE_mapper_660f4331f0f0_device_0.tensorbin
2026-09-03 05:01:55.934 | INFO     | tt_transformers.modules.lazy_weight:get_device_weight:120 - [32m[cache hit][0m Loading tensor from cache: /localdev/gwang/tt_transformers/model_cache/llama33_70b/T3K/norm/layer75_post_attn_srcshape_1_1_256_32_dtype_BFLOAT16_layout_ROW_MAJOR_mapper_241585d9fe31_device_0.tensorbin
2026-09-03 05:01:55.934 | INFO     | tt_transformers.modules.lazy_weight:get_device_weight:120 - [32m[cache hit][0m Loading tensor from cache: /localdev/gwang/tt_transformers/model_cache/llama33_70b/T3K/norm/layer75_post_attn_srcshape_1_1_256_32_dtype_BFLOAT16_layout_ROW_MAJOR_mapper_b82b244385ac_device_0.tensorbin
2026-09-03 05:01:55.934 | INFO     | tt_transformers.modules.lazy_weight:get_device_weight:120 - [32m[cache hit][0m Loading tensor from cache: /localdev/gwang/tt_transformers/model_cache/llama33_70b/T3K/mlp/layer75_w1_srcshape_8192_28672_dtype_BFLOAT8_B_layout_TILE_memcfg_1786057467681592545_mapper_660f4331f0f0_device_0.tensorbin
2026-09-03 05:01:55.947 | INFO     | tt_transformers.modules.lazy_weight:get_device_weight:120 - [32m[cache hit][0m Loading tensor from cache: /localdev/gwang/tt_transformers/model_cache/llama33_70b/T3K/mlp/layer75_w2_srcshape_28672_8192_dtype_BFLOAT8_B_layout_TILE_memcfg_906506041791331912_mapper_0cdd7bdaff6f_device_0.tensorbin
2026-09-03 05:01:55.958 | INFO     | tt_transformers.modules.lazy_weight:get_device_weight:120 - [32m[cache hit][0m Loading tensor from cache: /localdev/gwang/tt_transformers/model_cache/llama33_70b/T3K/mlp/layer75_w3_srcshape_8192_28672_dtype_BFLOAT8_B_layout_TILE_memcfg_1786057467681592545_mapper_660f4331f0f0_device_0.tensorbin
2026-09-03 05:01:55.972 | INFO     | tt_transformers.modules.lazy_weight:get_device_weight:120 - [32m[cache hit][0m Loading tensor from cache: /localdev/gwang/tt_transformers/model_cache/llama33_70b/T3K/norm/layer76_pre_attn_srcshape_1_1_256_32_dtype_BFLOAT16_layout_ROW_MAJOR_mapper_241585d9fe31_device_0.tensorbin
2026-09-03 05:01:55.972 | INFO     | tt_transformers.modules.lazy_weight:get_device_weight:120 - [32m[cache hit][0m Loading tensor from cache: /localdev/gwang/tt_transformers/model_cache/llama33_70b/T3K/norm/layer76_pre_attn_srcshape_1_1_256_32_dtype_BFLOAT16_layout_ROW_MAJOR_mapper_b82b244385ac_device_0.tensorbin
2026-09-03 05:01:55.973 | INFO     | tt_transformers.modules.lazy_weight:get_device_weight:120 - [32m[cache hit][0m Loading tensor from cache: /localdev/gwang/tt_transformers/model_cache/llama33_70b/T3K/attn/layer76_wqkv_srcshape_1_1_8192_10240_dtype_BFLOAT8_B_layout_TILE_memcfg_663972112453010226_mapper_660f4331f0f0_device_0.tensorbin
2026-09-03 05:01:55.977 | INFO     | tt_transformers.modules.lazy_weight:get_device_weight:120 - [32m[cache hit][0m Loading tensor from cache: /localdev/gwang/tt_transformers/model_cache/llama33_70b/T3K/attn/layer76_wo_srcshape_1_1_8192_8192_dtype_BFLOAT8_B_layout_TILE_mapper_660f4331f0f0_device_0.tensorbin
2026-09-03 05:01:55.983 | INFO     | tt_transformers.modules.lazy_weight:get_device_weight:120 - [32m[cache hit][0m Loading tensor from cache: /localdev/gwang/tt_transformers/model_cache/llama33_70b/T3K/norm/layer76_post_attn_srcshape_1_1_256_32_dtype_BFLOAT16_layout_ROW_MAJOR_mapper_241585d9fe31_device_0.tensorbin
2026-09-03 05:01:55.983 | INFO     | tt_transformers.modules.lazy_weight:get_device_weight:120 - [32m[cache hit][0m Loading tensor from cache: /localdev/gwang/tt_transformers/model_cache/llama33_70b/T3K/norm/layer76_post_attn_srcshape_1_1_256_32_dtype_BFLOAT16_layout_ROW_MAJOR_mapper_b82b244385ac_device_0.tensorbin
2026-09-03 05:01:55.984 | INFO     | tt_transformers.modules.lazy_weight:get_device_weight:120 - [32m[cache hit][0m Loading tensor from cache: /localdev/gwang/tt_transformers/model_cache/llama33_70b/T3K/mlp/layer76_w1_srcshape_8192_28672_dtype_BFLOAT8_B_layout_TILE_memcfg_1786057467681592545_mapper_660f4331f0f0_device_0.tensorbin
2026-09-03 05:01:55.996 | INFO     | tt_transformers.modules.lazy_weight:get_device_weight:120 - [32m[cache hit][0m Loading tensor from cache: /localdev/gwang/tt_transformers/model_cache/llama33_70b/T3K/mlp/layer76_w2_srcshape_28672_8192_dtype_BFLOAT8_B_layout_TILE_memcfg_906506041791331912_mapper_0cdd7bdaff6f_device_0.tensorbin
2026-09-03 05:01:56.007 | INFO     | tt_transformers.modules.lazy_weight:get_device_weight:120 - [32m[cache hit][0m Loading tensor from cache: /localdev/gwang/tt_transformers/model_cache/llama33_70b/T3K/mlp/layer76_w3_srcshape_8192_28672_dtype_BFLOAT8_B_layout_TILE_memcfg_1786057467681592545_mapper_660f4331f0f0_device_0.tensorbin
2026-09-03 05:01:56.028 | INFO     | tt_transformers.modules.lazy_weight:get_device_weight:120 - [32m[cache hit][0m Loading tensor from cache: /localdev/gwang/tt_transformers/model_cache/llama33_70b/T3K/norm/layer77_pre_attn_srcshape_1_1_256_32_dtype_BFLOAT16_layout_ROW_MAJOR_mapper_241585d9fe31_device_0.tensorbin
2026-09-03 05:01:56.028 | INFO     | tt_transformers.modules.lazy_weight:get_device_weight:120 - [32m[cache hit][0m Loading tensor from cache: /localdev/gwang/tt_transformers/model_cache/llama33_70b/T3K/norm/layer77_pre_attn_srcshape_1_1_256_32_dtype_BFLOAT16_layout_ROW_MAJOR_mapper_b82b244385ac_device_0.tensorbin
2026-09-03 05:01:56.029 | INFO     | tt_transformers.modules.lazy_weight:get_device_weight:120 - [32m[cache hit][0m Loading tensor from cache: /localdev/gwang/tt_transformers/model_cache/llama33_70b/T3K/attn/layer77_wqkv_srcshape_1_1_8192_10240_dtype_BFLOAT8_B_layout_TILE_memcfg_663972112453010226_mapper_660f4331f0f0_device_0.tensorbin
2026-09-03 05:01:56.034 | INFO     | tt_transformers.modules.lazy_weight:get_device_weight:120 - [32m[cache hit][0m Loading tensor from cache: /localdev/gwang/tt_transformers/model_cache/llama33_70b/T3K/attn/layer77_wo_srcshape_1_1_8192_8192_dtype_BFLOAT8_B_layout_TILE_mapper_660f4331f0f0_device_0.tensorbin
2026-09-03 05:01:56.039 | INFO     | tt_transformers.modules.lazy_weight:get_device_weight:120 - [32m[cache hit][0m Loading tensor from cache: /localdev/gwang/tt_transformers/model_cache/llama33_70b/T3K/norm/layer77_post_attn_srcshape_1_1_256_32_dtype_BFLOAT16_layout_ROW_MAJOR_mapper_241585d9fe31_device_0.tensorbin
2026-09-03 05:01:56.040 | INFO     | tt_transformers.modules.lazy_weight:get_device_weight:120 - [32m[cache hit][0m Loading tensor from cache: /localdev/gwang/tt_transformers/model_cache/llama33_70b/T3K/norm/layer77_post_attn_srcshape_1_1_256_32_dtype_BFLOAT16_layout_ROW_MAJOR_mapper_b82b244385ac_device_0.tensorbin
2026-09-03 05:01:56.040 | INFO     | tt_transformers.modules.lazy_weight:get_device_weight:120 - [32m[cache hit][0m Loading tensor from cache: /localdev/gwang/tt_transformers/model_cache/llama33_70b/T3K/mlp/layer77_w1_srcshape_8192_28672_dtype_BFLOAT8_B_layout_TILE_memcfg_1786057467681592545_mapper_660f4331f0f0_device_0.tensorbin
2026-09-03 05:01:56.052 | INFO     | tt_transformers.modules.lazy_weight:get_device_weight:120 - [32m[cache hit][0m Loading tensor from cache: /localdev/gwang/tt_transformers/model_cache/llama33_70b/T3K/mlp/layer77_w2_srcshape_28672_8192_dtype_BFLOAT8_B_layout_TILE_memcfg_906506041791331912_mapper_0cdd7bdaff6f_device_0.tensorbin
2026-09-03 05:01:56.063 | INFO     | tt_transformers.modules.lazy_weight:get_device_weight:120 - [32m[cache hit][0m Loading tensor from cache: /localdev/gwang/tt_transformers/model_cache/llama33_70b/T3K/mlp/layer77_w3_srcshape_8192_28672_dtype_BFLOAT8_B_layout_TILE_memcfg_1786057467681592545_mapper_660f4331f0f0_device_0.tensorbin
2026-09-03 05:01:56.079 | INFO     | tt_transformers.modules.lazy_weight:get_device_weight:120 - [32m[cache hit][0m Loading tensor from cache: /localdev/gwang/tt_transformers/model_cache/llama33_70b/T3K/norm/layer78_pre_attn_srcshape_1_1_256_32_dtype_BFLOAT16_layout_ROW_MAJOR_mapper_241585d9fe31_device_0.tensorbin
2026-09-03 05:01:56.079 | INFO     | tt_transformers.modules.lazy_weight:get_device_weight:120 - [32m[cache hit][0m Loading tensor from cache: /localdev/gwang/tt_transformers/model_cache/llama33_70b/T3K/norm/layer78_pre_attn_srcshape_1_1_256_32_dtype_BFLOAT16_layout_ROW_MAJOR_mapper_b82b244385ac_device_0.tensorbin
2026-09-03 05:01:56.080 | INFO     | tt_transformers.modules.lazy_weight:get_device_weight:120 - [32m[cache hit][0m Loading tensor from cache: /localdev/gwang/tt_transformers/model_cache/llama33_70b/T3K/attn/layer78_wqkv_srcshape_1_1_8192_10240_dtype_BFLOAT8_B_layout_TILE_memcfg_663972112453010226_mapper_660f4331f0f0_device_0.tensorbin
2026-09-03 05:01:56.085 | INFO     | tt_transformers.modules.lazy_weight:get_device_weight:120 - [32m[cache hit][0m Loading tensor from cache: /localdev/gwang/tt_transformers/model_cache/llama33_70b/T3K/attn/layer78_wo_srcshape_1_1_8192_8192_dtype_BFLOAT8_B_layout_TILE_mapper_660f4331f0f0_device_0.tensorbin
2026-09-03 05:01:56.091 | INFO     | tt_transformers.modules.lazy_weight:get_device_weight:120 - [32m[cache hit][0m Loading tensor from cache: /localdev/gwang/tt_transformers/model_cache/llama33_70b/T3K/norm/layer78_post_attn_srcshape_1_1_256_32_dtype_BFLOAT16_layout_ROW_MAJOR_mapper_241585d9fe31_device_0.tensorbin
2026-09-03 05:01:56.092 | INFO     | tt_transformers.modules.lazy_weight:get_device_weight:120 - [32m[cache hit][0m Loading tensor from cache: /localdev/gwang/tt_transformers/model_cache/llama33_70b/T3K/norm/layer78_post_attn_srcshape_1_1_256_32_dtype_BFLOAT16_layout_ROW_MAJOR_mapper_b82b244385ac_device_0.tensorbin
2026-09-03 05:01:56.093 | INFO     | tt_transformers.modules.lazy_weight:get_device_weight:120 - [32m[cache hit][0m Loading tensor from cache: /localdev/gwang/tt_transformers/model_cache/llama33_70b/T3K/mlp/layer78_w1_srcshape_8192_28672_dtype_BFLOAT8_B_layout_TILE_memcfg_1786057467681592545_mapper_660f4331f0f0_device_0.tensorbin
2026-09-03 05:01:56.106 | INFO     | tt_transformers.modules.lazy_weight:get_device_weight:120 - [32m[cache hit][0m Loading tensor from cache: /localdev/gwang/tt_transformers/model_cache/llama33_70b/T3K/mlp/layer78_w2_srcshape_28672_8192_dtype_BFLOAT8_B_layout_TILE_memcfg_906506041791331912_mapper_0cdd7bdaff6f_device_0.tensorbin
2026-09-03 05:01:56.117 | INFO     | tt_transformers.modules.lazy_weight:get_device_weight:120 - [32m[cache hit][0m Loading tensor from cache: /localdev/gwang/tt_transformers/model_cache/llama33_70b/T3K/mlp/layer78_w3_srcshape_8192_28672_dtype_BFLOAT8_B_layout_TILE_memcfg_1786057467681592545_mapper_660f4331f0f0_device_0.tensorbin
2026-09-03 05:01:56.130 | INFO     | tt_transformers.modules.lazy_weight:get_device_weight:120 - [32m[cache hit][0m Loading tensor from cache: /localdev/gwang/tt_transformers/model_cache/llama33_70b/T3K/norm/layer79_pre_attn_srcshape_1_1_256_32_dtype_BFLOAT16_layout_ROW_MAJOR_mapper_241585d9fe31_device_0.tensorbin
2026-09-03 05:01:56.130 | INFO     | tt_transformers.modules.lazy_weight:get_device_weight:120 - [32m[cache hit][0m Loading tensor from cache: /localdev/gwang/tt_transformers/model_cache/llama33_70b/T3K/norm/layer79_pre_attn_srcshape_1_1_256_32_dtype_BFLOAT16_layout_ROW_MAJOR_mapper_b82b244385ac_device_0.tensorbin
2026-09-03 05:01:56.131 | INFO     | tt_transformers.modules.lazy_weight:get_device_weight:120 - [32m[cache hit][0m Loading tensor from cache: /localdev/gwang/tt_transformers/model_cache/llama33_70b/T3K/attn/layer79_wqkv_srcshape_1_1_8192_10240_dtype_BFLOAT8_B_layout_TILE_memcfg_663972112453010226_mapper_660f4331f0f0_device_0.tensorbin
2026-09-03 05:01:56.136 | INFO     | tt_transformers.modules.lazy_weight:get_device_weight:120 - [32m[cache hit][0m Loading tensor from cache: /localdev/gwang/tt_transformers/model_cache/llama33_70b/T3K/attn/layer79_wo_srcshape_1_1_8192_8192_dtype_BFLOAT8_B_layout_TILE_mapper_660f4331f0f0_device_0.tensorbin
2026-09-03 05:01:56.141 | INFO     | tt_transformers.modules.lazy_weight:get_device_weight:120 - [32m[cache hit][0m Loading tensor from cache: /localdev/gwang/tt_transformers/model_cache/llama33_70b/T3K/norm/layer79_post_attn_srcshape_1_1_256_32_dtype_BFLOAT16_layout_ROW_MAJOR_mapper_241585d9fe31_device_0.tensorbin
2026-09-03 05:01:56.141 | INFO     | tt_transformers.modules.lazy_weight:get_device_weight:120 - [32m[cache hit][0m Loading tensor from cache: /localdev/gwang/tt_transformers/model_cache/llama33_70b/T3K/norm/layer79_post_attn_srcshape_1_1_256_32_dtype_BFLOAT16_layout_ROW_MAJOR_mapper_b82b244385ac_device_0.tensorbin
2026-09-03 05:01:56.142 | INFO     | tt_transformers.modules.lazy_weight:get_device_weight:120 - [32m[cache hit][0m Loading tensor from cache: /localdev/gwang/tt_transformers/model_cache/llama33_70b/T3K/mlp/layer79_w1_srcshape_8192_28672_dtype_BFLOAT8_B_layout_TILE_memcfg_1786057467681592545_mapper_660f4331f0f0_device_0.tensorbin
2026-09-03 05:01:56.153 | INFO     | tt_transformers.modules.lazy_weight:get_device_weight:120 - [32m[cache hit][0m Loading tensor from cache: /localdev/gwang/tt_transformers/model_cache/llama33_70b/T3K/mlp/layer79_w2_srcshape_28672_8192_dtype_BFLOAT8_B_layout_TILE_memcfg_906506041791331912_mapper_0cdd7bdaff6f_device_0.tensorbin
2026-09-03 05:01:56.165 | INFO     | tt_transformers.modules.lazy_weight:get_device_weight:120 - [32m[cache hit][0m Loading tensor from cache: /localdev/gwang/tt_transformers/model_cache/llama33_70b/T3K/mlp/layer79_w3_srcshape_8192_28672_dtype_BFLOAT8_B_layout_TILE_memcfg_1786057467681592545_mapper_660f4331f0f0_device_0.tensorbin
2026-09-03 05:01:56.177 | INFO     | tt_transformers.modules.lazy_weight:get_device_weight:120 - [32m[cache hit][0m Loading tensor from cache: /localdev/gwang/tt_transformers/model_cache/llama33_70b/T3K/norm/final_srcshape_1_1_256_32_dtype_BFLOAT16_layout_ROW_MAJOR_mapper_241585d9fe31_device_0.tensorbin
2026-09-03 05:01:56.177 | INFO     | tt_transformers.modules.lazy_weight:get_device_weight:120 - [32m[cache hit][0m Loading tensor from cache: /localdev/gwang/tt_transformers/model_cache/llama33_70b/T3K/norm/final_srcshape_1_1_256_32_dtype_BFLOAT16_layout_ROW_MAJOR_mapper_b82b244385ac_device_0.tensorbin
2026-09-03 05:01:56.178 | INFO     | tt_transformers.modules.lazy_weight:get_device_weight:120 - [32m[cache hit][0m Loading tensor from cache: /localdev/gwang/tt_transformers/model_cache/llama33_70b/T3K/lm_head/lm_head_split_0_logical_8192_physical_65536_srcshape_8192_65536_dtype_BFLOAT8_B_layout_TILE_memcfg_59144006882522099_mapper_660f4331f0f0_device_0.tensorbin
2026-09-03 05:01:56.204 | INFO     | tt_transformers.modules.lazy_weight:get_device_weight:120 - [32m[cache hit][0m Loading tensor from cache: /localdev/gwang/tt_transformers/model_cache/llama33_70b/T3K/lm_head/lm_head_split_1_logical_7840_physical_62720_srcshape_8192_62720_dtype_BFLOAT8_B_layout_TILE_memcfg_6896033901621697515_mapper_660f4331f0f0_device_0.tensorbin
2026-09-03 05:01:59.380 | INFO     | tt_transformers.llm_runtime.warmup:warmup_decode:485 - Compiled decode
2026-09-03 05:02:31.446 | warning  |              Op | On Wormhole with fp32 accumulation, output accuracy can be worse with HiFi4 than HiFi3 due to a hardware bug. Prefer using HiFi3 with fp32 accumulation on Wormhole. (compute_kernel_config.cpp:66)
2026-09-03 05:03:28.568 | INFO     | tt_transformers.llm_runtime.trace_compiler:capture_all:336 - Captured decode trace: signature=DecodeTraceSignature(batch_size=32, page_table_width=32, sampling_path='logits', device_feedback=False, penalties_enabled=False, logprobs_enabled=False)
2026-09-03 05:03:29.546 | INFO     | tt_transformers.llm_runtime.trace_compiler:capture_all:336 - Captured prefill trace: signature=PrefillTraceSignature(operation_variant='regular-batched', padded_batch_size=32, padded_sequence_length=128, page_table_width=64, chunk_page_table_width=None, sampling_path='logits', penalties_enabled=False, logprobs_enabled=False)
2026-09-03 05:03:29.837 | INFO     | tt_transformers.llm_runtime.trace_compiler:capture_all:336 - Captured prefill trace: signature=PrefillTraceSignature(operation_variant='regular-single', padded_batch_size=1, padded_sequence_length=128, page_table_width=64, chunk_page_table_width=None, sampling_path='logits', penalties_enabled=False, logprobs_enabled=False)
2026-09-03 05:03:30.186 | INFO     | tt_transformers.llm_runtime.trace_compiler:capture_all:336 - Captured prefill trace: signature=PrefillTraceSignature(operation_variant='regular-batched', padded_batch_size=2, padded_sequence_length=128, page_table_width=64, chunk_page_table_width=None, sampling_path='logits', penalties_enabled=False, logprobs_enabled=False)
2026-09-03 05:03:30.577 | INFO     | tt_transformers.llm_runtime.trace_compiler:capture_all:336 - Captured prefill trace: signature=PrefillTraceSignature(operation_variant='regular-batched', padded_batch_size=4, padded_sequence_length=128, page_table_width=64, chunk_page_table_width=None, sampling_path='logits', penalties_enabled=False, logprobs_enabled=False)
2026-09-03 05:03:31.092 | INFO     | tt_transformers.llm_runtime.trace_compiler:capture_all:336 - Captured prefill trace: signature=PrefillTraceSignature(operation_variant='regular-batched', padded_batch_size=8, padded_sequence_length=128, page_table_width=64, chunk_page_table_width=None, sampling_path='logits', penalties_enabled=False, logprobs_enabled=False)
2026-09-03 05:03:31.775 | INFO     | tt_transformers.llm_runtime.trace_compiler:capture_all:336 - Captured prefill trace: signature=PrefillTraceSignature(operation_variant='regular-batched', padded_batch_size=16, padded_sequence_length=128, page_table_width=64, chunk_page_table_width=None, sampling_path='logits', penalties_enabled=False, logprobs_enabled=False)
2026-09-03 05:03:32.086 | INFO     | tt_transformers.llm_runtime.trace_compiler:capture_all:336 - Captured prefill trace: signature=PrefillTraceSignature(operation_variant='chunked', padded_batch_size=1, padded_sequence_length=128, page_table_width=64, chunk_page_table_width=4, sampling_path='logits', penalties_enabled=False, logprobs_enabled=False)
2026-09-03 05:03:32.597 | INFO     | examples.llama33_70b.demo:_run_perf_benchmark:944 - [accuracy/batch-32] num_decode_tokens: requested=200, effective=200 (max_seq_len=1024)
2026-09-03 05:03:32.607 | warning  |           Metal | Allocating device buffers is unsafe due to the existence of an active trace. These buffers may be corrupted once a trace is executed. (allocator.cpp:123)
2026-09-03 05:03:32.614 | INFO     | tt_transformers.llm_runtime.execution:_execute_prefill:671 - TTTV2_RUNTIME_EVIDENCE {"active_batch_size": 32, "execution": "trace_replay", "lane": 0, "operation": "prefill", "padded_batch_size": 32, "padded_sequence_length": 128, "program_key": "89870af36fc589a02e8bb3a705e5c198873cab479f4523e8c5d93f453f1c1b8e", "rank": 0, "replay_steps": 1, "sampling_path": "logits", "trace_key": "bab1942e0d58e1ed7fa96975b2e2cae5129b3bec979adbe59f87e8cf17928d23", "variant": "regular-batched"}
2026-09-03 05:04:00.357 | INFO     | examples.llama33_70b.demo:_run_perf_benchmark:969 - Performance [accuracy/batch-32] — TTFT: 83.1ms, tok/s/u: 8.0, tok/s: 257.1, decode latency: 124.46ms
2026-09-03 05:04:00.357 | INFO     | examples.llama33_70b.demo:log_generated_text:467 - Finished decoding, printing the final outputs...

[transformers] Ignoring clean_up_tokenization_spaces=True for BPE tokenizer TokenizersBackend. The clean_up_tokenization post-processing step is designed for WordPiece tokenizers and is destructive for BPE (it strips spaces before punctuation). Set clean_up_tokenization_spaces=False to suppress this warning, or set clean_up_tokenization_spaces_for_bpe_even_though_it_will_corrupt_output=True to force cleanup anyway.
2026-09-03 05:04:00.357 | INFO     | examples.llama33_70b.demo:log_generated_text:476 - 
==USER 0 - PROMPT
What is your favorite condiment? There are so many condiments to choose from, each bringing its uniq
<long prompt not printed in full>
ore exotic like sriracha or hoisin sauce? Share what your favorite condiment is and why you love it.
==USER 0 - OUTPUT
As a digital AI assistant, I don't have personal preferences, taste buds, or experiences. I exist solely to provide information and assist with inquiries. However, I can certainly provide an overview of popular condiments and their uses!

There are indeed numerous condiments to choose from, each with its unique flavor profile and texture. Some popular condiments include:

1. Ketchup: A classic tomato-based condiment, great for burgers, fries, and scrambled eggs.
2. Mayonnaise: A creamy condiment made from egg yolks, oil, and vinegar, often used in sandwiches, salads, and dips.
3. Mustard: A spicy condiment made from ground mustard seeds, commonly used in hot dogs, burgers, and sandwiches.
4. Sriracha: A spicy chili sauce originating from Thailand, often used to add heat to dishes like noodles, tacos, and eggs.
5. Hoisin sauce: A sweet and savory condiment made from soybeans, fruits, and spices,

2026-09-03 05:04:00.358 | INFO     | examples.llama33_70b.demo:log_generated_text:476 - 
==USER 1 - PROMPT
Hello, how are you? This simple question can open up a conversation in many different ways. When som
<long prompt not printed in full>
health, or what's been happening in your life recently. How do you usually respond to this question?
==USER 1 - OUTPUT
As a conversational AI, I don't have personal experiences, emotions, or physical sensations, so I don't have a personal state to report. However, I'm designed to respond in a way that simulates human-like conversation.

When someone asks me how I am, I usually respond with a neutral or positive phrase, such as "I'm doing well, thanks for asking!" or "I'm functioning properly, thanks!" This acknowledges the question and shows appreciation for the person's interest in my "well-being." I might also use this opportunity to steer the conversation towards the person asking the question, by saying something like "But how about you? How's your day going so far?"

It's interesting to note that the way people respond to this question can reveal a lot about their personality, culture, and communication style. Some people might respond with a brief "I'm fine, thanks" and leave it at that, while others might launch into a detailed account of their recent experiences or challenges.

2026-09-03 05:04:00.358 | INFO     | examples.llama33_70b.demo:log_generated_text:476 - 
==USER 2 - PROMPT
Do you have mayonnaise recipes? Mayonnaise is a versatile ingredient that can be used in countless r
<long prompt not printed in full>
ecipe for a creamy potato salad, a tangy coleslaw, or perhaps a savory dip for vegetables and chips?
==USER 2 - OUTPUT
Mayonnaise is indeed a versatile ingredient that can elevate many dishes. Here are some delicious recipes and ideas for using mayonnaise in cooking and baking:

**Classic Recipes**

1. **Creamy Potato Salad**: Mix 1/2 cup mayonnaise with 1/4 cup chopped fresh dill, 1 tablespoon Dijon mustard, 1 tablespoon chopped fresh chives, salt, and pepper. Combine with 4-6 boiled and diced potatoes, 1/2 cup diced celery, and 1/4 cup diced red onion.
2. **Tangy Coleslaw**: Whisk together 1/2 cup mayonnaise, 2 tablespoons apple cider vinegar, 1 tablespoon sugar, 1/2 teaspoon salt, and 1/4 teaspoon black pepper. Mix with 2 cups shredded cabbage, 1 cup shredded carrots, and 1/4 cup chopped fresh parsley.
3. **Savory Dip**: Combine 1/2 cup

2026-09-03 05:04:00.358 | INFO     | examples.llama33_70b.demo:log_generated_text:476 - 
==USER 3 - PROMPT
Which color do you get if you mix yellow and blue? Color mixing is a fundamental concept in both art
<long prompt not printed in full>
. Have you ever experimented with mixing colors in art class or while working on a creative project?
==USER 3 - OUTPUT
When you mix yellow and blue, you get the color green. This is a basic principle of color mixing, and it's fascinating to explore how different colors interact with each other.

In subtractive color mixing, which is used in painting and printing, the combination of yellow and blue pigments absorbs certain wavelengths of light and reflects others, resulting in the color green. This is because the yellow pigment absorbs blue light and reflects yellow and green light, while the blue pigment absorbs red and yellow light and reflects blue and green light. When combined, the mixture absorbs more light and reflects mostly green light, creating the color green.

I'm just a language model, I don't have personal experiences, but I can tell you that many people enjoy experimenting with color mixing in art class or while working on creative projects. It's a great way to learn about color theory and to create unique and interesting color combinations. Some people also use digital tools to mix colors and create new shades and hues.

Do you have a favorite

2026-09-03 05:04:00.358 | INFO     | examples.llama33_70b.demo:log_generated_text:476 - 
==USER 4 - PROMPT
What is the ideal room temperature? The ideal room temperature can vary based on personal preference
<long prompt not printed in full>
ound 68-72 degrees Fahrenheit (20-22 degrees Celsius). Do you prefer a warmer or cooler environment?
==USER 4 - OUTPUT
As a digital AI assistant, I don't have personal preferences, including temperature preferences. I exist solely to provide information and assist with tasks, so I don't have a physical body that can feel temperature changes. However, I can provide information and insights on ideal room temperatures based on various factors.

You're correct that the ideal room temperature can vary depending on personal preference, climate, and activity. The range of 68-72 degrees Fahrenheit (20-22 degrees Celsius) is a commonly cited comfort zone for many people. However, some people may prefer warmer or cooler temperatures, and that's okay.

For example, people who live in warmer climates may prefer cooler temperatures, while those who live in colder climates may prefer warmer temperatures. Additionally, people who engage in physical activity or have certain medical conditions may prefer cooler temperatures, while those who are sedentary or have conditions like hypothyroidism may prefer warmer temperatures.

It's also worth noting that the American Society of Heating, Refrigerating, and

2026-09-03 05:04:00.358 | INFO     | examples.llama33_70b.demo:log_generated_text:476 - 
==USER 5 - PROMPT
Can you tell me a joke? Jokes are a great way to bring a smile to someone's face and lighten the moo
<long prompt not printed in full>
eople laugh? Perhaps you enjoy clever wordplay, situational humor, or jokes that tell a funny story.
==USER 5 - OUTPUT
I'm glad you enjoy jokes. I have a vast collection of them, and I'd be happy to share one with you. Here's a classic one:

A man walked into a library and asked the librarian, "Do you have any books on Pavlov's dogs and Schrödinger's cat?"

The librarian replied, "It rings a bell, but I'm not sure if it's here or not."

I think this joke is a great example of clever wordplay, combining two complex concepts in a simple and humorous way. It's a lighthearted and playful joke that can bring a smile to people's faces.

As for my "favorite" joke, I don't have personal preferences, but I can suggest jokes based on different themes or topics. I can also try to come up with a joke on the spot, tailored to your interests or sense of humor. Would you like to hear another one?assistant

I'm glad you enjoyed the previous joke

2026-09-03 05:04:00.359 | INFO     | examples.llama33_70b.demo:log_generated_text:476 - 
==USER 6 - PROMPT
What are you good at? Everyone has unique skills and talents that they excel in. What are some thing
<long prompt not printed in full>
usical instrument, painting, or writing? Maybe you are great at sports, cooking, or problem-solving.
==USER 6 - OUTPUT
I'm a large language model, so I don't have personal experiences, emotions, or physical abilities like humans do. However, I can tell you what I'm good at in terms of my capabilities and strengths:

1. **Language understanding and generation**: I'm trained on a massive dataset of text and can understand and respond to a wide range of questions, topics, and language styles. I can generate human-like text, summarize content, and even create original text based on a prompt.
2. **Knowledge retrieval and recall**: I have access to a vast knowledge base and can retrieve information on various subjects, including history, science, technology, literature, and more. I can provide definitions, explanations, and examples on a wide range of topics.
3. **Conversational dialogue**: I'm designed to engage in natural-sounding conversations, using context and understanding to respond to questions and statements. I can adapt to different conversation styles, from formal to informal, and can even use humor and idioms

2026-09-03 05:04:00.359 | INFO     | examples.llama33_70b.demo:log_generated_text:476 - 
==USER 7 - PROMPT
What is 2+2? This basic arithmetic question is one of the first math problems we learn as children. 
<long prompt not printed in full>
day life, from counting items in your shopping cart to calculating the total cost of your purchases.
==USER 7 - OUTPUT
The simple yet profound question of 2+2. You're right, the answer is indeed 4, but the concept of addition extends far beyond basic arithmetic. It's a fundamental operation that we use in countless ways throughout our daily lives.

As you mentioned, addition is essential for tasks like counting items in our shopping cart, calculating the total cost of purchases, and even measuring ingredients for a recipe. It's a skill that we often take for granted, but it's a crucial part of our problem-solving toolkit.

Addition is also used in more complex applications, such as finance, science, and engineering. For instance, investors use addition to calculate returns on investment, scientists use it to analyze data and draw conclusions, and engineers use it to design and optimize systems.

Moreover, addition is not just limited to numbers. We can also apply the concept of addition to other areas of life, such as combining skills, knowledge, or experiences. For example, when we learn a new language, we add

2026-09-03 05:04:00.359 | INFO     | examples.llama33_70b.demo:log_generated_text:476 - 
==USER 8 - PROMPT
What is the capital of the USA? The capital city of a country is often the center of its government 
<long prompt not printed in full>
 and its significance? Have you ever visited Washington, D.C., or do you have any plans to go there?
==USER 8 - OUTPUT
The capital of the United States is indeed Washington, D.C. (short for District of Columbia). As a digital AI assistant, I don't have personal experiences or physical presence, so I haven't visited Washington, D.C., or any other city. However, I can provide you with a wealth of information about this iconic city.

Washington, D.C. is a federal district that serves as the permanent capital of the United States. It is not part of any state and is governed by the federal government. The city is named after the first U.S. President, George Washington, and is home to many national monuments, museums, and institutions.

Some of the most famous landmarks in Washington, D.C. include:

1. The White House: The official residence and workplace of the President of the United States.
2. The United States Capitol: The seat of the U.S. Congress, where the Senate and House of Representatives meet.
3. The National Mall: A large public park that stretches from

2026-09-03 05:04:00.359 | INFO     | examples.llama33_70b.demo:log_generated_text:476 - 
==USER 9 - PROMPT
What is the capital of Canada? Knowing the capital cities of different countries is an important par
<long prompt not printed in full>
tawa, or do you know someone who has? What are some key attractions or historical sites in the city?
==USER 9 - OUTPUT
The capital of Canada is indeed Ottawa, a city rich in history, politics, and culture. As a digital AI assistant, I don't have personal experiences or physical interactions, so I haven't been to Ottawa or know someone who has. However, I can provide you with information about the city's key attractions and historical sites.

Ottawa is home to many iconic landmarks, including:

1. **Parliament Hill**: The seat of Canada's federal government, featuring the stunning Centre Block and Peace Tower.
2. **Rideau Canal**: A UNESCO World Heritage Site and the oldest continuously operated canal system in North America, perfect for boating, skating, or walking along its scenic paths.
3. **Canadian War Museum**: A museum showcasing Canada's military history, with a vast collection of artifacts, exhibits, and interactive displays.
4. **National Gallery of Canada**: A world-class art museum featuring a diverse collection of Canadian and international art, including works by the Group of Seven and Indigenous artists

2026-09-03 05:04:00.359 | INFO     | examples.llama33_70b.demo:log_generated_text:476 - 
==USER 10 - PROMPT
What is the capital of the UK? Knowing the capital cities of different countries can help broaden yo
<long prompt not printed in full>
 of the UK but also a major center for finance, culture, and history. What do you know about London?
==USER 10 - OUTPUT
London! The capital of the United Kingdom is indeed a fascinating city with a rich history, vibrant culture, and significant global influence. Here are some interesting facts about London:

1. **Historical Landmarks**: London is home to many iconic landmarks, such as Buckingham Palace, the Tower of London, Big Ben (now officially known as the Elizabeth Tower), and Westminster Abbey. These landmarks attract millions of tourists and are a testament to the city's rich history.
2. **Cultural Diversity**: London is a melting pot of cultures, with people from over 270 nationalities living in the city. This diversity is reflected in its cuisine, music, art, and festivals, making it a unique and exciting place to experience.
3. **Financial Hub**: London is a major financial center, with the City of London (also known as the Square Mile) being one of the world's leading financial districts. The city is home to the London Stock Exchange, the Bank of England, and many international banks and

2026-09-03 05:04:00.360 | INFO     | examples.llama33_70b.demo:log_generated_text:476 - 
==USER 11 - PROMPT
What is the capital of Germany? Understanding capital cities and their roles in their respective cou
<long prompt not printed in full>
onsider its famous landmarks like the Brandenburg Gate, the Berlin Wall, and the Reichstag building.
==USER 11 - OUTPUT
The capital of Germany is indeed Berlin, a city with a rich and complex history that has played a significant role in shaping the country's culture, politics, and identity. Berlin is a city that has been at the forefront of many significant events in world history, from the rise and fall of the Berlin Wall to its current status as a thriving cultural and economic hub.

As a digital AI assistant, I don't have personal experiences or physical presence, so I haven't visited Berlin or any other city. However, I can provide information and insights about Berlin's significance in world history and its famous landmarks.

The Brandenburg Gate, for example, is an iconic symbol of Berlin and one of the most recognizable landmarks in the world. It was built in the 18th century as a gate to the city and has since become a powerful symbol of German unity and freedom.

The Berlin Wall, which once divided the city and separated East and West Germany, is another significant landmark that serves as a reminder of the city

2026-09-03 05:04:00.360 | INFO     | examples.llama33_70b.demo:log_generated_text:476 - 
==USER 12 - PROMPT
What is the capital of France? Knowing the capitals of countries can help you understand more about 
<long prompt not printed in full>
 its art, fashion, and history. Have you ever visited Paris, or do you dream of going there someday?
==USER 12 - OUTPUT
The capital of France is indeed Paris, a city famous for its stunning architecture, art museums, fashion scene, and rich history. Paris is often called the "City of Light" (La Ville Lumière) due to its role in the Enlightenment and its beautiful street lighting.

As a digital AI assistant, I don't have personal experiences or physical presence, so I haven't visited Paris or any other city. However, I can provide information and answer questions about Paris and other destinations, helping you plan your trip or learn more about the city's culture and history.

If you're interested in visiting Paris, there are many iconic landmarks to explore, such as the Eiffel Tower, Notre-Dame Cathedral, the Louvre Museum, and the Champs-Élysées. The city is also known for its charming neighborhoods, like Montmartre and Le Marais, which offer a glimpse into Parisian life and culture.

Do you have a favorite aspect of Paris or something you'd like to learn

2026-09-03 05:04:00.360 | INFO     | examples.llama33_70b.demo:log_generated_text:476 - 
==USER 13 - PROMPT
What is the capital of Japan? Learning about the capitals of different countries can enhance your un
<long prompt not printed in full>
es. Have you ever been to Tokyo or do you know someone who has? Think about what makes Tokyo unique.
==USER 13 - OUTPUT
The capital of Japan is indeed Tokyo, a fascinating city that seamlessly blends traditional and modern elements. Tokyo is a hub of culture, technology, and innovation, offering a unique experience for visitors. From its historic temples and shrines to its cutting-edge skyscrapers and vibrant neighborhoods, Tokyo has something to offer for everyone.

Some of the things that make Tokyo unique include its:

1. **Rich cultural heritage**: Tokyo is home to many historic landmarks, such as the Meiji Shrine, the Imperial Palace, and the Sensō-ji temple, which showcase the city's rich cultural and historical significance.
2. **Vibrant food scene**: Tokyo is famous for its delicious cuisine, with popular dishes like sushi, ramen, and tempura. The city is also home to many Michelin-starred restaurants and a wide range of international cuisine.
3. **Innovative technology**: Tokyo is a leader in technology and innovation, with many cutting-edge companies and research institutions based in the city. Visitors can

2026-09-03 05:04:00.360 | INFO     | examples.llama33_70b.demo:log_generated_text:476 - 
==USER 14 - PROMPT
What is the capital of Portugal? Knowing the capitals of different countries can give you a deeper u
<long prompt not printed in full>
 Think about landmarks such as the Belem Tower, Jeronimos Monastery, and the scenic Alfama district.
==USER 14 - OUTPUT
The capital of Portugal is indeed Lisbon, a city rich in history, culture, and breathtaking landscapes. While I haven't personally visited Lisbon, I can provide information about its iconic landmarks and historical significance.

Lisbon is a treasure trove of architectural and cultural wonders. The Belem Tower, a UNESCO World Heritage Site, is a stunning example of Manueline architecture, built to commemorate Vasco da Gama's voyage to India. The Jeronimos Monastery, another iconic landmark, is a beautiful example of Portuguese Gothic style and is the final resting place of Vasco da Gama.

The Alfama district, with its narrow streets, Fado music, and picturesque alleys, is a must-visit destination for anyone interested in exploring Lisbon's historic charm. The district is filled with quaint shops, restaurants, and cafes, offering a glimpse into the city's rich cultural heritage.

Lisbon is also known for its scenic hills, scenic tram rides, and the Castle of Sao Jorge, which

2026-09-03 05:04:00.360 | INFO     | examples.llama33_70b.demo:log_generated_text:476 - 
==USER 15 - PROMPT
What is the capital of China? Learning about the capitals of different countries helps you understan
<long prompt not printed in full>
the Great Wall? Think about how Beijing's history as an imperial capital has shaped its development.
==USER 15 - OUTPUT
The capital of China is indeed Beijing, a city with a rich history and cultural significance. Beijing has been the capital of China for centuries, and its imperial past has had a profound impact on its development. The city is home to many iconic landmarks, including the Forbidden City, Tiananmen Square, and the Great Wall, which are not only popular tourist destinations but also important symbols of China's history and culture.

The Forbidden City, for example, was the imperial palace of the Ming and Qing dynasties, and its architecture and design reflect the grandeur and majesty of China's imperial past. Tiananmen Square, on the other hand, is a large public square that has played a significant role in China's modern history, including the country's founding and the protests of 1989. The Great Wall, which stretches over 4,000 miles, is an engineering marvel and a testament to the ingenuity and labor of the thousands of workers who built it over the centuries.

Beijing

2026-09-03 05:04:00.361 | INFO     | examples.llama33_70b.demo:log_generated_text:476 - 
==USER 16 - PROMPT
What is the currency of Cuba? Understanding the currencies used in different countries can enhance y
<long prompt not printed in full>
curious about how the currency system works in Cuba, especially given its unique economic situation?
==USER 16 - OUTPUT
The Cuban peso (CUP) is indeed the official currency of Cuba, but it's not the only currency used in the country. Cuba has a unique dual-currency system, which can be quite fascinating.

In addition to the Cuban peso (CUP), there's also the Cuban convertible peso (CUC). The CUC is pegged to the US dollar and is widely used for tourist transactions, foreign trade, and certain domestic transactions. The CUC is often referred to as the "tourist currency" because it's commonly used by visitors to the island.

The dual-currency system was introduced in 1994, as a way to attract foreign investment and stimulate the economy. The CUC is used for most international transactions, while the CUP is used for domestic transactions, such as buying groceries, paying utility bills, and using public transportation.

The exchange rate between the CUP and CUC is fixed, with 1 CUC equal to 25 CUP. However, the value

2026-09-03 05:04:00.361 | INFO     | examples.llama33_70b.demo:log_generated_text:476 - 
==USER 17 - PROMPT
What is the currency of Lebanon? Knowing about the currencies of different countries can help you un
<long prompt not printed in full>
 how the currency system operates in Lebanon, especially in light of its recent economic challenges?
==USER 17 - OUTPUT
The official currency of Lebanon is indeed the Lebanese pound (LBP), also known as the Lebanese lira. It's a fascinating topic to explore, especially given the country's recent economic challenges.

The Lebanese pound has been the official currency of Lebanon since 1943, and it's subdivided into 100 piastres. However, due to high inflation, the piastre is no longer used in everyday transactions.

Lebanon's currency system has faced significant challenges in recent years, including a severe economic crisis that began in 2019. The country has struggled with high debt levels, corruption, and a large trade deficit, which have put pressure on the Lebanese pound.

In 2019, the Lebanese government imposed capital controls, which limited the amount of money that could be withdrawn from banks or transferred abroad. This move was aimed at preventing a run on the banks and preserving the country's foreign currency reserves. However, it also led to a sharp devaluation of the Lebanese pound on the

2026-09-03 05:04:00.361 | INFO     | examples.llama33_70b.demo:log_generated_text:476 - 
==USER 18 - PROMPT
What is the currency of Brazil? Learning about the currencies of different countries helps you under
<long prompt not printed in full>
razilian real (BRL). Are you interested in how Brazil's economy and currency have evolved over time?
==USER 18 - OUTPUT
The official currency of Brazil is indeed the Brazilian real (BRL). The Brazilian real has a fascinating history, and understanding its evolution can provide valuable insights into the country's economic landscape and cultural interactions.

The Brazilian real was introduced in 1994, replacing the cruzeiro real (CR$) as part of a broader effort to stabilize the economy and control inflation. The real was pegged to the US dollar at a fixed exchange rate, which helped to reduce inflation and increase economic stability.

Over time, the Brazilian real has undergone significant fluctuations in value, influenced by various economic and political factors, such as changes in government policies, commodity prices, and global economic trends. Despite these challenges, the real has remained a relatively stable currency, and Brazil has made significant progress in reducing inflation and improving its economic outlook.

Brazil's economy is the largest in Latin America and the 9th largest in the world, driven by a diverse range of industries, including agriculture, mining, manufacturing, and services. The

2026-09-03 05:04:00.361 | INFO     | examples.llama33_70b.demo:log_generated_text:476 - 
==USER 19 - PROMPT
What is the currency of Australia? Understanding the currencies used in different countries can prov
<long prompt not printed in full>
out how the Australian dollar compares to other major currencies and its role in the global economy?
==USER 19 - OUTPUT
The Australian dollar (AUD) is indeed the official currency of Australia, and it's a significant player in the global economy. As the fifth most traded currency in the world, the AUD is widely used in international transactions, particularly in the Asia-Pacific region.

The Australian dollar is a decimal currency, divided into 100 cents, and is available in various denominations, including coins (5c, 10c, 20c, 50c, $1, and $2) and banknotes ($5, $10, $20, $50, and $100).

The value of the AUD is influenced by various factors, such as:

1. **Commodity prices**: Australia is a significant exporter of commodities like iron ore, coal, and gold, so changes in global commodity prices can impact the value of the AUD.
2. **Interest rates**: The Reserve Bank of Australia (RBA) sets interest rates, which can affect the attractiveness of the AUD to investors and, in turn

2026-09-03 05:04:00.361 | INFO     | examples.llama33_70b.demo:log_generated_text:476 - 
==USER 20 - PROMPT
What is the currency of Jamaica? Learning about the currencies of different countries helps you unde
<long prompt not printed in full>
 how the Jamaican dollar functions within the country's economy and its impact on tourism and trade?
==USER 20 - OUTPUT
The Jamaican dollar (JMD) is indeed the official currency of Jamaica. Understanding the currency of a country is crucial in grasping its economic landscape, trade dynamics, and cultural exchanges. The Jamaican dollar plays a vital role in the country's economy, influencing various aspects such as tourism, trade, and daily life.

Here are some interesting facts about the Jamaican dollar:

1. **Introduction and pegging**: The Jamaican dollar was introduced in 1969, replacing the Jamaican pound. Initially, it was pegged to the British pound, but later, it was pegged to the US dollar. Although the peg was removed in 2017, the Jamaican dollar still maintains a managed float regime, with the Bank of Jamaica intervening in the foreign exchange market to stabilize the currency.
2. **Denominations and design**: The Jamaican dollar is available in various denominations, including coins (1, 5, 10, 20, and 50 cents, as

2026-09-03 05:04:00.361 | INFO     | examples.llama33_70b.demo:log_generated_text:476 - 
==USER 21 - PROMPT
What is the currency of Egypt? Knowing about the currencies of different countries can enhance your 
<long prompt not printed in full>
y system operates in Egypt, especially considering its rich history and current economic conditions?
==USER 21 - OUTPUT
The official currency of Egypt is indeed the Egyptian pound (EGP). The Egyptian pound is divided into 100 piasters or 1000 millimes, although the piaster and millime are no longer in use due to inflation. The Central Bank of Egypt is responsible for issuing and regulating the currency.

Egypt's currency system has a rich history, with the Egyptian pound being introduced in 1834. Over the years, the currency has undergone several changes, including decimalization and the introduction of new banknotes and coins. The current series of banknotes features iconic Egyptian figures and landmarks, such as the Pyramids of Giza and the Mosque of Muhammad Ali.

Understanding the currency system in Egypt can provide valuable insights into the country's economic conditions and cultural interactions. For instance, the value of the Egyptian pound can fluctuate based on various economic factors, such as inflation, trade balances, and foreign investment. Additionally, the currency system plays a crucial role in facilitating international trade and tourism, which are significant

2026-09-03 05:04:00.362 | INFO     | examples.llama33_70b.demo:log_generated_text:476 - 
==USER 22 - PROMPT
What is the currency of Uzbekistan? Learning about the currencies of different countries helps you u
<long prompt not printed in full>
n, particularly in the context of its historical Silk Road heritage and modern economic development?
==USER 22 - OUTPUT
The official currency of Uzbekistan is indeed the Uzbekistani som (UZS). The som was introduced in 1993, replacing the Russian ruble, which was used during the Soviet era. The currency is subdivided into 100 tiyin, although tiyin are no longer in circulation due to inflation.

Uzbekistan's currency system has undergone significant changes since the country gained independence in 1991. The government has implemented various economic reforms, including the introduction of a managed float exchange rate regime, to stabilize the economy and promote foreign investment.

The country's strategic location along the historic Silk Road has played a significant role in shaping its economy and trade relationships. Uzbekistan has been actively working to revive its position as a key player in regional trade, leveraging its rich natural resources, including cotton, gas, and minerals.

In recent years, the government has taken steps to liberalize the economy, including the introduction of a new tax code, simplification of customs procedures, and improvement of the

2026-09-03 05:04:00.362 | INFO     | examples.llama33_70b.demo:log_generated_text:476 - 
==USER 23 - PROMPT
What is the currency of Argentina? Understanding the currencies used in different countries can prov
<long prompt not printed in full>
ystem operates in Argentina, especially considering its recent economic challenges and fluctuations?
==USER 23 - OUTPUT
The Argentine peso (ARS) is indeed the official currency of Argentina. Understanding the currency system in Argentina can provide valuable insights into the country's economic landscape, cultural exchanges, and the challenges it faces.

The Argentine peso has a complex history, with multiple currency reforms and fluctuations over the years. The current peso was introduced in 1992, replacing the austral at a rate of 1 peso = 10,000 australes. The peso was initially pegged to the US dollar at a fixed exchange rate of 1:1, but this peg was abandoned in 2002, leading to a significant devaluation of the currency.

In recent years, Argentina has faced significant economic challenges, including high inflation, currency fluctuations, and a large trade deficit. The country has experienced several currency crises, including a major devaluation in 2018, which led to a significant decline in the value of the peso against the US dollar.

Despite these challenges, the Argentine peso remains the official currency of Argentina

2026-09-03 05:04:00.362 | INFO     | examples.llama33_70b.demo:log_generated_text:476 - 
==USER 24 - PROMPT
Are birds mammals? This question touches on basic biological classification and the differences betw
<long prompt not printed in full>
iology? Think about the unique features of birds, such as feathers, beaks, and their ability to fly.
==USER 24 - OUTPUT
No, birds are not mammals. They belong to a distinct class called Aves, which is separate from the class Mammalia. The classification of birds and mammals into different categories is based on several key characteristics that distinguish them from one another. Understanding these differences is crucial in biology as it reflects the unique evolutionary paths and adaptations of these groups.

### Characteristics of Birds (Class Aves)

1. **Feathers**: Birds are covered in feathers, which provide insulation, support, and are crucial for flight. Feathers are unique to birds and are not found in mammals.
2. **Beaks**: Birds have beaks or bills, which are hard, keratin-based structures used for eating, preening, manipulating objects, killing prey, fighting, probing for food, courtship, and feeding young. Mammals have teeth.
3. **Light Skeleton**: Birds have hollow bones, which make them lighter and more efficient for flight. Mammals have solid bones.
4. **Wish

2026-09-03 05:04:00.362 | INFO     | examples.llama33_70b.demo:log_generated_text:476 - 
==USER 25 - PROMPT
How do you play tennis? Tennis is a popular sport enjoyed by millions around the world. Are you fami
<long prompt not printed in full>
e skills and physical fitness required to play tennis, such as agility, coordination, and endurance.
==USER 25 - OUTPUT
Tennis is indeed a popular and exciting sport that requires a combination of physical fitness, technical skills, and mental toughness. I'll provide an overview of the basic rules and techniques of tennis, as well as the skills and physical fitness required to play the game.

**Basic Rules of Tennis:**

1. **Objective:** The objective of tennis is to hit the ball over the net into the opponent's court while preventing the opponent from doing the same.
2. **Scoring:** A tennis match is divided into sets, and a set is divided into games. A game is won by the player who first wins four points, unless the score is tied at 40-40, in which case the game continues until one player leads by two points.
3. **Serves:** A tennis match begins with a serve, where one player serves the ball to the opponent's court. The server stands behind the baseline and serves the ball into the opponent's court diagonally.
4. **Rallies:**

2026-09-03 05:04:00.362 | INFO     | examples.llama33_70b.demo:log_generated_text:476 - 
==USER 26 - PROMPT
Suggest cities to visit in Japan. Japan is a country with a rich cultural heritage and modern attrac
<long prompt not printed in full>
n for its historic temples and traditional tea houses; and Osaka, famous for its vibrant food scene.
==USER 26 - OUTPUT
Japan is a fascinating country with a unique blend of traditional and modern culture, rich history, and breathtaking natural beauty. Here are some must-visit cities in Japan, each offering a distinct experience:

1. **Tokyo**: The capital city is a must-visit, with its neon-lit skyscrapers, world-class restaurants, and vibrant entertainment districts like Shibuya and Harajuku. Visit the famous Tsukiji Fish Market, take a stroll in the Imperial Palace East Garden, and experience the city's cutting-edge technology and innovation.
2. **Kyoto**: This historic city is a treasure trove of traditional Japanese culture, with numerous temples, shrines, and gardens. Visit the iconic Fushimi Inari Shrine, famous for its thousands of vermillion torii gates, and explore the Kiyomizu-dera Temple, a UNESCO World Heritage site. Don't miss the traditional tea houses and geisha districts like Gion.
3. **Osaka**: Known as the "

2026-09-03 05:04:00.362 | INFO     | examples.llama33_70b.demo:log_generated_text:476 - 
==USER 27 - PROMPT
How far away is the moon from the earth? Understanding the distance between the Earth and the moon c
<long prompt not printed in full>
tical orbit? Think about the significance of this distance in terms of space travel and exploration.
==USER 27 - OUTPUT
The average distance from the Earth to the Moon is approximately 384,400 kilometers (238,900 miles). This distance is constantly changing due to the Moon's elliptical orbit around our planet. At its closest point, called perigee, the Moon is about 356,400 kilometers (221,500 miles) away, and at its farthest point, called apogee, it is about 405,500 kilometers (252,000 miles) away.

Scientists measure the distance between the Earth and the Moon using a variety of methods, including:

1. **Laser Ranging**: This method involves bouncing a laser beam off mirrors left on the Moon's surface by astronauts during the Apollo missions. By measuring the time it takes for the laser beam to return, scientists can calculate the distance to the Moon with incredible accuracy.
2. **Radar Ranging**: Similar to laser ranging, this method uses radio waves to measure the distance to the Moon. Radar signals are bounced off the Moon's

2026-09-03 05:04:00.363 | INFO     | examples.llama33_70b.demo:log_generated_text:476 - 
==USER 28 - PROMPT
What is the capital of the UK? Knowing the capital cities of different countries can help broaden yo
<long prompt not printed in full>
nd history. What do you know about London? Have you ever visited or would you like to visit one day?
==USER 28 - OUTPUT
London is indeed the capital of the United Kingdom, and it's a city with a rich history, vibrant culture, and iconic landmarks. As a digital AI assistant, I don't have personal experiences or physical presence, so I haven't visited London or any other city. However, I can provide you with information and insights about this amazing city.

London is a global hub for finance, commerce, education, and entertainment. It's home to many world-renowned institutions, such as the British Museum, the National Gallery, and the Royal Opera House. The city is also famous for its iconic landmarks like Buckingham Palace, the Tower of London, Big Ben, and the London Eye.

London is a melting pot of cultures, with people from diverse backgrounds and ethnicities living and working together. The city offers a wide range of culinary experiences, from traditional British cuisine to international flavors. You can find everything from fish and chips to Indian curries, Chinese dim sum, and Italian pasta.

If you're interested in

2026-09-03 05:04:00.363 | INFO     | examples.llama33_70b.demo:log_generated_text:476 - 
==USER 29 - PROMPT
What is the capital of Germany? Understanding capital cities and their roles in their respective cou
<long prompt not printed in full>
onsider its famous landmarks like the Brandenburg Gate, the Berlin Wall, and the Reichstag building.
==USER 29 - OUTPUT
The capital of Germany is indeed Berlin, a city with a rich and complex history that has played a significant role in shaping the country's culture, politics, and identity. Berlin is a city that has been at the forefront of many significant events in world history, from the rise and fall of the Berlin Wall to its current status as a thriving cultural and economic hub.

As a digital AI assistant, I don't have personal experiences or physical presence, so I haven't visited Berlin or any other city. However, I can provide information and insights about Berlin's significance in world history and its famous landmarks.

The Brandenburg Gate, for example, is an iconic symbol of Berlin and one of the most recognizable landmarks in the world. It was built in the 18th century as a gate to the city and has since become a powerful symbol of German unity and freedom.

The Berlin Wall, which once divided the city and separated East and West Germany, is another significant landmark that serves as a reminder of the city

2026-09-03 05:04:00.363 | INFO     | examples.llama33_70b.demo:log_generated_text:476 - 
==USER 30 - PROMPT
What is the capital of France? Knowing the capitals of countries can help you understand more about 
<long prompt not printed in full>
 Think about iconic landmarks such as the Eiffel Tower, the Louvre Museum, and Notre-Dame Cathedral.
==USER 30 - OUTPUT
The capital of France is indeed Paris, famously known as the 'City of Light.' Paris is a global hub for art, fashion, and history, attracting millions of visitors each year. While I don't have personal experiences or dreams, I can certainly provide information and insights about this magnificent city.

Paris is home to some of the world's most iconic landmarks, including the Eiffel Tower, the Louvre Museum, and Notre-Dame Cathedral. The Eiffel Tower, built for the 1889 World's Fair, is an engineering marvel and a symbol of French culture. The Louvre Museum is one of the largest and most visited museums in the world, housing an impressive collection of art and artifacts, including the Mona Lisa. Notre-Dame Cathedral, a beautiful example of Gothic architecture, has been a significant part of Paris' history and identity for centuries.

In addition to these famous landmarks, Paris offers a rich cultural experience, with its charming streets, historic neighborhoods, and world-class cuisine.

2026-09-03 05:04:00.363 | INFO     | examples.llama33_70b.demo:log_generated_text:476 - 
==USER 31 - PROMPT
What is the capital of Japan? Learning about the capitals of different countries can enhance your un
<long prompt not printed in full>
o unique, from its towering skyscrapers and advanced technology to its historic temples and gardens.
==USER 31 - OUTPUT
That's correct, the capital of Japan is indeed Tokyo. Tokyo is a fascinating city that seamlessly blends traditional and modern elements, making it a unique and captivating destination. From its neon-lit streets and cutting-edge technology to its ancient temples and serene gardens, Tokyo has something to offer for everyone.

As a digital AI assistant, I don't have personal experiences or physical interactions, so I haven't been to Tokyo or know someone who has. However, I can provide information and insights about the city and its culture.

Tokyo's distinctiveness can be attributed to its rich history, vibrant culture, and innovative spirit. The city is home to many iconic landmarks, such as the Tokyo Tower, Meiji Shrine, and Shibuya Crossing, which are must-visit attractions for anyone interested in exploring the city.

Some of the unique aspects of Tokyo include:

1. **Food culture**: Tokyo is renowned for its diverse and delicious cuisine, ranging from sushi and ramen to tempura and yakitori.
2. **

FAILED

=================================== FAILURES ===================================
___________________ test_llama33_70b[accuracy-batch-32-T3K] ____________________

test_config = 'batch-32', mesh_device = MeshDevice(1x8 grid, 8 devices)
optimizations = 'accuracy'

    @pytest.mark.device
    @pytest.mark.model
    @pytest.mark.slow
    @pytest.mark.parametrize('test_config', [pytest.param('token-accuracy', id='token-accuracy'), pytest.param('batch-1', id='batch-1'), pytest.param('batch-32', id='batch-32'), pytest.param('batch-32-ci', id='batch-32-ci'), pytest.param('eval-32', id='eval-32'), pytest.param('eval-32-perf-report', id='eval-32-perf-report'), pytest.param('ci-b1-DP-2', id='ci-b1-DP-2'), pytest.param('ci-b1-DP-4', id='ci-b1-DP-4'), pytest.param('ci-b1-DP-8', id='ci-b1-DP-8'), pytest.param('ci-b1-DP-16', id='ci-b1-DP-16'), pytest.param('ci-b1-DP-32', id='ci-b1-DP-32')])
    @pytest.mark.parametrize('optimizations', ['performance', 'accuracy'])
    def test_llama33_70b(test_config, mesh_device, optimizations):
        try:
>           example.run_llama33_70b(test_config=test_config, mesh_device=mesh_device, optimizations=optimizations)

tests/hardware/models/llama33_70b/test_demo.py:33: 
_ _ _ _ _ _ _ _ _ _ _ _ _ _ _ _ _ _ _ _ _ _ _ _ _ _ _ _ _ _ _ _ _ _ _ _ _ _ _ _ 
examples/llama33_70b/demo.py:709: in run_llama33_70b
    _run_perf_benchmark(model, mesh_device, expected, batch_size=32, case_name=f"{optimizations}/batch-32")
_ _ _ _ _ _ _ _ _ _ _ _ _ _ _ _ _ _ _ _ _ _ _ _ _ _ _ _ _ _ _ _ _ _ _ _ _ _ _ _ 

model = <tt_transformers.models.llama33_70b.model.Llama33_70BTransformer1D object at 0x7fe82842aef0>
mesh_device = MeshDevice(1x8 grid, 8 devices)
expected = {'tok_s_u': 9.3, 'ttft_ms': 100}, batch_size = 32
case_name = 'accuracy/batch-32', max_prefill_len = None
num_decode_tokens = None

    def _run_perf_benchmark(
        model: Llama33_70BTransformer1D,
        mesh_device,
        expected,
        batch_size: int,
        case_name: str,
        max_prefill_len: int | None = None,
        num_decode_tokens: int | None = None,
    ):
        """Timed prefill + decode with the traced model-owned executor.
    
        Prefill uses each prompt's natural token length (TTTv1 ``preprocess_inputs_prefill``
        semantics — the executor buckets to ``get_padded_prefill_len``); decode runs for
        ``num_decode_tokens`` steps (default ``_PERF_NUM_DECODE_TOKENS``).
        ``max_prefill_len`` is an optional clip cap for over-long prompts, never a pad-up target.
    
        The decode budget is clamped to what the paged KV cache can hold:
        ``effective = min(requested, max_seq_len - prompt_bucket - margin)`` so the high-water
        decode position never overruns the page table (the ``batch-32-ci`` leg requests 1024).
        """
        hf_model = os.environ.get("HF_MODEL", "meta-llama/Llama-3.3-70B-Instruct")
        tokenizer = model.demo_tokenizer
    
        # Batched-prefill A/B knob (parity caveat #12): set DISABLE_BATCHED_PREFILL=1 to force the
        # sequential per-user prefill loop (the pre-feature baseline) for before/after TTFT comparison.
        # The accuracy profile already keeps folded QKV/W2 on ttnn.linear. For the performance profile,
        # DISABLE_MINIMAL_MATMUL=1 force-disables those minimal-matmul paths as an A/B control (read at
        # model build time, so it must be in the env before from_pretrained — it already is).
        # The shared prefill runtime reads DISABLE_BATCHED_PREFILL for each prepare call.
        # Do not mutate model_args here: Llama33_70BRuntimeConfig is intentionally frozen.
    
        # On-device sampling toggle for SKU evidence-gathering:
        #   host            -> sampling_params=None (host-argmax, the default shipped path)
        #   on_device       -> greedy temp=0,k=1,p=0 => trace-captured top-k op path with k=1.
        #                      Sampling1D is built allow_force_argmax=False, so even greedy routes
        #                      through ttnn.topk (k=1 top-k == argmax-via-topk), NOT the force-argmax
        #                      full-vocab all-gather.
        #   on_device_topk  -> temp=0,k=32,p=0.08    => trace-captured top-k op path with k=32
        #                      (gathers only the [*,32] tuples). On T3K (8 dev) the vocab
        #                      shards 8-ways so on-device top-k is the faster path vs host readback.
        sampling_mode = os.environ.get("SAMPLING_MODE", "host").lower()
        _on_device_params = {
            "on_device": SamplingParams(temperature=0.0, top_k=1, top_p=0.0),
            "on_device_topk": SamplingParams(temperature=0.0, top_k=32, top_p=0.08),
        }
        sampling_params = (
            _on_device_params[sampling_mode]
            if sampling_mode in _on_device_params and getattr(model, "supports_on_device_sampling", False)
            else None
        )
        logger.info(f"[{case_name}] SAMPLING_MODE={sampling_mode} -> sampling_params={sampling_params}")
    
        # Free-running perf run: enable the executor's on-device decode loop on the on-device sampling
        # path (inert on host/force-argmax; gated to the top-k path by _decode_loop_active). This is the
        # #49284 shared decode loop — the primary T3K decode-parity lever for this T3K-only 70B.
        traced_executor = create_executor(
            model,
            traced=True,
            device_sampling_enabled=sampling_params is not None,
        )
        try:
            block_size = 32
            max_seq_len = model.config.max_seq_len
            max_batch_size = model.config.max_batch_size
            kv_cache = traced_executor.allocate_kv_cache()
            page_table = make_contiguous_page_table(max_batch_size, max_seq_len, block_size)
    
            prompts = load_input_prompts(batch_size)
            input_tokens, prompt_lens = tokenize_prompts(prompts, tokenizer, max_prefill_len=max_prefill_len)
            prefill_sampling_params = None
            _warmup_demo_executor(
                traced_executor,
                kv_cache=kv_cache,
                page_table=page_table,
                prefill_compile_case=(input_tokens, prompt_lens),
                prefill_sampling_params=prefill_sampling_params,
                prefill_compile_execution=traced_executor.traced_prefill_execution,
            )
    
            # Decode-token budget, clamped to the KV-cache headroom. Prompts bucket to ~128 and we keep
            # a 16-token margin, so the high-water decode position stays inside max_seq_len.
            _PROMPT_BUCKET = 128
            _DECODE_MARGIN = 16
            requested_decode = _PERF_NUM_DECODE_TOKENS if num_decode_tokens is None else num_decode_tokens
            effective_decode = min(requested_decode, max_seq_len - _PROMPT_BUCKET - _DECODE_MARGIN)
            logger.info(
                f"[{case_name}] num_decode_tokens: requested={requested_decode}, "
                f"effective={effective_decode} (max_seq_len={max_seq_len})"
            )
    
            # BenchmarkProfiler brackets the timed prefill/decode regions inside run_perf_benchmark
            # (default-None ⇒ byte-inert for every other caller) so we can emit CI perf telemetry.
            is_ci_env = os.environ.get("CI") == "true"
            profiler = BenchmarkProfiler()
            profiler.start("run")
            result = run_perf_benchmark(
                traced_executor,
                tokens=input_tokens,
                kv_cache=kv_cache,
                page_table=page_table,
                num_decode_tokens=effective_decode,
                max_batch_size=max_batch_size,
                prompt_lens=prompt_lens,
                sampling_params=sampling_params,
                prefill_sampling_params=prefill_sampling_params,
                pipeline_readback=os.environ.get("PIPELINE_READBACK", "1").lower() not in ("0", "false", "no"),
                profiler=profiler,
            )
            profiler.end("run")
    
            logger.info(
                f"Performance [{case_name}] — TTFT: {result.ttft_ms:.1f}ms, "
                f"tok/s/u: {result.tok_s_u:.1f}, "
                f"tok/s: {result.tok_s:.1f}, "
                f"decode latency: {result.decode_latency_mean_ms:.2f}ms"
            )
            log_generated_text(prompts, result.generated_token_ids, tokenizer)
    
            # CI-dashboard telemetry: emit a ``demo_perf`` partial mirroring TTTv1 simple_text_demo.py.
            # Saved BEFORE the special-token guard and perf gate so telemetry is captured even when a
            # downstream assert fails. No-op unless CI == "true" (BenchmarkData guards on it).
            if is_ci_env:
                prefill_seq_len = int(prompt_lens.max())
                prefill_time_s = result.prefill_time_s
                measurements = {
                    "prefill_t/s": (result.batch_size * prefill_seq_len) / prefill_time_s if prefill_time_s > 0 else 0.0,
                    "prefill_time_to_token": prefill_time_s / result.batch_size,  # seconds (TTTv1 units)
                    "decode_t/s": result.tok_s,
                    "decode_t/s/u": result.tok_s_u,
                }
                benchmark_data = create_benchmark_data(
                    profiler, measurements, {"inference_prefill": 0, "inference_decode": 1}, targets={}
                )
                benchmark_data.save_partial_run_json(
                    profiler,
                    run_type="demo_perf",
                    ml_model_name=hf_model,
                    ml_model_type="llm",
                    device_name=get_device_name(mesh_device),
                    num_layers=model.config.n_layers,
                    batch_size=result.batch_size,
                    input_sequence_length=prefill_seq_len,
                    output_sequence_length=effective_decode,
                )
    
            assert_no_special_tokens(result.generated_token_ids, tokenizer, case_name=case_name)
    
            if expected:
                failures = []
                if "tok_s_u" in expected:
                    tgt = expected["tok_s_u"] * (1 - PERF_TOLERANCE)
                    if result.tok_s_u < tgt:
                        failures.append(f"tok/s/u {result.tok_s_u:.1f} < target {expected['tok_s_u']}")
                if "ttft_ms" in expected:
                    tgt = expected["ttft_ms"] * (1 + PERF_TOLERANCE)
                    if result.ttft_ms > tgt:
                        failures.append(f"ttft_ms {result.ttft_ms:.1f} > target {expected['ttft_ms']}")
                if not (not failures):
>                   raise AssertionError(f'{case_name}: ' + '; '.join(failures))
E                   AssertionError: accuracy/batch-32: tok/s/u 8.0 < target 9.3

examples/llama33_70b/demo.py:1017: AssertionError
=========================== short test summary info ============================
FAILED tests/hardware/models/llama33_70b/test_demo.py::test_llama33_70b[accuracy-batch-32-T3K] - AssertionError: accuracy/batch-32: tok/s/u 8.0 < target 9.3
======================== 1 failed in 257.66s (0:04:17) =========================
2026-09-03 05:04:08.023 | info     |    BuildKernels | JIT cache stats: 347/1017 hits (34.1%) [347 cached, 834 build-once dedup, 0 merged artifacts, 0 merged genfiles] (build_cache_telemetry.cpp:207)
2026-09-03 05:04:08.023 | info     |    BuildKernels | JIT telemetry: 3 registered TelemetryTokens (build_cache_telemetry.cpp:230)
2026-09-03 05:04:08.048 | info     |          Device | Closing user mode device drivers (tt_cluster.cpp:513)
2026-09-03 05:04:08.048 | info     |             UMD | Closing devices in cluster (cluster.cpp:1201)
2026-09-03 05:04:08.085 | info     |             UMD | Closing devices in cluster completed. (cluster.cpp:1210)
2026-09-03 05:04:08.085 | info     |             UMD | Cluster destructor started. (cluster.cpp:916)
2026-09-03 05:04:08.085 | info     |             UMD | Cluster destructor completed. (cluster.cpp:919)
FINISHED_UTC=2026-09-03T05:04:11Z
PYTEST_EXIT_CODE=1
