============================= test session starts ==============================
platform linux -- Python 3.10.12, pytest-9.0.3, pluggy-1.6.0 -- /localdev/gwang/tt_transformers/.venv/bin/python
cachedir: .pytest_cache
rootdir: /localdev/gwang/tt_transformers
configfile: pyproject.toml
plugins: cov-7.0.0, timeout-2.4.0, anyio-4.14.2
timeout: 1800.0s
timeout method: signal
timeout func_only: False
collecting ... collected 4 items

tests/models/llama33_70b/test_t3k_batched_prefill_correctness.py::test_w6_active15_padded16_trace_correctness[logits-topk-16-15-T3K] FAILED [ 25%]
tests/models/llama33_70b/test_t3k_batched_prefill_correctness.py::test_w6_active15_padded16_trace_correctness[logits-topk-15-16-T3K] FAILED [ 50%]
tests/models/llama33_70b/test_t3k_batched_prefill_correctness.py::test_w6_active15_padded16_trace_correctness[topk-logits-16-15-T3K] FAILED [ 75%]
tests/models/llama33_70b/test_t3k_batched_prefill_correctness.py::test_w6_active15_padded16_trace_correctness[topk-logits-15-16-T3K] FAILED [100%]

=================================== FAILURES ===================================
______ test_w6_active15_padded16_trace_correctness[logits-topk-16-15-T3K] ______

production_model = <tt_transformers.models.llama33_70b.model.Llama33_70BTransformer1D object at 0x7f4ab570f2b0>
ttnn_mesh_device = MeshDevice(1x8 grid, 8 devices), capture_order = (16, 15)
sampling_order = ('logits', 'topk')

    @pytest.mark.device
    @pytest.mark.model
    @pytest.mark.wormhole
    @pytest.mark.t3k
    @pytest.mark.parametrize("capture_order", [(16, 15), (15, 16)], ids=["16-15", "15-16"])
    @pytest.mark.parametrize(
        "sampling_order",
        [("logits", "topk"), ("topk", "logits")],
        ids=["logits-topk", "topk-logits"],
    )
    def test_w6_active15_padded16_trace_correctness(
        production_model,
        ttnn_mesh_device,
        capture_order,
        sampling_order,
    ):
        stale_block = _STALE_BLOCK
        page_table = _page_table(stale_block=stale_block)
        resident_table = _page_table()[_RESIDENT_SLOT : _RESIDENT_SLOT + 1]
        resident_table[:, :4] = torch.arange(_RESIDENT_BLOCK_START, _RESIDENT_BLOCK_START + 4, dtype=torch.int32)
        tokens = _tokens(15)
        resident_tokens = _tokens(1, salt=101)
        expected_logits, expected_active_decode, expected_resident_decode = _run_sequential_oracle(
            production_model, tokens, page_table, resident_tokens, resident_table
        )
        batched_eager_logits, batched_eager_kv, batched_eager_active_decode = _run_batched_eager_oracle(
            production_model, tokens, page_table, resident_tokens, resident_table
        )
    
        executor = create_executor(production_model, traced=True, device_sampling_enabled=True, trace_mode="all")
        try:
            assert executor.config.trace.mode == "all"
            # Production Llama33 disables force-argmax, so argmax->top-k is not an
            # executable registration order for this candidate.
            assert not production_model.sampling.config.allow_force_argmax
            assert executor.prefill_runtime.config.device_sampling_enabled
            assert not executor.prefill_runtime.config.disable_batched_prefill
            kv_cache = executor.allocate_kv_cache()
            # Compile the read-only KV evidence slices before trace activation so
            # the later program-cache invariant measures runtime work, not test
            # instrumentation first use.
            _kv_snapshot(
                kv_cache,
                (0, 60),
                (_STALE_BLOCK, _STALE_BLOCK + 1),
                (_RESIDENT_BLOCK_START, _RESIDENT_BLOCK_START + 4),
            )
            topk = _compile_registration_order(executor, kv_cache, page_table, capture_order, sampling_order)
            assert executor.trace_compiler.trace_active
            baseline_registry = len(executor.program_compiler.compiled_programs)
            baseline_program_cache = _program_cache_entries(ttnn_mesh_device)
            baseline_summary = executor.traced_executor.runtime_summary()
    
            prepared = _prepared(executor, tokens, page_table)
            assert len(prepared) == 1
            item = prepared[0]
            assert item.request.kind == "batched"
            assert item.request.source_rows == tuple(range(15))
            assert item.request.padded_batch_size == 16
            assert item.program_signatures[0].operation_variant == "regular-batched"
            assert item.sampling_path == "logits"
            assert item.trace_signature is not None
            assert torch.all(item.request.tokens[15] == 0)
            assert torch.all(item.request.page_table[15] == -1)
            assert torch.all(item.request.page_table[:15, 4:] == -1)
            program_key = executor.program_compiler.key_for(item.program_signatures[0])
            trace_key = executor.trace_compiler.trace_key_for_program(program_key)
            assert trace_key is not None
            assert executor.trace_compiler.get(trace_key).artifact is not None
    
            stale_before = _kv_snapshot(kv_cache, (_STALE_BLOCK, _STALE_BLOCK + 1))
            resident_logits = executor.prefill_forward(
                resident_tokens,
                resident_table,
                kv_cache=kv_cache,
                prompt_lens=torch.tensor([_PROMPT_LEN]),
                empty_slots=[_RESIDENT_SLOT],
                execution=executor.traced_prefill_execution,
            )
            resident_before = _kv_snapshot(kv_cache, (_RESIDENT_BLOCK_START, _RESIDENT_BLOCK_START + 4))
            actual_logits = executor.prefill_forward(
                tokens,
                page_table[:15],
                kv_cache=kv_cache,
                prompt_lens=torch.full((15,), _PROMPT_LEN, dtype=torch.long),
                empty_slots=list(range(15)),
                execution=executor.traced_prefill_execution,
            )
            actual_kv = _kv_snapshot(
                kv_cache,
                (0, 60),
                (_RESIDENT_BLOCK_START, _RESIDENT_BLOCK_START + 4),
            )
            resident_after = _kv_snapshot(kv_cache, (_RESIDENT_BLOCK_START, _RESIDENT_BLOCK_START + 4))
>           assert_rowwise_logits_parity(
                batched_eager_logits,
                expected_logits,
                min_row_pcc=_LOGITS_MIN_ROW_PCC,
                max_abs=_LOGITS_MAX_ABS,
                require_exact_top1=False,
                max_top1_mismatches=_LOGITS_MAX_TOP1_MISMATCHES,
                expected_top1_in_actual_topk=_LOGITS_TOPK,
                min_topk_overlap=_LOGITS_MIN_TOPK_OVERLAP,
                isclose_atol=_LOGITS_ATOL,
                isclose_rtol=0.05,
                max_isclose_failure_fraction=_LOGITS_MAX_ISCLOSE_FAILURE_FRACTION,
            )

tests/models/llama33_70b/test_t3k_batched_prefill_correctness.py:471: 
_ _ _ _ _ _ _ _ _ _ _ _ _ _ _ _ _ _ _ _ _ _ _ _ _ _ _ _ _ _ _ _ _ _ _ _ _ _ _ _ 

actual = tensor([[[-21.0000, -19.0000, -12.0000,  ...,   5.8750,   5.8750,   5.8750]],

        [[  3.8750,   3.1875,   2.1875,...,  ...,  -8.0000,  -8.0000,  -8.0000]],

        [[  0.8125,   1.4688,  -1.0625,  ...,  -7.5625,  -7.5625,  -7.5625]]])
expected = tensor([[[-20.5000, -19.0000, -12.0000,  ...,   5.6875,   5.6875,   5.6875]],

        [[  3.6875,   3.0625,   2.0000,...,  ...,  -8.0000,  -8.0000,  -8.0000]],

        [[  0.8125,   1.2500,  -1.0625,  ...,  -7.5000,  -7.5000,  -7.5000]]])

    def assert_rowwise_logits_parity(
        actual: torch.Tensor,
        expected: torch.Tensor,
        *,
        min_row_pcc: float,
        max_abs: float,
        require_exact_top1: bool = True,
        max_top1_mismatches: int | None = None,
        expected_top1_in_actual_topk: int | None = None,
        min_topk_overlap: int | None = None,
        isclose_atol: float | None = None,
        isclose_rtol: float | None = None,
        max_isclose_failure_fraction: float | None = None,
    ) -> None:
        """Require every batch row to preserve logits shape, quality, and ranking."""
    
        if require_exact_top1 and (max_top1_mismatches is not None or expected_top1_in_actual_topk is not None):
            raise ValueError("exact top-1 and top-k containment are mutually exclusive")
        if min_topk_overlap is not None and expected_top1_in_actual_topk is None:
            raise ValueError("min_topk_overlap requires expected_top1_in_actual_topk")
        isclose_options = (isclose_atol, isclose_rtol, max_isclose_failure_fraction)
        if any(value is not None for value in isclose_options) and not all(value is not None for value in isclose_options):
            raise ValueError("isclose_atol, isclose_rtol, and max_isclose_failure_fraction must be supplied together")
    
        if actual.shape != expected.shape:
            raise AssertionError(f"logits shape mismatch: actual={tuple(actual.shape)}, expected={tuple(expected.shape)}")
        if actual.ndim < 2:
            raise AssertionError(f"logits must have batch and vocabulary dimensions, got {tuple(actual.shape)}")
    
        actual_rows = actual.detach().float().reshape(actual.shape[0], -1)
        expected_rows = expected.detach().float().reshape(expected.shape[0], -1)
        if not torch.isfinite(actual_rows).all() or not torch.isfinite(expected_rows).all():
            raise AssertionError("logits contain non-finite values")
    
        actual_centered = actual_rows - actual_rows.mean(dim=1, keepdim=True)
        expected_centered = expected_rows - expected_rows.mean(dim=1, keepdim=True)
        denominator = actual_centered.norm(dim=1) * expected_centered.norm(dim=1)
        numerator = (actual_centered * expected_centered).sum(dim=1)
        row_pcc = torch.where(
            denominator > 0,
            numerator / denominator,
            torch.where(
                torch.all(actual_rows == expected_rows, dim=1),
                torch.ones_like(denominator),
                torch.zeros_like(denominator),
            ),
        )
        row_max_abs = (actual_rows - expected_rows).abs().amax(dim=1)
        actual_top1 = actual_rows.argmax(dim=1)
        expected_top1 = expected_rows.argmax(dim=1)
    
        failures = []
        bad_pcc = torch.nonzero(row_pcc < min_row_pcc, as_tuple=False).reshape(-1)
        if bad_pcc.numel():
            failures.append(
                f"row PCC below {min_row_pcc}: "
                + ", ".join(f"row {row}: {row_pcc[row].item():.8f}" for row in bad_pcc.tolist())
            )
        bad_max_abs = torch.nonzero(row_max_abs > max_abs, as_tuple=False).reshape(-1)
        if bad_max_abs.numel():
            failures.append(
                f"row max-abs above {max_abs}: "
                + ", ".join(f"row {row}: {row_max_abs[row].item():.8f}" for row in bad_max_abs.tolist())
            )
        if require_exact_top1 and not torch.equal(actual_top1, expected_top1):
            disagreement = torch.nonzero(actual_top1 != expected_top1, as_tuple=False)
            failures.append(f"top-1 mismatch at {disagreement.tolist()}")
        if max_top1_mismatches is not None:
            mismatch_count = int((actual_top1 != expected_top1).sum().item())
            if mismatch_count > int(max_top1_mismatches):
                failures.append(f"top-1 mismatch count {mismatch_count} exceeds {max_top1_mismatches}")
        if expected_top1_in_actual_topk is not None:
            topk = int(expected_top1_in_actual_topk)
            if topk <= 0 or topk > actual_rows.shape[1]:
                raise ValueError(f"top-k must be in [1, {actual_rows.shape[1]}], got {topk}")
            actual_topk = actual_rows.topk(topk, dim=1).indices
            expected_topk = expected_rows.topk(topk, dim=1).indices
            expected_top1_rows = expected_top1.unsqueeze(1)
            missing_top1 = torch.nonzero(~(actual_topk == expected_top1_rows).any(dim=1), as_tuple=False).reshape(-1)
            if missing_top1.numel():
                failures.append(f"expected top-1 missing from actual top-{topk} at rows {missing_top1.tolist()}")
            if min_topk_overlap is not None:
                minimum = int(min_topk_overlap)
                if minimum <= 0 or minimum > topk:
                    raise ValueError(f"min_topk_overlap must be in [1, {topk}], got {minimum}")
                overlaps = (actual_topk.unsqueeze(2) == expected_topk.unsqueeze(1)).any(dim=2).sum(dim=1)
                bad_overlap = torch.nonzero(overlaps < minimum, as_tuple=False).reshape(-1)
                if bad_overlap.numel():
                    failures.append(
                        f"top-{topk} overlap below {minimum}: "
                        + ", ".join(f"row {row}: {overlaps[row].item()}" for row in bad_overlap.tolist())
                    )
        if max_isclose_failure_fraction is not None:
            close = torch.isclose(actual_rows, expected_rows, atol=float(isclose_atol), rtol=float(isclose_rtol))
            failure_fraction = float((~close).float().mean().item())
            if failure_fraction > float(max_isclose_failure_fraction):
                row_fractions = (~close).float().mean(dim=1)
                failures.append(
                    f"isclose failure fraction {failure_fraction:.8f} exceeds {max_isclose_failure_fraction}; "
                    + ", ".join(f"row {row}: {value.item():.8f}" for row, value in enumerate(row_fractions))
                )
    
        if failures:
>           raise AssertionError("logits parity failed; " + "; ".join(failures))
E           AssertionError: logits parity failed; row max-abs above 1.0: row 0: 1.50000000; top-5 overlap below 4: row 0: 3

tests/models/llama33_70b/logits_oracle.py:114: AssertionError
---------------------------- Captured stdout setup -----------------------------
2026-09-02 20:50:16.901 | info     |          Device | Opening user mode device driver (tt_cluster.cpp:228)
2026-09-02 20:50:16.901 | info     |             UMD | Cluster constructor started. (cluster.cpp:389)
2026-09-02 20:50:16.902 | info     |             UMD | Creating TopologyDiscovery for architecture: wormhole_b0 (topology_discovery.cpp:96)
2026-09-02 20:50:16.902 | info     |             UMD | Starting topology discovery. (topology_discovery.cpp:115)
2026-09-02 20:50:16.906 | info     |             UMD | Established firmware bundle version: 18.12.1 (topology_discovery.cpp:575)
2026-09-02 20:50:16.929 | info     |             UMD | Completed topology discovery. (topology_discovery.cpp:119)
2026-09-02 20:50:16.979 | info     |             UMD | Opening local chip ids/PCIe ids: {0, 1, 2, 3}/[0, 1, 2, 3] and remote chip ids {4, 5, 6, 7} (cluster.cpp:173)
2026-09-02 20:50:16.979 | info     |             UMD | IOMMU: disabled (cluster.cpp:147)
2026-09-02 20:50:16.979 | info     |             UMD | KMD version: 2.4.1 (cluster.cpp:150)
2026-09-02 20:50:16.979 | info     |             UMD | Cluster constructor completed. (cluster.cpp:648)
2026-09-02 20:50:16.984 | info     |             UMD | Starting devices in cluster (cluster.cpp:1188)
2026-09-02 20:50:16.999 | info     |             UMD | Starting devices in cluster completed. (cluster.cpp:1196)
2026-09-02 20:50:17.036 | info     |     Distributed | Using auto discovery to generate mesh graph. (metal_env.cpp:437)
2026-09-02 20:50:17.036 | info     |     Distributed | Constructing control plane using auto-discovery (no mesh graph descriptor). (metal_env.cpp:499)
2026-09-02 20:50:17.037 | info     |          Fabric | Logical multi-mesh adjacency: intermesh degree histogram {0:1}; intra-mesh degree histograms mesh0 {2:4, 3:4} (topology_mapper_utils.cpp:3329)
2026-09-02 20:50:17.037 | info     |          Fabric | Physical multi-mesh adjacency: intermesh degree histogram {0:1}; intra-mesh degree histograms mesh0 {2:4, 3:4} (topology_mapper_utils.cpp:3337)
2026-09-02 20:50:17.037 | info     |           Metal | Fabric config changed from FabricConfig::DISABLED to FabricConfig::FABRIC_1D_RING, reinitializing control plane (metal_env.cpp:337)
2026-09-02 20:50:17.037 | info     |     Distributed | Using auto discovery to generate mesh graph. (metal_env.cpp:437)
2026-09-02 20:50:17.037 | info     |     Distributed | Constructing control plane using auto-discovery (no mesh graph descriptor). (metal_env.cpp:499)
2026-09-02 20:50:17.038 | info     |          Fabric | Logical multi-mesh adjacency: intermesh degree histogram {0:1}; intra-mesh degree histograms mesh0 {2:4, 3:4} (topology_mapper_utils.cpp:3329)
2026-09-02 20:50:17.038 | info     |          Fabric | Physical multi-mesh adjacency: intermesh degree histogram {0:1}; intra-mesh degree histograms mesh0 {2:4, 3:4} (topology_mapper_utils.cpp:3337)
2026-09-02 20:50:17.149 | warning  |           Metal | Got num_routing_planes: 1, which is less than current value: 255, ignoring the override (metal_env.cpp:312)
2026-09-02 20:50:17.149 | info     |           Metal | Dispatch on FabricConfig::FABRIC_1D_RING with 1 Command Queues
 (device_manager.cpp:299)
2026-09-02 20:50:17.171 | info     |           Metal | Initializing Fabric (fabric_firmware_initializer.cpp:296)
2026-09-02 20:50:17.251 | info     |           Metal | Fabric initialized on 8 devices (fabric_firmware_initializer.cpp:444)
2026-09-02 20:50:17.251 | info     |           Metal | Fabric Initialized with config FabricConfig::FABRIC_1D_RING (fabric_firmware_initializer.cpp:313)
2026-09-02 20:54:45.670 | warning  |              Op | ttnn::tilize: Using input shard spec for output tensor because the legacy sharded optimized program factory is being used (tilize_device_operation.cpp:257)
2026-09-02 20:54:45.684 | warning  |              Op | ttnn::tilize: Using input shard spec for output tensor because the legacy sharded optimized program factory is being used (tilize_device_operation.cpp:257)
2026-09-02 20:54:45.686 | warning  |              Op | ttnn::tilize: Using input shard spec for output tensor because the legacy sharded optimized program factory is being used (tilize_device_operation.cpp:257)
2026-09-02 20:54:45.687 | warning  |              Op | ttnn::tilize: Using input shard spec for output tensor because the legacy sharded optimized program factory is being used (tilize_device_operation.cpp:257)
2026-09-02 20:54:45.688 | warning  |              Op | ttnn::tilize: Using input shard spec for output tensor because the legacy sharded optimized program factory is being used (tilize_device_operation.cpp:257)
2026-09-02 20:54:45.690 | warning  |              Op | ttnn::tilize: Using input shard spec for output tensor because the legacy sharded optimized program factory is being used (tilize_device_operation.cpp:257)
2026-09-02 20:54:45.691 | warning  |              Op | ttnn::tilize: Using input shard spec for output tensor because the legacy sharded optimized program factory is being used (tilize_device_operation.cpp:257)
2026-09-02 20:54:45.692 | warning  |              Op | ttnn::tilize: Using input shard spec for output tensor because the legacy sharded optimized program factory is being used (tilize_device_operation.cpp:257)
2026-09-02 20:54:45.693 | warning  |              Op | ttnn::tilize: Using input shard spec for output tensor because the legacy sharded optimized program factory is being used (tilize_device_operation.cpp:257)
2026-09-02 20:54:45.695 | warning  |              Op | ttnn::tilize: Using input shard spec for output tensor because the legacy sharded optimized program factory is being used (tilize_device_operation.cpp:257)
2026-09-02 20:54:45.696 | warning  |              Op | ttnn::tilize: Using input shard spec for output tensor because the legacy sharded optimized program factory is being used (tilize_device_operation.cpp:257)
2026-09-02 20:54:45.697 | warning  |              Op | ttnn::tilize: Using input shard spec for output tensor because the legacy sharded optimized program factory is being used (tilize_device_operation.cpp:257)
2026-09-02 20:54:45.700 | warning  |              Op | ttnn::tilize: Using input shard spec for output tensor because the legacy sharded optimized program factory is being used (tilize_device_operation.cpp:257)
2026-09-02 20:54:45.701 | warning  |              Op | ttnn::tilize: Using input shard spec for output tensor because the legacy sharded optimized program factory is being used (tilize_device_operation.cpp:257)
2026-09-02 20:54:45.702 | warning  |              Op | ttnn::tilize: Using input shard spec for output tensor because the legacy sharded optimized program factory is being used (tilize_device_operation.cpp:257)
2026-09-02 20:54:45.704 | warning  |              Op | ttnn::tilize: Using input shard spec for output tensor because the legacy sharded optimized program factory is being used (tilize_device_operation.cpp:257)
2026-09-02 20:54:45.705 | warning  |              Op | ttnn::tilize: Using input shard spec for output tensor because the legacy sharded optimized program factory is being used (tilize_device_operation.cpp:257)
2026-09-02 20:54:45.706 | warning  |              Op | ttnn::tilize: Using input shard spec for output tensor because the legacy sharded optimized program factory is being used (tilize_device_operation.cpp:257)
2026-09-02 20:54:45.707 | warning  |              Op | ttnn::tilize: Using input shard spec for output tensor because the legacy sharded optimized program factory is being used (tilize_device_operation.cpp:257)
2026-09-02 20:54:45.709 | warning  |              Op | ttnn::tilize: Using input shard spec for output tensor because the legacy sharded optimized program factory is being used (tilize_device_operation.cpp:257)
2026-09-02 20:54:45.710 | warning  |              Op | ttnn::tilize: Using input shard spec for output tensor because the legacy sharded optimized program factory is being used (tilize_device_operation.cpp:257)
2026-09-02 20:54:45.711 | warning  |              Op | ttnn::tilize: Using input shard spec for output tensor because the legacy sharded optimized program factory is being used (tilize_device_operation.cpp:257)
2026-09-02 20:54:45.713 | warning  |              Op | ttnn::tilize: Using input shard spec for output tensor because the legacy sharded optimized program factory is being used (tilize_device_operation.cpp:257)
2026-09-02 20:54:45.714 | warning  |              Op | ttnn::tilize: Using input shard spec for output tensor because the legacy sharded optimized program factory is being used (tilize_device_operation.cpp:257)
2026-09-02 20:54:45.715 | warning  |              Op | ttnn::tilize: Using input shard spec for output tensor because the legacy sharded optimized program factory is being used (tilize_device_operation.cpp:257)
2026-09-02 20:54:45.717 | warning  |              Op | ttnn::tilize: Using input shard spec for output tensor because the legacy sharded optimized program factory is being used (tilize_device_operation.cpp:257)
2026-09-02 20:54:45.718 | warning  |              Op | ttnn::tilize: Using input shard spec for output tensor because the legacy sharded optimized program factory is being used (tilize_device_operation.cpp:257)
2026-09-02 20:54:45.719 | warning  |              Op | ttnn::tilize: Using input shard spec for output tensor because the legacy sharded optimized program factory is being used (tilize_device_operation.cpp:257)
2026-09-02 20:54:45.721 | warning  |              Op | ttnn::tilize: Using input shard spec for output tensor because the legacy sharded optimized program factory is being used (tilize_device_operation.cpp:257)
2026-09-02 20:54:45.722 | warning  |              Op | ttnn::tilize: Using input shard spec for output tensor because the legacy sharded optimized program factory is being used (tilize_device_operation.cpp:257)
2026-09-02 20:54:45.723 | warning  |              Op | ttnn::tilize: Using input shard spec for output tensor because the legacy sharded optimized program factory is being used (tilize_device_operation.cpp:257)
2026-09-02 20:54:45.724 | warning  |              Op | ttnn::tilize: Using input shard spec for output tensor because the legacy sharded optimized program factory is being used (tilize_device_operation.cpp:257)
2026-09-02 20:54:45.726 | warning  |              Op | ttnn::tilize: Using input shard spec for output tensor because the legacy sharded optimized program factory is being used (tilize_device_operation.cpp:257)
2026-09-02 20:54:45.727 | warning  |              Op | ttnn::tilize: Using input shard spec for output tensor because the legacy sharded optimized program factory is being used (tilize_device_operation.cpp:257)
2026-09-02 20:54:45.728 | warning  |              Op | ttnn::tilize: Using input shard spec for output tensor because the legacy sharded optimized program factory is being used (tilize_device_operation.cpp:257)
2026-09-02 20:54:45.729 | warning  |              Op | ttnn::tilize: Using input shard spec for output tensor because the legacy sharded optimized program factory is being used (tilize_device_operation.cpp:257)
2026-09-02 20:54:45.730 | warning  |              Op | ttnn::tilize: Using input shard spec for output tensor because the legacy sharded optimized program factory is being used (tilize_device_operation.cpp:257)
2026-09-02 20:54:45.732 | warning  |              Op | ttnn::tilize: Using input shard spec for output tensor because the legacy sharded optimized program factory is being used (tilize_device_operation.cpp:257)
2026-09-02 20:54:45.733 | warning  |              Op | ttnn::tilize: Using input shard spec for output tensor because the legacy sharded optimized program factory is being used (tilize_device_operation.cpp:257)
2026-09-02 20:54:45.734 | warning  |              Op | ttnn::tilize: Using input shard spec for output tensor because the legacy sharded optimized program factory is being used (tilize_device_operation.cpp:257)
2026-09-02 20:54:45.735 | warning  |              Op | ttnn::tilize: Using input shard spec for output tensor because the legacy sharded optimized program factory is being used (tilize_device_operation.cpp:257)
2026-09-02 20:54:45.737 | warning  |              Op | ttnn::tilize: Using input shard spec for output tensor because the legacy sharded optimized program factory is being used (tilize_device_operation.cpp:257)
2026-09-02 20:54:45.738 | warning  |              Op | ttnn::tilize: Using input shard spec for output tensor because the legacy sharded optimized program factory is being used (tilize_device_operation.cpp:257)
2026-09-02 20:54:45.739 | warning  |              Op | ttnn::tilize: Using input shard spec for output tensor because the legacy sharded optimized program factory is being used (tilize_device_operation.cpp:257)
2026-09-02 20:54:45.740 | warning  |              Op | ttnn::tilize: Using input shard spec for output tensor because the legacy sharded optimized program factory is being used (tilize_device_operation.cpp:257)
2026-09-02 20:54:45.742 | warning  |              Op | ttnn::tilize: Using input shard spec for output tensor because the legacy sharded optimized program factory is being used (tilize_device_operation.cpp:257)
2026-09-02 20:54:45.743 | warning  |              Op | ttnn::tilize: Using input shard spec for output tensor because the legacy sharded optimized program factory is being used (tilize_device_operation.cpp:257)
2026-09-02 20:54:45.745 | warning  |              Op | ttnn::tilize: Using input shard spec for output tensor because the legacy sharded optimized program factory is being used (tilize_device_operation.cpp:257)
2026-09-02 20:54:45.746 | warning  |              Op | ttnn::tilize: Using input shard spec for output tensor because the legacy sharded optimized program factory is being used (tilize_device_operation.cpp:257)
2026-09-02 20:54:45.748 | warning  |              Op | ttnn::tilize: Using input shard spec for output tensor because the legacy sharded optimized program factory is being used (tilize_device_operation.cpp:257)
2026-09-02 20:54:45.749 | warning  |              Op | ttnn::tilize: Using input shard spec for output tensor because the legacy sharded optimized program factory is being used (tilize_device_operation.cpp:257)
2026-09-02 20:54:45.750 | warning  |              Op | ttnn::tilize: Using input shard spec for output tensor because the legacy sharded optimized program factory is being used (tilize_device_operation.cpp:257)
2026-09-02 20:54:45.751 | warning  |              Op | ttnn::tilize: Using input shard spec for output tensor because the legacy sharded optimized program factory is being used (tilize_device_operation.cpp:257)
2026-09-02 20:54:45.752 | warning  |              Op | ttnn::tilize: Using input shard spec for output tensor because the legacy sharded optimized program factory is being used (tilize_device_operation.cpp:257)
2026-09-02 20:54:45.754 | warning  |              Op | ttnn::tilize: Using input shard spec for output tensor because the legacy sharded optimized program factory is being used (tilize_device_operation.cpp:257)
2026-09-02 20:54:45.755 | warning  |              Op | ttnn::tilize: Using input shard spec for output tensor because the legacy sharded optimized program factory is being used (tilize_device_operation.cpp:257)
2026-09-02 20:54:45.756 | warning  |              Op | ttnn::tilize: Using input shard spec for output tensor because the legacy sharded optimized program factory is being used (tilize_device_operation.cpp:257)
2026-09-02 20:54:45.757 | warning  |              Op | ttnn::tilize: Using input shard spec for output tensor because the legacy sharded optimized program factory is being used (tilize_device_operation.cpp:257)
2026-09-02 20:54:45.759 | warning  |              Op | ttnn::tilize: Using input shard spec for output tensor because the legacy sharded optimized program factory is being used (tilize_device_operation.cpp:257)
2026-09-02 20:54:45.760 | warning  |              Op | ttnn::tilize: Using input shard spec for output tensor because the legacy sharded optimized program factory is being used (tilize_device_operation.cpp:257)
2026-09-02 20:54:45.761 | warning  |              Op | ttnn::tilize: Using input shard spec for output tensor because the legacy sharded optimized program factory is being used (tilize_device_operation.cpp:257)
2026-09-02 20:54:45.762 | warning  |              Op | ttnn::tilize: Using input shard spec for output tensor because the legacy sharded optimized program factory is being used (tilize_device_operation.cpp:257)
2026-09-02 20:54:45.763 | warning  |              Op | ttnn::tilize: Using input shard spec for output tensor because the legacy sharded optimized program factory is being used (tilize_device_operation.cpp:257)
2026-09-02 20:54:45.765 | warning  |              Op | ttnn::tilize: Using input shard spec for output tensor because the legacy sharded optimized program factory is being used (tilize_device_operation.cpp:257)
2026-09-02 20:54:45.766 | warning  |              Op | ttnn::tilize: Using input shard spec for output tensor because the legacy sharded optimized program factory is being used (tilize_device_operation.cpp:257)
2026-09-02 20:54:45.767 | warning  |              Op | ttnn::tilize: Using input shard spec for output tensor because the legacy sharded optimized program factory is being used (tilize_device_operation.cpp:257)
2026-09-02 20:54:45.769 | warning  |              Op | ttnn::tilize: Using input shard spec for output tensor because the legacy sharded optimized program factory is being used (tilize_device_operation.cpp:257)
2026-09-02 20:54:45.770 | warning  |              Op | ttnn::tilize: Using input shard spec for output tensor because the legacy sharded optimized program factory is being used (tilize_device_operation.cpp:257)
2026-09-02 20:54:45.772 | warning  |              Op | ttnn::tilize: Using input shard spec for output tensor because the legacy sharded optimized program factory is being used (tilize_device_operation.cpp:257)
2026-09-02 20:54:45.773 | warning  |              Op | ttnn::tilize: Using input shard spec for output tensor because the legacy sharded optimized program factory is being used (tilize_device_operation.cpp:257)
2026-09-02 20:54:45.945 | warning  |              Op | ttnn::tilize: Using input shard spec for output tensor because the legacy sharded optimized program factory is being used (tilize_device_operation.cpp:257)
2026-09-02 20:54:45.947 | warning  |              Op | ttnn::tilize: Using input shard spec for output tensor because the legacy sharded optimized program factory is being used (tilize_device_operation.cpp:257)
2026-09-02 20:54:45.948 | warning  |              Op | ttnn::tilize: Using input shard spec for output tensor because the legacy sharded optimized program factory is being used (tilize_device_operation.cpp:257)
2026-09-02 20:54:45.950 | warning  |              Op | ttnn::tilize: Using input shard spec for output tensor because the legacy sharded optimized program factory is being used (tilize_device_operation.cpp:257)
2026-09-02 20:54:45.951 | warning  |              Op | ttnn::tilize: Using input shard spec for output tensor because the legacy sharded optimized program factory is being used (tilize_device_operation.cpp:257)
2026-09-02 20:54:45.952 | warning  |              Op | ttnn::tilize: Using input shard spec for output tensor because the legacy sharded optimized program factory is being used (tilize_device_operation.cpp:257)
2026-09-02 20:54:45.953 | warning  |              Op | ttnn::tilize: Using input shard spec for output tensor because the legacy sharded optimized program factory is being used (tilize_device_operation.cpp:257)
2026-09-02 20:54:45.955 | warning  |              Op | ttnn::tilize: Using input shard spec for output tensor because the legacy sharded optimized program factory is being used (tilize_device_operation.cpp:257)
2026-09-02 20:54:45.956 | warning  |              Op | ttnn::tilize: Using input shard spec for output tensor because the legacy sharded optimized program factory is being used (tilize_device_operation.cpp:257)
2026-09-02 20:54:45.957 | warning  |              Op | ttnn::tilize: Using input shard spec for output tensor because the legacy sharded optimized program factory is being used (tilize_device_operation.cpp:257)
---------------------------- Captured stderr setup -----------------------------
2026-09-02 20:50:16.896 | INFO     | tests.conftest:model_location_generator_:288 - For model location, local copy not found, so likely downloading straight from HF: meta-llama/Llama-3.3-70B-Instruct
[transformers] `torch_dtype` is deprecated! Use `dtype` instead!

Loading weights:   0%|          | 0/723 [00:00<?, ?it/s]
Loading weights:   2%|▏         | 12/723 [00:00<00:07, 88.88it/s]
Loading weights:   5%|▌         | 38/723 [00:00<00:06, 106.38it/s]
Loading weights:   7%|▋         | 49/723 [00:00<00:14, 44.98it/s] 
Loading weights:   8%|▊         | 56/723 [00:01<00:17, 38.97it/s]
Loading weights:   8%|▊         | 61/723 [00:01<00:18, 35.10it/s]
Loading weights:   9%|▉         | 66/723 [00:01<00:18, 34.81it/s]
Loading weights:  10%|▉         | 70/723 [00:01<00:21, 30.27it/s]
Loading weights:  10%|█         | 74/723 [00:02<00:30, 20.98it/s]
Loading weights:  11%|█▏        | 83/723 [00:02<00:29, 21.72it/s]
Loading weights:  12%|█▏        | 86/723 [00:02<00:29, 21.76it/s]
Loading weights:  13%|█▎        | 95/723 [00:02<00:24, 25.32it/s]
Loading weights:  14%|█▎        | 98/723 [00:03<00:25, 24.78it/s]
Loading weights:  14%|█▍        | 102/723 [00:03<00:24, 25.48it/s]
Loading weights:  15%|█▍        | 106/723 [00:03<00:23, 26.45it/s]
Loading weights:  15%|█▌        | 112/723 [00:03<00:24, 25.14it/s]
Loading weights:  16%|█▌        | 117/723 [00:03<00:25, 23.93it/s]
Loading weights:  17%|█▋        | 122/723 [00:04<00:23, 25.15it/s]
Loading weights:  17%|█▋        | 125/723 [00:04<00:23, 25.90it/s]
Loading weights:  18%|█▊        | 128/723 [00:04<00:24, 24.35it/s]
Loading weights:  18%|█▊        | 131/723 [00:04<00:23, 25.04it/s]
Loading weights:  19%|█▊        | 134/723 [00:04<00:25, 22.88it/s]
Loading weights:  19%|█▉        | 137/723 [00:04<00:32, 17.92it/s]
Loading weights:  20%|█▉        | 142/723 [00:04<00:24, 23.57it/s]
Loading weights:  20%|██        | 145/723 [00:05<00:27, 20.93it/s]
Loading weights:  20%|██        | 148/723 [00:05<00:25, 22.55it/s]
Loading weights:  21%|██        | 152/723 [00:05<00:32, 17.43it/s]
Loading weights:  22%|██▏       | 159/723 [00:05<00:23, 24.06it/s]
Loading weights:  22%|██▏       | 162/723 [00:05<00:22, 24.72it/s]
Loading weights:  23%|██▎       | 165/723 [00:06<00:25, 21.55it/s]
Loading weights:  24%|██▎       | 171/723 [00:06<00:22, 24.31it/s]
Loading weights:  25%|██▍       | 178/723 [00:06<00:23, 22.89it/s]
Loading weights:  26%|██▌       | 185/723 [00:06<00:19, 27.95it/s]
Loading weights:  26%|██▌       | 189/723 [00:06<00:23, 22.70it/s]
Loading weights:  27%|██▋       | 193/723 [00:07<00:22, 23.33it/s]
Loading weights:  27%|██▋       | 196/723 [00:07<00:22, 23.29it/s]
Loading weights:  28%|██▊       | 200/723 [00:07<00:25, 20.18it/s]
Loading weights:  28%|██▊       | 206/723 [00:07<00:25, 20.34it/s]
Loading weights:  29%|██▉       | 209/723 [00:08<00:29, 17.62it/s]
Loading weights:  30%|███       | 218/723 [00:08<00:21, 23.95it/s]
Loading weights:  31%|███       | 223/723 [00:08<00:18, 27.15it/s]
Loading weights:  31%|███▏      | 227/723 [00:08<00:18, 27.43it/s]
Loading weights:  32%|███▏      | 231/723 [00:08<00:17, 27.39it/s]
Loading weights:  32%|███▏      | 234/723 [00:08<00:21, 23.07it/s]
Loading weights:  33%|███▎      | 239/723 [00:09<00:22, 21.99it/s]
Loading weights:  34%|███▍      | 245/723 [00:09<00:19, 24.23it/s]
Loading weights:  34%|███▍      | 248/723 [00:09<00:21, 22.07it/s]
Loading weights:  35%|███▍      | 253/723 [00:09<00:19, 23.55it/s]
Loading weights:  36%|███▌      | 258/723 [00:09<00:18, 25.48it/s]
Loading weights:  36%|███▋      | 263/723 [00:10<00:17, 25.86it/s]
Loading weights:  37%|███▋      | 266/723 [00:10<00:22, 19.95it/s]
Loading weights:  37%|███▋      | 270/723 [00:10<00:20, 21.96it/s]
Loading weights:  38%|███▊      | 273/723 [00:10<00:21, 20.87it/s]
Loading weights:  38%|███▊      | 277/723 [00:10<00:22, 19.69it/s]
Loading weights:  39%|███▊      | 280/723 [00:11<00:23, 19.12it/s]
Loading weights:  40%|███▉      | 289/723 [00:11<00:17, 25.27it/s]
Loading weights:  40%|████      | 292/723 [00:11<00:19, 22.09it/s]
Loading weights:  41%|████▏     | 299/723 [00:11<00:16, 25.84it/s]
Loading weights:  42%|████▏     | 303/723 [00:11<00:19, 22.04it/s]
Loading weights:  43%|████▎     | 308/723 [00:12<00:16, 25.18it/s]
Loading weights:  43%|████▎     | 312/723 [00:12<00:17, 23.50it/s]
Loading weights:  44%|████▍     | 318/723 [00:12<00:17, 22.91it/s]
Loading weights:  45%|████▍     | 323/723 [00:12<00:19, 20.74it/s]
Loading weights:  46%|████▌     | 329/723 [00:13<00:15, 25.01it/s]
Loading weights:  46%|████▌     | 332/723 [00:13<00:15, 25.23it/s]
Loading weights:  46%|████▋     | 335/723 [00:13<00:16, 23.08it/s]
Loading weights:  47%|████▋     | 341/723 [00:13<00:14, 25.71it/s]
Loading weights:  48%|████▊     | 345/723 [00:13<00:13, 28.26it/s]
Loading weights:  48%|████▊     | 349/723 [00:13<00:16, 23.13it/s]
Loading weights:  49%|████▉     | 354/723 [00:14<00:16, 22.95it/s]
Loading weights:  50%|████▉     | 361/723 [00:14<00:13, 27.31it/s]
Loading weights:  50%|█████     | 364/723 [00:14<00:17, 20.27it/s]
Loading weights:  51%|█████     | 370/723 [00:14<00:15, 22.25it/s]
Loading weights:  52%|█████▏    | 374/723 [00:14<00:14, 23.35it/s]
Loading weights:  52%|█████▏    | 378/723 [00:15<00:13, 25.17it/s]
Loading weights:  53%|█████▎    | 381/723 [00:15<00:13, 25.55it/s]
Loading weights:  53%|█████▎    | 384/723 [00:15<00:13, 25.22it/s]
Loading weights:  54%|█████▎    | 387/723 [00:15<00:15, 21.35it/s]
Loading weights:  54%|█████▍    | 392/723 [00:15<00:16, 19.84it/s]
Loading weights:  55%|█████▍    | 395/723 [00:15<00:15, 21.15it/s]
Loading weights:  55%|█████▌    | 400/723 [00:16<00:15, 21.21it/s]
Loading weights:  56%|█████▌    | 403/723 [00:16<00:14, 22.62it/s]
Loading weights:  56%|█████▋    | 408/723 [00:16<00:15, 20.33it/s]
Loading weights:  57%|█████▋    | 414/723 [00:16<00:13, 23.23it/s]
Loading weights:  58%|█████▊    | 419/723 [00:16<00:13, 23.36it/s]
Loading weights:  59%|█████▊    | 423/723 [00:17<00:12, 24.40it/s]
Loading weights:  59%|█████▉    | 428/723 [00:17<00:12, 24.44it/s]
Loading weights:  60%|█████▉    | 431/723 [00:17<00:11, 25.25it/s]
Loading weights:  60%|██████    | 434/723 [00:17<00:12, 23.80it/s]
Loading weights:  61%|██████    | 438/723 [00:17<00:14, 19.34it/s]
Loading weights:  62%|██████▏   | 447/723 [00:18<00:11, 23.75it/s]
Loading weights:  62%|██████▏   | 451/723 [00:18<00:11, 23.16it/s]
Loading weights:  63%|██████▎   | 455/723 [00:18<00:10, 25.05it/s]
Loading weights:  64%|██████▎   | 460/723 [00:18<00:10, 24.85it/s]
Loading weights:  64%|██████▍   | 463/723 [00:18<00:11, 22.03it/s]
Loading weights:  65%|██████▍   | 469/723 [00:19<00:12, 20.40it/s]
Loading weights:  65%|██████▌   | 473/723 [00:19<00:11, 22.16it/s]
Loading weights:  66%|██████▌   | 476/723 [00:19<00:12, 20.17it/s]
Loading weights:  67%|██████▋   | 488/723 [00:19<00:08, 29.16it/s]
Loading weights:  68%|██████▊   | 491/723 [00:20<00:09, 23.89it/s]
Loading weights:  68%|██████▊   | 494/723 [00:20<00:10, 20.94it/s]
Loading weights:  69%|██████▉   | 500/723 [00:20<00:08, 25.67it/s]
Loading weights:  70%|██████▉   | 504/723 [00:20<00:10, 21.41it/s]
Loading weights:  71%|███████   | 510/723 [00:20<00:07, 26.67it/s]
Loading weights:  71%|███████   | 514/723 [00:21<00:09, 22.00it/s]
Loading weights:  72%|███████▏  | 517/723 [00:21<00:10, 20.39it/s]
Loading weights:  72%|███████▏  | 524/723 [00:21<00:08, 24.83it/s]
Loading weights:  73%|███████▎  | 527/723 [00:21<00:08, 24.02it/s]
Loading weights:  73%|███████▎  | 530/723 [00:21<00:09, 21.00it/s]
Loading weights:  74%|███████▎  | 533/723 [00:21<00:08, 21.19it/s]
Loading weights:  74%|███████▍  | 538/723 [00:22<00:07, 26.13it/s]
Loading weights:  75%|███████▍  | 542/723 [00:22<00:09, 19.59it/s]
Loading weights:  76%|███████▌  | 548/723 [00:22<00:09, 17.97it/s]
Loading weights:  77%|███████▋  | 555/723 [00:23<00:09, 18.55it/s]
Loading weights:  77%|███████▋  | 558/723 [00:23<00:08, 19.23it/s]
Loading weights:  79%|███████▉  | 570/723 [00:23<00:04, 34.05it/s]
Loading weights:  80%|███████▉  | 575/723 [00:23<00:05, 28.35it/s]
Loading weights:  80%|████████  | 579/723 [00:24<00:07, 20.16it/s]
Loading weights:  81%|████████  | 584/723 [00:24<00:06, 21.61it/s]
Loading weights:  82%|████████▏ | 594/723 [00:24<00:04, 28.72it/s]
Loading weights:  83%|████████▎ | 598/723 [00:24<00:04, 25.80it/s]
Loading weights:  83%|████████▎ | 602/723 [00:24<00:04, 27.00it/s]
Loading weights:  84%|████████▍ | 606/723 [00:24<00:04, 25.49it/s]
Loading weights:  85%|████████▍ | 614/723 [00:25<00:04, 26.68it/s]
Loading weights:  85%|████████▌ | 618/723 [00:25<00:04, 22.96it/s]
Loading weights:  86%|████████▌ | 621/723 [00:25<00:04, 22.92it/s]
Loading weights:  86%|████████▋ | 625/723 [00:25<00:03, 24.80it/s]
Loading weights:  87%|████████▋ | 628/723 [00:25<00:04, 19.16it/s]
Loading weights:  88%|████████▊ | 633/723 [00:26<00:04, 20.75it/s]
Loading weights:  88%|████████▊ | 637/723 [00:26<00:03, 23.79it/s]
Loading weights:  89%|████████▊ | 640/723 [00:26<00:04, 18.57it/s]
Loading weights:  89%|████████▉ | 643/723 [00:26<00:04, 16.35it/s]
Loading weights:  90%|█████████ | 653/723 [00:27<00:02, 26.60it/s]
Loading weights:  91%|█████████ | 657/723 [00:27<00:02, 26.80it/s]
Loading weights:  91%|█████████▏| 660/723 [00:27<00:02, 27.26it/s]
Loading weights:  92%|█████████▏| 664/723 [00:27<00:02, 27.93it/s]
Loading weights:  92%|█████████▏| 667/723 [00:27<00:02, 21.94it/s]
Loading weights:  93%|█████████▎| 670/723 [00:27<00:02, 22.54it/s]
Loading weights:  93%|█████████▎| 675/723 [00:27<00:01, 27.32it/s]
Loading weights:  94%|█████████▍| 678/723 [00:28<00:01, 25.86it/s]
Loading weights:  94%|█████████▍| 681/723 [00:28<00:01, 24.51it/s]
Loading weights:  95%|█████████▍| 684/723 [00:28<00:01, 23.27it/s]
Loading weights:  95%|█████████▌| 687/723 [00:28<00:01, 18.81it/s]
Loading weights:  96%|█████████▌| 694/723 [00:28<00:01, 23.94it/s]
Loading weights:  97%|█████████▋| 698/723 [00:28<00:01, 22.79it/s]
Loading weights:  97%|█████████▋| 701/723 [00:29<00:01, 20.18it/s]
Loading weights:  98%|█████████▊| 705/723 [00:29<00:00, 21.10it/s]
Loading weights:  98%|█████████▊| 712/723 [00:29<00:00, 23.51it/s]
Loading weights:  99%|█████████▉| 715/723 [00:29<00:00, 23.83it/s]
Loading weights: 100%|██████████| 723/723 [00:29<00:00, 24.36it/s]

Building layers:   0%|          | 0/80 [00:00<?, ?it/s]
Building layers:  82%|████████▎ | 66/80 [00:00<00:00, 659.25it/s]
Building layers: 100%|██████████| 80/80 [00:00<00:00, 276.12it/s]
----------------------------- Captured stdout call -----------------------------
2026-09-02 20:54:55.242 | warning  |              Op | matmul_multi_core_reuse_mcast_1d_optimized_helper: program_config.allowed_worker_cores not populated; auto-populating from compute_with_storage_grid_size. Callers that bypass ttnn::prim::matmul() (e.g. CCL fused ops) should invoke ttnn::operations::matmul::normalize_program_config() on the program config first. This will become a hard error in a future release. (matmul_multicore_reuse_mcast_1d_program_factory.cpp:5637)
2026-09-02 20:54:55.243 | warning  |              Op | matmul_multi_core_reuse_mcast_1d_optimized_helper: program_config.allowed_worker_cores not populated; auto-populating from compute_with_storage_grid_size. Callers that bypass ttnn::prim::matmul() (e.g. CCL fused ops) should invoke ttnn::operations::matmul::normalize_program_config() on the program config first. This will become a hard error in a future release. (matmul_multicore_reuse_mcast_1d_program_factory.cpp:5637)
2026-09-02 20:54:55.243 | warning  |              Op | matmul_multi_core_reuse_mcast_1d_optimized_helper: program_config.allowed_worker_cores not populated; auto-populating from compute_with_storage_grid_size. Callers that bypass ttnn::prim::matmul() (e.g. CCL fused ops) should invoke ttnn::operations::matmul::normalize_program_config() on the program config first. This will become a hard error in a future release. (matmul_multicore_reuse_mcast_1d_program_factory.cpp:5637)
2026-09-02 20:54:55.244 | warning  |              Op | matmul_multi_core_reuse_mcast_1d_optimized_helper: program_config.allowed_worker_cores not populated; auto-populating from compute_with_storage_grid_size. Callers that bypass ttnn::prim::matmul() (e.g. CCL fused ops) should invoke ttnn::operations::matmul::normalize_program_config() on the program config first. This will become a hard error in a future release. (matmul_multicore_reuse_mcast_1d_program_factory.cpp:5637)
2026-09-02 20:54:55.244 | warning  |              Op | matmul_multi_core_reuse_mcast_1d_optimized_helper: program_config.allowed_worker_cores not populated; auto-populating from compute_with_storage_grid_size. Callers that bypass ttnn::prim::matmul() (e.g. CCL fused ops) should invoke ttnn::operations::matmul::normalize_program_config() on the program config first. This will become a hard error in a future release. (matmul_multicore_reuse_mcast_1d_program_factory.cpp:5637)
2026-09-02 20:54:55.245 | warning  |              Op | matmul_multi_core_reuse_mcast_1d_optimized_helper: program_config.allowed_worker_cores not populated; auto-populating from compute_with_storage_grid_size. Callers that bypass ttnn::prim::matmul() (e.g. CCL fused ops) should invoke ttnn::operations::matmul::normalize_program_config() on the program config first. This will become a hard error in a future release. (matmul_multicore_reuse_mcast_1d_program_factory.cpp:5637)
2026-09-02 20:54:55.245 | warning  |              Op | matmul_multi_core_reuse_mcast_1d_optimized_helper: program_config.allowed_worker_cores not populated; auto-populating from compute_with_storage_grid_size. Callers that bypass ttnn::prim::matmul() (e.g. CCL fused ops) should invoke ttnn::operations::matmul::normalize_program_config() on the program config first. This will become a hard error in a future release. (matmul_multicore_reuse_mcast_1d_program_factory.cpp:5637)
2026-09-02 20:54:55.245 | warning  |              Op | matmul_multi_core_reuse_mcast_1d_optimized_helper: program_config.allowed_worker_cores not populated; auto-populating from compute_with_storage_grid_size. Callers that bypass ttnn::prim::matmul() (e.g. CCL fused ops) should invoke ttnn::operations::matmul::normalize_program_config() on the program config first. This will become a hard error in a future release. (matmul_multicore_reuse_mcast_1d_program_factory.cpp:5637)
2026-09-02 20:54:57.890 | warning  |              Op | On Wormhole with fp32 accumulation, output accuracy can be worse with HiFi4 than HiFi3 due to a hardware bug. Prefer using HiFi3 with fp32 accumulation on Wormhole. (compute_kernel_config.cpp:66)
2026-09-02 20:54:57.906 | warning  |              Op | Tensors that are distributed across mesh device unevenly negatively affect Op dispatch performance. (device_operation.hpp:308)
2026-09-02 20:54:57.911 | warning  |              Op | Tensors that are distributed across mesh device unevenly negatively affect Op dispatch performance. (device_operation.hpp:308)
2026-09-02 20:54:57.915 | warning  |              Op | Tensors that are distributed across mesh device unevenly negatively affect Op dispatch performance. (device_operation.hpp:308)
2026-09-02 20:54:57.917 | warning  |              Op | Tensors that are distributed across mesh device unevenly negatively affect Op dispatch performance. (device_operation.hpp:308)
2026-09-02 20:54:57.922 | warning  |              Op | Tensors that are distributed across mesh device unevenly negatively affect Op dispatch performance. (device_operation.hpp:308)
2026-09-02 20:54:57.923 | warning  |              Op | Tensors that are distributed across mesh device unevenly negatively affect Op dispatch performance. (device_operation.hpp:308)
2026-09-02 20:54:57.925 | warning  |              Op | Tensors that are distributed across mesh device unevenly negatively affect Op dispatch performance. (device_operation.hpp:308)
2026-09-02 20:54:57.926 | warning  |              Op | Tensors that are distributed across mesh device unevenly negatively affect Op dispatch performance. (device_operation.hpp:308)
2026-09-02 20:54:57.928 | warning  |              Op | Tensors that are distributed across mesh device unevenly negatively affect Op dispatch performance. (device_operation.hpp:308)
2026-09-02 20:54:57.929 | warning  |              Op | Tensors that are distributed across mesh device unevenly negatively affect Op dispatch performance. (device_operation.hpp:308)
2026-09-02 20:54:57.929 | warning  |              Op | Tensors that are distributed across mesh device unevenly negatively affect Op dispatch performance. (device_operation.hpp:308)
2026-09-02 20:54:57.930 | warning  |              Op | Tensors that are distributed across mesh device unevenly negatively affect Op dispatch performance. (device_operation.hpp:308)
2026-09-02 20:54:57.930 | warning  |              Op | Tensors that are distributed across mesh device unevenly negatively affect Op dispatch performance. (device_operation.hpp:308)
2026-09-02 20:54:57.931 | warning  |              Op | Tensors that are distributed across mesh device unevenly negatively affect Op dispatch performance. (device_operation.hpp:308)
2026-09-02 20:54:57.932 | warning  |              Op | Tensors that are distributed across mesh device unevenly negatively affect Op dispatch performance. (device_operation.hpp:308)
2026-09-02 20:54:57.932 | warning  |              Op | Tensors that are distributed across mesh device unevenly negatively affect Op dispatch performance. (device_operation.hpp:308)
2026-09-02 20:55:02.986 | warning  |              Op | Tensors that are distributed across mesh device unevenly negatively affect Op dispatch performance. (device_operation.hpp:308)
2026-09-02 20:55:02.992 | warning  |              Op | Tensors that are distributed across mesh device unevenly negatively affect Op dispatch performance. (device_operation.hpp:308)
2026-09-02 20:55:02.992 | warning  |              Op | Tensors that are distributed across mesh device unevenly negatively affect Op dispatch performance. (device_operation.hpp:308)
2026-09-02 20:55:02.993 | warning  |              Op | Tensors that are distributed across mesh device unevenly negatively affect Op dispatch performance. (device_operation.hpp:308)
2026-09-02 20:55:02.993 | warning  |              Op | Tensors that are distributed across mesh device unevenly negatively affect Op dispatch performance. (device_operation.hpp:308)
2026-09-02 20:55:02.994 | warning  |              Op | Tensors that are distributed across mesh device unevenly negatively affect Op dispatch performance. (device_operation.hpp:308)
2026-09-02 20:55:02.994 | warning  |              Op | Tensors that are distributed across mesh device unevenly negatively affect Op dispatch performance. (device_operation.hpp:308)
2026-09-02 20:55:02.995 | warning  |              Op | Tensors that are distributed across mesh device unevenly negatively affect Op dispatch performance. (device_operation.hpp:308)
2026-09-02 20:55:05.199 | warning  |              Op | The following ttnn.all_gather args are deprecated and will be removed in September-2026: num_links, topology, chunks_per_sync, num_workers_per_link, num_buffers_per_channel, use_l1_small_for_semaphores. (all_gather.cpp:148)
2026-09-02 20:55:05.199 | warning  |              Op | Allocating semaphores in L1, which may fragment L1 and reduce headroom for subsequent op allocations. Configure an L1_SMALL region to mitigate this. (all_gather_multicast_factory.cpp:42)
2026-09-02 20:55:05.200 | warning  |              Op | Fabric packet size 4352 B is suboptimal for transporting 2048 B pages. Configure 6144 B packet size to maximize throughput. (ccl_common.cpp:70)
2026-09-02 20:55:05.200 | warning  |              Op | Fabric packet size 4352 B is suboptimal for transporting 2048 B pages. Configure 6144 B packet size to maximize throughput. (ccl_common.cpp:70)
2026-09-02 20:55:05.200 | warning  |              Op | Fabric packet size 4352 B is suboptimal for transporting 2048 B pages. Configure 6144 B packet size to maximize throughput. (ccl_common.cpp:70)
2026-09-02 20:55:05.200 | warning  |              Op | Fabric packet size 4352 B is suboptimal for transporting 2048 B pages. Configure 6144 B packet size to maximize throughput. (ccl_common.cpp:70)
2026-09-02 20:55:05.200 | warning  |              Op | Fabric packet size 4352 B is suboptimal for transporting 2048 B pages. Configure 6144 B packet size to maximize throughput. (ccl_common.cpp:70)
2026-09-02 20:55:05.200 | warning  |              Op | Fabric packet size 4352 B is suboptimal for transporting 2048 B pages. Configure 6144 B packet size to maximize throughput. (ccl_common.cpp:70)
2026-09-02 20:55:05.200 | warning  |              Op | Fabric packet size 4352 B is suboptimal for transporting 2048 B pages. Configure 6144 B packet size to maximize throughput. (ccl_common.cpp:70)
2026-09-02 20:55:05.200 | warning  |              Op | Fabric packet size 4352 B is suboptimal for transporting 2048 B pages. Configure 6144 B packet size to maximize throughput. (ccl_common.cpp:70)
2026-09-02 20:55:05.203 | warning  |              Op | The following ttnn.all_gather args are deprecated and will be removed in September-2026: num_links, topology, chunks_per_sync, num_workers_per_link, num_buffers_per_channel, use_l1_small_for_semaphores. (all_gather.cpp:148)
2026-09-02 20:55:05.203 | warning  |              Op | Allocating semaphores in L1, which may fragment L1 and reduce headroom for subsequent op allocations. Configure an L1_SMALL region to mitigate this. (all_gather_multicast_factory.cpp:42)
2026-09-02 20:55:05.205 | warning  |              Op | Fabric packet size 4352 B is suboptimal for transporting 2048 B pages. Configure 6144 B packet size to maximize throughput. (ccl_common.cpp:70)
2026-09-02 20:55:05.205 | warning  |              Op | Fabric packet size 4352 B is suboptimal for transporting 2048 B pages. Configure 6144 B packet size to maximize throughput. (ccl_common.cpp:70)
2026-09-02 20:55:05.205 | warning  |              Op | Fabric packet size 4352 B is suboptimal for transporting 2048 B pages. Configure 6144 B packet size to maximize throughput. (ccl_common.cpp:70)
2026-09-02 20:55:05.205 | warning  |              Op | Fabric packet size 4352 B is suboptimal for transporting 2048 B pages. Configure 6144 B packet size to maximize throughput. (ccl_common.cpp:70)
2026-09-02 20:55:05.205 | warning  |              Op | Fabric packet size 4352 B is suboptimal for transporting 2048 B pages. Configure 6144 B packet size to maximize throughput. (ccl_common.cpp:70)
2026-09-02 20:55:05.205 | warning  |              Op | Fabric packet size 4352 B is suboptimal for transporting 2048 B pages. Configure 6144 B packet size to maximize throughput. (ccl_common.cpp:70)
2026-09-02 20:55:05.205 | warning  |              Op | Fabric packet size 4352 B is suboptimal for transporting 2048 B pages. Configure 6144 B packet size to maximize throughput. (ccl_common.cpp:70)
2026-09-02 20:55:05.205 | warning  |              Op | Fabric packet size 4352 B is suboptimal for transporting 2048 B pages. Configure 6144 B packet size to maximize throughput. (ccl_common.cpp:70)
2026-09-02 20:55:05.668 | warning  |              Op | The following ttnn.all_gather args are deprecated and will be removed in September-2026: num_links, topology, chunks_per_sync, num_workers_per_link, num_buffers_per_channel, use_l1_small_for_semaphores. (all_gather.cpp:148)
2026-09-02 20:55:05.668 | warning  |              Op | Allocating semaphores in L1, which may fragment L1 and reduce headroom for subsequent op allocations. Configure an L1_SMALL region to mitigate this. (all_gather_multicast_factory.cpp:42)
2026-09-02 20:55:05.669 | warning  |              Op | Fabric packet size 4352 B is suboptimal for transporting 2048 B pages. Configure 6144 B packet size to maximize throughput. (ccl_common.cpp:70)
2026-09-02 20:55:05.669 | warning  |              Op | Fabric packet size 4352 B is suboptimal for transporting 2048 B pages. Configure 6144 B packet size to maximize throughput. (ccl_common.cpp:70)
2026-09-02 20:55:05.669 | warning  |              Op | Fabric packet size 4352 B is suboptimal for transporting 2048 B pages. Configure 6144 B packet size to maximize throughput. (ccl_common.cpp:70)
2026-09-02 20:55:05.669 | warning  |              Op | Fabric packet size 4352 B is suboptimal for transporting 2048 B pages. Configure 6144 B packet size to maximize throughput. (ccl_common.cpp:70)
2026-09-02 20:55:05.669 | warning  |              Op | Fabric packet size 4352 B is suboptimal for transporting 2048 B pages. Configure 6144 B packet size to maximize throughput. (ccl_common.cpp:70)
2026-09-02 20:55:05.669 | warning  |              Op | Fabric packet size 4352 B is suboptimal for transporting 2048 B pages. Configure 6144 B packet size to maximize throughput. (ccl_common.cpp:70)
2026-09-02 20:55:05.669 | warning  |              Op | Fabric packet size 4352 B is suboptimal for transporting 2048 B pages. Configure 6144 B packet size to maximize throughput. (ccl_common.cpp:70)
2026-09-02 20:55:05.669 | warning  |              Op | Fabric packet size 4352 B is suboptimal for transporting 2048 B pages. Configure 6144 B packet size to maximize throughput. (ccl_common.cpp:70)
2026-09-02 20:55:05.671 | warning  |              Op | The following ttnn.all_gather args are deprecated and will be removed in September-2026: num_links, topology, chunks_per_sync, num_workers_per_link, num_buffers_per_channel, use_l1_small_for_semaphores. (all_gather.cpp:148)
2026-09-02 20:55:05.671 | warning  |              Op | Allocating semaphores in L1, which may fragment L1 and reduce headroom for subsequent op allocations. Configure an L1_SMALL region to mitigate this. (all_gather_multicast_factory.cpp:42)
2026-09-02 20:55:05.672 | warning  |              Op | Fabric packet size 4352 B is suboptimal for transporting 2048 B pages. Configure 6144 B packet size to maximize throughput. (ccl_common.cpp:70)
2026-09-02 20:55:05.672 | warning  |              Op | Fabric packet size 4352 B is suboptimal for transporting 2048 B pages. Configure 6144 B packet size to maximize throughput. (ccl_common.cpp:70)
2026-09-02 20:55:05.672 | warning  |              Op | Fabric packet size 4352 B is suboptimal for transporting 2048 B pages. Configure 6144 B packet size to maximize throughput. (ccl_common.cpp:70)
2026-09-02 20:55:05.672 | warning  |              Op | Fabric packet size 4352 B is suboptimal for transporting 2048 B pages. Configure 6144 B packet size to maximize throughput. (ccl_common.cpp:70)
2026-09-02 20:55:05.672 | warning  |              Op | Fabric packet size 4352 B is suboptimal for transporting 2048 B pages. Configure 6144 B packet size to maximize throughput. (ccl_common.cpp:70)
2026-09-02 20:55:05.672 | warning  |              Op | Fabric packet size 4352 B is suboptimal for transporting 2048 B pages. Configure 6144 B packet size to maximize throughput. (ccl_common.cpp:70)
2026-09-02 20:55:05.672 | warning  |              Op | Fabric packet size 4352 B is suboptimal for transporting 2048 B pages. Configure 6144 B packet size to maximize throughput. (ccl_common.cpp:70)
2026-09-02 20:55:05.672 | warning  |              Op | Fabric packet size 4352 B is suboptimal for transporting 2048 B pages. Configure 6144 B packet size to maximize throughput. (ccl_common.cpp:70)
2026-09-02 20:55:06.260 | warning  |              Op | The following ttnn.all_gather args are deprecated and will be removed in September-2026: num_links, topology, chunks_per_sync, num_workers_per_link, num_buffers_per_channel, use_l1_small_for_semaphores. (all_gather.cpp:148)
2026-09-02 20:55:06.260 | warning  |              Op | The following ttnn.all_gather args are deprecated and will be removed in September-2026: num_links, topology, chunks_per_sync, num_workers_per_link, num_buffers_per_channel, use_l1_small_for_semaphores. (all_gather.cpp:148)
2026-09-02 20:55:07.053 | warning  |              Op | The following ttnn.all_gather args are deprecated and will be removed in September-2026: num_links, topology, chunks_per_sync, num_workers_per_link, num_buffers_per_channel, use_l1_small_for_semaphores. (all_gather.cpp:148)
2026-09-02 20:55:07.053 | warning  |              Op | The following ttnn.all_gather args are deprecated and will be removed in September-2026: num_links, topology, chunks_per_sync, num_workers_per_link, num_buffers_per_channel, use_l1_small_for_semaphores. (all_gather.cpp:148)
2026-09-02 20:55:08.358 | warning  |              Op | The following ttnn.all_gather args are deprecated and will be removed in September-2026: num_links, topology, chunks_per_sync, num_workers_per_link, num_buffers_per_channel, use_l1_small_for_semaphores. (all_gather.cpp:148)
2026-09-02 20:55:08.358 | warning  |              Op | The following ttnn.all_gather args are deprecated and will be removed in September-2026: num_links, topology, chunks_per_sync, num_workers_per_link, num_buffers_per_channel, use_l1_small_for_semaphores. (all_gather.cpp:148)
2026-09-02 20:55:10.713 | warning  |              Op | The following ttnn.all_gather args are deprecated and will be removed in September-2026: num_links, topology, chunks_per_sync, num_workers_per_link, num_buffers_per_channel, use_l1_small_for_semaphores. (all_gather.cpp:148)
2026-09-02 20:55:10.713 | warning  |              Op | The following ttnn.all_gather args are deprecated and will be removed in September-2026: num_links, topology, chunks_per_sync, num_workers_per_link, num_buffers_per_channel, use_l1_small_for_semaphores. (all_gather.cpp:148)
2026-09-02 20:55:11.193 | warning  |              Op | The following ttnn.all_gather args are deprecated and will be removed in September-2026: num_links, topology, chunks_per_sync, num_workers_per_link, num_buffers_per_channel, use_l1_small_for_semaphores. (all_gather.cpp:148)
2026-09-02 20:55:11.193 | warning  |              Op | The following ttnn.all_gather args are deprecated and will be removed in September-2026: num_links, topology, chunks_per_sync, num_workers_per_link, num_buffers_per_channel, use_l1_small_for_semaphores. (all_gather.cpp:148)
2026-09-02 20:55:13.565 | warning  |              Op | The following ttnn.all_gather args are deprecated and will be removed in September-2026: num_links, topology, chunks_per_sync, num_workers_per_link, num_buffers_per_channel, use_l1_small_for_semaphores. (all_gather.cpp:148)
2026-09-02 20:55:13.566 | warning  |              Op | The following ttnn.all_gather args are deprecated and will be removed in September-2026: num_links, topology, chunks_per_sync, num_workers_per_link, num_buffers_per_channel, use_l1_small_for_semaphores. (all_gather.cpp:148)
2026-09-02 20:55:16.154 | warning  |              Op | The following ttnn.all_gather args are deprecated and will be removed in September-2026: num_links, topology, chunks_per_sync, num_workers_per_link, num_buffers_per_channel, use_l1_small_for_semaphores. (all_gather.cpp:148)
2026-09-02 20:55:16.154 | warning  |              Op | The following ttnn.all_gather args are deprecated and will be removed in September-2026: num_links, topology, chunks_per_sync, num_workers_per_link, num_buffers_per_channel, use_l1_small_for_semaphores. (all_gather.cpp:148)
2026-09-02 20:55:16.433 | warning  |              Op | The following ttnn.all_gather args are deprecated and will be removed in September-2026: num_links, topology, chunks_per_sync, num_workers_per_link, num_buffers_per_channel, use_l1_small_for_semaphores. (all_gather.cpp:148)
2026-09-02 20:55:16.434 | warning  |              Op | The following ttnn.all_gather args are deprecated and will be removed in September-2026: num_links, topology, chunks_per_sync, num_workers_per_link, num_buffers_per_channel, use_l1_small_for_semaphores. (all_gather.cpp:148)
2026-09-02 20:55:16.642 | warning  |              Op | The following ttnn.all_gather args are deprecated and will be removed in September-2026: num_links, topology, chunks_per_sync, num_workers_per_link, num_buffers_per_channel, use_l1_small_for_semaphores. (all_gather.cpp:148)
2026-09-02 20:55:16.643 | warning  |              Op | The following ttnn.all_gather args are deprecated and will be removed in September-2026: num_links, topology, chunks_per_sync, num_workers_per_link, num_buffers_per_channel, use_l1_small_for_semaphores. (all_gather.cpp:148)
2026-09-02 20:55:16.855 | warning  |              Op | The following ttnn.all_gather args are deprecated and will be removed in September-2026: num_links, topology, chunks_per_sync, num_workers_per_link, num_buffers_per_channel, use_l1_small_for_semaphores. (all_gather.cpp:148)
2026-09-02 20:55:16.855 | warning  |              Op | The following ttnn.all_gather args are deprecated and will be removed in September-2026: num_links, topology, chunks_per_sync, num_workers_per_link, num_buffers_per_channel, use_l1_small_for_semaphores. (all_gather.cpp:148)
2026-09-02 20:55:17.385 | warning  |              Op | The following ttnn.all_gather args are deprecated and will be removed in September-2026: num_links, topology, chunks_per_sync, num_workers_per_link, num_buffers_per_channel, use_l1_small_for_semaphores. (all_gather.cpp:148)
2026-09-02 20:55:17.385 | warning  |              Op | The following ttnn.all_gather args are deprecated and will be removed in September-2026: num_links, topology, chunks_per_sync, num_workers_per_link, num_buffers_per_channel, use_l1_small_for_semaphores. (all_gather.cpp:148)
2026-09-02 20:55:24.274 | warning  |           Metal | Allocating device buffers is unsafe due to the existence of an active trace. These buffers may be corrupted once a trace is executed. (allocator.cpp:123)
----------------------------- Captured stderr call -----------------------------
2026-09-02 20:54:46.080 | DEBUG    | core:as_tensor:724 - Loaded cache for /localdev/gwang/tt_transformers/model_cache/llama33_70b/T3K/empty_kcache_paged_attention(2048, 1, 32, 128)_dtype_BFLOAT8_B_layout_TILE.tensorbin of shape Shape([2048, 1, 32, 128])
2026-09-02 20:54:46.084 | DEBUG    | core:as_tensor:724 - Loaded cache for /localdev/gwang/tt_transformers/model_cache/llama33_70b/T3K/empty_vcache_paged_attention(2048, 1, 32, 128)_dtype_BFLOAT8_B_layout_TILE.tensorbin of shape Shape([2048, 1, 32, 128])
2026-09-02 20:54:46.087 | DEBUG    | core:as_tensor:724 - Loaded cache for /localdev/gwang/tt_transformers/model_cache/llama33_70b/T3K/empty_kcache_paged_attention(2048, 1, 32, 128)_dtype_BFLOAT8_B_layout_TILE.tensorbin of shape Shape([2048, 1, 32, 128])
2026-09-02 20:54:46.090 | DEBUG    | core:as_tensor:724 - Loaded cache for /localdev/gwang/tt_transformers/model_cache/llama33_70b/T3K/empty_vcache_paged_attention(2048, 1, 32, 128)_dtype_BFLOAT8_B_layout_TILE.tensorbin of shape Shape([2048, 1, 32, 128])
2026-09-02 20:54:46.093 | DEBUG    | core:as_tensor:724 - Loaded cache for /localdev/gwang/tt_transformers/model_cache/llama33_70b/T3K/empty_kcache_paged_attention(2048, 1, 32, 128)_dtype_BFLOAT8_B_layout_TILE.tensorbin of shape Shape([2048, 1, 32, 128])
2026-09-02 20:54:46.096 | DEBUG    | core:as_tensor:724 - Loaded cache for /localdev/gwang/tt_transformers/model_cache/llama33_70b/T3K/empty_vcache_paged_attention(2048, 1, 32, 128)_dtype_BFLOAT8_B_layout_TILE.tensorbin of shape Shape([2048, 1, 32, 128])
2026-09-02 20:54:46.099 | DEBUG    | core:as_tensor:724 - Loaded cache for /localdev/gwang/tt_transformers/model_cache/llama33_70b/T3K/empty_kcache_paged_attention(2048, 1, 32, 128)_dtype_BFLOAT8_B_layout_TILE.tensorbin of shape Shape([2048, 1, 32, 128])
2026-09-02 20:54:46.101 | DEBUG    | core:as_tensor:724 - Loaded cache for /localdev/gwang/tt_transformers/model_cache/llama33_70b/T3K/empty_vcache_paged_attention(2048, 1, 32, 128)_dtype_BFLOAT8_B_layout_TILE.tensorbin of shape Shape([2048, 1, 32, 128])
2026-09-02 20:54:46.104 | DEBUG    | core:as_tensor:724 - Loaded cache for /localdev/gwang/tt_transformers/model_cache/llama33_70b/T3K/empty_kcache_paged_attention(2048, 1, 32, 128)_dtype_BFLOAT8_B_layout_TILE.tensorbin of shape Shape([2048, 1, 32, 128])
2026-09-02 20:54:46.107 | DEBUG    | core:as_tensor:724 - Loaded cache for /localdev/gwang/tt_transformers/model_cache/llama33_70b/T3K/empty_vcache_paged_attention(2048, 1, 32, 128)_dtype_BFLOAT8_B_layout_TILE.tensorbin of shape Shape([2048, 1, 32, 128])
2026-09-02 20:54:46.110 | DEBUG    | core:as_tensor:724 - Loaded cache for /localdev/gwang/tt_transformers/model_cache/llama33_70b/T3K/empty_kcache_paged_attention(2048, 1, 32, 128)_dtype_BFLOAT8_B_layout_TILE.tensorbin of shape Shape([2048, 1, 32, 128])
2026-09-02 20:54:46.113 | DEBUG    | core:as_tensor:724 - Loaded cache for /localdev/gwang/tt_transformers/model_cache/llama33_70b/T3K/empty_vcache_paged_attention(2048, 1, 32, 128)_dtype_BFLOAT8_B_layout_TILE.tensorbin of shape Shape([2048, 1, 32, 128])
2026-09-02 20:54:46.116 | DEBUG    | core:as_tensor:724 - Loaded cache for /localdev/gwang/tt_transformers/model_cache/llama33_70b/T3K/empty_kcache_paged_attention(2048, 1, 32, 128)_dtype_BFLOAT8_B_layout_TILE.tensorbin of shape Shape([2048, 1, 32, 128])
2026-09-02 20:54:46.119 | DEBUG    | core:as_tensor:724 - Loaded cache for /localdev/gwang/tt_transformers/model_cache/llama33_70b/T3K/empty_vcache_paged_attention(2048, 1, 32, 128)_dtype_BFLOAT8_B_layout_TILE.tensorbin of shape Shape([2048, 1, 32, 128])
2026-09-02 20:54:46.122 | DEBUG    | core:as_tensor:724 - Loaded cache for /localdev/gwang/tt_transformers/model_cache/llama33_70b/T3K/empty_kcache_paged_attention(2048, 1, 32, 128)_dtype_BFLOAT8_B_layout_TILE.tensorbin of shape Shape([2048, 1, 32, 128])
2026-09-02 20:54:46.125 | DEBUG    | core:as_tensor:724 - Loaded cache for /localdev/gwang/tt_transformers/model_cache/llama33_70b/T3K/empty_vcache_paged_attention(2048, 1, 32, 128)_dtype_BFLOAT8_B_layout_TILE.tensorbin of shape Shape([2048, 1, 32, 128])
2026-09-02 20:54:46.128 | DEBUG    | core:as_tensor:724 - Loaded cache for /localdev/gwang/tt_transformers/model_cache/llama33_70b/T3K/empty_kcache_paged_attention(2048, 1, 32, 128)_dtype_BFLOAT8_B_layout_TILE.tensorbin of shape Shape([2048, 1, 32, 128])
2026-09-02 20:54:46.131 | DEBUG    | core:as_tensor:724 - Loaded cache for /localdev/gwang/tt_transformers/model_cache/llama33_70b/T3K/empty_vcache_paged_attention(2048, 1, 32, 128)_dtype_BFLOAT8_B_layout_TILE.tensorbin of shape Shape([2048, 1, 32, 128])
2026-09-02 20:54:46.134 | DEBUG    | core:as_tensor:724 - Loaded cache for /localdev/gwang/tt_transformers/model_cache/llama33_70b/T3K/empty_kcache_paged_attention(2048, 1, 32, 128)_dtype_BFLOAT8_B_layout_TILE.tensorbin of shape Shape([2048, 1, 32, 128])
2026-09-02 20:54:46.136 | DEBUG    | core:as_tensor:724 - Loaded cache for /localdev/gwang/tt_transformers/model_cache/llama33_70b/T3K/empty_vcache_paged_attention(2048, 1, 32, 128)_dtype_BFLOAT8_B_layout_TILE.tensorbin of shape Shape([2048, 1, 32, 128])
2026-09-02 20:54:46.140 | DEBUG    | core:as_tensor:724 - Loaded cache for /localdev/gwang/tt_transformers/model_cache/llama33_70b/T3K/empty_kcache_paged_attention(2048, 1, 32, 128)_dtype_BFLOAT8_B_layout_TILE.tensorbin of shape Shape([2048, 1, 32, 128])
2026-09-02 20:54:46.143 | DEBUG    | core:as_tensor:724 - Loaded cache for /localdev/gwang/tt_transformers/model_cache/llama33_70b/T3K/empty_vcache_paged_attention(2048, 1, 32, 128)_dtype_BFLOAT8_B_layout_TILE.tensorbin of shape Shape([2048, 1, 32, 128])
2026-09-02 20:54:46.146 | DEBUG    | core:as_tensor:724 - Loaded cache for /localdev/gwang/tt_transformers/model_cache/llama33_70b/T3K/empty_kcache_paged_attention(2048, 1, 32, 128)_dtype_BFLOAT8_B_layout_TILE.tensorbin of shape Shape([2048, 1, 32, 128])
2026-09-02 20:54:46.149 | DEBUG    | core:as_tensor:724 - Loaded cache for /localdev/gwang/tt_transformers/model_cache/llama33_70b/T3K/empty_vcache_paged_attention(2048, 1, 32, 128)_dtype_BFLOAT8_B_layout_TILE.tensorbin of shape Shape([2048, 1, 32, 128])
2026-09-02 20:54:46.152 | DEBUG    | core:as_tensor:724 - Loaded cache for /localdev/gwang/tt_transformers/model_cache/llama33_70b/T3K/empty_kcache_paged_attention(2048, 1, 32, 128)_dtype_BFLOAT8_B_layout_TILE.tensorbin of shape Shape([2048, 1, 32, 128])
2026-09-02 20:54:46.154 | DEBUG    | core:as_tensor:724 - Loaded cache for /localdev/gwang/tt_transformers/model_cache/llama33_70b/T3K/empty_vcache_paged_attention(2048, 1, 32, 128)_dtype_BFLOAT8_B_layout_TILE.tensorbin of shape Shape([2048, 1, 32, 128])
2026-09-02 20:54:46.157 | DEBUG    | core:as_tensor:724 - Loaded cache for /localdev/gwang/tt_transformers/model_cache/llama33_70b/T3K/empty_kcache_paged_attention(2048, 1, 32, 128)_dtype_BFLOAT8_B_layout_TILE.tensorbin of shape Shape([2048, 1, 32, 128])
2026-09-02 20:54:46.160 | DEBUG    | core:as_tensor:724 - Loaded cache for /localdev/gwang/tt_transformers/model_cache/llama33_70b/T3K/empty_vcache_paged_attention(2048, 1, 32, 128)_dtype_BFLOAT8_B_layout_TILE.tensorbin of shape Shape([2048, 1, 32, 128])
2026-09-02 20:54:46.163 | DEBUG    | core:as_tensor:724 - Loaded cache for /localdev/gwang/tt_transformers/model_cache/llama33_70b/T3K/empty_kcache_paged_attention(2048, 1, 32, 128)_dtype_BFLOAT8_B_layout_TILE.tensorbin of shape Shape([2048, 1, 32, 128])
2026-09-02 20:54:46.166 | DEBUG    | core:as_tensor:724 - Loaded cache for /localdev/gwang/tt_transformers/model_cache/llama33_70b/T3K/empty_vcache_paged_attention(2048, 1, 32, 128)_dtype_BFLOAT8_B_layout_TILE.tensorbin of shape Shape([2048, 1, 32, 128])
2026-09-02 20:54:46.169 | DEBUG    | core:as_tensor:724 - Loaded cache for /localdev/gwang/tt_transformers/model_cache/llama33_70b/T3K/empty_kcache_paged_attention(2048, 1, 32, 128)_dtype_BFLOAT8_B_layout_TILE.tensorbin of shape Shape([2048, 1, 32, 128])
2026-09-02 20:54:46.172 | DEBUG    | core:as_tensor:724 - Loaded cache for /localdev/gwang/tt_transformers/model_cache/llama33_70b/T3K/empty_vcache_paged_attention(2048, 1, 32, 128)_dtype_BFLOAT8_B_layout_TILE.tensorbin of shape Shape([2048, 1, 32, 128])
2026-09-02 20:54:46.175 | DEBUG    | core:as_tensor:724 - Loaded cache for /localdev/gwang/tt_transformers/model_cache/llama33_70b/T3K/empty_kcache_paged_attention(2048, 1, 32, 128)_dtype_BFLOAT8_B_layout_TILE.tensorbin of shape Shape([2048, 1, 32, 128])
2026-09-02 20:54:46.178 | DEBUG    | core:as_tensor:724 - Loaded cache for /localdev/gwang/tt_transformers/model_cache/llama33_70b/T3K/empty_vcache_paged_attention(2048, 1, 32, 128)_dtype_BFLOAT8_B_layout_TILE.tensorbin of shape Shape([2048, 1, 32, 128])
2026-09-02 20:54:46.181 | DEBUG    | core:as_tensor:724 - Loaded cache for /localdev/gwang/tt_transformers/model_cache/llama33_70b/T3K/empty_kcache_paged_attention(2048, 1, 32, 128)_dtype_BFLOAT8_B_layout_TILE.tensorbin of shape Shape([2048, 1, 32, 128])
2026-09-02 20:54:46.184 | DEBUG    | core:as_tensor:724 - Loaded cache for /localdev/gwang/tt_transformers/model_cache/llama33_70b/T3K/empty_vcache_paged_attention(2048, 1, 32, 128)_dtype_BFLOAT8_B_layout_TILE.tensorbin of shape Shape([2048, 1, 32, 128])
2026-09-02 20:54:46.187 | DEBUG    | core:as_tensor:724 - Loaded cache for /localdev/gwang/tt_transformers/model_cache/llama33_70b/T3K/empty_kcache_paged_attention(2048, 1, 32, 128)_dtype_BFLOAT8_B_layout_TILE.tensorbin of shape Shape([2048, 1, 32, 128])
2026-09-02 20:54:46.190 | DEBUG    | core:as_tensor:724 - Loaded cache for /localdev/gwang/tt_transformers/model_cache/llama33_70b/T3K/empty_vcache_paged_attention(2048, 1, 32, 128)_dtype_BFLOAT8_B_layout_TILE.tensorbin of shape Shape([2048, 1, 32, 128])
2026-09-02 20:54:46.193 | DEBUG    | core:as_tensor:724 - Loaded cache for /localdev/gwang/tt_transformers/model_cache/llama33_70b/T3K/empty_kcache_paged_attention(2048, 1, 32, 128)_dtype_BFLOAT8_B_layout_TILE.tensorbin of shape Shape([2048, 1, 32, 128])
2026-09-02 20:54:46.195 | DEBUG    | core:as_tensor:724 - Loaded cache for /localdev/gwang/tt_transformers/model_cache/llama33_70b/T3K/empty_vcache_paged_attention(2048, 1, 32, 128)_dtype_BFLOAT8_B_layout_TILE.tensorbin of shape Shape([2048, 1, 32, 128])
2026-09-02 20:54:46.198 | DEBUG    | core:as_tensor:724 - Loaded cache for /localdev/gwang/tt_transformers/model_cache/llama33_70b/T3K/empty_kcache_paged_attention(2048, 1, 32, 128)_dtype_BFLOAT8_B_layout_TILE.tensorbin of shape Shape([2048, 1, 32, 128])
2026-09-02 20:54:46.201 | DEBUG    | core:as_tensor:724 - Loaded cache for /localdev/gwang/tt_transformers/model_cache/llama33_70b/T3K/empty_vcache_paged_attention(2048, 1, 32, 128)_dtype_BFLOAT8_B_layout_TILE.tensorbin of shape Shape([2048, 1, 32, 128])
2026-09-02 20:54:46.204 | DEBUG    | core:as_tensor:724 - Loaded cache for /localdev/gwang/tt_transformers/model_cache/llama33_70b/T3K/empty_kcache_paged_attention(2048, 1, 32, 128)_dtype_BFLOAT8_B_layout_TILE.tensorbin of shape Shape([2048, 1, 32, 128])
2026-09-02 20:54:46.207 | DEBUG    | core:as_tensor:724 - Loaded cache for /localdev/gwang/tt_transformers/model_cache/llama33_70b/T3K/empty_vcache_paged_attention(2048, 1, 32, 128)_dtype_BFLOAT8_B_layout_TILE.tensorbin of shape Shape([2048, 1, 32, 128])
2026-09-02 20:54:46.210 | DEBUG    | core:as_tensor:724 - Loaded cache for /localdev/gwang/tt_transformers/model_cache/llama33_70b/T3K/empty_kcache_paged_attention(2048, 1, 32, 128)_dtype_BFLOAT8_B_layout_TILE.tensorbin of shape Shape([2048, 1, 32, 128])
2026-09-02 20:54:46.213 | DEBUG    | core:as_tensor:724 - Loaded cache for /localdev/gwang/tt_transformers/model_cache/llama33_70b/T3K/empty_vcache_paged_attention(2048, 1, 32, 128)_dtype_BFLOAT8_B_layout_TILE.tensorbin of shape Shape([2048, 1, 32, 128])
2026-09-02 20:54:46.216 | DEBUG    | core:as_tensor:724 - Loaded cache for /localdev/gwang/tt_transformers/model_cache/llama33_70b/T3K/empty_kcache_paged_attention(2048, 1, 32, 128)_dtype_BFLOAT8_B_layout_TILE.tensorbin of shape Shape([2048, 1, 32, 128])
2026-09-02 20:54:46.219 | DEBUG    | core:as_tensor:724 - Loaded cache for /localdev/gwang/tt_transformers/model_cache/llama33_70b/T3K/empty_vcache_paged_attention(2048, 1, 32, 128)_dtype_BFLOAT8_B_layout_TILE.tensorbin of shape Shape([2048, 1, 32, 128])
2026-09-02 20:54:46.221 | DEBUG    | core:as_tensor:724 - Loaded cache for /localdev/gwang/tt_transformers/model_cache/llama33_70b/T3K/empty_kcache_paged_attention(2048, 1, 32, 128)_dtype_BFLOAT8_B_layout_TILE.tensorbin of shape Shape([2048, 1, 32, 128])
2026-09-02 20:54:46.224 | DEBUG    | core:as_tensor:724 - Loaded cache for /localdev/gwang/tt_transformers/model_cache/llama33_70b/T3K/empty_vcache_paged_attention(2048, 1, 32, 128)_dtype_BFLOAT8_B_layout_TILE.tensorbin of shape Shape([2048, 1, 32, 128])
2026-09-02 20:54:46.227 | DEBUG    | core:as_tensor:724 - Loaded cache for /localdev/gwang/tt_transformers/model_cache/llama33_70b/T3K/empty_kcache_paged_attention(2048, 1, 32, 128)_dtype_BFLOAT8_B_layout_TILE.tensorbin of shape Shape([2048, 1, 32, 128])
2026-09-02 20:54:46.231 | DEBUG    | core:as_tensor:724 - Loaded cache for /localdev/gwang/tt_transformers/model_cache/llama33_70b/T3K/empty_vcache_paged_attention(2048, 1, 32, 128)_dtype_BFLOAT8_B_layout_TILE.tensorbin of shape Shape([2048, 1, 32, 128])
2026-09-02 20:54:46.234 | DEBUG    | core:as_tensor:724 - Loaded cache for /localdev/gwang/tt_transformers/model_cache/llama33_70b/T3K/empty_kcache_paged_attention(2048, 1, 32, 128)_dtype_BFLOAT8_B_layout_TILE.tensorbin of shape Shape([2048, 1, 32, 128])
2026-09-02 20:54:46.237 | DEBUG    | core:as_tensor:724 - Loaded cache for /localdev/gwang/tt_transformers/model_cache/llama33_70b/T3K/empty_vcache_paged_attention(2048, 1, 32, 128)_dtype_BFLOAT8_B_layout_TILE.tensorbin of shape Shape([2048, 1, 32, 128])
2026-09-02 20:54:46.240 | DEBUG    | core:as_tensor:724 - Loaded cache for /localdev/gwang/tt_transformers/model_cache/llama33_70b/T3K/empty_kcache_paged_attention(2048, 1, 32, 128)_dtype_BFLOAT8_B_layout_TILE.tensorbin of shape Shape([2048, 1, 32, 128])
2026-09-02 20:54:46.243 | DEBUG    | core:as_tensor:724 - Loaded cache for /localdev/gwang/tt_transformers/model_cache/llama33_70b/T3K/empty_vcache_paged_attention(2048, 1, 32, 128)_dtype_BFLOAT8_B_layout_TILE.tensorbin of shape Shape([2048, 1, 32, 128])
2026-09-02 20:54:46.245 | DEBUG    | core:as_tensor:724 - Loaded cache for /localdev/gwang/tt_transformers/model_cache/llama33_70b/T3K/empty_kcache_paged_attention(2048, 1, 32, 128)_dtype_BFLOAT8_B_layout_TILE.tensorbin of shape Shape([2048, 1, 32, 128])
2026-09-02 20:54:46.248 | DEBUG    | core:as_tensor:724 - Loaded cache for /localdev/gwang/tt_transformers/model_cache/llama33_70b/T3K/empty_vcache_paged_attention(2048, 1, 32, 128)_dtype_BFLOAT8_B_layout_TILE.tensorbin of shape Shape([2048, 1, 32, 128])
2026-09-02 20:54:46.251 | DEBUG    | core:as_tensor:724 - Loaded cache for /localdev/gwang/tt_transformers/model_cache/llama33_70b/T3K/empty_kcache_paged_attention(2048, 1, 32, 128)_dtype_BFLOAT8_B_layout_TILE.tensorbin of shape Shape([2048, 1, 32, 128])
2026-09-02 20:54:46.254 | DEBUG    | core:as_tensor:724 - Loaded cache for /localdev/gwang/tt_transformers/model_cache/llama33_70b/T3K/empty_vcache_paged_attention(2048, 1, 32, 128)_dtype_BFLOAT8_B_layout_TILE.tensorbin of shape Shape([2048, 1, 32, 128])
2026-09-02 20:54:46.257 | DEBUG    | core:as_tensor:724 - Loaded cache for /localdev/gwang/tt_transformers/model_cache/llama33_70b/T3K/empty_kcache_paged_attention(2048, 1, 32, 128)_dtype_BFLOAT8_B_layout_TILE.tensorbin of shape Shape([2048, 1, 32, 128])
2026-09-02 20:54:46.260 | DEBUG    | core:as_tensor:724 - Loaded cache for /localdev/gwang/tt_transformers/model_cache/llama33_70b/T3K/empty_vcache_paged_attention(2048, 1, 32, 128)_dtype_BFLOAT8_B_layout_TILE.tensorbin of shape Shape([2048, 1, 32, 128])
2026-09-02 20:54:46.263 | DEBUG    | core:as_tensor:724 - Loaded cache for /localdev/gwang/tt_transformers/model_cache/llama33_70b/T3K/empty_kcache_paged_attention(2048, 1, 32, 128)_dtype_BFLOAT8_B_layout_TILE.tensorbin of shape Shape([2048, 1, 32, 128])
2026-09-02 20:54:46.266 | DEBUG    | core:as_tensor:724 - Loaded cache for /localdev/gwang/tt_transformers/model_cache/llama33_70b/T3K/empty_vcache_paged_attention(2048, 1, 32, 128)_dtype_BFLOAT8_B_layout_TILE.tensorbin of shape Shape([2048, 1, 32, 128])
2026-09-02 20:54:46.268 | DEBUG    | core:as_tensor:724 - Loaded cache for /localdev/gwang/tt_transformers/model_cache/llama33_70b/T3K/empty_kcache_paged_attention(2048, 1, 32, 128)_dtype_BFLOAT8_B_layout_TILE.tensorbin of shape Shape([2048, 1, 32, 128])
2026-09-02 20:54:46.271 | DEBUG    | core:as_tensor:724 - Loaded cache for /localdev/gwang/tt_transformers/model_cache/llama33_70b/T3K/empty_vcache_paged_attention(2048, 1, 32, 128)_dtype_BFLOAT8_B_layout_TILE.tensorbin of shape Shape([2048, 1, 32, 128])
2026-09-02 20:54:46.274 | DEBUG    | core:as_tensor:724 - Loaded cache for /localdev/gwang/tt_transformers/model_cache/llama33_70b/T3K/empty_kcache_paged_attention(2048, 1, 32, 128)_dtype_BFLOAT8_B_layout_TILE.tensorbin of shape Shape([2048, 1, 32, 128])
2026-09-02 20:54:46.277 | DEBUG    | core:as_tensor:724 - Loaded cache for /localdev/gwang/tt_transformers/model_cache/llama33_70b/T3K/empty_vcache_paged_attention(2048, 1, 32, 128)_dtype_BFLOAT8_B_layout_TILE.tensorbin of shape Shape([2048, 1, 32, 128])
2026-09-02 20:54:46.280 | DEBUG    | core:as_tensor:724 - Loaded cache for /localdev/gwang/tt_transformers/model_cache/llama33_70b/T3K/empty_kcache_paged_attention(2048, 1, 32, 128)_dtype_BFLOAT8_B_layout_TILE.tensorbin of shape Shape([2048, 1, 32, 128])
2026-09-02 20:54:46.283 | DEBUG    | core:as_tensor:724 - Loaded cache for /localdev/gwang/tt_transformers/model_cache/llama33_70b/T3K/empty_vcache_paged_attention(2048, 1, 32, 128)_dtype_BFLOAT8_B_layout_TILE.tensorbin of shape Shape([2048, 1, 32, 128])
2026-09-02 20:54:46.286 | DEBUG    | core:as_tensor:724 - Loaded cache for /localdev/gwang/tt_transformers/model_cache/llama33_70b/T3K/empty_kcache_paged_attention(2048, 1, 32, 128)_dtype_BFLOAT8_B_layout_TILE.tensorbin of shape Shape([2048, 1, 32, 128])
2026-09-02 20:54:46.289 | DEBUG    | core:as_tensor:724 - Loaded cache for /localdev/gwang/tt_transformers/model_cache/llama33_70b/T3K/empty_vcache_paged_attention(2048, 1, 32, 128)_dtype_BFLOAT8_B_layout_TILE.tensorbin of shape Shape([2048, 1, 32, 128])
2026-09-02 20:54:46.292 | DEBUG    | core:as_tensor:724 - Loaded cache for /localdev/gwang/tt_transformers/model_cache/llama33_70b/T3K/empty_kcache_paged_attention(2048, 1, 32, 128)_dtype_BFLOAT8_B_layout_TILE.tensorbin of shape Shape([2048, 1, 32, 128])
2026-09-02 20:54:46.295 | DEBUG    | core:as_tensor:724 - Loaded cache for /localdev/gwang/tt_transformers/model_cache/llama33_70b/T3K/empty_vcache_paged_attention(2048, 1, 32, 128)_dtype_BFLOAT8_B_layout_TILE.tensorbin of shape Shape([2048, 1, 32, 128])
2026-09-02 20:54:46.298 | DEBUG    | core:as_tensor:724 - Loaded cache for /localdev/gwang/tt_transformers/model_cache/llama33_70b/T3K/empty_kcache_paged_attention(2048, 1, 32, 128)_dtype_BFLOAT8_B_layout_TILE.tensorbin of shape Shape([2048, 1, 32, 128])
2026-09-02 20:54:46.300 | DEBUG    | core:as_tensor:724 - Loaded cache for /localdev/gwang/tt_transformers/model_cache/llama33_70b/T3K/empty_vcache_paged_attention(2048, 1, 32, 128)_dtype_BFLOAT8_B_layout_TILE.tensorbin of shape Shape([2048, 1, 32, 128])
2026-09-02 20:54:46.303 | DEBUG    | core:as_tensor:724 - Loaded cache for /localdev/gwang/tt_transformers/model_cache/llama33_70b/T3K/empty_kcache_paged_attention(2048, 1, 32, 128)_dtype_BFLOAT8_B_layout_TILE.tensorbin of shape Shape([2048, 1, 32, 128])
2026-09-02 20:54:46.306 | DEBUG    | core:as_tensor:724 - Loaded cache for /localdev/gwang/tt_transformers/model_cache/llama33_70b/T3K/empty_vcache_paged_attention(2048, 1, 32, 128)_dtype_BFLOAT8_B_layout_TILE.tensorbin of shape Shape([2048, 1, 32, 128])
2026-09-02 20:54:46.309 | DEBUG    | core:as_tensor:724 - Loaded cache for /localdev/gwang/tt_transformers/model_cache/llama33_70b/T3K/empty_kcache_paged_attention(2048, 1, 32, 128)_dtype_BFLOAT8_B_layout_TILE.tensorbin of shape Shape([2048, 1, 32, 128])
2026-09-02 20:54:46.312 | DEBUG    | core:as_tensor:724 - Loaded cache for /localdev/gwang/tt_transformers/model_cache/llama33_70b/T3K/empty_vcache_paged_attention(2048, 1, 32, 128)_dtype_BFLOAT8_B_layout_TILE.tensorbin of shape Shape([2048, 1, 32, 128])
2026-09-02 20:54:46.315 | DEBUG    | core:as_tensor:724 - Loaded cache for /localdev/gwang/tt_transformers/model_cache/llama33_70b/T3K/empty_kcache_paged_attention(2048, 1, 32, 128)_dtype_BFLOAT8_B_layout_TILE.tensorbin of shape Shape([2048, 1, 32, 128])
2026-09-02 20:54:46.318 | DEBUG    | core:as_tensor:724 - Loaded cache for /localdev/gwang/tt_transformers/model_cache/llama33_70b/T3K/empty_vcache_paged_attention(2048, 1, 32, 128)_dtype_BFLOAT8_B_layout_TILE.tensorbin of shape Shape([2048, 1, 32, 128])
2026-09-02 20:54:46.321 | DEBUG    | core:as_tensor:724 - Loaded cache for /localdev/gwang/tt_transformers/model_cache/llama33_70b/T3K/empty_kcache_paged_attention(2048, 1, 32, 128)_dtype_BFLOAT8_B_layout_TILE.tensorbin of shape Shape([2048, 1, 32, 128])
2026-09-02 20:54:46.323 | DEBUG    | core:as_tensor:724 - Loaded cache for /localdev/gwang/tt_transformers/model_cache/llama33_70b/T3K/empty_vcache_paged_attention(2048, 1, 32, 128)_dtype_BFLOAT8_B_layout_TILE.tensorbin of shape Shape([2048, 1, 32, 128])
2026-09-02 20:54:46.326 | DEBUG    | core:as_tensor:724 - Loaded cache for /localdev/gwang/tt_transformers/model_cache/llama33_70b/T3K/empty_kcache_paged_attention(2048, 1, 32, 128)_dtype_BFLOAT8_B_layout_TILE.tensorbin of shape Shape([2048, 1, 32, 128])
2026-09-02 20:54:46.329 | DEBUG    | core:as_tensor:724 - Loaded cache for /localdev/gwang/tt_transformers/model_cache/llama33_70b/T3K/empty_vcache_paged_attention(2048, 1, 32, 128)_dtype_BFLOAT8_B_layout_TILE.tensorbin of shape Shape([2048, 1, 32, 128])
2026-09-02 20:54:46.332 | DEBUG    | core:as_tensor:724 - Loaded cache for /localdev/gwang/tt_transformers/model_cache/llama33_70b/T3K/empty_kcache_paged_attention(2048, 1, 32, 128)_dtype_BFLOAT8_B_layout_TILE.tensorbin of shape Shape([2048, 1, 32, 128])
2026-09-02 20:54:46.335 | DEBUG    | core:as_tensor:724 - Loaded cache for /localdev/gwang/tt_transformers/model_cache/llama33_70b/T3K/empty_vcache_paged_attention(2048, 1, 32, 128)_dtype_BFLOAT8_B_layout_TILE.tensorbin of shape Shape([2048, 1, 32, 128])
2026-09-02 20:54:46.338 | DEBUG    | core:as_tensor:724 - Loaded cache for /localdev/gwang/tt_transformers/model_cache/llama33_70b/T3K/empty_kcache_paged_attention(2048, 1, 32, 128)_dtype_BFLOAT8_B_layout_TILE.tensorbin of shape Shape([2048, 1, 32, 128])
2026-09-02 20:54:46.341 | DEBUG    | core:as_tensor:724 - Loaded cache for /localdev/gwang/tt_transformers/model_cache/llama33_70b/T3K/empty_vcache_paged_attention(2048, 1, 32, 128)_dtype_BFLOAT8_B_layout_TILE.tensorbin of shape Shape([2048, 1, 32, 128])
2026-09-02 20:54:46.343 | DEBUG    | core:as_tensor:724 - Loaded cache for /localdev/gwang/tt_transformers/model_cache/llama33_70b/T3K/empty_kcache_paged_attention(2048, 1, 32, 128)_dtype_BFLOAT8_B_layout_TILE.tensorbin of shape Shape([2048, 1, 32, 128])
2026-09-02 20:54:46.346 | DEBUG    | core:as_tensor:724 - Loaded cache for /localdev/gwang/tt_transformers/model_cache/llama33_70b/T3K/empty_vcache_paged_attention(2048, 1, 32, 128)_dtype_BFLOAT8_B_layout_TILE.tensorbin of shape Shape([2048, 1, 32, 128])
2026-09-02 20:54:46.349 | DEBUG    | core:as_tensor:724 - Loaded cache for /localdev/gwang/tt_transformers/model_cache/llama33_70b/T3K/empty_kcache_paged_attention(2048, 1, 32, 128)_dtype_BFLOAT8_B_layout_TILE.tensorbin of shape Shape([2048, 1, 32, 128])
2026-09-02 20:54:46.352 | DEBUG    | core:as_tensor:724 - Loaded cache for /localdev/gwang/tt_transformers/model_cache/llama33_70b/T3K/empty_vcache_paged_attention(2048, 1, 32, 128)_dtype_BFLOAT8_B_layout_TILE.tensorbin of shape Shape([2048, 1, 32, 128])
2026-09-02 20:54:46.355 | DEBUG    | core:as_tensor:724 - Loaded cache for /localdev/gwang/tt_transformers/model_cache/llama33_70b/T3K/empty_kcache_paged_attention(2048, 1, 32, 128)_dtype_BFLOAT8_B_layout_TILE.tensorbin of shape Shape([2048, 1, 32, 128])
2026-09-02 20:54:46.358 | DEBUG    | core:as_tensor:724 - Loaded cache for /localdev/gwang/tt_transformers/model_cache/llama33_70b/T3K/empty_vcache_paged_attention(2048, 1, 32, 128)_dtype_BFLOAT8_B_layout_TILE.tensorbin of shape Shape([2048, 1, 32, 128])
2026-09-02 20:54:46.360 | DEBUG    | core:as_tensor:724 - Loaded cache for /localdev/gwang/tt_transformers/model_cache/llama33_70b/T3K/empty_kcache_paged_attention(2048, 1, 32, 128)_dtype_BFLOAT8_B_layout_TILE.tensorbin of shape Shape([2048, 1, 32, 128])
2026-09-02 20:54:46.363 | DEBUG    | core:as_tensor:724 - Loaded cache for /localdev/gwang/tt_transformers/model_cache/llama33_70b/T3K/empty_vcache_paged_attention(2048, 1, 32, 128)_dtype_BFLOAT8_B_layout_TILE.tensorbin of shape Shape([2048, 1, 32, 128])
2026-09-02 20:54:46.366 | DEBUG    | core:as_tensor:724 - Loaded cache for /localdev/gwang/tt_transformers/model_cache/llama33_70b/T3K/empty_kcache_paged_attention(2048, 1, 32, 128)_dtype_BFLOAT8_B_layout_TILE.tensorbin of shape Shape([2048, 1, 32, 128])
2026-09-02 20:54:46.369 | DEBUG    | core:as_tensor:724 - Loaded cache for /localdev/gwang/tt_transformers/model_cache/llama33_70b/T3K/empty_vcache_paged_attention(2048, 1, 32, 128)_dtype_BFLOAT8_B_layout_TILE.tensorbin of shape Shape([2048, 1, 32, 128])
2026-09-02 20:54:46.372 | DEBUG    | core:as_tensor:724 - Loaded cache for /localdev/gwang/tt_transformers/model_cache/llama33_70b/T3K/empty_kcache_paged_attention(2048, 1, 32, 128)_dtype_BFLOAT8_B_layout_TILE.tensorbin of shape Shape([2048, 1, 32, 128])
2026-09-02 20:54:46.375 | DEBUG    | core:as_tensor:724 - Loaded cache for /localdev/gwang/tt_transformers/model_cache/llama33_70b/T3K/empty_vcache_paged_attention(2048, 1, 32, 128)_dtype_BFLOAT8_B_layout_TILE.tensorbin of shape Shape([2048, 1, 32, 128])
2026-09-02 20:54:46.379 | DEBUG    | core:as_tensor:724 - Loaded cache for /localdev/gwang/tt_transformers/model_cache/llama33_70b/T3K/empty_kcache_paged_attention(2048, 1, 32, 128)_dtype_BFLOAT8_B_layout_TILE.tensorbin of shape Shape([2048, 1, 32, 128])
2026-09-02 20:54:46.382 | DEBUG    | core:as_tensor:724 - Loaded cache for /localdev/gwang/tt_transformers/model_cache/llama33_70b/T3K/empty_vcache_paged_attention(2048, 1, 32, 128)_dtype_BFLOAT8_B_layout_TILE.tensorbin of shape Shape([2048, 1, 32, 128])
2026-09-02 20:54:46.385 | DEBUG    | core:as_tensor:724 - Loaded cache for /localdev/gwang/tt_transformers/model_cache/llama33_70b/T3K/empty_kcache_paged_attention(2048, 1, 32, 128)_dtype_BFLOAT8_B_layout_TILE.tensorbin of shape Shape([2048, 1, 32, 128])
2026-09-02 20:54:46.389 | DEBUG    | core:as_tensor:724 - Loaded cache for /localdev/gwang/tt_transformers/model_cache/llama33_70b/T3K/empty_vcache_paged_attention(2048, 1, 32, 128)_dtype_BFLOAT8_B_layout_TILE.tensorbin of shape Shape([2048, 1, 32, 128])
2026-09-02 20:54:46.393 | DEBUG    | core:as_tensor:724 - Loaded cache for /localdev/gwang/tt_transformers/model_cache/llama33_70b/T3K/empty_kcache_paged_attention(2048, 1, 32, 128)_dtype_BFLOAT8_B_layout_TILE.tensorbin of shape Shape([2048, 1, 32, 128])
2026-09-02 20:54:46.396 | DEBUG    | core:as_tensor:724 - Loaded cache for /localdev/gwang/tt_transformers/model_cache/llama33_70b/T3K/empty_vcache_paged_attention(2048, 1, 32, 128)_dtype_BFLOAT8_B_layout_TILE.tensorbin of shape Shape([2048, 1, 32, 128])
2026-09-02 20:54:46.399 | DEBUG    | core:as_tensor:724 - Loaded cache for /localdev/gwang/tt_transformers/model_cache/llama33_70b/T3K/empty_kcache_paged_attention(2048, 1, 32, 128)_dtype_BFLOAT8_B_layout_TILE.tensorbin of shape Shape([2048, 1, 32, 128])
2026-09-02 20:54:46.403 | DEBUG    | core:as_tensor:724 - Loaded cache for /localdev/gwang/tt_transformers/model_cache/llama33_70b/T3K/empty_vcache_paged_attention(2048, 1, 32, 128)_dtype_BFLOAT8_B_layout_TILE.tensorbin of shape Shape([2048, 1, 32, 128])
2026-09-02 20:54:46.406 | DEBUG    | core:as_tensor:724 - Loaded cache for /localdev/gwang/tt_transformers/model_cache/llama33_70b/T3K/empty_kcache_paged_attention(2048, 1, 32, 128)_dtype_BFLOAT8_B_layout_TILE.tensorbin of shape Shape([2048, 1, 32, 128])
2026-09-02 20:54:46.410 | DEBUG    | core:as_tensor:724 - Loaded cache for /localdev/gwang/tt_transformers/model_cache/llama33_70b/T3K/empty_vcache_paged_attention(2048, 1, 32, 128)_dtype_BFLOAT8_B_layout_TILE.tensorbin of shape Shape([2048, 1, 32, 128])
2026-09-02 20:54:46.413 | DEBUG    | core:as_tensor:724 - Loaded cache for /localdev/gwang/tt_transformers/model_cache/llama33_70b/T3K/empty_kcache_paged_attention(2048, 1, 32, 128)_dtype_BFLOAT8_B_layout_TILE.tensorbin of shape Shape([2048, 1, 32, 128])
2026-09-02 20:54:46.416 | DEBUG    | core:as_tensor:724 - Loaded cache for /localdev/gwang/tt_transformers/model_cache/llama33_70b/T3K/empty_vcache_paged_attention(2048, 1, 32, 128)_dtype_BFLOAT8_B_layout_TILE.tensorbin of shape Shape([2048, 1, 32, 128])
2026-09-02 20:54:46.420 | DEBUG    | core:as_tensor:724 - Loaded cache for /localdev/gwang/tt_transformers/model_cache/llama33_70b/T3K/empty_kcache_paged_attention(2048, 1, 32, 128)_dtype_BFLOAT8_B_layout_TILE.tensorbin of shape Shape([2048, 1, 32, 128])
2026-09-02 20:54:46.423 | DEBUG    | core:as_tensor:724 - Loaded cache for /localdev/gwang/tt_transformers/model_cache/llama33_70b/T3K/empty_vcache_paged_attention(2048, 1, 32, 128)_dtype_BFLOAT8_B_layout_TILE.tensorbin of shape Shape([2048, 1, 32, 128])
2026-09-02 20:54:46.427 | DEBUG    | core:as_tensor:724 - Loaded cache for /localdev/gwang/tt_transformers/model_cache/llama33_70b/T3K/empty_kcache_paged_attention(2048, 1, 32, 128)_dtype_BFLOAT8_B_layout_TILE.tensorbin of shape Shape([2048, 1, 32, 128])
2026-09-02 20:54:46.430 | DEBUG    | core:as_tensor:724 - Loaded cache for /localdev/gwang/tt_transformers/model_cache/llama33_70b/T3K/empty_vcache_paged_attention(2048, 1, 32, 128)_dtype_BFLOAT8_B_layout_TILE.tensorbin of shape Shape([2048, 1, 32, 128])
2026-09-02 20:54:46.434 | DEBUG    | core:as_tensor:724 - Loaded cache for /localdev/gwang/tt_transformers/model_cache/llama33_70b/T3K/empty_kcache_paged_attention(2048, 1, 32, 128)_dtype_BFLOAT8_B_layout_TILE.tensorbin of shape Shape([2048, 1, 32, 128])
2026-09-02 20:54:46.437 | DEBUG    | core:as_tensor:724 - Loaded cache for /localdev/gwang/tt_transformers/model_cache/llama33_70b/T3K/empty_vcache_paged_attention(2048, 1, 32, 128)_dtype_BFLOAT8_B_layout_TILE.tensorbin of shape Shape([2048, 1, 32, 128])
2026-09-02 20:54:46.440 | DEBUG    | core:as_tensor:724 - Loaded cache for /localdev/gwang/tt_transformers/model_cache/llama33_70b/T3K/empty_kcache_paged_attention(2048, 1, 32, 128)_dtype_BFLOAT8_B_layout_TILE.tensorbin of shape Shape([2048, 1, 32, 128])
2026-09-02 20:54:46.444 | DEBUG    | core:as_tensor:724 - Loaded cache for /localdev/gwang/tt_transformers/model_cache/llama33_70b/T3K/empty_vcache_paged_attention(2048, 1, 32, 128)_dtype_BFLOAT8_B_layout_TILE.tensorbin of shape Shape([2048, 1, 32, 128])
2026-09-02 20:54:46.447 | DEBUG    | core:as_tensor:724 - Loaded cache for /localdev/gwang/tt_transformers/model_cache/llama33_70b/T3K/empty_kcache_paged_attention(2048, 1, 32, 128)_dtype_BFLOAT8_B_layout_TILE.tensorbin of shape Shape([2048, 1, 32, 128])
2026-09-02 20:54:46.451 | DEBUG    | core:as_tensor:724 - Loaded cache for /localdev/gwang/tt_transformers/model_cache/llama33_70b/T3K/empty_vcache_paged_attention(2048, 1, 32, 128)_dtype_BFLOAT8_B_layout_TILE.tensorbin of shape Shape([2048, 1, 32, 128])
2026-09-02 20:54:46.454 | DEBUG    | core:as_tensor:724 - Loaded cache for /localdev/gwang/tt_transformers/model_cache/llama33_70b/T3K/empty_kcache_paged_attention(2048, 1, 32, 128)_dtype_BFLOAT8_B_layout_TILE.tensorbin of shape Shape([2048, 1, 32, 128])
2026-09-02 20:54:46.458 | DEBUG    | core:as_tensor:724 - Loaded cache for /localdev/gwang/tt_transformers/model_cache/llama33_70b/T3K/empty_vcache_paged_attention(2048, 1, 32, 128)_dtype_BFLOAT8_B_layout_TILE.tensorbin of shape Shape([2048, 1, 32, 128])
2026-09-02 20:54:46.461 | DEBUG    | core:as_tensor:724 - Loaded cache for /localdev/gwang/tt_transformers/model_cache/llama33_70b/T3K/empty_kcache_paged_attention(2048, 1, 32, 128)_dtype_BFLOAT8_B_layout_TILE.tensorbin of shape Shape([2048, 1, 32, 128])
2026-09-02 20:54:46.464 | DEBUG    | core:as_tensor:724 - Loaded cache for /localdev/gwang/tt_transformers/model_cache/llama33_70b/T3K/empty_vcache_paged_attention(2048, 1, 32, 128)_dtype_BFLOAT8_B_layout_TILE.tensorbin of shape Shape([2048, 1, 32, 128])
2026-09-02 20:54:46.468 | DEBUG    | core:as_tensor:724 - Loaded cache for /localdev/gwang/tt_transformers/model_cache/llama33_70b/T3K/empty_kcache_paged_attention(2048, 1, 32, 128)_dtype_BFLOAT8_B_layout_TILE.tensorbin of shape Shape([2048, 1, 32, 128])
2026-09-02 20:54:46.471 | DEBUG    | core:as_tensor:724 - Loaded cache for /localdev/gwang/tt_transformers/model_cache/llama33_70b/T3K/empty_vcache_paged_attention(2048, 1, 32, 128)_dtype_BFLOAT8_B_layout_TILE.tensorbin of shape Shape([2048, 1, 32, 128])
2026-09-02 20:54:46.475 | DEBUG    | core:as_tensor:724 - Loaded cache for /localdev/gwang/tt_transformers/model_cache/llama33_70b/T3K/empty_kcache_paged_attention(2048, 1, 32, 128)_dtype_BFLOAT8_B_layout_TILE.tensorbin of shape Shape([2048, 1, 32, 128])
2026-09-02 20:54:46.478 | DEBUG    | core:as_tensor:724 - Loaded cache for /localdev/gwang/tt_transformers/model_cache/llama33_70b/T3K/empty_vcache_paged_attention(2048, 1, 32, 128)_dtype_BFLOAT8_B_layout_TILE.tensorbin of shape Shape([2048, 1, 32, 128])
2026-09-02 20:54:46.482 | DEBUG    | core:as_tensor:724 - Loaded cache for /localdev/gwang/tt_transformers/model_cache/llama33_70b/T3K/empty_kcache_paged_attention(2048, 1, 32, 128)_dtype_BFLOAT8_B_layout_TILE.tensorbin of shape Shape([2048, 1, 32, 128])
2026-09-02 20:54:46.485 | DEBUG    | core:as_tensor:724 - Loaded cache for /localdev/gwang/tt_transformers/model_cache/llama33_70b/T3K/empty_vcache_paged_attention(2048, 1, 32, 128)_dtype_BFLOAT8_B_layout_TILE.tensorbin of shape Shape([2048, 1, 32, 128])
2026-09-02 20:54:46.488 | DEBUG    | core:as_tensor:724 - Loaded cache for /localdev/gwang/tt_transformers/model_cache/llama33_70b/T3K/empty_kcache_paged_attention(2048, 1, 32, 128)_dtype_BFLOAT8_B_layout_TILE.tensorbin of shape Shape([2048, 1, 32, 128])
2026-09-02 20:54:46.492 | DEBUG    | core:as_tensor:724 - Loaded cache for /localdev/gwang/tt_transformers/model_cache/llama33_70b/T3K/empty_vcache_paged_attention(2048, 1, 32, 128)_dtype_BFLOAT8_B_layout_TILE.tensorbin of shape Shape([2048, 1, 32, 128])
2026-09-02 20:54:46.495 | DEBUG    | core:as_tensor:724 - Loaded cache for /localdev/gwang/tt_transformers/model_cache/llama33_70b/T3K/empty_kcache_paged_attention(2048, 1, 32, 128)_dtype_BFLOAT8_B_layout_TILE.tensorbin of shape Shape([2048, 1, 32, 128])
2026-09-02 20:54:46.499 | DEBUG    | core:as_tensor:724 - Loaded cache for /localdev/gwang/tt_transformers/model_cache/llama33_70b/T3K/empty_vcache_paged_attention(2048, 1, 32, 128)_dtype_BFLOAT8_B_layout_TILE.tensorbin of shape Shape([2048, 1, 32, 128])
2026-09-02 20:54:46.503 | DEBUG    | core:as_tensor:724 - Loaded cache for /localdev/gwang/tt_transformers/model_cache/llama33_70b/T3K/empty_kcache_paged_attention(2048, 1, 32, 128)_dtype_BFLOAT8_B_layout_TILE.tensorbin of shape Shape([2048, 1, 32, 128])
2026-09-02 20:54:46.506 | DEBUG    | core:as_tensor:724 - Loaded cache for /localdev/gwang/tt_transformers/model_cache/llama33_70b/T3K/empty_vcache_paged_attention(2048, 1, 32, 128)_dtype_BFLOAT8_B_layout_TILE.tensorbin of shape Shape([2048, 1, 32, 128])
2026-09-02 20:54:46.511 | DEBUG    | core:as_tensor:724 - Loaded cache for /localdev/gwang/tt_transformers/model_cache/llama33_70b/T3K/empty_kcache_paged_attention(2048, 1, 32, 128)_dtype_BFLOAT8_B_layout_TILE.tensorbin of shape Shape([2048, 1, 32, 128])
2026-09-02 20:54:46.515 | DEBUG    | core:as_tensor:724 - Loaded cache for /localdev/gwang/tt_transformers/model_cache/llama33_70b/T3K/empty_vcache_paged_attention(2048, 1, 32, 128)_dtype_BFLOAT8_B_layout_TILE.tensorbin of shape Shape([2048, 1, 32, 128])
2026-09-02 20:54:46.519 | DEBUG    | core:as_tensor:724 - Loaded cache for /localdev/gwang/tt_transformers/model_cache/llama33_70b/T3K/empty_kcache_paged_attention(2048, 1, 32, 128)_dtype_BFLOAT8_B_layout_TILE.tensorbin of shape Shape([2048, 1, 32, 128])
2026-09-02 20:54:46.523 | DEBUG    | core:as_tensor:724 - Loaded cache for /localdev/gwang/tt_transformers/model_cache/llama33_70b/T3K/empty_vcache_paged_attention(2048, 1, 32, 128)_dtype_BFLOAT8_B_layout_TILE.tensorbin of shape Shape([2048, 1, 32, 128])
2026-09-02 20:54:46.527 | DEBUG    | core:as_tensor:724 - Loaded cache for /localdev/gwang/tt_transformers/model_cache/llama33_70b/T3K/empty_kcache_paged_attention(2048, 1, 32, 128)_dtype_BFLOAT8_B_layout_TILE.tensorbin of shape Shape([2048, 1, 32, 128])
2026-09-02 20:54:46.531 | DEBUG    | core:as_tensor:724 - Loaded cache for /localdev/gwang/tt_transformers/model_cache/llama33_70b/T3K/empty_vcache_paged_attention(2048, 1, 32, 128)_dtype_BFLOAT8_B_layout_TILE.tensorbin of shape Shape([2048, 1, 32, 128])
2026-09-02 20:54:46.535 | DEBUG    | core:as_tensor:724 - Loaded cache for /localdev/gwang/tt_transformers/model_cache/llama33_70b/T3K/empty_kcache_paged_attention(2048, 1, 32, 128)_dtype_BFLOAT8_B_layout_TILE.tensorbin of shape Shape([2048, 1, 32, 128])
2026-09-02 20:54:46.538 | DEBUG    | core:as_tensor:724 - Loaded cache for /localdev/gwang/tt_transformers/model_cache/llama33_70b/T3K/empty_vcache_paged_attention(2048, 1, 32, 128)_dtype_BFLOAT8_B_layout_TILE.tensorbin of shape Shape([2048, 1, 32, 128])
2026-09-02 20:54:46.542 | DEBUG    | core:as_tensor:724 - Loaded cache for /localdev/gwang/tt_transformers/model_cache/llama33_70b/T3K/empty_kcache_paged_attention(2048, 1, 32, 128)_dtype_BFLOAT8_B_layout_TILE.tensorbin of shape Shape([2048, 1, 32, 128])
2026-09-02 20:54:46.546 | DEBUG    | core:as_tensor:724 - Loaded cache for /localdev/gwang/tt_transformers/model_cache/llama33_70b/T3K/empty_vcache_paged_attention(2048, 1, 32, 128)_dtype_BFLOAT8_B_layout_TILE.tensorbin of shape Shape([2048, 1, 32, 128])
2026-09-02 20:54:46.550 | DEBUG    | core:as_tensor:724 - Loaded cache for /localdev/gwang/tt_transformers/model_cache/llama33_70b/T3K/empty_kcache_paged_attention(2048, 1, 32, 128)_dtype_BFLOAT8_B_layout_TILE.tensorbin of shape Shape([2048, 1, 32, 128])
2026-09-02 20:54:46.554 | DEBUG    | core:as_tensor:724 - Loaded cache for /localdev/gwang/tt_transformers/model_cache/llama33_70b/T3K/empty_vcache_paged_attention(2048, 1, 32, 128)_dtype_BFLOAT8_B_layout_TILE.tensorbin of shape Shape([2048, 1, 32, 128])
2026-09-02 20:54:46.558 | DEBUG    | core:as_tensor:724 - Loaded cache for /localdev/gwang/tt_transformers/model_cache/llama33_70b/T3K/empty_kcache_paged_attention(2048, 1, 32, 128)_dtype_BFLOAT8_B_layout_TILE.tensorbin of shape Shape([2048, 1, 32, 128])
2026-09-02 20:54:46.562 | DEBUG    | core:as_tensor:724 - Loaded cache for /localdev/gwang/tt_transformers/model_cache/llama33_70b/T3K/empty_vcache_paged_attention(2048, 1, 32, 128)_dtype_BFLOAT8_B_layout_TILE.tensorbin of shape Shape([2048, 1, 32, 128])
2026-09-02 20:54:46.566 | DEBUG    | core:as_tensor:724 - Loaded cache for /localdev/gwang/tt_transformers/model_cache/llama33_70b/T3K/empty_kcache_paged_attention(2048, 1, 32, 128)_dtype_BFLOAT8_B_layout_TILE.tensorbin of shape Shape([2048, 1, 32, 128])
2026-09-02 20:54:46.570 | DEBUG    | core:as_tensor:724 - Loaded cache for /localdev/gwang/tt_transformers/model_cache/llama33_70b/T3K/empty_vcache_paged_attention(2048, 1, 32, 128)_dtype_BFLOAT8_B_layout_TILE.tensorbin of shape Shape([2048, 1, 32, 128])
2026-09-02 20:54:46.574 | DEBUG    | core:as_tensor:724 - Loaded cache for /localdev/gwang/tt_transformers/model_cache/llama33_70b/T3K/empty_kcache_paged_attention(2048, 1, 32, 128)_dtype_BFLOAT8_B_layout_TILE.tensorbin of shape Shape([2048, 1, 32, 128])
2026-09-02 20:54:46.578 | DEBUG    | core:as_tensor:724 - Loaded cache for /localdev/gwang/tt_transformers/model_cache/llama33_70b/T3K/empty_vcache_paged_attention(2048, 1, 32, 128)_dtype_BFLOAT8_B_layout_TILE.tensorbin of shape Shape([2048, 1, 32, 128])
2026-09-02 20:54:46.581 | DEBUG    | core:as_tensor:724 - Loaded cache for /localdev/gwang/tt_transformers/model_cache/llama33_70b/T3K/empty_kcache_paged_attention(2048, 1, 32, 128)_dtype_BFLOAT8_B_layout_TILE.tensorbin of shape Shape([2048, 1, 32, 128])
2026-09-02 20:54:46.585 | DEBUG    | core:as_tensor:724 - Loaded cache for /localdev/gwang/tt_transformers/model_cache/llama33_70b/T3K/empty_vcache_paged_attention(2048, 1, 32, 128)_dtype_BFLOAT8_B_layout_TILE.tensorbin of shape Shape([2048, 1, 32, 128])
2026-09-02 20:54:46.587 | INFO     | tt_transformers.modules.lazy_weight:get_device_weight:120 - [32m[cache hit][0m Loading tensor from cache: /localdev/gwang/tt_transformers/model_cache/llama33_70b/T3K/rope/cos_srcshape_1_1_8192_128_dtype_BFLOAT16_layout_TILE_replicated_device_0.tensorbin
2026-09-02 20:54:46.589 | INFO     | tt_transformers.modules.lazy_weight:get_device_weight:120 - [32m[cache hit][0m Loading tensor from cache: /localdev/gwang/tt_transformers/model_cache/llama33_70b/T3K/rope/sin_srcshape_1_1_8192_128_dtype_BFLOAT16_layout_TILE_replicated_device_0.tensorbin
2026-09-02 20:54:46.607 | INFO     | tt_transformers.modules.lazy_weight:get_device_weight:120 - [32m[cache hit][0m Loading tensor from cache: /localdev/gwang/tt_transformers/model_cache/llama33_70b/T3K/embedding/tok_embeddings_srcshape_1_1_128256_8192_dtype_BFLOAT16_layout_ROW_MAJOR_mapper_660f4331f0f0_device_0.tensorbin
2026-09-02 20:54:46.797 | INFO     | tt_transformers.modules.lazy_weight:get_device_weight:120 - [32m[cache hit][0m Loading tensor from cache: /localdev/gwang/tt_transformers/model_cache/llama33_70b/T3K/norm/layer0_pre_attn_srcshape_1_1_256_32_dtype_BFLOAT16_layout_ROW_MAJOR_mapper_241585d9fe31_device_0.tensorbin
2026-09-02 20:54:46.798 | INFO     | tt_transformers.modules.lazy_weight:get_device_weight:120 - [32m[cache hit][0m Loading tensor from cache: /localdev/gwang/tt_transformers/model_cache/llama33_70b/T3K/norm/layer0_pre_attn_srcshape_1_1_256_32_dtype_BFLOAT16_layout_ROW_MAJOR_mapper_b82b244385ac_device_0.tensorbin
2026-09-02 20:54:46.860 | INFO     | tt_transformers.modules.lazy_weight:get_device_weight:120 - [32m[cache hit][0m Loading tensor from cache: /localdev/gwang/tt_transformers/model_cache/llama33_70b/T3K/attn/layer0_wqkv_srcshape_1_1_8192_10240_dtype_BFLOAT8_B_layout_TILE_memcfg_663972112453010226_mapper_660f4331f0f0_device_0.tensorbin
2026-09-02 20:54:46.872 | INFO     | tt_transformers.modules.lazy_weight:get_device_weight:120 - [32m[cache hit][0m Loading tensor from cache: /localdev/gwang/tt_transformers/model_cache/llama33_70b/T3K/attn/layer0_wo_srcshape_1_1_8192_8192_dtype_BFLOAT8_B_layout_TILE_mapper_660f4331f0f0_device_0.tensorbin
2026-09-02 20:54:46.980 | INFO     | tt_transformers.modules.lazy_weight:get_device_weight:120 - [32m[cache hit][0m Loading tensor from cache: /localdev/gwang/tt_transformers/model_cache/llama33_70b/T3K/norm/layer0_post_attn_srcshape_1_1_256_32_dtype_BFLOAT16_layout_ROW_MAJOR_mapper_241585d9fe31_device_0.tensorbin
2026-09-02 20:54:46.980 | INFO     | tt_transformers.modules.lazy_weight:get_device_weight:120 - [32m[cache hit][0m Loading tensor from cache: /localdev/gwang/tt_transformers/model_cache/llama33_70b/T3K/norm/layer0_post_attn_srcshape_1_1_256_32_dtype_BFLOAT16_layout_ROW_MAJOR_mapper_b82b244385ac_device_0.tensorbin
2026-09-02 20:54:46.982 | INFO     | tt_transformers.modules.lazy_weight:get_device_weight:120 - [32m[cache hit][0m Loading tensor from cache: /localdev/gwang/tt_transformers/model_cache/llama33_70b/T3K/mlp/layer0_w1_srcshape_8192_28672_dtype_BFLOAT8_B_layout_TILE_memcfg_1786057467681592545_mapper_660f4331f0f0_device_0.tensorbin
2026-09-02 20:54:47.005 | INFO     | tt_transformers.modules.lazy_weight:get_device_weight:120 - [32m[cache hit][0m Loading tensor from cache: /localdev/gwang/tt_transformers/model_cache/llama33_70b/T3K/mlp/layer0_w2_srcshape_28672_8192_dtype_BFLOAT8_B_layout_TILE_memcfg_906506041791331912_mapper_0cdd7bdaff6f_device_0.tensorbin
2026-09-02 20:54:47.029 | INFO     | tt_transformers.modules.lazy_weight:get_device_weight:120 - [32m[cache hit][0m Loading tensor from cache: /localdev/gwang/tt_transformers/model_cache/llama33_70b/T3K/mlp/layer0_w3_srcshape_8192_28672_dtype_BFLOAT8_B_layout_TILE_memcfg_1786057467681592545_mapper_660f4331f0f0_device_0.tensorbin
2026-09-02 20:54:47.111 | INFO     | tt_transformers.modules.lazy_weight:get_device_weight:120 - [32m[cache hit][0m Loading tensor from cache: /localdev/gwang/tt_transformers/model_cache/llama33_70b/T3K/norm/layer1_pre_attn_srcshape_1_1_256_32_dtype_BFLOAT16_layout_ROW_MAJOR_mapper_241585d9fe31_device_0.tensorbin
2026-09-02 20:54:47.112 | INFO     | tt_transformers.modules.lazy_weight:get_device_weight:120 - [32m[cache hit][0m Loading tensor from cache: /localdev/gwang/tt_transformers/model_cache/llama33_70b/T3K/norm/layer1_pre_attn_srcshape_1_1_256_32_dtype_BFLOAT16_layout_ROW_MAJOR_mapper_b82b244385ac_device_0.tensorbin
2026-09-02 20:54:47.114 | INFO     | tt_transformers.modules.lazy_weight:get_device_weight:120 - [32m[cache hit][0m Loading tensor from cache: /localdev/gwang/tt_transformers/model_cache/llama33_70b/T3K/attn/layer1_wqkv_srcshape_1_1_8192_10240_dtype_BFLOAT8_B_layout_TILE_memcfg_663972112453010226_mapper_660f4331f0f0_device_0.tensorbin
2026-09-02 20:54:47.124 | INFO     | tt_transformers.modules.lazy_weight:get_device_weight:120 - [32m[cache hit][0m Loading tensor from cache: /localdev/gwang/tt_transformers/model_cache/llama33_70b/T3K/attn/layer1_wo_srcshape_1_1_8192_8192_dtype_BFLOAT8_B_layout_TILE_mapper_660f4331f0f0_device_0.tensorbin
2026-09-02 20:54:47.135 | INFO     | tt_transformers.modules.lazy_weight:get_device_weight:120 - [32m[cache hit][0m Loading tensor from cache: /localdev/gwang/tt_transformers/model_cache/llama33_70b/T3K/norm/layer1_post_attn_srcshape_1_1_256_32_dtype_BFLOAT16_layout_ROW_MAJOR_mapper_241585d9fe31_device_0.tensorbin
2026-09-02 20:54:47.135 | INFO     | tt_transformers.modules.lazy_weight:get_device_weight:120 - [32m[cache hit][0m Loading tensor from cache: /localdev/gwang/tt_transformers/model_cache/llama33_70b/T3K/norm/layer1_post_attn_srcshape_1_1_256_32_dtype_BFLOAT16_layout_ROW_MAJOR_mapper_b82b244385ac_device_0.tensorbin
2026-09-02 20:54:47.137 | INFO     | tt_transformers.modules.lazy_weight:get_device_weight:120 - [32m[cache hit][0m Loading tensor from cache: /localdev/gwang/tt_transformers/model_cache/llama33_70b/T3K/mlp/layer1_w1_srcshape_8192_28672_dtype_BFLOAT8_B_layout_TILE_memcfg_1786057467681592545_mapper_660f4331f0f0_device_0.tensorbin
2026-09-02 20:54:47.162 | INFO     | tt_transformers.modules.lazy_weight:get_device_weight:120 - [32m[cache hit][0m Loading tensor from cache: /localdev/gwang/tt_transformers/model_cache/llama33_70b/T3K/mlp/layer1_w2_srcshape_28672_8192_dtype_BFLOAT8_B_layout_TILE_memcfg_906506041791331912_mapper_0cdd7bdaff6f_device_0.tensorbin
2026-09-02 20:54:47.187 | INFO     | tt_transformers.modules.lazy_weight:get_device_weight:120 - [32m[cache hit][0m Loading tensor from cache: /localdev/gwang/tt_transformers/model_cache/llama33_70b/T3K/mlp/layer1_w3_srcshape_8192_28672_dtype_BFLOAT8_B_layout_TILE_memcfg_1786057467681592545_mapper_660f4331f0f0_device_0.tensorbin
2026-09-02 20:54:47.216 | INFO     | tt_transformers.modules.lazy_weight:get_device_weight:120 - [32m[cache hit][0m Loading tensor from cache: /localdev/gwang/tt_transformers/model_cache/llama33_70b/T3K/norm/layer2_pre_attn_srcshape_1_1_256_32_dtype_BFLOAT16_layout_ROW_MAJOR_mapper_241585d9fe31_device_0.tensorbin
2026-09-02 20:54:47.217 | INFO     | tt_transformers.modules.lazy_weight:get_device_weight:120 - [32m[cache hit][0m Loading tensor from cache: /localdev/gwang/tt_transformers/model_cache/llama33_70b/T3K/norm/layer2_pre_attn_srcshape_1_1_256_32_dtype_BFLOAT16_layout_ROW_MAJOR_mapper_b82b244385ac_device_0.tensorbin
2026-09-02 20:54:47.219 | INFO     | tt_transformers.modules.lazy_weight:get_device_weight:120 - [32m[cache hit][0m Loading tensor from cache: /localdev/gwang/tt_transformers/model_cache/llama33_70b/T3K/attn/layer2_wqkv_srcshape_1_1_8192_10240_dtype_BFLOAT8_B_layout_TILE_memcfg_663972112453010226_mapper_660f4331f0f0_device_0.tensorbin
2026-09-02 20:54:47.228 | INFO     | tt_transformers.modules.lazy_weight:get_device_weight:120 - [32m[cache hit][0m Loading tensor from cache: /localdev/gwang/tt_transformers/model_cache/llama33_70b/T3K/attn/layer2_wo_srcshape_1_1_8192_8192_dtype_BFLOAT8_B_layout_TILE_mapper_660f4331f0f0_device_0.tensorbin
2026-09-02 20:54:47.238 | INFO     | tt_transformers.modules.lazy_weight:get_device_weight:120 - [32m[cache hit][0m Loading tensor from cache: /localdev/gwang/tt_transformers/model_cache/llama33_70b/T3K/norm/layer2_post_attn_srcshape_1_1_256_32_dtype_BFLOAT16_layout_ROW_MAJOR_mapper_241585d9fe31_device_0.tensorbin
2026-09-02 20:54:47.239 | INFO     | tt_transformers.modules.lazy_weight:get_device_weight:120 - [32m[cache hit][0m Loading tensor from cache: /localdev/gwang/tt_transformers/model_cache/llama33_70b/T3K/norm/layer2_post_attn_srcshape_1_1_256_32_dtype_BFLOAT16_layout_ROW_MAJOR_mapper_b82b244385ac_device_0.tensorbin
2026-09-02 20:54:47.240 | INFO     | tt_transformers.modules.lazy_weight:get_device_weight:120 - [32m[cache hit][0m Loading tensor from cache: /localdev/gwang/tt_transformers/model_cache/llama33_70b/T3K/mlp/layer2_w1_srcshape_8192_28672_dtype_BFLOAT8_B_layout_TILE_memcfg_1786057467681592545_mapper_660f4331f0f0_device_0.tensorbin
2026-09-02 20:54:47.266 | INFO     | tt_transformers.modules.lazy_weight:get_device_weight:120 - [32m[cache hit][0m Loading tensor from cache: /localdev/gwang/tt_transformers/model_cache/llama33_70b/T3K/mlp/layer2_w2_srcshape_28672_8192_dtype_BFLOAT8_B_layout_TILE_memcfg_906506041791331912_mapper_0cdd7bdaff6f_device_0.tensorbin
2026-09-02 20:54:47.290 | INFO     | tt_transformers.modules.lazy_weight:get_device_weight:120 - [32m[cache hit][0m Loading tensor from cache: /localdev/gwang/tt_transformers/model_cache/llama33_70b/T3K/mlp/layer2_w3_srcshape_8192_28672_dtype_BFLOAT8_B_layout_TILE_memcfg_1786057467681592545_mapper_660f4331f0f0_device_0.tensorbin
2026-09-02 20:54:47.314 | INFO     | tt_transformers.modules.lazy_weight:get_device_weight:120 - [32m[cache hit][0m Loading tensor from cache: /localdev/gwang/tt_transformers/model_cache/llama33_70b/T3K/norm/layer3_pre_attn_srcshape_1_1_256_32_dtype_BFLOAT16_layout_ROW_MAJOR_mapper_241585d9fe31_device_0.tensorbin
2026-09-02 20:54:47.315 | INFO     | tt_transformers.modules.lazy_weight:get_device_weight:120 - [32m[cache hit][0m Loading tensor from cache: /localdev/gwang/tt_transformers/model_cache/llama33_70b/T3K/norm/layer3_pre_attn_srcshape_1_1_256_32_dtype_BFLOAT16_layout_ROW_MAJOR_mapper_b82b244385ac_device_0.tensorbin
2026-09-02 20:54:47.317 | INFO     | tt_transformers.modules.lazy_weight:get_device_weight:120 - [32m[cache hit][0m Loading tensor from cache: /localdev/gwang/tt_transformers/model_cache/llama33_70b/T3K/attn/layer3_wqkv_srcshape_1_1_8192_10240_dtype_BFLOAT8_B_layout_TILE_memcfg_663972112453010226_mapper_660f4331f0f0_device_0.tensorbin
2026-09-02 20:54:47.325 | INFO     | tt_transformers.modules.lazy_weight:get_device_weight:120 - [32m[cache hit][0m Loading tensor from cache: /localdev/gwang/tt_transformers/model_cache/llama33_70b/T3K/attn/layer3_wo_srcshape_1_1_8192_8192_dtype_BFLOAT8_B_layout_TILE_mapper_660f4331f0f0_device_0.tensorbin
2026-09-02 20:54:47.334 | INFO     | tt_transformers.modules.lazy_weight:get_device_weight:120 - [32m[cache hit][0m Loading tensor from cache: /localdev/gwang/tt_transformers/model_cache/llama33_70b/T3K/norm/layer3_post_attn_srcshape_1_1_256_32_dtype_BFLOAT16_layout_ROW_MAJOR_mapper_241585d9fe31_device_0.tensorbin
2026-09-02 20:54:47.335 | INFO     | tt_transformers.modules.lazy_weight:get_device_weight:120 - [32m[cache hit][0m Loading tensor from cache: /localdev/gwang/tt_transformers/model_cache/llama33_70b/T3K/norm/layer3_post_attn_srcshape_1_1_256_32_dtype_BFLOAT16_layout_ROW_MAJOR_mapper_b82b244385ac_device_0.tensorbin
2026-09-02 20:54:47.337 | INFO     | tt_transformers.modules.lazy_weight:get_device_weight:120 - [32m[cache hit][0m Loading tensor from cache: /localdev/gwang/tt_transformers/model_cache/llama33_70b/T3K/mlp/layer3_w1_srcshape_8192_28672_dtype_BFLOAT8_B_layout_TILE_memcfg_1786057467681592545_mapper_660f4331f0f0_device_0.tensorbin
2026-09-02 20:54:47.359 | INFO     | tt_transformers.modules.lazy_weight:get_device_weight:120 - [32m[cache hit][0m Loading tensor from cache: /localdev/gwang/tt_transformers/model_cache/llama33_70b/T3K/mlp/layer3_w2_srcshape_28672_8192_dtype_BFLOAT8_B_layout_TILE_memcfg_906506041791331912_mapper_0cdd7bdaff6f_device_0.tensorbin
2026-09-02 20:54:47.378 | INFO     | tt_transformers.modules.lazy_weight:get_device_weight:120 - [32m[cache hit][0m Loading tensor from cache: /localdev/gwang/tt_transformers/model_cache/llama33_70b/T3K/mlp/layer3_w3_srcshape_8192_28672_dtype_BFLOAT8_B_layout_TILE_memcfg_1786057467681592545_mapper_660f4331f0f0_device_0.tensorbin
2026-09-02 20:54:47.402 | INFO     | tt_transformers.modules.lazy_weight:get_device_weight:120 - [32m[cache hit][0m Loading tensor from cache: /localdev/gwang/tt_transformers/model_cache/llama33_70b/T3K/norm/layer4_pre_attn_srcshape_1_1_256_32_dtype_BFLOAT16_layout_ROW_MAJOR_mapper_241585d9fe31_device_0.tensorbin
2026-09-02 20:54:47.403 | INFO     | tt_transformers.modules.lazy_weight:get_device_weight:120 - [32m[cache hit][0m Loading tensor from cache: /localdev/gwang/tt_transformers/model_cache/llama33_70b/T3K/norm/layer4_pre_attn_srcshape_1_1_256_32_dtype_BFLOAT16_layout_ROW_MAJOR_mapper_b82b244385ac_device_0.tensorbin
2026-09-02 20:54:47.404 | INFO     | tt_transformers.modules.lazy_weight:get_device_weight:120 - [32m[cache hit][0m Loading tensor from cache: /localdev/gwang/tt_transformers/model_cache/llama33_70b/T3K/attn/layer4_wqkv_srcshape_1_1_8192_10240_dtype_BFLOAT8_B_layout_TILE_memcfg_663972112453010226_mapper_660f4331f0f0_device_0.tensorbin
2026-09-02 20:54:47.413 | INFO     | tt_transformers.modules.lazy_weight:get_device_weight:120 - [32m[cache hit][0m Loading tensor from cache: /localdev/gwang/tt_transformers/model_cache/llama33_70b/T3K/attn/layer4_wo_srcshape_1_1_8192_8192_dtype_BFLOAT8_B_layout_TILE_mapper_660f4331f0f0_device_0.tensorbin
2026-09-02 20:54:47.424 | INFO     | tt_transformers.modules.lazy_weight:get_device_weight:120 - [32m[cache hit][0m Loading tensor from cache: /localdev/gwang/tt_transformers/model_cache/llama33_70b/T3K/norm/layer4_post_attn_srcshape_1_1_256_32_dtype_BFLOAT16_layout_ROW_MAJOR_mapper_241585d9fe31_device_0.tensorbin
2026-09-02 20:54:47.425 | INFO     | tt_transformers.modules.lazy_weight:get_device_weight:120 - [32m[cache hit][0m Loading tensor from cache: /localdev/gwang/tt_transformers/model_cache/llama33_70b/T3K/norm/layer4_post_attn_srcshape_1_1_256_32_dtype_BFLOAT16_layout_ROW_MAJOR_mapper_b82b244385ac_device_0.tensorbin
2026-09-02 20:54:47.426 | INFO     | tt_transformers.modules.lazy_weight:get_device_weight:120 - [32m[cache hit][0m Loading tensor from cache: /localdev/gwang/tt_transformers/model_cache/llama33_70b/T3K/mlp/layer4_w1_srcshape_8192_28672_dtype_BFLOAT8_B_layout_TILE_memcfg_1786057467681592545_mapper_660f4331f0f0_device_0.tensorbin
2026-09-02 20:54:47.451 | INFO     | tt_transformers.modules.lazy_weight:get_device_weight:120 - [32m[cache hit][0m Loading tensor from cache: /localdev/gwang/tt_transformers/model_cache/llama33_70b/T3K/mlp/layer4_w2_srcshape_28672_8192_dtype_BFLOAT8_B_layout_TILE_memcfg_906506041791331912_mapper_0cdd7bdaff6f_device_0.tensorbin
2026-09-02 20:54:47.474 | INFO     | tt_transformers.modules.lazy_weight:get_device_weight:120 - [32m[cache hit][0m Loading tensor from cache: /localdev/gwang/tt_transformers/model_cache/llama33_70b/T3K/mlp/layer4_w3_srcshape_8192_28672_dtype_BFLOAT8_B_layout_TILE_memcfg_1786057467681592545_mapper_660f4331f0f0_device_0.tensorbin
2026-09-02 20:54:47.500 | INFO     | tt_transformers.modules.lazy_weight:get_device_weight:120 - [32m[cache hit][0m Loading tensor from cache: /localdev/gwang/tt_transformers/model_cache/llama33_70b/T3K/norm/layer5_pre_attn_srcshape_1_1_256_32_dtype_BFLOAT16_layout_ROW_MAJOR_mapper_241585d9fe31_device_0.tensorbin
2026-09-02 20:54:47.500 | INFO     | tt_transformers.modules.lazy_weight:get_device_weight:120 - [32m[cache hit][0m Loading tensor from cache: /localdev/gwang/tt_transformers/model_cache/llama33_70b/T3K/norm/layer5_pre_attn_srcshape_1_1_256_32_dtype_BFLOAT16_layout_ROW_MAJOR_mapper_b82b244385ac_device_0.tensorbin
2026-09-02 20:54:47.502 | INFO     | tt_transformers.modules.lazy_weight:get_device_weight:120 - [32m[cache hit][0m Loading tensor from cache: /localdev/gwang/tt_transformers/model_cache/llama33_70b/T3K/attn/layer5_wqkv_srcshape_1_1_8192_10240_dtype_BFLOAT8_B_layout_TILE_memcfg_663972112453010226_mapper_660f4331f0f0_device_0.tensorbin
2026-09-02 20:54:47.511 | INFO     | tt_transformers.modules.lazy_weight:get_device_weight:120 - [32m[cache hit][0m Loading tensor from cache: /localdev/gwang/tt_transformers/model_cache/llama33_70b/T3K/attn/layer5_wo_srcshape_1_1_8192_8192_dtype_BFLOAT8_B_layout_TILE_mapper_660f4331f0f0_device_0.tensorbin
2026-09-02 20:54:47.522 | INFO     | tt_transformers.modules.lazy_weight:get_device_weight:120 - [32m[cache hit][0m Loading tensor from cache: /localdev/gwang/tt_transformers/model_cache/llama33_70b/T3K/norm/layer5_post_attn_srcshape_1_1_256_32_dtype_BFLOAT16_layout_ROW_MAJOR_mapper_241585d9fe31_device_0.tensorbin
2026-09-02 20:54:47.523 | INFO     | tt_transformers.modules.lazy_weight:get_device_weight:120 - [32m[cache hit][0m Loading tensor from cache: /localdev/gwang/tt_transformers/model_cache/llama33_70b/T3K/norm/layer5_post_attn_srcshape_1_1_256_32_dtype_BFLOAT16_layout_ROW_MAJOR_mapper_b82b244385ac_device_0.tensorbin
2026-09-02 20:54:47.525 | INFO     | tt_transformers.modules.lazy_weight:get_device_weight:120 - [32m[cache hit][0m Loading tensor from cache: /localdev/gwang/tt_transformers/model_cache/llama33_70b/T3K/mlp/layer5_w1_srcshape_8192_28672_dtype_BFLOAT8_B_layout_TILE_memcfg_1786057467681592545_mapper_660f4331f0f0_device_0.tensorbin
2026-09-02 20:54:47.545 | INFO     | tt_transformers.modules.lazy_weight:get_device_weight:120 - [32m[cache hit][0m Loading tensor from cache: /localdev/gwang/tt_transformers/model_cache/llama33_70b/T3K/mlp/layer5_w2_srcshape_28672_8192_dtype_BFLOAT8_B_layout_TILE_memcfg_906506041791331912_mapper_0cdd7bdaff6f_device_0.tensorbin
2026-09-02 20:54:47.566 | INFO     | tt_transformers.modules.lazy_weight:get_device_weight:120 - [32m[cache hit][0m Loading tensor from cache: /localdev/gwang/tt_transformers/model_cache/llama33_70b/T3K/mlp/layer5_w3_srcshape_8192_28672_dtype_BFLOAT8_B_layout_TILE_memcfg_1786057467681592545_mapper_660f4331f0f0_device_0.tensorbin
2026-09-02 20:54:47.589 | INFO     | tt_transformers.modules.lazy_weight:get_device_weight:120 - [32m[cache hit][0m Loading tensor from cache: /localdev/gwang/tt_transformers/model_cache/llama33_70b/T3K/norm/layer6_pre_attn_srcshape_1_1_256_32_dtype_BFLOAT16_layout_ROW_MAJOR_mapper_241585d9fe31_device_0.tensorbin
2026-09-02 20:54:47.590 | INFO     | tt_transformers.modules.lazy_weight:get_device_weight:120 - [32m[cache hit][0m Loading tensor from cache: /localdev/gwang/tt_transformers/model_cache/llama33_70b/T3K/norm/layer6_pre_attn_srcshape_1_1_256_32_dtype_BFLOAT16_layout_ROW_MAJOR_mapper_b82b244385ac_device_0.tensorbin
2026-09-02 20:54:47.592 | INFO     | tt_transformers.modules.lazy_weight:get_device_weight:120 - [32m[cache hit][0m Loading tensor from cache: /localdev/gwang/tt_transformers/model_cache/llama33_70b/T3K/attn/layer6_wqkv_srcshape_1_1_8192_10240_dtype_BFLOAT8_B_layout_TILE_memcfg_663972112453010226_mapper_660f4331f0f0_device_0.tensorbin
2026-09-02 20:54:47.601 | INFO     | tt_transformers.modules.lazy_weight:get_device_weight:120 - [32m[cache hit][0m Loading tensor from cache: /localdev/gwang/tt_transformers/model_cache/llama33_70b/T3K/attn/layer6_wo_srcshape_1_1_8192_8192_dtype_BFLOAT8_B_layout_TILE_mapper_660f4331f0f0_device_0.tensorbin
2026-09-02 20:54:47.610 | INFO     | tt_transformers.modules.lazy_weight:get_device_weight:120 - [32m[cache hit][0m Loading tensor from cache: /localdev/gwang/tt_transformers/model_cache/llama33_70b/T3K/norm/layer6_post_attn_srcshape_1_1_256_32_dtype_BFLOAT16_layout_ROW_MAJOR_mapper_241585d9fe31_device_0.tensorbin
2026-09-02 20:54:47.610 | INFO     | tt_transformers.modules.lazy_weight:get_device_weight:120 - [32m[cache hit][0m Loading tensor from cache: /localdev/gwang/tt_transformers/model_cache/llama33_70b/T3K/norm/layer6_post_attn_srcshape_1_1_256_32_dtype_BFLOAT16_layout_ROW_MAJOR_mapper_b82b244385ac_device_0.tensorbin
2026-09-02 20:54:47.612 | INFO     | tt_transformers.modules.lazy_weight:get_device_weight:120 - [32m[cache hit][0m Loading tensor from cache: /localdev/gwang/tt_transformers/model_cache/llama33_70b/T3K/mlp/layer6_w1_srcshape_8192_28672_dtype_BFLOAT8_B_layout_TILE_memcfg_1786057467681592545_mapper_660f4331f0f0_device_0.tensorbin
2026-09-02 20:54:47.632 | INFO     | tt_transformers.modules.lazy_weight:get_device_weight:120 - [32m[cache hit][0m Loading tensor from cache: /localdev/gwang/tt_transformers/model_cache/llama33_70b/T3K/mlp/layer6_w2_srcshape_28672_8192_dtype_BFLOAT8_B_layout_TILE_memcfg_906506041791331912_mapper_0cdd7bdaff6f_device_0.tensorbin
2026-09-02 20:54:47.655 | INFO     | tt_transformers.modules.lazy_weight:get_device_weight:120 - [32m[cache hit][0m Loading tensor from cache: /localdev/gwang/tt_transformers/model_cache/llama33_70b/T3K/mlp/layer6_w3_srcshape_8192_28672_dtype_BFLOAT8_B_layout_TILE_memcfg_1786057467681592545_mapper_660f4331f0f0_device_0.tensorbin
2026-09-02 20:54:47.679 | INFO     | tt_transformers.modules.lazy_weight:get_device_weight:120 - [32m[cache hit][0m Loading tensor from cache: /localdev/gwang/tt_transformers/model_cache/llama33_70b/T3K/norm/layer7_pre_attn_srcshape_1_1_256_32_dtype_BFLOAT16_layout_ROW_MAJOR_mapper_241585d9fe31_device_0.tensorbin
2026-09-02 20:54:47.680 | INFO     | tt_transformers.modules.lazy_weight:get_device_weight:120 - [32m[cache hit][0m Loading tensor from cache: /localdev/gwang/tt_transformers/model_cache/llama33_70b/T3K/norm/layer7_pre_attn_srcshape_1_1_256_32_dtype_BFLOAT16_layout_ROW_MAJOR_mapper_b82b244385ac_device_0.tensorbin
2026-09-02 20:54:47.682 | INFO     | tt_transformers.modules.lazy_weight:get_device_weight:120 - [32m[cache hit][0m Loading tensor from cache: /localdev/gwang/tt_transformers/model_cache/llama33_70b/T3K/attn/layer7_wqkv_srcshape_1_1_8192_10240_dtype_BFLOAT8_B_layout_TILE_memcfg_663972112453010226_mapper_660f4331f0f0_device_0.tensorbin
2026-09-02 20:54:47.690 | INFO     | tt_transformers.modules.lazy_weight:get_device_weight:120 - [32m[cache hit][0m Loading tensor from cache: /localdev/gwang/tt_transformers/model_cache/llama33_70b/T3K/attn/layer7_wo_srcshape_1_1_8192_8192_dtype_BFLOAT8_B_layout_TILE_mapper_660f4331f0f0_device_0.tensorbin
2026-09-02 20:54:47.698 | INFO     | tt_transformers.modules.lazy_weight:get_device_weight:120 - [32m[cache hit][0m Loading tensor from cache: /localdev/gwang/tt_transformers/model_cache/llama33_70b/T3K/norm/layer7_post_attn_srcshape_1_1_256_32_dtype_BFLOAT16_layout_ROW_MAJOR_mapper_241585d9fe31_device_0.tensorbin
2026-09-02 20:54:47.700 | INFO     | tt_transformers.modules.lazy_weight:get_device_weight:120 - [32m[cache hit][0m Loading tensor from cache: /localdev/gwang/tt_transformers/model_cache/llama33_70b/T3K/norm/layer7_post_attn_srcshape_1_1_256_32_dtype_BFLOAT16_layout_ROW_MAJOR_mapper_b82b244385ac_device_0.tensorbin
2026-09-02 20:54:47.701 | INFO     | tt_transformers.modules.lazy_weight:get_device_weight:120 - [32m[cache hit][0m Loading tensor from cache: /localdev/gwang/tt_transformers/model_cache/llama33_70b/T3K/mlp/layer7_w1_srcshape_8192_28672_dtype_BFLOAT8_B_layout_TILE_memcfg_1786057467681592545_mapper_660f4331f0f0_device_0.tensorbin
2026-09-02 20:54:47.721 | INFO     | tt_transformers.modules.lazy_weight:get_device_weight:120 - [32m[cache hit][0m Loading tensor from cache: /localdev/gwang/tt_transformers/model_cache/llama33_70b/T3K/mlp/layer7_w2_srcshape_28672_8192_dtype_BFLOAT8_B_layout_TILE_memcfg_906506041791331912_mapper_0cdd7bdaff6f_device_0.tensorbin
2026-09-02 20:54:47.746 | INFO     | tt_transformers.modules.lazy_weight:get_device_weight:120 - [32m[cache hit][0m Loading tensor from cache: /localdev/gwang/tt_transformers/model_cache/llama33_70b/T3K/mlp/layer7_w3_srcshape_8192_28672_dtype_BFLOAT8_B_layout_TILE_memcfg_1786057467681592545_mapper_660f4331f0f0_device_0.tensorbin
2026-09-02 20:54:47.776 | INFO     | tt_transformers.modules.lazy_weight:get_device_weight:120 - [32m[cache hit][0m Loading tensor from cache: /localdev/gwang/tt_transformers/model_cache/llama33_70b/T3K/norm/layer8_pre_attn_srcshape_1_1_256_32_dtype_BFLOAT16_layout_ROW_MAJOR_mapper_241585d9fe31_device_0.tensorbin
2026-09-02 20:54:47.776 | INFO     | tt_transformers.modules.lazy_weight:get_device_weight:120 - [32m[cache hit][0m Loading tensor from cache: /localdev/gwang/tt_transformers/model_cache/llama33_70b/T3K/norm/layer8_pre_attn_srcshape_1_1_256_32_dtype_BFLOAT16_layout_ROW_MAJOR_mapper_b82b244385ac_device_0.tensorbin
2026-09-02 20:54:47.778 | INFO     | tt_transformers.modules.lazy_weight:get_device_weight:120 - [32m[cache hit][0m Loading tensor from cache: /localdev/gwang/tt_transformers/model_cache/llama33_70b/T3K/attn/layer8_wqkv_srcshape_1_1_8192_10240_dtype_BFLOAT8_B_layout_TILE_memcfg_663972112453010226_mapper_660f4331f0f0_device_0.tensorbin
2026-09-02 20:54:47.787 | INFO     | tt_transformers.modules.lazy_weight:get_device_weight:120 - [32m[cache hit][0m Loading tensor from cache: /localdev/gwang/tt_transformers/model_cache/llama33_70b/T3K/attn/layer8_wo_srcshape_1_1_8192_8192_dtype_BFLOAT8_B_layout_TILE_mapper_660f4331f0f0_device_0.tensorbin
2026-09-02 20:54:47.795 | INFO     | tt_transformers.modules.lazy_weight:get_device_weight:120 - [32m[cache hit][0m Loading tensor from cache: /localdev/gwang/tt_transformers/model_cache/llama33_70b/T3K/norm/layer8_post_attn_srcshape_1_1_256_32_dtype_BFLOAT16_layout_ROW_MAJOR_mapper_241585d9fe31_device_0.tensorbin
2026-09-02 20:54:47.796 | INFO     | tt_transformers.modules.lazy_weight:get_device_weight:120 - [32m[cache hit][0m Loading tensor from cache: /localdev/gwang/tt_transformers/model_cache/llama33_70b/T3K/norm/layer8_post_attn_srcshape_1_1_256_32_dtype_BFLOAT16_layout_ROW_MAJOR_mapper_b82b244385ac_device_0.tensorbin
2026-09-02 20:54:47.797 | INFO     | tt_transformers.modules.lazy_weight:get_device_weight:120 - [32m[cache hit][0m Loading tensor from cache: /localdev/gwang/tt_transformers/model_cache/llama33_70b/T3K/mlp/layer8_w1_srcshape_8192_28672_dtype_BFLOAT8_B_layout_TILE_memcfg_1786057467681592545_mapper_660f4331f0f0_device_0.tensorbin
2026-09-02 20:54:47.817 | INFO     | tt_transformers.modules.lazy_weight:get_device_weight:120 - [32m[cache hit][0m Loading tensor from cache: /localdev/gwang/tt_transformers/model_cache/llama33_70b/T3K/mlp/layer8_w2_srcshape_28672_8192_dtype_BFLOAT8_B_layout_TILE_memcfg_906506041791331912_mapper_0cdd7bdaff6f_device_0.tensorbin
2026-09-02 20:54:47.838 | INFO     | tt_transformers.modules.lazy_weight:get_device_weight:120 - [32m[cache hit][0m Loading tensor from cache: /localdev/gwang/tt_transformers/model_cache/llama33_70b/T3K/mlp/layer8_w3_srcshape_8192_28672_dtype_BFLOAT8_B_layout_TILE_memcfg_1786057467681592545_mapper_660f4331f0f0_device_0.tensorbin
2026-09-02 20:54:47.860 | INFO     | tt_transformers.modules.lazy_weight:get_device_weight:120 - [32m[cache hit][0m Loading tensor from cache: /localdev/gwang/tt_transformers/model_cache/llama33_70b/T3K/norm/layer9_pre_attn_srcshape_1_1_256_32_dtype_BFLOAT16_layout_ROW_MAJOR_mapper_241585d9fe31_device_0.tensorbin
2026-09-02 20:54:47.861 | INFO     | tt_transformers.modules.lazy_weight:get_device_weight:120 - [32m[cache hit][0m Loading tensor from cache: /localdev/gwang/tt_transformers/model_cache/llama33_70b/T3K/norm/layer9_pre_attn_srcshape_1_1_256_32_dtype_BFLOAT16_layout_ROW_MAJOR_mapper_b82b244385ac_device_0.tensorbin
2026-09-02 20:54:47.862 | INFO     | tt_transformers.modules.lazy_weight:get_device_weight:120 - [32m[cache hit][0m Loading tensor from cache: /localdev/gwang/tt_transformers/model_cache/llama33_70b/T3K/attn/layer9_wqkv_srcshape_1_1_8192_10240_dtype_BFLOAT8_B_layout_TILE_memcfg_663972112453010226_mapper_660f4331f0f0_device_0.tensorbin
2026-09-02 20:54:47.870 | INFO     | tt_transformers.modules.lazy_weight:get_device_weight:120 - [32m[cache hit][0m Loading tensor from cache: /localdev/gwang/tt_transformers/model_cache/llama33_70b/T3K/attn/layer9_wo_srcshape_1_1_8192_8192_dtype_BFLOAT8_B_layout_TILE_mapper_660f4331f0f0_device_0.tensorbin
2026-09-02 20:54:47.878 | INFO     | tt_transformers.modules.lazy_weight:get_device_weight:120 - [32m[cache hit][0m Loading tensor from cache: /localdev/gwang/tt_transformers/model_cache/llama33_70b/T3K/norm/layer9_post_attn_srcshape_1_1_256_32_dtype_BFLOAT16_layout_ROW_MAJOR_mapper_241585d9fe31_device_0.tensorbin
2026-09-02 20:54:47.879 | INFO     | tt_transformers.modules.lazy_weight:get_device_weight:120 - [32m[cache hit][0m Loading tensor from cache: /localdev/gwang/tt_transformers/model_cache/llama33_70b/T3K/norm/layer9_post_attn_srcshape_1_1_256_32_dtype_BFLOAT16_layout_ROW_MAJOR_mapper_b82b244385ac_device_0.tensorbin
2026-09-02 20:54:47.880 | INFO     | tt_transformers.modules.lazy_weight:get_device_weight:120 - [32m[cache hit][0m Loading tensor from cache: /localdev/gwang/tt_transformers/model_cache/llama33_70b/T3K/mlp/layer9_w1_srcshape_8192_28672_dtype_BFLOAT8_B_layout_TILE_memcfg_1786057467681592545_mapper_660f4331f0f0_device_0.tensorbin
2026-09-02 20:54:47.899 | INFO     | tt_transformers.modules.lazy_weight:get_device_weight:120 - [32m[cache hit][0m Loading tensor from cache: /localdev/gwang/tt_transformers/model_cache/llama33_70b/T3K/mlp/layer9_w2_srcshape_28672_8192_dtype_BFLOAT8_B_layout_TILE_memcfg_906506041791331912_mapper_0cdd7bdaff6f_device_0.tensorbin
2026-09-02 20:54:47.918 | INFO     | tt_transformers.modules.lazy_weight:get_device_weight:120 - [32m[cache hit][0m Loading tensor from cache: /localdev/gwang/tt_transformers/model_cache/llama33_70b/T3K/mlp/layer9_w3_srcshape_8192_28672_dtype_BFLOAT8_B_layout_TILE_memcfg_1786057467681592545_mapper_660f4331f0f0_device_0.tensorbin
2026-09-02 20:54:47.939 | INFO     | tt_transformers.modules.lazy_weight:get_device_weight:120 - [32m[cache hit][0m Loading tensor from cache: /localdev/gwang/tt_transformers/model_cache/llama33_70b/T3K/norm/layer10_pre_attn_srcshape_1_1_256_32_dtype_BFLOAT16_layout_ROW_MAJOR_mapper_241585d9fe31_device_0.tensorbin
2026-09-02 20:54:47.940 | INFO     | tt_transformers.modules.lazy_weight:get_device_weight:120 - [32m[cache hit][0m Loading tensor from cache: /localdev/gwang/tt_transformers/model_cache/llama33_70b/T3K/norm/layer10_pre_attn_srcshape_1_1_256_32_dtype_BFLOAT16_layout_ROW_MAJOR_mapper_b82b244385ac_device_0.tensorbin
2026-09-02 20:54:47.941 | INFO     | tt_transformers.modules.lazy_weight:get_device_weight:120 - [32m[cache hit][0m Loading tensor from cache: /localdev/gwang/tt_transformers/model_cache/llama33_70b/T3K/attn/layer10_wqkv_srcshape_1_1_8192_10240_dtype_BFLOAT8_B_layout_TILE_memcfg_663972112453010226_mapper_660f4331f0f0_device_0.tensorbin
2026-09-02 20:54:47.948 | INFO     | tt_transformers.modules.lazy_weight:get_device_weight:120 - [32m[cache hit][0m Loading tensor from cache: /localdev/gwang/tt_transformers/model_cache/llama33_70b/T3K/attn/layer10_wo_srcshape_1_1_8192_8192_dtype_BFLOAT8_B_layout_TILE_mapper_660f4331f0f0_device_0.tensorbin
2026-09-02 20:54:47.956 | INFO     | tt_transformers.modules.lazy_weight:get_device_weight:120 - [32m[cache hit][0m Loading tensor from cache: /localdev/gwang/tt_transformers/model_cache/llama33_70b/T3K/norm/layer10_post_attn_srcshape_1_1_256_32_dtype_BFLOAT16_layout_ROW_MAJOR_mapper_241585d9fe31_device_0.tensorbin
2026-09-02 20:54:47.956 | INFO     | tt_transformers.modules.lazy_weight:get_device_weight:120 - [32m[cache hit][0m Loading tensor from cache: /localdev/gwang/tt_transformers/model_cache/llama33_70b/T3K/norm/layer10_post_attn_srcshape_1_1_256_32_dtype_BFLOAT16_layout_ROW_MAJOR_mapper_b82b244385ac_device_0.tensorbin
2026-09-02 20:54:47.957 | INFO     | tt_transformers.modules.lazy_weight:get_device_weight:120 - [32m[cache hit][0m Loading tensor from cache: /localdev/gwang/tt_transformers/model_cache/llama33_70b/T3K/mlp/layer10_w1_srcshape_8192_28672_dtype_BFLOAT8_B_layout_TILE_memcfg_1786057467681592545_mapper_660f4331f0f0_device_0.tensorbin
2026-09-02 20:54:47.976 | INFO     | tt_transformers.modules.lazy_weight:get_device_weight:120 - [32m[cache hit][0m Loading tensor from cache: /localdev/gwang/tt_transformers/model_cache/llama33_70b/T3K/mlp/layer10_w2_srcshape_28672_8192_dtype_BFLOAT8_B_layout_TILE_memcfg_906506041791331912_mapper_0cdd7bdaff6f_device_0.tensorbin
2026-09-02 20:54:47.996 | INFO     | tt_transformers.modules.lazy_weight:get_device_weight:120 - [32m[cache hit][0m Loading tensor from cache: /localdev/gwang/tt_transformers/model_cache/llama33_70b/T3K/mlp/layer10_w3_srcshape_8192_28672_dtype_BFLOAT8_B_layout_TILE_memcfg_1786057467681592545_mapper_660f4331f0f0_device_0.tensorbin
2026-09-02 20:54:48.017 | INFO     | tt_transformers.modules.lazy_weight:get_device_weight:120 - [32m[cache hit][0m Loading tensor from cache: /localdev/gwang/tt_transformers/model_cache/llama33_70b/T3K/norm/layer11_pre_attn_srcshape_1_1_256_32_dtype_BFLOAT16_layout_ROW_MAJOR_mapper_241585d9fe31_device_0.tensorbin
2026-09-02 20:54:48.018 | INFO     | tt_transformers.modules.lazy_weight:get_device_weight:120 - [32m[cache hit][0m Loading tensor from cache: /localdev/gwang/tt_transformers/model_cache/llama33_70b/T3K/norm/layer11_pre_attn_srcshape_1_1_256_32_dtype_BFLOAT16_layout_ROW_MAJOR_mapper_b82b244385ac_device_0.tensorbin
2026-09-02 20:54:48.019 | INFO     | tt_transformers.modules.lazy_weight:get_device_weight:120 - [32m[cache hit][0m Loading tensor from cache: /localdev/gwang/tt_transformers/model_cache/llama33_70b/T3K/attn/layer11_wqkv_srcshape_1_1_8192_10240_dtype_BFLOAT8_B_layout_TILE_memcfg_663972112453010226_mapper_660f4331f0f0_device_0.tensorbin
2026-09-02 20:54:48.027 | INFO     | tt_transformers.modules.lazy_weight:get_device_weight:120 - [32m[cache hit][0m Loading tensor from cache: /localdev/gwang/tt_transformers/model_cache/llama33_70b/T3K/attn/layer11_wo_srcshape_1_1_8192_8192_dtype_BFLOAT8_B_layout_TILE_mapper_660f4331f0f0_device_0.tensorbin
2026-09-02 20:54:48.033 | INFO     | tt_transformers.modules.lazy_weight:get_device_weight:120 - [32m[cache hit][0m Loading tensor from cache: /localdev/gwang/tt_transformers/model_cache/llama33_70b/T3K/norm/layer11_post_attn_srcshape_1_1_256_32_dtype_BFLOAT16_layout_ROW_MAJOR_mapper_241585d9fe31_device_0.tensorbin
2026-09-02 20:54:48.033 | INFO     | tt_transformers.modules.lazy_weight:get_device_weight:120 - [32m[cache hit][0m Loading tensor from cache: /localdev/gwang/tt_transformers/model_cache/llama33_70b/T3K/norm/layer11_post_attn_srcshape_1_1_256_32_dtype_BFLOAT16_layout_ROW_MAJOR_mapper_b82b244385ac_device_0.tensorbin
2026-09-02 20:54:48.034 | INFO     | tt_transformers.modules.lazy_weight:get_device_weight:120 - [32m[cache hit][0m Loading tensor from cache: /localdev/gwang/tt_transformers/model_cache/llama33_70b/T3K/mlp/layer11_w1_srcshape_8192_28672_dtype_BFLOAT8_B_layout_TILE_memcfg_1786057467681592545_mapper_660f4331f0f0_device_0.tensorbin
2026-09-02 20:54:48.049 | INFO     | tt_transformers.modules.lazy_weight:get_device_weight:120 - [32m[cache hit][0m Loading tensor from cache: /localdev/gwang/tt_transformers/model_cache/llama33_70b/T3K/mlp/layer11_w2_srcshape_28672_8192_dtype_BFLOAT8_B_layout_TILE_memcfg_906506041791331912_mapper_0cdd7bdaff6f_device_0.tensorbin
2026-09-02 20:54:48.063 | INFO     | tt_transformers.modules.lazy_weight:get_device_weight:120 - [32m[cache hit][0m Loading tensor from cache: /localdev/gwang/tt_transformers/model_cache/llama33_70b/T3K/mlp/layer11_w3_srcshape_8192_28672_dtype_BFLOAT8_B_layout_TILE_memcfg_1786057467681592545_mapper_660f4331f0f0_device_0.tensorbin
2026-09-02 20:54:48.080 | INFO     | tt_transformers.modules.lazy_weight:get_device_weight:120 - [32m[cache hit][0m Loading tensor from cache: /localdev/gwang/tt_transformers/model_cache/llama33_70b/T3K/norm/layer12_pre_attn_srcshape_1_1_256_32_dtype_BFLOAT16_layout_ROW_MAJOR_mapper_241585d9fe31_device_0.tensorbin
2026-09-02 20:54:48.080 | INFO     | tt_transformers.modules.lazy_weight:get_device_weight:120 - [32m[cache hit][0m Loading tensor from cache: /localdev/gwang/tt_transformers/model_cache/llama33_70b/T3K/norm/layer12_pre_attn_srcshape_1_1_256_32_dtype_BFLOAT16_layout_ROW_MAJOR_mapper_b82b244385ac_device_0.tensorbin
2026-09-02 20:54:48.081 | INFO     | tt_transformers.modules.lazy_weight:get_device_weight:120 - [32m[cache hit][0m Loading tensor from cache: /localdev/gwang/tt_transformers/model_cache/llama33_70b/T3K/attn/layer12_wqkv_srcshape_1_1_8192_10240_dtype_BFLOAT8_B_layout_TILE_memcfg_663972112453010226_mapper_660f4331f0f0_device_0.tensorbin
2026-09-02 20:54:48.087 | INFO     | tt_transformers.modules.lazy_weight:get_device_weight:120 - [32m[cache hit][0m Loading tensor from cache: /localdev/gwang/tt_transformers/model_cache/llama33_70b/T3K/attn/layer12_wo_srcshape_1_1_8192_8192_dtype_BFLOAT8_B_layout_TILE_mapper_660f4331f0f0_device_0.tensorbin
2026-09-02 20:54:48.096 | INFO     | tt_transformers.modules.lazy_weight:get_device_weight:120 - [32m[cache hit][0m Loading tensor from cache: /localdev/gwang/tt_transformers/model_cache/llama33_70b/T3K/norm/layer12_post_attn_srcshape_1_1_256_32_dtype_BFLOAT16_layout_ROW_MAJOR_mapper_241585d9fe31_device_0.tensorbin
2026-09-02 20:54:48.096 | INFO     | tt_transformers.modules.lazy_weight:get_device_weight:120 - [32m[cache hit][0m Loading tensor from cache: /localdev/gwang/tt_transformers/model_cache/llama33_70b/T3K/norm/layer12_post_attn_srcshape_1_1_256_32_dtype_BFLOAT16_layout_ROW_MAJOR_mapper_b82b244385ac_device_0.tensorbin
2026-09-02 20:54:48.097 | INFO     | tt_transformers.modules.lazy_weight:get_device_weight:120 - [32m[cache hit][0m Loading tensor from cache: /localdev/gwang/tt_transformers/model_cache/llama33_70b/T3K/mlp/layer12_w1_srcshape_8192_28672_dtype_BFLOAT8_B_layout_TILE_memcfg_1786057467681592545_mapper_660f4331f0f0_device_0.tensorbin
2026-09-02 20:54:48.112 | INFO     | tt_transformers.modules.lazy_weight:get_device_weight:120 - [32m[cache hit][0m Loading tensor from cache: /localdev/gwang/tt_transformers/model_cache/llama33_70b/T3K/mlp/layer12_w2_srcshape_28672_8192_dtype_BFLOAT8_B_layout_TILE_memcfg_906506041791331912_mapper_0cdd7bdaff6f_device_0.tensorbin
2026-09-02 20:54:48.127 | INFO     | tt_transformers.modules.lazy_weight:get_device_weight:120 - [32m[cache hit][0m Loading tensor from cache: /localdev/gwang/tt_transformers/model_cache/llama33_70b/T3K/mlp/layer12_w3_srcshape_8192_28672_dtype_BFLOAT8_B_layout_TILE_memcfg_1786057467681592545_mapper_660f4331f0f0_device_0.tensorbin
2026-09-02 20:54:48.143 | INFO     | tt_transformers.modules.lazy_weight:get_device_weight:120 - [32m[cache hit][0m Loading tensor from cache: /localdev/gwang/tt_transformers/model_cache/llama33_70b/T3K/norm/layer13_pre_attn_srcshape_1_1_256_32_dtype_BFLOAT16_layout_ROW_MAJOR_mapper_241585d9fe31_device_0.tensorbin
2026-09-02 20:54:48.144 | INFO     | tt_transformers.modules.lazy_weight:get_device_weight:120 - [32m[cache hit][0m Loading tensor from cache: /localdev/gwang/tt_transformers/model_cache/llama33_70b/T3K/norm/layer13_pre_attn_srcshape_1_1_256_32_dtype_BFLOAT16_layout_ROW_MAJOR_mapper_b82b244385ac_device_0.tensorbin
2026-09-02 20:54:48.145 | INFO     | tt_transformers.modules.lazy_weight:get_device_weight:120 - [32m[cache hit][0m Loading tensor from cache: /localdev/gwang/tt_transformers/model_cache/llama33_70b/T3K/attn/layer13_wqkv_srcshape_1_1_8192_10240_dtype_BFLOAT8_B_layout_TILE_memcfg_663972112453010226_mapper_660f4331f0f0_device_0.tensorbin
2026-09-02 20:54:48.150 | INFO     | tt_transformers.modules.lazy_weight:get_device_weight:120 - [32m[cache hit][0m Loading tensor from cache: /localdev/gwang/tt_transformers/model_cache/llama33_70b/T3K/attn/layer13_wo_srcshape_1_1_8192_8192_dtype_BFLOAT8_B_layout_TILE_mapper_660f4331f0f0_device_0.tensorbin
2026-09-02 20:54:48.156 | INFO     | tt_transformers.modules.lazy_weight:get_device_weight:120 - [32m[cache hit][0m Loading tensor from cache: /localdev/gwang/tt_transformers/model_cache/llama33_70b/T3K/norm/layer13_post_attn_srcshape_1_1_256_32_dtype_BFLOAT16_layout_ROW_MAJOR_mapper_241585d9fe31_device_0.tensorbin
2026-09-02 20:54:48.156 | INFO     | tt_transformers.modules.lazy_weight:get_device_weight:120 - [32m[cache hit][0m Loading tensor from cache: /localdev/gwang/tt_transformers/model_cache/llama33_70b/T3K/norm/layer13_post_attn_srcshape_1_1_256_32_dtype_BFLOAT16_layout_ROW_MAJOR_mapper_b82b244385ac_device_0.tensorbin
2026-09-02 20:54:48.157 | INFO     | tt_transformers.modules.lazy_weight:get_device_weight:120 - [32m[cache hit][0m Loading tensor from cache: /localdev/gwang/tt_transformers/model_cache/llama33_70b/T3K/mlp/layer13_w1_srcshape_8192_28672_dtype_BFLOAT8_B_layout_TILE_memcfg_1786057467681592545_mapper_660f4331f0f0_device_0.tensorbin
2026-09-02 20:54:48.171 | INFO     | tt_transformers.modules.lazy_weight:get_device_weight:120 - [32m[cache hit][0m Loading tensor from cache: /localdev/gwang/tt_transformers/model_cache/llama33_70b/T3K/mlp/layer13_w2_srcshape_28672_8192_dtype_BFLOAT8_B_layout_TILE_memcfg_906506041791331912_mapper_0cdd7bdaff6f_device_0.tensorbin
2026-09-02 20:54:48.186 | INFO     | tt_transformers.modules.lazy_weight:get_device_weight:120 - [32m[cache hit][0m Loading tensor from cache: /localdev/gwang/tt_transformers/model_cache/llama33_70b/T3K/mlp/layer13_w3_srcshape_8192_28672_dtype_BFLOAT8_B_layout_TILE_memcfg_1786057467681592545_mapper_660f4331f0f0_device_0.tensorbin
2026-09-02 20:54:48.202 | INFO     | tt_transformers.modules.lazy_weight:get_device_weight:120 - [32m[cache hit][0m Loading tensor from cache: /localdev/gwang/tt_transformers/model_cache/llama33_70b/T3K/norm/layer14_pre_attn_srcshape_1_1_256_32_dtype_BFLOAT16_layout_ROW_MAJOR_mapper_241585d9fe31_device_0.tensorbin
2026-09-02 20:54:48.202 | INFO     | tt_transformers.modules.lazy_weight:get_device_weight:120 - [32m[cache hit][0m Loading tensor from cache: /localdev/gwang/tt_transformers/model_cache/llama33_70b/T3K/norm/layer14_pre_attn_srcshape_1_1_256_32_dtype_BFLOAT16_layout_ROW_MAJOR_mapper_b82b244385ac_device_0.tensorbin
2026-09-02 20:54:48.203 | INFO     | tt_transformers.modules.lazy_weight:get_device_weight:120 - [32m[cache hit][0m Loading tensor from cache: /localdev/gwang/tt_transformers/model_cache/llama33_70b/T3K/attn/layer14_wqkv_srcshape_1_1_8192_10240_dtype_BFLOAT8_B_layout_TILE_memcfg_663972112453010226_mapper_660f4331f0f0_device_0.tensorbin
2026-09-02 20:54:48.208 | INFO     | tt_transformers.modules.lazy_weight:get_device_weight:120 - [32m[cache hit][0m Loading tensor from cache: /localdev/gwang/tt_transformers/model_cache/llama33_70b/T3K/attn/layer14_wo_srcshape_1_1_8192_8192_dtype_BFLOAT8_B_layout_TILE_mapper_660f4331f0f0_device_0.tensorbin
2026-09-02 20:54:48.214 | INFO     | tt_transformers.modules.lazy_weight:get_device_weight:120 - [32m[cache hit][0m Loading tensor from cache: /localdev/gwang/tt_transformers/model_cache/llama33_70b/T3K/norm/layer14_post_attn_srcshape_1_1_256_32_dtype_BFLOAT16_layout_ROW_MAJOR_mapper_241585d9fe31_device_0.tensorbin
2026-09-02 20:54:48.214 | INFO     | tt_transformers.modules.lazy_weight:get_device_weight:120 - [32m[cache hit][0m Loading tensor from cache: /localdev/gwang/tt_transformers/model_cache/llama33_70b/T3K/norm/layer14_post_attn_srcshape_1_1_256_32_dtype_BFLOAT16_layout_ROW_MAJOR_mapper_b82b244385ac_device_0.tensorbin
2026-09-02 20:54:48.215 | INFO     | tt_transformers.modules.lazy_weight:get_device_weight:120 - [32m[cache hit][0m Loading tensor from cache: /localdev/gwang/tt_transformers/model_cache/llama33_70b/T3K/mlp/layer14_w1_srcshape_8192_28672_dtype_BFLOAT8_B_layout_TILE_memcfg_1786057467681592545_mapper_660f4331f0f0_device_0.tensorbin
2026-09-02 20:54:48.230 | INFO     | tt_transformers.modules.lazy_weight:get_device_weight:120 - [32m[cache hit][0m Loading tensor from cache: /localdev/gwang/tt_transformers/model_cache/llama33_70b/T3K/mlp/layer14_w2_srcshape_28672_8192_dtype_BFLOAT8_B_layout_TILE_memcfg_906506041791331912_mapper_0cdd7bdaff6f_device_0.tensorbin
2026-09-02 20:54:48.248 | INFO     | tt_transformers.modules.lazy_weight:get_device_weight:120 - [32m[cache hit][0m Loading tensor from cache: /localdev/gwang/tt_transformers/model_cache/llama33_70b/T3K/mlp/layer14_w3_srcshape_8192_28672_dtype_BFLOAT8_B_layout_TILE_memcfg_1786057467681592545_mapper_660f4331f0f0_device_0.tensorbin
2026-09-02 20:54:48.263 | INFO     | tt_transformers.modules.lazy_weight:get_device_weight:120 - [32m[cache hit][0m Loading tensor from cache: /localdev/gwang/tt_transformers/model_cache/llama33_70b/T3K/norm/layer15_pre_attn_srcshape_1_1_256_32_dtype_BFLOAT16_layout_ROW_MAJOR_mapper_241585d9fe31_device_0.tensorbin
2026-09-02 20:54:48.264 | INFO     | tt_transformers.modules.lazy_weight:get_device_weight:120 - [32m[cache hit][0m Loading tensor from cache: /localdev/gwang/tt_transformers/model_cache/llama33_70b/T3K/norm/layer15_pre_attn_srcshape_1_1_256_32_dtype_BFLOAT16_layout_ROW_MAJOR_mapper_b82b244385ac_device_0.tensorbin
2026-09-02 20:54:48.265 | INFO     | tt_transformers.modules.lazy_weight:get_device_weight:120 - [32m[cache hit][0m Loading tensor from cache: /localdev/gwang/tt_transformers/model_cache/llama33_70b/T3K/attn/layer15_wqkv_srcshape_1_1_8192_10240_dtype_BFLOAT8_B_layout_TILE_memcfg_663972112453010226_mapper_660f4331f0f0_device_0.tensorbin
2026-09-02 20:54:48.270 | INFO     | tt_transformers.modules.lazy_weight:get_device_weight:120 - [32m[cache hit][0m Loading tensor from cache: /localdev/gwang/tt_transformers/model_cache/llama33_70b/T3K/attn/layer15_wo_srcshape_1_1_8192_8192_dtype_BFLOAT8_B_layout_TILE_mapper_660f4331f0f0_device_0.tensorbin
2026-09-02 20:54:48.276 | INFO     | tt_transformers.modules.lazy_weight:get_device_weight:120 - [32m[cache hit][0m Loading tensor from cache: /localdev/gwang/tt_transformers/model_cache/llama33_70b/T3K/norm/layer15_post_attn_srcshape_1_1_256_32_dtype_BFLOAT16_layout_ROW_MAJOR_mapper_241585d9fe31_device_0.tensorbin
2026-09-02 20:54:48.276 | INFO     | tt_transformers.modules.lazy_weight:get_device_weight:120 - [32m[cache hit][0m Loading tensor from cache: /localdev/gwang/tt_transformers/model_cache/llama33_70b/T3K/norm/layer15_post_attn_srcshape_1_1_256_32_dtype_BFLOAT16_layout_ROW_MAJOR_mapper_b82b244385ac_device_0.tensorbin
2026-09-02 20:54:48.277 | INFO     | tt_transformers.modules.lazy_weight:get_device_weight:120 - [32m[cache hit][0m Loading tensor from cache: /localdev/gwang/tt_transformers/model_cache/llama33_70b/T3K/mlp/layer15_w1_srcshape_8192_28672_dtype_BFLOAT8_B_layout_TILE_memcfg_1786057467681592545_mapper_660f4331f0f0_device_0.tensorbin
2026-09-02 20:54:48.291 | INFO     | tt_transformers.modules.lazy_weight:get_device_weight:120 - [32m[cache hit][0m Loading tensor from cache: /localdev/gwang/tt_transformers/model_cache/llama33_70b/T3K/mlp/layer15_w2_srcshape_28672_8192_dtype_BFLOAT8_B_layout_TILE_memcfg_906506041791331912_mapper_0cdd7bdaff6f_device_0.tensorbin
2026-09-02 20:54:48.306 | INFO     | tt_transformers.modules.lazy_weight:get_device_weight:120 - [32m[cache hit][0m Loading tensor from cache: /localdev/gwang/tt_transformers/model_cache/llama33_70b/T3K/mlp/layer15_w3_srcshape_8192_28672_dtype_BFLOAT8_B_layout_TILE_memcfg_1786057467681592545_mapper_660f4331f0f0_device_0.tensorbin
2026-09-02 20:54:48.321 | INFO     | tt_transformers.modules.lazy_weight:get_device_weight:120 - [32m[cache hit][0m Loading tensor from cache: /localdev/gwang/tt_transformers/model_cache/llama33_70b/T3K/norm/layer16_pre_attn_srcshape_1_1_256_32_dtype_BFLOAT16_layout_ROW_MAJOR_mapper_241585d9fe31_device_0.tensorbin
2026-09-02 20:54:48.322 | INFO     | tt_transformers.modules.lazy_weight:get_device_weight:120 - [32m[cache hit][0m Loading tensor from cache: /localdev/gwang/tt_transformers/model_cache/llama33_70b/T3K/norm/layer16_pre_attn_srcshape_1_1_256_32_dtype_BFLOAT16_layout_ROW_MAJOR_mapper_b82b244385ac_device_0.tensorbin
2026-09-02 20:54:48.323 | INFO     | tt_transformers.modules.lazy_weight:get_device_weight:120 - [32m[cache hit][0m Loading tensor from cache: /localdev/gwang/tt_transformers/model_cache/llama33_70b/T3K/attn/layer16_wqkv_srcshape_1_1_8192_10240_dtype_BFLOAT8_B_layout_TILE_memcfg_663972112453010226_mapper_660f4331f0f0_device_0.tensorbin
2026-09-02 20:54:48.328 | INFO     | tt_transformers.modules.lazy_weight:get_device_weight:120 - [32m[cache hit][0m Loading tensor from cache: /localdev/gwang/tt_transformers/model_cache/llama33_70b/T3K/attn/layer16_wo_srcshape_1_1_8192_8192_dtype_BFLOAT8_B_layout_TILE_mapper_660f4331f0f0_device_0.tensorbin
2026-09-02 20:54:48.334 | INFO     | tt_transformers.modules.lazy_weight:get_device_weight:120 - [32m[cache hit][0m Loading tensor from cache: /localdev/gwang/tt_transformers/model_cache/llama33_70b/T3K/norm/layer16_post_attn_srcshape_1_1_256_32_dtype_BFLOAT16_layout_ROW_MAJOR_mapper_241585d9fe31_device_0.tensorbin
2026-09-02 20:54:48.334 | INFO     | tt_transformers.modules.lazy_weight:get_device_weight:120 - [32m[cache hit][0m Loading tensor from cache: /localdev/gwang/tt_transformers/model_cache/llama33_70b/T3K/norm/layer16_post_attn_srcshape_1_1_256_32_dtype_BFLOAT16_layout_ROW_MAJOR_mapper_b82b244385ac_device_0.tensorbin
2026-09-02 20:54:48.335 | INFO     | tt_transformers.modules.lazy_weight:get_device_weight:120 - [32m[cache hit][0m Loading tensor from cache: /localdev/gwang/tt_transformers/model_cache/llama33_70b/T3K/mlp/layer16_w1_srcshape_8192_28672_dtype_BFLOAT8_B_layout_TILE_memcfg_1786057467681592545_mapper_660f4331f0f0_device_0.tensorbin
2026-09-02 20:54:48.350 | INFO     | tt_transformers.modules.lazy_weight:get_device_weight:120 - [32m[cache hit][0m Loading tensor from cache: /localdev/gwang/tt_transformers/model_cache/llama33_70b/T3K/mlp/layer16_w2_srcshape_28672_8192_dtype_BFLOAT8_B_layout_TILE_memcfg_906506041791331912_mapper_0cdd7bdaff6f_device_0.tensorbin
2026-09-02 20:54:48.365 | INFO     | tt_transformers.modules.lazy_weight:get_device_weight:120 - [32m[cache hit][0m Loading tensor from cache: /localdev/gwang/tt_transformers/model_cache/llama33_70b/T3K/mlp/layer16_w3_srcshape_8192_28672_dtype_BFLOAT8_B_layout_TILE_memcfg_1786057467681592545_mapper_660f4331f0f0_device_0.tensorbin
2026-09-02 20:54:48.380 | INFO     | tt_transformers.modules.lazy_weight:get_device_weight:120 - [32m[cache hit][0m Loading tensor from cache: /localdev/gwang/tt_transformers/model_cache/llama33_70b/T3K/norm/layer17_pre_attn_srcshape_1_1_256_32_dtype_BFLOAT16_layout_ROW_MAJOR_mapper_241585d9fe31_device_0.tensorbin
2026-09-02 20:54:48.380 | INFO     | tt_transformers.modules.lazy_weight:get_device_weight:120 - [32m[cache hit][0m Loading tensor from cache: /localdev/gwang/tt_transformers/model_cache/llama33_70b/T3K/norm/layer17_pre_attn_srcshape_1_1_256_32_dtype_BFLOAT16_layout_ROW_MAJOR_mapper_b82b244385ac_device_0.tensorbin
2026-09-02 20:54:48.381 | INFO     | tt_transformers.modules.lazy_weight:get_device_weight:120 - [32m[cache hit][0m Loading tensor from cache: /localdev/gwang/tt_transformers/model_cache/llama33_70b/T3K/attn/layer17_wqkv_srcshape_1_1_8192_10240_dtype_BFLOAT8_B_layout_TILE_memcfg_663972112453010226_mapper_660f4331f0f0_device_0.tensorbin
2026-09-02 20:54:48.387 | INFO     | tt_transformers.modules.lazy_weight:get_device_weight:120 - [32m[cache hit][0m Loading tensor from cache: /localdev/gwang/tt_transformers/model_cache/llama33_70b/T3K/attn/layer17_wo_srcshape_1_1_8192_8192_dtype_BFLOAT8_B_layout_TILE_mapper_660f4331f0f0_device_0.tensorbin
2026-09-02 20:54:48.393 | INFO     | tt_transformers.modules.lazy_weight:get_device_weight:120 - [32m[cache hit][0m Loading tensor from cache: /localdev/gwang/tt_transformers/model_cache/llama33_70b/T3K/norm/layer17_post_attn_srcshape_1_1_256_32_dtype_BFLOAT16_layout_ROW_MAJOR_mapper_241585d9fe31_device_0.tensorbin
2026-09-02 20:54:48.393 | INFO     | tt_transformers.modules.lazy_weight:get_device_weight:120 - [32m[cache hit][0m Loading tensor from cache: /localdev/gwang/tt_transformers/model_cache/llama33_70b/T3K/norm/layer17_post_attn_srcshape_1_1_256_32_dtype_BFLOAT16_layout_ROW_MAJOR_mapper_b82b244385ac_device_0.tensorbin
2026-09-02 20:54:48.394 | INFO     | tt_transformers.modules.lazy_weight:get_device_weight:120 - [32m[cache hit][0m Loading tensor from cache: /localdev/gwang/tt_transformers/model_cache/llama33_70b/T3K/mlp/layer17_w1_srcshape_8192_28672_dtype_BFLOAT8_B_layout_TILE_memcfg_1786057467681592545_mapper_660f4331f0f0_device_0.tensorbin
2026-09-02 20:54:48.407 | INFO     | tt_transformers.modules.lazy_weight:get_device_weight:120 - [32m[cache hit][0m Loading tensor from cache: /localdev/gwang/tt_transformers/model_cache/llama33_70b/T3K/mlp/layer17_w2_srcshape_28672_8192_dtype_BFLOAT8_B_layout_TILE_memcfg_906506041791331912_mapper_0cdd7bdaff6f_device_0.tensorbin
2026-09-02 20:54:48.421 | INFO     | tt_transformers.modules.lazy_weight:get_device_weight:120 - [32m[cache hit][0m Loading tensor from cache: /localdev/gwang/tt_transformers/model_cache/llama33_70b/T3K/mlp/layer17_w3_srcshape_8192_28672_dtype_BFLOAT8_B_layout_TILE_memcfg_1786057467681592545_mapper_660f4331f0f0_device_0.tensorbin
2026-09-02 20:54:48.436 | INFO     | tt_transformers.modules.lazy_weight:get_device_weight:120 - [32m[cache hit][0m Loading tensor from cache: /localdev/gwang/tt_transformers/model_cache/llama33_70b/T3K/norm/layer18_pre_attn_srcshape_1_1_256_32_dtype_BFLOAT16_layout_ROW_MAJOR_mapper_241585d9fe31_device_0.tensorbin
2026-09-02 20:54:48.436 | INFO     | tt_transformers.modules.lazy_weight:get_device_weight:120 - [32m[cache hit][0m Loading tensor from cache: /localdev/gwang/tt_transformers/model_cache/llama33_70b/T3K/norm/layer18_pre_attn_srcshape_1_1_256_32_dtype_BFLOAT16_layout_ROW_MAJOR_mapper_b82b244385ac_device_0.tensorbin
2026-09-02 20:54:48.437 | INFO     | tt_transformers.modules.lazy_weight:get_device_weight:120 - [32m[cache hit][0m Loading tensor from cache: /localdev/gwang/tt_transformers/model_cache/llama33_70b/T3K/attn/layer18_wqkv_srcshape_1_1_8192_10240_dtype_BFLOAT8_B_layout_TILE_memcfg_663972112453010226_mapper_660f4331f0f0_device_0.tensorbin
2026-09-02 20:54:48.443 | INFO     | tt_transformers.modules.lazy_weight:get_device_weight:120 - [32m[cache hit][0m Loading tensor from cache: /localdev/gwang/tt_transformers/model_cache/llama33_70b/T3K/attn/layer18_wo_srcshape_1_1_8192_8192_dtype_BFLOAT8_B_layout_TILE_mapper_660f4331f0f0_device_0.tensorbin
2026-09-02 20:54:48.448 | INFO     | tt_transformers.modules.lazy_weight:get_device_weight:120 - [32m[cache hit][0m Loading tensor from cache: /localdev/gwang/tt_transformers/model_cache/llama33_70b/T3K/norm/layer18_post_attn_srcshape_1_1_256_32_dtype_BFLOAT16_layout_ROW_MAJOR_mapper_241585d9fe31_device_0.tensorbin
2026-09-02 20:54:48.448 | INFO     | tt_transformers.modules.lazy_weight:get_device_weight:120 - [32m[cache hit][0m Loading tensor from cache: /localdev/gwang/tt_transformers/model_cache/llama33_70b/T3K/norm/layer18_post_attn_srcshape_1_1_256_32_dtype_BFLOAT16_layout_ROW_MAJOR_mapper_b82b244385ac_device_0.tensorbin
2026-09-02 20:54:48.449 | INFO     | tt_transformers.modules.lazy_weight:get_device_weight:120 - [32m[cache hit][0m Loading tensor from cache: /localdev/gwang/tt_transformers/model_cache/llama33_70b/T3K/mlp/layer18_w1_srcshape_8192_28672_dtype_BFLOAT8_B_layout_TILE_memcfg_1786057467681592545_mapper_660f4331f0f0_device_0.tensorbin
2026-09-02 20:54:48.462 | INFO     | tt_transformers.modules.lazy_weight:get_device_weight:120 - [32m[cache hit][0m Loading tensor from cache: /localdev/gwang/tt_transformers/model_cache/llama33_70b/T3K/mlp/layer18_w2_srcshape_28672_8192_dtype_BFLOAT8_B_layout_TILE_memcfg_906506041791331912_mapper_0cdd7bdaff6f_device_0.tensorbin
2026-09-02 20:54:48.474 | INFO     | tt_transformers.modules.lazy_weight:get_device_weight:120 - [32m[cache hit][0m Loading tensor from cache: /localdev/gwang/tt_transformers/model_cache/llama33_70b/T3K/mlp/layer18_w3_srcshape_8192_28672_dtype_BFLOAT8_B_layout_TILE_memcfg_1786057467681592545_mapper_660f4331f0f0_device_0.tensorbin
2026-09-02 20:54:48.489 | INFO     | tt_transformers.modules.lazy_weight:get_device_weight:120 - [32m[cache hit][0m Loading tensor from cache: /localdev/gwang/tt_transformers/model_cache/llama33_70b/T3K/norm/layer19_pre_attn_srcshape_1_1_256_32_dtype_BFLOAT16_layout_ROW_MAJOR_mapper_241585d9fe31_device_0.tensorbin
2026-09-02 20:54:48.489 | INFO     | tt_transformers.modules.lazy_weight:get_device_weight:120 - [32m[cache hit][0m Loading tensor from cache: /localdev/gwang/tt_transformers/model_cache/llama33_70b/T3K/norm/layer19_pre_attn_srcshape_1_1_256_32_dtype_BFLOAT16_layout_ROW_MAJOR_mapper_b82b244385ac_device_0.tensorbin
2026-09-02 20:54:48.490 | INFO     | tt_transformers.modules.lazy_weight:get_device_weight:120 - [32m[cache hit][0m Loading tensor from cache: /localdev/gwang/tt_transformers/model_cache/llama33_70b/T3K/attn/layer19_wqkv_srcshape_1_1_8192_10240_dtype_BFLOAT8_B_layout_TILE_memcfg_663972112453010226_mapper_660f4331f0f0_device_0.tensorbin
2026-09-02 20:54:48.495 | INFO     | tt_transformers.modules.lazy_weight:get_device_weight:120 - [32m[cache hit][0m Loading tensor from cache: /localdev/gwang/tt_transformers/model_cache/llama33_70b/T3K/attn/layer19_wo_srcshape_1_1_8192_8192_dtype_BFLOAT8_B_layout_TILE_mapper_660f4331f0f0_device_0.tensorbin
2026-09-02 20:54:48.500 | INFO     | tt_transformers.modules.lazy_weight:get_device_weight:120 - [32m[cache hit][0m Loading tensor from cache: /localdev/gwang/tt_transformers/model_cache/llama33_70b/T3K/norm/layer19_post_attn_srcshape_1_1_256_32_dtype_BFLOAT16_layout_ROW_MAJOR_mapper_241585d9fe31_device_0.tensorbin
2026-09-02 20:54:48.501 | INFO     | tt_transformers.modules.lazy_weight:get_device_weight:120 - [32m[cache hit][0m Loading tensor from cache: /localdev/gwang/tt_transformers/model_cache/llama33_70b/T3K/norm/layer19_post_attn_srcshape_1_1_256_32_dtype_BFLOAT16_layout_ROW_MAJOR_mapper_b82b244385ac_device_0.tensorbin
2026-09-02 20:54:48.502 | INFO     | tt_transformers.modules.lazy_weight:get_device_weight:120 - [32m[cache hit][0m Loading tensor from cache: /localdev/gwang/tt_transformers/model_cache/llama33_70b/T3K/mlp/layer19_w1_srcshape_8192_28672_dtype_BFLOAT8_B_layout_TILE_memcfg_1786057467681592545_mapper_660f4331f0f0_device_0.tensorbin
2026-09-02 20:54:48.514 | INFO     | tt_transformers.modules.lazy_weight:get_device_weight:120 - [32m[cache hit][0m Loading tensor from cache: /localdev/gwang/tt_transformers/model_cache/llama33_70b/T3K/mlp/layer19_w2_srcshape_28672_8192_dtype_BFLOAT8_B_layout_TILE_memcfg_906506041791331912_mapper_0cdd7bdaff6f_device_0.tensorbin
2026-09-02 20:54:48.526 | INFO     | tt_transformers.modules.lazy_weight:get_device_weight:120 - [32m[cache hit][0m Loading tensor from cache: /localdev/gwang/tt_transformers/model_cache/llama33_70b/T3K/mlp/layer19_w3_srcshape_8192_28672_dtype_BFLOAT8_B_layout_TILE_memcfg_1786057467681592545_mapper_660f4331f0f0_device_0.tensorbin
2026-09-02 20:54:48.541 | INFO     | tt_transformers.modules.lazy_weight:get_device_weight:120 - [32m[cache hit][0m Loading tensor from cache: /localdev/gwang/tt_transformers/model_cache/llama33_70b/T3K/norm/layer20_pre_attn_srcshape_1_1_256_32_dtype_BFLOAT16_layout_ROW_MAJOR_mapper_241585d9fe31_device_0.tensorbin
2026-09-02 20:54:48.542 | INFO     | tt_transformers.modules.lazy_weight:get_device_weight:120 - [32m[cache hit][0m Loading tensor from cache: /localdev/gwang/tt_transformers/model_cache/llama33_70b/T3K/norm/layer20_pre_attn_srcshape_1_1_256_32_dtype_BFLOAT16_layout_ROW_MAJOR_mapper_b82b244385ac_device_0.tensorbin
2026-09-02 20:54:48.542 | INFO     | tt_transformers.modules.lazy_weight:get_device_weight:120 - [32m[cache hit][0m Loading tensor from cache: /localdev/gwang/tt_transformers/model_cache/llama33_70b/T3K/attn/layer20_wqkv_srcshape_1_1_8192_10240_dtype_BFLOAT8_B_layout_TILE_memcfg_663972112453010226_mapper_660f4331f0f0_device_0.tensorbin
2026-09-02 20:54:48.548 | INFO     | tt_transformers.modules.lazy_weight:get_device_weight:120 - [32m[cache hit][0m Loading tensor from cache: /localdev/gwang/tt_transformers/model_cache/llama33_70b/T3K/attn/layer20_wo_srcshape_1_1_8192_8192_dtype_BFLOAT8_B_layout_TILE_mapper_660f4331f0f0_device_0.tensorbin
2026-09-02 20:54:48.553 | INFO     | tt_transformers.modules.lazy_weight:get_device_weight:120 - [32m[cache hit][0m Loading tensor from cache: /localdev/gwang/tt_transformers/model_cache/llama33_70b/T3K/norm/layer20_post_attn_srcshape_1_1_256_32_dtype_BFLOAT16_layout_ROW_MAJOR_mapper_241585d9fe31_device_0.tensorbin
2026-09-02 20:54:48.553 | INFO     | tt_transformers.modules.lazy_weight:get_device_weight:120 - [32m[cache hit][0m Loading tensor from cache: /localdev/gwang/tt_transformers/model_cache/llama33_70b/T3K/norm/layer20_post_attn_srcshape_1_1_256_32_dtype_BFLOAT16_layout_ROW_MAJOR_mapper_b82b244385ac_device_0.tensorbin
2026-09-02 20:54:48.554 | INFO     | tt_transformers.modules.lazy_weight:get_device_weight:120 - [32m[cache hit][0m Loading tensor from cache: /localdev/gwang/tt_transformers/model_cache/llama33_70b/T3K/mlp/layer20_w1_srcshape_8192_28672_dtype_BFLOAT8_B_layout_TILE_memcfg_1786057467681592545_mapper_660f4331f0f0_device_0.tensorbin
2026-09-02 20:54:48.568 | INFO     | tt_transformers.modules.lazy_weight:get_device_weight:120 - [32m[cache hit][0m Loading tensor from cache: /localdev/gwang/tt_transformers/model_cache/llama33_70b/T3K/mlp/layer20_w2_srcshape_28672_8192_dtype_BFLOAT8_B_layout_TILE_memcfg_906506041791331912_mapper_0cdd7bdaff6f_device_0.tensorbin
2026-09-02 20:54:48.582 | INFO     | tt_transformers.modules.lazy_weight:get_device_weight:120 - [32m[cache hit][0m Loading tensor from cache: /localdev/gwang/tt_transformers/model_cache/llama33_70b/T3K/mlp/layer20_w3_srcshape_8192_28672_dtype_BFLOAT8_B_layout_TILE_memcfg_1786057467681592545_mapper_660f4331f0f0_device_0.tensorbin
2026-09-02 20:54:48.597 | INFO     | tt_transformers.modules.lazy_weight:get_device_weight:120 - [32m[cache hit][0m Loading tensor from cache: /localdev/gwang/tt_transformers/model_cache/llama33_70b/T3K/norm/layer21_pre_attn_srcshape_1_1_256_32_dtype_BFLOAT16_layout_ROW_MAJOR_mapper_241585d9fe31_device_0.tensorbin
2026-09-02 20:54:48.598 | INFO     | tt_transformers.modules.lazy_weight:get_device_weight:120 - [32m[cache hit][0m Loading tensor from cache: /localdev/gwang/tt_transformers/model_cache/llama33_70b/T3K/norm/layer21_pre_attn_srcshape_1_1_256_32_dtype_BFLOAT16_layout_ROW_MAJOR_mapper_b82b244385ac_device_0.tensorbin
2026-09-02 20:54:48.599 | INFO     | tt_transformers.modules.lazy_weight:get_device_weight:120 - [32m[cache hit][0m Loading tensor from cache: /localdev/gwang/tt_transformers/model_cache/llama33_70b/T3K/attn/layer21_wqkv_srcshape_1_1_8192_10240_dtype_BFLOAT8_B_layout_TILE_memcfg_663972112453010226_mapper_660f4331f0f0_device_0.tensorbin
2026-09-02 20:54:48.604 | INFO     | tt_transformers.modules.lazy_weight:get_device_weight:120 - [32m[cache hit][0m Loading tensor from cache: /localdev/gwang/tt_transformers/model_cache/llama33_70b/T3K/attn/layer21_wo_srcshape_1_1_8192_8192_dtype_BFLOAT8_B_layout_TILE_mapper_660f4331f0f0_device_0.tensorbin
2026-09-02 20:54:48.609 | INFO     | tt_transformers.modules.lazy_weight:get_device_weight:120 - [32m[cache hit][0m Loading tensor from cache: /localdev/gwang/tt_transformers/model_cache/llama33_70b/T3K/norm/layer21_post_attn_srcshape_1_1_256_32_dtype_BFLOAT16_layout_ROW_MAJOR_mapper_241585d9fe31_device_0.tensorbin
2026-09-02 20:54:48.609 | INFO     | tt_transformers.modules.lazy_weight:get_device_weight:120 - [32m[cache hit][0m Loading tensor from cache: /localdev/gwang/tt_transformers/model_cache/llama33_70b/T3K/norm/layer21_post_attn_srcshape_1_1_256_32_dtype_BFLOAT16_layout_ROW_MAJOR_mapper_b82b244385ac_device_0.tensorbin
2026-09-02 20:54:48.610 | INFO     | tt_transformers.modules.lazy_weight:get_device_weight:120 - [32m[cache hit][0m Loading tensor from cache: /localdev/gwang/tt_transformers/model_cache/llama33_70b/T3K/mlp/layer21_w1_srcshape_8192_28672_dtype_BFLOAT8_B_layout_TILE_memcfg_1786057467681592545_mapper_660f4331f0f0_device_0.tensorbin
2026-09-02 20:54:48.624 | INFO     | tt_transformers.modules.lazy_weight:get_device_weight:120 - [32m[cache hit][0m Loading tensor from cache: /localdev/gwang/tt_transformers/model_cache/llama33_70b/T3K/mlp/layer21_w2_srcshape_28672_8192_dtype_BFLOAT8_B_layout_TILE_memcfg_906506041791331912_mapper_0cdd7bdaff6f_device_0.tensorbin
2026-09-02 20:54:48.636 | INFO     | tt_transformers.modules.lazy_weight:get_device_weight:120 - [32m[cache hit][0m Loading tensor from cache: /localdev/gwang/tt_transformers/model_cache/llama33_70b/T3K/mlp/layer21_w3_srcshape_8192_28672_dtype_BFLOAT8_B_layout_TILE_memcfg_1786057467681592545_mapper_660f4331f0f0_device_0.tensorbin
2026-09-02 20:54:48.652 | INFO     | tt_transformers.modules.lazy_weight:get_device_weight:120 - [32m[cache hit][0m Loading tensor from cache: /localdev/gwang/tt_transformers/model_cache/llama33_70b/T3K/norm/layer22_pre_attn_srcshape_1_1_256_32_dtype_BFLOAT16_layout_ROW_MAJOR_mapper_241585d9fe31_device_0.tensorbin
2026-09-02 20:54:48.653 | INFO     | tt_transformers.modules.lazy_weight:get_device_weight:120 - [32m[cache hit][0m Loading tensor from cache: /localdev/gwang/tt_transformers/model_cache/llama33_70b/T3K/norm/layer22_pre_attn_srcshape_1_1_256_32_dtype_BFLOAT16_layout_ROW_MAJOR_mapper_b82b244385ac_device_0.tensorbin
2026-09-02 20:54:48.653 | INFO     | tt_transformers.modules.lazy_weight:get_device_weight:120 - [32m[cache hit][0m Loading tensor from cache: /localdev/gwang/tt_transformers/model_cache/llama33_70b/T3K/attn/layer22_wqkv_srcshape_1_1_8192_10240_dtype_BFLOAT8_B_layout_TILE_memcfg_663972112453010226_mapper_660f4331f0f0_device_0.tensorbin
2026-09-02 20:54:48.659 | INFO     | tt_transformers.modules.lazy_weight:get_device_weight:120 - [32m[cache hit][0m Loading tensor from cache: /localdev/gwang/tt_transformers/model_cache/llama33_70b/T3K/attn/layer22_wo_srcshape_1_1_8192_8192_dtype_BFLOAT8_B_layout_TILE_mapper_660f4331f0f0_device_0.tensorbin
2026-09-02 20:54:48.665 | INFO     | tt_transformers.modules.lazy_weight:get_device_weight:120 - [32m[cache hit][0m Loading tensor from cache: /localdev/gwang/tt_transformers/model_cache/llama33_70b/T3K/norm/layer22_post_attn_srcshape_1_1_256_32_dtype_BFLOAT16_layout_ROW_MAJOR_mapper_241585d9fe31_device_0.tensorbin
2026-09-02 20:54:48.665 | INFO     | tt_transformers.modules.lazy_weight:get_device_weight:120 - [32m[cache hit][0m Loading tensor from cache: /localdev/gwang/tt_transformers/model_cache/llama33_70b/T3K/norm/layer22_post_attn_srcshape_1_1_256_32_dtype_BFLOAT16_layout_ROW_MAJOR_mapper_b82b244385ac_device_0.tensorbin
2026-09-02 20:54:48.666 | INFO     | tt_transformers.modules.lazy_weight:get_device_weight:120 - [32m[cache hit][0m Loading tensor from cache: /localdev/gwang/tt_transformers/model_cache/llama33_70b/T3K/mlp/layer22_w1_srcshape_8192_28672_dtype_BFLOAT8_B_layout_TILE_memcfg_1786057467681592545_mapper_660f4331f0f0_device_0.tensorbin
2026-09-02 20:54:48.679 | INFO     | tt_transformers.modules.lazy_weight:get_device_weight:120 - [32m[cache hit][0m Loading tensor from cache: /localdev/gwang/tt_transformers/model_cache/llama33_70b/T3K/mlp/layer22_w2_srcshape_28672_8192_dtype_BFLOAT8_B_layout_TILE_memcfg_906506041791331912_mapper_0cdd7bdaff6f_device_0.tensorbin
2026-09-02 20:54:48.694 | INFO     | tt_transformers.modules.lazy_weight:get_device_weight:120 - [32m[cache hit][0m Loading tensor from cache: /localdev/gwang/tt_transformers/model_cache/llama33_70b/T3K/mlp/layer22_w3_srcshape_8192_28672_dtype_BFLOAT8_B_layout_TILE_memcfg_1786057467681592545_mapper_660f4331f0f0_device_0.tensorbin
2026-09-02 20:54:48.709 | INFO     | tt_transformers.modules.lazy_weight:get_device_weight:120 - [32m[cache hit][0m Loading tensor from cache: /localdev/gwang/tt_transformers/model_cache/llama33_70b/T3K/norm/layer23_pre_attn_srcshape_1_1_256_32_dtype_BFLOAT16_layout_ROW_MAJOR_mapper_241585d9fe31_device_0.tensorbin
2026-09-02 20:54:48.709 | INFO     | tt_transformers.modules.lazy_weight:get_device_weight:120 - [32m[cache hit][0m Loading tensor from cache: /localdev/gwang/tt_transformers/model_cache/llama33_70b/T3K/norm/layer23_pre_attn_srcshape_1_1_256_32_dtype_BFLOAT16_layout_ROW_MAJOR_mapper_b82b244385ac_device_0.tensorbin
2026-09-02 20:54:48.710 | INFO     | tt_transformers.modules.lazy_weight:get_device_weight:120 - [32m[cache hit][0m Loading tensor from cache: /localdev/gwang/tt_transformers/model_cache/llama33_70b/T3K/attn/layer23_wqkv_srcshape_1_1_8192_10240_dtype_BFLOAT8_B_layout_TILE_memcfg_663972112453010226_mapper_660f4331f0f0_device_0.tensorbin
2026-09-02 20:54:48.715 | INFO     | tt_transformers.modules.lazy_weight:get_device_weight:120 - [32m[cache hit][0m Loading tensor from cache: /localdev/gwang/tt_transformers/model_cache/llama33_70b/T3K/attn/layer23_wo_srcshape_1_1_8192_8192_dtype_BFLOAT8_B_layout_TILE_mapper_660f4331f0f0_device_0.tensorbin
2026-09-02 20:54:48.721 | INFO     | tt_transformers.modules.lazy_weight:get_device_weight:120 - [32m[cache hit][0m Loading tensor from cache: /localdev/gwang/tt_transformers/model_cache/llama33_70b/T3K/norm/layer23_post_attn_srcshape_1_1_256_32_dtype_BFLOAT16_layout_ROW_MAJOR_mapper_241585d9fe31_device_0.tensorbin
2026-09-02 20:54:48.722 | INFO     | tt_transformers.modules.lazy_weight:get_device_weight:120 - [32m[cache hit][0m Loading tensor from cache: /localdev/gwang/tt_transformers/model_cache/llama33_70b/T3K/norm/layer23_post_attn_srcshape_1_1_256_32_dtype_BFLOAT16_layout_ROW_MAJOR_mapper_b82b244385ac_device_0.tensorbin
2026-09-02 20:54:48.722 | INFO     | tt_transformers.modules.lazy_weight:get_device_weight:120 - [32m[cache hit][0m Loading tensor from cache: /localdev/gwang/tt_transformers/model_cache/llama33_70b/T3K/mlp/layer23_w1_srcshape_8192_28672_dtype_BFLOAT8_B_layout_TILE_memcfg_1786057467681592545_mapper_660f4331f0f0_device_0.tensorbin
2026-09-02 20:54:48.735 | INFO     | tt_transformers.modules.lazy_weight:get_device_weight:120 - [32m[cache hit][0m Loading tensor from cache: /localdev/gwang/tt_transformers/model_cache/llama33_70b/T3K/mlp/layer23_w2_srcshape_28672_8192_dtype_BFLOAT8_B_layout_TILE_memcfg_906506041791331912_mapper_0cdd7bdaff6f_device_0.tensorbin
2026-09-02 20:54:48.749 | INFO     | tt_transformers.modules.lazy_weight:get_device_weight:120 - [32m[cache hit][0m Loading tensor from cache: /localdev/gwang/tt_transformers/model_cache/llama33_70b/T3K/mlp/layer23_w3_srcshape_8192_28672_dtype_BFLOAT8_B_layout_TILE_memcfg_1786057467681592545_mapper_660f4331f0f0_device_0.tensorbin
2026-09-02 20:54:48.764 | INFO     | tt_transformers.modules.lazy_weight:get_device_weight:120 - [32m[cache hit][0m Loading tensor from cache: /localdev/gwang/tt_transformers/model_cache/llama33_70b/T3K/norm/layer24_pre_attn_srcshape_1_1_256_32_dtype_BFLOAT16_layout_ROW_MAJOR_mapper_241585d9fe31_device_0.tensorbin
2026-09-02 20:54:48.765 | INFO     | tt_transformers.modules.lazy_weight:get_device_weight:120 - [32m[cache hit][0m Loading tensor from cache: /localdev/gwang/tt_transformers/model_cache/llama33_70b/T3K/norm/layer24_pre_attn_srcshape_1_1_256_32_dtype_BFLOAT16_layout_ROW_MAJOR_mapper_b82b244385ac_device_0.tensorbin
2026-09-02 20:54:48.765 | INFO     | tt_transformers.modules.lazy_weight:get_device_weight:120 - [32m[cache hit][0m Loading tensor from cache: /localdev/gwang/tt_transformers/model_cache/llama33_70b/T3K/attn/layer24_wqkv_srcshape_1_1_8192_10240_dtype_BFLOAT8_B_layout_TILE_memcfg_663972112453010226_mapper_660f4331f0f0_device_0.tensorbin
2026-09-02 20:54:48.771 | INFO     | tt_transformers.modules.lazy_weight:get_device_weight:120 - [32m[cache hit][0m Loading tensor from cache: /localdev/gwang/tt_transformers/model_cache/llama33_70b/T3K/attn/layer24_wo_srcshape_1_1_8192_8192_dtype_BFLOAT8_B_layout_TILE_mapper_660f4331f0f0_device_0.tensorbin
2026-09-02 20:54:48.776 | INFO     | tt_transformers.modules.lazy_weight:get_device_weight:120 - [32m[cache hit][0m Loading tensor from cache: /localdev/gwang/tt_transformers/model_cache/llama33_70b/T3K/norm/layer24_post_attn_srcshape_1_1_256_32_dtype_BFLOAT16_layout_ROW_MAJOR_mapper_241585d9fe31_device_0.tensorbin
2026-09-02 20:54:48.776 | INFO     | tt_transformers.modules.lazy_weight:get_device_weight:120 - [32m[cache hit][0m Loading tensor from cache: /localdev/gwang/tt_transformers/model_cache/llama33_70b/T3K/norm/layer24_post_attn_srcshape_1_1_256_32_dtype_BFLOAT16_layout_ROW_MAJOR_mapper_b82b244385ac_device_0.tensorbin
2026-09-02 20:54:48.777 | INFO     | tt_transformers.modules.lazy_weight:get_device_weight:120 - [32m[cache hit][0m Loading tensor from cache: /localdev/gwang/tt_transformers/model_cache/llama33_70b/T3K/mlp/layer24_w1_srcshape_8192_28672_dtype_BFLOAT8_B_layout_TILE_memcfg_1786057467681592545_mapper_660f4331f0f0_device_0.tensorbin
2026-09-02 20:54:48.792 | INFO     | tt_transformers.modules.lazy_weight:get_device_weight:120 - [32m[cache hit][0m Loading tensor from cache: /localdev/gwang/tt_transformers/model_cache/llama33_70b/T3K/mlp/layer24_w2_srcshape_28672_8192_dtype_BFLOAT8_B_layout_TILE_memcfg_906506041791331912_mapper_0cdd7bdaff6f_device_0.tensorbin
2026-09-02 20:54:48.806 | INFO     | tt_transformers.modules.lazy_weight:get_device_weight:120 - [32m[cache hit][0m Loading tensor from cache: /localdev/gwang/tt_transformers/model_cache/llama33_70b/T3K/mlp/layer24_w3_srcshape_8192_28672_dtype_BFLOAT8_B_layout_TILE_memcfg_1786057467681592545_mapper_660f4331f0f0_device_0.tensorbin
2026-09-02 20:54:48.822 | INFO     | tt_transformers.modules.lazy_weight:get_device_weight:120 - [32m[cache hit][0m Loading tensor from cache: /localdev/gwang/tt_transformers/model_cache/llama33_70b/T3K/norm/layer25_pre_attn_srcshape_1_1_256_32_dtype_BFLOAT16_layout_ROW_MAJOR_mapper_241585d9fe31_device_0.tensorbin
2026-09-02 20:54:48.822 | INFO     | tt_transformers.modules.lazy_weight:get_device_weight:120 - [32m[cache hit][0m Loading tensor from cache: /localdev/gwang/tt_transformers/model_cache/llama33_70b/T3K/norm/layer25_pre_attn_srcshape_1_1_256_32_dtype_BFLOAT16_layout_ROW_MAJOR_mapper_b82b244385ac_device_0.tensorbin
2026-09-02 20:54:48.823 | INFO     | tt_transformers.modules.lazy_weight:get_device_weight:120 - [32m[cache hit][0m Loading tensor from cache: /localdev/gwang/tt_transformers/model_cache/llama33_70b/T3K/attn/layer25_wqkv_srcshape_1_1_8192_10240_dtype_BFLOAT8_B_layout_TILE_memcfg_663972112453010226_mapper_660f4331f0f0_device_0.tensorbin
2026-09-02 20:54:48.828 | INFO     | tt_transformers.modules.lazy_weight:get_device_weight:120 - [32m[cache hit][0m Loading tensor from cache: /localdev/gwang/tt_transformers/model_cache/llama33_70b/T3K/attn/layer25_wo_srcshape_1_1_8192_8192_dtype_BFLOAT8_B_layout_TILE_mapper_660f4331f0f0_device_0.tensorbin
2026-09-02 20:54:48.833 | INFO     | tt_transformers.modules.lazy_weight:get_device_weight:120 - [32m[cache hit][0m Loading tensor from cache: /localdev/gwang/tt_transformers/model_cache/llama33_70b/T3K/norm/layer25_post_attn_srcshape_1_1_256_32_dtype_BFLOAT16_layout_ROW_MAJOR_mapper_241585d9fe31_device_0.tensorbin
2026-09-02 20:54:48.834 | INFO     | tt_transformers.modules.lazy_weight:get_device_weight:120 - [32m[cache hit][0m Loading tensor from cache: /localdev/gwang/tt_transformers/model_cache/llama33_70b/T3K/norm/layer25_post_attn_srcshape_1_1_256_32_dtype_BFLOAT16_layout_ROW_MAJOR_mapper_b82b244385ac_device_0.tensorbin
2026-09-02 20:54:48.835 | INFO     | tt_transformers.modules.lazy_weight:get_device_weight:120 - [32m[cache hit][0m Loading tensor from cache: /localdev/gwang/tt_transformers/model_cache/llama33_70b/T3K/mlp/layer25_w1_srcshape_8192_28672_dtype_BFLOAT8_B_layout_TILE_memcfg_1786057467681592545_mapper_660f4331f0f0_device_0.tensorbin
2026-09-02 20:54:48.848 | INFO     | tt_transformers.modules.lazy_weight:get_device_weight:120 - [32m[cache hit][0m Loading tensor from cache: /localdev/gwang/tt_transformers/model_cache/llama33_70b/T3K/mlp/layer25_w2_srcshape_28672_8192_dtype_BFLOAT8_B_layout_TILE_memcfg_906506041791331912_mapper_0cdd7bdaff6f_device_0.tensorbin
2026-09-02 20:54:48.860 | INFO     | tt_transformers.modules.lazy_weight:get_device_weight:120 - [32m[cache hit][0m Loading tensor from cache: /localdev/gwang/tt_transformers/model_cache/llama33_70b/T3K/mlp/layer25_w3_srcshape_8192_28672_dtype_BFLOAT8_B_layout_TILE_memcfg_1786057467681592545_mapper_660f4331f0f0_device_0.tensorbin
2026-09-02 20:54:48.875 | INFO     | tt_transformers.modules.lazy_weight:get_device_weight:120 - [32m[cache hit][0m Loading tensor from cache: /localdev/gwang/tt_transformers/model_cache/llama33_70b/T3K/norm/layer26_pre_attn_srcshape_1_1_256_32_dtype_BFLOAT16_layout_ROW_MAJOR_mapper_241585d9fe31_device_0.tensorbin
2026-09-02 20:54:48.876 | INFO     | tt_transformers.modules.lazy_weight:get_device_weight:120 - [32m[cache hit][0m Loading tensor from cache: /localdev/gwang/tt_transformers/model_cache/llama33_70b/T3K/norm/layer26_pre_attn_srcshape_1_1_256_32_dtype_BFLOAT16_layout_ROW_MAJOR_mapper_b82b244385ac_device_0.tensorbin
2026-09-02 20:54:48.877 | INFO     | tt_transformers.modules.lazy_weight:get_device_weight:120 - [32m[cache hit][0m Loading tensor from cache: /localdev/gwang/tt_transformers/model_cache/llama33_70b/T3K/attn/layer26_wqkv_srcshape_1_1_8192_10240_dtype_BFLOAT8_B_layout_TILE_memcfg_663972112453010226_mapper_660f4331f0f0_device_0.tensorbin
2026-09-02 20:54:48.882 | INFO     | tt_transformers.modules.lazy_weight:get_device_weight:120 - [32m[cache hit][0m Loading tensor from cache: /localdev/gwang/tt_transformers/model_cache/llama33_70b/T3K/attn/layer26_wo_srcshape_1_1_8192_8192_dtype_BFLOAT8_B_layout_TILE_mapper_660f4331f0f0_device_0.tensorbin
2026-09-02 20:54:48.888 | INFO     | tt_transformers.modules.lazy_weight:get_device_weight:120 - [32m[cache hit][0m Loading tensor from cache: /localdev/gwang/tt_transformers/model_cache/llama33_70b/T3K/norm/layer26_post_attn_srcshape_1_1_256_32_dtype_BFLOAT16_layout_ROW_MAJOR_mapper_241585d9fe31_device_0.tensorbin
2026-09-02 20:54:48.888 | INFO     | tt_transformers.modules.lazy_weight:get_device_weight:120 - [32m[cache hit][0m Loading tensor from cache: /localdev/gwang/tt_transformers/model_cache/llama33_70b/T3K/norm/layer26_post_attn_srcshape_1_1_256_32_dtype_BFLOAT16_layout_ROW_MAJOR_mapper_b82b244385ac_device_0.tensorbin
2026-09-02 20:54:48.889 | INFO     | tt_transformers.modules.lazy_weight:get_device_weight:120 - [32m[cache hit][0m Loading tensor from cache: /localdev/gwang/tt_transformers/model_cache/llama33_70b/T3K/mlp/layer26_w1_srcshape_8192_28672_dtype_BFLOAT8_B_layout_TILE_memcfg_1786057467681592545_mapper_660f4331f0f0_device_0.tensorbin
2026-09-02 20:54:48.903 | INFO     | tt_transformers.modules.lazy_weight:get_device_weight:120 - [32m[cache hit][0m Loading tensor from cache: /localdev/gwang/tt_transformers/model_cache/llama33_70b/T3K/mlp/layer26_w2_srcshape_28672_8192_dtype_BFLOAT8_B_layout_TILE_memcfg_906506041791331912_mapper_0cdd7bdaff6f_device_0.tensorbin
2026-09-02 20:54:48.918 | INFO     | tt_transformers.modules.lazy_weight:get_device_weight:120 - [32m[cache hit][0m Loading tensor from cache: /localdev/gwang/tt_transformers/model_cache/llama33_70b/T3K/mlp/layer26_w3_srcshape_8192_28672_dtype_BFLOAT8_B_layout_TILE_memcfg_1786057467681592545_mapper_660f4331f0f0_device_0.tensorbin
2026-09-02 20:54:48.934 | INFO     | tt_transformers.modules.lazy_weight:get_device_weight:120 - [32m[cache hit][0m Loading tensor from cache: /localdev/gwang/tt_transformers/model_cache/llama33_70b/T3K/norm/layer27_pre_attn_srcshape_1_1_256_32_dtype_BFLOAT16_layout_ROW_MAJOR_mapper_241585d9fe31_device_0.tensorbin
2026-09-02 20:54:48.934 | INFO     | tt_transformers.modules.lazy_weight:get_device_weight:120 - [32m[cache hit][0m Loading tensor from cache: /localdev/gwang/tt_transformers/model_cache/llama33_70b/T3K/norm/layer27_pre_attn_srcshape_1_1_256_32_dtype_BFLOAT16_layout_ROW_MAJOR_mapper_b82b244385ac_device_0.tensorbin
2026-09-02 20:54:48.935 | INFO     | tt_transformers.modules.lazy_weight:get_device_weight:120 - [32m[cache hit][0m Loading tensor from cache: /localdev/gwang/tt_transformers/model_cache/llama33_70b/T3K/attn/layer27_wqkv_srcshape_1_1_8192_10240_dtype_BFLOAT8_B_layout_TILE_memcfg_663972112453010226_mapper_660f4331f0f0_device_0.tensorbin
2026-09-02 20:54:48.940 | INFO     | tt_transformers.modules.lazy_weight:get_device_weight:120 - [32m[cache hit][0m Loading tensor from cache: /localdev/gwang/tt_transformers/model_cache/llama33_70b/T3K/attn/layer27_wo_srcshape_1_1_8192_8192_dtype_BFLOAT8_B_layout_TILE_mapper_660f4331f0f0_device_0.tensorbin
2026-09-02 20:54:48.946 | INFO     | tt_transformers.modules.lazy_weight:get_device_weight:120 - [32m[cache hit][0m Loading tensor from cache: /localdev/gwang/tt_transformers/model_cache/llama33_70b/T3K/norm/layer27_post_attn_srcshape_1_1_256_32_dtype_BFLOAT16_layout_ROW_MAJOR_mapper_241585d9fe31_device_0.tensorbin
2026-09-02 20:54:48.946 | INFO     | tt_transformers.modules.lazy_weight:get_device_weight:120 - [32m[cache hit][0m Loading tensor from cache: /localdev/gwang/tt_transformers/model_cache/llama33_70b/T3K/norm/layer27_post_attn_srcshape_1_1_256_32_dtype_BFLOAT16_layout_ROW_MAJOR_mapper_b82b244385ac_device_0.tensorbin
2026-09-02 20:54:48.947 | INFO     | tt_transformers.modules.lazy_weight:get_device_weight:120 - [32m[cache hit][0m Loading tensor from cache: /localdev/gwang/tt_transformers/model_cache/llama33_70b/T3K/mlp/layer27_w1_srcshape_8192_28672_dtype_BFLOAT8_B_layout_TILE_memcfg_1786057467681592545_mapper_660f4331f0f0_device_0.tensorbin
2026-09-02 20:54:48.962 | INFO     | tt_transformers.modules.lazy_weight:get_device_weight:120 - [32m[cache hit][0m Loading tensor from cache: /localdev/gwang/tt_transformers/model_cache/llama33_70b/T3K/mlp/layer27_w2_srcshape_28672_8192_dtype_BFLOAT8_B_layout_TILE_memcfg_906506041791331912_mapper_0cdd7bdaff6f_device_0.tensorbin
2026-09-02 20:54:48.975 | INFO     | tt_transformers.modules.lazy_weight:get_device_weight:120 - [32m[cache hit][0m Loading tensor from cache: /localdev/gwang/tt_transformers/model_cache/llama33_70b/T3K/mlp/layer27_w3_srcshape_8192_28672_dtype_BFLOAT8_B_layout_TILE_memcfg_1786057467681592545_mapper_660f4331f0f0_device_0.tensorbin
2026-09-02 20:54:48.990 | INFO     | tt_transformers.modules.lazy_weight:get_device_weight:120 - [32m[cache hit][0m Loading tensor from cache: /localdev/gwang/tt_transformers/model_cache/llama33_70b/T3K/norm/layer28_pre_attn_srcshape_1_1_256_32_dtype_BFLOAT16_layout_ROW_MAJOR_mapper_241585d9fe31_device_0.tensorbin
2026-09-02 20:54:48.990 | INFO     | tt_transformers.modules.lazy_weight:get_device_weight:120 - [32m[cache hit][0m Loading tensor from cache: /localdev/gwang/tt_transformers/model_cache/llama33_70b/T3K/norm/layer28_pre_attn_srcshape_1_1_256_32_dtype_BFLOAT16_layout_ROW_MAJOR_mapper_b82b244385ac_device_0.tensorbin
2026-09-02 20:54:48.991 | INFO     | tt_transformers.modules.lazy_weight:get_device_weight:120 - [32m[cache hit][0m Loading tensor from cache: /localdev/gwang/tt_transformers/model_cache/llama33_70b/T3K/attn/layer28_wqkv_srcshape_1_1_8192_10240_dtype_BFLOAT8_B_layout_TILE_memcfg_663972112453010226_mapper_660f4331f0f0_device_0.tensorbin
2026-09-02 20:54:48.996 | INFO     | tt_transformers.modules.lazy_weight:get_device_weight:120 - [32m[cache hit][0m Loading tensor from cache: /localdev/gwang/tt_transformers/model_cache/llama33_70b/T3K/attn/layer28_wo_srcshape_1_1_8192_8192_dtype_BFLOAT8_B_layout_TILE_mapper_660f4331f0f0_device_0.tensorbin
2026-09-02 20:54:49.002 | INFO     | tt_transformers.modules.lazy_weight:get_device_weight:120 - [32m[cache hit][0m Loading tensor from cache: /localdev/gwang/tt_transformers/model_cache/llama33_70b/T3K/norm/layer28_post_attn_srcshape_1_1_256_32_dtype_BFLOAT16_layout_ROW_MAJOR_mapper_241585d9fe31_device_0.tensorbin
2026-09-02 20:54:49.002 | INFO     | tt_transformers.modules.lazy_weight:get_device_weight:120 - [32m[cache hit][0m Loading tensor from cache: /localdev/gwang/tt_transformers/model_cache/llama33_70b/T3K/norm/layer28_post_attn_srcshape_1_1_256_32_dtype_BFLOAT16_layout_ROW_MAJOR_mapper_b82b244385ac_device_0.tensorbin
2026-09-02 20:54:49.003 | INFO     | tt_transformers.modules.lazy_weight:get_device_weight:120 - [32m[cache hit][0m Loading tensor from cache: /localdev/gwang/tt_transformers/model_cache/llama33_70b/T3K/mlp/layer28_w1_srcshape_8192_28672_dtype_BFLOAT8_B_layout_TILE_memcfg_1786057467681592545_mapper_660f4331f0f0_device_0.tensorbin
2026-09-02 20:54:49.016 | INFO     | tt_transformers.modules.lazy_weight:get_device_weight:120 - [32m[cache hit][0m Loading tensor from cache: /localdev/gwang/tt_transformers/model_cache/llama33_70b/T3K/mlp/layer28_w2_srcshape_28672_8192_dtype_BFLOAT8_B_layout_TILE_memcfg_906506041791331912_mapper_0cdd7bdaff6f_device_0.tensorbin
2026-09-02 20:54:49.032 | INFO     | tt_transformers.modules.lazy_weight:get_device_weight:120 - [32m[cache hit][0m Loading tensor from cache: /localdev/gwang/tt_transformers/model_cache/llama33_70b/T3K/mlp/layer28_w3_srcshape_8192_28672_dtype_BFLOAT8_B_layout_TILE_memcfg_1786057467681592545_mapper_660f4331f0f0_device_0.tensorbin
2026-09-02 20:54:49.048 | INFO     | tt_transformers.modules.lazy_weight:get_device_weight:120 - [32m[cache hit][0m Loading tensor from cache: /localdev/gwang/tt_transformers/model_cache/llama33_70b/T3K/norm/layer29_pre_attn_srcshape_1_1_256_32_dtype_BFLOAT16_layout_ROW_MAJOR_mapper_241585d9fe31_device_0.tensorbin
2026-09-02 20:54:49.048 | INFO     | tt_transformers.modules.lazy_weight:get_device_weight:120 - [32m[cache hit][0m Loading tensor from cache: /localdev/gwang/tt_transformers/model_cache/llama33_70b/T3K/norm/layer29_pre_attn_srcshape_1_1_256_32_dtype_BFLOAT16_layout_ROW_MAJOR_mapper_b82b244385ac_device_0.tensorbin
2026-09-02 20:54:49.049 | INFO     | tt_transformers.modules.lazy_weight:get_device_weight:120 - [32m[cache hit][0m Loading tensor from cache: /localdev/gwang/tt_transformers/model_cache/llama33_70b/T3K/attn/layer29_wqkv_srcshape_1_1_8192_10240_dtype_BFLOAT8_B_layout_TILE_memcfg_663972112453010226_mapper_660f4331f0f0_device_0.tensorbin
2026-09-02 20:54:49.054 | INFO     | tt_transformers.modules.lazy_weight:get_device_weight:120 - [32m[cache hit][0m Loading tensor from cache: /localdev/gwang/tt_transformers/model_cache/llama33_70b/T3K/attn/layer29_wo_srcshape_1_1_8192_8192_dtype_BFLOAT8_B_layout_TILE_mapper_660f4331f0f0_device_0.tensorbin
2026-09-02 20:54:49.060 | INFO     | tt_transformers.modules.lazy_weight:get_device_weight:120 - [32m[cache hit][0m Loading tensor from cache: /localdev/gwang/tt_transformers/model_cache/llama33_70b/T3K/norm/layer29_post_attn_srcshape_1_1_256_32_dtype_BFLOAT16_layout_ROW_MAJOR_mapper_241585d9fe31_device_0.tensorbin
2026-09-02 20:54:49.060 | INFO     | tt_transformers.modules.lazy_weight:get_device_weight:120 - [32m[cache hit][0m Loading tensor from cache: /localdev/gwang/tt_transformers/model_cache/llama33_70b/T3K/norm/layer29_post_attn_srcshape_1_1_256_32_dtype_BFLOAT16_layout_ROW_MAJOR_mapper_b82b244385ac_device_0.tensorbin
2026-09-02 20:54:49.061 | INFO     | tt_transformers.modules.lazy_weight:get_device_weight:120 - [32m[cache hit][0m Loading tensor from cache: /localdev/gwang/tt_transformers/model_cache/llama33_70b/T3K/mlp/layer29_w1_srcshape_8192_28672_dtype_BFLOAT8_B_layout_TILE_memcfg_1786057467681592545_mapper_660f4331f0f0_device_0.tensorbin
2026-09-02 20:54:49.075 | INFO     | tt_transformers.modules.lazy_weight:get_device_weight:120 - [32m[cache hit][0m Loading tensor from cache: /localdev/gwang/tt_transformers/model_cache/llama33_70b/T3K/mlp/layer29_w2_srcshape_28672_8192_dtype_BFLOAT8_B_layout_TILE_memcfg_906506041791331912_mapper_0cdd7bdaff6f_device_0.tensorbin
2026-09-02 20:54:49.088 | INFO     | tt_transformers.modules.lazy_weight:get_device_weight:120 - [32m[cache hit][0m Loading tensor from cache: /localdev/gwang/tt_transformers/model_cache/llama33_70b/T3K/mlp/layer29_w3_srcshape_8192_28672_dtype_BFLOAT8_B_layout_TILE_memcfg_1786057467681592545_mapper_660f4331f0f0_device_0.tensorbin
2026-09-02 20:54:49.103 | INFO     | tt_transformers.modules.lazy_weight:get_device_weight:120 - [32m[cache hit][0m Loading tensor from cache: /localdev/gwang/tt_transformers/model_cache/llama33_70b/T3K/norm/layer30_pre_attn_srcshape_1_1_256_32_dtype_BFLOAT16_layout_ROW_MAJOR_mapper_241585d9fe31_device_0.tensorbin
2026-09-02 20:54:49.104 | INFO     | tt_transformers.modules.lazy_weight:get_device_weight:120 - [32m[cache hit][0m Loading tensor from cache: /localdev/gwang/tt_transformers/model_cache/llama33_70b/T3K/norm/layer30_pre_attn_srcshape_1_1_256_32_dtype_BFLOAT16_layout_ROW_MAJOR_mapper_b82b244385ac_device_0.tensorbin
2026-09-02 20:54:49.105 | INFO     | tt_transformers.modules.lazy_weight:get_device_weight:120 - [32m[cache hit][0m Loading tensor from cache: /localdev/gwang/tt_transformers/model_cache/llama33_70b/T3K/attn/layer30_wqkv_srcshape_1_1_8192_10240_dtype_BFLOAT8_B_layout_TILE_memcfg_663972112453010226_mapper_660f4331f0f0_device_0.tensorbin
2026-09-02 20:54:49.110 | INFO     | tt_transformers.modules.lazy_weight:get_device_weight:120 - [32m[cache hit][0m Loading tensor from cache: /localdev/gwang/tt_transformers/model_cache/llama33_70b/T3K/attn/layer30_wo_srcshape_1_1_8192_8192_dtype_BFLOAT8_B_layout_TILE_mapper_660f4331f0f0_device_0.tensorbin
2026-09-02 20:54:49.115 | INFO     | tt_transformers.modules.lazy_weight:get_device_weight:120 - [32m[cache hit][0m Loading tensor from cache: /localdev/gwang/tt_transformers/model_cache/llama33_70b/T3K/norm/layer30_post_attn_srcshape_1_1_256_32_dtype_BFLOAT16_layout_ROW_MAJOR_mapper_241585d9fe31_device_0.tensorbin
2026-09-02 20:54:49.116 | INFO     | tt_transformers.modules.lazy_weight:get_device_weight:120 - [32m[cache hit][0m Loading tensor from cache: /localdev/gwang/tt_transformers/model_cache/llama33_70b/T3K/norm/layer30_post_attn_srcshape_1_1_256_32_dtype_BFLOAT16_layout_ROW_MAJOR_mapper_b82b244385ac_device_0.tensorbin
2026-09-02 20:54:49.117 | INFO     | tt_transformers.modules.lazy_weight:get_device_weight:120 - [32m[cache hit][0m Loading tensor from cache: /localdev/gwang/tt_transformers/model_cache/llama33_70b/T3K/mlp/layer30_w1_srcshape_8192_28672_dtype_BFLOAT8_B_layout_TILE_memcfg_1786057467681592545_mapper_660f4331f0f0_device_0.tensorbin
2026-09-02 20:54:49.130 | INFO     | tt_transformers.modules.lazy_weight:get_device_weight:120 - [32m[cache hit][0m Loading tensor from cache: /localdev/gwang/tt_transformers/model_cache/llama33_70b/T3K/mlp/layer30_w2_srcshape_28672_8192_dtype_BFLOAT8_B_layout_TILE_memcfg_906506041791331912_mapper_0cdd7bdaff6f_device_0.tensorbin
2026-09-02 20:54:49.143 | INFO     | tt_transformers.modules.lazy_weight:get_device_weight:120 - [32m[cache hit][0m Loading tensor from cache: /localdev/gwang/tt_transformers/model_cache/llama33_70b/T3K/mlp/layer30_w3_srcshape_8192_28672_dtype_BFLOAT8_B_layout_TILE_memcfg_1786057467681592545_mapper_660f4331f0f0_device_0.tensorbin
2026-09-02 20:54:49.158 | INFO     | tt_transformers.modules.lazy_weight:get_device_weight:120 - [32m[cache hit][0m Loading tensor from cache: /localdev/gwang/tt_transformers/model_cache/llama33_70b/T3K/norm/layer31_pre_attn_srcshape_1_1_256_32_dtype_BFLOAT16_layout_ROW_MAJOR_mapper_241585d9fe31_device_0.tensorbin
2026-09-02 20:54:49.159 | INFO     | tt_transformers.modules.lazy_weight:get_device_weight:120 - [32m[cache hit][0m Loading tensor from cache: /localdev/gwang/tt_transformers/model_cache/llama33_70b/T3K/norm/layer31_pre_attn_srcshape_1_1_256_32_dtype_BFLOAT16_layout_ROW_MAJOR_mapper_b82b244385ac_device_0.tensorbin
2026-09-02 20:54:49.160 | INFO     | tt_transformers.modules.lazy_weight:get_device_weight:120 - [32m[cache hit][0m Loading tensor from cache: /localdev/gwang/tt_transformers/model_cache/llama33_70b/T3K/attn/layer31_wqkv_srcshape_1_1_8192_10240_dtype_BFLOAT8_B_layout_TILE_memcfg_663972112453010226_mapper_660f4331f0f0_device_0.tensorbin
2026-09-02 20:54:49.165 | INFO     | tt_transformers.modules.lazy_weight:get_device_weight:120 - [32m[cache hit][0m Loading tensor from cache: /localdev/gwang/tt_transformers/model_cache/llama33_70b/T3K/attn/layer31_wo_srcshape_1_1_8192_8192_dtype_BFLOAT8_B_layout_TILE_mapper_660f4331f0f0_device_0.tensorbin
2026-09-02 20:54:49.170 | INFO     | tt_transformers.modules.lazy_weight:get_device_weight:120 - [32m[cache hit][0m Loading tensor from cache: /localdev/gwang/tt_transformers/model_cache/llama33_70b/T3K/norm/layer31_post_attn_srcshape_1_1_256_32_dtype_BFLOAT16_layout_ROW_MAJOR_mapper_241585d9fe31_device_0.tensorbin
2026-09-02 20:54:49.170 | INFO     | tt_transformers.modules.lazy_weight:get_device_weight:120 - [32m[cache hit][0m Loading tensor from cache: /localdev/gwang/tt_transformers/model_cache/llama33_70b/T3K/norm/layer31_post_attn_srcshape_1_1_256_32_dtype_BFLOAT16_layout_ROW_MAJOR_mapper_b82b244385ac_device_0.tensorbin
2026-09-02 20:54:49.171 | INFO     | tt_transformers.modules.lazy_weight:get_device_weight:120 - [32m[cache hit][0m Loading tensor from cache: /localdev/gwang/tt_transformers/model_cache/llama33_70b/T3K/mlp/layer31_w1_srcshape_8192_28672_dtype_BFLOAT8_B_layout_TILE_memcfg_1786057467681592545_mapper_660f4331f0f0_device_0.tensorbin
2026-09-02 20:54:49.184 | INFO     | tt_transformers.modules.lazy_weight:get_device_weight:120 - [32m[cache hit][0m Loading tensor from cache: /localdev/gwang/tt_transformers/model_cache/llama33_70b/T3K/mlp/layer31_w2_srcshape_28672_8192_dtype_BFLOAT8_B_layout_TILE_memcfg_906506041791331912_mapper_0cdd7bdaff6f_device_0.tensorbin
2026-09-02 20:54:49.197 | INFO     | tt_transformers.modules.lazy_weight:get_device_weight:120 - [32m[cache hit][0m Loading tensor from cache: /localdev/gwang/tt_transformers/model_cache/llama33_70b/T3K/mlp/layer31_w3_srcshape_8192_28672_dtype_BFLOAT8_B_layout_TILE_memcfg_1786057467681592545_mapper_660f4331f0f0_device_0.tensorbin
2026-09-02 20:54:49.212 | INFO     | tt_transformers.modules.lazy_weight:get_device_weight:120 - [32m[cache hit][0m Loading tensor from cache: /localdev/gwang/tt_transformers/model_cache/llama33_70b/T3K/norm/layer32_pre_attn_srcshape_1_1_256_32_dtype_BFLOAT16_layout_ROW_MAJOR_mapper_241585d9fe31_device_0.tensorbin
2026-09-02 20:54:49.212 | INFO     | tt_transformers.modules.lazy_weight:get_device_weight:120 - [32m[cache hit][0m Loading tensor from cache: /localdev/gwang/tt_transformers/model_cache/llama33_70b/T3K/norm/layer32_pre_attn_srcshape_1_1_256_32_dtype_BFLOAT16_layout_ROW_MAJOR_mapper_b82b244385ac_device_0.tensorbin
2026-09-02 20:54:49.213 | INFO     | tt_transformers.modules.lazy_weight:get_device_weight:120 - [32m[cache hit][0m Loading tensor from cache: /localdev/gwang/tt_transformers/model_cache/llama33_70b/T3K/attn/layer32_wqkv_srcshape_1_1_8192_10240_dtype_BFLOAT8_B_layout_TILE_memcfg_663972112453010226_mapper_660f4331f0f0_device_0.tensorbin
2026-09-02 20:54:49.218 | INFO     | tt_transformers.modules.lazy_weight:get_device_weight:120 - [32m[cache hit][0m Loading tensor from cache: /localdev/gwang/tt_transformers/model_cache/llama33_70b/T3K/attn/layer32_wo_srcshape_1_1_8192_8192_dtype_BFLOAT8_B_layout_TILE_mapper_660f4331f0f0_device_0.tensorbin
2026-09-02 20:54:49.223 | INFO     | tt_transformers.modules.lazy_weight:get_device_weight:120 - [32m[cache hit][0m Loading tensor from cache: /localdev/gwang/tt_transformers/model_cache/llama33_70b/T3K/norm/layer32_post_attn_srcshape_1_1_256_32_dtype_BFLOAT16_layout_ROW_MAJOR_mapper_241585d9fe31_device_0.tensorbin
2026-09-02 20:54:49.224 | INFO     | tt_transformers.modules.lazy_weight:get_device_weight:120 - [32m[cache hit][0m Loading tensor from cache: /localdev/gwang/tt_transformers/model_cache/llama33_70b/T3K/norm/layer32_post_attn_srcshape_1_1_256_32_dtype_BFLOAT16_layout_ROW_MAJOR_mapper_b82b244385ac_device_0.tensorbin
2026-09-02 20:54:49.225 | INFO     | tt_transformers.modules.lazy_weight:get_device_weight:120 - [32m[cache hit][0m Loading tensor from cache: /localdev/gwang/tt_transformers/model_cache/llama33_70b/T3K/mlp/layer32_w1_srcshape_8192_28672_dtype_BFLOAT8_B_layout_TILE_memcfg_1786057467681592545_mapper_660f4331f0f0_device_0.tensorbin
2026-09-02 20:54:49.238 | INFO     | tt_transformers.modules.lazy_weight:get_device_weight:120 - [32m[cache hit][0m Loading tensor from cache: /localdev/gwang/tt_transformers/model_cache/llama33_70b/T3K/mlp/layer32_w2_srcshape_28672_8192_dtype_BFLOAT8_B_layout_TILE_memcfg_906506041791331912_mapper_0cdd7bdaff6f_device_0.tensorbin
2026-09-02 20:54:49.250 | INFO     | tt_transformers.modules.lazy_weight:get_device_weight:120 - [32m[cache hit][0m Loading tensor from cache: /localdev/gwang/tt_transformers/model_cache/llama33_70b/T3K/mlp/layer32_w3_srcshape_8192_28672_dtype_BFLOAT8_B_layout_TILE_memcfg_1786057467681592545_mapper_660f4331f0f0_device_0.tensorbin
2026-09-02 20:54:49.264 | INFO     | tt_transformers.modules.lazy_weight:get_device_weight:120 - [32m[cache hit][0m Loading tensor from cache: /localdev/gwang/tt_transformers/model_cache/llama33_70b/T3K/norm/layer33_pre_attn_srcshape_1_1_256_32_dtype_BFLOAT16_layout_ROW_MAJOR_mapper_241585d9fe31_device_0.tensorbin
2026-09-02 20:54:49.264 | INFO     | tt_transformers.modules.lazy_weight:get_device_weight:120 - [32m[cache hit][0m Loading tensor from cache: /localdev/gwang/tt_transformers/model_cache/llama33_70b/T3K/norm/layer33_pre_attn_srcshape_1_1_256_32_dtype_BFLOAT16_layout_ROW_MAJOR_mapper_b82b244385ac_device_0.tensorbin
2026-09-02 20:54:49.265 | INFO     | tt_transformers.modules.lazy_weight:get_device_weight:120 - [32m[cache hit][0m Loading tensor from cache: /localdev/gwang/tt_transformers/model_cache/llama33_70b/T3K/attn/layer33_wqkv_srcshape_1_1_8192_10240_dtype_BFLOAT8_B_layout_TILE_memcfg_663972112453010226_mapper_660f4331f0f0_device_0.tensorbin
2026-09-02 20:54:49.270 | INFO     | tt_transformers.modules.lazy_weight:get_device_weight:120 - [32m[cache hit][0m Loading tensor from cache: /localdev/gwang/tt_transformers/model_cache/llama33_70b/T3K/attn/layer33_wo_srcshape_1_1_8192_8192_dtype_BFLOAT8_B_layout_TILE_mapper_660f4331f0f0_device_0.tensorbin
2026-09-02 20:54:49.275 | INFO     | tt_transformers.modules.lazy_weight:get_device_weight:120 - [32m[cache hit][0m Loading tensor from cache: /localdev/gwang/tt_transformers/model_cache/llama33_70b/T3K/norm/layer33_post_attn_srcshape_1_1_256_32_dtype_BFLOAT16_layout_ROW_MAJOR_mapper_241585d9fe31_device_0.tensorbin
2026-09-02 20:54:49.276 | INFO     | tt_transformers.modules.lazy_weight:get_device_weight:120 - [32m[cache hit][0m Loading tensor from cache: /localdev/gwang/tt_transformers/model_cache/llama33_70b/T3K/norm/layer33_post_attn_srcshape_1_1_256_32_dtype_BFLOAT16_layout_ROW_MAJOR_mapper_b82b244385ac_device_0.tensorbin
2026-09-02 20:54:49.277 | INFO     | tt_transformers.modules.lazy_weight:get_device_weight:120 - [32m[cache hit][0m Loading tensor from cache: /localdev/gwang/tt_transformers/model_cache/llama33_70b/T3K/mlp/layer33_w1_srcshape_8192_28672_dtype_BFLOAT8_B_layout_TILE_memcfg_1786057467681592545_mapper_660f4331f0f0_device_0.tensorbin
2026-09-02 20:54:49.289 | INFO     | tt_transformers.modules.lazy_weight:get_device_weight:120 - [32m[cache hit][0m Loading tensor from cache: /localdev/gwang/tt_transformers/model_cache/llama33_70b/T3K/mlp/layer33_w2_srcshape_28672_8192_dtype_BFLOAT8_B_layout_TILE_memcfg_906506041791331912_mapper_0cdd7bdaff6f_device_0.tensorbin
2026-09-02 20:54:49.302 | INFO     | tt_transformers.modules.lazy_weight:get_device_weight:120 - [32m[cache hit][0m Loading tensor from cache: /localdev/gwang/tt_transformers/model_cache/llama33_70b/T3K/mlp/layer33_w3_srcshape_8192_28672_dtype_BFLOAT8_B_layout_TILE_memcfg_1786057467681592545_mapper_660f4331f0f0_device_0.tensorbin
2026-09-02 20:54:49.316 | INFO     | tt_transformers.modules.lazy_weight:get_device_weight:120 - [32m[cache hit][0m Loading tensor from cache: /localdev/gwang/tt_transformers/model_cache/llama33_70b/T3K/norm/layer34_pre_attn_srcshape_1_1_256_32_dtype_BFLOAT16_layout_ROW_MAJOR_mapper_241585d9fe31_device_0.tensorbin
2026-09-02 20:54:49.317 | INFO     | tt_transformers.modules.lazy_weight:get_device_weight:120 - [32m[cache hit][0m Loading tensor from cache: /localdev/gwang/tt_transformers/model_cache/llama33_70b/T3K/norm/layer34_pre_attn_srcshape_1_1_256_32_dtype_BFLOAT16_layout_ROW_MAJOR_mapper_b82b244385ac_device_0.tensorbin
2026-09-02 20:54:49.318 | INFO     | tt_transformers.modules.lazy_weight:get_device_weight:120 - [32m[cache hit][0m Loading tensor from cache: /localdev/gwang/tt_transformers/model_cache/llama33_70b/T3K/attn/layer34_wqkv_srcshape_1_1_8192_10240_dtype_BFLOAT8_B_layout_TILE_memcfg_663972112453010226_mapper_660f4331f0f0_device_0.tensorbin
2026-09-02 20:54:49.323 | INFO     | tt_transformers.modules.lazy_weight:get_device_weight:120 - [32m[cache hit][0m Loading tensor from cache: /localdev/gwang/tt_transformers/model_cache/llama33_70b/T3K/attn/layer34_wo_srcshape_1_1_8192_8192_dtype_BFLOAT8_B_layout_TILE_mapper_660f4331f0f0_device_0.tensorbin
2026-09-02 20:54:49.328 | INFO     | tt_transformers.modules.lazy_weight:get_device_weight:120 - [32m[cache hit][0m Loading tensor from cache: /localdev/gwang/tt_transformers/model_cache/llama33_70b/T3K/norm/layer34_post_attn_srcshape_1_1_256_32_dtype_BFLOAT16_layout_ROW_MAJOR_mapper_241585d9fe31_device_0.tensorbin
2026-09-02 20:54:49.328 | INFO     | tt_transformers.modules.lazy_weight:get_device_weight:120 - [32m[cache hit][0m Loading tensor from cache: /localdev/gwang/tt_transformers/model_cache/llama33_70b/T3K/norm/layer34_post_attn_srcshape_1_1_256_32_dtype_BFLOAT16_layout_ROW_MAJOR_mapper_b82b244385ac_device_0.tensorbin
2026-09-02 20:54:49.329 | INFO     | tt_transformers.modules.lazy_weight:get_device_weight:120 - [32m[cache hit][0m Loading tensor from cache: /localdev/gwang/tt_transformers/model_cache/llama33_70b/T3K/mlp/layer34_w1_srcshape_8192_28672_dtype_BFLOAT8_B_layout_TILE_memcfg_1786057467681592545_mapper_660f4331f0f0_device_0.tensorbin
2026-09-02 20:54:49.342 | INFO     | tt_transformers.modules.lazy_weight:get_device_weight:120 - [32m[cache hit][0m Loading tensor from cache: /localdev/gwang/tt_transformers/model_cache/llama33_70b/T3K/mlp/layer34_w2_srcshape_28672_8192_dtype_BFLOAT8_B_layout_TILE_memcfg_906506041791331912_mapper_0cdd7bdaff6f_device_0.tensorbin
2026-09-02 20:54:49.355 | INFO     | tt_transformers.modules.lazy_weight:get_device_weight:120 - [32m[cache hit][0m Loading tensor from cache: /localdev/gwang/tt_transformers/model_cache/llama33_70b/T3K/mlp/layer34_w3_srcshape_8192_28672_dtype_BFLOAT8_B_layout_TILE_memcfg_1786057467681592545_mapper_660f4331f0f0_device_0.tensorbin
2026-09-02 20:54:49.370 | INFO     | tt_transformers.modules.lazy_weight:get_device_weight:120 - [32m[cache hit][0m Loading tensor from cache: /localdev/gwang/tt_transformers/model_cache/llama33_70b/T3K/norm/layer35_pre_attn_srcshape_1_1_256_32_dtype_BFLOAT16_layout_ROW_MAJOR_mapper_241585d9fe31_device_0.tensorbin
2026-09-02 20:54:49.370 | INFO     | tt_transformers.modules.lazy_weight:get_device_weight:120 - [32m[cache hit][0m Loading tensor from cache: /localdev/gwang/tt_transformers/model_cache/llama33_70b/T3K/norm/layer35_pre_attn_srcshape_1_1_256_32_dtype_BFLOAT16_layout_ROW_MAJOR_mapper_b82b244385ac_device_0.tensorbin
2026-09-02 20:54:49.371 | INFO     | tt_transformers.modules.lazy_weight:get_device_weight:120 - [32m[cache hit][0m Loading tensor from cache: /localdev/gwang/tt_transformers/model_cache/llama33_70b/T3K/attn/layer35_wqkv_srcshape_1_1_8192_10240_dtype_BFLOAT8_B_layout_TILE_memcfg_663972112453010226_mapper_660f4331f0f0_device_0.tensorbin
2026-09-02 20:54:49.376 | INFO     | tt_transformers.modules.lazy_weight:get_device_weight:120 - [32m[cache hit][0m Loading tensor from cache: /localdev/gwang/tt_transformers/model_cache/llama33_70b/T3K/attn/layer35_wo_srcshape_1_1_8192_8192_dtype_BFLOAT8_B_layout_TILE_mapper_660f4331f0f0_device_0.tensorbin
2026-09-02 20:54:49.382 | INFO     | tt_transformers.modules.lazy_weight:get_device_weight:120 - [32m[cache hit][0m Loading tensor from cache: /localdev/gwang/tt_transformers/model_cache/llama33_70b/T3K/norm/layer35_post_attn_srcshape_1_1_256_32_dtype_BFLOAT16_layout_ROW_MAJOR_mapper_241585d9fe31_device_0.tensorbin
2026-09-02 20:54:49.382 | INFO     | tt_transformers.modules.lazy_weight:get_device_weight:120 - [32m[cache hit][0m Loading tensor from cache: /localdev/gwang/tt_transformers/model_cache/llama33_70b/T3K/norm/layer35_post_attn_srcshape_1_1_256_32_dtype_BFLOAT16_layout_ROW_MAJOR_mapper_b82b244385ac_device_0.tensorbin
2026-09-02 20:54:49.383 | INFO     | tt_transformers.modules.lazy_weight:get_device_weight:120 - [32m[cache hit][0m Loading tensor from cache: /localdev/gwang/tt_transformers/model_cache/llama33_70b/T3K/mlp/layer35_w1_srcshape_8192_28672_dtype_BFLOAT8_B_layout_TILE_memcfg_1786057467681592545_mapper_660f4331f0f0_device_0.tensorbin
2026-09-02 20:54:49.397 | INFO     | tt_transformers.modules.lazy_weight:get_device_weight:120 - [32m[cache hit][0m Loading tensor from cache: /localdev/gwang/tt_transformers/model_cache/llama33_70b/T3K/mlp/layer35_w2_srcshape_28672_8192_dtype_BFLOAT8_B_layout_TILE_memcfg_906506041791331912_mapper_0cdd7bdaff6f_device_0.tensorbin
2026-09-02 20:54:49.410 | INFO     | tt_transformers.modules.lazy_weight:get_device_weight:120 - [32m[cache hit][0m Loading tensor from cache: /localdev/gwang/tt_transformers/model_cache/llama33_70b/T3K/mlp/layer35_w3_srcshape_8192_28672_dtype_BFLOAT8_B_layout_TILE_memcfg_1786057467681592545_mapper_660f4331f0f0_device_0.tensorbin
2026-09-02 20:54:49.425 | INFO     | tt_transformers.modules.lazy_weight:get_device_weight:120 - [32m[cache hit][0m Loading tensor from cache: /localdev/gwang/tt_transformers/model_cache/llama33_70b/T3K/norm/layer36_pre_attn_srcshape_1_1_256_32_dtype_BFLOAT16_layout_ROW_MAJOR_mapper_241585d9fe31_device_0.tensorbin
2026-09-02 20:54:49.425 | INFO     | tt_transformers.modules.lazy_weight:get_device_weight:120 - [32m[cache hit][0m Loading tensor from cache: /localdev/gwang/tt_transformers/model_cache/llama33_70b/T3K/norm/layer36_pre_attn_srcshape_1_1_256_32_dtype_BFLOAT16_layout_ROW_MAJOR_mapper_b82b244385ac_device_0.tensorbin
2026-09-02 20:54:49.426 | INFO     | tt_transformers.modules.lazy_weight:get_device_weight:120 - [32m[cache hit][0m Loading tensor from cache: /localdev/gwang/tt_transformers/model_cache/llama33_70b/T3K/attn/layer36_wqkv_srcshape_1_1_8192_10240_dtype_BFLOAT8_B_layout_TILE_memcfg_663972112453010226_mapper_660f4331f0f0_device_0.tensorbin
2026-09-02 20:54:49.431 | INFO     | tt_transformers.modules.lazy_weight:get_device_weight:120 - [32m[cache hit][0m Loading tensor from cache: /localdev/gwang/tt_transformers/model_cache/llama33_70b/T3K/attn/layer36_wo_srcshape_1_1_8192_8192_dtype_BFLOAT8_B_layout_TILE_mapper_660f4331f0f0_device_0.tensorbin
2026-09-02 20:54:49.436 | INFO     | tt_transformers.modules.lazy_weight:get_device_weight:120 - [32m[cache hit][0m Loading tensor from cache: /localdev/gwang/tt_transformers/model_cache/llama33_70b/T3K/norm/layer36_post_attn_srcshape_1_1_256_32_dtype_BFLOAT16_layout_ROW_MAJOR_mapper_241585d9fe31_device_0.tensorbin
2026-09-02 20:54:49.436 | INFO     | tt_transformers.modules.lazy_weight:get_device_weight:120 - [32m[cache hit][0m Loading tensor from cache: /localdev/gwang/tt_transformers/model_cache/llama33_70b/T3K/norm/layer36_post_attn_srcshape_1_1_256_32_dtype_BFLOAT16_layout_ROW_MAJOR_mapper_b82b244385ac_device_0.tensorbin
2026-09-02 20:54:49.437 | INFO     | tt_transformers.modules.lazy_weight:get_device_weight:120 - [32m[cache hit][0m Loading tensor from cache: /localdev/gwang/tt_transformers/model_cache/llama33_70b/T3K/mlp/layer36_w1_srcshape_8192_28672_dtype_BFLOAT8_B_layout_TILE_memcfg_1786057467681592545_mapper_660f4331f0f0_device_0.tensorbin
2026-09-02 20:54:49.450 | INFO     | tt_transformers.modules.lazy_weight:get_device_weight:120 - [32m[cache hit][0m Loading tensor from cache: /localdev/gwang/tt_transformers/model_cache/llama33_70b/T3K/mlp/layer36_w2_srcshape_28672_8192_dtype_BFLOAT8_B_layout_TILE_memcfg_906506041791331912_mapper_0cdd7bdaff6f_device_0.tensorbin
2026-09-02 20:54:49.463 | INFO     | tt_transformers.modules.lazy_weight:get_device_weight:120 - [32m[cache hit][0m Loading tensor from cache: /localdev/gwang/tt_transformers/model_cache/llama33_70b/T3K/mlp/layer36_w3_srcshape_8192_28672_dtype_BFLOAT8_B_layout_TILE_memcfg_1786057467681592545_mapper_660f4331f0f0_device_0.tensorbin
2026-09-02 20:54:49.477 | INFO     | tt_transformers.modules.lazy_weight:get_device_weight:120 - [32m[cache hit][0m Loading tensor from cache: /localdev/gwang/tt_transformers/model_cache/llama33_70b/T3K/norm/layer37_pre_attn_srcshape_1_1_256_32_dtype_BFLOAT16_layout_ROW_MAJOR_mapper_241585d9fe31_device_0.tensorbin
2026-09-02 20:54:49.477 | INFO     | tt_transformers.modules.lazy_weight:get_device_weight:120 - [32m[cache hit][0m Loading tensor from cache: /localdev/gwang/tt_transformers/model_cache/llama33_70b/T3K/norm/layer37_pre_attn_srcshape_1_1_256_32_dtype_BFLOAT16_layout_ROW_MAJOR_mapper_b82b244385ac_device_0.tensorbin
2026-09-02 20:54:49.478 | INFO     | tt_transformers.modules.lazy_weight:get_device_weight:120 - [32m[cache hit][0m Loading tensor from cache: /localdev/gwang/tt_transformers/model_cache/llama33_70b/T3K/attn/layer37_wqkv_srcshape_1_1_8192_10240_dtype_BFLOAT8_B_layout_TILE_memcfg_663972112453010226_mapper_660f4331f0f0_device_0.tensorbin
2026-09-02 20:54:49.484 | INFO     | tt_transformers.modules.lazy_weight:get_device_weight:120 - [32m[cache hit][0m Loading tensor from cache: /localdev/gwang/tt_transformers/model_cache/llama33_70b/T3K/attn/layer37_wo_srcshape_1_1_8192_8192_dtype_BFLOAT8_B_layout_TILE_mapper_660f4331f0f0_device_0.tensorbin
2026-09-02 20:54:49.489 | INFO     | tt_transformers.modules.lazy_weight:get_device_weight:120 - [32m[cache hit][0m Loading tensor from cache: /localdev/gwang/tt_transformers/model_cache/llama33_70b/T3K/norm/layer37_post_attn_srcshape_1_1_256_32_dtype_BFLOAT16_layout_ROW_MAJOR_mapper_241585d9fe31_device_0.tensorbin
2026-09-02 20:54:49.489 | INFO     | tt_transformers.modules.lazy_weight:get_device_weight:120 - [32m[cache hit][0m Loading tensor from cache: /localdev/gwang/tt_transformers/model_cache/llama33_70b/T3K/norm/layer37_post_attn_srcshape_1_1_256_32_dtype_BFLOAT16_layout_ROW_MAJOR_mapper_b82b244385ac_device_0.tensorbin
2026-09-02 20:54:49.490 | INFO     | tt_transformers.modules.lazy_weight:get_device_weight:120 - [32m[cache hit][0m Loading tensor from cache: /localdev/gwang/tt_transformers/model_cache/llama33_70b/T3K/mlp/layer37_w1_srcshape_8192_28672_dtype_BFLOAT8_B_layout_TILE_memcfg_1786057467681592545_mapper_660f4331f0f0_device_0.tensorbin
2026-09-02 20:54:49.503 | INFO     | tt_transformers.modules.lazy_weight:get_device_weight:120 - [32m[cache hit][0m Loading tensor from cache: /localdev/gwang/tt_transformers/model_cache/llama33_70b/T3K/mlp/layer37_w2_srcshape_28672_8192_dtype_BFLOAT8_B_layout_TILE_memcfg_906506041791331912_mapper_0cdd7bdaff6f_device_0.tensorbin
2026-09-02 20:54:49.516 | INFO     | tt_transformers.modules.lazy_weight:get_device_weight:120 - [32m[cache hit][0m Loading tensor from cache: /localdev/gwang/tt_transformers/model_cache/llama33_70b/T3K/mlp/layer37_w3_srcshape_8192_28672_dtype_BFLOAT8_B_layout_TILE_memcfg_1786057467681592545_mapper_660f4331f0f0_device_0.tensorbin
2026-09-02 20:54:49.530 | INFO     | tt_transformers.modules.lazy_weight:get_device_weight:120 - [32m[cache hit][0m Loading tensor from cache: /localdev/gwang/tt_transformers/model_cache/llama33_70b/T3K/norm/layer38_pre_attn_srcshape_1_1_256_32_dtype_BFLOAT16_layout_ROW_MAJOR_mapper_241585d9fe31_device_0.tensorbin
2026-09-02 20:54:49.530 | INFO     | tt_transformers.modules.lazy_weight:get_device_weight:120 - [32m[cache hit][0m Loading tensor from cache: /localdev/gwang/tt_transformers/model_cache/llama33_70b/T3K/norm/layer38_pre_attn_srcshape_1_1_256_32_dtype_BFLOAT16_layout_ROW_MAJOR_mapper_b82b244385ac_device_0.tensorbin
2026-09-02 20:54:49.531 | INFO     | tt_transformers.modules.lazy_weight:get_device_weight:120 - [32m[cache hit][0m Loading tensor from cache: /localdev/gwang/tt_transformers/model_cache/llama33_70b/T3K/attn/layer38_wqkv_srcshape_1_1_8192_10240_dtype_BFLOAT8_B_layout_TILE_memcfg_663972112453010226_mapper_660f4331f0f0_device_0.tensorbin
2026-09-02 20:54:49.537 | INFO     | tt_transformers.modules.lazy_weight:get_device_weight:120 - [32m[cache hit][0m Loading tensor from cache: /localdev/gwang/tt_transformers/model_cache/llama33_70b/T3K/attn/layer38_wo_srcshape_1_1_8192_8192_dtype_BFLOAT8_B_layout_TILE_mapper_660f4331f0f0_device_0.tensorbin
2026-09-02 20:54:49.542 | INFO     | tt_transformers.modules.lazy_weight:get_device_weight:120 - [32m[cache hit][0m Loading tensor from cache: /localdev/gwang/tt_transformers/model_cache/llama33_70b/T3K/norm/layer38_post_attn_srcshape_1_1_256_32_dtype_BFLOAT16_layout_ROW_MAJOR_mapper_241585d9fe31_device_0.tensorbin
2026-09-02 20:54:49.542 | INFO     | tt_transformers.modules.lazy_weight:get_device_weight:120 - [32m[cache hit][0m Loading tensor from cache: /localdev/gwang/tt_transformers/model_cache/llama33_70b/T3K/norm/layer38_post_attn_srcshape_1_1_256_32_dtype_BFLOAT16_layout_ROW_MAJOR_mapper_b82b244385ac_device_0.tensorbin
2026-09-02 20:54:49.543 | INFO     | tt_transformers.modules.lazy_weight:get_device_weight:120 - [32m[cache hit][0m Loading tensor from cache: /localdev/gwang/tt_transformers/model_cache/llama33_70b/T3K/mlp/layer38_w1_srcshape_8192_28672_dtype_BFLOAT8_B_layout_TILE_memcfg_1786057467681592545_mapper_660f4331f0f0_device_0.tensorbin
2026-09-02 20:54:49.557 | INFO     | tt_transformers.modules.lazy_weight:get_device_weight:120 - [32m[cache hit][0m Loading tensor from cache: /localdev/gwang/tt_transformers/model_cache/llama33_70b/T3K/mlp/layer38_w2_srcshape_28672_8192_dtype_BFLOAT8_B_layout_TILE_memcfg_906506041791331912_mapper_0cdd7bdaff6f_device_0.tensorbin
2026-09-02 20:54:49.572 | INFO     | tt_transformers.modules.lazy_weight:get_device_weight:120 - [32m[cache hit][0m Loading tensor from cache: /localdev/gwang/tt_transformers/model_cache/llama33_70b/T3K/mlp/layer38_w3_srcshape_8192_28672_dtype_BFLOAT8_B_layout_TILE_memcfg_1786057467681592545_mapper_660f4331f0f0_device_0.tensorbin
2026-09-02 20:54:49.588 | INFO     | tt_transformers.modules.lazy_weight:get_device_weight:120 - [32m[cache hit][0m Loading tensor from cache: /localdev/gwang/tt_transformers/model_cache/llama33_70b/T3K/norm/layer39_pre_attn_srcshape_1_1_256_32_dtype_BFLOAT16_layout_ROW_MAJOR_mapper_241585d9fe31_device_0.tensorbin
2026-09-02 20:54:49.588 | INFO     | tt_transformers.modules.lazy_weight:get_device_weight:120 - [32m[cache hit][0m Loading tensor from cache: /localdev/gwang/tt_transformers/model_cache/llama33_70b/T3K/norm/layer39_pre_attn_srcshape_1_1_256_32_dtype_BFLOAT16_layout_ROW_MAJOR_mapper_b82b244385ac_device_0.tensorbin
2026-09-02 20:54:49.589 | INFO     | tt_transformers.modules.lazy_weight:get_device_weight:120 - [32m[cache hit][0m Loading tensor from cache: /localdev/gwang/tt_transformers/model_cache/llama33_70b/T3K/attn/layer39_wqkv_srcshape_1_1_8192_10240_dtype_BFLOAT8_B_layout_TILE_memcfg_663972112453010226_mapper_660f4331f0f0_device_0.tensorbin
2026-09-02 20:54:49.594 | INFO     | tt_transformers.modules.lazy_weight:get_device_weight:120 - [32m[cache hit][0m Loading tensor from cache: /localdev/gwang/tt_transformers/model_cache/llama33_70b/T3K/attn/layer39_wo_srcshape_1_1_8192_8192_dtype_BFLOAT8_B_layout_TILE_mapper_660f4331f0f0_device_0.tensorbin
2026-09-02 20:54:49.599 | INFO     | tt_transformers.modules.lazy_weight:get_device_weight:120 - [32m[cache hit][0m Loading tensor from cache: /localdev/gwang/tt_transformers/model_cache/llama33_70b/T3K/norm/layer39_post_attn_srcshape_1_1_256_32_dtype_BFLOAT16_layout_ROW_MAJOR_mapper_241585d9fe31_device_0.tensorbin
2026-09-02 20:54:49.599 | INFO     | tt_transformers.modules.lazy_weight:get_device_weight:120 - [32m[cache hit][0m Loading tensor from cache: /localdev/gwang/tt_transformers/model_cache/llama33_70b/T3K/norm/layer39_post_attn_srcshape_1_1_256_32_dtype_BFLOAT16_layout_ROW_MAJOR_mapper_b82b244385ac_device_0.tensorbin
2026-09-02 20:54:49.600 | INFO     | tt_transformers.modules.lazy_weight:get_device_weight:120 - [32m[cache hit][0m Loading tensor from cache: /localdev/gwang/tt_transformers/model_cache/llama33_70b/T3K/mlp/layer39_w1_srcshape_8192_28672_dtype_BFLOAT8_B_layout_TILE_memcfg_1786057467681592545_mapper_660f4331f0f0_device_0.tensorbin
2026-09-02 20:54:49.614 | INFO     | tt_transformers.modules.lazy_weight:get_device_weight:120 - [32m[cache hit][0m Loading tensor from cache: /localdev/gwang/tt_transformers/model_cache/llama33_70b/T3K/mlp/layer39_w2_srcshape_28672_8192_dtype_BFLOAT8_B_layout_TILE_memcfg_906506041791331912_mapper_0cdd7bdaff6f_device_0.tensorbin
2026-09-02 20:54:49.627 | INFO     | tt_transformers.modules.lazy_weight:get_device_weight:120 - [32m[cache hit][0m Loading tensor from cache: /localdev/gwang/tt_transformers/model_cache/llama33_70b/T3K/mlp/layer39_w3_srcshape_8192_28672_dtype_BFLOAT8_B_layout_TILE_memcfg_1786057467681592545_mapper_660f4331f0f0_device_0.tensorbin
2026-09-02 20:54:49.642 | INFO     | tt_transformers.modules.lazy_weight:get_device_weight:120 - [32m[cache hit][0m Loading tensor from cache: /localdev/gwang/tt_transformers/model_cache/llama33_70b/T3K/norm/layer40_pre_attn_srcshape_1_1_256_32_dtype_BFLOAT16_layout_ROW_MAJOR_mapper_241585d9fe31_device_0.tensorbin
2026-09-02 20:54:49.643 | INFO     | tt_transformers.modules.lazy_weight:get_device_weight:120 - [32m[cache hit][0m Loading tensor from cache: /localdev/gwang/tt_transformers/model_cache/llama33_70b/T3K/norm/layer40_pre_attn_srcshape_1_1_256_32_dtype_BFLOAT16_layout_ROW_MAJOR_mapper_b82b244385ac_device_0.tensorbin
2026-09-02 20:54:49.643 | INFO     | tt_transformers.modules.lazy_weight:get_device_weight:120 - [32m[cache hit][0m Loading tensor from cache: /localdev/gwang/tt_transformers/model_cache/llama33_70b/T3K/attn/layer40_wqkv_srcshape_1_1_8192_10240_dtype_BFLOAT8_B_layout_TILE_memcfg_663972112453010226_mapper_660f4331f0f0_device_0.tensorbin
2026-09-02 20:54:49.649 | INFO     | tt_transformers.modules.lazy_weight:get_device_weight:120 - [32m[cache hit][0m Loading tensor from cache: /localdev/gwang/tt_transformers/model_cache/llama33_70b/T3K/attn/layer40_wo_srcshape_1_1_8192_8192_dtype_BFLOAT8_B_layout_TILE_mapper_660f4331f0f0_device_0.tensorbin
2026-09-02 20:54:49.656 | INFO     | tt_transformers.modules.lazy_weight:get_device_weight:120 - [32m[cache hit][0m Loading tensor from cache: /localdev/gwang/tt_transformers/model_cache/llama33_70b/T3K/norm/layer40_post_attn_srcshape_1_1_256_32_dtype_BFLOAT16_layout_ROW_MAJOR_mapper_241585d9fe31_device_0.tensorbin
2026-09-02 20:54:49.656 | INFO     | tt_transformers.modules.lazy_weight:get_device_weight:120 - [32m[cache hit][0m Loading tensor from cache: /localdev/gwang/tt_transformers/model_cache/llama33_70b/T3K/norm/layer40_post_attn_srcshape_1_1_256_32_dtype_BFLOAT16_layout_ROW_MAJOR_mapper_b82b244385ac_device_0.tensorbin
2026-09-02 20:54:49.657 | INFO     | tt_transformers.modules.lazy_weight:get_device_weight:120 - [32m[cache hit][0m Loading tensor from cache: /localdev/gwang/tt_transformers/model_cache/llama33_70b/T3K/mlp/layer40_w1_srcshape_8192_28672_dtype_BFLOAT8_B_layout_TILE_memcfg_1786057467681592545_mapper_660f4331f0f0_device_0.tensorbin
2026-09-02 20:54:49.670 | INFO     | tt_transformers.modules.lazy_weight:get_device_weight:120 - [32m[cache hit][0m Loading tensor from cache: /localdev/gwang/tt_transformers/model_cache/llama33_70b/T3K/mlp/layer40_w2_srcshape_28672_8192_dtype_BFLOAT8_B_layout_TILE_memcfg_906506041791331912_mapper_0cdd7bdaff6f_device_0.tensorbin
2026-09-02 20:54:49.682 | INFO     | tt_transformers.modules.lazy_weight:get_device_weight:120 - [32m[cache hit][0m Loading tensor from cache: /localdev/gwang/tt_transformers/model_cache/llama33_70b/T3K/mlp/layer40_w3_srcshape_8192_28672_dtype_BFLOAT8_B_layout_TILE_memcfg_1786057467681592545_mapper_660f4331f0f0_device_0.tensorbin
2026-09-02 20:54:49.696 | INFO     | tt_transformers.modules.lazy_weight:get_device_weight:120 - [32m[cache hit][0m Loading tensor from cache: /localdev/gwang/tt_transformers/model_cache/llama33_70b/T3K/norm/layer41_pre_attn_srcshape_1_1_256_32_dtype_BFLOAT16_layout_ROW_MAJOR_mapper_241585d9fe31_device_0.tensorbin
2026-09-02 20:54:49.697 | INFO     | tt_transformers.modules.lazy_weight:get_device_weight:120 - [32m[cache hit][0m Loading tensor from cache: /localdev/gwang/tt_transformers/model_cache/llama33_70b/T3K/norm/layer41_pre_attn_srcshape_1_1_256_32_dtype_BFLOAT16_layout_ROW_MAJOR_mapper_b82b244385ac_device_0.tensorbin
2026-09-02 20:54:49.698 | INFO     | tt_transformers.modules.lazy_weight:get_device_weight:120 - [32m[cache hit][0m Loading tensor from cache: /localdev/gwang/tt_transformers/model_cache/llama33_70b/T3K/attn/layer41_wqkv_srcshape_1_1_8192_10240_dtype_BFLOAT8_B_layout_TILE_memcfg_663972112453010226_mapper_660f4331f0f0_device_0.tensorbin
2026-09-02 20:54:49.703 | INFO     | tt_transformers.modules.lazy_weight:get_device_weight:120 - [32m[cache hit][0m Loading tensor from cache: /localdev/gwang/tt_transformers/model_cache/llama33_70b/T3K/attn/layer41_wo_srcshape_1_1_8192_8192_dtype_BFLOAT8_B_layout_TILE_mapper_660f4331f0f0_device_0.tensorbin
2026-09-02 20:54:49.709 | INFO     | tt_transformers.modules.lazy_weight:get_device_weight:120 - [32m[cache hit][0m Loading tensor from cache: /localdev/gwang/tt_transformers/model_cache/llama33_70b/T3K/norm/layer41_post_attn_srcshape_1_1_256_32_dtype_BFLOAT16_layout_ROW_MAJOR_mapper_241585d9fe31_device_0.tensorbin
2026-09-02 20:54:49.709 | INFO     | tt_transformers.modules.lazy_weight:get_device_weight:120 - [32m[cache hit][0m Loading tensor from cache: /localdev/gwang/tt_transformers/model_cache/llama33_70b/T3K/norm/layer41_post_attn_srcshape_1_1_256_32_dtype_BFLOAT16_layout_ROW_MAJOR_mapper_b82b244385ac_device_0.tensorbin
2026-09-02 20:54:49.710 | INFO     | tt_transformers.modules.lazy_weight:get_device_weight:120 - [32m[cache hit][0m Loading tensor from cache: /localdev/gwang/tt_transformers/model_cache/llama33_70b/T3K/mlp/layer41_w1_srcshape_8192_28672_dtype_BFLOAT8_B_layout_TILE_memcfg_1786057467681592545_mapper_660f4331f0f0_device_0.tensorbin
2026-09-02 20:54:49.724 | INFO     | tt_transformers.modules.lazy_weight:get_device_weight:120 - [32m[cache hit][0m Loading tensor from cache: /localdev/gwang/tt_transformers/model_cache/llama33_70b/T3K/mlp/layer41_w2_srcshape_28672_8192_dtype_BFLOAT8_B_layout_TILE_memcfg_906506041791331912_mapper_0cdd7bdaff6f_device_0.tensorbin
2026-09-02 20:54:49.739 | INFO     | tt_transformers.modules.lazy_weight:get_device_weight:120 - [32m[cache hit][0m Loading tensor from cache: /localdev/gwang/tt_transformers/model_cache/llama33_70b/T3K/mlp/layer41_w3_srcshape_8192_28672_dtype_BFLOAT8_B_layout_TILE_memcfg_1786057467681592545_mapper_660f4331f0f0_device_0.tensorbin
2026-09-02 20:54:49.754 | INFO     | tt_transformers.modules.lazy_weight:get_device_weight:120 - [32m[cache hit][0m Loading tensor from cache: /localdev/gwang/tt_transformers/model_cache/llama33_70b/T3K/norm/layer42_pre_attn_srcshape_1_1_256_32_dtype_BFLOAT16_layout_ROW_MAJOR_mapper_241585d9fe31_device_0.tensorbin
2026-09-02 20:54:49.755 | INFO     | tt_transformers.modules.lazy_weight:get_device_weight:120 - [32m[cache hit][0m Loading tensor from cache: /localdev/gwang/tt_transformers/model_cache/llama33_70b/T3K/norm/layer42_pre_attn_srcshape_1_1_256_32_dtype_BFLOAT16_layout_ROW_MAJOR_mapper_b82b244385ac_device_0.tensorbin
2026-09-02 20:54:49.755 | INFO     | tt_transformers.modules.lazy_weight:get_device_weight:120 - [32m[cache hit][0m Loading tensor from cache: /localdev/gwang/tt_transformers/model_cache/llama33_70b/T3K/attn/layer42_wqkv_srcshape_1_1_8192_10240_dtype_BFLOAT8_B_layout_TILE_memcfg_663972112453010226_mapper_660f4331f0f0_device_0.tensorbin
2026-09-02 20:54:49.761 | INFO     | tt_transformers.modules.lazy_weight:get_device_weight:120 - [32m[cache hit][0m Loading tensor from cache: /localdev/gwang/tt_transformers/model_cache/llama33_70b/T3K/attn/layer42_wo_srcshape_1_1_8192_8192_dtype_BFLOAT8_B_layout_TILE_mapper_660f4331f0f0_device_0.tensorbin
2026-09-02 20:54:49.766 | INFO     | tt_transformers.modules.lazy_weight:get_device_weight:120 - [32m[cache hit][0m Loading tensor from cache: /localdev/gwang/tt_transformers/model_cache/llama33_70b/T3K/norm/layer42_post_attn_srcshape_1_1_256_32_dtype_BFLOAT16_layout_ROW_MAJOR_mapper_241585d9fe31_device_0.tensorbin
2026-09-02 20:54:49.766 | INFO     | tt_transformers.modules.lazy_weight:get_device_weight:120 - [32m[cache hit][0m Loading tensor from cache: /localdev/gwang/tt_transformers/model_cache/llama33_70b/T3K/norm/layer42_post_attn_srcshape_1_1_256_32_dtype_BFLOAT16_layout_ROW_MAJOR_mapper_b82b244385ac_device_0.tensorbin
2026-09-02 20:54:49.767 | INFO     | tt_transformers.modules.lazy_weight:get_device_weight:120 - [32m[cache hit][0m Loading tensor from cache: /localdev/gwang/tt_transformers/model_cache/llama33_70b/T3K/mlp/layer42_w1_srcshape_8192_28672_dtype_BFLOAT8_B_layout_TILE_memcfg_1786057467681592545_mapper_660f4331f0f0_device_0.tensorbin
2026-09-02 20:54:49.781 | INFO     | tt_transformers.modules.lazy_weight:get_device_weight:120 - [32m[cache hit][0m Loading tensor from cache: /localdev/gwang/tt_transformers/model_cache/llama33_70b/T3K/mlp/layer42_w2_srcshape_28672_8192_dtype_BFLOAT8_B_layout_TILE_memcfg_906506041791331912_mapper_0cdd7bdaff6f_device_0.tensorbin
2026-09-02 20:54:49.797 | INFO     | tt_transformers.modules.lazy_weight:get_device_weight:120 - [32m[cache hit][0m Loading tensor from cache: /localdev/gwang/tt_transformers/model_cache/llama33_70b/T3K/mlp/layer42_w3_srcshape_8192_28672_dtype_BFLOAT8_B_layout_TILE_memcfg_1786057467681592545_mapper_660f4331f0f0_device_0.tensorbin
2026-09-02 20:54:49.812 | INFO     | tt_transformers.modules.lazy_weight:get_device_weight:120 - [32m[cache hit][0m Loading tensor from cache: /localdev/gwang/tt_transformers/model_cache/llama33_70b/T3K/norm/layer43_pre_attn_srcshape_1_1_256_32_dtype_BFLOAT16_layout_ROW_MAJOR_mapper_241585d9fe31_device_0.tensorbin
2026-09-02 20:54:49.813 | INFO     | tt_transformers.modules.lazy_weight:get_device_weight:120 - [32m[cache hit][0m Loading tensor from cache: /localdev/gwang/tt_transformers/model_cache/llama33_70b/T3K/norm/layer43_pre_attn_srcshape_1_1_256_32_dtype_BFLOAT16_layout_ROW_MAJOR_mapper_b82b244385ac_device_0.tensorbin
2026-09-02 20:54:49.813 | INFO     | tt_transformers.modules.lazy_weight:get_device_weight:120 - [32m[cache hit][0m Loading tensor from cache: /localdev/gwang/tt_transformers/model_cache/llama33_70b/T3K/attn/layer43_wqkv_srcshape_1_1_8192_10240_dtype_BFLOAT8_B_layout_TILE_memcfg_663972112453010226_mapper_660f4331f0f0_device_0.tensorbin
2026-09-02 20:54:49.819 | INFO     | tt_transformers.modules.lazy_weight:get_device_weight:120 - [32m[cache hit][0m Loading tensor from cache: /localdev/gwang/tt_transformers/model_cache/llama33_70b/T3K/attn/layer43_wo_srcshape_1_1_8192_8192_dtype_BFLOAT8_B_layout_TILE_mapper_660f4331f0f0_device_0.tensorbin
2026-09-02 20:54:49.824 | INFO     | tt_transformers.modules.lazy_weight:get_device_weight:120 - [32m[cache hit][0m Loading tensor from cache: /localdev/gwang/tt_transformers/model_cache/llama33_70b/T3K/norm/layer43_post_attn_srcshape_1_1_256_32_dtype_BFLOAT16_layout_ROW_MAJOR_mapper_241585d9fe31_device_0.tensorbin
2026-09-02 20:54:49.824 | INFO     | tt_transformers.modules.lazy_weight:get_device_weight:120 - [32m[cache hit][0m Loading tensor from cache: /localdev/gwang/tt_transformers/model_cache/llama33_70b/T3K/norm/layer43_post_attn_srcshape_1_1_256_32_dtype_BFLOAT16_layout_ROW_MAJOR_mapper_b82b244385ac_device_0.tensorbin
2026-09-02 20:54:49.825 | INFO     | tt_transformers.modules.lazy_weight:get_device_weight:120 - [32m[cache hit][0m Loading tensor from cache: /localdev/gwang/tt_transformers/model_cache/llama33_70b/T3K/mlp/layer43_w1_srcshape_8192_28672_dtype_BFLOAT8_B_layout_TILE_memcfg_1786057467681592545_mapper_660f4331f0f0_device_0.tensorbin
2026-09-02 20:54:49.838 | INFO     | tt_transformers.modules.lazy_weight:get_device_weight:120 - [32m[cache hit][0m Loading tensor from cache: /localdev/gwang/tt_transformers/model_cache/llama33_70b/T3K/mlp/layer43_w2_srcshape_28672_8192_dtype_BFLOAT8_B_layout_TILE_memcfg_906506041791331912_mapper_0cdd7bdaff6f_device_0.tensorbin
2026-09-02 20:54:49.851 | INFO     | tt_transformers.modules.lazy_weight:get_device_weight:120 - [32m[cache hit][0m Loading tensor from cache: /localdev/gwang/tt_transformers/model_cache/llama33_70b/T3K/mlp/layer43_w3_srcshape_8192_28672_dtype_BFLOAT8_B_layout_TILE_memcfg_1786057467681592545_mapper_660f4331f0f0_device_0.tensorbin
2026-09-02 20:54:49.865 | INFO     | tt_transformers.modules.lazy_weight:get_device_weight:120 - [32m[cache hit][0m Loading tensor from cache: /localdev/gwang/tt_transformers/model_cache/llama33_70b/T3K/norm/layer44_pre_attn_srcshape_1_1_256_32_dtype_BFLOAT16_layout_ROW_MAJOR_mapper_241585d9fe31_device_0.tensorbin
2026-09-02 20:54:49.865 | INFO     | tt_transformers.modules.lazy_weight:get_device_weight:120 - [32m[cache hit][0m Loading tensor from cache: /localdev/gwang/tt_transformers/model_cache/llama33_70b/T3K/norm/layer44_pre_attn_srcshape_1_1_256_32_dtype_BFLOAT16_layout_ROW_MAJOR_mapper_b82b244385ac_device_0.tensorbin
2026-09-02 20:54:49.866 | INFO     | tt_transformers.modules.lazy_weight:get_device_weight:120 - [32m[cache hit][0m Loading tensor from cache: /localdev/gwang/tt_transformers/model_cache/llama33_70b/T3K/attn/layer44_wqkv_srcshape_1_1_8192_10240_dtype_BFLOAT8_B_layout_TILE_memcfg_663972112453010226_mapper_660f4331f0f0_device_0.tensorbin
2026-09-02 20:54:49.871 | INFO     | tt_transformers.modules.lazy_weight:get_device_weight:120 - [32m[cache hit][0m Loading tensor from cache: /localdev/gwang/tt_transformers/model_cache/llama33_70b/T3K/attn/layer44_wo_srcshape_1_1_8192_8192_dtype_BFLOAT8_B_layout_TILE_mapper_660f4331f0f0_device_0.tensorbin
2026-09-02 20:54:49.877 | INFO     | tt_transformers.modules.lazy_weight:get_device_weight:120 - [32m[cache hit][0m Loading tensor from cache: /localdev/gwang/tt_transformers/model_cache/llama33_70b/T3K/norm/layer44_post_attn_srcshape_1_1_256_32_dtype_BFLOAT16_layout_ROW_MAJOR_mapper_241585d9fe31_device_0.tensorbin
2026-09-02 20:54:49.878 | INFO     | tt_transformers.modules.lazy_weight:get_device_weight:120 - [32m[cache hit][0m Loading tensor from cache: /localdev/gwang/tt_transformers/model_cache/llama33_70b/T3K/norm/layer44_post_attn_srcshape_1_1_256_32_dtype_BFLOAT16_layout_ROW_MAJOR_mapper_b82b244385ac_device_0.tensorbin
2026-09-02 20:54:49.878 | INFO     | tt_transformers.modules.lazy_weight:get_device_weight:120 - [32m[cache hit][0m Loading tensor from cache: /localdev/gwang/tt_transformers/model_cache/llama33_70b/T3K/mlp/layer44_w1_srcshape_8192_28672_dtype_BFLOAT8_B_layout_TILE_memcfg_1786057467681592545_mapper_660f4331f0f0_device_0.tensorbin
2026-09-02 20:54:49.891 | INFO     | tt_transformers.modules.lazy_weight:get_device_weight:120 - [32m[cache hit][0m Loading tensor from cache: /localdev/gwang/tt_transformers/model_cache/llama33_70b/T3K/mlp/layer44_w2_srcshape_28672_8192_dtype_BFLOAT8_B_layout_TILE_memcfg_906506041791331912_mapper_0cdd7bdaff6f_device_0.tensorbin
2026-09-02 20:54:49.905 | INFO     | tt_transformers.modules.lazy_weight:get_device_weight:120 - [32m[cache hit][0m Loading tensor from cache: /localdev/gwang/tt_transformers/model_cache/llama33_70b/T3K/mlp/layer44_w3_srcshape_8192_28672_dtype_BFLOAT8_B_layout_TILE_memcfg_1786057467681592545_mapper_660f4331f0f0_device_0.tensorbin
2026-09-02 20:54:49.919 | INFO     | tt_transformers.modules.lazy_weight:get_device_weight:120 - [32m[cache hit][0m Loading tensor from cache: /localdev/gwang/tt_transformers/model_cache/llama33_70b/T3K/norm/layer45_pre_attn_srcshape_1_1_256_32_dtype_BFLOAT16_layout_ROW_MAJOR_mapper_241585d9fe31_device_0.tensorbin
2026-09-02 20:54:49.919 | INFO     | tt_transformers.modules.lazy_weight:get_device_weight:120 - [32m[cache hit][0m Loading tensor from cache: /localdev/gwang/tt_transformers/model_cache/llama33_70b/T3K/norm/layer45_pre_attn_srcshape_1_1_256_32_dtype_BFLOAT16_layout_ROW_MAJOR_mapper_b82b244385ac_device_0.tensorbin
2026-09-02 20:54:49.920 | INFO     | tt_transformers.modules.lazy_weight:get_device_weight:120 - [32m[cache hit][0m Loading tensor from cache: /localdev/gwang/tt_transformers/model_cache/llama33_70b/T3K/attn/layer45_wqkv_srcshape_1_1_8192_10240_dtype_BFLOAT8_B_layout_TILE_memcfg_663972112453010226_mapper_660f4331f0f0_device_0.tensorbin
2026-09-02 20:54:49.925 | INFO     | tt_transformers.modules.lazy_weight:get_device_weight:120 - [32m[cache hit][0m Loading tensor from cache: /localdev/gwang/tt_transformers/model_cache/llama33_70b/T3K/attn/layer45_wo_srcshape_1_1_8192_8192_dtype_BFLOAT8_B_layout_TILE_mapper_660f4331f0f0_device_0.tensorbin
2026-09-02 20:54:49.929 | INFO     | tt_transformers.modules.lazy_weight:get_device_weight:120 - [32m[cache hit][0m Loading tensor from cache: /localdev/gwang/tt_transformers/model_cache/llama33_70b/T3K/norm/layer45_post_attn_srcshape_1_1_256_32_dtype_BFLOAT16_layout_ROW_MAJOR_mapper_241585d9fe31_device_0.tensorbin
2026-09-02 20:54:49.930 | INFO     | tt_transformers.modules.lazy_weight:get_device_weight:120 - [32m[cache hit][0m Loading tensor from cache: /localdev/gwang/tt_transformers/model_cache/llama33_70b/T3K/norm/layer45_post_attn_srcshape_1_1_256_32_dtype_BFLOAT16_layout_ROW_MAJOR_mapper_b82b244385ac_device_0.tensorbin
2026-09-02 20:54:49.930 | INFO     | tt_transformers.modules.lazy_weight:get_device_weight:120 - [32m[cache hit][0m Loading tensor from cache: /localdev/gwang/tt_transformers/model_cache/llama33_70b/T3K/mlp/layer45_w1_srcshape_8192_28672_dtype_BFLOAT8_B_layout_TILE_memcfg_1786057467681592545_mapper_660f4331f0f0_device_0.tensorbin
2026-09-02 20:54:49.943 | INFO     | tt_transformers.modules.lazy_weight:get_device_weight:120 - [32m[cache hit][0m Loading tensor from cache: /localdev/gwang/tt_transformers/model_cache/llama33_70b/T3K/mlp/layer45_w2_srcshape_28672_8192_dtype_BFLOAT8_B_layout_TILE_memcfg_906506041791331912_mapper_0cdd7bdaff6f_device_0.tensorbin
2026-09-02 20:54:49.956 | INFO     | tt_transformers.modules.lazy_weight:get_device_weight:120 - [32m[cache hit][0m Loading tensor from cache: /localdev/gwang/tt_transformers/model_cache/llama33_70b/T3K/mlp/layer45_w3_srcshape_8192_28672_dtype_BFLOAT8_B_layout_TILE_memcfg_1786057467681592545_mapper_660f4331f0f0_device_0.tensorbin
2026-09-02 20:54:49.972 | INFO     | tt_transformers.modules.lazy_weight:get_device_weight:120 - [32m[cache hit][0m Loading tensor from cache: /localdev/gwang/tt_transformers/model_cache/llama33_70b/T3K/norm/layer46_pre_attn_srcshape_1_1_256_32_dtype_BFLOAT16_layout_ROW_MAJOR_mapper_241585d9fe31_device_0.tensorbin
2026-09-02 20:54:49.973 | INFO     | tt_transformers.modules.lazy_weight:get_device_weight:120 - [32m[cache hit][0m Loading tensor from cache: /localdev/gwang/tt_transformers/model_cache/llama33_70b/T3K/norm/layer46_pre_attn_srcshape_1_1_256_32_dtype_BFLOAT16_layout_ROW_MAJOR_mapper_b82b244385ac_device_0.tensorbin
2026-09-02 20:54:49.974 | INFO     | tt_transformers.modules.lazy_weight:get_device_weight:120 - [32m[cache hit][0m Loading tensor from cache: /localdev/gwang/tt_transformers/model_cache/llama33_70b/T3K/attn/layer46_wqkv_srcshape_1_1_8192_10240_dtype_BFLOAT8_B_layout_TILE_memcfg_663972112453010226_mapper_660f4331f0f0_device_0.tensorbin
2026-09-02 20:54:49.979 | INFO     | tt_transformers.modules.lazy_weight:get_device_weight:120 - [32m[cache hit][0m Loading tensor from cache: /localdev/gwang/tt_transformers/model_cache/llama33_70b/T3K/attn/layer46_wo_srcshape_1_1_8192_8192_dtype_BFLOAT8_B_layout_TILE_mapper_660f4331f0f0_device_0.tensorbin
2026-09-02 20:54:49.985 | INFO     | tt_transformers.modules.lazy_weight:get_device_weight:120 - [32m[cache hit][0m Loading tensor from cache: /localdev/gwang/tt_transformers/model_cache/llama33_70b/T3K/norm/layer46_post_attn_srcshape_1_1_256_32_dtype_BFLOAT16_layout_ROW_MAJOR_mapper_241585d9fe31_device_0.tensorbin
2026-09-02 20:54:49.985 | INFO     | tt_transformers.modules.lazy_weight:get_device_weight:120 - [32m[cache hit][0m Loading tensor from cache: /localdev/gwang/tt_transformers/model_cache/llama33_70b/T3K/norm/layer46_post_attn_srcshape_1_1_256_32_dtype_BFLOAT16_layout_ROW_MAJOR_mapper_b82b244385ac_device_0.tensorbin
2026-09-02 20:54:49.986 | INFO     | tt_transformers.modules.lazy_weight:get_device_weight:120 - [32m[cache hit][0m Loading tensor from cache: /localdev/gwang/tt_transformers/model_cache/llama33_70b/T3K/mlp/layer46_w1_srcshape_8192_28672_dtype_BFLOAT8_B_layout_TILE_memcfg_1786057467681592545_mapper_660f4331f0f0_device_0.tensorbin
2026-09-02 20:54:49.999 | INFO     | tt_transformers.modules.lazy_weight:get_device_weight:120 - [32m[cache hit][0m Loading tensor from cache: /localdev/gwang/tt_transformers/model_cache/llama33_70b/T3K/mlp/layer46_w2_srcshape_28672_8192_dtype_BFLOAT8_B_layout_TILE_memcfg_906506041791331912_mapper_0cdd7bdaff6f_device_0.tensorbin
2026-09-02 20:54:50.011 | INFO     | tt_transformers.modules.lazy_weight:get_device_weight:120 - [32m[cache hit][0m Loading tensor from cache: /localdev/gwang/tt_transformers/model_cache/llama33_70b/T3K/mlp/layer46_w3_srcshape_8192_28672_dtype_BFLOAT8_B_layout_TILE_memcfg_1786057467681592545_mapper_660f4331f0f0_device_0.tensorbin
2026-09-02 20:54:50.026 | INFO     | tt_transformers.modules.lazy_weight:get_device_weight:120 - [32m[cache hit][0m Loading tensor from cache: /localdev/gwang/tt_transformers/model_cache/llama33_70b/T3K/norm/layer47_pre_attn_srcshape_1_1_256_32_dtype_BFLOAT16_layout_ROW_MAJOR_mapper_241585d9fe31_device_0.tensorbin
2026-09-02 20:54:50.027 | INFO     | tt_transformers.modules.lazy_weight:get_device_weight:120 - [32m[cache hit][0m Loading tensor from cache: /localdev/gwang/tt_transformers/model_cache/llama33_70b/T3K/norm/layer47_pre_attn_srcshape_1_1_256_32_dtype_BFLOAT16_layout_ROW_MAJOR_mapper_b82b244385ac_device_0.tensorbin
2026-09-02 20:54:50.028 | INFO     | tt_transformers.modules.lazy_weight:get_device_weight:120 - [32m[cache hit][0m Loading tensor from cache: /localdev/gwang/tt_transformers/model_cache/llama33_70b/T3K/attn/layer47_wqkv_srcshape_1_1_8192_10240_dtype_BFLOAT8_B_layout_TILE_memcfg_663972112453010226_mapper_660f4331f0f0_device_0.tensorbin
2026-09-02 20:54:50.034 | INFO     | tt_transformers.modules.lazy_weight:get_device_weight:120 - [32m[cache hit][0m Loading tensor from cache: /localdev/gwang/tt_transformers/model_cache/llama33_70b/T3K/attn/layer47_wo_srcshape_1_1_8192_8192_dtype_BFLOAT8_B_layout_TILE_mapper_660f4331f0f0_device_0.tensorbin
2026-09-02 20:54:50.039 | INFO     | tt_transformers.modules.lazy_weight:get_device_weight:120 - [32m[cache hit][0m Loading tensor from cache: /localdev/gwang/tt_transformers/model_cache/llama33_70b/T3K/norm/layer47_post_attn_srcshape_1_1_256_32_dtype_BFLOAT16_layout_ROW_MAJOR_mapper_241585d9fe31_device_0.tensorbin
2026-09-02 20:54:50.039 | INFO     | tt_transformers.modules.lazy_weight:get_device_weight:120 - [32m[cache hit][0m Loading tensor from cache: /localdev/gwang/tt_transformers/model_cache/llama33_70b/T3K/norm/layer47_post_attn_srcshape_1_1_256_32_dtype_BFLOAT16_layout_ROW_MAJOR_mapper_b82b244385ac_device_0.tensorbin
2026-09-02 20:54:50.040 | INFO     | tt_transformers.modules.lazy_weight:get_device_weight:120 - [32m[cache hit][0m Loading tensor from cache: /localdev/gwang/tt_transformers/model_cache/llama33_70b/T3K/mlp/layer47_w1_srcshape_8192_28672_dtype_BFLOAT8_B_layout_TILE_memcfg_1786057467681592545_mapper_660f4331f0f0_device_0.tensorbin
2026-09-02 20:54:50.053 | INFO     | tt_transformers.modules.lazy_weight:get_device_weight:120 - [32m[cache hit][0m Loading tensor from cache: /localdev/gwang/tt_transformers/model_cache/llama33_70b/T3K/mlp/layer47_w2_srcshape_28672_8192_dtype_BFLOAT8_B_layout_TILE_memcfg_906506041791331912_mapper_0cdd7bdaff6f_device_0.tensorbin
2026-09-02 20:54:50.066 | INFO     | tt_transformers.modules.lazy_weight:get_device_weight:120 - [32m[cache hit][0m Loading tensor from cache: /localdev/gwang/tt_transformers/model_cache/llama33_70b/T3K/mlp/layer47_w3_srcshape_8192_28672_dtype_BFLOAT8_B_layout_TILE_memcfg_1786057467681592545_mapper_660f4331f0f0_device_0.tensorbin
2026-09-02 20:54:50.080 | INFO     | tt_transformers.modules.lazy_weight:get_device_weight:120 - [32m[cache hit][0m Loading tensor from cache: /localdev/gwang/tt_transformers/model_cache/llama33_70b/T3K/norm/layer48_pre_attn_srcshape_1_1_256_32_dtype_BFLOAT16_layout_ROW_MAJOR_mapper_241585d9fe31_device_0.tensorbin
2026-09-02 20:54:50.081 | INFO     | tt_transformers.modules.lazy_weight:get_device_weight:120 - [32m[cache hit][0m Loading tensor from cache: /localdev/gwang/tt_transformers/model_cache/llama33_70b/T3K/norm/layer48_pre_attn_srcshape_1_1_256_32_dtype_BFLOAT16_layout_ROW_MAJOR_mapper_b82b244385ac_device_0.tensorbin
2026-09-02 20:54:50.082 | INFO     | tt_transformers.modules.lazy_weight:get_device_weight:120 - [32m[cache hit][0m Loading tensor from cache: /localdev/gwang/tt_transformers/model_cache/llama33_70b/T3K/attn/layer48_wqkv_srcshape_1_1_8192_10240_dtype_BFLOAT8_B_layout_TILE_memcfg_663972112453010226_mapper_660f4331f0f0_device_0.tensorbin
2026-09-02 20:54:50.087 | INFO     | tt_transformers.modules.lazy_weight:get_device_weight:120 - [32m[cache hit][0m Loading tensor from cache: /localdev/gwang/tt_transformers/model_cache/llama33_70b/T3K/attn/layer48_wo_srcshape_1_1_8192_8192_dtype_BFLOAT8_B_layout_TILE_mapper_660f4331f0f0_device_0.tensorbin
2026-09-02 20:54:50.093 | INFO     | tt_transformers.modules.lazy_weight:get_device_weight:120 - [32m[cache hit][0m Loading tensor from cache: /localdev/gwang/tt_transformers/model_cache/llama33_70b/T3K/norm/layer48_post_attn_srcshape_1_1_256_32_dtype_BFLOAT16_layout_ROW_MAJOR_mapper_241585d9fe31_device_0.tensorbin
2026-09-02 20:54:50.094 | INFO     | tt_transformers.modules.lazy_weight:get_device_weight:120 - [32m[cache hit][0m Loading tensor from cache: /localdev/gwang/tt_transformers/model_cache/llama33_70b/T3K/norm/layer48_post_attn_srcshape_1_1_256_32_dtype_BFLOAT16_layout_ROW_MAJOR_mapper_b82b244385ac_device_0.tensorbin
2026-09-02 20:54:50.094 | INFO     | tt_transformers.modules.lazy_weight:get_device_weight:120 - [32m[cache hit][0m Loading tensor from cache: /localdev/gwang/tt_transformers/model_cache/llama33_70b/T3K/mlp/layer48_w1_srcshape_8192_28672_dtype_BFLOAT8_B_layout_TILE_memcfg_1786057467681592545_mapper_660f4331f0f0_device_0.tensorbin
2026-09-02 20:54:50.109 | INFO     | tt_transformers.modules.lazy_weight:get_device_weight:120 - [32m[cache hit][0m Loading tensor from cache: /localdev/gwang/tt_transformers/model_cache/llama33_70b/T3K/mlp/layer48_w2_srcshape_28672_8192_dtype_BFLOAT8_B_layout_TILE_memcfg_906506041791331912_mapper_0cdd7bdaff6f_device_0.tensorbin
2026-09-02 20:54:50.124 | INFO     | tt_transformers.modules.lazy_weight:get_device_weight:120 - [32m[cache hit][0m Loading tensor from cache: /localdev/gwang/tt_transformers/model_cache/llama33_70b/T3K/mlp/layer48_w3_srcshape_8192_28672_dtype_BFLOAT8_B_layout_TILE_memcfg_1786057467681592545_mapper_660f4331f0f0_device_0.tensorbin
2026-09-02 20:54:50.143 | INFO     | tt_transformers.modules.lazy_weight:get_device_weight:120 - [32m[cache hit][0m Loading tensor from cache: /localdev/gwang/tt_transformers/model_cache/llama33_70b/T3K/norm/layer49_pre_attn_srcshape_1_1_256_32_dtype_BFLOAT16_layout_ROW_MAJOR_mapper_241585d9fe31_device_0.tensorbin
2026-09-02 20:54:50.143 | INFO     | tt_transformers.modules.lazy_weight:get_device_weight:120 - [32m[cache hit][0m Loading tensor from cache: /localdev/gwang/tt_transformers/model_cache/llama33_70b/T3K/norm/layer49_pre_attn_srcshape_1_1_256_32_dtype_BFLOAT16_layout_ROW_MAJOR_mapper_b82b244385ac_device_0.tensorbin
2026-09-02 20:54:50.144 | INFO     | tt_transformers.modules.lazy_weight:get_device_weight:120 - [32m[cache hit][0m Loading tensor from cache: /localdev/gwang/tt_transformers/model_cache/llama33_70b/T3K/attn/layer49_wqkv_srcshape_1_1_8192_10240_dtype_BFLOAT8_B_layout_TILE_memcfg_663972112453010226_mapper_660f4331f0f0_device_0.tensorbin
2026-09-02 20:54:50.150 | INFO     | tt_transformers.modules.lazy_weight:get_device_weight:120 - [32m[cache hit][0m Loading tensor from cache: /localdev/gwang/tt_transformers/model_cache/llama33_70b/T3K/attn/layer49_wo_srcshape_1_1_8192_8192_dtype_BFLOAT8_B_layout_TILE_mapper_660f4331f0f0_device_0.tensorbin
2026-09-02 20:54:50.155 | INFO     | tt_transformers.modules.lazy_weight:get_device_weight:120 - [32m[cache hit][0m Loading tensor from cache: /localdev/gwang/tt_transformers/model_cache/llama33_70b/T3K/norm/layer49_post_attn_srcshape_1_1_256_32_dtype_BFLOAT16_layout_ROW_MAJOR_mapper_241585d9fe31_device_0.tensorbin
2026-09-02 20:54:50.156 | INFO     | tt_transformers.modules.lazy_weight:get_device_weight:120 - [32m[cache hit][0m Loading tensor from cache: /localdev/gwang/tt_transformers/model_cache/llama33_70b/T3K/norm/layer49_post_attn_srcshape_1_1_256_32_dtype_BFLOAT16_layout_ROW_MAJOR_mapper_b82b244385ac_device_0.tensorbin
2026-09-02 20:54:50.157 | INFO     | tt_transformers.modules.lazy_weight:get_device_weight:120 - [32m[cache hit][0m Loading tensor from cache: /localdev/gwang/tt_transformers/model_cache/llama33_70b/T3K/mlp/layer49_w1_srcshape_8192_28672_dtype_BFLOAT8_B_layout_TILE_memcfg_1786057467681592545_mapper_660f4331f0f0_device_0.tensorbin
2026-09-02 20:54:50.172 | INFO     | tt_transformers.modules.lazy_weight:get_device_weight:120 - [32m[cache hit][0m Loading tensor from cache: /localdev/gwang/tt_transformers/model_cache/llama33_70b/T3K/mlp/layer49_w2_srcshape_28672_8192_dtype_BFLOAT8_B_layout_TILE_memcfg_906506041791331912_mapper_0cdd7bdaff6f_device_0.tensorbin
2026-09-02 20:54:50.187 | INFO     | tt_transformers.modules.lazy_weight:get_device_weight:120 - [32m[cache hit][0m Loading tensor from cache: /localdev/gwang/tt_transformers/model_cache/llama33_70b/T3K/mlp/layer49_w3_srcshape_8192_28672_dtype_BFLOAT8_B_layout_TILE_memcfg_1786057467681592545_mapper_660f4331f0f0_device_0.tensorbin
2026-09-02 20:54:50.203 | INFO     | tt_transformers.modules.lazy_weight:get_device_weight:120 - [32m[cache hit][0m Loading tensor from cache: /localdev/gwang/tt_transformers/model_cache/llama33_70b/T3K/norm/layer50_pre_attn_srcshape_1_1_256_32_dtype_BFLOAT16_layout_ROW_MAJOR_mapper_241585d9fe31_device_0.tensorbin
2026-09-02 20:54:50.203 | INFO     | tt_transformers.modules.lazy_weight:get_device_weight:120 - [32m[cache hit][0m Loading tensor from cache: /localdev/gwang/tt_transformers/model_cache/llama33_70b/T3K/norm/layer50_pre_attn_srcshape_1_1_256_32_dtype_BFLOAT16_layout_ROW_MAJOR_mapper_b82b244385ac_device_0.tensorbin
2026-09-02 20:54:50.204 | INFO     | tt_transformers.modules.lazy_weight:get_device_weight:120 - [32m[cache hit][0m Loading tensor from cache: /localdev/gwang/tt_transformers/model_cache/llama33_70b/T3K/attn/layer50_wqkv_srcshape_1_1_8192_10240_dtype_BFLOAT8_B_layout_TILE_memcfg_663972112453010226_mapper_660f4331f0f0_device_0.tensorbin
2026-09-02 20:54:50.211 | INFO     | tt_transformers.modules.lazy_weight:get_device_weight:120 - [32m[cache hit][0m Loading tensor from cache: /localdev/gwang/tt_transformers/model_cache/llama33_70b/T3K/attn/layer50_wo_srcshape_1_1_8192_8192_dtype_BFLOAT8_B_layout_TILE_mapper_660f4331f0f0_device_0.tensorbin
2026-09-02 20:54:50.217 | INFO     | tt_transformers.modules.lazy_weight:get_device_weight:120 - [32m[cache hit][0m Loading tensor from cache: /localdev/gwang/tt_transformers/model_cache/llama33_70b/T3K/norm/layer50_post_attn_srcshape_1_1_256_32_dtype_BFLOAT16_layout_ROW_MAJOR_mapper_241585d9fe31_device_0.tensorbin
2026-09-02 20:54:50.217 | INFO     | tt_transformers.modules.lazy_weight:get_device_weight:120 - [32m[cache hit][0m Loading tensor from cache: /localdev/gwang/tt_transformers/model_cache/llama33_70b/T3K/norm/layer50_post_attn_srcshape_1_1_256_32_dtype_BFLOAT16_layout_ROW_MAJOR_mapper_b82b244385ac_device_0.tensorbin
2026-09-02 20:54:50.218 | INFO     | tt_transformers.modules.lazy_weight:get_device_weight:120 - [32m[cache hit][0m Loading tensor from cache: /localdev/gwang/tt_transformers/model_cache/llama33_70b/T3K/mlp/layer50_w1_srcshape_8192_28672_dtype_BFLOAT8_B_layout_TILE_memcfg_1786057467681592545_mapper_660f4331f0f0_device_0.tensorbin
2026-09-02 20:54:50.233 | INFO     | tt_transformers.modules.lazy_weight:get_device_weight:120 - [32m[cache hit][0m Loading tensor from cache: /localdev/gwang/tt_transformers/model_cache/llama33_70b/T3K/mlp/layer50_w2_srcshape_28672_8192_dtype_BFLOAT8_B_layout_TILE_memcfg_906506041791331912_mapper_0cdd7bdaff6f_device_0.tensorbin
2026-09-02 20:54:50.249 | INFO     | tt_transformers.modules.lazy_weight:get_device_weight:120 - [32m[cache hit][0m Loading tensor from cache: /localdev/gwang/tt_transformers/model_cache/llama33_70b/T3K/mlp/layer50_w3_srcshape_8192_28672_dtype_BFLOAT8_B_layout_TILE_memcfg_1786057467681592545_mapper_660f4331f0f0_device_0.tensorbin
2026-09-02 20:54:50.268 | INFO     | tt_transformers.modules.lazy_weight:get_device_weight:120 - [32m[cache hit][0m Loading tensor from cache: /localdev/gwang/tt_transformers/model_cache/llama33_70b/T3K/norm/layer51_pre_attn_srcshape_1_1_256_32_dtype_BFLOAT16_layout_ROW_MAJOR_mapper_241585d9fe31_device_0.tensorbin
2026-09-02 20:54:50.268 | INFO     | tt_transformers.modules.lazy_weight:get_device_weight:120 - [32m[cache hit][0m Loading tensor from cache: /localdev/gwang/tt_transformers/model_cache/llama33_70b/T3K/norm/layer51_pre_attn_srcshape_1_1_256_32_dtype_BFLOAT16_layout_ROW_MAJOR_mapper_b82b244385ac_device_0.tensorbin
2026-09-02 20:54:50.269 | INFO     | tt_transformers.modules.lazy_weight:get_device_weight:120 - [32m[cache hit][0m Loading tensor from cache: /localdev/gwang/tt_transformers/model_cache/llama33_70b/T3K/attn/layer51_wqkv_srcshape_1_1_8192_10240_dtype_BFLOAT8_B_layout_TILE_memcfg_663972112453010226_mapper_660f4331f0f0_device_0.tensorbin
2026-09-02 20:54:50.275 | INFO     | tt_transformers.modules.lazy_weight:get_device_weight:120 - [32m[cache hit][0m Loading tensor from cache: /localdev/gwang/tt_transformers/model_cache/llama33_70b/T3K/attn/layer51_wo_srcshape_1_1_8192_8192_dtype_BFLOAT8_B_layout_TILE_mapper_660f4331f0f0_device_0.tensorbin
2026-09-02 20:54:50.281 | INFO     | tt_transformers.modules.lazy_weight:get_device_weight:120 - [32m[cache hit][0m Loading tensor from cache: /localdev/gwang/tt_transformers/model_cache/llama33_70b/T3K/norm/layer51_post_attn_srcshape_1_1_256_32_dtype_BFLOAT16_layout_ROW_MAJOR_mapper_241585d9fe31_device_0.tensorbin
2026-09-02 20:54:50.281 | INFO     | tt_transformers.modules.lazy_weight:get_device_weight:120 - [32m[cache hit][0m Loading tensor from cache: /localdev/gwang/tt_transformers/model_cache/llama33_70b/T3K/norm/layer51_post_attn_srcshape_1_1_256_32_dtype_BFLOAT16_layout_ROW_MAJOR_mapper_b82b244385ac_device_0.tensorbin
2026-09-02 20:54:50.282 | INFO     | tt_transformers.modules.lazy_weight:get_device_weight:120 - [32m[cache hit][0m Loading tensor from cache: /localdev/gwang/tt_transformers/model_cache/llama33_70b/T3K/mlp/layer51_w1_srcshape_8192_28672_dtype_BFLOAT8_B_layout_TILE_memcfg_1786057467681592545_mapper_660f4331f0f0_device_0.tensorbin
2026-09-02 20:54:50.300 | INFO     | tt_transformers.modules.lazy_weight:get_device_weight:120 - [32m[cache hit][0m Loading tensor from cache: /localdev/gwang/tt_transformers/model_cache/llama33_70b/T3K/mlp/layer51_w2_srcshape_28672_8192_dtype_BFLOAT8_B_layout_TILE_memcfg_906506041791331912_mapper_0cdd7bdaff6f_device_0.tensorbin
2026-09-02 20:54:50.317 | INFO     | tt_transformers.modules.lazy_weight:get_device_weight:120 - [32m[cache hit][0m Loading tensor from cache: /localdev/gwang/tt_transformers/model_cache/llama33_70b/T3K/mlp/layer51_w3_srcshape_8192_28672_dtype_BFLOAT8_B_layout_TILE_memcfg_1786057467681592545_mapper_660f4331f0f0_device_0.tensorbin
2026-09-02 20:54:50.332 | INFO     | tt_transformers.modules.lazy_weight:get_device_weight:120 - [32m[cache hit][0m Loading tensor from cache: /localdev/gwang/tt_transformers/model_cache/llama33_70b/T3K/norm/layer52_pre_attn_srcshape_1_1_256_32_dtype_BFLOAT16_layout_ROW_MAJOR_mapper_241585d9fe31_device_0.tensorbin
2026-09-02 20:54:50.332 | INFO     | tt_transformers.modules.lazy_weight:get_device_weight:120 - [32m[cache hit][0m Loading tensor from cache: /localdev/gwang/tt_transformers/model_cache/llama33_70b/T3K/norm/layer52_pre_attn_srcshape_1_1_256_32_dtype_BFLOAT16_layout_ROW_MAJOR_mapper_b82b244385ac_device_0.tensorbin
2026-09-02 20:54:50.333 | INFO     | tt_transformers.modules.lazy_weight:get_device_weight:120 - [32m[cache hit][0m Loading tensor from cache: /localdev/gwang/tt_transformers/model_cache/llama33_70b/T3K/attn/layer52_wqkv_srcshape_1_1_8192_10240_dtype_BFLOAT8_B_layout_TILE_memcfg_663972112453010226_mapper_660f4331f0f0_device_0.tensorbin
2026-09-02 20:54:50.339 | INFO     | tt_transformers.modules.lazy_weight:get_device_weight:120 - [32m[cache hit][0m Loading tensor from cache: /localdev/gwang/tt_transformers/model_cache/llama33_70b/T3K/attn/layer52_wo_srcshape_1_1_8192_8192_dtype_BFLOAT8_B_layout_TILE_mapper_660f4331f0f0_device_0.tensorbin
2026-09-02 20:54:50.345 | INFO     | tt_transformers.modules.lazy_weight:get_device_weight:120 - [32m[cache hit][0m Loading tensor from cache: /localdev/gwang/tt_transformers/model_cache/llama33_70b/T3K/norm/layer52_post_attn_srcshape_1_1_256_32_dtype_BFLOAT16_layout_ROW_MAJOR_mapper_241585d9fe31_device_0.tensorbin
2026-09-02 20:54:50.345 | INFO     | tt_transformers.modules.lazy_weight:get_device_weight:120 - [32m[cache hit][0m Loading tensor from cache: /localdev/gwang/tt_transformers/model_cache/llama33_70b/T3K/norm/layer52_post_attn_srcshape_1_1_256_32_dtype_BFLOAT16_layout_ROW_MAJOR_mapper_b82b244385ac_device_0.tensorbin
2026-09-02 20:54:50.346 | INFO     | tt_transformers.modules.lazy_weight:get_device_weight:120 - [32m[cache hit][0m Loading tensor from cache: /localdev/gwang/tt_transformers/model_cache/llama33_70b/T3K/mlp/layer52_w1_srcshape_8192_28672_dtype_BFLOAT8_B_layout_TILE_memcfg_1786057467681592545_mapper_660f4331f0f0_device_0.tensorbin
2026-09-02 20:54:50.361 | INFO     | tt_transformers.modules.lazy_weight:get_device_weight:120 - [32m[cache hit][0m Loading tensor from cache: /localdev/gwang/tt_transformers/model_cache/llama33_70b/T3K/mlp/layer52_w2_srcshape_28672_8192_dtype_BFLOAT8_B_layout_TILE_memcfg_906506041791331912_mapper_0cdd7bdaff6f_device_0.tensorbin
2026-09-02 20:54:50.375 | INFO     | tt_transformers.modules.lazy_weight:get_device_weight:120 - [32m[cache hit][0m Loading tensor from cache: /localdev/gwang/tt_transformers/model_cache/llama33_70b/T3K/mlp/layer52_w3_srcshape_8192_28672_dtype_BFLOAT8_B_layout_TILE_memcfg_1786057467681592545_mapper_660f4331f0f0_device_0.tensorbin
2026-09-02 20:54:50.391 | INFO     | tt_transformers.modules.lazy_weight:get_device_weight:120 - [32m[cache hit][0m Loading tensor from cache: /localdev/gwang/tt_transformers/model_cache/llama33_70b/T3K/norm/layer53_pre_attn_srcshape_1_1_256_32_dtype_BFLOAT16_layout_ROW_MAJOR_mapper_241585d9fe31_device_0.tensorbin
2026-09-02 20:54:50.391 | INFO     | tt_transformers.modules.lazy_weight:get_device_weight:120 - [32m[cache hit][0m Loading tensor from cache: /localdev/gwang/tt_transformers/model_cache/llama33_70b/T3K/norm/layer53_pre_attn_srcshape_1_1_256_32_dtype_BFLOAT16_layout_ROW_MAJOR_mapper_b82b244385ac_device_0.tensorbin
2026-09-02 20:54:50.392 | INFO     | tt_transformers.modules.lazy_weight:get_device_weight:120 - [32m[cache hit][0m Loading tensor from cache: /localdev/gwang/tt_transformers/model_cache/llama33_70b/T3K/attn/layer53_wqkv_srcshape_1_1_8192_10240_dtype_BFLOAT8_B_layout_TILE_memcfg_663972112453010226_mapper_660f4331f0f0_device_0.tensorbin
2026-09-02 20:54:50.397 | INFO     | tt_transformers.modules.lazy_weight:get_device_weight:120 - [32m[cache hit][0m Loading tensor from cache: /localdev/gwang/tt_transformers/model_cache/llama33_70b/T3K/attn/layer53_wo_srcshape_1_1_8192_8192_dtype_BFLOAT8_B_layout_TILE_mapper_660f4331f0f0_device_0.tensorbin
2026-09-02 20:54:50.403 | INFO     | tt_transformers.modules.lazy_weight:get_device_weight:120 - [32m[cache hit][0m Loading tensor from cache: /localdev/gwang/tt_transformers/model_cache/llama33_70b/T3K/norm/layer53_post_attn_srcshape_1_1_256_32_dtype_BFLOAT16_layout_ROW_MAJOR_mapper_241585d9fe31_device_0.tensorbin
2026-09-02 20:54:50.403 | INFO     | tt_transformers.modules.lazy_weight:get_device_weight:120 - [32m[cache hit][0m Loading tensor from cache: /localdev/gwang/tt_transformers/model_cache/llama33_70b/T3K/norm/layer53_post_attn_srcshape_1_1_256_32_dtype_BFLOAT16_layout_ROW_MAJOR_mapper_b82b244385ac_device_0.tensorbin
2026-09-02 20:54:50.404 | INFO     | tt_transformers.modules.lazy_weight:get_device_weight:120 - [32m[cache hit][0m Loading tensor from cache: /localdev/gwang/tt_transformers/model_cache/llama33_70b/T3K/mlp/layer53_w1_srcshape_8192_28672_dtype_BFLOAT8_B_layout_TILE_memcfg_1786057467681592545_mapper_660f4331f0f0_device_0.tensorbin
2026-09-02 20:54:50.417 | INFO     | tt_transformers.modules.lazy_weight:get_device_weight:120 - [32m[cache hit][0m Loading tensor from cache: /localdev/gwang/tt_transformers/model_cache/llama33_70b/T3K/mlp/layer53_w2_srcshape_28672_8192_dtype_BFLOAT8_B_layout_TILE_memcfg_906506041791331912_mapper_0cdd7bdaff6f_device_0.tensorbin
2026-09-02 20:54:50.430 | INFO     | tt_transformers.modules.lazy_weight:get_device_weight:120 - [32m[cache hit][0m Loading tensor from cache: /localdev/gwang/tt_transformers/model_cache/llama33_70b/T3K/mlp/layer53_w3_srcshape_8192_28672_dtype_BFLOAT8_B_layout_TILE_memcfg_1786057467681592545_mapper_660f4331f0f0_device_0.tensorbin
2026-09-02 20:54:50.445 | INFO     | tt_transformers.modules.lazy_weight:get_device_weight:120 - [32m[cache hit][0m Loading tensor from cache: /localdev/gwang/tt_transformers/model_cache/llama33_70b/T3K/norm/layer54_pre_attn_srcshape_1_1_256_32_dtype_BFLOAT16_layout_ROW_MAJOR_mapper_241585d9fe31_device_0.tensorbin
2026-09-02 20:54:50.446 | INFO     | tt_transformers.modules.lazy_weight:get_device_weight:120 - [32m[cache hit][0m Loading tensor from cache: /localdev/gwang/tt_transformers/model_cache/llama33_70b/T3K/norm/layer54_pre_attn_srcshape_1_1_256_32_dtype_BFLOAT16_layout_ROW_MAJOR_mapper_b82b244385ac_device_0.tensorbin
2026-09-02 20:54:50.446 | INFO     | tt_transformers.modules.lazy_weight:get_device_weight:120 - [32m[cache hit][0m Loading tensor from cache: /localdev/gwang/tt_transformers/model_cache/llama33_70b/T3K/attn/layer54_wqkv_srcshape_1_1_8192_10240_dtype_BFLOAT8_B_layout_TILE_memcfg_663972112453010226_mapper_660f4331f0f0_device_0.tensorbin
2026-09-02 20:54:50.452 | INFO     | tt_transformers.modules.lazy_weight:get_device_weight:120 - [32m[cache hit][0m Loading tensor from cache: /localdev/gwang/tt_transformers/model_cache/llama33_70b/T3K/attn/layer54_wo_srcshape_1_1_8192_8192_dtype_BFLOAT8_B_layout_TILE_mapper_660f4331f0f0_device_0.tensorbin
2026-09-02 20:54:50.457 | INFO     | tt_transformers.modules.lazy_weight:get_device_weight:120 - [32m[cache hit][0m Loading tensor from cache: /localdev/gwang/tt_transformers/model_cache/llama33_70b/T3K/norm/layer54_post_attn_srcshape_1_1_256_32_dtype_BFLOAT16_layout_ROW_MAJOR_mapper_241585d9fe31_device_0.tensorbin
2026-09-02 20:54:50.457 | INFO     | tt_transformers.modules.lazy_weight:get_device_weight:120 - [32m[cache hit][0m Loading tensor from cache: /localdev/gwang/tt_transformers/model_cache/llama33_70b/T3K/norm/layer54_post_attn_srcshape_1_1_256_32_dtype_BFLOAT16_layout_ROW_MAJOR_mapper_b82b244385ac_device_0.tensorbin
2026-09-02 20:54:50.458 | INFO     | tt_transformers.modules.lazy_weight:get_device_weight:120 - [32m[cache hit][0m Loading tensor from cache: /localdev/gwang/tt_transformers/model_cache/llama33_70b/T3K/mlp/layer54_w1_srcshape_8192_28672_dtype_BFLOAT8_B_layout_TILE_memcfg_1786057467681592545_mapper_660f4331f0f0_device_0.tensorbin
2026-09-02 20:54:50.471 | INFO     | tt_transformers.modules.lazy_weight:get_device_weight:120 - [32m[cache hit][0m Loading tensor from cache: /localdev/gwang/tt_transformers/model_cache/llama33_70b/T3K/mlp/layer54_w2_srcshape_28672_8192_dtype_BFLOAT8_B_layout_TILE_memcfg_906506041791331912_mapper_0cdd7bdaff6f_device_0.tensorbin
2026-09-02 20:54:50.484 | INFO     | tt_transformers.modules.lazy_weight:get_device_weight:120 - [32m[cache hit][0m Loading tensor from cache: /localdev/gwang/tt_transformers/model_cache/llama33_70b/T3K/mlp/layer54_w3_srcshape_8192_28672_dtype_BFLOAT8_B_layout_TILE_memcfg_1786057467681592545_mapper_660f4331f0f0_device_0.tensorbin
2026-09-02 20:54:50.497 | INFO     | tt_transformers.modules.lazy_weight:get_device_weight:120 - [32m[cache hit][0m Loading tensor from cache: /localdev/gwang/tt_transformers/model_cache/llama33_70b/T3K/norm/layer55_pre_attn_srcshape_1_1_256_32_dtype_BFLOAT16_layout_ROW_MAJOR_mapper_241585d9fe31_device_0.tensorbin
2026-09-02 20:54:50.498 | INFO     | tt_transformers.modules.lazy_weight:get_device_weight:120 - [32m[cache hit][0m Loading tensor from cache: /localdev/gwang/tt_transformers/model_cache/llama33_70b/T3K/norm/layer55_pre_attn_srcshape_1_1_256_32_dtype_BFLOAT16_layout_ROW_MAJOR_mapper_b82b244385ac_device_0.tensorbin
2026-09-02 20:54:50.498 | INFO     | tt_transformers.modules.lazy_weight:get_device_weight:120 - [32m[cache hit][0m Loading tensor from cache: /localdev/gwang/tt_transformers/model_cache/llama33_70b/T3K/attn/layer55_wqkv_srcshape_1_1_8192_10240_dtype_BFLOAT8_B_layout_TILE_memcfg_663972112453010226_mapper_660f4331f0f0_device_0.tensorbin
2026-09-02 20:54:50.504 | INFO     | tt_transformers.modules.lazy_weight:get_device_weight:120 - [32m[cache hit][0m Loading tensor from cache: /localdev/gwang/tt_transformers/model_cache/llama33_70b/T3K/attn/layer55_wo_srcshape_1_1_8192_8192_dtype_BFLOAT8_B_layout_TILE_mapper_660f4331f0f0_device_0.tensorbin
2026-09-02 20:54:50.510 | INFO     | tt_transformers.modules.lazy_weight:get_device_weight:120 - [32m[cache hit][0m Loading tensor from cache: /localdev/gwang/tt_transformers/model_cache/llama33_70b/T3K/norm/layer55_post_attn_srcshape_1_1_256_32_dtype_BFLOAT16_layout_ROW_MAJOR_mapper_241585d9fe31_device_0.tensorbin
2026-09-02 20:54:50.510 | INFO     | tt_transformers.modules.lazy_weight:get_device_weight:120 - [32m[cache hit][0m Loading tensor from cache: /localdev/gwang/tt_transformers/model_cache/llama33_70b/T3K/norm/layer55_post_attn_srcshape_1_1_256_32_dtype_BFLOAT16_layout_ROW_MAJOR_mapper_b82b244385ac_device_0.tensorbin
2026-09-02 20:54:50.511 | INFO     | tt_transformers.modules.lazy_weight:get_device_weight:120 - [32m[cache hit][0m Loading tensor from cache: /localdev/gwang/tt_transformers/model_cache/llama33_70b/T3K/mlp/layer55_w1_srcshape_8192_28672_dtype_BFLOAT8_B_layout_TILE_memcfg_1786057467681592545_mapper_660f4331f0f0_device_0.tensorbin
2026-09-02 20:54:50.525 | INFO     | tt_transformers.modules.lazy_weight:get_device_weight:120 - [32m[cache hit][0m Loading tensor from cache: /localdev/gwang/tt_transformers/model_cache/llama33_70b/T3K/mlp/layer55_w2_srcshape_28672_8192_dtype_BFLOAT8_B_layout_TILE_memcfg_906506041791331912_mapper_0cdd7bdaff6f_device_0.tensorbin
2026-09-02 20:54:50.539 | INFO     | tt_transformers.modules.lazy_weight:get_device_weight:120 - [32m[cache hit][0m Loading tensor from cache: /localdev/gwang/tt_transformers/model_cache/llama33_70b/T3K/mlp/layer55_w3_srcshape_8192_28672_dtype_BFLOAT8_B_layout_TILE_memcfg_1786057467681592545_mapper_660f4331f0f0_device_0.tensorbin
2026-09-02 20:54:50.554 | INFO     | tt_transformers.modules.lazy_weight:get_device_weight:120 - [32m[cache hit][0m Loading tensor from cache: /localdev/gwang/tt_transformers/model_cache/llama33_70b/T3K/norm/layer56_pre_attn_srcshape_1_1_256_32_dtype_BFLOAT16_layout_ROW_MAJOR_mapper_241585d9fe31_device_0.tensorbin
2026-09-02 20:54:50.554 | INFO     | tt_transformers.modules.lazy_weight:get_device_weight:120 - [32m[cache hit][0m Loading tensor from cache: /localdev/gwang/tt_transformers/model_cache/llama33_70b/T3K/norm/layer56_pre_attn_srcshape_1_1_256_32_dtype_BFLOAT16_layout_ROW_MAJOR_mapper_b82b244385ac_device_0.tensorbin
2026-09-02 20:54:50.555 | INFO     | tt_transformers.modules.lazy_weight:get_device_weight:120 - [32m[cache hit][0m Loading tensor from cache: /localdev/gwang/tt_transformers/model_cache/llama33_70b/T3K/attn/layer56_wqkv_srcshape_1_1_8192_10240_dtype_BFLOAT8_B_layout_TILE_memcfg_663972112453010226_mapper_660f4331f0f0_device_0.tensorbin
2026-09-02 20:54:50.560 | INFO     | tt_transformers.modules.lazy_weight:get_device_weight:120 - [32m[cache hit][0m Loading tensor from cache: /localdev/gwang/tt_transformers/model_cache/llama33_70b/T3K/attn/layer56_wo_srcshape_1_1_8192_8192_dtype_BFLOAT8_B_layout_TILE_mapper_660f4331f0f0_device_0.tensorbin
2026-09-02 20:54:50.566 | INFO     | tt_transformers.modules.lazy_weight:get_device_weight:120 - [32m[cache hit][0m Loading tensor from cache: /localdev/gwang/tt_transformers/model_cache/llama33_70b/T3K/norm/layer56_post_attn_srcshape_1_1_256_32_dtype_BFLOAT16_layout_ROW_MAJOR_mapper_241585d9fe31_device_0.tensorbin
2026-09-02 20:54:50.567 | INFO     | tt_transformers.modules.lazy_weight:get_device_weight:120 - [32m[cache hit][0m Loading tensor from cache: /localdev/gwang/tt_transformers/model_cache/llama33_70b/T3K/norm/layer56_post_attn_srcshape_1_1_256_32_dtype_BFLOAT16_layout_ROW_MAJOR_mapper_b82b244385ac_device_0.tensorbin
2026-09-02 20:54:50.567 | INFO     | tt_transformers.modules.lazy_weight:get_device_weight:120 - [32m[cache hit][0m Loading tensor from cache: /localdev/gwang/tt_transformers/model_cache/llama33_70b/T3K/mlp/layer56_w1_srcshape_8192_28672_dtype_BFLOAT8_B_layout_TILE_memcfg_1786057467681592545_mapper_660f4331f0f0_device_0.tensorbin
2026-09-02 20:54:50.585 | INFO     | tt_transformers.modules.lazy_weight:get_device_weight:120 - [32m[cache hit][0m Loading tensor from cache: /localdev/gwang/tt_transformers/model_cache/llama33_70b/T3K/mlp/layer56_w2_srcshape_28672_8192_dtype_BFLOAT8_B_layout_TILE_memcfg_906506041791331912_mapper_0cdd7bdaff6f_device_0.tensorbin
2026-09-02 20:54:50.601 | INFO     | tt_transformers.modules.lazy_weight:get_device_weight:120 - [32m[cache hit][0m Loading tensor from cache: /localdev/gwang/tt_transformers/model_cache/llama33_70b/T3K/mlp/layer56_w3_srcshape_8192_28672_dtype_BFLOAT8_B_layout_TILE_memcfg_1786057467681592545_mapper_660f4331f0f0_device_0.tensorbin
2026-09-02 20:54:50.621 | INFO     | tt_transformers.modules.lazy_weight:get_device_weight:120 - [32m[cache hit][0m Loading tensor from cache: /localdev/gwang/tt_transformers/model_cache/llama33_70b/T3K/norm/layer57_pre_attn_srcshape_1_1_256_32_dtype_BFLOAT16_layout_ROW_MAJOR_mapper_241585d9fe31_device_0.tensorbin
2026-09-02 20:54:50.622 | INFO     | tt_transformers.modules.lazy_weight:get_device_weight:120 - [32m[cache hit][0m Loading tensor from cache: /localdev/gwang/tt_transformers/model_cache/llama33_70b/T3K/norm/layer57_pre_attn_srcshape_1_1_256_32_dtype_BFLOAT16_layout_ROW_MAJOR_mapper_b82b244385ac_device_0.tensorbin
2026-09-02 20:54:50.623 | INFO     | tt_transformers.modules.lazy_weight:get_device_weight:120 - [32m[cache hit][0m Loading tensor from cache: /localdev/gwang/tt_transformers/model_cache/llama33_70b/T3K/attn/layer57_wqkv_srcshape_1_1_8192_10240_dtype_BFLOAT8_B_layout_TILE_memcfg_663972112453010226_mapper_660f4331f0f0_device_0.tensorbin
2026-09-02 20:54:50.630 | INFO     | tt_transformers.modules.lazy_weight:get_device_weight:120 - [32m[cache hit][0m Loading tensor from cache: /localdev/gwang/tt_transformers/model_cache/llama33_70b/T3K/attn/layer57_wo_srcshape_1_1_8192_8192_dtype_BFLOAT8_B_layout_TILE_mapper_660f4331f0f0_device_0.tensorbin
2026-09-02 20:54:50.636 | INFO     | tt_transformers.modules.lazy_weight:get_device_weight:120 - [32m[cache hit][0m Loading tensor from cache: /localdev/gwang/tt_transformers/model_cache/llama33_70b/T3K/norm/layer57_post_attn_srcshape_1_1_256_32_dtype_BFLOAT16_layout_ROW_MAJOR_mapper_241585d9fe31_device_0.tensorbin
2026-09-02 20:54:50.636 | INFO     | tt_transformers.modules.lazy_weight:get_device_weight:120 - [32m[cache hit][0m Loading tensor from cache: /localdev/gwang/tt_transformers/model_cache/llama33_70b/T3K/norm/layer57_post_attn_srcshape_1_1_256_32_dtype_BFLOAT16_layout_ROW_MAJOR_mapper_b82b244385ac_device_0.tensorbin
2026-09-02 20:54:50.637 | INFO     | tt_transformers.modules.lazy_weight:get_device_weight:120 - [32m[cache hit][0m Loading tensor from cache: /localdev/gwang/tt_transformers/model_cache/llama33_70b/T3K/mlp/layer57_w1_srcshape_8192_28672_dtype_BFLOAT8_B_layout_TILE_memcfg_1786057467681592545_mapper_660f4331f0f0_device_0.tensorbin
2026-09-02 20:54:50.655 | INFO     | tt_transformers.modules.lazy_weight:get_device_weight:120 - [32m[cache hit][0m Loading tensor from cache: /localdev/gwang/tt_transformers/model_cache/llama33_70b/T3K/mlp/layer57_w2_srcshape_28672_8192_dtype_BFLOAT8_B_layout_TILE_memcfg_906506041791331912_mapper_0cdd7bdaff6f_device_0.tensorbin
2026-09-02 20:54:50.672 | INFO     | tt_transformers.modules.lazy_weight:get_device_weight:120 - [32m[cache hit][0m Loading tensor from cache: /localdev/gwang/tt_transformers/model_cache/llama33_70b/T3K/mlp/layer57_w3_srcshape_8192_28672_dtype_BFLOAT8_B_layout_TILE_memcfg_1786057467681592545_mapper_660f4331f0f0_device_0.tensorbin
2026-09-02 20:54:50.691 | INFO     | tt_transformers.modules.lazy_weight:get_device_weight:120 - [32m[cache hit][0m Loading tensor from cache: /localdev/gwang/tt_transformers/model_cache/llama33_70b/T3K/norm/layer58_pre_attn_srcshape_1_1_256_32_dtype_BFLOAT16_layout_ROW_MAJOR_mapper_241585d9fe31_device_0.tensorbin
2026-09-02 20:54:50.691 | INFO     | tt_transformers.modules.lazy_weight:get_device_weight:120 - [32m[cache hit][0m Loading tensor from cache: /localdev/gwang/tt_transformers/model_cache/llama33_70b/T3K/norm/layer58_pre_attn_srcshape_1_1_256_32_dtype_BFLOAT16_layout_ROW_MAJOR_mapper_b82b244385ac_device_0.tensorbin
2026-09-02 20:54:50.692 | INFO     | tt_transformers.modules.lazy_weight:get_device_weight:120 - [32m[cache hit][0m Loading tensor from cache: /localdev/gwang/tt_transformers/model_cache/llama33_70b/T3K/attn/layer58_wqkv_srcshape_1_1_8192_10240_dtype_BFLOAT8_B_layout_TILE_memcfg_663972112453010226_mapper_660f4331f0f0_device_0.tensorbin
2026-09-02 20:54:50.700 | INFO     | tt_transformers.modules.lazy_weight:get_device_weight:120 - [32m[cache hit][0m Loading tensor from cache: /localdev/gwang/tt_transformers/model_cache/llama33_70b/T3K/attn/layer58_wo_srcshape_1_1_8192_8192_dtype_BFLOAT8_B_layout_TILE_mapper_660f4331f0f0_device_0.tensorbin
2026-09-02 20:54:50.706 | INFO     | tt_transformers.modules.lazy_weight:get_device_weight:120 - [32m[cache hit][0m Loading tensor from cache: /localdev/gwang/tt_transformers/model_cache/llama33_70b/T3K/norm/layer58_post_attn_srcshape_1_1_256_32_dtype_BFLOAT16_layout_ROW_MAJOR_mapper_241585d9fe31_device_0.tensorbin
2026-09-02 20:54:50.706 | INFO     | tt_transformers.modules.lazy_weight:get_device_weight:120 - [32m[cache hit][0m Loading tensor from cache: /localdev/gwang/tt_transformers/model_cache/llama33_70b/T3K/norm/layer58_post_attn_srcshape_1_1_256_32_dtype_BFLOAT16_layout_ROW_MAJOR_mapper_b82b244385ac_device_0.tensorbin
2026-09-02 20:54:50.707 | INFO     | tt_transformers.modules.lazy_weight:get_device_weight:120 - [32m[cache hit][0m Loading tensor from cache: /localdev/gwang/tt_transformers/model_cache/llama33_70b/T3K/mlp/layer58_w1_srcshape_8192_28672_dtype_BFLOAT8_B_layout_TILE_memcfg_1786057467681592545_mapper_660f4331f0f0_device_0.tensorbin
2026-09-02 20:54:50.725 | INFO     | tt_transformers.modules.lazy_weight:get_device_weight:120 - [32m[cache hit][0m Loading tensor from cache: /localdev/gwang/tt_transformers/model_cache/llama33_70b/T3K/mlp/layer58_w2_srcshape_28672_8192_dtype_BFLOAT8_B_layout_TILE_memcfg_906506041791331912_mapper_0cdd7bdaff6f_device_0.tensorbin
2026-09-02 20:54:50.741 | INFO     | tt_transformers.modules.lazy_weight:get_device_weight:120 - [32m[cache hit][0m Loading tensor from cache: /localdev/gwang/tt_transformers/model_cache/llama33_70b/T3K/mlp/layer58_w3_srcshape_8192_28672_dtype_BFLOAT8_B_layout_TILE_memcfg_1786057467681592545_mapper_660f4331f0f0_device_0.tensorbin
2026-09-02 20:54:50.758 | INFO     | tt_transformers.modules.lazy_weight:get_device_weight:120 - [32m[cache hit][0m Loading tensor from cache: /localdev/gwang/tt_transformers/model_cache/llama33_70b/T3K/norm/layer59_pre_attn_srcshape_1_1_256_32_dtype_BFLOAT16_layout_ROW_MAJOR_mapper_241585d9fe31_device_0.tensorbin
2026-09-02 20:54:50.758 | INFO     | tt_transformers.modules.lazy_weight:get_device_weight:120 - [32m[cache hit][0m Loading tensor from cache: /localdev/gwang/tt_transformers/model_cache/llama33_70b/T3K/norm/layer59_pre_attn_srcshape_1_1_256_32_dtype_BFLOAT16_layout_ROW_MAJOR_mapper_b82b244385ac_device_0.tensorbin
2026-09-02 20:54:50.759 | INFO     | tt_transformers.modules.lazy_weight:get_device_weight:120 - [32m[cache hit][0m Loading tensor from cache: /localdev/gwang/tt_transformers/model_cache/llama33_70b/T3K/attn/layer59_wqkv_srcshape_1_1_8192_10240_dtype_BFLOAT8_B_layout_TILE_memcfg_663972112453010226_mapper_660f4331f0f0_device_0.tensorbin
2026-09-02 20:54:50.764 | INFO     | tt_transformers.modules.lazy_weight:get_device_weight:120 - [32m[cache hit][0m Loading tensor from cache: /localdev/gwang/tt_transformers/model_cache/llama33_70b/T3K/attn/layer59_wo_srcshape_1_1_8192_8192_dtype_BFLOAT8_B_layout_TILE_mapper_660f4331f0f0_device_0.tensorbin
2026-09-02 20:54:50.770 | INFO     | tt_transformers.modules.lazy_weight:get_device_weight:120 - [32m[cache hit][0m Loading tensor from cache: /localdev/gwang/tt_transformers/model_cache/llama33_70b/T3K/norm/layer59_post_attn_srcshape_1_1_256_32_dtype_BFLOAT16_layout_ROW_MAJOR_mapper_241585d9fe31_device_0.tensorbin
2026-09-02 20:54:50.770 | INFO     | tt_transformers.modules.lazy_weight:get_device_weight:120 - [32m[cache hit][0m Loading tensor from cache: /localdev/gwang/tt_transformers/model_cache/llama33_70b/T3K/norm/layer59_post_attn_srcshape_1_1_256_32_dtype_BFLOAT16_layout_ROW_MAJOR_mapper_b82b244385ac_device_0.tensorbin
2026-09-02 20:54:50.771 | INFO     | tt_transformers.modules.lazy_weight:get_device_weight:120 - [32m[cache hit][0m Loading tensor from cache: /localdev/gwang/tt_transformers/model_cache/llama33_70b/T3K/mlp/layer59_w1_srcshape_8192_28672_dtype_BFLOAT8_B_layout_TILE_memcfg_1786057467681592545_mapper_660f4331f0f0_device_0.tensorbin
2026-09-02 20:54:50.786 | INFO     | tt_transformers.modules.lazy_weight:get_device_weight:120 - [32m[cache hit][0m Loading tensor from cache: /localdev/gwang/tt_transformers/model_cache/llama33_70b/T3K/mlp/layer59_w2_srcshape_28672_8192_dtype_BFLOAT8_B_layout_TILE_memcfg_906506041791331912_mapper_0cdd7bdaff6f_device_0.tensorbin
2026-09-02 20:54:50.803 | INFO     | tt_transformers.modules.lazy_weight:get_device_weight:120 - [32m[cache hit][0m Loading tensor from cache: /localdev/gwang/tt_transformers/model_cache/llama33_70b/T3K/mlp/layer59_w3_srcshape_8192_28672_dtype_BFLOAT8_B_layout_TILE_memcfg_1786057467681592545_mapper_660f4331f0f0_device_0.tensorbin
2026-09-02 20:54:50.818 | INFO     | tt_transformers.modules.lazy_weight:get_device_weight:120 - [32m[cache hit][0m Loading tensor from cache: /localdev/gwang/tt_transformers/model_cache/llama33_70b/T3K/norm/layer60_pre_attn_srcshape_1_1_256_32_dtype_BFLOAT16_layout_ROW_MAJOR_mapper_241585d9fe31_device_0.tensorbin
2026-09-02 20:54:50.819 | INFO     | tt_transformers.modules.lazy_weight:get_device_weight:120 - [32m[cache hit][0m Loading tensor from cache: /localdev/gwang/tt_transformers/model_cache/llama33_70b/T3K/norm/layer60_pre_attn_srcshape_1_1_256_32_dtype_BFLOAT16_layout_ROW_MAJOR_mapper_b82b244385ac_device_0.tensorbin
2026-09-02 20:54:50.819 | INFO     | tt_transformers.modules.lazy_weight:get_device_weight:120 - [32m[cache hit][0m Loading tensor from cache: /localdev/gwang/tt_transformers/model_cache/llama33_70b/T3K/attn/layer60_wqkv_srcshape_1_1_8192_10240_dtype_BFLOAT8_B_layout_TILE_memcfg_663972112453010226_mapper_660f4331f0f0_device_0.tensorbin
2026-09-02 20:54:50.826 | INFO     | tt_transformers.modules.lazy_weight:get_device_weight:120 - [32m[cache hit][0m Loading tensor from cache: /localdev/gwang/tt_transformers/model_cache/llama33_70b/T3K/attn/layer60_wo_srcshape_1_1_8192_8192_dtype_BFLOAT8_B_layout_TILE_mapper_660f4331f0f0_device_0.tensorbin
2026-09-02 20:54:50.832 | INFO     | tt_transformers.modules.lazy_weight:get_device_weight:120 - [32m[cache hit][0m Loading tensor from cache: /localdev/gwang/tt_transformers/model_cache/llama33_70b/T3K/norm/layer60_post_attn_srcshape_1_1_256_32_dtype_BFLOAT16_layout_ROW_MAJOR_mapper_241585d9fe31_device_0.tensorbin
2026-09-02 20:54:50.832 | INFO     | tt_transformers.modules.lazy_weight:get_device_weight:120 - [32m[cache hit][0m Loading tensor from cache: /localdev/gwang/tt_transformers/model_cache/llama33_70b/T3K/norm/layer60_post_attn_srcshape_1_1_256_32_dtype_BFLOAT16_layout_ROW_MAJOR_mapper_b82b244385ac_device_0.tensorbin
2026-09-02 20:54:50.833 | INFO     | tt_transformers.modules.lazy_weight:get_device_weight:120 - [32m[cache hit][0m Loading tensor from cache: /localdev/gwang/tt_transformers/model_cache/llama33_70b/T3K/mlp/layer60_w1_srcshape_8192_28672_dtype_BFLOAT8_B_layout_TILE_memcfg_1786057467681592545_mapper_660f4331f0f0_device_0.tensorbin
2026-09-02 20:54:50.848 | INFO     | tt_transformers.modules.lazy_weight:get_device_weight:120 - [32m[cache hit][0m Loading tensor from cache: /localdev/gwang/tt_transformers/model_cache/llama33_70b/T3K/mlp/layer60_w2_srcshape_28672_8192_dtype_BFLOAT8_B_layout_TILE_memcfg_906506041791331912_mapper_0cdd7bdaff6f_device_0.tensorbin
2026-09-02 20:54:50.865 | INFO     | tt_transformers.modules.lazy_weight:get_device_weight:120 - [32m[cache hit][0m Loading tensor from cache: /localdev/gwang/tt_transformers/model_cache/llama33_70b/T3K/mlp/layer60_w3_srcshape_8192_28672_dtype_BFLOAT8_B_layout_TILE_memcfg_1786057467681592545_mapper_660f4331f0f0_device_0.tensorbin
2026-09-02 20:54:50.885 | INFO     | tt_transformers.modules.lazy_weight:get_device_weight:120 - [32m[cache hit][0m Loading tensor from cache: /localdev/gwang/tt_transformers/model_cache/llama33_70b/T3K/norm/layer61_pre_attn_srcshape_1_1_256_32_dtype_BFLOAT16_layout_ROW_MAJOR_mapper_241585d9fe31_device_0.tensorbin
2026-09-02 20:54:50.886 | INFO     | tt_transformers.modules.lazy_weight:get_device_weight:120 - [32m[cache hit][0m Loading tensor from cache: /localdev/gwang/tt_transformers/model_cache/llama33_70b/T3K/norm/layer61_pre_attn_srcshape_1_1_256_32_dtype_BFLOAT16_layout_ROW_MAJOR_mapper_b82b244385ac_device_0.tensorbin
2026-09-02 20:54:50.887 | INFO     | tt_transformers.modules.lazy_weight:get_device_weight:120 - [32m[cache hit][0m Loading tensor from cache: /localdev/gwang/tt_transformers/model_cache/llama33_70b/T3K/attn/layer61_wqkv_srcshape_1_1_8192_10240_dtype_BFLOAT8_B_layout_TILE_memcfg_663972112453010226_mapper_660f4331f0f0_device_0.tensorbin
2026-09-02 20:54:50.894 | INFO     | tt_transformers.modules.lazy_weight:get_device_weight:120 - [32m[cache hit][0m Loading tensor from cache: /localdev/gwang/tt_transformers/model_cache/llama33_70b/T3K/attn/layer61_wo_srcshape_1_1_8192_8192_dtype_BFLOAT8_B_layout_TILE_mapper_660f4331f0f0_device_0.tensorbin
2026-09-02 20:54:50.900 | INFO     | tt_transformers.modules.lazy_weight:get_device_weight:120 - [32m[cache hit][0m Loading tensor from cache: /localdev/gwang/tt_transformers/model_cache/llama33_70b/T3K/norm/layer61_post_attn_srcshape_1_1_256_32_dtype_BFLOAT16_layout_ROW_MAJOR_mapper_241585d9fe31_device_0.tensorbin
2026-09-02 20:54:50.900 | INFO     | tt_transformers.modules.lazy_weight:get_device_weight:120 - [32m[cache hit][0m Loading tensor from cache: /localdev/gwang/tt_transformers/model_cache/llama33_70b/T3K/norm/layer61_post_attn_srcshape_1_1_256_32_dtype_BFLOAT16_layout_ROW_MAJOR_mapper_b82b244385ac_device_0.tensorbin
2026-09-02 20:54:50.901 | INFO     | tt_transformers.modules.lazy_weight:get_device_weight:120 - [32m[cache hit][0m Loading tensor from cache: /localdev/gwang/tt_transformers/model_cache/llama33_70b/T3K/mlp/layer61_w1_srcshape_8192_28672_dtype_BFLOAT8_B_layout_TILE_memcfg_1786057467681592545_mapper_660f4331f0f0_device_0.tensorbin
2026-09-02 20:54:50.916 | INFO     | tt_transformers.modules.lazy_weight:get_device_weight:120 - [32m[cache hit][0m Loading tensor from cache: /localdev/gwang/tt_transformers/model_cache/llama33_70b/T3K/mlp/layer61_w2_srcshape_28672_8192_dtype_BFLOAT8_B_layout_TILE_memcfg_906506041791331912_mapper_0cdd7bdaff6f_device_0.tensorbin
2026-09-02 20:54:50.931 | INFO     | tt_transformers.modules.lazy_weight:get_device_weight:120 - [32m[cache hit][0m Loading tensor from cache: /localdev/gwang/tt_transformers/model_cache/llama33_70b/T3K/mlp/layer61_w3_srcshape_8192_28672_dtype_BFLOAT8_B_layout_TILE_memcfg_1786057467681592545_mapper_660f4331f0f0_device_0.tensorbin
2026-09-02 20:54:50.947 | INFO     | tt_transformers.modules.lazy_weight:get_device_weight:120 - [32m[cache hit][0m Loading tensor from cache: /localdev/gwang/tt_transformers/model_cache/llama33_70b/T3K/norm/layer62_pre_attn_srcshape_1_1_256_32_dtype_BFLOAT16_layout_ROW_MAJOR_mapper_241585d9fe31_device_0.tensorbin
2026-09-02 20:54:50.948 | INFO     | tt_transformers.modules.lazy_weight:get_device_weight:120 - [32m[cache hit][0m Loading tensor from cache: /localdev/gwang/tt_transformers/model_cache/llama33_70b/T3K/norm/layer62_pre_attn_srcshape_1_1_256_32_dtype_BFLOAT16_layout_ROW_MAJOR_mapper_b82b244385ac_device_0.tensorbin
2026-09-02 20:54:50.948 | INFO     | tt_transformers.modules.lazy_weight:get_device_weight:120 - [32m[cache hit][0m Loading tensor from cache: /localdev/gwang/tt_transformers/model_cache/llama33_70b/T3K/attn/layer62_wqkv_srcshape_1_1_8192_10240_dtype_BFLOAT8_B_layout_TILE_memcfg_663972112453010226_mapper_660f4331f0f0_device_0.tensorbin
2026-09-02 20:54:50.954 | INFO     | tt_transformers.modules.lazy_weight:get_device_weight:120 - [32m[cache hit][0m Loading tensor from cache: /localdev/gwang/tt_transformers/model_cache/llama33_70b/T3K/attn/layer62_wo_srcshape_1_1_8192_8192_dtype_BFLOAT8_B_layout_TILE_mapper_660f4331f0f0_device_0.tensorbin
2026-09-02 20:54:50.960 | INFO     | tt_transformers.modules.lazy_weight:get_device_weight:120 - [32m[cache hit][0m Loading tensor from cache: /localdev/gwang/tt_transformers/model_cache/llama33_70b/T3K/norm/layer62_post_attn_srcshape_1_1_256_32_dtype_BFLOAT16_layout_ROW_MAJOR_mapper_241585d9fe31_device_0.tensorbin
2026-09-02 20:54:50.960 | INFO     | tt_transformers.modules.lazy_weight:get_device_weight:120 - [32m[cache hit][0m Loading tensor from cache: /localdev/gwang/tt_transformers/model_cache/llama33_70b/T3K/norm/layer62_post_attn_srcshape_1_1_256_32_dtype_BFLOAT16_layout_ROW_MAJOR_mapper_b82b244385ac_device_0.tensorbin
2026-09-02 20:54:50.961 | INFO     | tt_transformers.modules.lazy_weight:get_device_weight:120 - [32m[cache hit][0m Loading tensor from cache: /localdev/gwang/tt_transformers/model_cache/llama33_70b/T3K/mlp/layer62_w1_srcshape_8192_28672_dtype_BFLOAT8_B_layout_TILE_memcfg_1786057467681592545_mapper_660f4331f0f0_device_0.tensorbin
2026-09-02 20:54:50.974 | INFO     | tt_transformers.modules.lazy_weight:get_device_weight:120 - [32m[cache hit][0m Loading tensor from cache: /localdev/gwang/tt_transformers/model_cache/llama33_70b/T3K/mlp/layer62_w2_srcshape_28672_8192_dtype_BFLOAT8_B_layout_TILE_memcfg_906506041791331912_mapper_0cdd7bdaff6f_device_0.tensorbin
2026-09-02 20:54:50.987 | INFO     | tt_transformers.modules.lazy_weight:get_device_weight:120 - [32m[cache hit][0m Loading tensor from cache: /localdev/gwang/tt_transformers/model_cache/llama33_70b/T3K/mlp/layer62_w3_srcshape_8192_28672_dtype_BFLOAT8_B_layout_TILE_memcfg_1786057467681592545_mapper_660f4331f0f0_device_0.tensorbin
2026-09-02 20:54:51.001 | INFO     | tt_transformers.modules.lazy_weight:get_device_weight:120 - [32m[cache hit][0m Loading tensor from cache: /localdev/gwang/tt_transformers/model_cache/llama33_70b/T3K/norm/layer63_pre_attn_srcshape_1_1_256_32_dtype_BFLOAT16_layout_ROW_MAJOR_mapper_241585d9fe31_device_0.tensorbin
2026-09-02 20:54:51.001 | INFO     | tt_transformers.modules.lazy_weight:get_device_weight:120 - [32m[cache hit][0m Loading tensor from cache: /localdev/gwang/tt_transformers/model_cache/llama33_70b/T3K/norm/layer63_pre_attn_srcshape_1_1_256_32_dtype_BFLOAT16_layout_ROW_MAJOR_mapper_b82b244385ac_device_0.tensorbin
2026-09-02 20:54:51.002 | INFO     | tt_transformers.modules.lazy_weight:get_device_weight:120 - [32m[cache hit][0m Loading tensor from cache: /localdev/gwang/tt_transformers/model_cache/llama33_70b/T3K/attn/layer63_wqkv_srcshape_1_1_8192_10240_dtype_BFLOAT8_B_layout_TILE_memcfg_663972112453010226_mapper_660f4331f0f0_device_0.tensorbin
2026-09-02 20:54:51.007 | INFO     | tt_transformers.modules.lazy_weight:get_device_weight:120 - [32m[cache hit][0m Loading tensor from cache: /localdev/gwang/tt_transformers/model_cache/llama33_70b/T3K/attn/layer63_wo_srcshape_1_1_8192_8192_dtype_BFLOAT8_B_layout_TILE_mapper_660f4331f0f0_device_0.tensorbin
2026-09-02 20:54:51.012 | INFO     | tt_transformers.modules.lazy_weight:get_device_weight:120 - [32m[cache hit][0m Loading tensor from cache: /localdev/gwang/tt_transformers/model_cache/llama33_70b/T3K/norm/layer63_post_attn_srcshape_1_1_256_32_dtype_BFLOAT16_layout_ROW_MAJOR_mapper_241585d9fe31_device_0.tensorbin
2026-09-02 20:54:51.012 | INFO     | tt_transformers.modules.lazy_weight:get_device_weight:120 - [32m[cache hit][0m Loading tensor from cache: /localdev/gwang/tt_transformers/model_cache/llama33_70b/T3K/norm/layer63_post_attn_srcshape_1_1_256_32_dtype_BFLOAT16_layout_ROW_MAJOR_mapper_b82b244385ac_device_0.tensorbin
2026-09-02 20:54:51.013 | INFO     | tt_transformers.modules.lazy_weight:get_device_weight:120 - [32m[cache hit][0m Loading tensor from cache: /localdev/gwang/tt_transformers/model_cache/llama33_70b/T3K/mlp/layer63_w1_srcshape_8192_28672_dtype_BFLOAT8_B_layout_TILE_memcfg_1786057467681592545_mapper_660f4331f0f0_device_0.tensorbin
2026-09-02 20:54:51.026 | INFO     | tt_transformers.modules.lazy_weight:get_device_weight:120 - [32m[cache hit][0m Loading tensor from cache: /localdev/gwang/tt_transformers/model_cache/llama33_70b/T3K/mlp/layer63_w2_srcshape_28672_8192_dtype_BFLOAT8_B_layout_TILE_memcfg_906506041791331912_mapper_0cdd7bdaff6f_device_0.tensorbin
2026-09-02 20:54:51.040 | INFO     | tt_transformers.modules.lazy_weight:get_device_weight:120 - [32m[cache hit][0m Loading tensor from cache: /localdev/gwang/tt_transformers/model_cache/llama33_70b/T3K/mlp/layer63_w3_srcshape_8192_28672_dtype_BFLOAT8_B_layout_TILE_memcfg_1786057467681592545_mapper_660f4331f0f0_device_0.tensorbin
2026-09-02 20:54:51.055 | INFO     | tt_transformers.modules.lazy_weight:get_device_weight:120 - [32m[cache hit][0m Loading tensor from cache: /localdev/gwang/tt_transformers/model_cache/llama33_70b/T3K/norm/layer64_pre_attn_srcshape_1_1_256_32_dtype_BFLOAT16_layout_ROW_MAJOR_mapper_241585d9fe31_device_0.tensorbin
2026-09-02 20:54:51.056 | INFO     | tt_transformers.modules.lazy_weight:get_device_weight:120 - [32m[cache hit][0m Loading tensor from cache: /localdev/gwang/tt_transformers/model_cache/llama33_70b/T3K/norm/layer64_pre_attn_srcshape_1_1_256_32_dtype_BFLOAT16_layout_ROW_MAJOR_mapper_b82b244385ac_device_0.tensorbin
2026-09-02 20:54:51.057 | INFO     | tt_transformers.modules.lazy_weight:get_device_weight:120 - [32m[cache hit][0m Loading tensor from cache: /localdev/gwang/tt_transformers/model_cache/llama33_70b/T3K/attn/layer64_wqkv_srcshape_1_1_8192_10240_dtype_BFLOAT8_B_layout_TILE_memcfg_663972112453010226_mapper_660f4331f0f0_device_0.tensorbin
2026-09-02 20:54:51.062 | INFO     | tt_transformers.modules.lazy_weight:get_device_weight:120 - [32m[cache hit][0m Loading tensor from cache: /localdev/gwang/tt_transformers/model_cache/llama33_70b/T3K/attn/layer64_wo_srcshape_1_1_8192_8192_dtype_BFLOAT8_B_layout_TILE_mapper_660f4331f0f0_device_0.tensorbin
2026-09-02 20:54:51.067 | INFO     | tt_transformers.modules.lazy_weight:get_device_weight:120 - [32m[cache hit][0m Loading tensor from cache: /localdev/gwang/tt_transformers/model_cache/llama33_70b/T3K/norm/layer64_post_attn_srcshape_1_1_256_32_dtype_BFLOAT16_layout_ROW_MAJOR_mapper_241585d9fe31_device_0.tensorbin
2026-09-02 20:54:51.067 | INFO     | tt_transformers.modules.lazy_weight:get_device_weight:120 - [32m[cache hit][0m Loading tensor from cache: /localdev/gwang/tt_transformers/model_cache/llama33_70b/T3K/norm/layer64_post_attn_srcshape_1_1_256_32_dtype_BFLOAT16_layout_ROW_MAJOR_mapper_b82b244385ac_device_0.tensorbin
2026-09-02 20:54:51.068 | INFO     | tt_transformers.modules.lazy_weight:get_device_weight:120 - [32m[cache hit][0m Loading tensor from cache: /localdev/gwang/tt_transformers/model_cache/llama33_70b/T3K/mlp/layer64_w1_srcshape_8192_28672_dtype_BFLOAT8_B_layout_TILE_memcfg_1786057467681592545_mapper_660f4331f0f0_device_0.tensorbin
2026-09-02 20:54:51.081 | INFO     | tt_transformers.modules.lazy_weight:get_device_weight:120 - [32m[cache hit][0m Loading tensor from cache: /localdev/gwang/tt_transformers/model_cache/llama33_70b/T3K/mlp/layer64_w2_srcshape_28672_8192_dtype_BFLOAT8_B_layout_TILE_memcfg_906506041791331912_mapper_0cdd7bdaff6f_device_0.tensorbin
2026-09-02 20:54:51.094 | INFO     | tt_transformers.modules.lazy_weight:get_device_weight:120 - [32m[cache hit][0m Loading tensor from cache: /localdev/gwang/tt_transformers/model_cache/llama33_70b/T3K/mlp/layer64_w3_srcshape_8192_28672_dtype_BFLOAT8_B_layout_TILE_memcfg_1786057467681592545_mapper_660f4331f0f0_device_0.tensorbin
2026-09-02 20:54:51.109 | INFO     | tt_transformers.modules.lazy_weight:get_device_weight:120 - [32m[cache hit][0m Loading tensor from cache: /localdev/gwang/tt_transformers/model_cache/llama33_70b/T3K/norm/layer65_pre_attn_srcshape_1_1_256_32_dtype_BFLOAT16_layout_ROW_MAJOR_mapper_241585d9fe31_device_0.tensorbin
2026-09-02 20:54:51.109 | INFO     | tt_transformers.modules.lazy_weight:get_device_weight:120 - [32m[cache hit][0m Loading tensor from cache: /localdev/gwang/tt_transformers/model_cache/llama33_70b/T3K/norm/layer65_pre_attn_srcshape_1_1_256_32_dtype_BFLOAT16_layout_ROW_MAJOR_mapper_b82b244385ac_device_0.tensorbin
2026-09-02 20:54:51.110 | INFO     | tt_transformers.modules.lazy_weight:get_device_weight:120 - [32m[cache hit][0m Loading tensor from cache: /localdev/gwang/tt_transformers/model_cache/llama33_70b/T3K/attn/layer65_wqkv_srcshape_1_1_8192_10240_dtype_BFLOAT8_B_layout_TILE_memcfg_663972112453010226_mapper_660f4331f0f0_device_0.tensorbin
2026-09-02 20:54:51.115 | INFO     | tt_transformers.modules.lazy_weight:get_device_weight:120 - [32m[cache hit][0m Loading tensor from cache: /localdev/gwang/tt_transformers/model_cache/llama33_70b/T3K/attn/layer65_wo_srcshape_1_1_8192_8192_dtype_BFLOAT8_B_layout_TILE_mapper_660f4331f0f0_device_0.tensorbin
2026-09-02 20:54:51.120 | INFO     | tt_transformers.modules.lazy_weight:get_device_weight:120 - [32m[cache hit][0m Loading tensor from cache: /localdev/gwang/tt_transformers/model_cache/llama33_70b/T3K/norm/layer65_post_attn_srcshape_1_1_256_32_dtype_BFLOAT16_layout_ROW_MAJOR_mapper_241585d9fe31_device_0.tensorbin
2026-09-02 20:54:51.120 | INFO     | tt_transformers.modules.lazy_weight:get_device_weight:120 - [32m[cache hit][0m Loading tensor from cache: /localdev/gwang/tt_transformers/model_cache/llama33_70b/T3K/norm/layer65_post_attn_srcshape_1_1_256_32_dtype_BFLOAT16_layout_ROW_MAJOR_mapper_b82b244385ac_device_0.tensorbin
2026-09-02 20:54:51.121 | INFO     | tt_transformers.modules.lazy_weight:get_device_weight:120 - [32m[cache hit][0m Loading tensor from cache: /localdev/gwang/tt_transformers/model_cache/llama33_70b/T3K/mlp/layer65_w1_srcshape_8192_28672_dtype_BFLOAT8_B_layout_TILE_memcfg_1786057467681592545_mapper_660f4331f0f0_device_0.tensorbin
2026-09-02 20:54:51.134 | INFO     | tt_transformers.modules.lazy_weight:get_device_weight:120 - [32m[cache hit][0m Loading tensor from cache: /localdev/gwang/tt_transformers/model_cache/llama33_70b/T3K/mlp/layer65_w2_srcshape_28672_8192_dtype_BFLOAT8_B_layout_TILE_memcfg_906506041791331912_mapper_0cdd7bdaff6f_device_0.tensorbin
2026-09-02 20:54:51.147 | INFO     | tt_transformers.modules.lazy_weight:get_device_weight:120 - [32m[cache hit][0m Loading tensor from cache: /localdev/gwang/tt_transformers/model_cache/llama33_70b/T3K/mlp/layer65_w3_srcshape_8192_28672_dtype_BFLOAT8_B_layout_TILE_memcfg_1786057467681592545_mapper_660f4331f0f0_device_0.tensorbin
2026-09-02 20:54:51.162 | INFO     | tt_transformers.modules.lazy_weight:get_device_weight:120 - [32m[cache hit][0m Loading tensor from cache: /localdev/gwang/tt_transformers/model_cache/llama33_70b/T3K/norm/layer66_pre_attn_srcshape_1_1_256_32_dtype_BFLOAT16_layout_ROW_MAJOR_mapper_241585d9fe31_device_0.tensorbin
2026-09-02 20:54:51.162 | INFO     | tt_transformers.modules.lazy_weight:get_device_weight:120 - [32m[cache hit][0m Loading tensor from cache: /localdev/gwang/tt_transformers/model_cache/llama33_70b/T3K/norm/layer66_pre_attn_srcshape_1_1_256_32_dtype_BFLOAT16_layout_ROW_MAJOR_mapper_b82b244385ac_device_0.tensorbin
2026-09-02 20:54:51.163 | INFO     | tt_transformers.modules.lazy_weight:get_device_weight:120 - [32m[cache hit][0m Loading tensor from cache: /localdev/gwang/tt_transformers/model_cache/llama33_70b/T3K/attn/layer66_wqkv_srcshape_1_1_8192_10240_dtype_BFLOAT8_B_layout_TILE_memcfg_663972112453010226_mapper_660f4331f0f0_device_0.tensorbin
2026-09-02 20:54:51.168 | INFO     | tt_transformers.modules.lazy_weight:get_device_weight:120 - [32m[cache hit][0m Loading tensor from cache: /localdev/gwang/tt_transformers/model_cache/llama33_70b/T3K/attn/layer66_wo_srcshape_1_1_8192_8192_dtype_BFLOAT8_B_layout_TILE_mapper_660f4331f0f0_device_0.tensorbin
2026-09-02 20:54:51.174 | INFO     | tt_transformers.modules.lazy_weight:get_device_weight:120 - [32m[cache hit][0m Loading tensor from cache: /localdev/gwang/tt_transformers/model_cache/llama33_70b/T3K/norm/layer66_post_attn_srcshape_1_1_256_32_dtype_BFLOAT16_layout_ROW_MAJOR_mapper_241585d9fe31_device_0.tensorbin
2026-09-02 20:54:51.174 | INFO     | tt_transformers.modules.lazy_weight:get_device_weight:120 - [32m[cache hit][0m Loading tensor from cache: /localdev/gwang/tt_transformers/model_cache/llama33_70b/T3K/norm/layer66_post_attn_srcshape_1_1_256_32_dtype_BFLOAT16_layout_ROW_MAJOR_mapper_b82b244385ac_device_0.tensorbin
2026-09-02 20:54:51.175 | INFO     | tt_transformers.modules.lazy_weight:get_device_weight:120 - [32m[cache hit][0m Loading tensor from cache: /localdev/gwang/tt_transformers/model_cache/llama33_70b/T3K/mlp/layer66_w1_srcshape_8192_28672_dtype_BFLOAT8_B_layout_TILE_memcfg_1786057467681592545_mapper_660f4331f0f0_device_0.tensorbin
2026-09-02 20:54:51.188 | INFO     | tt_transformers.modules.lazy_weight:get_device_weight:120 - [32m[cache hit][0m Loading tensor from cache: /localdev/gwang/tt_transformers/model_cache/llama33_70b/T3K/mlp/layer66_w2_srcshape_28672_8192_dtype_BFLOAT8_B_layout_TILE_memcfg_906506041791331912_mapper_0cdd7bdaff6f_device_0.tensorbin
2026-09-02 20:54:51.202 | INFO     | tt_transformers.modules.lazy_weight:get_device_weight:120 - [32m[cache hit][0m Loading tensor from cache: /localdev/gwang/tt_transformers/model_cache/llama33_70b/T3K/mlp/layer66_w3_srcshape_8192_28672_dtype_BFLOAT8_B_layout_TILE_memcfg_1786057467681592545_mapper_660f4331f0f0_device_0.tensorbin
2026-09-02 20:54:51.218 | INFO     | tt_transformers.modules.lazy_weight:get_device_weight:120 - [32m[cache hit][0m Loading tensor from cache: /localdev/gwang/tt_transformers/model_cache/llama33_70b/T3K/norm/layer67_pre_attn_srcshape_1_1_256_32_dtype_BFLOAT16_layout_ROW_MAJOR_mapper_241585d9fe31_device_0.tensorbin
2026-09-02 20:54:51.218 | INFO     | tt_transformers.modules.lazy_weight:get_device_weight:120 - [32m[cache hit][0m Loading tensor from cache: /localdev/gwang/tt_transformers/model_cache/llama33_70b/T3K/norm/layer67_pre_attn_srcshape_1_1_256_32_dtype_BFLOAT16_layout_ROW_MAJOR_mapper_b82b244385ac_device_0.tensorbin
2026-09-02 20:54:51.219 | INFO     | tt_transformers.modules.lazy_weight:get_device_weight:120 - [32m[cache hit][0m Loading tensor from cache: /localdev/gwang/tt_transformers/model_cache/llama33_70b/T3K/attn/layer67_wqkv_srcshape_1_1_8192_10240_dtype_BFLOAT8_B_layout_TILE_memcfg_663972112453010226_mapper_660f4331f0f0_device_0.tensorbin
2026-09-02 20:54:51.224 | INFO     | tt_transformers.modules.lazy_weight:get_device_weight:120 - [32m[cache hit][0m Loading tensor from cache: /localdev/gwang/tt_transformers/model_cache/llama33_70b/T3K/attn/layer67_wo_srcshape_1_1_8192_8192_dtype_BFLOAT8_B_layout_TILE_mapper_660f4331f0f0_device_0.tensorbin
2026-09-02 20:54:51.230 | INFO     | tt_transformers.modules.lazy_weight:get_device_weight:120 - [32m[cache hit][0m Loading tensor from cache: /localdev/gwang/tt_transformers/model_cache/llama33_70b/T3K/norm/layer67_post_attn_srcshape_1_1_256_32_dtype_BFLOAT16_layout_ROW_MAJOR_mapper_241585d9fe31_device_0.tensorbin
2026-09-02 20:54:51.230 | INFO     | tt_transformers.modules.lazy_weight:get_device_weight:120 - [32m[cache hit][0m Loading tensor from cache: /localdev/gwang/tt_transformers/model_cache/llama33_70b/T3K/norm/layer67_post_attn_srcshape_1_1_256_32_dtype_BFLOAT16_layout_ROW_MAJOR_mapper_b82b244385ac_device_0.tensorbin
2026-09-02 20:54:51.231 | INFO     | tt_transformers.modules.lazy_weight:get_device_weight:120 - [32m[cache hit][0m Loading tensor from cache: /localdev/gwang/tt_transformers/model_cache/llama33_70b/T3K/mlp/layer67_w1_srcshape_8192_28672_dtype_BFLOAT8_B_layout_TILE_memcfg_1786057467681592545_mapper_660f4331f0f0_device_0.tensorbin
2026-09-02 20:54:51.245 | INFO     | tt_transformers.modules.lazy_weight:get_device_weight:120 - [32m[cache hit][0m Loading tensor from cache: /localdev/gwang/tt_transformers/model_cache/llama33_70b/T3K/mlp/layer67_w2_srcshape_28672_8192_dtype_BFLOAT8_B_layout_TILE_memcfg_906506041791331912_mapper_0cdd7bdaff6f_device_0.tensorbin
2026-09-02 20:54:51.259 | INFO     | tt_transformers.modules.lazy_weight:get_device_weight:120 - [32m[cache hit][0m Loading tensor from cache: /localdev/gwang/tt_transformers/model_cache/llama33_70b/T3K/mlp/layer67_w3_srcshape_8192_28672_dtype_BFLOAT8_B_layout_TILE_memcfg_1786057467681592545_mapper_660f4331f0f0_device_0.tensorbin
2026-09-02 20:54:51.277 | INFO     | tt_transformers.modules.lazy_weight:get_device_weight:120 - [32m[cache hit][0m Loading tensor from cache: /localdev/gwang/tt_transformers/model_cache/llama33_70b/T3K/norm/layer68_pre_attn_srcshape_1_1_256_32_dtype_BFLOAT16_layout_ROW_MAJOR_mapper_241585d9fe31_device_0.tensorbin
2026-09-02 20:54:51.277 | INFO     | tt_transformers.modules.lazy_weight:get_device_weight:120 - [32m[cache hit][0m Loading tensor from cache: /localdev/gwang/tt_transformers/model_cache/llama33_70b/T3K/norm/layer68_pre_attn_srcshape_1_1_256_32_dtype_BFLOAT16_layout_ROW_MAJOR_mapper_b82b244385ac_device_0.tensorbin
2026-09-02 20:54:51.278 | INFO     | tt_transformers.modules.lazy_weight:get_device_weight:120 - [32m[cache hit][0m Loading tensor from cache: /localdev/gwang/tt_transformers/model_cache/llama33_70b/T3K/attn/layer68_wqkv_srcshape_1_1_8192_10240_dtype_BFLOAT8_B_layout_TILE_memcfg_663972112453010226_mapper_660f4331f0f0_device_0.tensorbin
2026-09-02 20:54:51.284 | INFO     | tt_transformers.modules.lazy_weight:get_device_weight:120 - [32m[cache hit][0m Loading tensor from cache: /localdev/gwang/tt_transformers/model_cache/llama33_70b/T3K/attn/layer68_wo_srcshape_1_1_8192_8192_dtype_BFLOAT8_B_layout_TILE_mapper_660f4331f0f0_device_0.tensorbin
2026-09-02 20:54:51.289 | INFO     | tt_transformers.modules.lazy_weight:get_device_weight:120 - [32m[cache hit][0m Loading tensor from cache: /localdev/gwang/tt_transformers/model_cache/llama33_70b/T3K/norm/layer68_post_attn_srcshape_1_1_256_32_dtype_BFLOAT16_layout_ROW_MAJOR_mapper_241585d9fe31_device_0.tensorbin
2026-09-02 20:54:51.290 | INFO     | tt_transformers.modules.lazy_weight:get_device_weight:120 - [32m[cache hit][0m Loading tensor from cache: /localdev/gwang/tt_transformers/model_cache/llama33_70b/T3K/norm/layer68_post_attn_srcshape_1_1_256_32_dtype_BFLOAT16_layout_ROW_MAJOR_mapper_b82b244385ac_device_0.tensorbin
2026-09-02 20:54:51.291 | INFO     | tt_transformers.modules.lazy_weight:get_device_weight:120 - [32m[cache hit][0m Loading tensor from cache: /localdev/gwang/tt_transformers/model_cache/llama33_70b/T3K/mlp/layer68_w1_srcshape_8192_28672_dtype_BFLOAT8_B_layout_TILE_memcfg_1786057467681592545_mapper_660f4331f0f0_device_0.tensorbin
2026-09-02 20:54:51.303 | INFO     | tt_transformers.modules.lazy_weight:get_device_weight:120 - [32m[cache hit][0m Loading tensor from cache: /localdev/gwang/tt_transformers/model_cache/llama33_70b/T3K/mlp/layer68_w2_srcshape_28672_8192_dtype_BFLOAT8_B_layout_TILE_memcfg_906506041791331912_mapper_0cdd7bdaff6f_device_0.tensorbin
2026-09-02 20:54:51.317 | INFO     | tt_transformers.modules.lazy_weight:get_device_weight:120 - [32m[cache hit][0m Loading tensor from cache: /localdev/gwang/tt_transformers/model_cache/llama33_70b/T3K/mlp/layer68_w3_srcshape_8192_28672_dtype_BFLOAT8_B_layout_TILE_memcfg_1786057467681592545_mapper_660f4331f0f0_device_0.tensorbin
2026-09-02 20:54:51.335 | INFO     | tt_transformers.modules.lazy_weight:get_device_weight:120 - [32m[cache hit][0m Loading tensor from cache: /localdev/gwang/tt_transformers/model_cache/llama33_70b/T3K/norm/layer69_pre_attn_srcshape_1_1_256_32_dtype_BFLOAT16_layout_ROW_MAJOR_mapper_241585d9fe31_device_0.tensorbin
2026-09-02 20:54:51.335 | INFO     | tt_transformers.modules.lazy_weight:get_device_weight:120 - [32m[cache hit][0m Loading tensor from cache: /localdev/gwang/tt_transformers/model_cache/llama33_70b/T3K/norm/layer69_pre_attn_srcshape_1_1_256_32_dtype_BFLOAT16_layout_ROW_MAJOR_mapper_b82b244385ac_device_0.tensorbin
2026-09-02 20:54:51.336 | INFO     | tt_transformers.modules.lazy_weight:get_device_weight:120 - [32m[cache hit][0m Loading tensor from cache: /localdev/gwang/tt_transformers/model_cache/llama33_70b/T3K/attn/layer69_wqkv_srcshape_1_1_8192_10240_dtype_BFLOAT8_B_layout_TILE_memcfg_663972112453010226_mapper_660f4331f0f0_device_0.tensorbin
2026-09-02 20:54:51.342 | INFO     | tt_transformers.modules.lazy_weight:get_device_weight:120 - [32m[cache hit][0m Loading tensor from cache: /localdev/gwang/tt_transformers/model_cache/llama33_70b/T3K/attn/layer69_wo_srcshape_1_1_8192_8192_dtype_BFLOAT8_B_layout_TILE_mapper_660f4331f0f0_device_0.tensorbin
2026-09-02 20:54:51.348 | INFO     | tt_transformers.modules.lazy_weight:get_device_weight:120 - [32m[cache hit][0m Loading tensor from cache: /localdev/gwang/tt_transformers/model_cache/llama33_70b/T3K/norm/layer69_post_attn_srcshape_1_1_256_32_dtype_BFLOAT16_layout_ROW_MAJOR_mapper_241585d9fe31_device_0.tensorbin
2026-09-02 20:54:51.348 | INFO     | tt_transformers.modules.lazy_weight:get_device_weight:120 - [32m[cache hit][0m Loading tensor from cache: /localdev/gwang/tt_transformers/model_cache/llama33_70b/T3K/norm/layer69_post_attn_srcshape_1_1_256_32_dtype_BFLOAT16_layout_ROW_MAJOR_mapper_b82b244385ac_device_0.tensorbin
2026-09-02 20:54:51.349 | INFO     | tt_transformers.modules.lazy_weight:get_device_weight:120 - [32m[cache hit][0m Loading tensor from cache: /localdev/gwang/tt_transformers/model_cache/llama33_70b/T3K/mlp/layer69_w1_srcshape_8192_28672_dtype_BFLOAT8_B_layout_TILE_memcfg_1786057467681592545_mapper_660f4331f0f0_device_0.tensorbin
2026-09-02 20:54:51.363 | INFO     | tt_transformers.modules.lazy_weight:get_device_weight:120 - [32m[cache hit][0m Loading tensor from cache: /localdev/gwang/tt_transformers/model_cache/llama33_70b/T3K/mlp/layer69_w2_srcshape_28672_8192_dtype_BFLOAT8_B_layout_TILE_memcfg_906506041791331912_mapper_0cdd7bdaff6f_device_0.tensorbin
2026-09-02 20:54:51.377 | INFO     | tt_transformers.modules.lazy_weight:get_device_weight:120 - [32m[cache hit][0m Loading tensor from cache: /localdev/gwang/tt_transformers/model_cache/llama33_70b/T3K/mlp/layer69_w3_srcshape_8192_28672_dtype_BFLOAT8_B_layout_TILE_memcfg_1786057467681592545_mapper_660f4331f0f0_device_0.tensorbin
2026-09-02 20:54:51.394 | INFO     | tt_transformers.modules.lazy_weight:get_device_weight:120 - [32m[cache hit][0m Loading tensor from cache: /localdev/gwang/tt_transformers/model_cache/llama33_70b/T3K/norm/layer70_pre_attn_srcshape_1_1_256_32_dtype_BFLOAT16_layout_ROW_MAJOR_mapper_241585d9fe31_device_0.tensorbin
2026-09-02 20:54:51.394 | INFO     | tt_transformers.modules.lazy_weight:get_device_weight:120 - [32m[cache hit][0m Loading tensor from cache: /localdev/gwang/tt_transformers/model_cache/llama33_70b/T3K/norm/layer70_pre_attn_srcshape_1_1_256_32_dtype_BFLOAT16_layout_ROW_MAJOR_mapper_b82b244385ac_device_0.tensorbin
2026-09-02 20:54:51.395 | INFO     | tt_transformers.modules.lazy_weight:get_device_weight:120 - [32m[cache hit][0m Loading tensor from cache: /localdev/gwang/tt_transformers/model_cache/llama33_70b/T3K/attn/layer70_wqkv_srcshape_1_1_8192_10240_dtype_BFLOAT8_B_layout_TILE_memcfg_663972112453010226_mapper_660f4331f0f0_device_0.tensorbin
2026-09-02 20:54:51.400 | INFO     | tt_transformers.modules.lazy_weight:get_device_weight:120 - [32m[cache hit][0m Loading tensor from cache: /localdev/gwang/tt_transformers/model_cache/llama33_70b/T3K/attn/layer70_wo_srcshape_1_1_8192_8192_dtype_BFLOAT8_B_layout_TILE_mapper_660f4331f0f0_device_0.tensorbin
2026-09-02 20:54:51.405 | INFO     | tt_transformers.modules.lazy_weight:get_device_weight:120 - [32m[cache hit][0m Loading tensor from cache: /localdev/gwang/tt_transformers/model_cache/llama33_70b/T3K/norm/layer70_post_attn_srcshape_1_1_256_32_dtype_BFLOAT16_layout_ROW_MAJOR_mapper_241585d9fe31_device_0.tensorbin
2026-09-02 20:54:51.405 | INFO     | tt_transformers.modules.lazy_weight:get_device_weight:120 - [32m[cache hit][0m Loading tensor from cache: /localdev/gwang/tt_transformers/model_cache/llama33_70b/T3K/norm/layer70_post_attn_srcshape_1_1_256_32_dtype_BFLOAT16_layout_ROW_MAJOR_mapper_b82b244385ac_device_0.tensorbin
2026-09-02 20:54:51.406 | INFO     | tt_transformers.modules.lazy_weight:get_device_weight:120 - [32m[cache hit][0m Loading tensor from cache: /localdev/gwang/tt_transformers/model_cache/llama33_70b/T3K/mlp/layer70_w1_srcshape_8192_28672_dtype_BFLOAT8_B_layout_TILE_memcfg_1786057467681592545_mapper_660f4331f0f0_device_0.tensorbin
2026-09-02 20:54:51.419 | INFO     | tt_transformers.modules.lazy_weight:get_device_weight:120 - [32m[cache hit][0m Loading tensor from cache: /localdev/gwang/tt_transformers/model_cache/llama33_70b/T3K/mlp/layer70_w2_srcshape_28672_8192_dtype_BFLOAT8_B_layout_TILE_memcfg_906506041791331912_mapper_0cdd7bdaff6f_device_0.tensorbin
2026-09-02 20:54:51.432 | INFO     | tt_transformers.modules.lazy_weight:get_device_weight:120 - [32m[cache hit][0m Loading tensor from cache: /localdev/gwang/tt_transformers/model_cache/llama33_70b/T3K/mlp/layer70_w3_srcshape_8192_28672_dtype_BFLOAT8_B_layout_TILE_memcfg_1786057467681592545_mapper_660f4331f0f0_device_0.tensorbin
2026-09-02 20:54:51.448 | INFO     | tt_transformers.modules.lazy_weight:get_device_weight:120 - [32m[cache hit][0m Loading tensor from cache: /localdev/gwang/tt_transformers/model_cache/llama33_70b/T3K/norm/layer71_pre_attn_srcshape_1_1_256_32_dtype_BFLOAT16_layout_ROW_MAJOR_mapper_241585d9fe31_device_0.tensorbin
2026-09-02 20:54:51.448 | INFO     | tt_transformers.modules.lazy_weight:get_device_weight:120 - [32m[cache hit][0m Loading tensor from cache: /localdev/gwang/tt_transformers/model_cache/llama33_70b/T3K/norm/layer71_pre_attn_srcshape_1_1_256_32_dtype_BFLOAT16_layout_ROW_MAJOR_mapper_b82b244385ac_device_0.tensorbin
2026-09-02 20:54:51.449 | INFO     | tt_transformers.modules.lazy_weight:get_device_weight:120 - [32m[cache hit][0m Loading tensor from cache: /localdev/gwang/tt_transformers/model_cache/llama33_70b/T3K/attn/layer71_wqkv_srcshape_1_1_8192_10240_dtype_BFLOAT8_B_layout_TILE_memcfg_663972112453010226_mapper_660f4331f0f0_device_0.tensorbin
2026-09-02 20:54:51.454 | INFO     | tt_transformers.modules.lazy_weight:get_device_weight:120 - [32m[cache hit][0m Loading tensor from cache: /localdev/gwang/tt_transformers/model_cache/llama33_70b/T3K/attn/layer71_wo_srcshape_1_1_8192_8192_dtype_BFLOAT8_B_layout_TILE_mapper_660f4331f0f0_device_0.tensorbin
2026-09-02 20:54:51.460 | INFO     | tt_transformers.modules.lazy_weight:get_device_weight:120 - [32m[cache hit][0m Loading tensor from cache: /localdev/gwang/tt_transformers/model_cache/llama33_70b/T3K/norm/layer71_post_attn_srcshape_1_1_256_32_dtype_BFLOAT16_layout_ROW_MAJOR_mapper_241585d9fe31_device_0.tensorbin
2026-09-02 20:54:51.460 | INFO     | tt_transformers.modules.lazy_weight:get_device_weight:120 - [32m[cache hit][0m Loading tensor from cache: /localdev/gwang/tt_transformers/model_cache/llama33_70b/T3K/norm/layer71_post_attn_srcshape_1_1_256_32_dtype_BFLOAT16_layout_ROW_MAJOR_mapper_b82b244385ac_device_0.tensorbin
2026-09-02 20:54:51.461 | INFO     | tt_transformers.modules.lazy_weight:get_device_weight:120 - [32m[cache hit][0m Loading tensor from cache: /localdev/gwang/tt_transformers/model_cache/llama33_70b/T3K/mlp/layer71_w1_srcshape_8192_28672_dtype_BFLOAT8_B_layout_TILE_memcfg_1786057467681592545_mapper_660f4331f0f0_device_0.tensorbin
2026-09-02 20:54:51.478 | INFO     | tt_transformers.modules.lazy_weight:get_device_weight:120 - [32m[cache hit][0m Loading tensor from cache: /localdev/gwang/tt_transformers/model_cache/llama33_70b/T3K/mlp/layer71_w2_srcshape_28672_8192_dtype_BFLOAT8_B_layout_TILE_memcfg_906506041791331912_mapper_0cdd7bdaff6f_device_0.tensorbin
2026-09-02 20:54:51.490 | INFO     | tt_transformers.modules.lazy_weight:get_device_weight:120 - [32m[cache hit][0m Loading tensor from cache: /localdev/gwang/tt_transformers/model_cache/llama33_70b/T3K/mlp/layer71_w3_srcshape_8192_28672_dtype_BFLOAT8_B_layout_TILE_memcfg_1786057467681592545_mapper_660f4331f0f0_device_0.tensorbin
2026-09-02 20:54:51.505 | INFO     | tt_transformers.modules.lazy_weight:get_device_weight:120 - [32m[cache hit][0m Loading tensor from cache: /localdev/gwang/tt_transformers/model_cache/llama33_70b/T3K/norm/layer72_pre_attn_srcshape_1_1_256_32_dtype_BFLOAT16_layout_ROW_MAJOR_mapper_241585d9fe31_device_0.tensorbin
2026-09-02 20:54:51.506 | INFO     | tt_transformers.modules.lazy_weight:get_device_weight:120 - [32m[cache hit][0m Loading tensor from cache: /localdev/gwang/tt_transformers/model_cache/llama33_70b/T3K/norm/layer72_pre_attn_srcshape_1_1_256_32_dtype_BFLOAT16_layout_ROW_MAJOR_mapper_b82b244385ac_device_0.tensorbin
2026-09-02 20:54:51.507 | INFO     | tt_transformers.modules.lazy_weight:get_device_weight:120 - [32m[cache hit][0m Loading tensor from cache: /localdev/gwang/tt_transformers/model_cache/llama33_70b/T3K/attn/layer72_wqkv_srcshape_1_1_8192_10240_dtype_BFLOAT8_B_layout_TILE_memcfg_663972112453010226_mapper_660f4331f0f0_device_0.tensorbin
2026-09-02 20:54:51.511 | INFO     | tt_transformers.modules.lazy_weight:get_device_weight:120 - [32m[cache hit][0m Loading tensor from cache: /localdev/gwang/tt_transformers/model_cache/llama33_70b/T3K/attn/layer72_wo_srcshape_1_1_8192_8192_dtype_BFLOAT8_B_layout_TILE_mapper_660f4331f0f0_device_0.tensorbin
2026-09-02 20:54:51.516 | INFO     | tt_transformers.modules.lazy_weight:get_device_weight:120 - [32m[cache hit][0m Loading tensor from cache: /localdev/gwang/tt_transformers/model_cache/llama33_70b/T3K/norm/layer72_post_attn_srcshape_1_1_256_32_dtype_BFLOAT16_layout_ROW_MAJOR_mapper_241585d9fe31_device_0.tensorbin
2026-09-02 20:54:51.516 | INFO     | tt_transformers.modules.lazy_weight:get_device_weight:120 - [32m[cache hit][0m Loading tensor from cache: /localdev/gwang/tt_transformers/model_cache/llama33_70b/T3K/norm/layer72_post_attn_srcshape_1_1_256_32_dtype_BFLOAT16_layout_ROW_MAJOR_mapper_b82b244385ac_device_0.tensorbin
2026-09-02 20:54:51.517 | INFO     | tt_transformers.modules.lazy_weight:get_device_weight:120 - [32m[cache hit][0m Loading tensor from cache: /localdev/gwang/tt_transformers/model_cache/llama33_70b/T3K/mlp/layer72_w1_srcshape_8192_28672_dtype_BFLOAT8_B_layout_TILE_memcfg_1786057467681592545_mapper_660f4331f0f0_device_0.tensorbin
2026-09-02 20:54:51.533 | INFO     | tt_transformers.modules.lazy_weight:get_device_weight:120 - [32m[cache hit][0m Loading tensor from cache: /localdev/gwang/tt_transformers/model_cache/llama33_70b/T3K/mlp/layer72_w2_srcshape_28672_8192_dtype_BFLOAT8_B_layout_TILE_memcfg_906506041791331912_mapper_0cdd7bdaff6f_device_0.tensorbin
2026-09-02 20:54:51.546 | INFO     | tt_transformers.modules.lazy_weight:get_device_weight:120 - [32m[cache hit][0m Loading tensor from cache: /localdev/gwang/tt_transformers/model_cache/llama33_70b/T3K/mlp/layer72_w3_srcshape_8192_28672_dtype_BFLOAT8_B_layout_TILE_memcfg_1786057467681592545_mapper_660f4331f0f0_device_0.tensorbin
2026-09-02 20:54:51.565 | INFO     | tt_transformers.modules.lazy_weight:get_device_weight:120 - [32m[cache hit][0m Loading tensor from cache: /localdev/gwang/tt_transformers/model_cache/llama33_70b/T3K/norm/layer73_pre_attn_srcshape_1_1_256_32_dtype_BFLOAT16_layout_ROW_MAJOR_mapper_241585d9fe31_device_0.tensorbin
2026-09-02 20:54:51.566 | INFO     | tt_transformers.modules.lazy_weight:get_device_weight:120 - [32m[cache hit][0m Loading tensor from cache: /localdev/gwang/tt_transformers/model_cache/llama33_70b/T3K/norm/layer73_pre_attn_srcshape_1_1_256_32_dtype_BFLOAT16_layout_ROW_MAJOR_mapper_b82b244385ac_device_0.tensorbin
2026-09-02 20:54:51.567 | INFO     | tt_transformers.modules.lazy_weight:get_device_weight:120 - [32m[cache hit][0m Loading tensor from cache: /localdev/gwang/tt_transformers/model_cache/llama33_70b/T3K/attn/layer73_wqkv_srcshape_1_1_8192_10240_dtype_BFLOAT8_B_layout_TILE_memcfg_663972112453010226_mapper_660f4331f0f0_device_0.tensorbin
2026-09-02 20:54:51.573 | INFO     | tt_transformers.modules.lazy_weight:get_device_weight:120 - [32m[cache hit][0m Loading tensor from cache: /localdev/gwang/tt_transformers/model_cache/llama33_70b/T3K/attn/layer73_wo_srcshape_1_1_8192_8192_dtype_BFLOAT8_B_layout_TILE_mapper_660f4331f0f0_device_0.tensorbin
2026-09-02 20:54:51.579 | INFO     | tt_transformers.modules.lazy_weight:get_device_weight:120 - [32m[cache hit][0m Loading tensor from cache: /localdev/gwang/tt_transformers/model_cache/llama33_70b/T3K/norm/layer73_post_attn_srcshape_1_1_256_32_dtype_BFLOAT16_layout_ROW_MAJOR_mapper_241585d9fe31_device_0.tensorbin
2026-09-02 20:54:51.579 | INFO     | tt_transformers.modules.lazy_weight:get_device_weight:120 - [32m[cache hit][0m Loading tensor from cache: /localdev/gwang/tt_transformers/model_cache/llama33_70b/T3K/norm/layer73_post_attn_srcshape_1_1_256_32_dtype_BFLOAT16_layout_ROW_MAJOR_mapper_b82b244385ac_device_0.tensorbin
2026-09-02 20:54:51.580 | INFO     | tt_transformers.modules.lazy_weight:get_device_weight:120 - [32m[cache hit][0m Loading tensor from cache: /localdev/gwang/tt_transformers/model_cache/llama33_70b/T3K/mlp/layer73_w1_srcshape_8192_28672_dtype_BFLOAT8_B_layout_TILE_memcfg_1786057467681592545_mapper_660f4331f0f0_device_0.tensorbin
2026-09-02 20:54:51.594 | INFO     | tt_transformers.modules.lazy_weight:get_device_weight:120 - [32m[cache hit][0m Loading tensor from cache: /localdev/gwang/tt_transformers/model_cache/llama33_70b/T3K/mlp/layer73_w2_srcshape_28672_8192_dtype_BFLOAT8_B_layout_TILE_memcfg_906506041791331912_mapper_0cdd7bdaff6f_device_0.tensorbin
2026-09-02 20:54:51.609 | INFO     | tt_transformers.modules.lazy_weight:get_device_weight:120 - [32m[cache hit][0m Loading tensor from cache: /localdev/gwang/tt_transformers/model_cache/llama33_70b/T3K/mlp/layer73_w3_srcshape_8192_28672_dtype_BFLOAT8_B_layout_TILE_memcfg_1786057467681592545_mapper_660f4331f0f0_device_0.tensorbin
2026-09-02 20:54:51.626 | INFO     | tt_transformers.modules.lazy_weight:get_device_weight:120 - [32m[cache hit][0m Loading tensor from cache: /localdev/gwang/tt_transformers/model_cache/llama33_70b/T3K/norm/layer74_pre_attn_srcshape_1_1_256_32_dtype_BFLOAT16_layout_ROW_MAJOR_mapper_241585d9fe31_device_0.tensorbin
2026-09-02 20:54:51.626 | INFO     | tt_transformers.modules.lazy_weight:get_device_weight:120 - [32m[cache hit][0m Loading tensor from cache: /localdev/gwang/tt_transformers/model_cache/llama33_70b/T3K/norm/layer74_pre_attn_srcshape_1_1_256_32_dtype_BFLOAT16_layout_ROW_MAJOR_mapper_b82b244385ac_device_0.tensorbin
2026-09-02 20:54:51.627 | INFO     | tt_transformers.modules.lazy_weight:get_device_weight:120 - [32m[cache hit][0m Loading tensor from cache: /localdev/gwang/tt_transformers/model_cache/llama33_70b/T3K/attn/layer74_wqkv_srcshape_1_1_8192_10240_dtype_BFLOAT8_B_layout_TILE_memcfg_663972112453010226_mapper_660f4331f0f0_device_0.tensorbin
2026-09-02 20:54:51.633 | INFO     | tt_transformers.modules.lazy_weight:get_device_weight:120 - [32m[cache hit][0m Loading tensor from cache: /localdev/gwang/tt_transformers/model_cache/llama33_70b/T3K/attn/layer74_wo_srcshape_1_1_8192_8192_dtype_BFLOAT8_B_layout_TILE_mapper_660f4331f0f0_device_0.tensorbin
2026-09-02 20:54:51.638 | INFO     | tt_transformers.modules.lazy_weight:get_device_weight:120 - [32m[cache hit][0m Loading tensor from cache: /localdev/gwang/tt_transformers/model_cache/llama33_70b/T3K/norm/layer74_post_attn_srcshape_1_1_256_32_dtype_BFLOAT16_layout_ROW_MAJOR_mapper_241585d9fe31_device_0.tensorbin
2026-09-02 20:54:51.638 | INFO     | tt_transformers.modules.lazy_weight:get_device_weight:120 - [32m[cache hit][0m Loading tensor from cache: /localdev/gwang/tt_transformers/model_cache/llama33_70b/T3K/norm/layer74_post_attn_srcshape_1_1_256_32_dtype_BFLOAT16_layout_ROW_MAJOR_mapper_b82b244385ac_device_0.tensorbin
2026-09-02 20:54:51.639 | INFO     | tt_transformers.modules.lazy_weight:get_device_weight:120 - [32m[cache hit][0m Loading tensor from cache: /localdev/gwang/tt_transformers/model_cache/llama33_70b/T3K/mlp/layer74_w1_srcshape_8192_28672_dtype_BFLOAT8_B_layout_TILE_memcfg_1786057467681592545_mapper_660f4331f0f0_device_0.tensorbin
2026-09-02 20:54:51.652 | INFO     | tt_transformers.modules.lazy_weight:get_device_weight:120 - [32m[cache hit][0m Loading tensor from cache: /localdev/gwang/tt_transformers/model_cache/llama33_70b/T3K/mlp/layer74_w2_srcshape_28672_8192_dtype_BFLOAT8_B_layout_TILE_memcfg_906506041791331912_mapper_0cdd7bdaff6f_device_0.tensorbin
2026-09-02 20:54:51.670 | INFO     | tt_transformers.modules.lazy_weight:get_device_weight:120 - [32m[cache hit][0m Loading tensor from cache: /localdev/gwang/tt_transformers/model_cache/llama33_70b/T3K/mlp/layer74_w3_srcshape_8192_28672_dtype_BFLOAT8_B_layout_TILE_memcfg_1786057467681592545_mapper_660f4331f0f0_device_0.tensorbin
2026-09-02 20:54:51.685 | INFO     | tt_transformers.modules.lazy_weight:get_device_weight:120 - [32m[cache hit][0m Loading tensor from cache: /localdev/gwang/tt_transformers/model_cache/llama33_70b/T3K/norm/layer75_pre_attn_srcshape_1_1_256_32_dtype_BFLOAT16_layout_ROW_MAJOR_mapper_241585d9fe31_device_0.tensorbin
2026-09-02 20:54:51.685 | INFO     | tt_transformers.modules.lazy_weight:get_device_weight:120 - [32m[cache hit][0m Loading tensor from cache: /localdev/gwang/tt_transformers/model_cache/llama33_70b/T3K/norm/layer75_pre_attn_srcshape_1_1_256_32_dtype_BFLOAT16_layout_ROW_MAJOR_mapper_b82b244385ac_device_0.tensorbin
2026-09-02 20:54:51.686 | INFO     | tt_transformers.modules.lazy_weight:get_device_weight:120 - [32m[cache hit][0m Loading tensor from cache: /localdev/gwang/tt_transformers/model_cache/llama33_70b/T3K/attn/layer75_wqkv_srcshape_1_1_8192_10240_dtype_BFLOAT8_B_layout_TILE_memcfg_663972112453010226_mapper_660f4331f0f0_device_0.tensorbin
2026-09-02 20:54:51.692 | INFO     | tt_transformers.modules.lazy_weight:get_device_weight:120 - [32m[cache hit][0m Loading tensor from cache: /localdev/gwang/tt_transformers/model_cache/llama33_70b/T3K/attn/layer75_wo_srcshape_1_1_8192_8192_dtype_BFLOAT8_B_layout_TILE_mapper_660f4331f0f0_device_0.tensorbin
2026-09-02 20:54:51.698 | INFO     | tt_transformers.modules.lazy_weight:get_device_weight:120 - [32m[cache hit][0m Loading tensor from cache: /localdev/gwang/tt_transformers/model_cache/llama33_70b/T3K/norm/layer75_post_attn_srcshape_1_1_256_32_dtype_BFLOAT16_layout_ROW_MAJOR_mapper_241585d9fe31_device_0.tensorbin
2026-09-02 20:54:51.698 | INFO     | tt_transformers.modules.lazy_weight:get_device_weight:120 - [32m[cache hit][0m Loading tensor from cache: /localdev/gwang/tt_transformers/model_cache/llama33_70b/T3K/norm/layer75_post_attn_srcshape_1_1_256_32_dtype_BFLOAT16_layout_ROW_MAJOR_mapper_b82b244385ac_device_0.tensorbin
2026-09-02 20:54:51.699 | INFO     | tt_transformers.modules.lazy_weight:get_device_weight:120 - [32m[cache hit][0m Loading tensor from cache: /localdev/gwang/tt_transformers/model_cache/llama33_70b/T3K/mlp/layer75_w1_srcshape_8192_28672_dtype_BFLOAT8_B_layout_TILE_memcfg_1786057467681592545_mapper_660f4331f0f0_device_0.tensorbin
2026-09-02 20:54:51.711 | INFO     | tt_transformers.modules.lazy_weight:get_device_weight:120 - [32m[cache hit][0m Loading tensor from cache: /localdev/gwang/tt_transformers/model_cache/llama33_70b/T3K/mlp/layer75_w2_srcshape_28672_8192_dtype_BFLOAT8_B_layout_TILE_memcfg_906506041791331912_mapper_0cdd7bdaff6f_device_0.tensorbin
2026-09-02 20:54:51.728 | INFO     | tt_transformers.modules.lazy_weight:get_device_weight:120 - [32m[cache hit][0m Loading tensor from cache: /localdev/gwang/tt_transformers/model_cache/llama33_70b/T3K/mlp/layer75_w3_srcshape_8192_28672_dtype_BFLOAT8_B_layout_TILE_memcfg_1786057467681592545_mapper_660f4331f0f0_device_0.tensorbin
2026-09-02 20:54:51.742 | INFO     | tt_transformers.modules.lazy_weight:get_device_weight:120 - [32m[cache hit][0m Loading tensor from cache: /localdev/gwang/tt_transformers/model_cache/llama33_70b/T3K/norm/layer76_pre_attn_srcshape_1_1_256_32_dtype_BFLOAT16_layout_ROW_MAJOR_mapper_241585d9fe31_device_0.tensorbin
2026-09-02 20:54:51.742 | INFO     | tt_transformers.modules.lazy_weight:get_device_weight:120 - [32m[cache hit][0m Loading tensor from cache: /localdev/gwang/tt_transformers/model_cache/llama33_70b/T3K/norm/layer76_pre_attn_srcshape_1_1_256_32_dtype_BFLOAT16_layout_ROW_MAJOR_mapper_b82b244385ac_device_0.tensorbin
2026-09-02 20:54:51.743 | INFO     | tt_transformers.modules.lazy_weight:get_device_weight:120 - [32m[cache hit][0m Loading tensor from cache: /localdev/gwang/tt_transformers/model_cache/llama33_70b/T3K/attn/layer76_wqkv_srcshape_1_1_8192_10240_dtype_BFLOAT8_B_layout_TILE_memcfg_663972112453010226_mapper_660f4331f0f0_device_0.tensorbin
2026-09-02 20:54:51.748 | INFO     | tt_transformers.modules.lazy_weight:get_device_weight:120 - [32m[cache hit][0m Loading tensor from cache: /localdev/gwang/tt_transformers/model_cache/llama33_70b/T3K/attn/layer76_wo_srcshape_1_1_8192_8192_dtype_BFLOAT8_B_layout_TILE_mapper_660f4331f0f0_device_0.tensorbin
2026-09-02 20:54:51.753 | INFO     | tt_transformers.modules.lazy_weight:get_device_weight:120 - [32m[cache hit][0m Loading tensor from cache: /localdev/gwang/tt_transformers/model_cache/llama33_70b/T3K/norm/layer76_post_attn_srcshape_1_1_256_32_dtype_BFLOAT16_layout_ROW_MAJOR_mapper_241585d9fe31_device_0.tensorbin
2026-09-02 20:54:51.754 | INFO     | tt_transformers.modules.lazy_weight:get_device_weight:120 - [32m[cache hit][0m Loading tensor from cache: /localdev/gwang/tt_transformers/model_cache/llama33_70b/T3K/norm/layer76_post_attn_srcshape_1_1_256_32_dtype_BFLOAT16_layout_ROW_MAJOR_mapper_b82b244385ac_device_0.tensorbin
2026-09-02 20:54:51.754 | INFO     | tt_transformers.modules.lazy_weight:get_device_weight:120 - [32m[cache hit][0m Loading tensor from cache: /localdev/gwang/tt_transformers/model_cache/llama33_70b/T3K/mlp/layer76_w1_srcshape_8192_28672_dtype_BFLOAT8_B_layout_TILE_memcfg_1786057467681592545_mapper_660f4331f0f0_device_0.tensorbin
2026-09-02 20:54:51.768 | INFO     | tt_transformers.modules.lazy_weight:get_device_weight:120 - [32m[cache hit][0m Loading tensor from cache: /localdev/gwang/tt_transformers/model_cache/llama33_70b/T3K/mlp/layer76_w2_srcshape_28672_8192_dtype_BFLOAT8_B_layout_TILE_memcfg_906506041791331912_mapper_0cdd7bdaff6f_device_0.tensorbin
2026-09-02 20:54:51.782 | INFO     | tt_transformers.modules.lazy_weight:get_device_weight:120 - [32m[cache hit][0m Loading tensor from cache: /localdev/gwang/tt_transformers/model_cache/llama33_70b/T3K/mlp/layer76_w3_srcshape_8192_28672_dtype_BFLOAT8_B_layout_TILE_memcfg_1786057467681592545_mapper_660f4331f0f0_device_0.tensorbin
2026-09-02 20:54:51.796 | INFO     | tt_transformers.modules.lazy_weight:get_device_weight:120 - [32m[cache hit][0m Loading tensor from cache: /localdev/gwang/tt_transformers/model_cache/llama33_70b/T3K/norm/layer77_pre_attn_srcshape_1_1_256_32_dtype_BFLOAT16_layout_ROW_MAJOR_mapper_241585d9fe31_device_0.tensorbin
2026-09-02 20:54:51.797 | INFO     | tt_transformers.modules.lazy_weight:get_device_weight:120 - [32m[cache hit][0m Loading tensor from cache: /localdev/gwang/tt_transformers/model_cache/llama33_70b/T3K/norm/layer77_pre_attn_srcshape_1_1_256_32_dtype_BFLOAT16_layout_ROW_MAJOR_mapper_b82b244385ac_device_0.tensorbin
2026-09-02 20:54:51.798 | INFO     | tt_transformers.modules.lazy_weight:get_device_weight:120 - [32m[cache hit][0m Loading tensor from cache: /localdev/gwang/tt_transformers/model_cache/llama33_70b/T3K/attn/layer77_wqkv_srcshape_1_1_8192_10240_dtype_BFLOAT8_B_layout_TILE_memcfg_663972112453010226_mapper_660f4331f0f0_device_0.tensorbin
2026-09-02 20:54:51.802 | INFO     | tt_transformers.modules.lazy_weight:get_device_weight:120 - [32m[cache hit][0m Loading tensor from cache: /localdev/gwang/tt_transformers/model_cache/llama33_70b/T3K/attn/layer77_wo_srcshape_1_1_8192_8192_dtype_BFLOAT8_B_layout_TILE_mapper_660f4331f0f0_device_0.tensorbin
2026-09-02 20:54:51.807 | INFO     | tt_transformers.modules.lazy_weight:get_device_weight:120 - [32m[cache hit][0m Loading tensor from cache: /localdev/gwang/tt_transformers/model_cache/llama33_70b/T3K/norm/layer77_post_attn_srcshape_1_1_256_32_dtype_BFLOAT16_layout_ROW_MAJOR_mapper_241585d9fe31_device_0.tensorbin
2026-09-02 20:54:51.807 | INFO     | tt_transformers.modules.lazy_weight:get_device_weight:120 - [32m[cache hit][0m Loading tensor from cache: /localdev/gwang/tt_transformers/model_cache/llama33_70b/T3K/norm/layer77_post_attn_srcshape_1_1_256_32_dtype_BFLOAT16_layout_ROW_MAJOR_mapper_b82b244385ac_device_0.tensorbin
2026-09-02 20:54:51.808 | INFO     | tt_transformers.modules.lazy_weight:get_device_weight:120 - [32m[cache hit][0m Loading tensor from cache: /localdev/gwang/tt_transformers/model_cache/llama33_70b/T3K/mlp/layer77_w1_srcshape_8192_28672_dtype_BFLOAT8_B_layout_TILE_memcfg_1786057467681592545_mapper_660f4331f0f0_device_0.tensorbin
2026-09-02 20:54:51.821 | INFO     | tt_transformers.modules.lazy_weight:get_device_weight:120 - [32m[cache hit][0m Loading tensor from cache: /localdev/gwang/tt_transformers/model_cache/llama33_70b/T3K/mlp/layer77_w2_srcshape_28672_8192_dtype_BFLOAT8_B_layout_TILE_memcfg_906506041791331912_mapper_0cdd7bdaff6f_device_0.tensorbin
2026-09-02 20:54:51.833 | INFO     | tt_transformers.modules.lazy_weight:get_device_weight:120 - [32m[cache hit][0m Loading tensor from cache: /localdev/gwang/tt_transformers/model_cache/llama33_70b/T3K/mlp/layer77_w3_srcshape_8192_28672_dtype_BFLOAT8_B_layout_TILE_memcfg_1786057467681592545_mapper_660f4331f0f0_device_0.tensorbin
2026-09-02 20:54:51.848 | INFO     | tt_transformers.modules.lazy_weight:get_device_weight:120 - [32m[cache hit][0m Loading tensor from cache: /localdev/gwang/tt_transformers/model_cache/llama33_70b/T3K/norm/layer78_pre_attn_srcshape_1_1_256_32_dtype_BFLOAT16_layout_ROW_MAJOR_mapper_241585d9fe31_device_0.tensorbin
2026-09-02 20:54:51.849 | INFO     | tt_transformers.modules.lazy_weight:get_device_weight:120 - [32m[cache hit][0m Loading tensor from cache: /localdev/gwang/tt_transformers/model_cache/llama33_70b/T3K/norm/layer78_pre_attn_srcshape_1_1_256_32_dtype_BFLOAT16_layout_ROW_MAJOR_mapper_b82b244385ac_device_0.tensorbin
2026-09-02 20:54:51.850 | INFO     | tt_transformers.modules.lazy_weight:get_device_weight:120 - [32m[cache hit][0m Loading tensor from cache: /localdev/gwang/tt_transformers/model_cache/llama33_70b/T3K/attn/layer78_wqkv_srcshape_1_1_8192_10240_dtype_BFLOAT8_B_layout_TILE_memcfg_663972112453010226_mapper_660f4331f0f0_device_0.tensorbin
2026-09-02 20:54:51.857 | INFO     | tt_transformers.modules.lazy_weight:get_device_weight:120 - [32m[cache hit][0m Loading tensor from cache: /localdev/gwang/tt_transformers/model_cache/llama33_70b/T3K/attn/layer78_wo_srcshape_1_1_8192_8192_dtype_BFLOAT8_B_layout_TILE_mapper_660f4331f0f0_device_0.tensorbin
2026-09-02 20:54:51.863 | INFO     | tt_transformers.modules.lazy_weight:get_device_weight:120 - [32m[cache hit][0m Loading tensor from cache: /localdev/gwang/tt_transformers/model_cache/llama33_70b/T3K/norm/layer78_post_attn_srcshape_1_1_256_32_dtype_BFLOAT16_layout_ROW_MAJOR_mapper_241585d9fe31_device_0.tensorbin
2026-09-02 20:54:51.863 | INFO     | tt_transformers.modules.lazy_weight:get_device_weight:120 - [32m[cache hit][0m Loading tensor from cache: /localdev/gwang/tt_transformers/model_cache/llama33_70b/T3K/norm/layer78_post_attn_srcshape_1_1_256_32_dtype_BFLOAT16_layout_ROW_MAJOR_mapper_b82b244385ac_device_0.tensorbin
2026-09-02 20:54:51.864 | INFO     | tt_transformers.modules.lazy_weight:get_device_weight:120 - [32m[cache hit][0m Loading tensor from cache: /localdev/gwang/tt_transformers/model_cache/llama33_70b/T3K/mlp/layer78_w1_srcshape_8192_28672_dtype_BFLOAT8_B_layout_TILE_memcfg_1786057467681592545_mapper_660f4331f0f0_device_0.tensorbin
2026-09-02 20:54:51.878 | INFO     | tt_transformers.modules.lazy_weight:get_device_weight:120 - [32m[cache hit][0m Loading tensor from cache: /localdev/gwang/tt_transformers/model_cache/llama33_70b/T3K/mlp/layer78_w2_srcshape_28672_8192_dtype_BFLOAT8_B_layout_TILE_memcfg_906506041791331912_mapper_0cdd7bdaff6f_device_0.tensorbin
2026-09-02 20:54:51.891 | INFO     | tt_transformers.modules.lazy_weight:get_device_weight:120 - [32m[cache hit][0m Loading tensor from cache: /localdev/gwang/tt_transformers/model_cache/llama33_70b/T3K/mlp/layer78_w3_srcshape_8192_28672_dtype_BFLOAT8_B_layout_TILE_memcfg_1786057467681592545_mapper_660f4331f0f0_device_0.tensorbin
2026-09-02 20:54:51.906 | INFO     | tt_transformers.modules.lazy_weight:get_device_weight:120 - [32m[cache hit][0m Loading tensor from cache: /localdev/gwang/tt_transformers/model_cache/llama33_70b/T3K/norm/layer79_pre_attn_srcshape_1_1_256_32_dtype_BFLOAT16_layout_ROW_MAJOR_mapper_241585d9fe31_device_0.tensorbin
2026-09-02 20:54:51.906 | INFO     | tt_transformers.modules.lazy_weight:get_device_weight:120 - [32m[cache hit][0m Loading tensor from cache: /localdev/gwang/tt_transformers/model_cache/llama33_70b/T3K/norm/layer79_pre_attn_srcshape_1_1_256_32_dtype_BFLOAT16_layout_ROW_MAJOR_mapper_b82b244385ac_device_0.tensorbin
2026-09-02 20:54:51.907 | INFO     | tt_transformers.modules.lazy_weight:get_device_weight:120 - [32m[cache hit][0m Loading tensor from cache: /localdev/gwang/tt_transformers/model_cache/llama33_70b/T3K/attn/layer79_wqkv_srcshape_1_1_8192_10240_dtype_BFLOAT8_B_layout_TILE_memcfg_663972112453010226_mapper_660f4331f0f0_device_0.tensorbin
2026-09-02 20:54:51.912 | INFO     | tt_transformers.modules.lazy_weight:get_device_weight:120 - [32m[cache hit][0m Loading tensor from cache: /localdev/gwang/tt_transformers/model_cache/llama33_70b/T3K/attn/layer79_wo_srcshape_1_1_8192_8192_dtype_BFLOAT8_B_layout_TILE_mapper_660f4331f0f0_device_0.tensorbin
2026-09-02 20:54:51.917 | INFO     | tt_transformers.modules.lazy_weight:get_device_weight:120 - [32m[cache hit][0m Loading tensor from cache: /localdev/gwang/tt_transformers/model_cache/llama33_70b/T3K/norm/layer79_post_attn_srcshape_1_1_256_32_dtype_BFLOAT16_layout_ROW_MAJOR_mapper_241585d9fe31_device_0.tensorbin
2026-09-02 20:54:51.917 | INFO     | tt_transformers.modules.lazy_weight:get_device_weight:120 - [32m[cache hit][0m Loading tensor from cache: /localdev/gwang/tt_transformers/model_cache/llama33_70b/T3K/norm/layer79_post_attn_srcshape_1_1_256_32_dtype_BFLOAT16_layout_ROW_MAJOR_mapper_b82b244385ac_device_0.tensorbin
2026-09-02 20:54:51.918 | INFO     | tt_transformers.modules.lazy_weight:get_device_weight:120 - [32m[cache hit][0m Loading tensor from cache: /localdev/gwang/tt_transformers/model_cache/llama33_70b/T3K/mlp/layer79_w1_srcshape_8192_28672_dtype_BFLOAT8_B_layout_TILE_memcfg_1786057467681592545_mapper_660f4331f0f0_device_0.tensorbin
2026-09-02 20:54:51.932 | INFO     | tt_transformers.modules.lazy_weight:get_device_weight:120 - [32m[cache hit][0m Loading tensor from cache: /localdev/gwang/tt_transformers/model_cache/llama33_70b/T3K/mlp/layer79_w2_srcshape_28672_8192_dtype_BFLOAT8_B_layout_TILE_memcfg_906506041791331912_mapper_0cdd7bdaff6f_device_0.tensorbin
2026-09-02 20:54:51.947 | INFO     | tt_transformers.modules.lazy_weight:get_device_weight:120 - [32m[cache hit][0m Loading tensor from cache: /localdev/gwang/tt_transformers/model_cache/llama33_70b/T3K/mlp/layer79_w3_srcshape_8192_28672_dtype_BFLOAT8_B_layout_TILE_memcfg_1786057467681592545_mapper_660f4331f0f0_device_0.tensorbin
2026-09-02 20:54:51.967 | INFO     | tt_transformers.modules.lazy_weight:get_device_weight:120 - [32m[cache hit][0m Loading tensor from cache: /localdev/gwang/tt_transformers/model_cache/llama33_70b/T3K/norm/final_srcshape_1_1_256_32_dtype_BFLOAT16_layout_ROW_MAJOR_mapper_241585d9fe31_device_0.tensorbin
2026-09-02 20:54:51.968 | INFO     | tt_transformers.modules.lazy_weight:get_device_weight:120 - [32m[cache hit][0m Loading tensor from cache: /localdev/gwang/tt_transformers/model_cache/llama33_70b/T3K/norm/final_srcshape_1_1_256_32_dtype_BFLOAT16_layout_ROW_MAJOR_mapper_b82b244385ac_device_0.tensorbin
2026-09-02 20:54:52.003 | INFO     | tt_transformers.modules.lazy_weight:get_device_weight:120 - [32m[cache hit][0m Loading tensor from cache: /localdev/gwang/tt_transformers/model_cache/llama33_70b/T3K/lm_head/lm_head_split_0_logical_8192_physical_65536_srcshape_8192_65536_dtype_BFLOAT8_B_layout_TILE_memcfg_59144006882522099_mapper_660f4331f0f0_device_0.tensorbin
2026-09-02 20:54:52.035 | INFO     | tt_transformers.modules.lazy_weight:get_device_weight:120 - [32m[cache hit][0m Loading tensor from cache: /localdev/gwang/tt_transformers/model_cache/llama33_70b/T3K/lm_head/lm_head_split_1_logical_7840_physical_62720_srcshape_8192_62720_dtype_BFLOAT8_B_layout_TILE_memcfg_6896033901621697515_mapper_660f4331f0f0_device_0.tensorbin
2026-09-02 20:54:55.866 | DEBUG    | core:as_tensor:724 - Loaded cache for /localdev/gwang/tt_transformers/model_cache/llama33_70b/T3K/empty_kcache_paged_attention(2048, 1, 32, 128)_dtype_BFLOAT8_B_layout_TILE.tensorbin of shape Shape([2048, 1, 32, 128])
2026-09-02 20:54:55.869 | DEBUG    | core:as_tensor:724 - Loaded cache for /localdev/gwang/tt_transformers/model_cache/llama33_70b/T3K/empty_vcache_paged_attention(2048, 1, 32, 128)_dtype_BFLOAT8_B_layout_TILE.tensorbin of shape Shape([2048, 1, 32, 128])
2026-09-02 20:54:55.872 | DEBUG    | core:as_tensor:724 - Loaded cache for /localdev/gwang/tt_transformers/model_cache/llama33_70b/T3K/empty_kcache_paged_attention(2048, 1, 32, 128)_dtype_BFLOAT8_B_layout_TILE.tensorbin of shape Shape([2048, 1, 32, 128])
2026-09-02 20:54:55.876 | DEBUG    | core:as_tensor:724 - Loaded cache for /localdev/gwang/tt_transformers/model_cache/llama33_70b/T3K/empty_vcache_paged_attention(2048, 1, 32, 128)_dtype_BFLOAT8_B_layout_TILE.tensorbin of shape Shape([2048, 1, 32, 128])
2026-09-02 20:54:55.879 | DEBUG    | core:as_tensor:724 - Loaded cache for /localdev/gwang/tt_transformers/model_cache/llama33_70b/T3K/empty_kcache_paged_attention(2048, 1, 32, 128)_dtype_BFLOAT8_B_layout_TILE.tensorbin of shape Shape([2048, 1, 32, 128])
2026-09-02 20:54:55.882 | DEBUG    | core:as_tensor:724 - Loaded cache for /localdev/gwang/tt_transformers/model_cache/llama33_70b/T3K/empty_vcache_paged_attention(2048, 1, 32, 128)_dtype_BFLOAT8_B_layout_TILE.tensorbin of shape Shape([2048, 1, 32, 128])
2026-09-02 20:54:55.885 | DEBUG    | core:as_tensor:724 - Loaded cache for /localdev/gwang/tt_transformers/model_cache/llama33_70b/T3K/empty_kcache_paged_attention(2048, 1, 32, 128)_dtype_BFLOAT8_B_layout_TILE.tensorbin of shape Shape([2048, 1, 32, 128])
2026-09-02 20:54:55.888 | DEBUG    | core:as_tensor:724 - Loaded cache for /localdev/gwang/tt_transformers/model_cache/llama33_70b/T3K/empty_vcache_paged_attention(2048, 1, 32, 128)_dtype_BFLOAT8_B_layout_TILE.tensorbin of shape Shape([2048, 1, 32, 128])
2026-09-02 20:54:55.891 | DEBUG    | core:as_tensor:724 - Loaded cache for /localdev/gwang/tt_transformers/model_cache/llama33_70b/T3K/empty_kcache_paged_attention(2048, 1, 32, 128)_dtype_BFLOAT8_B_layout_TILE.tensorbin of shape Shape([2048, 1, 32, 128])
2026-09-02 20:54:55.894 | DEBUG    | core:as_tensor:724 - Loaded cache for /localdev/gwang/tt_transformers/model_cache/llama33_70b/T3K/empty_vcache_paged_attention(2048, 1, 32, 128)_dtype_BFLOAT8_B_layout_TILE.tensorbin of shape Shape([2048, 1, 32, 128])
2026-09-02 20:54:55.897 | DEBUG    | core:as_tensor:724 - Loaded cache for /localdev/gwang/tt_transformers/model_cache/llama33_70b/T3K/empty_kcache_paged_attention(2048, 1, 32, 128)_dtype_BFLOAT8_B_layout_TILE.tensorbin of shape Shape([2048, 1, 32, 128])
2026-09-02 20:54:55.901 | DEBUG    | core:as_tensor:724 - Loaded cache for /localdev/gwang/tt_transformers/model_cache/llama33_70b/T3K/empty_vcache_paged_attention(2048, 1, 32, 128)_dtype_BFLOAT8_B_layout_TILE.tensorbin of shape Shape([2048, 1, 32, 128])
2026-09-02 20:54:55.904 | DEBUG    | core:as_tensor:724 - Loaded cache for /localdev/gwang/tt_transformers/model_cache/llama33_70b/T3K/empty_kcache_paged_attention(2048, 1, 32, 128)_dtype_BFLOAT8_B_layout_TILE.tensorbin of shape Shape([2048, 1, 32, 128])
2026-09-02 20:54:55.907 | DEBUG    | core:as_tensor:724 - Loaded cache for /localdev/gwang/tt_transformers/model_cache/llama33_70b/T3K/empty_vcache_paged_attention(2048, 1, 32, 128)_dtype_BFLOAT8_B_layout_TILE.tensorbin of shape Shape([2048, 1, 32, 128])
2026-09-02 20:54:55.910 | DEBUG    | core:as_tensor:724 - Loaded cache for /localdev/gwang/tt_transformers/model_cache/llama33_70b/T3K/empty_kcache_paged_attention(2048, 1, 32, 128)_dtype_BFLOAT8_B_layout_TILE.tensorbin of shape Shape([2048, 1, 32, 128])
2026-09-02 20:54:55.913 | DEBUG    | core:as_tensor:724 - Loaded cache for /localdev/gwang/tt_transformers/model_cache/llama33_70b/T3K/empty_vcache_paged_attention(2048, 1, 32, 128)_dtype_BFLOAT8_B_layout_TILE.tensorbin of shape Shape([2048, 1, 32, 128])
2026-09-02 20:54:55.916 | DEBUG    | core:as_tensor:724 - Loaded cache for /localdev/gwang/tt_transformers/model_cache/llama33_70b/T3K/empty_kcache_paged_attention(2048, 1, 32, 128)_dtype_BFLOAT8_B_layout_TILE.tensorbin of shape Shape([2048, 1, 32, 128])
2026-09-02 20:54:55.919 | DEBUG    | core:as_tensor:724 - Loaded cache for /localdev/gwang/tt_transformers/model_cache/llama33_70b/T3K/empty_vcache_paged_attention(2048, 1, 32, 128)_dtype_BFLOAT8_B_layout_TILE.tensorbin of shape Shape([2048, 1, 32, 128])
2026-09-02 20:54:55.922 | DEBUG    | core:as_tensor:724 - Loaded cache for /localdev/gwang/tt_transformers/model_cache/llama33_70b/T3K/empty_kcache_paged_attention(2048, 1, 32, 128)_dtype_BFLOAT8_B_layout_TILE.tensorbin of shape Shape([2048, 1, 32, 128])
2026-09-02 20:54:55.926 | DEBUG    | core:as_tensor:724 - Loaded cache for /localdev/gwang/tt_transformers/model_cache/llama33_70b/T3K/empty_vcache_paged_attention(2048, 1, 32, 128)_dtype_BFLOAT8_B_layout_TILE.tensorbin of shape Shape([2048, 1, 32, 128])
2026-09-02 20:54:55.929 | DEBUG    | core:as_tensor:724 - Loaded cache for /localdev/gwang/tt_transformers/model_cache/llama33_70b/T3K/empty_kcache_paged_attention(2048, 1, 32, 128)_dtype_BFLOAT8_B_layout_TILE.tensorbin of shape Shape([2048, 1, 32, 128])
2026-09-02 20:54:55.932 | DEBUG    | core:as_tensor:724 - Loaded cache for /localdev/gwang/tt_transformers/model_cache/llama33_70b/T3K/empty_vcache_paged_attention(2048, 1, 32, 128)_dtype_BFLOAT8_B_layout_TILE.tensorbin of shape Shape([2048, 1, 32, 128])
2026-09-02 20:54:55.935 | DEBUG    | core:as_tensor:724 - Loaded cache for /localdev/gwang/tt_transformers/model_cache/llama33_70b/T3K/empty_kcache_paged_attention(2048, 1, 32, 128)_dtype_BFLOAT8_B_layout_TILE.tensorbin of shape Shape([2048, 1, 32, 128])
2026-09-02 20:54:55.938 | DEBUG    | core:as_tensor:724 - Loaded cache for /localdev/gwang/tt_transformers/model_cache/llama33_70b/T3K/empty_vcache_paged_attention(2048, 1, 32, 128)_dtype_BFLOAT8_B_layout_TILE.tensorbin of shape Shape([2048, 1, 32, 128])
2026-09-02 20:54:55.941 | DEBUG    | core:as_tensor:724 - Loaded cache for /localdev/gwang/tt_transformers/model_cache/llama33_70b/T3K/empty_kcache_paged_attention(2048, 1, 32, 128)_dtype_BFLOAT8_B_layout_TILE.tensorbin of shape Shape([2048, 1, 32, 128])
2026-09-02 20:54:55.944 | DEBUG    | core:as_tensor:724 - Loaded cache for /localdev/gwang/tt_transformers/model_cache/llama33_70b/T3K/empty_vcache_paged_attention(2048, 1, 32, 128)_dtype_BFLOAT8_B_layout_TILE.tensorbin of shape Shape([2048, 1, 32, 128])
2026-09-02 20:54:55.947 | DEBUG    | core:as_tensor:724 - Loaded cache for /localdev/gwang/tt_transformers/model_cache/llama33_70b/T3K/empty_kcache_paged_attention(2048, 1, 32, 128)_dtype_BFLOAT8_B_layout_TILE.tensorbin of shape Shape([2048, 1, 32, 128])
2026-09-02 20:54:55.950 | DEBUG    | core:as_tensor:724 - Loaded cache for /localdev/gwang/tt_transformers/model_cache/llama33_70b/T3K/empty_vcache_paged_attention(2048, 1, 32, 128)_dtype_BFLOAT8_B_layout_TILE.tensorbin of shape Shape([2048, 1, 32, 128])
2026-09-02 20:54:55.953 | DEBUG    | core:as_tensor:724 - Loaded cache for /localdev/gwang/tt_transformers/model_cache/llama33_70b/T3K/empty_kcache_paged_attention(2048, 1, 32, 128)_dtype_BFLOAT8_B_layout_TILE.tensorbin of shape Shape([2048, 1, 32, 128])
2026-09-02 20:54:55.957 | DEBUG    | core:as_tensor:724 - Loaded cache for /localdev/gwang/tt_transformers/model_cache/llama33_70b/T3K/empty_vcache_paged_attention(2048, 1, 32, 128)_dtype_BFLOAT8_B_layout_TILE.tensorbin of shape Shape([2048, 1, 32, 128])
2026-09-02 20:54:55.960 | DEBUG    | core:as_tensor:724 - Loaded cache for /localdev/gwang/tt_transformers/model_cache/llama33_70b/T3K/empty_kcache_paged_attention(2048, 1, 32, 128)_dtype_BFLOAT8_B_layout_TILE.tensorbin of shape Shape([2048, 1, 32, 128])
2026-09-02 20:54:55.963 | DEBUG    | core:as_tensor:724 - Loaded cache for /localdev/gwang/tt_transformers/model_cache/llama33_70b/T3K/empty_vcache_paged_attention(2048, 1, 32, 128)_dtype_BFLOAT8_B_layout_TILE.tensorbin of shape Shape([2048, 1, 32, 128])
2026-09-02 20:54:55.966 | DEBUG    | core:as_tensor:724 - Loaded cache for /localdev/gwang/tt_transformers/model_cache/llama33_70b/T3K/empty_kcache_paged_attention(2048, 1, 32, 128)_dtype_BFLOAT8_B_layout_TILE.tensorbin of shape Shape([2048, 1, 32, 128])
2026-09-02 20:54:55.969 | DEBUG    | core:as_tensor:724 - Loaded cache for /localdev/gwang/tt_transformers/model_cache/llama33_70b/T3K/empty_vcache_paged_attention(2048, 1, 32, 128)_dtype_BFLOAT8_B_layout_TILE.tensorbin of shape Shape([2048, 1, 32, 128])
2026-09-02 20:54:55.972 | DEBUG    | core:as_tensor:724 - Loaded cache for /localdev/gwang/tt_transformers/model_cache/llama33_70b/T3K/empty_kcache_paged_attention(2048, 1, 32, 128)_dtype_BFLOAT8_B_layout_TILE.tensorbin of shape Shape([2048, 1, 32, 128])
2026-09-02 20:54:55.976 | DEBUG    | core:as_tensor:724 - Loaded cache for /localdev/gwang/tt_transformers/model_cache/llama33_70b/T3K/empty_vcache_paged_attention(2048, 1, 32, 128)_dtype_BFLOAT8_B_layout_TILE.tensorbin of shape Shape([2048, 1, 32, 128])
2026-09-02 20:54:55.979 | DEBUG    | core:as_tensor:724 - Loaded cache for /localdev/gwang/tt_transformers/model_cache/llama33_70b/T3K/empty_kcache_paged_attention(2048, 1, 32, 128)_dtype_BFLOAT8_B_layout_TILE.tensorbin of shape Shape([2048, 1, 32, 128])
2026-09-02 20:54:55.982 | DEBUG    | core:as_tensor:724 - Loaded cache for /localdev/gwang/tt_transformers/model_cache/llama33_70b/T3K/empty_vcache_paged_attention(2048, 1, 32, 128)_dtype_BFLOAT8_B_layout_TILE.tensorbin of shape Shape([2048, 1, 32, 128])
2026-09-02 20:54:55.985 | DEBUG    | core:as_tensor:724 - Loaded cache for /localdev/gwang/tt_transformers/model_cache/llama33_70b/T3K/empty_kcache_paged_attention(2048, 1, 32, 128)_dtype_BFLOAT8_B_layout_TILE.tensorbin of shape Shape([2048, 1, 32, 128])
2026-09-02 20:54:55.988 | DEBUG    | core:as_tensor:724 - Loaded cache for /localdev/gwang/tt_transformers/model_cache/llama33_70b/T3K/empty_vcache_paged_attention(2048, 1, 32, 128)_dtype_BFLOAT8_B_layout_TILE.tensorbin of shape Shape([2048, 1, 32, 128])
2026-09-02 20:54:55.991 | DEBUG    | core:as_tensor:724 - Loaded cache for /localdev/gwang/tt_transformers/model_cache/llama33_70b/T3K/empty_kcache_paged_attention(2048, 1, 32, 128)_dtype_BFLOAT8_B_layout_TILE.tensorbin of shape Shape([2048, 1, 32, 128])
2026-09-02 20:54:55.994 | DEBUG    | core:as_tensor:724 - Loaded cache for /localdev/gwang/tt_transformers/model_cache/llama33_70b/T3K/empty_vcache_paged_attention(2048, 1, 32, 128)_dtype_BFLOAT8_B_layout_TILE.tensorbin of shape Shape([2048, 1, 32, 128])
2026-09-02 20:54:55.997 | DEBUG    | core:as_tensor:724 - Loaded cache for /localdev/gwang/tt_transformers/model_cache/llama33_70b/T3K/empty_kcache_paged_attention(2048, 1, 32, 128)_dtype_BFLOAT8_B_layout_TILE.tensorbin of shape Shape([2048, 1, 32, 128])
2026-09-02 20:54:56.000 | DEBUG    | core:as_tensor:724 - Loaded cache for /localdev/gwang/tt_transformers/model_cache/llama33_70b/T3K/empty_vcache_paged_attention(2048, 1, 32, 128)_dtype_BFLOAT8_B_layout_TILE.tensorbin of shape Shape([2048, 1, 32, 128])
2026-09-02 20:54:56.004 | DEBUG    | core:as_tensor:724 - Loaded cache for /localdev/gwang/tt_transformers/model_cache/llama33_70b/T3K/empty_kcache_paged_attention(2048, 1, 32, 128)_dtype_BFLOAT8_B_layout_TILE.tensorbin of shape Shape([2048, 1, 32, 128])
2026-09-02 20:54:56.007 | DEBUG    | core:as_tensor:724 - Loaded cache for /localdev/gwang/tt_transformers/model_cache/llama33_70b/T3K/empty_vcache_paged_attention(2048, 1, 32, 128)_dtype_BFLOAT8_B_layout_TILE.tensorbin of shape Shape([2048, 1, 32, 128])
2026-09-02 20:54:56.010 | DEBUG    | core:as_tensor:724 - Loaded cache for /localdev/gwang/tt_transformers/model_cache/llama33_70b/T3K/empty_kcache_paged_attention(2048, 1, 32, 128)_dtype_BFLOAT8_B_layout_TILE.tensorbin of shape Shape([2048, 1, 32, 128])
2026-09-02 20:54:56.013 | DEBUG    | core:as_tensor:724 - Loaded cache for /localdev/gwang/tt_transformers/model_cache/llama33_70b/T3K/empty_vcache_paged_attention(2048, 1, 32, 128)_dtype_BFLOAT8_B_layout_TILE.tensorbin of shape Shape([2048, 1, 32, 128])
2026-09-02 20:54:56.016 | DEBUG    | core:as_tensor:724 - Loaded cache for /localdev/gwang/tt_transformers/model_cache/llama33_70b/T3K/empty_kcache_paged_attention(2048, 1, 32, 128)_dtype_BFLOAT8_B_layout_TILE.tensorbin of shape Shape([2048, 1, 32, 128])
2026-09-02 20:54:56.019 | DEBUG    | core:as_tensor:724 - Loaded cache for /localdev/gwang/tt_transformers/model_cache/llama33_70b/T3K/empty_vcache_paged_attention(2048, 1, 32, 128)_dtype_BFLOAT8_B_layout_TILE.tensorbin of shape Shape([2048, 1, 32, 128])
2026-09-02 20:54:56.022 | DEBUG    | core:as_tensor:724 - Loaded cache for /localdev/gwang/tt_transformers/model_cache/llama33_70b/T3K/empty_kcache_paged_attention(2048, 1, 32, 128)_dtype_BFLOAT8_B_layout_TILE.tensorbin of shape Shape([2048, 1, 32, 128])
2026-09-02 20:54:56.025 | DEBUG    | core:as_tensor:724 - Loaded cache for /localdev/gwang/tt_transformers/model_cache/llama33_70b/T3K/empty_vcache_paged_attention(2048, 1, 32, 128)_dtype_BFLOAT8_B_layout_TILE.tensorbin of shape Shape([2048, 1, 32, 128])
2026-09-02 20:54:56.028 | DEBUG    | core:as_tensor:724 - Loaded cache for /localdev/gwang/tt_transformers/model_cache/llama33_70b/T3K/empty_kcache_paged_attention(2048, 1, 32, 128)_dtype_BFLOAT8_B_layout_TILE.tensorbin of shape Shape([2048, 1, 32, 128])
2026-09-02 20:54:56.032 | DEBUG    | core:as_tensor:724 - Loaded cache for /localdev/gwang/tt_transformers/model_cache/llama33_70b/T3K/empty_vcache_paged_attention(2048, 1, 32, 128)_dtype_BFLOAT8_B_layout_TILE.tensorbin of shape Shape([2048, 1, 32, 128])
2026-09-02 20:54:56.035 | DEBUG    | core:as_tensor:724 - Loaded cache for /localdev/gwang/tt_transformers/model_cache/llama33_70b/T3K/empty_kcache_paged_attention(2048, 1, 32, 128)_dtype_BFLOAT8_B_layout_TILE.tensorbin of shape Shape([2048, 1, 32, 128])
2026-09-02 20:54:56.038 | DEBUG    | core:as_tensor:724 - Loaded cache for /localdev/gwang/tt_transformers/model_cache/llama33_70b/T3K/empty_vcache_paged_attention(2048, 1, 32, 128)_dtype_BFLOAT8_B_layout_TILE.tensorbin of shape Shape([2048, 1, 32, 128])
2026-09-02 20:54:56.041 | DEBUG    | core:as_tensor:724 - Loaded cache for /localdev/gwang/tt_transformers/model_cache/llama33_70b/T3K/empty_kcache_paged_attention(2048, 1, 32, 128)_dtype_BFLOAT8_B_layout_TILE.tensorbin of shape Shape([2048, 1, 32, 128])
2026-09-02 20:54:56.044 | DEBUG    | core:as_tensor:724 - Loaded cache for /localdev/gwang/tt_transformers/model_cache/llama33_70b/T3K/empty_vcache_paged_attention(2048, 1, 32, 128)_dtype_BFLOAT8_B_layout_TILE.tensorbin of shape Shape([2048, 1, 32, 128])
2026-09-02 20:54:56.047 | DEBUG    | core:as_tensor:724 - Loaded cache for /localdev/gwang/tt_transformers/model_cache/llama33_70b/T3K/empty_kcache_paged_attention(2048, 1, 32, 128)_dtype_BFLOAT8_B_layout_TILE.tensorbin of shape Shape([2048, 1, 32, 128])
2026-09-02 20:54:56.050 | DEBUG    | core:as_tensor:724 - Loaded cache for /localdev/gwang/tt_transformers/model_cache/llama33_70b/T3K/empty_vcache_paged_attention(2048, 1, 32, 128)_dtype_BFLOAT8_B_layout_TILE.tensorbin of shape Shape([2048, 1, 32, 128])
2026-09-02 20:54:56.053 | DEBUG    | core:as_tensor:724 - Loaded cache for /localdev/gwang/tt_transformers/model_cache/llama33_70b/T3K/empty_kcache_paged_attention(2048, 1, 32, 128)_dtype_BFLOAT8_B_layout_TILE.tensorbin of shape Shape([2048, 1, 32, 128])
2026-09-02 20:54:56.056 | DEBUG    | core:as_tensor:724 - Loaded cache for /localdev/gwang/tt_transformers/model_cache/llama33_70b/T3K/empty_vcache_paged_attention(2048, 1, 32, 128)_dtype_BFLOAT8_B_layout_TILE.tensorbin of shape Shape([2048, 1, 32, 128])
2026-09-02 20:54:56.060 | DEBUG    | core:as_tensor:724 - Loaded cache for /localdev/gwang/tt_transformers/model_cache/llama33_70b/T3K/empty_kcache_paged_attention(2048, 1, 32, 128)_dtype_BFLOAT8_B_layout_TILE.tensorbin of shape Shape([2048, 1, 32, 128])
2026-09-02 20:54:56.063 | DEBUG    | core:as_tensor:724 - Loaded cache for /localdev/gwang/tt_transformers/model_cache/llama33_70b/T3K/empty_vcache_paged_attention(2048, 1, 32, 128)_dtype_BFLOAT8_B_layout_TILE.tensorbin of shape Shape([2048, 1, 32, 128])
2026-09-02 20:54:56.066 | DEBUG    | core:as_tensor:724 - Loaded cache for /localdev/gwang/tt_transformers/model_cache/llama33_70b/T3K/empty_kcache_paged_attention(2048, 1, 32, 128)_dtype_BFLOAT8_B_layout_TILE.tensorbin of shape Shape([2048, 1, 32, 128])
2026-09-02 20:54:56.069 | DEBUG    | core:as_tensor:724 - Loaded cache for /localdev/gwang/tt_transformers/model_cache/llama33_70b/T3K/empty_vcache_paged_attention(2048, 1, 32, 128)_dtype_BFLOAT8_B_layout_TILE.tensorbin of shape Shape([2048, 1, 32, 128])
2026-09-02 20:54:56.072 | DEBUG    | core:as_tensor:724 - Loaded cache for /localdev/gwang/tt_transformers/model_cache/llama33_70b/T3K/empty_kcache_paged_attention(2048, 1, 32, 128)_dtype_BFLOAT8_B_layout_TILE.tensorbin of shape Shape([2048, 1, 32, 128])
2026-09-02 20:54:56.075 | DEBUG    | core:as_tensor:724 - Loaded cache for /localdev/gwang/tt_transformers/model_cache/llama33_70b/T3K/empty_vcache_paged_attention(2048, 1, 32, 128)_dtype_BFLOAT8_B_layout_TILE.tensorbin of shape Shape([2048, 1, 32, 128])
2026-09-02 20:54:56.078 | DEBUG    | core:as_tensor:724 - Loaded cache for /localdev/gwang/tt_transformers/model_cache/llama33_70b/T3K/empty_kcache_paged_attention(2048, 1, 32, 128)_dtype_BFLOAT8_B_layout_TILE.tensorbin of shape Shape([2048, 1, 32, 128])
2026-09-02 20:54:56.081 | DEBUG    | core:as_tensor:724 - Loaded cache for /localdev/gwang/tt_transformers/model_cache/llama33_70b/T3K/empty_vcache_paged_attention(2048, 1, 32, 128)_dtype_BFLOAT8_B_layout_TILE.tensorbin of shape Shape([2048, 1, 32, 128])
2026-09-02 20:54:56.086 | DEBUG    | core:as_tensor:724 - Loaded cache for /localdev/gwang/tt_transformers/model_cache/llama33_70b/T3K/empty_kcache_paged_attention(2048, 1, 32, 128)_dtype_BFLOAT8_B_layout_TILE.tensorbin of shape Shape([2048, 1, 32, 128])
2026-09-02 20:54:56.089 | DEBUG    | core:as_tensor:724 - Loaded cache for /localdev/gwang/tt_transformers/model_cache/llama33_70b/T3K/empty_vcache_paged_attention(2048, 1, 32, 128)_dtype_BFLOAT8_B_layout_TILE.tensorbin of shape Shape([2048, 1, 32, 128])
2026-09-02 20:54:56.092 | DEBUG    | core:as_tensor:724 - Loaded cache for /localdev/gwang/tt_transformers/model_cache/llama33_70b/T3K/empty_kcache_paged_attention(2048, 1, 32, 128)_dtype_BFLOAT8_B_layout_TILE.tensorbin of shape Shape([2048, 1, 32, 128])
2026-09-02 20:54:56.095 | DEBUG    | core:as_tensor:724 - Loaded cache for /localdev/gwang/tt_transformers/model_cache/llama33_70b/T3K/empty_vcache_paged_attention(2048, 1, 32, 128)_dtype_BFLOAT8_B_layout_TILE.tensorbin of shape Shape([2048, 1, 32, 128])
2026-09-02 20:54:56.098 | DEBUG    | core:as_tensor:724 - Loaded cache for /localdev/gwang/tt_transformers/model_cache/llama33_70b/T3K/empty_kcache_paged_attention(2048, 1, 32, 128)_dtype_BFLOAT8_B_layout_TILE.tensorbin of shape Shape([2048, 1, 32, 128])
2026-09-02 20:54:56.101 | DEBUG    | core:as_tensor:724 - Loaded cache for /localdev/gwang/tt_transformers/model_cache/llama33_70b/T3K/empty_vcache_paged_attention(2048, 1, 32, 128)_dtype_BFLOAT8_B_layout_TILE.tensorbin of shape Shape([2048, 1, 32, 128])
2026-09-02 20:54:56.104 | DEBUG    | core:as_tensor:724 - Loaded cache for /localdev/gwang/tt_transformers/model_cache/llama33_70b/T3K/empty_kcache_paged_attention(2048, 1, 32, 128)_dtype_BFLOAT8_B_layout_TILE.tensorbin of shape Shape([2048, 1, 32, 128])
2026-09-02 20:54:56.107 | DEBUG    | core:as_tensor:724 - Loaded cache for /localdev/gwang/tt_transformers/model_cache/llama33_70b/T3K/empty_vcache_paged_attention(2048, 1, 32, 128)_dtype_BFLOAT8_B_layout_TILE.tensorbin of shape Shape([2048, 1, 32, 128])
2026-09-02 20:54:56.111 | DEBUG    | core:as_tensor:724 - Loaded cache for /localdev/gwang/tt_transformers/model_cache/llama33_70b/T3K/empty_kcache_paged_attention(2048, 1, 32, 128)_dtype_BFLOAT8_B_layout_TILE.tensorbin of shape Shape([2048, 1, 32, 128])
2026-09-02 20:54:56.114 | DEBUG    | core:as_tensor:724 - Loaded cache for /localdev/gwang/tt_transformers/model_cache/llama33_70b/T3K/empty_vcache_paged_attention(2048, 1, 32, 128)_dtype_BFLOAT8_B_layout_TILE.tensorbin of shape Shape([2048, 1, 32, 128])
2026-09-02 20:54:56.117 | DEBUG    | core:as_tensor:724 - Loaded cache for /localdev/gwang/tt_transformers/model_cache/llama33_70b/T3K/empty_kcache_paged_attention(2048, 1, 32, 128)_dtype_BFLOAT8_B_layout_TILE.tensorbin of shape Shape([2048, 1, 32, 128])
2026-09-02 20:54:56.120 | DEBUG    | core:as_tensor:724 - Loaded cache for /localdev/gwang/tt_transformers/model_cache/llama33_70b/T3K/empty_vcache_paged_attention(2048, 1, 32, 128)_dtype_BFLOAT8_B_layout_TILE.tensorbin of shape Shape([2048, 1, 32, 128])
2026-09-02 20:54:56.123 | DEBUG    | core:as_tensor:724 - Loaded cache for /localdev/gwang/tt_transformers/model_cache/llama33_70b/T3K/empty_kcache_paged_attention(2048, 1, 32, 128)_dtype_BFLOAT8_B_layout_TILE.tensorbin of shape Shape([2048, 1, 32, 128])
2026-09-02 20:54:56.127 | DEBUG    | core:as_tensor:724 - Loaded cache for /localdev/gwang/tt_transformers/model_cache/llama33_70b/T3K/empty_vcache_paged_attention(2048, 1, 32, 128)_dtype_BFLOAT8_B_layout_TILE.tensorbin of shape Shape([2048, 1, 32, 128])
2026-09-02 20:54:56.130 | DEBUG    | core:as_tensor:724 - Loaded cache for /localdev/gwang/tt_transformers/model_cache/llama33_70b/T3K/empty_kcache_paged_attention(2048, 1, 32, 128)_dtype_BFLOAT8_B_layout_TILE.tensorbin of shape Shape([2048, 1, 32, 128])
2026-09-02 20:54:56.133 | DEBUG    | core:as_tensor:724 - Loaded cache for /localdev/gwang/tt_transformers/model_cache/llama33_70b/T3K/empty_vcache_paged_attention(2048, 1, 32, 128)_dtype_BFLOAT8_B_layout_TILE.tensorbin of shape Shape([2048, 1, 32, 128])
2026-09-02 20:54:56.136 | DEBUG    | core:as_tensor:724 - Loaded cache for /localdev/gwang/tt_transformers/model_cache/llama33_70b/T3K/empty_kcache_paged_attention(2048, 1, 32, 128)_dtype_BFLOAT8_B_layout_TILE.tensorbin of shape Shape([2048, 1, 32, 128])
2026-09-02 20:54:56.139 | DEBUG    | core:as_tensor:724 - Loaded cache for /localdev/gwang/tt_transformers/model_cache/llama33_70b/T3K/empty_vcache_paged_attention(2048, 1, 32, 128)_dtype_BFLOAT8_B_layout_TILE.tensorbin of shape Shape([2048, 1, 32, 128])
2026-09-02 20:54:56.142 | DEBUG    | core:as_tensor:724 - Loaded cache for /localdev/gwang/tt_transformers/model_cache/llama33_70b/T3K/empty_kcache_paged_attention(2048, 1, 32, 128)_dtype_BFLOAT8_B_layout_TILE.tensorbin of shape Shape([2048, 1, 32, 128])
2026-09-02 20:54:56.146 | DEBUG    | core:as_tensor:724 - Loaded cache for /localdev/gwang/tt_transformers/model_cache/llama33_70b/T3K/empty_vcache_paged_attention(2048, 1, 32, 128)_dtype_BFLOAT8_B_layout_TILE.tensorbin of shape Shape([2048, 1, 32, 128])
2026-09-02 20:54:56.149 | DEBUG    | core:as_tensor:724 - Loaded cache for /localdev/gwang/tt_transformers/model_cache/llama33_70b/T3K/empty_kcache_paged_attention(2048, 1, 32, 128)_dtype_BFLOAT8_B_layout_TILE.tensorbin of shape Shape([2048, 1, 32, 128])
2026-09-02 20:54:56.152 | DEBUG    | core:as_tensor:724 - Loaded cache for /localdev/gwang/tt_transformers/model_cache/llama33_70b/T3K/empty_vcache_paged_attention(2048, 1, 32, 128)_dtype_BFLOAT8_B_layout_TILE.tensorbin of shape Shape([2048, 1, 32, 128])
2026-09-02 20:54:56.155 | DEBUG    | core:as_tensor:724 - Loaded cache for /localdev/gwang/tt_transformers/model_cache/llama33_70b/T3K/empty_kcache_paged_attention(2048, 1, 32, 128)_dtype_BFLOAT8_B_layout_TILE.tensorbin of shape Shape([2048, 1, 32, 128])
2026-09-02 20:54:56.158 | DEBUG    | core:as_tensor:724 - Loaded cache for /localdev/gwang/tt_transformers/model_cache/llama33_70b/T3K/empty_vcache_paged_attention(2048, 1, 32, 128)_dtype_BFLOAT8_B_layout_TILE.tensorbin of shape Shape([2048, 1, 32, 128])
2026-09-02 20:54:56.161 | DEBUG    | core:as_tensor:724 - Loaded cache for /localdev/gwang/tt_transformers/model_cache/llama33_70b/T3K/empty_kcache_paged_attention(2048, 1, 32, 128)_dtype_BFLOAT8_B_layout_TILE.tensorbin of shape Shape([2048, 1, 32, 128])
2026-09-02 20:54:56.164 | DEBUG    | core:as_tensor:724 - Loaded cache for /localdev/gwang/tt_transformers/model_cache/llama33_70b/T3K/empty_vcache_paged_attention(2048, 1, 32, 128)_dtype_BFLOAT8_B_layout_TILE.tensorbin of shape Shape([2048, 1, 32, 128])
2026-09-02 20:54:56.168 | DEBUG    | core:as_tensor:724 - Loaded cache for /localdev/gwang/tt_transformers/model_cache/llama33_70b/T3K/empty_kcache_paged_attention(2048, 1, 32, 128)_dtype_BFLOAT8_B_layout_TILE.tensorbin of shape Shape([2048, 1, 32, 128])
2026-09-02 20:54:56.171 | DEBUG    | core:as_tensor:724 - Loaded cache for /localdev/gwang/tt_transformers/model_cache/llama33_70b/T3K/empty_vcache_paged_attention(2048, 1, 32, 128)_dtype_BFLOAT8_B_layout_TILE.tensorbin of shape Shape([2048, 1, 32, 128])
2026-09-02 20:54:56.174 | DEBUG    | core:as_tensor:724 - Loaded cache for /localdev/gwang/tt_transformers/model_cache/llama33_70b/T3K/empty_kcache_paged_attention(2048, 1, 32, 128)_dtype_BFLOAT8_B_layout_TILE.tensorbin of shape Shape([2048, 1, 32, 128])
2026-09-02 20:54:56.177 | DEBUG    | core:as_tensor:724 - Loaded cache for /localdev/gwang/tt_transformers/model_cache/llama33_70b/T3K/empty_vcache_paged_attention(2048, 1, 32, 128)_dtype_BFLOAT8_B_layout_TILE.tensorbin of shape Shape([2048, 1, 32, 128])
2026-09-02 20:54:56.180 | DEBUG    | core:as_tensor:724 - Loaded cache for /localdev/gwang/tt_transformers/model_cache/llama33_70b/T3K/empty_kcache_paged_attention(2048, 1, 32, 128)_dtype_BFLOAT8_B_layout_TILE.tensorbin of shape Shape([2048, 1, 32, 128])
2026-09-02 20:54:56.183 | DEBUG    | core:as_tensor:724 - Loaded cache for /localdev/gwang/tt_transformers/model_cache/llama33_70b/T3K/empty_vcache_paged_attention(2048, 1, 32, 128)_dtype_BFLOAT8_B_layout_TILE.tensorbin of shape Shape([2048, 1, 32, 128])
2026-09-02 20:54:56.186 | DEBUG    | core:as_tensor:724 - Loaded cache for /localdev/gwang/tt_transformers/model_cache/llama33_70b/T3K/empty_kcache_paged_attention(2048, 1, 32, 128)_dtype_BFLOAT8_B_layout_TILE.tensorbin of shape Shape([2048, 1, 32, 128])
2026-09-02 20:54:56.189 | DEBUG    | core:as_tensor:724 - Loaded cache for /localdev/gwang/tt_transformers/model_cache/llama33_70b/T3K/empty_vcache_paged_attention(2048, 1, 32, 128)_dtype_BFLOAT8_B_layout_TILE.tensorbin of shape Shape([2048, 1, 32, 128])
2026-09-02 20:54:56.192 | DEBUG    | core:as_tensor:724 - Loaded cache for /localdev/gwang/tt_transformers/model_cache/llama33_70b/T3K/empty_kcache_paged_attention(2048, 1, 32, 128)_dtype_BFLOAT8_B_layout_TILE.tensorbin of shape Shape([2048, 1, 32, 128])
2026-09-02 20:54:56.195 | DEBUG    | core:as_tensor:724 - Loaded cache for /localdev/gwang/tt_transformers/model_cache/llama33_70b/T3K/empty_vcache_paged_attention(2048, 1, 32, 128)_dtype_BFLOAT8_B_layout_TILE.tensorbin of shape Shape([2048, 1, 32, 128])
2026-09-02 20:54:56.199 | DEBUG    | core:as_tensor:724 - Loaded cache for /localdev/gwang/tt_transformers/model_cache/llama33_70b/T3K/empty_kcache_paged_attention(2048, 1, 32, 128)_dtype_BFLOAT8_B_layout_TILE.tensorbin of shape Shape([2048, 1, 32, 128])
2026-09-02 20:54:56.202 | DEBUG    | core:as_tensor:724 - Loaded cache for /localdev/gwang/tt_transformers/model_cache/llama33_70b/T3K/empty_vcache_paged_attention(2048, 1, 32, 128)_dtype_BFLOAT8_B_layout_TILE.tensorbin of shape Shape([2048, 1, 32, 128])
2026-09-02 20:54:56.205 | DEBUG    | core:as_tensor:724 - Loaded cache for /localdev/gwang/tt_transformers/model_cache/llama33_70b/T3K/empty_kcache_paged_attention(2048, 1, 32, 128)_dtype_BFLOAT8_B_layout_TILE.tensorbin of shape Shape([2048, 1, 32, 128])
2026-09-02 20:54:56.208 | DEBUG    | core:as_tensor:724 - Loaded cache for /localdev/gwang/tt_transformers/model_cache/llama33_70b/T3K/empty_vcache_paged_attention(2048, 1, 32, 128)_dtype_BFLOAT8_B_layout_TILE.tensorbin of shape Shape([2048, 1, 32, 128])
2026-09-02 20:54:56.211 | DEBUG    | core:as_tensor:724 - Loaded cache for /localdev/gwang/tt_transformers/model_cache/llama33_70b/T3K/empty_kcache_paged_attention(2048, 1, 32, 128)_dtype_BFLOAT8_B_layout_TILE.tensorbin of shape Shape([2048, 1, 32, 128])
2026-09-02 20:54:56.214 | DEBUG    | core:as_tensor:724 - Loaded cache for /localdev/gwang/tt_transformers/model_cache/llama33_70b/T3K/empty_vcache_paged_attention(2048, 1, 32, 128)_dtype_BFLOAT8_B_layout_TILE.tensorbin of shape Shape([2048, 1, 32, 128])
2026-09-02 20:54:56.218 | DEBUG    | core:as_tensor:724 - Loaded cache for /localdev/gwang/tt_transformers/model_cache/llama33_70b/T3K/empty_kcache_paged_attention(2048, 1, 32, 128)_dtype_BFLOAT8_B_layout_TILE.tensorbin of shape Shape([2048, 1, 32, 128])
2026-09-02 20:54:56.221 | DEBUG    | core:as_tensor:724 - Loaded cache for /localdev/gwang/tt_transformers/model_cache/llama33_70b/T3K/empty_vcache_paged_attention(2048, 1, 32, 128)_dtype_BFLOAT8_B_layout_TILE.tensorbin of shape Shape([2048, 1, 32, 128])
2026-09-02 20:54:56.224 | DEBUG    | core:as_tensor:724 - Loaded cache for /localdev/gwang/tt_transformers/model_cache/llama33_70b/T3K/empty_kcache_paged_attention(2048, 1, 32, 128)_dtype_BFLOAT8_B_layout_TILE.tensorbin of shape Shape([2048, 1, 32, 128])
2026-09-02 20:54:56.227 | DEBUG    | core:as_tensor:724 - Loaded cache for /localdev/gwang/tt_transformers/model_cache/llama33_70b/T3K/empty_vcache_paged_attention(2048, 1, 32, 128)_dtype_BFLOAT8_B_layout_TILE.tensorbin of shape Shape([2048, 1, 32, 128])
2026-09-02 20:54:56.230 | DEBUG    | core:as_tensor:724 - Loaded cache for /localdev/gwang/tt_transformers/model_cache/llama33_70b/T3K/empty_kcache_paged_attention(2048, 1, 32, 128)_dtype_BFLOAT8_B_layout_TILE.tensorbin of shape Shape([2048, 1, 32, 128])
2026-09-02 20:54:56.233 | DEBUG    | core:as_tensor:724 - Loaded cache for /localdev/gwang/tt_transformers/model_cache/llama33_70b/T3K/empty_vcache_paged_attention(2048, 1, 32, 128)_dtype_BFLOAT8_B_layout_TILE.tensorbin of shape Shape([2048, 1, 32, 128])
2026-09-02 20:54:56.236 | DEBUG    | core:as_tensor:724 - Loaded cache for /localdev/gwang/tt_transformers/model_cache/llama33_70b/T3K/empty_kcache_paged_attention(2048, 1, 32, 128)_dtype_BFLOAT8_B_layout_TILE.tensorbin of shape Shape([2048, 1, 32, 128])
2026-09-02 20:54:56.239 | DEBUG    | core:as_tensor:724 - Loaded cache for /localdev/gwang/tt_transformers/model_cache/llama33_70b/T3K/empty_vcache_paged_attention(2048, 1, 32, 128)_dtype_BFLOAT8_B_layout_TILE.tensorbin of shape Shape([2048, 1, 32, 128])
2026-09-02 20:54:56.243 | DEBUG    | core:as_tensor:724 - Loaded cache for /localdev/gwang/tt_transformers/model_cache/llama33_70b/T3K/empty_kcache_paged_attention(2048, 1, 32, 128)_dtype_BFLOAT8_B_layout_TILE.tensorbin of shape Shape([2048, 1, 32, 128])
2026-09-02 20:54:56.246 | DEBUG    | core:as_tensor:724 - Loaded cache for /localdev/gwang/tt_transformers/model_cache/llama33_70b/T3K/empty_vcache_paged_attention(2048, 1, 32, 128)_dtype_BFLOAT8_B_layout_TILE.tensorbin of shape Shape([2048, 1, 32, 128])
2026-09-02 20:54:56.249 | DEBUG    | core:as_tensor:724 - Loaded cache for /localdev/gwang/tt_transformers/model_cache/llama33_70b/T3K/empty_kcache_paged_attention(2048, 1, 32, 128)_dtype_BFLOAT8_B_layout_TILE.tensorbin of shape Shape([2048, 1, 32, 128])
2026-09-02 20:54:56.252 | DEBUG    | core:as_tensor:724 - Loaded cache for /localdev/gwang/tt_transformers/model_cache/llama33_70b/T3K/empty_vcache_paged_attention(2048, 1, 32, 128)_dtype_BFLOAT8_B_layout_TILE.tensorbin of shape Shape([2048, 1, 32, 128])
2026-09-02 20:54:56.255 | DEBUG    | core:as_tensor:724 - Loaded cache for /localdev/gwang/tt_transformers/model_cache/llama33_70b/T3K/empty_kcache_paged_attention(2048, 1, 32, 128)_dtype_BFLOAT8_B_layout_TILE.tensorbin of shape Shape([2048, 1, 32, 128])
2026-09-02 20:54:56.258 | DEBUG    | core:as_tensor:724 - Loaded cache for /localdev/gwang/tt_transformers/model_cache/llama33_70b/T3K/empty_vcache_paged_attention(2048, 1, 32, 128)_dtype_BFLOAT8_B_layout_TILE.tensorbin of shape Shape([2048, 1, 32, 128])
2026-09-02 20:54:56.261 | DEBUG    | core:as_tensor:724 - Loaded cache for /localdev/gwang/tt_transformers/model_cache/llama33_70b/T3K/empty_kcache_paged_attention(2048, 1, 32, 128)_dtype_BFLOAT8_B_layout_TILE.tensorbin of shape Shape([2048, 1, 32, 128])
2026-09-02 20:54:56.265 | DEBUG    | core:as_tensor:724 - Loaded cache for /localdev/gwang/tt_transformers/model_cache/llama33_70b/T3K/empty_vcache_paged_attention(2048, 1, 32, 128)_dtype_BFLOAT8_B_layout_TILE.tensorbin of shape Shape([2048, 1, 32, 128])
2026-09-02 20:54:56.270 | DEBUG    | core:as_tensor:724 - Loaded cache for /localdev/gwang/tt_transformers/model_cache/llama33_70b/T3K/empty_kcache_paged_attention(2048, 1, 32, 128)_dtype_BFLOAT8_B_layout_TILE.tensorbin of shape Shape([2048, 1, 32, 128])
2026-09-02 20:54:56.273 | DEBUG    | core:as_tensor:724 - Loaded cache for /localdev/gwang/tt_transformers/model_cache/llama33_70b/T3K/empty_vcache_paged_attention(2048, 1, 32, 128)_dtype_BFLOAT8_B_layout_TILE.tensorbin of shape Shape([2048, 1, 32, 128])
2026-09-02 20:54:56.276 | DEBUG    | core:as_tensor:724 - Loaded cache for /localdev/gwang/tt_transformers/model_cache/llama33_70b/T3K/empty_kcache_paged_attention(2048, 1, 32, 128)_dtype_BFLOAT8_B_layout_TILE.tensorbin of shape Shape([2048, 1, 32, 128])
2026-09-02 20:54:56.280 | DEBUG    | core:as_tensor:724 - Loaded cache for /localdev/gwang/tt_transformers/model_cache/llama33_70b/T3K/empty_vcache_paged_attention(2048, 1, 32, 128)_dtype_BFLOAT8_B_layout_TILE.tensorbin of shape Shape([2048, 1, 32, 128])
2026-09-02 20:54:56.283 | DEBUG    | core:as_tensor:724 - Loaded cache for /localdev/gwang/tt_transformers/model_cache/llama33_70b/T3K/empty_kcache_paged_attention(2048, 1, 32, 128)_dtype_BFLOAT8_B_layout_TILE.tensorbin of shape Shape([2048, 1, 32, 128])
2026-09-02 20:54:56.286 | DEBUG    | core:as_tensor:724 - Loaded cache for /localdev/gwang/tt_transformers/model_cache/llama33_70b/T3K/empty_vcache_paged_attention(2048, 1, 32, 128)_dtype_BFLOAT8_B_layout_TILE.tensorbin of shape Shape([2048, 1, 32, 128])
2026-09-02 20:54:56.289 | DEBUG    | core:as_tensor:724 - Loaded cache for /localdev/gwang/tt_transformers/model_cache/llama33_70b/T3K/empty_kcache_paged_attention(2048, 1, 32, 128)_dtype_BFLOAT8_B_layout_TILE.tensorbin of shape Shape([2048, 1, 32, 128])
2026-09-02 20:54:56.292 | DEBUG    | core:as_tensor:724 - Loaded cache for /localdev/gwang/tt_transformers/model_cache/llama33_70b/T3K/empty_vcache_paged_attention(2048, 1, 32, 128)_dtype_BFLOAT8_B_layout_TILE.tensorbin of shape Shape([2048, 1, 32, 128])
2026-09-02 20:54:56.295 | DEBUG    | core:as_tensor:724 - Loaded cache for /localdev/gwang/tt_transformers/model_cache/llama33_70b/T3K/empty_kcache_paged_attention(2048, 1, 32, 128)_dtype_BFLOAT8_B_layout_TILE.tensorbin of shape Shape([2048, 1, 32, 128])
2026-09-02 20:54:56.299 | DEBUG    | core:as_tensor:724 - Loaded cache for /localdev/gwang/tt_transformers/model_cache/llama33_70b/T3K/empty_vcache_paged_attention(2048, 1, 32, 128)_dtype_BFLOAT8_B_layout_TILE.tensorbin of shape Shape([2048, 1, 32, 128])
2026-09-02 20:54:56.302 | DEBUG    | core:as_tensor:724 - Loaded cache for /localdev/gwang/tt_transformers/model_cache/llama33_70b/T3K/empty_kcache_paged_attention(2048, 1, 32, 128)_dtype_BFLOAT8_B_layout_TILE.tensorbin of shape Shape([2048, 1, 32, 128])
2026-09-02 20:54:56.305 | DEBUG    | core:as_tensor:724 - Loaded cache for /localdev/gwang/tt_transformers/model_cache/llama33_70b/T3K/empty_vcache_paged_attention(2048, 1, 32, 128)_dtype_BFLOAT8_B_layout_TILE.tensorbin of shape Shape([2048, 1, 32, 128])
2026-09-02 20:54:56.308 | DEBUG    | core:as_tensor:724 - Loaded cache for /localdev/gwang/tt_transformers/model_cache/llama33_70b/T3K/empty_kcache_paged_attention(2048, 1, 32, 128)_dtype_BFLOAT8_B_layout_TILE.tensorbin of shape Shape([2048, 1, 32, 128])
2026-09-02 20:54:56.311 | DEBUG    | core:as_tensor:724 - Loaded cache for /localdev/gwang/tt_transformers/model_cache/llama33_70b/T3K/empty_vcache_paged_attention(2048, 1, 32, 128)_dtype_BFLOAT8_B_layout_TILE.tensorbin of shape Shape([2048, 1, 32, 128])
2026-09-02 20:54:56.314 | DEBUG    | core:as_tensor:724 - Loaded cache for /localdev/gwang/tt_transformers/model_cache/llama33_70b/T3K/empty_kcache_paged_attention(2048, 1, 32, 128)_dtype_BFLOAT8_B_layout_TILE.tensorbin of shape Shape([2048, 1, 32, 128])
2026-09-02 20:54:56.317 | DEBUG    | core:as_tensor:724 - Loaded cache for /localdev/gwang/tt_transformers/model_cache/llama33_70b/T3K/empty_vcache_paged_attention(2048, 1, 32, 128)_dtype_BFLOAT8_B_layout_TILE.tensorbin of shape Shape([2048, 1, 32, 128])
2026-09-02 20:54:56.320 | DEBUG    | core:as_tensor:724 - Loaded cache for /localdev/gwang/tt_transformers/model_cache/llama33_70b/T3K/empty_kcache_paged_attention(2048, 1, 32, 128)_dtype_BFLOAT8_B_layout_TILE.tensorbin of shape Shape([2048, 1, 32, 128])
2026-09-02 20:54:56.323 | DEBUG    | core:as_tensor:724 - Loaded cache for /localdev/gwang/tt_transformers/model_cache/llama33_70b/T3K/empty_vcache_paged_attention(2048, 1, 32, 128)_dtype_BFLOAT8_B_layout_TILE.tensorbin of shape Shape([2048, 1, 32, 128])
2026-09-02 20:54:56.327 | DEBUG    | core:as_tensor:724 - Loaded cache for /localdev/gwang/tt_transformers/model_cache/llama33_70b/T3K/empty_kcache_paged_attention(2048, 1, 32, 128)_dtype_BFLOAT8_B_layout_TILE.tensorbin of shape Shape([2048, 1, 32, 128])
2026-09-02 20:54:56.330 | DEBUG    | core:as_tensor:724 - Loaded cache for /localdev/gwang/tt_transformers/model_cache/llama33_70b/T3K/empty_vcache_paged_attention(2048, 1, 32, 128)_dtype_BFLOAT8_B_layout_TILE.tensorbin of shape Shape([2048, 1, 32, 128])
2026-09-02 20:54:56.333 | DEBUG    | core:as_tensor:724 - Loaded cache for /localdev/gwang/tt_transformers/model_cache/llama33_70b/T3K/empty_kcache_paged_attention(2048, 1, 32, 128)_dtype_BFLOAT8_B_layout_TILE.tensorbin of shape Shape([2048, 1, 32, 128])
2026-09-02 20:54:56.336 | DEBUG    | core:as_tensor:724 - Loaded cache for /localdev/gwang/tt_transformers/model_cache/llama33_70b/T3K/empty_vcache_paged_attention(2048, 1, 32, 128)_dtype_BFLOAT8_B_layout_TILE.tensorbin of shape Shape([2048, 1, 32, 128])
2026-09-02 20:54:56.339 | DEBUG    | core:as_tensor:724 - Loaded cache for /localdev/gwang/tt_transformers/model_cache/llama33_70b/T3K/empty_kcache_paged_attention(2048, 1, 32, 128)_dtype_BFLOAT8_B_layout_TILE.tensorbin of shape Shape([2048, 1, 32, 128])
2026-09-02 20:54:56.342 | DEBUG    | core:as_tensor:724 - Loaded cache for /localdev/gwang/tt_transformers/model_cache/llama33_70b/T3K/empty_vcache_paged_attention(2048, 1, 32, 128)_dtype_BFLOAT8_B_layout_TILE.tensorbin of shape Shape([2048, 1, 32, 128])
2026-09-02 20:54:56.345 | DEBUG    | core:as_tensor:724 - Loaded cache for /localdev/gwang/tt_transformers/model_cache/llama33_70b/T3K/empty_kcache_paged_attention(2048, 1, 32, 128)_dtype_BFLOAT8_B_layout_TILE.tensorbin of shape Shape([2048, 1, 32, 128])
2026-09-02 20:54:56.349 | DEBUG    | core:as_tensor:724 - Loaded cache for /localdev/gwang/tt_transformers/model_cache/llama33_70b/T3K/empty_vcache_paged_attention(2048, 1, 32, 128)_dtype_BFLOAT8_B_layout_TILE.tensorbin of shape Shape([2048, 1, 32, 128])
2026-09-02 20:54:56.352 | DEBUG    | core:as_tensor:724 - Loaded cache for /localdev/gwang/tt_transformers/model_cache/llama33_70b/T3K/empty_kcache_paged_attention(2048, 1, 32, 128)_dtype_BFLOAT8_B_layout_TILE.tensorbin of shape Shape([2048, 1, 32, 128])
2026-09-02 20:54:56.355 | DEBUG    | core:as_tensor:724 - Loaded cache for /localdev/gwang/tt_transformers/model_cache/llama33_70b/T3K/empty_vcache_paged_attention(2048, 1, 32, 128)_dtype_BFLOAT8_B_layout_TILE.tensorbin of shape Shape([2048, 1, 32, 128])
2026-09-02 20:54:56.358 | DEBUG    | core:as_tensor:724 - Loaded cache for /localdev/gwang/tt_transformers/model_cache/llama33_70b/T3K/empty_kcache_paged_attention(2048, 1, 32, 128)_dtype_BFLOAT8_B_layout_TILE.tensorbin of shape Shape([2048, 1, 32, 128])
2026-09-02 20:54:56.361 | DEBUG    | core:as_tensor:724 - Loaded cache for /localdev/gwang/tt_transformers/model_cache/llama33_70b/T3K/empty_vcache_paged_attention(2048, 1, 32, 128)_dtype_BFLOAT8_B_layout_TILE.tensorbin of shape Shape([2048, 1, 32, 128])
2026-09-02 20:54:56.364 | DEBUG    | core:as_tensor:724 - Loaded cache for /localdev/gwang/tt_transformers/model_cache/llama33_70b/T3K/empty_kcache_paged_attention(2048, 1, 32, 128)_dtype_BFLOAT8_B_layout_TILE.tensorbin of shape Shape([2048, 1, 32, 128])
2026-09-02 20:54:56.368 | DEBUG    | core:as_tensor:724 - Loaded cache for /localdev/gwang/tt_transformers/model_cache/llama33_70b/T3K/empty_vcache_paged_attention(2048, 1, 32, 128)_dtype_BFLOAT8_B_layout_TILE.tensorbin of shape Shape([2048, 1, 32, 128])
2026-09-02 20:55:02.488 | DEBUG    | core:as_tensor:724 - Loaded cache for /localdev/gwang/tt_transformers/model_cache/llama33_70b/T3K/empty_kcache_paged_attention(2048, 1, 32, 128)_dtype_BFLOAT8_B_layout_TILE.tensorbin of shape Shape([2048, 1, 32, 128])
2026-09-02 20:55:02.491 | DEBUG    | core:as_tensor:724 - Loaded cache for /localdev/gwang/tt_transformers/model_cache/llama33_70b/T3K/empty_vcache_paged_attention(2048, 1, 32, 128)_dtype_BFLOAT8_B_layout_TILE.tensorbin of shape Shape([2048, 1, 32, 128])
2026-09-02 20:55:02.494 | DEBUG    | core:as_tensor:724 - Loaded cache for /localdev/gwang/tt_transformers/model_cache/llama33_70b/T3K/empty_kcache_paged_attention(2048, 1, 32, 128)_dtype_BFLOAT8_B_layout_TILE.tensorbin of shape Shape([2048, 1, 32, 128])
2026-09-02 20:55:02.497 | DEBUG    | core:as_tensor:724 - Loaded cache for /localdev/gwang/tt_transformers/model_cache/llama33_70b/T3K/empty_vcache_paged_attention(2048, 1, 32, 128)_dtype_BFLOAT8_B_layout_TILE.tensorbin of shape Shape([2048, 1, 32, 128])
2026-09-02 20:55:02.500 | DEBUG    | core:as_tensor:724 - Loaded cache for /localdev/gwang/tt_transformers/model_cache/llama33_70b/T3K/empty_kcache_paged_attention(2048, 1, 32, 128)_dtype_BFLOAT8_B_layout_TILE.tensorbin of shape Shape([2048, 1, 32, 128])
2026-09-02 20:55:02.503 | DEBUG    | core:as_tensor:724 - Loaded cache for /localdev/gwang/tt_transformers/model_cache/llama33_70b/T3K/empty_vcache_paged_attention(2048, 1, 32, 128)_dtype_BFLOAT8_B_layout_TILE.tensorbin of shape Shape([2048, 1, 32, 128])
2026-09-02 20:55:02.506 | DEBUG    | core:as_tensor:724 - Loaded cache for /localdev/gwang/tt_transformers/model_cache/llama33_70b/T3K/empty_kcache_paged_attention(2048, 1, 32, 128)_dtype_BFLOAT8_B_layout_TILE.tensorbin of shape Shape([2048, 1, 32, 128])
2026-09-02 20:55:02.509 | DEBUG    | core:as_tensor:724 - Loaded cache for /localdev/gwang/tt_transformers/model_cache/llama33_70b/T3K/empty_vcache_paged_attention(2048, 1, 32, 128)_dtype_BFLOAT8_B_layout_TILE.tensorbin of shape Shape([2048, 1, 32, 128])
2026-09-02 20:55:02.512 | DEBUG    | core:as_tensor:724 - Loaded cache for /localdev/gwang/tt_transformers/model_cache/llama33_70b/T3K/empty_kcache_paged_attention(2048, 1, 32, 128)_dtype_BFLOAT8_B_layout_TILE.tensorbin of shape Shape([2048, 1, 32, 128])
2026-09-02 20:55:02.515 | DEBUG    | core:as_tensor:724 - Loaded cache for /localdev/gwang/tt_transformers/model_cache/llama33_70b/T3K/empty_vcache_paged_attention(2048, 1, 32, 128)_dtype_BFLOAT8_B_layout_TILE.tensorbin of shape Shape([2048, 1, 32, 128])
2026-09-02 20:55:02.519 | DEBUG    | core:as_tensor:724 - Loaded cache for /localdev/gwang/tt_transformers/model_cache/llama33_70b/T3K/empty_kcache_paged_attention(2048, 1, 32, 128)_dtype_BFLOAT8_B_layout_TILE.tensorbin of shape Shape([2048, 1, 32, 128])
2026-09-02 20:55:02.522 | DEBUG    | core:as_tensor:724 - Loaded cache for /localdev/gwang/tt_transformers/model_cache/llama33_70b/T3K/empty_vcache_paged_attention(2048, 1, 32, 128)_dtype_BFLOAT8_B_layout_TILE.tensorbin of shape Shape([2048, 1, 32, 128])
2026-09-02 20:55:02.525 | DEBUG    | core:as_tensor:724 - Loaded cache for /localdev/gwang/tt_transformers/model_cache/llama33_70b/T3K/empty_kcache_paged_attention(2048, 1, 32, 128)_dtype_BFLOAT8_B_layout_TILE.tensorbin of shape Shape([2048, 1, 32, 128])
2026-09-02 20:55:02.528 | DEBUG    | core:as_tensor:724 - Loaded cache for /localdev/gwang/tt_transformers/model_cache/llama33_70b/T3K/empty_vcache_paged_attention(2048, 1, 32, 128)_dtype_BFLOAT8_B_layout_TILE.tensorbin of shape Shape([2048, 1, 32, 128])
2026-09-02 20:55:02.531 | DEBUG    | core:as_tensor:724 - Loaded cache for /localdev/gwang/tt_transformers/model_cache/llama33_70b/T3K/empty_kcache_paged_attention(2048, 1, 32, 128)_dtype_BFLOAT8_B_layout_TILE.tensorbin of shape Shape([2048, 1, 32, 128])
2026-09-02 20:55:02.534 | DEBUG    | core:as_tensor:724 - Loaded cache for /localdev/gwang/tt_transformers/model_cache/llama33_70b/T3K/empty_vcache_paged_attention(2048, 1, 32, 128)_dtype_BFLOAT8_B_layout_TILE.tensorbin of shape Shape([2048, 1, 32, 128])
2026-09-02 20:55:02.537 | DEBUG    | core:as_tensor:724 - Loaded cache for /localdev/gwang/tt_transformers/model_cache/llama33_70b/T3K/empty_kcache_paged_attention(2048, 1, 32, 128)_dtype_BFLOAT8_B_layout_TILE.tensorbin of shape Shape([2048, 1, 32, 128])
2026-09-02 20:55:02.540 | DEBUG    | core:as_tensor:724 - Loaded cache for /localdev/gwang/tt_transformers/model_cache/llama33_70b/T3K/empty_vcache_paged_attention(2048, 1, 32, 128)_dtype_BFLOAT8_B_layout_TILE.tensorbin of shape Shape([2048, 1, 32, 128])
2026-09-02 20:55:02.543 | DEBUG    | core:as_tensor:724 - Loaded cache for /localdev/gwang/tt_transformers/model_cache/llama33_70b/T3K/empty_kcache_paged_attention(2048, 1, 32, 128)_dtype_BFLOAT8_B_layout_TILE.tensorbin of shape Shape([2048, 1, 32, 128])
2026-09-02 20:55:02.546 | DEBUG    | core:as_tensor:724 - Loaded cache for /localdev/gwang/tt_transformers/model_cache/llama33_70b/T3K/empty_vcache_paged_attention(2048, 1, 32, 128)_dtype_BFLOAT8_B_layout_TILE.tensorbin of shape Shape([2048, 1, 32, 128])
2026-09-02 20:55:02.549 | DEBUG    | core:as_tensor:724 - Loaded cache for /localdev/gwang/tt_transformers/model_cache/llama33_70b/T3K/empty_kcache_paged_attention(2048, 1, 32, 128)_dtype_BFLOAT8_B_layout_TILE.tensorbin of shape Shape([2048, 1, 32, 128])
2026-09-02 20:55:02.552 | DEBUG    | core:as_tensor:724 - Loaded cache for /localdev/gwang/tt_transformers/model_cache/llama33_70b/T3K/empty_vcache_paged_attention(2048, 1, 32, 128)_dtype_BFLOAT8_B_layout_TILE.tensorbin of shape Shape([2048, 1, 32, 128])
2026-09-02 20:55:02.555 | DEBUG    | core:as_tensor:724 - Loaded cache for /localdev/gwang/tt_transformers/model_cache/llama33_70b/T3K/empty_kcache_paged_attention(2048, 1, 32, 128)_dtype_BFLOAT8_B_layout_TILE.tensorbin of shape Shape([2048, 1, 32, 128])
2026-09-02 20:55:02.559 | DEBUG    | core:as_tensor:724 - Loaded cache for /localdev/gwang/tt_transformers/model_cache/llama33_70b/T3K/empty_vcache_paged_attention(2048, 1, 32, 128)_dtype_BFLOAT8_B_layout_TILE.tensorbin of shape Shape([2048, 1, 32, 128])
2026-09-02 20:55:02.562 | DEBUG    | core:as_tensor:724 - Loaded cache for /localdev/gwang/tt_transformers/model_cache/llama33_70b/T3K/empty_kcache_paged_attention(2048, 1, 32, 128)_dtype_BFLOAT8_B_layout_TILE.tensorbin of shape Shape([2048, 1, 32, 128])
2026-09-02 20:55:02.565 | DEBUG    | core:as_tensor:724 - Loaded cache for /localdev/gwang/tt_transformers/model_cache/llama33_70b/T3K/empty_vcache_paged_attention(2048, 1, 32, 128)_dtype_BFLOAT8_B_layout_TILE.tensorbin of shape Shape([2048, 1, 32, 128])
2026-09-02 20:55:02.568 | DEBUG    | core:as_tensor:724 - Loaded cache for /localdev/gwang/tt_transformers/model_cache/llama33_70b/T3K/empty_kcache_paged_attention(2048, 1, 32, 128)_dtype_BFLOAT8_B_layout_TILE.tensorbin of shape Shape([2048, 1, 32, 128])
2026-09-02 20:55:02.571 | DEBUG    | core:as_tensor:724 - Loaded cache for /localdev/gwang/tt_transformers/model_cache/llama33_70b/T3K/empty_vcache_paged_attention(2048, 1, 32, 128)_dtype_BFLOAT8_B_layout_TILE.tensorbin of shape Shape([2048, 1, 32, 128])
2026-09-02 20:55:02.574 | DEBUG    | core:as_tensor:724 - Loaded cache for /localdev/gwang/tt_transformers/model_cache/llama33_70b/T3K/empty_kcache_paged_attention(2048, 1, 32, 128)_dtype_BFLOAT8_B_layout_TILE.tensorbin of shape Shape([2048, 1, 32, 128])
2026-09-02 20:55:02.577 | DEBUG    | core:as_tensor:724 - Loaded cache for /localdev/gwang/tt_transformers/model_cache/llama33_70b/T3K/empty_vcache_paged_attention(2048, 1, 32, 128)_dtype_BFLOAT8_B_layout_TILE.tensorbin of shape Shape([2048, 1, 32, 128])
2026-09-02 20:55:02.580 | DEBUG    | core:as_tensor:724 - Loaded cache for /localdev/gwang/tt_transformers/model_cache/llama33_70b/T3K/empty_kcache_paged_attention(2048, 1, 32, 128)_dtype_BFLOAT8_B_layout_TILE.tensorbin of shape Shape([2048, 1, 32, 128])
2026-09-02 20:55:02.583 | DEBUG    | core:as_tensor:724 - Loaded cache for /localdev/gwang/tt_transformers/model_cache/llama33_70b/T3K/empty_vcache_paged_attention(2048, 1, 32, 128)_dtype_BFLOAT8_B_layout_TILE.tensorbin of shape Shape([2048, 1, 32, 128])
2026-09-02 20:55:02.586 | DEBUG    | core:as_tensor:724 - Loaded cache for /localdev/gwang/tt_transformers/model_cache/llama33_70b/T3K/empty_kcache_paged_attention(2048, 1, 32, 128)_dtype_BFLOAT8_B_layout_TILE.tensorbin of shape Shape([2048, 1, 32, 128])
2026-09-02 20:55:02.589 | DEBUG    | core:as_tensor:724 - Loaded cache for /localdev/gwang/tt_transformers/model_cache/llama33_70b/T3K/empty_vcache_paged_attention(2048, 1, 32, 128)_dtype_BFLOAT8_B_layout_TILE.tensorbin of shape Shape([2048, 1, 32, 128])
2026-09-02 20:55:02.592 | DEBUG    | core:as_tensor:724 - Loaded cache for /localdev/gwang/tt_transformers/model_cache/llama33_70b/T3K/empty_kcache_paged_attention(2048, 1, 32, 128)_dtype_BFLOAT8_B_layout_TILE.tensorbin of shape Shape([2048, 1, 32, 128])
2026-09-02 20:55:02.595 | DEBUG    | core:as_tensor:724 - Loaded cache for /localdev/gwang/tt_transformers/model_cache/llama33_70b/T3K/empty_vcache_paged_attention(2048, 1, 32, 128)_dtype_BFLOAT8_B_layout_TILE.tensorbin of shape Shape([2048, 1, 32, 128])
2026-09-02 20:55:02.598 | DEBUG    | core:as_tensor:724 - Loaded cache for /localdev/gwang/tt_transformers/model_cache/llama33_70b/T3K/empty_kcache_paged_attention(2048, 1, 32, 128)_dtype_BFLOAT8_B_layout_TILE.tensorbin of shape Shape([2048, 1, 32, 128])
2026-09-02 20:55:02.601 | DEBUG    | core:as_tensor:724 - Loaded cache for /localdev/gwang/tt_transformers/model_cache/llama33_70b/T3K/empty_vcache_paged_attention(2048, 1, 32, 128)_dtype_BFLOAT8_B_layout_TILE.tensorbin of shape Shape([2048, 1, 32, 128])
2026-09-02 20:55:02.604 | DEBUG    | core:as_tensor:724 - Loaded cache for /localdev/gwang/tt_transformers/model_cache/llama33_70b/T3K/empty_kcache_paged_attention(2048, 1, 32, 128)_dtype_BFLOAT8_B_layout_TILE.tensorbin of shape Shape([2048, 1, 32, 128])
2026-09-02 20:55:02.607 | DEBUG    | core:as_tensor:724 - Loaded cache for /localdev/gwang/tt_transformers/model_cache/llama33_70b/T3K/empty_vcache_paged_attention(2048, 1, 32, 128)_dtype_BFLOAT8_B_layout_TILE.tensorbin of shape Shape([2048, 1, 32, 128])
2026-09-02 20:55:02.610 | DEBUG    | core:as_tensor:724 - Loaded cache for /localdev/gwang/tt_transformers/model_cache/llama33_70b/T3K/empty_kcache_paged_attention(2048, 1, 32, 128)_dtype_BFLOAT8_B_layout_TILE.tensorbin of shape Shape([2048, 1, 32, 128])
2026-09-02 20:55:02.614 | DEBUG    | core:as_tensor:724 - Loaded cache for /localdev/gwang/tt_transformers/model_cache/llama33_70b/T3K/empty_vcache_paged_attention(2048, 1, 32, 128)_dtype_BFLOAT8_B_layout_TILE.tensorbin of shape Shape([2048, 1, 32, 128])
2026-09-02 20:55:02.617 | DEBUG    | core:as_tensor:724 - Loaded cache for /localdev/gwang/tt_transformers/model_cache/llama33_70b/T3K/empty_kcache_paged_attention(2048, 1, 32, 128)_dtype_BFLOAT8_B_layout_TILE.tensorbin of shape Shape([2048, 1, 32, 128])
2026-09-02 20:55:02.620 | DEBUG    | core:as_tensor:724 - Loaded cache for /localdev/gwang/tt_transformers/model_cache/llama33_70b/T3K/empty_vcache_paged_attention(2048, 1, 32, 128)_dtype_BFLOAT8_B_layout_TILE.tensorbin of shape Shape([2048, 1, 32, 128])
2026-09-02 20:55:02.623 | DEBUG    | core:as_tensor:724 - Loaded cache for /localdev/gwang/tt_transformers/model_cache/llama33_70b/T3K/empty_kcache_paged_attention(2048, 1, 32, 128)_dtype_BFLOAT8_B_layout_TILE.tensorbin of shape Shape([2048, 1, 32, 128])
2026-09-02 20:55:02.626 | DEBUG    | core:as_tensor:724 - Loaded cache for /localdev/gwang/tt_transformers/model_cache/llama33_70b/T3K/empty_vcache_paged_attention(2048, 1, 32, 128)_dtype_BFLOAT8_B_layout_TILE.tensorbin of shape Shape([2048, 1, 32, 128])
2026-09-02 20:55:02.629 | DEBUG    | core:as_tensor:724 - Loaded cache for /localdev/gwang/tt_transformers/model_cache/llama33_70b/T3K/empty_kcache_paged_attention(2048, 1, 32, 128)_dtype_BFLOAT8_B_layout_TILE.tensorbin of shape Shape([2048, 1, 32, 128])
2026-09-02 20:55:02.632 | DEBUG    | core:as_tensor:724 - Loaded cache for /localdev/gwang/tt_transformers/model_cache/llama33_70b/T3K/empty_vcache_paged_attention(2048, 1, 32, 128)_dtype_BFLOAT8_B_layout_TILE.tensorbin of shape Shape([2048, 1, 32, 128])
2026-09-02 20:55:02.635 | DEBUG    | core:as_tensor:724 - Loaded cache for /localdev/gwang/tt_transformers/model_cache/llama33_70b/T3K/empty_kcache_paged_attention(2048, 1, 32, 128)_dtype_BFLOAT8_B_layout_TILE.tensorbin of shape Shape([2048, 1, 32, 128])
2026-09-02 20:55:02.638 | DEBUG    | core:as_tensor:724 - Loaded cache for /localdev/gwang/tt_transformers/model_cache/llama33_70b/T3K/empty_vcache_paged_attention(2048, 1, 32, 128)_dtype_BFLOAT8_B_layout_TILE.tensorbin of shape Shape([2048, 1, 32, 128])
2026-09-02 20:55:02.641 | DEBUG    | core:as_tensor:724 - Loaded cache for /localdev/gwang/tt_transformers/model_cache/llama33_70b/T3K/empty_kcache_paged_attention(2048, 1, 32, 128)_dtype_BFLOAT8_B_layout_TILE.tensorbin of shape Shape([2048, 1, 32, 128])
2026-09-02 20:55:02.644 | DEBUG    | core:as_tensor:724 - Loaded cache for /localdev/gwang/tt_transformers/model_cache/llama33_70b/T3K/empty_vcache_paged_attention(2048, 1, 32, 128)_dtype_BFLOAT8_B_layout_TILE.tensorbin of shape Shape([2048, 1, 32, 128])
2026-09-02 20:55:02.647 | DEBUG    | core:as_tensor:724 - Loaded cache for /localdev/gwang/tt_transformers/model_cache/llama33_70b/T3K/empty_kcache_paged_attention(2048, 1, 32, 128)_dtype_BFLOAT8_B_layout_TILE.tensorbin of shape Shape([2048, 1, 32, 128])
2026-09-02 20:55:02.650 | DEBUG    | core:as_tensor:724 - Loaded cache for /localdev/gwang/tt_transformers/model_cache/llama33_70b/T3K/empty_vcache_paged_attention(2048, 1, 32, 128)_dtype_BFLOAT8_B_layout_TILE.tensorbin of shape Shape([2048, 1, 32, 128])
2026-09-02 20:55:02.654 | DEBUG    | core:as_tensor:724 - Loaded cache for /localdev/gwang/tt_transformers/model_cache/llama33_70b/T3K/empty_kcache_paged_attention(2048, 1, 32, 128)_dtype_BFLOAT8_B_layout_TILE.tensorbin of shape Shape([2048, 1, 32, 128])
2026-09-02 20:55:02.657 | DEBUG    | core:as_tensor:724 - Loaded cache for /localdev/gwang/tt_transformers/model_cache/llama33_70b/T3K/empty_vcache_paged_attention(2048, 1, 32, 128)_dtype_BFLOAT8_B_layout_TILE.tensorbin of shape Shape([2048, 1, 32, 128])
2026-09-02 20:55:02.660 | DEBUG    | core:as_tensor:724 - Loaded cache for /localdev/gwang/tt_transformers/model_cache/llama33_70b/T3K/empty_kcache_paged_attention(2048, 1, 32, 128)_dtype_BFLOAT8_B_layout_TILE.tensorbin of shape Shape([2048, 1, 32, 128])
2026-09-02 20:55:02.663 | DEBUG    | core:as_tensor:724 - Loaded cache for /localdev/gwang/tt_transformers/model_cache/llama33_70b/T3K/empty_vcache_paged_attention(2048, 1, 32, 128)_dtype_BFLOAT8_B_layout_TILE.tensorbin of shape Shape([2048, 1, 32, 128])
2026-09-02 20:55:02.666 | DEBUG    | core:as_tensor:724 - Loaded cache for /localdev/gwang/tt_transformers/model_cache/llama33_70b/T3K/empty_kcache_paged_attention(2048, 1, 32, 128)_dtype_BFLOAT8_B_layout_TILE.tensorbin of shape Shape([2048, 1, 32, 128])
2026-09-02 20:55:02.669 | DEBUG    | core:as_tensor:724 - Loaded cache for /localdev/gwang/tt_transformers/model_cache/llama33_70b/T3K/empty_vcache_paged_attention(2048, 1, 32, 128)_dtype_BFLOAT8_B_layout_TILE.tensorbin of shape Shape([2048, 1, 32, 128])
2026-09-02 20:55:02.672 | DEBUG    | core:as_tensor:724 - Loaded cache for /localdev/gwang/tt_transformers/model_cache/llama33_70b/T3K/empty_kcache_paged_attention(2048, 1, 32, 128)_dtype_BFLOAT8_B_layout_TILE.tensorbin of shape Shape([2048, 1, 32, 128])
2026-09-02 20:55:02.675 | DEBUG    | core:as_tensor:724 - Loaded cache for /localdev/gwang/tt_transformers/model_cache/llama33_70b/T3K/empty_vcache_paged_attention(2048, 1, 32, 128)_dtype_BFLOAT8_B_layout_TILE.tensorbin of shape Shape([2048, 1, 32, 128])
2026-09-02 20:55:02.678 | DEBUG    | core:as_tensor:724 - Loaded cache for /localdev/gwang/tt_transformers/model_cache/llama33_70b/T3K/empty_kcache_paged_attention(2048, 1, 32, 128)_dtype_BFLOAT8_B_layout_TILE.tensorbin of shape Shape([2048, 1, 32, 128])
2026-09-02 20:55:02.682 | DEBUG    | core:as_tensor:724 - Loaded cache for /localdev/gwang/tt_transformers/model_cache/llama33_70b/T3K/empty_vcache_paged_attention(2048, 1, 32, 128)_dtype_BFLOAT8_B_layout_TILE.tensorbin of shape Shape([2048, 1, 32, 128])
2026-09-02 20:55:02.685 | DEBUG    | core:as_tensor:724 - Loaded cache for /localdev/gwang/tt_transformers/model_cache/llama33_70b/T3K/empty_kcache_paged_attention(2048, 1, 32, 128)_dtype_BFLOAT8_B_layout_TILE.tensorbin of shape Shape([2048, 1, 32, 128])
2026-09-02 20:55:02.688 | DEBUG    | core:as_tensor:724 - Loaded cache for /localdev/gwang/tt_transformers/model_cache/llama33_70b/T3K/empty_vcache_paged_attention(2048, 1, 32, 128)_dtype_BFLOAT8_B_layout_TILE.tensorbin of shape Shape([2048, 1, 32, 128])
2026-09-02 20:55:02.691 | DEBUG    | core:as_tensor:724 - Loaded cache for /localdev/gwang/tt_transformers/model_cache/llama33_70b/T3K/empty_kcache_paged_attention(2048, 1, 32, 128)_dtype_BFLOAT8_B_layout_TILE.tensorbin of shape Shape([2048, 1, 32, 128])
2026-09-02 20:55:02.694 | DEBUG    | core:as_tensor:724 - Loaded cache for /localdev/gwang/tt_transformers/model_cache/llama33_70b/T3K/empty_vcache_paged_attention(2048, 1, 32, 128)_dtype_BFLOAT8_B_layout_TILE.tensorbin of shape Shape([2048, 1, 32, 128])
2026-09-02 20:55:02.697 | DEBUG    | core:as_tensor:724 - Loaded cache for /localdev/gwang/tt_transformers/model_cache/llama33_70b/T3K/empty_kcache_paged_attention(2048, 1, 32, 128)_dtype_BFLOAT8_B_layout_TILE.tensorbin of shape Shape([2048, 1, 32, 128])
2026-09-02 20:55:02.700 | DEBUG    | core:as_tensor:724 - Loaded cache for /localdev/gwang/tt_transformers/model_cache/llama33_70b/T3K/empty_vcache_paged_attention(2048, 1, 32, 128)_dtype_BFLOAT8_B_layout_TILE.tensorbin of shape Shape([2048, 1, 32, 128])
2026-09-02 20:55:02.703 | DEBUG    | core:as_tensor:724 - Loaded cache for /localdev/gwang/tt_transformers/model_cache/llama33_70b/T3K/empty_kcache_paged_attention(2048, 1, 32, 128)_dtype_BFLOAT8_B_layout_TILE.tensorbin of shape Shape([2048, 1, 32, 128])
2026-09-02 20:55:02.706 | DEBUG    | core:as_tensor:724 - Loaded cache for /localdev/gwang/tt_transformers/model_cache/llama33_70b/T3K/empty_vcache_paged_attention(2048, 1, 32, 128)_dtype_BFLOAT8_B_layout_TILE.tensorbin of shape Shape([2048, 1, 32, 128])
2026-09-02 20:55:02.709 | DEBUG    | core:as_tensor:724 - Loaded cache for /localdev/gwang/tt_transformers/model_cache/llama33_70b/T3K/empty_kcache_paged_attention(2048, 1, 32, 128)_dtype_BFLOAT8_B_layout_TILE.tensorbin of shape Shape([2048, 1, 32, 128])
2026-09-02 20:55:02.712 | DEBUG    | core:as_tensor:724 - Loaded cache for /localdev/gwang/tt_transformers/model_cache/llama33_70b/T3K/empty_vcache_paged_attention(2048, 1, 32, 128)_dtype_BFLOAT8_B_layout_TILE.tensorbin of shape Shape([2048, 1, 32, 128])
2026-09-02 20:55:02.715 | DEBUG    | core:as_tensor:724 - Loaded cache for /localdev/gwang/tt_transformers/model_cache/llama33_70b/T3K/empty_kcache_paged_attention(2048, 1, 32, 128)_dtype_BFLOAT8_B_layout_TILE.tensorbin of shape Shape([2048, 1, 32, 128])
2026-09-02 20:55:02.719 | DEBUG    | core:as_tensor:724 - Loaded cache for /localdev/gwang/tt_transformers/model_cache/llama33_70b/T3K/empty_vcache_paged_attention(2048, 1, 32, 128)_dtype_BFLOAT8_B_layout_TILE.tensorbin of shape Shape([2048, 1, 32, 128])
2026-09-02 20:55:02.722 | DEBUG    | core:as_tensor:724 - Loaded cache for /localdev/gwang/tt_transformers/model_cache/llama33_70b/T3K/empty_kcache_paged_attention(2048, 1, 32, 128)_dtype_BFLOAT8_B_layout_TILE.tensorbin of shape Shape([2048, 1, 32, 128])
2026-09-02 20:55:02.725 | DEBUG    | core:as_tensor:724 - Loaded cache for /localdev/gwang/tt_transformers/model_cache/llama33_70b/T3K/empty_vcache_paged_attention(2048, 1, 32, 128)_dtype_BFLOAT8_B_layout_TILE.tensorbin of shape Shape([2048, 1, 32, 128])
2026-09-02 20:55:02.728 | DEBUG    | core:as_tensor:724 - Loaded cache for /localdev/gwang/tt_transformers/model_cache/llama33_70b/T3K/empty_kcache_paged_attention(2048, 1, 32, 128)_dtype_BFLOAT8_B_layout_TILE.tensorbin of shape Shape([2048, 1, 32, 128])
2026-09-02 20:55:02.731 | DEBUG    | core:as_tensor:724 - Loaded cache for /localdev/gwang/tt_transformers/model_cache/llama33_70b/T3K/empty_vcache_paged_attention(2048, 1, 32, 128)_dtype_BFLOAT8_B_layout_TILE.tensorbin of shape Shape([2048, 1, 32, 128])
2026-09-02 20:55:02.734 | DEBUG    | core:as_tensor:724 - Loaded cache for /localdev/gwang/tt_transformers/model_cache/llama33_70b/T3K/empty_kcache_paged_attention(2048, 1, 32, 128)_dtype_BFLOAT8_B_layout_TILE.tensorbin of shape Shape([2048, 1, 32, 128])
2026-09-02 20:55:02.737 | DEBUG    | core:as_tensor:724 - Loaded cache for /localdev/gwang/tt_transformers/model_cache/llama33_70b/T3K/empty_vcache_paged_attention(2048, 1, 32, 128)_dtype_BFLOAT8_B_layout_TILE.tensorbin of shape Shape([2048, 1, 32, 128])
2026-09-02 20:55:02.740 | DEBUG    | core:as_tensor:724 - Loaded cache for /localdev/gwang/tt_transformers/model_cache/llama33_70b/T3K/empty_kcache_paged_attention(2048, 1, 32, 128)_dtype_BFLOAT8_B_layout_TILE.tensorbin of shape Shape([2048, 1, 32, 128])
2026-09-02 20:55:02.743 | DEBUG    | core:as_tensor:724 - Loaded cache for /localdev/gwang/tt_transformers/model_cache/llama33_70b/T3K/empty_vcache_paged_attention(2048, 1, 32, 128)_dtype_BFLOAT8_B_layout_TILE.tensorbin of shape Shape([2048, 1, 32, 128])
2026-09-02 20:55:02.746 | DEBUG    | core:as_tensor:724 - Loaded cache for /localdev/gwang/tt_transformers/model_cache/llama33_70b/T3K/empty_kcache_paged_attention(2048, 1, 32, 128)_dtype_BFLOAT8_B_layout_TILE.tensorbin of shape Shape([2048, 1, 32, 128])
2026-09-02 20:55:02.749 | DEBUG    | core:as_tensor:724 - Loaded cache for /localdev/gwang/tt_transformers/model_cache/llama33_70b/T3K/empty_vcache_paged_attention(2048, 1, 32, 128)_dtype_BFLOAT8_B_layout_TILE.tensorbin of shape Shape([2048, 1, 32, 128])
2026-09-02 20:55:02.752 | DEBUG    | core:as_tensor:724 - Loaded cache for /localdev/gwang/tt_transformers/model_cache/llama33_70b/T3K/empty_kcache_paged_attention(2048, 1, 32, 128)_dtype_BFLOAT8_B_layout_TILE.tensorbin of shape Shape([2048, 1, 32, 128])
2026-09-02 20:55:02.755 | DEBUG    | core:as_tensor:724 - Loaded cache for /localdev/gwang/tt_transformers/model_cache/llama33_70b/T3K/empty_vcache_paged_attention(2048, 1, 32, 128)_dtype_BFLOAT8_B_layout_TILE.tensorbin of shape Shape([2048, 1, 32, 128])
2026-09-02 20:55:02.759 | DEBUG    | core:as_tensor:724 - Loaded cache for /localdev/gwang/tt_transformers/model_cache/llama33_70b/T3K/empty_kcache_paged_attention(2048, 1, 32, 128)_dtype_BFLOAT8_B_layout_TILE.tensorbin of shape Shape([2048, 1, 32, 128])
2026-09-02 20:55:02.762 | DEBUG    | core:as_tensor:724 - Loaded cache for /localdev/gwang/tt_transformers/model_cache/llama33_70b/T3K/empty_vcache_paged_attention(2048, 1, 32, 128)_dtype_BFLOAT8_B_layout_TILE.tensorbin of shape Shape([2048, 1, 32, 128])
2026-09-02 20:55:02.765 | DEBUG    | core:as_tensor:724 - Loaded cache for /localdev/gwang/tt_transformers/model_cache/llama33_70b/T3K/empty_kcache_paged_attention(2048, 1, 32, 128)_dtype_BFLOAT8_B_layout_TILE.tensorbin of shape Shape([2048, 1, 32, 128])
2026-09-02 20:55:02.768 | DEBUG    | core:as_tensor:724 - Loaded cache for /localdev/gwang/tt_transformers/model_cache/llama33_70b/T3K/empty_vcache_paged_attention(2048, 1, 32, 128)_dtype_BFLOAT8_B_layout_TILE.tensorbin of shape Shape([2048, 1, 32, 128])
2026-09-02 20:55:02.771 | DEBUG    | core:as_tensor:724 - Loaded cache for /localdev/gwang/tt_transformers/model_cache/llama33_70b/T3K/empty_kcache_paged_attention(2048, 1, 32, 128)_dtype_BFLOAT8_B_layout_TILE.tensorbin of shape Shape([2048, 1, 32, 128])
2026-09-02 20:55:02.774 | DEBUG    | core:as_tensor:724 - Loaded cache for /localdev/gwang/tt_transformers/model_cache/llama33_70b/T3K/empty_vcache_paged_attention(2048, 1, 32, 128)_dtype_BFLOAT8_B_layout_TILE.tensorbin of shape Shape([2048, 1, 32, 128])
2026-09-02 20:55:02.777 | DEBUG    | core:as_tensor:724 - Loaded cache for /localdev/gwang/tt_transformers/model_cache/llama33_70b/T3K/empty_kcache_paged_attention(2048, 1, 32, 128)_dtype_BFLOAT8_B_layout_TILE.tensorbin of shape Shape([2048, 1, 32, 128])
2026-09-02 20:55:02.780 | DEBUG    | core:as_tensor:724 - Loaded cache for /localdev/gwang/tt_transformers/model_cache/llama33_70b/T3K/empty_vcache_paged_attention(2048, 1, 32, 128)_dtype_BFLOAT8_B_layout_TILE.tensorbin of shape Shape([2048, 1, 32, 128])
2026-09-02 20:55:02.783 | DEBUG    | core:as_tensor:724 - Loaded cache for /localdev/gwang/tt_transformers/model_cache/llama33_70b/T3K/empty_kcache_paged_attention(2048, 1, 32, 128)_dtype_BFLOAT8_B_layout_TILE.tensorbin of shape Shape([2048, 1, 32, 128])
2026-09-02 20:55:02.786 | DEBUG    | core:as_tensor:724 - Loaded cache for /localdev/gwang/tt_transformers/model_cache/llama33_70b/T3K/empty_vcache_paged_attention(2048, 1, 32, 128)_dtype_BFLOAT8_B_layout_TILE.tensorbin of shape Shape([2048, 1, 32, 128])
2026-09-02 20:55:02.789 | DEBUG    | core:as_tensor:724 - Loaded cache for /localdev/gwang/tt_transformers/model_cache/llama33_70b/T3K/empty_kcache_paged_attention(2048, 1, 32, 128)_dtype_BFLOAT8_B_layout_TILE.tensorbin of shape Shape([2048, 1, 32, 128])
2026-09-02 20:55:02.792 | DEBUG    | core:as_tensor:724 - Loaded cache for /localdev/gwang/tt_transformers/model_cache/llama33_70b/T3K/empty_vcache_paged_attention(2048, 1, 32, 128)_dtype_BFLOAT8_B_layout_TILE.tensorbin of shape Shape([2048, 1, 32, 128])
2026-09-02 20:55:02.796 | DEBUG    | core:as_tensor:724 - Loaded cache for /localdev/gwang/tt_transformers/model_cache/llama33_70b/T3K/empty_kcache_paged_attention(2048, 1, 32, 128)_dtype_BFLOAT8_B_layout_TILE.tensorbin of shape Shape([2048, 1, 32, 128])
2026-09-02 20:55:02.799 | DEBUG    | core:as_tensor:724 - Loaded cache for /localdev/gwang/tt_transformers/model_cache/llama33_70b/T3K/empty_vcache_paged_attention(2048, 1, 32, 128)_dtype_BFLOAT8_B_layout_TILE.tensorbin of shape Shape([2048, 1, 32, 128])
2026-09-02 20:55:02.802 | DEBUG    | core:as_tensor:724 - Loaded cache for /localdev/gwang/tt_transformers/model_cache/llama33_70b/T3K/empty_kcache_paged_attention(2048, 1, 32, 128)_dtype_BFLOAT8_B_layout_TILE.tensorbin of shape Shape([2048, 1, 32, 128])
2026-09-02 20:55:02.805 | DEBUG    | core:as_tensor:724 - Loaded cache for /localdev/gwang/tt_transformers/model_cache/llama33_70b/T3K/empty_vcache_paged_attention(2048, 1, 32, 128)_dtype_BFLOAT8_B_layout_TILE.tensorbin of shape Shape([2048, 1, 32, 128])
2026-09-02 20:55:02.808 | DEBUG    | core:as_tensor:724 - Loaded cache for /localdev/gwang/tt_transformers/model_cache/llama33_70b/T3K/empty_kcache_paged_attention(2048, 1, 32, 128)_dtype_BFLOAT8_B_layout_TILE.tensorbin of shape Shape([2048, 1, 32, 128])
2026-09-02 20:55:02.811 | DEBUG    | core:as_tensor:724 - Loaded cache for /localdev/gwang/tt_transformers/model_cache/llama33_70b/T3K/empty_vcache_paged_attention(2048, 1, 32, 128)_dtype_BFLOAT8_B_layout_TILE.tensorbin of shape Shape([2048, 1, 32, 128])
2026-09-02 20:55:02.814 | DEBUG    | core:as_tensor:724 - Loaded cache for /localdev/gwang/tt_transformers/model_cache/llama33_70b/T3K/empty_kcache_paged_attention(2048, 1, 32, 128)_dtype_BFLOAT8_B_layout_TILE.tensorbin of shape Shape([2048, 1, 32, 128])
2026-09-02 20:55:02.817 | DEBUG    | core:as_tensor:724 - Loaded cache for /localdev/gwang/tt_transformers/model_cache/llama33_70b/T3K/empty_vcache_paged_attention(2048, 1, 32, 128)_dtype_BFLOAT8_B_layout_TILE.tensorbin of shape Shape([2048, 1, 32, 128])
2026-09-02 20:55:02.820 | DEBUG    | core:as_tensor:724 - Loaded cache for /localdev/gwang/tt_transformers/model_cache/llama33_70b/T3K/empty_kcache_paged_attention(2048, 1, 32, 128)_dtype_BFLOAT8_B_layout_TILE.tensorbin of shape Shape([2048, 1, 32, 128])
2026-09-02 20:55:02.823 | DEBUG    | core:as_tensor:724 - Loaded cache for /localdev/gwang/tt_transformers/model_cache/llama33_70b/T3K/empty_vcache_paged_attention(2048, 1, 32, 128)_dtype_BFLOAT8_B_layout_TILE.tensorbin of shape Shape([2048, 1, 32, 128])
2026-09-02 20:55:02.826 | DEBUG    | core:as_tensor:724 - Loaded cache for /localdev/gwang/tt_transformers/model_cache/llama33_70b/T3K/empty_kcache_paged_attention(2048, 1, 32, 128)_dtype_BFLOAT8_B_layout_TILE.tensorbin of shape Shape([2048, 1, 32, 128])
2026-09-02 20:55:02.830 | DEBUG    | core:as_tensor:724 - Loaded cache for /localdev/gwang/tt_transformers/model_cache/llama33_70b/T3K/empty_vcache_paged_attention(2048, 1, 32, 128)_dtype_BFLOAT8_B_layout_TILE.tensorbin of shape Shape([2048, 1, 32, 128])
2026-09-02 20:55:02.833 | DEBUG    | core:as_tensor:724 - Loaded cache for /localdev/gwang/tt_transformers/model_cache/llama33_70b/T3K/empty_kcache_paged_attention(2048, 1, 32, 128)_dtype_BFLOAT8_B_layout_TILE.tensorbin of shape Shape([2048, 1, 32, 128])
2026-09-02 20:55:02.836 | DEBUG    | core:as_tensor:724 - Loaded cache for /localdev/gwang/tt_transformers/model_cache/llama33_70b/T3K/empty_vcache_paged_attention(2048, 1, 32, 128)_dtype_BFLOAT8_B_layout_TILE.tensorbin of shape Shape([2048, 1, 32, 128])
2026-09-02 20:55:02.839 | DEBUG    | core:as_tensor:724 - Loaded cache for /localdev/gwang/tt_transformers/model_cache/llama33_70b/T3K/empty_kcache_paged_attention(2048, 1, 32, 128)_dtype_BFLOAT8_B_layout_TILE.tensorbin of shape Shape([2048, 1, 32, 128])
2026-09-02 20:55:02.842 | DEBUG    | core:as_tensor:724 - Loaded cache for /localdev/gwang/tt_transformers/model_cache/llama33_70b/T3K/empty_vcache_paged_attention(2048, 1, 32, 128)_dtype_BFLOAT8_B_layout_TILE.tensorbin of shape Shape([2048, 1, 32, 128])
2026-09-02 20:55:02.845 | DEBUG    | core:as_tensor:724 - Loaded cache for /localdev/gwang/tt_transformers/model_cache/llama33_70b/T3K/empty_kcache_paged_attention(2048, 1, 32, 128)_dtype_BFLOAT8_B_layout_TILE.tensorbin of shape Shape([2048, 1, 32, 128])
2026-09-02 20:55:02.848 | DEBUG    | core:as_tensor:724 - Loaded cache for /localdev/gwang/tt_transformers/model_cache/llama33_70b/T3K/empty_vcache_paged_attention(2048, 1, 32, 128)_dtype_BFLOAT8_B_layout_TILE.tensorbin of shape Shape([2048, 1, 32, 128])
2026-09-02 20:55:02.851 | DEBUG    | core:as_tensor:724 - Loaded cache for /localdev/gwang/tt_transformers/model_cache/llama33_70b/T3K/empty_kcache_paged_attention(2048, 1, 32, 128)_dtype_BFLOAT8_B_layout_TILE.tensorbin of shape Shape([2048, 1, 32, 128])
2026-09-02 20:55:02.854 | DEBUG    | core:as_tensor:724 - Loaded cache for /localdev/gwang/tt_transformers/model_cache/llama33_70b/T3K/empty_vcache_paged_attention(2048, 1, 32, 128)_dtype_BFLOAT8_B_layout_TILE.tensorbin of shape Shape([2048, 1, 32, 128])
2026-09-02 20:55:02.857 | DEBUG    | core:as_tensor:724 - Loaded cache for /localdev/gwang/tt_transformers/model_cache/llama33_70b/T3K/empty_kcache_paged_attention(2048, 1, 32, 128)_dtype_BFLOAT8_B_layout_TILE.tensorbin of shape Shape([2048, 1, 32, 128])
2026-09-02 20:55:02.860 | DEBUG    | core:as_tensor:724 - Loaded cache for /localdev/gwang/tt_transformers/model_cache/llama33_70b/T3K/empty_vcache_paged_attention(2048, 1, 32, 128)_dtype_BFLOAT8_B_layout_TILE.tensorbin of shape Shape([2048, 1, 32, 128])
2026-09-02 20:55:02.863 | DEBUG    | core:as_tensor:724 - Loaded cache for /localdev/gwang/tt_transformers/model_cache/llama33_70b/T3K/empty_kcache_paged_attention(2048, 1, 32, 128)_dtype_BFLOAT8_B_layout_TILE.tensorbin of shape Shape([2048, 1, 32, 128])
2026-09-02 20:55:02.866 | DEBUG    | core:as_tensor:724 - Loaded cache for /localdev/gwang/tt_transformers/model_cache/llama33_70b/T3K/empty_vcache_paged_attention(2048, 1, 32, 128)_dtype_BFLOAT8_B_layout_TILE.tensorbin of shape Shape([2048, 1, 32, 128])
2026-09-02 20:55:02.869 | DEBUG    | core:as_tensor:724 - Loaded cache for /localdev/gwang/tt_transformers/model_cache/llama33_70b/T3K/empty_kcache_paged_attention(2048, 1, 32, 128)_dtype_BFLOAT8_B_layout_TILE.tensorbin of shape Shape([2048, 1, 32, 128])
2026-09-02 20:55:02.872 | DEBUG    | core:as_tensor:724 - Loaded cache for /localdev/gwang/tt_transformers/model_cache/llama33_70b/T3K/empty_vcache_paged_attention(2048, 1, 32, 128)_dtype_BFLOAT8_B_layout_TILE.tensorbin of shape Shape([2048, 1, 32, 128])
2026-09-02 20:55:02.875 | DEBUG    | core:as_tensor:724 - Loaded cache for /localdev/gwang/tt_transformers/model_cache/llama33_70b/T3K/empty_kcache_paged_attention(2048, 1, 32, 128)_dtype_BFLOAT8_B_layout_TILE.tensorbin of shape Shape([2048, 1, 32, 128])
2026-09-02 20:55:02.878 | DEBUG    | core:as_tensor:724 - Loaded cache for /localdev/gwang/tt_transformers/model_cache/llama33_70b/T3K/empty_vcache_paged_attention(2048, 1, 32, 128)_dtype_BFLOAT8_B_layout_TILE.tensorbin of shape Shape([2048, 1, 32, 128])
2026-09-02 20:55:02.881 | DEBUG    | core:as_tensor:724 - Loaded cache for /localdev/gwang/tt_transformers/model_cache/llama33_70b/T3K/empty_kcache_paged_attention(2048, 1, 32, 128)_dtype_BFLOAT8_B_layout_TILE.tensorbin of shape Shape([2048, 1, 32, 128])
2026-09-02 20:55:02.884 | DEBUG    | core:as_tensor:724 - Loaded cache for /localdev/gwang/tt_transformers/model_cache/llama33_70b/T3K/empty_vcache_paged_attention(2048, 1, 32, 128)_dtype_BFLOAT8_B_layout_TILE.tensorbin of shape Shape([2048, 1, 32, 128])
2026-09-02 20:55:02.888 | DEBUG    | core:as_tensor:724 - Loaded cache for /localdev/gwang/tt_transformers/model_cache/llama33_70b/T3K/empty_kcache_paged_attention(2048, 1, 32, 128)_dtype_BFLOAT8_B_layout_TILE.tensorbin of shape Shape([2048, 1, 32, 128])
2026-09-02 20:55:02.891 | DEBUG    | core:as_tensor:724 - Loaded cache for /localdev/gwang/tt_transformers/model_cache/llama33_70b/T3K/empty_vcache_paged_attention(2048, 1, 32, 128)_dtype_BFLOAT8_B_layout_TILE.tensorbin of shape Shape([2048, 1, 32, 128])
2026-09-02 20:55:02.894 | DEBUG    | core:as_tensor:724 - Loaded cache for /localdev/gwang/tt_transformers/model_cache/llama33_70b/T3K/empty_kcache_paged_attention(2048, 1, 32, 128)_dtype_BFLOAT8_B_layout_TILE.tensorbin of shape Shape([2048, 1, 32, 128])
2026-09-02 20:55:02.897 | DEBUG    | core:as_tensor:724 - Loaded cache for /localdev/gwang/tt_transformers/model_cache/llama33_70b/T3K/empty_vcache_paged_attention(2048, 1, 32, 128)_dtype_BFLOAT8_B_layout_TILE.tensorbin of shape Shape([2048, 1, 32, 128])
2026-09-02 20:55:02.900 | DEBUG    | core:as_tensor:724 - Loaded cache for /localdev/gwang/tt_transformers/model_cache/llama33_70b/T3K/empty_kcache_paged_attention(2048, 1, 32, 128)_dtype_BFLOAT8_B_layout_TILE.tensorbin of shape Shape([2048, 1, 32, 128])
2026-09-02 20:55:02.904 | DEBUG    | core:as_tensor:724 - Loaded cache for /localdev/gwang/tt_transformers/model_cache/llama33_70b/T3K/empty_vcache_paged_attention(2048, 1, 32, 128)_dtype_BFLOAT8_B_layout_TILE.tensorbin of shape Shape([2048, 1, 32, 128])
2026-09-02 20:55:02.907 | DEBUG    | core:as_tensor:724 - Loaded cache for /localdev/gwang/tt_transformers/model_cache/llama33_70b/T3K/empty_kcache_paged_attention(2048, 1, 32, 128)_dtype_BFLOAT8_B_layout_TILE.tensorbin of shape Shape([2048, 1, 32, 128])
2026-09-02 20:55:02.910 | DEBUG    | core:as_tensor:724 - Loaded cache for /localdev/gwang/tt_transformers/model_cache/llama33_70b/T3K/empty_vcache_paged_attention(2048, 1, 32, 128)_dtype_BFLOAT8_B_layout_TILE.tensorbin of shape Shape([2048, 1, 32, 128])
2026-09-02 20:55:02.913 | DEBUG    | core:as_tensor:724 - Loaded cache for /localdev/gwang/tt_transformers/model_cache/llama33_70b/T3K/empty_kcache_paged_attention(2048, 1, 32, 128)_dtype_BFLOAT8_B_layout_TILE.tensorbin of shape Shape([2048, 1, 32, 128])
2026-09-02 20:55:02.916 | DEBUG    | core:as_tensor:724 - Loaded cache for /localdev/gwang/tt_transformers/model_cache/llama33_70b/T3K/empty_vcache_paged_attention(2048, 1, 32, 128)_dtype_BFLOAT8_B_layout_TILE.tensorbin of shape Shape([2048, 1, 32, 128])
2026-09-02 20:55:02.919 | DEBUG    | core:as_tensor:724 - Loaded cache for /localdev/gwang/tt_transformers/model_cache/llama33_70b/T3K/empty_kcache_paged_attention(2048, 1, 32, 128)_dtype_BFLOAT8_B_layout_TILE.tensorbin of shape Shape([2048, 1, 32, 128])
2026-09-02 20:55:02.922 | DEBUG    | core:as_tensor:724 - Loaded cache for /localdev/gwang/tt_transformers/model_cache/llama33_70b/T3K/empty_vcache_paged_attention(2048, 1, 32, 128)_dtype_BFLOAT8_B_layout_TILE.tensorbin of shape Shape([2048, 1, 32, 128])
2026-09-02 20:55:02.925 | DEBUG    | core:as_tensor:724 - Loaded cache for /localdev/gwang/tt_transformers/model_cache/llama33_70b/T3K/empty_kcache_paged_attention(2048, 1, 32, 128)_dtype_BFLOAT8_B_layout_TILE.tensorbin of shape Shape([2048, 1, 32, 128])
2026-09-02 20:55:02.928 | DEBUG    | core:as_tensor:724 - Loaded cache for /localdev/gwang/tt_transformers/model_cache/llama33_70b/T3K/empty_vcache_paged_attention(2048, 1, 32, 128)_dtype_BFLOAT8_B_layout_TILE.tensorbin of shape Shape([2048, 1, 32, 128])
2026-09-02 20:55:02.931 | DEBUG    | core:as_tensor:724 - Loaded cache for /localdev/gwang/tt_transformers/model_cache/llama33_70b/T3K/empty_kcache_paged_attention(2048, 1, 32, 128)_dtype_BFLOAT8_B_layout_TILE.tensorbin of shape Shape([2048, 1, 32, 128])
2026-09-02 20:55:02.934 | DEBUG    | core:as_tensor:724 - Loaded cache for /localdev/gwang/tt_transformers/model_cache/llama33_70b/T3K/empty_vcache_paged_attention(2048, 1, 32, 128)_dtype_BFLOAT8_B_layout_TILE.tensorbin of shape Shape([2048, 1, 32, 128])
2026-09-02 20:55:02.938 | DEBUG    | core:as_tensor:724 - Loaded cache for /localdev/gwang/tt_transformers/model_cache/llama33_70b/T3K/empty_kcache_paged_attention(2048, 1, 32, 128)_dtype_BFLOAT8_B_layout_TILE.tensorbin of shape Shape([2048, 1, 32, 128])
2026-09-02 20:55:02.941 | DEBUG    | core:as_tensor:724 - Loaded cache for /localdev/gwang/tt_transformers/model_cache/llama33_70b/T3K/empty_vcache_paged_attention(2048, 1, 32, 128)_dtype_BFLOAT8_B_layout_TILE.tensorbin of shape Shape([2048, 1, 32, 128])
2026-09-02 20:55:02.944 | DEBUG    | core:as_tensor:724 - Loaded cache for /localdev/gwang/tt_transformers/model_cache/llama33_70b/T3K/empty_kcache_paged_attention(2048, 1, 32, 128)_dtype_BFLOAT8_B_layout_TILE.tensorbin of shape Shape([2048, 1, 32, 128])
2026-09-02 20:55:02.947 | DEBUG    | core:as_tensor:724 - Loaded cache for /localdev/gwang/tt_transformers/model_cache/llama33_70b/T3K/empty_vcache_paged_attention(2048, 1, 32, 128)_dtype_BFLOAT8_B_layout_TILE.tensorbin of shape Shape([2048, 1, 32, 128])
2026-09-02 20:55:02.950 | DEBUG    | core:as_tensor:724 - Loaded cache for /localdev/gwang/tt_transformers/model_cache/llama33_70b/T3K/empty_kcache_paged_attention(2048, 1, 32, 128)_dtype_BFLOAT8_B_layout_TILE.tensorbin of shape Shape([2048, 1, 32, 128])
2026-09-02 20:55:02.953 | DEBUG    | core:as_tensor:724 - Loaded cache for /localdev/gwang/tt_transformers/model_cache/llama33_70b/T3K/empty_vcache_paged_attention(2048, 1, 32, 128)_dtype_BFLOAT8_B_layout_TILE.tensorbin of shape Shape([2048, 1, 32, 128])
2026-09-02 20:55:02.956 | DEBUG    | core:as_tensor:724 - Loaded cache for /localdev/gwang/tt_transformers/model_cache/llama33_70b/T3K/empty_kcache_paged_attention(2048, 1, 32, 128)_dtype_BFLOAT8_B_layout_TILE.tensorbin of shape Shape([2048, 1, 32, 128])
2026-09-02 20:55:02.959 | DEBUG    | core:as_tensor:724 - Loaded cache for /localdev/gwang/tt_transformers/model_cache/llama33_70b/T3K/empty_vcache_paged_attention(2048, 1, 32, 128)_dtype_BFLOAT8_B_layout_TILE.tensorbin of shape Shape([2048, 1, 32, 128])
2026-09-02 20:55:02.962 | DEBUG    | core:as_tensor:724 - Loaded cache for /localdev/gwang/tt_transformers/model_cache/llama33_70b/T3K/empty_kcache_paged_attention(2048, 1, 32, 128)_dtype_BFLOAT8_B_layout_TILE.tensorbin of shape Shape([2048, 1, 32, 128])
2026-09-02 20:55:02.965 | DEBUG    | core:as_tensor:724 - Loaded cache for /localdev/gwang/tt_transformers/model_cache/llama33_70b/T3K/empty_vcache_paged_attention(2048, 1, 32, 128)_dtype_BFLOAT8_B_layout_TILE.tensorbin of shape Shape([2048, 1, 32, 128])
2026-09-02 20:55:02.968 | DEBUG    | core:as_tensor:724 - Loaded cache for /localdev/gwang/tt_transformers/model_cache/llama33_70b/T3K/empty_kcache_paged_attention(2048, 1, 32, 128)_dtype_BFLOAT8_B_layout_TILE.tensorbin of shape Shape([2048, 1, 32, 128])
2026-09-02 20:55:02.972 | DEBUG    | core:as_tensor:724 - Loaded cache for /localdev/gwang/tt_transformers/model_cache/llama33_70b/T3K/empty_vcache_paged_attention(2048, 1, 32, 128)_dtype_BFLOAT8_B_layout_TILE.tensorbin of shape Shape([2048, 1, 32, 128])
2026-09-02 20:55:02.975 | DEBUG    | core:as_tensor:724 - Loaded cache for /localdev/gwang/tt_transformers/model_cache/llama33_70b/T3K/empty_kcache_paged_attention(2048, 1, 32, 128)_dtype_BFLOAT8_B_layout_TILE.tensorbin of shape Shape([2048, 1, 32, 128])
2026-09-02 20:55:02.978 | DEBUG    | core:as_tensor:724 - Loaded cache for /localdev/gwang/tt_transformers/model_cache/llama33_70b/T3K/empty_vcache_paged_attention(2048, 1, 32, 128)_dtype_BFLOAT8_B_layout_TILE.tensorbin of shape Shape([2048, 1, 32, 128])
2026-09-02 20:55:04.957 | INFO     | tt_transformers.llm_runtime.warmup:warmup_decode:485 - Compiled decode
2026-09-02 20:55:05.258 | INFO     | tt_transformers.llm_runtime.warmup:warmup_decode:485 - Compiled decode
2026-09-02 20:55:05.258 | INFO     | tt_transformers.llm_runtime.warmup:warmup_decode:487 - Compiled on-device sampling
2026-09-02 20:55:17.220 | INFO     | tt_transformers.llm_runtime.trace_compiler:capture_all:336 - Captured decode trace: signature=DecodeTraceSignature(batch_size=16, page_table_width=128, sampling_path='logits', device_feedback=False, penalties_enabled=False, logprobs_enabled=False)
2026-09-02 20:55:17.544 | INFO     | tt_transformers.llm_runtime.trace_compiler:capture_all:336 - Captured decode trace: signature=DecodeTraceSignature(batch_size=16, page_table_width=128, sampling_path='topk', device_feedback=True, penalties_enabled=False, logprobs_enabled=False)
2026-09-02 20:55:18.189 | INFO     | tt_transformers.llm_runtime.trace_compiler:capture_all:336 - Captured prefill trace: signature=PrefillTraceSignature(operation_variant='regular-batched', padded_batch_size=16, padded_sequence_length=128, page_table_width=192, chunk_page_table_width=None, sampling_path='logits', penalties_enabled=False, logprobs_enabled=False)
2026-09-02 20:55:18.838 | INFO     | tt_transformers.llm_runtime.trace_compiler:capture_all:336 - Captured prefill trace: signature=PrefillTraceSignature(operation_variant='regular-batched', padded_batch_size=16, padded_sequence_length=128, page_table_width=192, chunk_page_table_width=None, sampling_path='topk', penalties_enabled=False, logprobs_enabled=False)
2026-09-02 20:55:19.129 | INFO     | tt_transformers.llm_runtime.trace_compiler:capture_all:336 - Captured prefill trace: signature=PrefillTraceSignature(operation_variant='regular-single', padded_batch_size=1, padded_sequence_length=128, page_table_width=192, chunk_page_table_width=None, sampling_path='topk', penalties_enabled=False, logprobs_enabled=False)
2026-09-02 20:55:19.475 | INFO     | tt_transformers.llm_runtime.trace_compiler:capture_all:336 - Captured prefill trace: signature=PrefillTraceSignature(operation_variant='regular-batched', padded_batch_size=2, padded_sequence_length=128, page_table_width=192, chunk_page_table_width=None, sampling_path='topk', penalties_enabled=False, logprobs_enabled=False)
2026-09-02 20:55:19.860 | INFO     | tt_transformers.llm_runtime.trace_compiler:capture_all:336 - Captured prefill trace: signature=PrefillTraceSignature(operation_variant='regular-batched', padded_batch_size=4, padded_sequence_length=128, page_table_width=192, chunk_page_table_width=None, sampling_path='topk', penalties_enabled=False, logprobs_enabled=False)
2026-09-02 20:55:20.366 | INFO     | tt_transformers.llm_runtime.trace_compiler:capture_all:336 - Captured prefill trace: signature=PrefillTraceSignature(operation_variant='regular-batched', padded_batch_size=8, padded_sequence_length=128, page_table_width=192, chunk_page_table_width=None, sampling_path='topk', penalties_enabled=False, logprobs_enabled=False)
2026-09-02 20:55:20.664 | INFO     | tt_transformers.llm_runtime.trace_compiler:capture_all:336 - Captured prefill trace: signature=PrefillTraceSignature(operation_variant='chunked', padded_batch_size=1, padded_sequence_length=128, page_table_width=192, chunk_page_table_width=4, sampling_path='topk', penalties_enabled=False, logprobs_enabled=False)
2026-09-02 20:55:21.003 | INFO     | tt_transformers.llm_runtime.trace_compiler:capture_all:336 - Captured prefill trace: signature=PrefillTraceSignature(operation_variant='regular-single', padded_batch_size=1, padded_sequence_length=2048, page_table_width=192, chunk_page_table_width=None, sampling_path='topk', penalties_enabled=False, logprobs_enabled=False)
2026-09-02 20:55:21.345 | INFO     | tt_transformers.llm_runtime.trace_compiler:capture_all:336 - Captured prefill trace: signature=PrefillTraceSignature(operation_variant='chunked', padded_batch_size=1, padded_sequence_length=2048, page_table_width=192, chunk_page_table_width=64, sampling_path='topk', penalties_enabled=False, logprobs_enabled=False)
2026-09-02 20:55:21.639 | INFO     | tt_transformers.llm_runtime.trace_compiler:capture_all:336 - Captured prefill trace: signature=PrefillTraceSignature(operation_variant='regular-single', padded_batch_size=1, padded_sequence_length=128, page_table_width=192, chunk_page_table_width=None, sampling_path='logits', penalties_enabled=False, logprobs_enabled=False)
2026-09-02 20:55:21.986 | INFO     | tt_transformers.llm_runtime.trace_compiler:capture_all:336 - Captured prefill trace: signature=PrefillTraceSignature(operation_variant='regular-batched', padded_batch_size=2, padded_sequence_length=128, page_table_width=192, chunk_page_table_width=None, sampling_path='logits', penalties_enabled=False, logprobs_enabled=False)
2026-09-02 20:55:22.372 | INFO     | tt_transformers.llm_runtime.trace_compiler:capture_all:336 - Captured prefill trace: signature=PrefillTraceSignature(operation_variant='regular-batched', padded_batch_size=4, padded_sequence_length=128, page_table_width=192, chunk_page_table_width=None, sampling_path='logits', penalties_enabled=False, logprobs_enabled=False)
2026-09-02 20:55:22.876 | INFO     | tt_transformers.llm_runtime.trace_compiler:capture_all:336 - Captured prefill trace: signature=PrefillTraceSignature(operation_variant='regular-batched', padded_batch_size=8, padded_sequence_length=128, page_table_width=192, chunk_page_table_width=None, sampling_path='logits', penalties_enabled=False, logprobs_enabled=False)
2026-09-02 20:55:23.181 | INFO     | tt_transformers.llm_runtime.trace_compiler:capture_all:336 - Captured prefill trace: signature=PrefillTraceSignature(operation_variant='chunked', padded_batch_size=1, padded_sequence_length=128, page_table_width=192, chunk_page_table_width=4, sampling_path='logits', penalties_enabled=False, logprobs_enabled=False)
2026-09-02 20:55:23.527 | INFO     | tt_transformers.llm_runtime.trace_compiler:capture_all:336 - Captured prefill trace: signature=PrefillTraceSignature(operation_variant='regular-single', padded_batch_size=1, padded_sequence_length=2048, page_table_width=192, chunk_page_table_width=None, sampling_path='logits', penalties_enabled=False, logprobs_enabled=False)
2026-09-02 20:55:23.872 | INFO     | tt_transformers.llm_runtime.trace_compiler:capture_all:336 - Captured prefill trace: signature=PrefillTraceSignature(operation_variant='chunked', padded_batch_size=1, padded_sequence_length=2048, page_table_width=192, chunk_page_table_width=64, sampling_path='logits', penalties_enabled=False, logprobs_enabled=False)
2026-09-02 20:55:24.651 | INFO     | tt_transformers.llm_runtime.execution:_execute_prefill:671 - TTTV2_RUNTIME_EVIDENCE {"active_batch_size": 1, "execution": "trace_replay", "lane": 0, "operation": "prefill", "padded_batch_size": 1, "padded_sequence_length": 128, "program_key": "999cbf354c9bdd6077cabb45b51d31c2abbe52833ac910f642e5bcbb3cdd4494", "rank": 0, "replay_steps": 1, "sampling_path": "logits", "trace_key": "469283b260195f80b5f03bce4eb3044eeef47176541b1aae9a1d1a6ecb5917fe", "variant": "regular-single"}
2026-09-02 20:55:25.351 | INFO     | tt_transformers.llm_runtime.execution:_execute_prefill:671 - TTTV2_RUNTIME_EVIDENCE {"active_batch_size": 15, "execution": "trace_replay", "lane": 0, "operation": "prefill", "padded_batch_size": 16, "padded_sequence_length": 128, "program_key": "c7a3e8066537c19ac3fa869ec3ca1bc407bafcd8502d3b01be5dae9a2ed0b276", "rank": 0, "replay_steps": 1, "sampling_path": "logits", "trace_key": "d6be81420b505b3fe570ee657d153901af70fb56b5e1e9fbbb41b8205b87409b", "variant": "regular-batched"}
______ test_w6_active15_padded16_trace_correctness[logits-topk-15-16-T3K] ______

production_model = <tt_transformers.models.llama33_70b.model.Llama33_70BTransformer1D object at 0x7f4ab570f2b0>
ttnn_mesh_device = MeshDevice(1x8 grid, 8 devices), capture_order = (15, 16)
sampling_order = ('logits', 'topk')

    @pytest.mark.device
    @pytest.mark.model
    @pytest.mark.wormhole
    @pytest.mark.t3k
    @pytest.mark.parametrize("capture_order", [(16, 15), (15, 16)], ids=["16-15", "15-16"])
    @pytest.mark.parametrize(
        "sampling_order",
        [("logits", "topk"), ("topk", "logits")],
        ids=["logits-topk", "topk-logits"],
    )
    def test_w6_active15_padded16_trace_correctness(
        production_model,
        ttnn_mesh_device,
        capture_order,
        sampling_order,
    ):
        stale_block = _STALE_BLOCK
        page_table = _page_table(stale_block=stale_block)
        resident_table = _page_table()[_RESIDENT_SLOT : _RESIDENT_SLOT + 1]
        resident_table[:, :4] = torch.arange(_RESIDENT_BLOCK_START, _RESIDENT_BLOCK_START + 4, dtype=torch.int32)
        tokens = _tokens(15)
        resident_tokens = _tokens(1, salt=101)
        expected_logits, expected_active_decode, expected_resident_decode = _run_sequential_oracle(
            production_model, tokens, page_table, resident_tokens, resident_table
        )
        batched_eager_logits, batched_eager_kv, batched_eager_active_decode = _run_batched_eager_oracle(
            production_model, tokens, page_table, resident_tokens, resident_table
        )
    
        executor = create_executor(production_model, traced=True, device_sampling_enabled=True, trace_mode="all")
        try:
            assert executor.config.trace.mode == "all"
            # Production Llama33 disables force-argmax, so argmax->top-k is not an
            # executable registration order for this candidate.
            assert not production_model.sampling.config.allow_force_argmax
            assert executor.prefill_runtime.config.device_sampling_enabled
            assert not executor.prefill_runtime.config.disable_batched_prefill
            kv_cache = executor.allocate_kv_cache()
            # Compile the read-only KV evidence slices before trace activation so
            # the later program-cache invariant measures runtime work, not test
            # instrumentation first use.
            _kv_snapshot(
                kv_cache,
                (0, 60),
                (_STALE_BLOCK, _STALE_BLOCK + 1),
                (_RESIDENT_BLOCK_START, _RESIDENT_BLOCK_START + 4),
            )
            topk = _compile_registration_order(executor, kv_cache, page_table, capture_order, sampling_order)
            assert executor.trace_compiler.trace_active
            baseline_registry = len(executor.program_compiler.compiled_programs)
            baseline_program_cache = _program_cache_entries(ttnn_mesh_device)
            baseline_summary = executor.traced_executor.runtime_summary()
    
            prepared = _prepared(executor, tokens, page_table)
            assert len(prepared) == 1
            item = prepared[0]
            assert item.request.kind == "batched"
            assert item.request.source_rows == tuple(range(15))
            assert item.request.padded_batch_size == 16
            assert item.program_signatures[0].operation_variant == "regular-batched"
            assert item.sampling_path == "logits"
            assert item.trace_signature is not None
            assert torch.all(item.request.tokens[15] == 0)
            assert torch.all(item.request.page_table[15] == -1)
            assert torch.all(item.request.page_table[:15, 4:] == -1)
            program_key = executor.program_compiler.key_for(item.program_signatures[0])
            trace_key = executor.trace_compiler.trace_key_for_program(program_key)
            assert trace_key is not None
            assert executor.trace_compiler.get(trace_key).artifact is not None
    
            stale_before = _kv_snapshot(kv_cache, (_STALE_BLOCK, _STALE_BLOCK + 1))
            resident_logits = executor.prefill_forward(
                resident_tokens,
                resident_table,
                kv_cache=kv_cache,
                prompt_lens=torch.tensor([_PROMPT_LEN]),
                empty_slots=[_RESIDENT_SLOT],
                execution=executor.traced_prefill_execution,
            )
            resident_before = _kv_snapshot(kv_cache, (_RESIDENT_BLOCK_START, _RESIDENT_BLOCK_START + 4))
            actual_logits = executor.prefill_forward(
                tokens,
                page_table[:15],
                kv_cache=kv_cache,
                prompt_lens=torch.full((15,), _PROMPT_LEN, dtype=torch.long),
                empty_slots=list(range(15)),
                execution=executor.traced_prefill_execution,
            )
            actual_kv = _kv_snapshot(
                kv_cache,
                (0, 60),
                (_RESIDENT_BLOCK_START, _RESIDENT_BLOCK_START + 4),
            )
            resident_after = _kv_snapshot(kv_cache, (_RESIDENT_BLOCK_START, _RESIDENT_BLOCK_START + 4))
>           assert_rowwise_logits_parity(
                batched_eager_logits,
                expected_logits,
                min_row_pcc=_LOGITS_MIN_ROW_PCC,
                max_abs=_LOGITS_MAX_ABS,
                require_exact_top1=False,
                max_top1_mismatches=_LOGITS_MAX_TOP1_MISMATCHES,
                expected_top1_in_actual_topk=_LOGITS_TOPK,
                min_topk_overlap=_LOGITS_MIN_TOPK_OVERLAP,
                isclose_atol=_LOGITS_ATOL,
                isclose_rtol=0.05,
                max_isclose_failure_fraction=_LOGITS_MAX_ISCLOSE_FAILURE_FRACTION,
            )

tests/models/llama33_70b/test_t3k_batched_prefill_correctness.py:471: 
_ _ _ _ _ _ _ _ _ _ _ _ _ _ _ _ _ _ _ _ _ _ _ _ _ _ _ _ _ _ _ _ _ _ _ _ _ _ _ _ 

actual = tensor([[[-21.0000, -19.0000, -12.0000,  ...,   5.8750,   5.8750,   5.8750]],

        [[  3.8750,   3.1875,   2.1875,...,  ...,  -8.0000,  -8.0000,  -8.0000]],

        [[  0.8125,   1.4688,  -1.0625,  ...,  -7.5625,  -7.5625,  -7.5625]]])
expected = tensor([[[-20.5000, -19.0000, -12.0000,  ...,   5.6875,   5.6875,   5.6875]],

        [[  3.6875,   3.0625,   2.0000,...,  ...,  -8.0000,  -8.0000,  -8.0000]],

        [[  0.8125,   1.2500,  -1.0625,  ...,  -7.5000,  -7.5000,  -7.5000]]])

    def assert_rowwise_logits_parity(
        actual: torch.Tensor,
        expected: torch.Tensor,
        *,
        min_row_pcc: float,
        max_abs: float,
        require_exact_top1: bool = True,
        max_top1_mismatches: int | None = None,
        expected_top1_in_actual_topk: int | None = None,
        min_topk_overlap: int | None = None,
        isclose_atol: float | None = None,
        isclose_rtol: float | None = None,
        max_isclose_failure_fraction: float | None = None,
    ) -> None:
        """Require every batch row to preserve logits shape, quality, and ranking."""
    
        if require_exact_top1 and (max_top1_mismatches is not None or expected_top1_in_actual_topk is not None):
            raise ValueError("exact top-1 and top-k containment are mutually exclusive")
        if min_topk_overlap is not None and expected_top1_in_actual_topk is None:
            raise ValueError("min_topk_overlap requires expected_top1_in_actual_topk")
        isclose_options = (isclose_atol, isclose_rtol, max_isclose_failure_fraction)
        if any(value is not None for value in isclose_options) and not all(value is not None for value in isclose_options):
            raise ValueError("isclose_atol, isclose_rtol, and max_isclose_failure_fraction must be supplied together")
    
        if actual.shape != expected.shape:
            raise AssertionError(f"logits shape mismatch: actual={tuple(actual.shape)}, expected={tuple(expected.shape)}")
        if actual.ndim < 2:
            raise AssertionError(f"logits must have batch and vocabulary dimensions, got {tuple(actual.shape)}")
    
        actual_rows = actual.detach().float().reshape(actual.shape[0], -1)
        expected_rows = expected.detach().float().reshape(expected.shape[0], -1)
        if not torch.isfinite(actual_rows).all() or not torch.isfinite(expected_rows).all():
            raise AssertionError("logits contain non-finite values")
    
        actual_centered = actual_rows - actual_rows.mean(dim=1, keepdim=True)
        expected_centered = expected_rows - expected_rows.mean(dim=1, keepdim=True)
        denominator = actual_centered.norm(dim=1) * expected_centered.norm(dim=1)
        numerator = (actual_centered * expected_centered).sum(dim=1)
        row_pcc = torch.where(
            denominator > 0,
            numerator / denominator,
            torch.where(
                torch.all(actual_rows == expected_rows, dim=1),
                torch.ones_like(denominator),
                torch.zeros_like(denominator),
            ),
        )
        row_max_abs = (actual_rows - expected_rows).abs().amax(dim=1)
        actual_top1 = actual_rows.argmax(dim=1)
        expected_top1 = expected_rows.argmax(dim=1)
    
        failures = []
        bad_pcc = torch.nonzero(row_pcc < min_row_pcc, as_tuple=False).reshape(-1)
        if bad_pcc.numel():
            failures.append(
                f"row PCC below {min_row_pcc}: "
                + ", ".join(f"row {row}: {row_pcc[row].item():.8f}" for row in bad_pcc.tolist())
            )
        bad_max_abs = torch.nonzero(row_max_abs > max_abs, as_tuple=False).reshape(-1)
        if bad_max_abs.numel():
            failures.append(
                f"row max-abs above {max_abs}: "
                + ", ".join(f"row {row}: {row_max_abs[row].item():.8f}" for row in bad_max_abs.tolist())
            )
        if require_exact_top1 and not torch.equal(actual_top1, expected_top1):
            disagreement = torch.nonzero(actual_top1 != expected_top1, as_tuple=False)
            failures.append(f"top-1 mismatch at {disagreement.tolist()}")
        if max_top1_mismatches is not None:
            mismatch_count = int((actual_top1 != expected_top1).sum().item())
            if mismatch_count > int(max_top1_mismatches):
                failures.append(f"top-1 mismatch count {mismatch_count} exceeds {max_top1_mismatches}")
        if expected_top1_in_actual_topk is not None:
            topk = int(expected_top1_in_actual_topk)
            if topk <= 0 or topk > actual_rows.shape[1]:
                raise ValueError(f"top-k must be in [1, {actual_rows.shape[1]}], got {topk}")
            actual_topk = actual_rows.topk(topk, dim=1).indices
            expected_topk = expected_rows.topk(topk, dim=1).indices
            expected_top1_rows = expected_top1.unsqueeze(1)
            missing_top1 = torch.nonzero(~(actual_topk == expected_top1_rows).any(dim=1), as_tuple=False).reshape(-1)
            if missing_top1.numel():
                failures.append(f"expected top-1 missing from actual top-{topk} at rows {missing_top1.tolist()}")
            if min_topk_overlap is not None:
                minimum = int(min_topk_overlap)
                if minimum <= 0 or minimum > topk:
                    raise ValueError(f"min_topk_overlap must be in [1, {topk}], got {minimum}")
                overlaps = (actual_topk.unsqueeze(2) == expected_topk.unsqueeze(1)).any(dim=2).sum(dim=1)
                bad_overlap = torch.nonzero(overlaps < minimum, as_tuple=False).reshape(-1)
                if bad_overlap.numel():
                    failures.append(
                        f"top-{topk} overlap below {minimum}: "
                        + ", ".join(f"row {row}: {overlaps[row].item()}" for row in bad_overlap.tolist())
                    )
        if max_isclose_failure_fraction is not None:
            close = torch.isclose(actual_rows, expected_rows, atol=float(isclose_atol), rtol=float(isclose_rtol))
            failure_fraction = float((~close).float().mean().item())
            if failure_fraction > float(max_isclose_failure_fraction):
                row_fractions = (~close).float().mean(dim=1)
                failures.append(
                    f"isclose failure fraction {failure_fraction:.8f} exceeds {max_isclose_failure_fraction}; "
                    + ", ".join(f"row {row}: {value.item():.8f}" for row, value in enumerate(row_fractions))
                )
    
        if failures:
>           raise AssertionError("logits parity failed; " + "; ".join(failures))
E           AssertionError: logits parity failed; row max-abs above 1.0: row 0: 1.50000000; top-5 overlap below 4: row 0: 3

tests/models/llama33_70b/logits_oracle.py:114: AssertionError
----------------------------- Captured stdout call -----------------------------
2026-09-02 20:55:42.473 | warning  |              Op | The following ttnn.all_gather args are deprecated and will be removed in September-2026: num_links, topology, chunks_per_sync, num_workers_per_link, num_buffers_per_channel, use_l1_small_for_semaphores. (all_gather.cpp:148)
2026-09-02 20:55:42.473 | warning  |              Op | The following ttnn.all_gather args are deprecated and will be removed in September-2026: num_links, topology, chunks_per_sync, num_workers_per_link, num_buffers_per_channel, use_l1_small_for_semaphores. (all_gather.cpp:148)
2026-09-02 20:55:42.883 | warning  |              Op | The following ttnn.all_gather args are deprecated and will be removed in September-2026: num_links, topology, chunks_per_sync, num_workers_per_link, num_buffers_per_channel, use_l1_small_for_semaphores. (all_gather.cpp:148)
2026-09-02 20:55:42.883 | warning  |              Op | The following ttnn.all_gather args are deprecated and will be removed in September-2026: num_links, topology, chunks_per_sync, num_workers_per_link, num_buffers_per_channel, use_l1_small_for_semaphores. (all_gather.cpp:148)
2026-09-02 20:55:43.385 | warning  |              Op | The following ttnn.all_gather args are deprecated and will be removed in September-2026: num_links, topology, chunks_per_sync, num_workers_per_link, num_buffers_per_channel, use_l1_small_for_semaphores. (all_gather.cpp:148)
2026-09-02 20:55:43.385 | warning  |              Op | The following ttnn.all_gather args are deprecated and will be removed in September-2026: num_links, topology, chunks_per_sync, num_workers_per_link, num_buffers_per_channel, use_l1_small_for_semaphores. (all_gather.cpp:148)
2026-09-02 20:55:44.085 | warning  |              Op | The following ttnn.all_gather args are deprecated and will be removed in September-2026: num_links, topology, chunks_per_sync, num_workers_per_link, num_buffers_per_channel, use_l1_small_for_semaphores. (all_gather.cpp:148)
2026-09-02 20:55:44.085 | warning  |              Op | The following ttnn.all_gather args are deprecated and will be removed in September-2026: num_links, topology, chunks_per_sync, num_workers_per_link, num_buffers_per_channel, use_l1_small_for_semaphores. (all_gather.cpp:148)
2026-09-02 20:55:45.300 | warning  |              Op | The following ttnn.all_gather args are deprecated and will be removed in September-2026: num_links, topology, chunks_per_sync, num_workers_per_link, num_buffers_per_channel, use_l1_small_for_semaphores. (all_gather.cpp:148)
2026-09-02 20:55:45.300 | warning  |              Op | The following ttnn.all_gather args are deprecated and will be removed in September-2026: num_links, topology, chunks_per_sync, num_workers_per_link, num_buffers_per_channel, use_l1_small_for_semaphores. (all_gather.cpp:148)
2026-09-02 20:55:47.651 | warning  |              Op | The following ttnn.all_gather args are deprecated and will be removed in September-2026: num_links, topology, chunks_per_sync, num_workers_per_link, num_buffers_per_channel, use_l1_small_for_semaphores. (all_gather.cpp:148)
2026-09-02 20:55:47.652 | warning  |              Op | The following ttnn.all_gather args are deprecated and will be removed in September-2026: num_links, topology, chunks_per_sync, num_workers_per_link, num_buffers_per_channel, use_l1_small_for_semaphores. (all_gather.cpp:148)
2026-09-02 20:55:48.077 | warning  |              Op | The following ttnn.all_gather args are deprecated and will be removed in September-2026: num_links, topology, chunks_per_sync, num_workers_per_link, num_buffers_per_channel, use_l1_small_for_semaphores. (all_gather.cpp:148)
2026-09-02 20:55:48.077 | warning  |              Op | The following ttnn.all_gather args are deprecated and will be removed in September-2026: num_links, topology, chunks_per_sync, num_workers_per_link, num_buffers_per_channel, use_l1_small_for_semaphores. (all_gather.cpp:148)
2026-09-02 20:55:50.437 | warning  |              Op | The following ttnn.all_gather args are deprecated and will be removed in September-2026: num_links, topology, chunks_per_sync, num_workers_per_link, num_buffers_per_channel, use_l1_small_for_semaphores. (all_gather.cpp:148)
2026-09-02 20:55:50.438 | warning  |              Op | The following ttnn.all_gather args are deprecated and will be removed in September-2026: num_links, topology, chunks_per_sync, num_workers_per_link, num_buffers_per_channel, use_l1_small_for_semaphores. (all_gather.cpp:148)
2026-09-02 20:55:53.020 | warning  |              Op | The following ttnn.all_gather args are deprecated and will be removed in September-2026: num_links, topology, chunks_per_sync, num_workers_per_link, num_buffers_per_channel, use_l1_small_for_semaphores. (all_gather.cpp:148)
2026-09-02 20:55:53.020 | warning  |              Op | The following ttnn.all_gather args are deprecated and will be removed in September-2026: num_links, topology, chunks_per_sync, num_workers_per_link, num_buffers_per_channel, use_l1_small_for_semaphores. (all_gather.cpp:148)
2026-09-02 20:55:53.287 | warning  |              Op | The following ttnn.all_gather args are deprecated and will be removed in September-2026: num_links, topology, chunks_per_sync, num_workers_per_link, num_buffers_per_channel, use_l1_small_for_semaphores. (all_gather.cpp:148)
2026-09-02 20:55:53.287 | warning  |              Op | The following ttnn.all_gather args are deprecated and will be removed in September-2026: num_links, topology, chunks_per_sync, num_workers_per_link, num_buffers_per_channel, use_l1_small_for_semaphores. (all_gather.cpp:148)
2026-09-02 20:55:53.498 | warning  |              Op | The following ttnn.all_gather args are deprecated and will be removed in September-2026: num_links, topology, chunks_per_sync, num_workers_per_link, num_buffers_per_channel, use_l1_small_for_semaphores. (all_gather.cpp:148)
2026-09-02 20:55:53.499 | warning  |              Op | The following ttnn.all_gather args are deprecated and will be removed in September-2026: num_links, topology, chunks_per_sync, num_workers_per_link, num_buffers_per_channel, use_l1_small_for_semaphores. (all_gather.cpp:148)
2026-09-02 20:55:53.708 | warning  |              Op | The following ttnn.all_gather args are deprecated and will be removed in September-2026: num_links, topology, chunks_per_sync, num_workers_per_link, num_buffers_per_channel, use_l1_small_for_semaphores. (all_gather.cpp:148)
2026-09-02 20:55:53.708 | warning  |              Op | The following ttnn.all_gather args are deprecated and will be removed in September-2026: num_links, topology, chunks_per_sync, num_workers_per_link, num_buffers_per_channel, use_l1_small_for_semaphores. (all_gather.cpp:148)
2026-09-02 20:55:54.255 | warning  |              Op | The following ttnn.all_gather args are deprecated and will be removed in September-2026: num_links, topology, chunks_per_sync, num_workers_per_link, num_buffers_per_channel, use_l1_small_for_semaphores. (all_gather.cpp:148)
2026-09-02 20:55:54.255 | warning  |              Op | The following ttnn.all_gather args are deprecated and will be removed in September-2026: num_links, topology, chunks_per_sync, num_workers_per_link, num_buffers_per_channel, use_l1_small_for_semaphores. (all_gather.cpp:148)
----------------------------- Captured stderr call -----------------------------
2026-09-02 20:55:29.094 | DEBUG    | core:as_tensor:724 - Loaded cache for /localdev/gwang/tt_transformers/model_cache/llama33_70b/T3K/empty_kcache_paged_attention(2048, 1, 32, 128)_dtype_BFLOAT8_B_layout_TILE.tensorbin of shape Shape([2048, 1, 32, 128])
2026-09-02 20:55:29.098 | DEBUG    | core:as_tensor:724 - Loaded cache for /localdev/gwang/tt_transformers/model_cache/llama33_70b/T3K/empty_vcache_paged_attention(2048, 1, 32, 128)_dtype_BFLOAT8_B_layout_TILE.tensorbin of shape Shape([2048, 1, 32, 128])
2026-09-02 20:55:29.101 | DEBUG    | core:as_tensor:724 - Loaded cache for /localdev/gwang/tt_transformers/model_cache/llama33_70b/T3K/empty_kcache_paged_attention(2048, 1, 32, 128)_dtype_BFLOAT8_B_layout_TILE.tensorbin of shape Shape([2048, 1, 32, 128])
2026-09-02 20:55:29.104 | DEBUG    | core:as_tensor:724 - Loaded cache for /localdev/gwang/tt_transformers/model_cache/llama33_70b/T3K/empty_vcache_paged_attention(2048, 1, 32, 128)_dtype_BFLOAT8_B_layout_TILE.tensorbin of shape Shape([2048, 1, 32, 128])
2026-09-02 20:55:29.107 | DEBUG    | core:as_tensor:724 - Loaded cache for /localdev/gwang/tt_transformers/model_cache/llama33_70b/T3K/empty_kcache_paged_attention(2048, 1, 32, 128)_dtype_BFLOAT8_B_layout_TILE.tensorbin of shape Shape([2048, 1, 32, 128])
2026-09-02 20:55:29.110 | DEBUG    | core:as_tensor:724 - Loaded cache for /localdev/gwang/tt_transformers/model_cache/llama33_70b/T3K/empty_vcache_paged_attention(2048, 1, 32, 128)_dtype_BFLOAT8_B_layout_TILE.tensorbin of shape Shape([2048, 1, 32, 128])
2026-09-02 20:55:29.113 | DEBUG    | core:as_tensor:724 - Loaded cache for /localdev/gwang/tt_transformers/model_cache/llama33_70b/T3K/empty_kcache_paged_attention(2048, 1, 32, 128)_dtype_BFLOAT8_B_layout_TILE.tensorbin of shape Shape([2048, 1, 32, 128])
2026-09-02 20:55:29.116 | DEBUG    | core:as_tensor:724 - Loaded cache for /localdev/gwang/tt_transformers/model_cache/llama33_70b/T3K/empty_vcache_paged_attention(2048, 1, 32, 128)_dtype_BFLOAT8_B_layout_TILE.tensorbin of shape Shape([2048, 1, 32, 128])
2026-09-02 20:55:29.119 | DEBUG    | core:as_tensor:724 - Loaded cache for /localdev/gwang/tt_transformers/model_cache/llama33_70b/T3K/empty_kcache_paged_attention(2048, 1, 32, 128)_dtype_BFLOAT8_B_layout_TILE.tensorbin of shape Shape([2048, 1, 32, 128])
2026-09-02 20:55:29.122 | DEBUG    | core:as_tensor:724 - Loaded cache for /localdev/gwang/tt_transformers/model_cache/llama33_70b/T3K/empty_vcache_paged_attention(2048, 1, 32, 128)_dtype_BFLOAT8_B_layout_TILE.tensorbin of shape Shape([2048, 1, 32, 128])
2026-09-02 20:55:29.125 | DEBUG    | core:as_tensor:724 - Loaded cache for /localdev/gwang/tt_transformers/model_cache/llama33_70b/T3K/empty_kcache_paged_attention(2048, 1, 32, 128)_dtype_BFLOAT8_B_layout_TILE.tensorbin of shape Shape([2048, 1, 32, 128])
2026-09-02 20:55:29.128 | DEBUG    | core:as_tensor:724 - Loaded cache for /localdev/gwang/tt_transformers/model_cache/llama33_70b/T3K/empty_vcache_paged_attention(2048, 1, 32, 128)_dtype_BFLOAT8_B_layout_TILE.tensorbin of shape Shape([2048, 1, 32, 128])
2026-09-02 20:55:29.131 | DEBUG    | core:as_tensor:724 - Loaded cache for /localdev/gwang/tt_transformers/model_cache/llama33_70b/T3K/empty_kcache_paged_attention(2048, 1, 32, 128)_dtype_BFLOAT8_B_layout_TILE.tensorbin of shape Shape([2048, 1, 32, 128])
2026-09-02 20:55:29.134 | DEBUG    | core:as_tensor:724 - Loaded cache for /localdev/gwang/tt_transformers/model_cache/llama33_70b/T3K/empty_vcache_paged_attention(2048, 1, 32, 128)_dtype_BFLOAT8_B_layout_TILE.tensorbin of shape Shape([2048, 1, 32, 128])
2026-09-02 20:55:29.137 | DEBUG    | core:as_tensor:724 - Loaded cache for /localdev/gwang/tt_transformers/model_cache/llama33_70b/T3K/empty_kcache_paged_attention(2048, 1, 32, 128)_dtype_BFLOAT8_B_layout_TILE.tensorbin of shape Shape([2048, 1, 32, 128])
2026-09-02 20:55:29.140 | DEBUG    | core:as_tensor:724 - Loaded cache for /localdev/gwang/tt_transformers/model_cache/llama33_70b/T3K/empty_vcache_paged_attention(2048, 1, 32, 128)_dtype_BFLOAT8_B_layout_TILE.tensorbin of shape Shape([2048, 1, 32, 128])
2026-09-02 20:55:29.143 | DEBUG    | core:as_tensor:724 - Loaded cache for /localdev/gwang/tt_transformers/model_cache/llama33_70b/T3K/empty_kcache_paged_attention(2048, 1, 32, 128)_dtype_BFLOAT8_B_layout_TILE.tensorbin of shape Shape([2048, 1, 32, 128])
2026-09-02 20:55:29.146 | DEBUG    | core:as_tensor:724 - Loaded cache for /localdev/gwang/tt_transformers/model_cache/llama33_70b/T3K/empty_vcache_paged_attention(2048, 1, 32, 128)_dtype_BFLOAT8_B_layout_TILE.tensorbin of shape Shape([2048, 1, 32, 128])
2026-09-02 20:55:29.149 | DEBUG    | core:as_tensor:724 - Loaded cache for /localdev/gwang/tt_transformers/model_cache/llama33_70b/T3K/empty_kcache_paged_attention(2048, 1, 32, 128)_dtype_BFLOAT8_B_layout_TILE.tensorbin of shape Shape([2048, 1, 32, 128])
2026-09-02 20:55:29.152 | DEBUG    | core:as_tensor:724 - Loaded cache for /localdev/gwang/tt_transformers/model_cache/llama33_70b/T3K/empty_vcache_paged_attention(2048, 1, 32, 128)_dtype_BFLOAT8_B_layout_TILE.tensorbin of shape Shape([2048, 1, 32, 128])
2026-09-02 20:55:29.155 | DEBUG    | core:as_tensor:724 - Loaded cache for /localdev/gwang/tt_transformers/model_cache/llama33_70b/T3K/empty_kcache_paged_attention(2048, 1, 32, 128)_dtype_BFLOAT8_B_layout_TILE.tensorbin of shape Shape([2048, 1, 32, 128])
2026-09-02 20:55:29.158 | DEBUG    | core:as_tensor:724 - Loaded cache for /localdev/gwang/tt_transformers/model_cache/llama33_70b/T3K/empty_vcache_paged_attention(2048, 1, 32, 128)_dtype_BFLOAT8_B_layout_TILE.tensorbin of shape Shape([2048, 1, 32, 128])
2026-09-02 20:55:29.161 | DEBUG    | core:as_tensor:724 - Loaded cache for /localdev/gwang/tt_transformers/model_cache/llama33_70b/T3K/empty_kcache_paged_attention(2048, 1, 32, 128)_dtype_BFLOAT8_B_layout_TILE.tensorbin of shape Shape([2048, 1, 32, 128])
2026-09-02 20:55:29.164 | DEBUG    | core:as_tensor:724 - Loaded cache for /localdev/gwang/tt_transformers/model_cache/llama33_70b/T3K/empty_vcache_paged_attention(2048, 1, 32, 128)_dtype_BFLOAT8_B_layout_TILE.tensorbin of shape Shape([2048, 1, 32, 128])
2026-09-02 20:55:29.167 | DEBUG    | core:as_tensor:724 - Loaded cache for /localdev/gwang/tt_transformers/model_cache/llama33_70b/T3K/empty_kcache_paged_attention(2048, 1, 32, 128)_dtype_BFLOAT8_B_layout_TILE.tensorbin of shape Shape([2048, 1, 32, 128])
2026-09-02 20:55:29.170 | DEBUG    | core:as_tensor:724 - Loaded cache for /localdev/gwang/tt_transformers/model_cache/llama33_70b/T3K/empty_vcache_paged_attention(2048, 1, 32, 128)_dtype_BFLOAT8_B_layout_TILE.tensorbin of shape Shape([2048, 1, 32, 128])
2026-09-02 20:55:29.173 | DEBUG    | core:as_tensor:724 - Loaded cache for /localdev/gwang/tt_transformers/model_cache/llama33_70b/T3K/empty_kcache_paged_attention(2048, 1, 32, 128)_dtype_BFLOAT8_B_layout_TILE.tensorbin of shape Shape([2048, 1, 32, 128])
2026-09-02 20:55:29.176 | DEBUG    | core:as_tensor:724 - Loaded cache for /localdev/gwang/tt_transformers/model_cache/llama33_70b/T3K/empty_vcache_paged_attention(2048, 1, 32, 128)_dtype_BFLOAT8_B_layout_TILE.tensorbin of shape Shape([2048, 1, 32, 128])
2026-09-02 20:55:29.179 | DEBUG    | core:as_tensor:724 - Loaded cache for /localdev/gwang/tt_transformers/model_cache/llama33_70b/T3K/empty_kcache_paged_attention(2048, 1, 32, 128)_dtype_BFLOAT8_B_layout_TILE.tensorbin of shape Shape([2048, 1, 32, 128])
2026-09-02 20:55:29.182 | DEBUG    | core:as_tensor:724 - Loaded cache for /localdev/gwang/tt_transformers/model_cache/llama33_70b/T3K/empty_vcache_paged_attention(2048, 1, 32, 128)_dtype_BFLOAT8_B_layout_TILE.tensorbin of shape Shape([2048, 1, 32, 128])
2026-09-02 20:55:29.185 | DEBUG    | core:as_tensor:724 - Loaded cache for /localdev/gwang/tt_transformers/model_cache/llama33_70b/T3K/empty_kcache_paged_attention(2048, 1, 32, 128)_dtype_BFLOAT8_B_layout_TILE.tensorbin of shape Shape([2048, 1, 32, 128])
2026-09-02 20:55:29.188 | DEBUG    | core:as_tensor:724 - Loaded cache for /localdev/gwang/tt_transformers/model_cache/llama33_70b/T3K/empty_vcache_paged_attention(2048, 1, 32, 128)_dtype_BFLOAT8_B_layout_TILE.tensorbin of shape Shape([2048, 1, 32, 128])
2026-09-02 20:55:29.191 | DEBUG    | core:as_tensor:724 - Loaded cache for /localdev/gwang/tt_transformers/model_cache/llama33_70b/T3K/empty_kcache_paged_attention(2048, 1, 32, 128)_dtype_BFLOAT8_B_layout_TILE.tensorbin of shape Shape([2048, 1, 32, 128])
2026-09-02 20:55:29.194 | DEBUG    | core:as_tensor:724 - Loaded cache for /localdev/gwang/tt_transformers/model_cache/llama33_70b/T3K/empty_vcache_paged_attention(2048, 1, 32, 128)_dtype_BFLOAT8_B_layout_TILE.tensorbin of shape Shape([2048, 1, 32, 128])
2026-09-02 20:55:29.197 | DEBUG    | core:as_tensor:724 - Loaded cache for /localdev/gwang/tt_transformers/model_cache/llama33_70b/T3K/empty_kcache_paged_attention(2048, 1, 32, 128)_dtype_BFLOAT8_B_layout_TILE.tensorbin of shape Shape([2048, 1, 32, 128])
2026-09-02 20:55:29.201 | DEBUG    | core:as_tensor:724 - Loaded cache for /localdev/gwang/tt_transformers/model_cache/llama33_70b/T3K/empty_vcache_paged_attention(2048, 1, 32, 128)_dtype_BFLOAT8_B_layout_TILE.tensorbin of shape Shape([2048, 1, 32, 128])
2026-09-02 20:55:29.204 | DEBUG    | core:as_tensor:724 - Loaded cache for /localdev/gwang/tt_transformers/model_cache/llama33_70b/T3K/empty_kcache_paged_attention(2048, 1, 32, 128)_dtype_BFLOAT8_B_layout_TILE.tensorbin of shape Shape([2048, 1, 32, 128])
2026-09-02 20:55:29.208 | DEBUG    | core:as_tensor:724 - Loaded cache for /localdev/gwang/tt_transformers/model_cache/llama33_70b/T3K/empty_vcache_paged_attention(2048, 1, 32, 128)_dtype_BFLOAT8_B_layout_TILE.tensorbin of shape Shape([2048, 1, 32, 128])
2026-09-02 20:55:29.211 | DEBUG    | core:as_tensor:724 - Loaded cache for /localdev/gwang/tt_transformers/model_cache/llama33_70b/T3K/empty_kcache_paged_attention(2048, 1, 32, 128)_dtype_BFLOAT8_B_layout_TILE.tensorbin of shape Shape([2048, 1, 32, 128])
2026-09-02 20:55:29.214 | DEBUG    | core:as_tensor:724 - Loaded cache for /localdev/gwang/tt_transformers/model_cache/llama33_70b/T3K/empty_vcache_paged_attention(2048, 1, 32, 128)_dtype_BFLOAT8_B_layout_TILE.tensorbin of shape Shape([2048, 1, 32, 128])
2026-09-02 20:55:29.218 | DEBUG    | core:as_tensor:724 - Loaded cache for /localdev/gwang/tt_transformers/model_cache/llama33_70b/T3K/empty_kcache_paged_attention(2048, 1, 32, 128)_dtype_BFLOAT8_B_layout_TILE.tensorbin of shape Shape([2048, 1, 32, 128])
2026-09-02 20:55:29.221 | DEBUG    | core:as_tensor:724 - Loaded cache for /localdev/gwang/tt_transformers/model_cache/llama33_70b/T3K/empty_vcache_paged_attention(2048, 1, 32, 128)_dtype_BFLOAT8_B_layout_TILE.tensorbin of shape Shape([2048, 1, 32, 128])
2026-09-02 20:55:29.224 | DEBUG    | core:as_tensor:724 - Loaded cache for /localdev/gwang/tt_transformers/model_cache/llama33_70b/T3K/empty_kcache_paged_attention(2048, 1, 32, 128)_dtype_BFLOAT8_B_layout_TILE.tensorbin of shape Shape([2048, 1, 32, 128])
2026-09-02 20:55:29.227 | DEBUG    | core:as_tensor:724 - Loaded cache for /localdev/gwang/tt_transformers/model_cache/llama33_70b/T3K/empty_vcache_paged_attention(2048, 1, 32, 128)_dtype_BFLOAT8_B_layout_TILE.tensorbin of shape Shape([2048, 1, 32, 128])
2026-09-02 20:55:29.230 | DEBUG    | core:as_tensor:724 - Loaded cache for /localdev/gwang/tt_transformers/model_cache/llama33_70b/T3K/empty_kcache_paged_attention(2048, 1, 32, 128)_dtype_BFLOAT8_B_layout_TILE.tensorbin of shape Shape([2048, 1, 32, 128])
2026-09-02 20:55:29.233 | DEBUG    | core:as_tensor:724 - Loaded cache for /localdev/gwang/tt_transformers/model_cache/llama33_70b/T3K/empty_vcache_paged_attention(2048, 1, 32, 128)_dtype_BFLOAT8_B_layout_TILE.tensorbin of shape Shape([2048, 1, 32, 128])
2026-09-02 20:55:29.236 | DEBUG    | core:as_tensor:724 - Loaded cache for /localdev/gwang/tt_transformers/model_cache/llama33_70b/T3K/empty_kcache_paged_attention(2048, 1, 32, 128)_dtype_BFLOAT8_B_layout_TILE.tensorbin of shape Shape([2048, 1, 32, 128])
2026-09-02 20:55:29.239 | DEBUG    | core:as_tensor:724 - Loaded cache for /localdev/gwang/tt_transformers/model_cache/llama33_70b/T3K/empty_vcache_paged_attention(2048, 1, 32, 128)_dtype_BFLOAT8_B_layout_TILE.tensorbin of shape Shape([2048, 1, 32, 128])
2026-09-02 20:55:29.243 | DEBUG    | core:as_tensor:724 - Loaded cache for /localdev/gwang/tt_transformers/model_cache/llama33_70b/T3K/empty_kcache_paged_attention(2048, 1, 32, 128)_dtype_BFLOAT8_B_layout_TILE.tensorbin of shape Shape([2048, 1, 32, 128])
2026-09-02 20:55:29.246 | DEBUG    | core:as_tensor:724 - Loaded cache for /localdev/gwang/tt_transformers/model_cache/llama33_70b/T3K/empty_vcache_paged_attention(2048, 1, 32, 128)_dtype_BFLOAT8_B_layout_TILE.tensorbin of shape Shape([2048, 1, 32, 128])
2026-09-02 20:55:29.249 | DEBUG    | core:as_tensor:724 - Loaded cache for /localdev/gwang/tt_transformers/model_cache/llama33_70b/T3K/empty_kcache_paged_attention(2048, 1, 32, 128)_dtype_BFLOAT8_B_layout_TILE.tensorbin of shape Shape([2048, 1, 32, 128])
2026-09-02 20:55:29.252 | DEBUG    | core:as_tensor:724 - Loaded cache for /localdev/gwang/tt_transformers/model_cache/llama33_70b/T3K/empty_vcache_paged_attention(2048, 1, 32, 128)_dtype_BFLOAT8_B_layout_TILE.tensorbin of shape Shape([2048, 1, 32, 128])
2026-09-02 20:55:29.255 | DEBUG    | core:as_tensor:724 - Loaded cache for /localdev/gwang/tt_transformers/model_cache/llama33_70b/T3K/empty_kcache_paged_attention(2048, 1, 32, 128)_dtype_BFLOAT8_B_layout_TILE.tensorbin of shape Shape([2048, 1, 32, 128])
2026-09-02 20:55:29.258 | DEBUG    | core:as_tensor:724 - Loaded cache for /localdev/gwang/tt_transformers/model_cache/llama33_70b/T3K/empty_vcache_paged_attention(2048, 1, 32, 128)_dtype_BFLOAT8_B_layout_TILE.tensorbin of shape Shape([2048, 1, 32, 128])
2026-09-02 20:55:29.261 | DEBUG    | core:as_tensor:724 - Loaded cache for /localdev/gwang/tt_transformers/model_cache/llama33_70b/T3K/empty_kcache_paged_attention(2048, 1, 32, 128)_dtype_BFLOAT8_B_layout_TILE.tensorbin of shape Shape([2048, 1, 32, 128])
2026-09-02 20:55:29.264 | DEBUG    | core:as_tensor:724 - Loaded cache for /localdev/gwang/tt_transformers/model_cache/llama33_70b/T3K/empty_vcache_paged_attention(2048, 1, 32, 128)_dtype_BFLOAT8_B_layout_TILE.tensorbin of shape Shape([2048, 1, 32, 128])
2026-09-02 20:55:29.268 | DEBUG    | core:as_tensor:724 - Loaded cache for /localdev/gwang/tt_transformers/model_cache/llama33_70b/T3K/empty_kcache_paged_attention(2048, 1, 32, 128)_dtype_BFLOAT8_B_layout_TILE.tensorbin of shape Shape([2048, 1, 32, 128])
2026-09-02 20:55:29.271 | DEBUG    | core:as_tensor:724 - Loaded cache for /localdev/gwang/tt_transformers/model_cache/llama33_70b/T3K/empty_vcache_paged_attention(2048, 1, 32, 128)_dtype_BFLOAT8_B_layout_TILE.tensorbin of shape Shape([2048, 1, 32, 128])
2026-09-02 20:55:29.274 | DEBUG    | core:as_tensor:724 - Loaded cache for /localdev/gwang/tt_transformers/model_cache/llama33_70b/T3K/empty_kcache_paged_attention(2048, 1, 32, 128)_dtype_BFLOAT8_B_layout_TILE.tensorbin of shape Shape([2048, 1, 32, 128])
2026-09-02 20:55:29.277 | DEBUG    | core:as_tensor:724 - Loaded cache for /localdev/gwang/tt_transformers/model_cache/llama33_70b/T3K/empty_vcache_paged_attention(2048, 1, 32, 128)_dtype_BFLOAT8_B_layout_TILE.tensorbin of shape Shape([2048, 1, 32, 128])
2026-09-02 20:55:29.280 | DEBUG    | core:as_tensor:724 - Loaded cache for /localdev/gwang/tt_transformers/model_cache/llama33_70b/T3K/empty_kcache_paged_attention(2048, 1, 32, 128)_dtype_BFLOAT8_B_layout_TILE.tensorbin of shape Shape([2048, 1, 32, 128])
2026-09-02 20:55:29.283 | DEBUG    | core:as_tensor:724 - Loaded cache for /localdev/gwang/tt_transformers/model_cache/llama33_70b/T3K/empty_vcache_paged_attention(2048, 1, 32, 128)_dtype_BFLOAT8_B_layout_TILE.tensorbin of shape Shape([2048, 1, 32, 128])
2026-09-02 20:55:29.286 | DEBUG    | core:as_tensor:724 - Loaded cache for /localdev/gwang/tt_transformers/model_cache/llama33_70b/T3K/empty_kcache_paged_attention(2048, 1, 32, 128)_dtype_BFLOAT8_B_layout_TILE.tensorbin of shape Shape([2048, 1, 32, 128])
2026-09-02 20:55:29.289 | DEBUG    | core:as_tensor:724 - Loaded cache for /localdev/gwang/tt_transformers/model_cache/llama33_70b/T3K/empty_vcache_paged_attention(2048, 1, 32, 128)_dtype_BFLOAT8_B_layout_TILE.tensorbin of shape Shape([2048, 1, 32, 128])
2026-09-02 20:55:29.292 | DEBUG    | core:as_tensor:724 - Loaded cache for /localdev/gwang/tt_transformers/model_cache/llama33_70b/T3K/empty_kcache_paged_attention(2048, 1, 32, 128)_dtype_BFLOAT8_B_layout_TILE.tensorbin of shape Shape([2048, 1, 32, 128])
2026-09-02 20:55:29.295 | DEBUG    | core:as_tensor:724 - Loaded cache for /localdev/gwang/tt_transformers/model_cache/llama33_70b/T3K/empty_vcache_paged_attention(2048, 1, 32, 128)_dtype_BFLOAT8_B_layout_TILE.tensorbin of shape Shape([2048, 1, 32, 128])
2026-09-02 20:55:29.298 | DEBUG    | core:as_tensor:724 - Loaded cache for /localdev/gwang/tt_transformers/model_cache/llama33_70b/T3K/empty_kcache_paged_attention(2048, 1, 32, 128)_dtype_BFLOAT8_B_layout_TILE.tensorbin of shape Shape([2048, 1, 32, 128])
2026-09-02 20:55:29.301 | DEBUG    | core:as_tensor:724 - Loaded cache for /localdev/gwang/tt_transformers/model_cache/llama33_70b/T3K/empty_vcache_paged_attention(2048, 1, 32, 128)_dtype_BFLOAT8_B_layout_TILE.tensorbin of shape Shape([2048, 1, 32, 128])
2026-09-02 20:55:29.304 | DEBUG    | core:as_tensor:724 - Loaded cache for /localdev/gwang/tt_transformers/model_cache/llama33_70b/T3K/empty_kcache_paged_attention(2048, 1, 32, 128)_dtype_BFLOAT8_B_layout_TILE.tensorbin of shape Shape([2048, 1, 32, 128])
2026-09-02 20:55:29.307 | DEBUG    | core:as_tensor:724 - Loaded cache for /localdev/gwang/tt_transformers/model_cache/llama33_70b/T3K/empty_vcache_paged_attention(2048, 1, 32, 128)_dtype_BFLOAT8_B_layout_TILE.tensorbin of shape Shape([2048, 1, 32, 128])
2026-09-02 20:55:29.310 | DEBUG    | core:as_tensor:724 - Loaded cache for /localdev/gwang/tt_transformers/model_cache/llama33_70b/T3K/empty_kcache_paged_attention(2048, 1, 32, 128)_dtype_BFLOAT8_B_layout_TILE.tensorbin of shape Shape([2048, 1, 32, 128])
2026-09-02 20:55:29.314 | DEBUG    | core:as_tensor:724 - Loaded cache for /localdev/gwang/tt_transformers/model_cache/llama33_70b/T3K/empty_vcache_paged_attention(2048, 1, 32, 128)_dtype_BFLOAT8_B_layout_TILE.tensorbin of shape Shape([2048, 1, 32, 128])
2026-09-02 20:55:29.317 | DEBUG    | core:as_tensor:724 - Loaded cache for /localdev/gwang/tt_transformers/model_cache/llama33_70b/T3K/empty_kcache_paged_attention(2048, 1, 32, 128)_dtype_BFLOAT8_B_layout_TILE.tensorbin of shape Shape([2048, 1, 32, 128])
2026-09-02 20:55:29.320 | DEBUG    | core:as_tensor:724 - Loaded cache for /localdev/gwang/tt_transformers/model_cache/llama33_70b/T3K/empty_vcache_paged_attention(2048, 1, 32, 128)_dtype_BFLOAT8_B_layout_TILE.tensorbin of shape Shape([2048, 1, 32, 128])
2026-09-02 20:55:29.323 | DEBUG    | core:as_tensor:724 - Loaded cache for /localdev/gwang/tt_transformers/model_cache/llama33_70b/T3K/empty_kcache_paged_attention(2048, 1, 32, 128)_dtype_BFLOAT8_B_layout_TILE.tensorbin of shape Shape([2048, 1, 32, 128])
2026-09-02 20:55:29.326 | DEBUG    | core:as_tensor:724 - Loaded cache for /localdev/gwang/tt_transformers/model_cache/llama33_70b/T3K/empty_vcache_paged_attention(2048, 1, 32, 128)_dtype_BFLOAT8_B_layout_TILE.tensorbin of shape Shape([2048, 1, 32, 128])
2026-09-02 20:55:29.329 | DEBUG    | core:as_tensor:724 - Loaded cache for /localdev/gwang/tt_transformers/model_cache/llama33_70b/T3K/empty_kcache_paged_attention(2048, 1, 32, 128)_dtype_BFLOAT8_B_layout_TILE.tensorbin of shape Shape([2048, 1, 32, 128])
2026-09-02 20:55:29.332 | DEBUG    | core:as_tensor:724 - Loaded cache for /localdev/gwang/tt_transformers/model_cache/llama33_70b/T3K/empty_vcache_paged_attention(2048, 1, 32, 128)_dtype_BFLOAT8_B_layout_TILE.tensorbin of shape Shape([2048, 1, 32, 128])
2026-09-02 20:55:29.335 | DEBUG    | core:as_tensor:724 - Loaded cache for /localdev/gwang/tt_transformers/model_cache/llama33_70b/T3K/empty_kcache_paged_attention(2048, 1, 32, 128)_dtype_BFLOAT8_B_layout_TILE.tensorbin of shape Shape([2048, 1, 32, 128])
2026-09-02 20:55:29.339 | DEBUG    | core:as_tensor:724 - Loaded cache for /localdev/gwang/tt_transformers/model_cache/llama33_70b/T3K/empty_vcache_paged_attention(2048, 1, 32, 128)_dtype_BFLOAT8_B_layout_TILE.tensorbin of shape Shape([2048, 1, 32, 128])
2026-09-02 20:55:29.342 | DEBUG    | core:as_tensor:724 - Loaded cache for /localdev/gwang/tt_transformers/model_cache/llama33_70b/T3K/empty_kcache_paged_attention(2048, 1, 32, 128)_dtype_BFLOAT8_B_layout_TILE.tensorbin of shape Shape([2048, 1, 32, 128])
2026-09-02 20:55:29.345 | DEBUG    | core:as_tensor:724 - Loaded cache for /localdev/gwang/tt_transformers/model_cache/llama33_70b/T3K/empty_vcache_paged_attention(2048, 1, 32, 128)_dtype_BFLOAT8_B_layout_TILE.tensorbin of shape Shape([2048, 1, 32, 128])
2026-09-02 20:55:29.348 | DEBUG    | core:as_tensor:724 - Loaded cache for /localdev/gwang/tt_transformers/model_cache/llama33_70b/T3K/empty_kcache_paged_attention(2048, 1, 32, 128)_dtype_BFLOAT8_B_layout_TILE.tensorbin of shape Shape([2048, 1, 32, 128])
2026-09-02 20:55:29.351 | DEBUG    | core:as_tensor:724 - Loaded cache for /localdev/gwang/tt_transformers/model_cache/llama33_70b/T3K/empty_vcache_paged_attention(2048, 1, 32, 128)_dtype_BFLOAT8_B_layout_TILE.tensorbin of shape Shape([2048, 1, 32, 128])
2026-09-02 20:55:29.354 | DEBUG    | core:as_tensor:724 - Loaded cache for /localdev/gwang/tt_transformers/model_cache/llama33_70b/T3K/empty_kcache_paged_attention(2048, 1, 32, 128)_dtype_BFLOAT8_B_layout_TILE.tensorbin of shape Shape([2048, 1, 32, 128])
2026-09-02 20:55:29.357 | DEBUG    | core:as_tensor:724 - Loaded cache for /localdev/gwang/tt_transformers/model_cache/llama33_70b/T3K/empty_vcache_paged_attention(2048, 1, 32, 128)_dtype_BFLOAT8_B_layout_TILE.tensorbin of shape Shape([2048, 1, 32, 128])
2026-09-02 20:55:29.360 | DEBUG    | core:as_tensor:724 - Loaded cache for /localdev/gwang/tt_transformers/model_cache/llama33_70b/T3K/empty_kcache_paged_attention(2048, 1, 32, 128)_dtype_BFLOAT8_B_layout_TILE.tensorbin of shape Shape([2048, 1, 32, 128])
2026-09-02 20:55:29.363 | DEBUG    | core:as_tensor:724 - Loaded cache for /localdev/gwang/tt_transformers/model_cache/llama33_70b/T3K/empty_vcache_paged_attention(2048, 1, 32, 128)_dtype_BFLOAT8_B_layout_TILE.tensorbin of shape Shape([2048, 1, 32, 128])
2026-09-02 20:55:29.366 | DEBUG    | core:as_tensor:724 - Loaded cache for /localdev/gwang/tt_transformers/model_cache/llama33_70b/T3K/empty_kcache_paged_attention(2048, 1, 32, 128)_dtype_BFLOAT8_B_layout_TILE.tensorbin of shape Shape([2048, 1, 32, 128])
2026-09-02 20:55:29.369 | DEBUG    | core:as_tensor:724 - Loaded cache for /localdev/gwang/tt_transformers/model_cache/llama33_70b/T3K/empty_vcache_paged_attention(2048, 1, 32, 128)_dtype_BFLOAT8_B_layout_TILE.tensorbin of shape Shape([2048, 1, 32, 128])
2026-09-02 20:55:29.373 | DEBUG    | core:as_tensor:724 - Loaded cache for /localdev/gwang/tt_transformers/model_cache/llama33_70b/T3K/empty_kcache_paged_attention(2048, 1, 32, 128)_dtype_BFLOAT8_B_layout_TILE.tensorbin of shape Shape([2048, 1, 32, 128])
2026-09-02 20:55:29.376 | DEBUG    | core:as_tensor:724 - Loaded cache for /localdev/gwang/tt_transformers/model_cache/llama33_70b/T3K/empty_vcache_paged_attention(2048, 1, 32, 128)_dtype_BFLOAT8_B_layout_TILE.tensorbin of shape Shape([2048, 1, 32, 128])
2026-09-02 20:55:29.379 | DEBUG    | core:as_tensor:724 - Loaded cache for /localdev/gwang/tt_transformers/model_cache/llama33_70b/T3K/empty_kcache_paged_attention(2048, 1, 32, 128)_dtype_BFLOAT8_B_layout_TILE.tensorbin of shape Shape([2048, 1, 32, 128])
2026-09-02 20:55:29.382 | DEBUG    | core:as_tensor:724 - Loaded cache for /localdev/gwang/tt_transformers/model_cache/llama33_70b/T3K/empty_vcache_paged_attention(2048, 1, 32, 128)_dtype_BFLOAT8_B_layout_TILE.tensorbin of shape Shape([2048, 1, 32, 128])
2026-09-02 20:55:29.385 | DEBUG    | core:as_tensor:724 - Loaded cache for /localdev/gwang/tt_transformers/model_cache/llama33_70b/T3K/empty_kcache_paged_attention(2048, 1, 32, 128)_dtype_BFLOAT8_B_layout_TILE.tensorbin of shape Shape([2048, 1, 32, 128])
2026-09-02 20:55:29.388 | DEBUG    | core:as_tensor:724 - Loaded cache for /localdev/gwang/tt_transformers/model_cache/llama33_70b/T3K/empty_vcache_paged_attention(2048, 1, 32, 128)_dtype_BFLOAT8_B_layout_TILE.tensorbin of shape Shape([2048, 1, 32, 128])
2026-09-02 20:55:29.391 | DEBUG    | core:as_tensor:724 - Loaded cache for /localdev/gwang/tt_transformers/model_cache/llama33_70b/T3K/empty_kcache_paged_attention(2048, 1, 32, 128)_dtype_BFLOAT8_B_layout_TILE.tensorbin of shape Shape([2048, 1, 32, 128])
2026-09-02 20:55:29.394 | DEBUG    | core:as_tensor:724 - Loaded cache for /localdev/gwang/tt_transformers/model_cache/llama33_70b/T3K/empty_vcache_paged_attention(2048, 1, 32, 128)_dtype_BFLOAT8_B_layout_TILE.tensorbin of shape Shape([2048, 1, 32, 128])
2026-09-02 20:55:29.397 | DEBUG    | core:as_tensor:724 - Loaded cache for /localdev/gwang/tt_transformers/model_cache/llama33_70b/T3K/empty_kcache_paged_attention(2048, 1, 32, 128)_dtype_BFLOAT8_B_layout_TILE.tensorbin of shape Shape([2048, 1, 32, 128])
2026-09-02 20:55:29.400 | DEBUG    | core:as_tensor:724 - Loaded cache for /localdev/gwang/tt_transformers/model_cache/llama33_70b/T3K/empty_vcache_paged_attention(2048, 1, 32, 128)_dtype_BFLOAT8_B_layout_TILE.tensorbin of shape Shape([2048, 1, 32, 128])
2026-09-02 20:55:29.404 | DEBUG    | core:as_tensor:724 - Loaded cache for /localdev/gwang/tt_transformers/model_cache/llama33_70b/T3K/empty_kcache_paged_attention(2048, 1, 32, 128)_dtype_BFLOAT8_B_layout_TILE.tensorbin of shape Shape([2048, 1, 32, 128])
2026-09-02 20:55:29.407 | DEBUG    | core:as_tensor:724 - Loaded cache for /localdev/gwang/tt_transformers/model_cache/llama33_70b/T3K/empty_vcache_paged_attention(2048, 1, 32, 128)_dtype_BFLOAT8_B_layout_TILE.tensorbin of shape Shape([2048, 1, 32, 128])
2026-09-02 20:55:29.410 | DEBUG    | core:as_tensor:724 - Loaded cache for /localdev/gwang/tt_transformers/model_cache/llama33_70b/T3K/empty_kcache_paged_attention(2048, 1, 32, 128)_dtype_BFLOAT8_B_layout_TILE.tensorbin of shape Shape([2048, 1, 32, 128])
2026-09-02 20:55:29.413 | DEBUG    | core:as_tensor:724 - Loaded cache for /localdev/gwang/tt_transformers/model_cache/llama33_70b/T3K/empty_vcache_paged_attention(2048, 1, 32, 128)_dtype_BFLOAT8_B_layout_TILE.tensorbin of shape Shape([2048, 1, 32, 128])
2026-09-02 20:55:29.416 | DEBUG    | core:as_tensor:724 - Loaded cache for /localdev/gwang/tt_transformers/model_cache/llama33_70b/T3K/empty_kcache_paged_attention(2048, 1, 32, 128)_dtype_BFLOAT8_B_layout_TILE.tensorbin of shape Shape([2048, 1, 32, 128])
2026-09-02 20:55:29.419 | DEBUG    | core:as_tensor:724 - Loaded cache for /localdev/gwang/tt_transformers/model_cache/llama33_70b/T3K/empty_vcache_paged_attention(2048, 1, 32, 128)_dtype_BFLOAT8_B_layout_TILE.tensorbin of shape Shape([2048, 1, 32, 128])
2026-09-02 20:55:29.422 | DEBUG    | core:as_tensor:724 - Loaded cache for /localdev/gwang/tt_transformers/model_cache/llama33_70b/T3K/empty_kcache_paged_attention(2048, 1, 32, 128)_dtype_BFLOAT8_B_layout_TILE.tensorbin of shape Shape([2048, 1, 32, 128])
2026-09-02 20:55:29.425 | DEBUG    | core:as_tensor:724 - Loaded cache for /localdev/gwang/tt_transformers/model_cache/llama33_70b/T3K/empty_vcache_paged_attention(2048, 1, 32, 128)_dtype_BFLOAT8_B_layout_TILE.tensorbin of shape Shape([2048, 1, 32, 128])
2026-09-02 20:55:29.428 | DEBUG    | core:as_tensor:724 - Loaded cache for /localdev/gwang/tt_transformers/model_cache/llama33_70b/T3K/empty_kcache_paged_attention(2048, 1, 32, 128)_dtype_BFLOAT8_B_layout_TILE.tensorbin of shape Shape([2048, 1, 32, 128])
2026-09-02 20:55:29.431 | DEBUG    | core:as_tensor:724 - Loaded cache for /localdev/gwang/tt_transformers/model_cache/llama33_70b/T3K/empty_vcache_paged_attention(2048, 1, 32, 128)_dtype_BFLOAT8_B_layout_TILE.tensorbin of shape Shape([2048, 1, 32, 128])
2026-09-02 20:55:29.434 | DEBUG    | core:as_tensor:724 - Loaded cache for /localdev/gwang/tt_transformers/model_cache/llama33_70b/T3K/empty_kcache_paged_attention(2048, 1, 32, 128)_dtype_BFLOAT8_B_layout_TILE.tensorbin of shape Shape([2048, 1, 32, 128])
2026-09-02 20:55:29.437 | DEBUG    | core:as_tensor:724 - Loaded cache for /localdev/gwang/tt_transformers/model_cache/llama33_70b/T3K/empty_vcache_paged_attention(2048, 1, 32, 128)_dtype_BFLOAT8_B_layout_TILE.tensorbin of shape Shape([2048, 1, 32, 128])
2026-09-02 20:55:29.440 | DEBUG    | core:as_tensor:724 - Loaded cache for /localdev/gwang/tt_transformers/model_cache/llama33_70b/T3K/empty_kcache_paged_attention(2048, 1, 32, 128)_dtype_BFLOAT8_B_layout_TILE.tensorbin of shape Shape([2048, 1, 32, 128])
2026-09-02 20:55:29.444 | DEBUG    | core:as_tensor:724 - Loaded cache for /localdev/gwang/tt_transformers/model_cache/llama33_70b/T3K/empty_vcache_paged_attention(2048, 1, 32, 128)_dtype_BFLOAT8_B_layout_TILE.tensorbin of shape Shape([2048, 1, 32, 128])
2026-09-02 20:55:29.447 | DEBUG    | core:as_tensor:724 - Loaded cache for /localdev/gwang/tt_transformers/model_cache/llama33_70b/T3K/empty_kcache_paged_attention(2048, 1, 32, 128)_dtype_BFLOAT8_B_layout_TILE.tensorbin of shape Shape([2048, 1, 32, 128])
2026-09-02 20:55:29.450 | DEBUG    | core:as_tensor:724 - Loaded cache for /localdev/gwang/tt_transformers/model_cache/llama33_70b/T3K/empty_vcache_paged_attention(2048, 1, 32, 128)_dtype_BFLOAT8_B_layout_TILE.tensorbin of shape Shape([2048, 1, 32, 128])
2026-09-02 20:55:29.453 | DEBUG    | core:as_tensor:724 - Loaded cache for /localdev/gwang/tt_transformers/model_cache/llama33_70b/T3K/empty_kcache_paged_attention(2048, 1, 32, 128)_dtype_BFLOAT8_B_layout_TILE.tensorbin of shape Shape([2048, 1, 32, 128])
2026-09-02 20:55:29.456 | DEBUG    | core:as_tensor:724 - Loaded cache for /localdev/gwang/tt_transformers/model_cache/llama33_70b/T3K/empty_vcache_paged_attention(2048, 1, 32, 128)_dtype_BFLOAT8_B_layout_TILE.tensorbin of shape Shape([2048, 1, 32, 128])
2026-09-02 20:55:29.459 | DEBUG    | core:as_tensor:724 - Loaded cache for /localdev/gwang/tt_transformers/model_cache/llama33_70b/T3K/empty_kcache_paged_attention(2048, 1, 32, 128)_dtype_BFLOAT8_B_layout_TILE.tensorbin of shape Shape([2048, 1, 32, 128])
2026-09-02 20:55:29.462 | DEBUG    | core:as_tensor:724 - Loaded cache for /localdev/gwang/tt_transformers/model_cache/llama33_70b/T3K/empty_vcache_paged_attention(2048, 1, 32, 128)_dtype_BFLOAT8_B_layout_TILE.tensorbin of shape Shape([2048, 1, 32, 128])
2026-09-02 20:55:29.465 | DEBUG    | core:as_tensor:724 - Loaded cache for /localdev/gwang/tt_transformers/model_cache/llama33_70b/T3K/empty_kcache_paged_attention(2048, 1, 32, 128)_dtype_BFLOAT8_B_layout_TILE.tensorbin of shape Shape([2048, 1, 32, 128])
2026-09-02 20:55:29.468 | DEBUG    | core:as_tensor:724 - Loaded cache for /localdev/gwang/tt_transformers/model_cache/llama33_70b/T3K/empty_vcache_paged_attention(2048, 1, 32, 128)_dtype_BFLOAT8_B_layout_TILE.tensorbin of shape Shape([2048, 1, 32, 128])
2026-09-02 20:55:29.471 | DEBUG    | core:as_tensor:724 - Loaded cache for /localdev/gwang/tt_transformers/model_cache/llama33_70b/T3K/empty_kcache_paged_attention(2048, 1, 32, 128)_dtype_BFLOAT8_B_layout_TILE.tensorbin of shape Shape([2048, 1, 32, 128])
2026-09-02 20:55:29.475 | DEBUG    | core:as_tensor:724 - Loaded cache for /localdev/gwang/tt_transformers/model_cache/llama33_70b/T3K/empty_vcache_paged_attention(2048, 1, 32, 128)_dtype_BFLOAT8_B_layout_TILE.tensorbin of shape Shape([2048, 1, 32, 128])
2026-09-02 20:55:29.478 | DEBUG    | core:as_tensor:724 - Loaded cache for /localdev/gwang/tt_transformers/model_cache/llama33_70b/T3K/empty_kcache_paged_attention(2048, 1, 32, 128)_dtype_BFLOAT8_B_layout_TILE.tensorbin of shape Shape([2048, 1, 32, 128])
2026-09-02 20:55:29.481 | DEBUG    | core:as_tensor:724 - Loaded cache for /localdev/gwang/tt_transformers/model_cache/llama33_70b/T3K/empty_vcache_paged_attention(2048, 1, 32, 128)_dtype_BFLOAT8_B_layout_TILE.tensorbin of shape Shape([2048, 1, 32, 128])
2026-09-02 20:55:29.484 | DEBUG    | core:as_tensor:724 - Loaded cache for /localdev/gwang/tt_transformers/model_cache/llama33_70b/T3K/empty_kcache_paged_attention(2048, 1, 32, 128)_dtype_BFLOAT8_B_layout_TILE.tensorbin of shape Shape([2048, 1, 32, 128])
2026-09-02 20:55:29.487 | DEBUG    | core:as_tensor:724 - Loaded cache for /localdev/gwang/tt_transformers/model_cache/llama33_70b/T3K/empty_vcache_paged_attention(2048, 1, 32, 128)_dtype_BFLOAT8_B_layout_TILE.tensorbin of shape Shape([2048, 1, 32, 128])
2026-09-02 20:55:29.490 | DEBUG    | core:as_tensor:724 - Loaded cache for /localdev/gwang/tt_transformers/model_cache/llama33_70b/T3K/empty_kcache_paged_attention(2048, 1, 32, 128)_dtype_BFLOAT8_B_layout_TILE.tensorbin of shape Shape([2048, 1, 32, 128])
2026-09-02 20:55:29.493 | DEBUG    | core:as_tensor:724 - Loaded cache for /localdev/gwang/tt_transformers/model_cache/llama33_70b/T3K/empty_vcache_paged_attention(2048, 1, 32, 128)_dtype_BFLOAT8_B_layout_TILE.tensorbin of shape Shape([2048, 1, 32, 128])
2026-09-02 20:55:29.496 | DEBUG    | core:as_tensor:724 - Loaded cache for /localdev/gwang/tt_transformers/model_cache/llama33_70b/T3K/empty_kcache_paged_attention(2048, 1, 32, 128)_dtype_BFLOAT8_B_layout_TILE.tensorbin of shape Shape([2048, 1, 32, 128])
2026-09-02 20:55:29.499 | DEBUG    | core:as_tensor:724 - Loaded cache for /localdev/gwang/tt_transformers/model_cache/llama33_70b/T3K/empty_vcache_paged_attention(2048, 1, 32, 128)_dtype_BFLOAT8_B_layout_TILE.tensorbin of shape Shape([2048, 1, 32, 128])
2026-09-02 20:55:29.502 | DEBUG    | core:as_tensor:724 - Loaded cache for /localdev/gwang/tt_transformers/model_cache/llama33_70b/T3K/empty_kcache_paged_attention(2048, 1, 32, 128)_dtype_BFLOAT8_B_layout_TILE.tensorbin of shape Shape([2048, 1, 32, 128])
2026-09-02 20:55:29.505 | DEBUG    | core:as_tensor:724 - Loaded cache for /localdev/gwang/tt_transformers/model_cache/llama33_70b/T3K/empty_vcache_paged_attention(2048, 1, 32, 128)_dtype_BFLOAT8_B_layout_TILE.tensorbin of shape Shape([2048, 1, 32, 128])
2026-09-02 20:55:29.508 | DEBUG    | core:as_tensor:724 - Loaded cache for /localdev/gwang/tt_transformers/model_cache/llama33_70b/T3K/empty_kcache_paged_attention(2048, 1, 32, 128)_dtype_BFLOAT8_B_layout_TILE.tensorbin of shape Shape([2048, 1, 32, 128])
2026-09-02 20:55:29.512 | DEBUG    | core:as_tensor:724 - Loaded cache for /localdev/gwang/tt_transformers/model_cache/llama33_70b/T3K/empty_vcache_paged_attention(2048, 1, 32, 128)_dtype_BFLOAT8_B_layout_TILE.tensorbin of shape Shape([2048, 1, 32, 128])
2026-09-02 20:55:29.515 | DEBUG    | core:as_tensor:724 - Loaded cache for /localdev/gwang/tt_transformers/model_cache/llama33_70b/T3K/empty_kcache_paged_attention(2048, 1, 32, 128)_dtype_BFLOAT8_B_layout_TILE.tensorbin of shape Shape([2048, 1, 32, 128])
2026-09-02 20:55:29.518 | DEBUG    | core:as_tensor:724 - Loaded cache for /localdev/gwang/tt_transformers/model_cache/llama33_70b/T3K/empty_vcache_paged_attention(2048, 1, 32, 128)_dtype_BFLOAT8_B_layout_TILE.tensorbin of shape Shape([2048, 1, 32, 128])
2026-09-02 20:55:29.521 | DEBUG    | core:as_tensor:724 - Loaded cache for /localdev/gwang/tt_transformers/model_cache/llama33_70b/T3K/empty_kcache_paged_attention(2048, 1, 32, 128)_dtype_BFLOAT8_B_layout_TILE.tensorbin of shape Shape([2048, 1, 32, 128])
2026-09-02 20:55:29.524 | DEBUG    | core:as_tensor:724 - Loaded cache for /localdev/gwang/tt_transformers/model_cache/llama33_70b/T3K/empty_vcache_paged_attention(2048, 1, 32, 128)_dtype_BFLOAT8_B_layout_TILE.tensorbin of shape Shape([2048, 1, 32, 128])
2026-09-02 20:55:29.527 | DEBUG    | core:as_tensor:724 - Loaded cache for /localdev/gwang/tt_transformers/model_cache/llama33_70b/T3K/empty_kcache_paged_attention(2048, 1, 32, 128)_dtype_BFLOAT8_B_layout_TILE.tensorbin of shape Shape([2048, 1, 32, 128])
2026-09-02 20:55:29.530 | DEBUG    | core:as_tensor:724 - Loaded cache for /localdev/gwang/tt_transformers/model_cache/llama33_70b/T3K/empty_vcache_paged_attention(2048, 1, 32, 128)_dtype_BFLOAT8_B_layout_TILE.tensorbin of shape Shape([2048, 1, 32, 128])
2026-09-02 20:55:29.533 | DEBUG    | core:as_tensor:724 - Loaded cache for /localdev/gwang/tt_transformers/model_cache/llama33_70b/T3K/empty_kcache_paged_attention(2048, 1, 32, 128)_dtype_BFLOAT8_B_layout_TILE.tensorbin of shape Shape([2048, 1, 32, 128])
2026-09-02 20:55:29.536 | DEBUG    | core:as_tensor:724 - Loaded cache for /localdev/gwang/tt_transformers/model_cache/llama33_70b/T3K/empty_vcache_paged_attention(2048, 1, 32, 128)_dtype_BFLOAT8_B_layout_TILE.tensorbin of shape Shape([2048, 1, 32, 128])
2026-09-02 20:55:29.539 | DEBUG    | core:as_tensor:724 - Loaded cache for /localdev/gwang/tt_transformers/model_cache/llama33_70b/T3K/empty_kcache_paged_attention(2048, 1, 32, 128)_dtype_BFLOAT8_B_layout_TILE.tensorbin of shape Shape([2048, 1, 32, 128])
2026-09-02 20:55:29.542 | DEBUG    | core:as_tensor:724 - Loaded cache for /localdev/gwang/tt_transformers/model_cache/llama33_70b/T3K/empty_vcache_paged_attention(2048, 1, 32, 128)_dtype_BFLOAT8_B_layout_TILE.tensorbin of shape Shape([2048, 1, 32, 128])
2026-09-02 20:55:29.546 | DEBUG    | core:as_tensor:724 - Loaded cache for /localdev/gwang/tt_transformers/model_cache/llama33_70b/T3K/empty_kcache_paged_attention(2048, 1, 32, 128)_dtype_BFLOAT8_B_layout_TILE.tensorbin of shape Shape([2048, 1, 32, 128])
2026-09-02 20:55:29.549 | DEBUG    | core:as_tensor:724 - Loaded cache for /localdev/gwang/tt_transformers/model_cache/llama33_70b/T3K/empty_vcache_paged_attention(2048, 1, 32, 128)_dtype_BFLOAT8_B_layout_TILE.tensorbin of shape Shape([2048, 1, 32, 128])
2026-09-02 20:55:29.552 | DEBUG    | core:as_tensor:724 - Loaded cache for /localdev/gwang/tt_transformers/model_cache/llama33_70b/T3K/empty_kcache_paged_attention(2048, 1, 32, 128)_dtype_BFLOAT8_B_layout_TILE.tensorbin of shape Shape([2048, 1, 32, 128])
2026-09-02 20:55:29.555 | DEBUG    | core:as_tensor:724 - Loaded cache for /localdev/gwang/tt_transformers/model_cache/llama33_70b/T3K/empty_vcache_paged_attention(2048, 1, 32, 128)_dtype_BFLOAT8_B_layout_TILE.tensorbin of shape Shape([2048, 1, 32, 128])
2026-09-02 20:55:29.558 | DEBUG    | core:as_tensor:724 - Loaded cache for /localdev/gwang/tt_transformers/model_cache/llama33_70b/T3K/empty_kcache_paged_attention(2048, 1, 32, 128)_dtype_BFLOAT8_B_layout_TILE.tensorbin of shape Shape([2048, 1, 32, 128])
2026-09-02 20:55:29.561 | DEBUG    | core:as_tensor:724 - Loaded cache for /localdev/gwang/tt_transformers/model_cache/llama33_70b/T3K/empty_vcache_paged_attention(2048, 1, 32, 128)_dtype_BFLOAT8_B_layout_TILE.tensorbin of shape Shape([2048, 1, 32, 128])
2026-09-02 20:55:29.564 | DEBUG    | core:as_tensor:724 - Loaded cache for /localdev/gwang/tt_transformers/model_cache/llama33_70b/T3K/empty_kcache_paged_attention(2048, 1, 32, 128)_dtype_BFLOAT8_B_layout_TILE.tensorbin of shape Shape([2048, 1, 32, 128])
2026-09-02 20:55:29.567 | DEBUG    | core:as_tensor:724 - Loaded cache for /localdev/gwang/tt_transformers/model_cache/llama33_70b/T3K/empty_vcache_paged_attention(2048, 1, 32, 128)_dtype_BFLOAT8_B_layout_TILE.tensorbin of shape Shape([2048, 1, 32, 128])
2026-09-02 20:55:29.570 | DEBUG    | core:as_tensor:724 - Loaded cache for /localdev/gwang/tt_transformers/model_cache/llama33_70b/T3K/empty_kcache_paged_attention(2048, 1, 32, 128)_dtype_BFLOAT8_B_layout_TILE.tensorbin of shape Shape([2048, 1, 32, 128])
2026-09-02 20:55:29.573 | DEBUG    | core:as_tensor:724 - Loaded cache for /localdev/gwang/tt_transformers/model_cache/llama33_70b/T3K/empty_vcache_paged_attention(2048, 1, 32, 128)_dtype_BFLOAT8_B_layout_TILE.tensorbin of shape Shape([2048, 1, 32, 128])
2026-09-02 20:55:29.576 | DEBUG    | core:as_tensor:724 - Loaded cache for /localdev/gwang/tt_transformers/model_cache/llama33_70b/T3K/empty_kcache_paged_attention(2048, 1, 32, 128)_dtype_BFLOAT8_B_layout_TILE.tensorbin of shape Shape([2048, 1, 32, 128])
2026-09-02 20:55:29.579 | DEBUG    | core:as_tensor:724 - Loaded cache for /localdev/gwang/tt_transformers/model_cache/llama33_70b/T3K/empty_vcache_paged_attention(2048, 1, 32, 128)_dtype_BFLOAT8_B_layout_TILE.tensorbin of shape Shape([2048, 1, 32, 128])
2026-09-02 20:55:29.582 | DEBUG    | core:as_tensor:724 - Loaded cache for /localdev/gwang/tt_transformers/model_cache/llama33_70b/T3K/empty_kcache_paged_attention(2048, 1, 32, 128)_dtype_BFLOAT8_B_layout_TILE.tensorbin of shape Shape([2048, 1, 32, 128])
2026-09-02 20:55:29.585 | DEBUG    | core:as_tensor:724 - Loaded cache for /localdev/gwang/tt_transformers/model_cache/llama33_70b/T3K/empty_vcache_paged_attention(2048, 1, 32, 128)_dtype_BFLOAT8_B_layout_TILE.tensorbin of shape Shape([2048, 1, 32, 128])
2026-09-02 20:55:33.392 | DEBUG    | core:as_tensor:724 - Loaded cache for /localdev/gwang/tt_transformers/model_cache/llama33_70b/T3K/empty_kcache_paged_attention(2048, 1, 32, 128)_dtype_BFLOAT8_B_layout_TILE.tensorbin of shape Shape([2048, 1, 32, 128])
2026-09-02 20:55:33.396 | DEBUG    | core:as_tensor:724 - Loaded cache for /localdev/gwang/tt_transformers/model_cache/llama33_70b/T3K/empty_vcache_paged_attention(2048, 1, 32, 128)_dtype_BFLOAT8_B_layout_TILE.tensorbin of shape Shape([2048, 1, 32, 128])
2026-09-02 20:55:33.399 | DEBUG    | core:as_tensor:724 - Loaded cache for /localdev/gwang/tt_transformers/model_cache/llama33_70b/T3K/empty_kcache_paged_attention(2048, 1, 32, 128)_dtype_BFLOAT8_B_layout_TILE.tensorbin of shape Shape([2048, 1, 32, 128])
2026-09-02 20:55:33.402 | DEBUG    | core:as_tensor:724 - Loaded cache for /localdev/gwang/tt_transformers/model_cache/llama33_70b/T3K/empty_vcache_paged_attention(2048, 1, 32, 128)_dtype_BFLOAT8_B_layout_TILE.tensorbin of shape Shape([2048, 1, 32, 128])
2026-09-02 20:55:33.405 | DEBUG    | core:as_tensor:724 - Loaded cache for /localdev/gwang/tt_transformers/model_cache/llama33_70b/T3K/empty_kcache_paged_attention(2048, 1, 32, 128)_dtype_BFLOAT8_B_layout_TILE.tensorbin of shape Shape([2048, 1, 32, 128])
2026-09-02 20:55:33.407 | DEBUG    | core:as_tensor:724 - Loaded cache for /localdev/gwang/tt_transformers/model_cache/llama33_70b/T3K/empty_vcache_paged_attention(2048, 1, 32, 128)_dtype_BFLOAT8_B_layout_TILE.tensorbin of shape Shape([2048, 1, 32, 128])
2026-09-02 20:55:33.410 | DEBUG    | core:as_tensor:724 - Loaded cache for /localdev/gwang/tt_transformers/model_cache/llama33_70b/T3K/empty_kcache_paged_attention(2048, 1, 32, 128)_dtype_BFLOAT8_B_layout_TILE.tensorbin of shape Shape([2048, 1, 32, 128])
2026-09-02 20:55:33.413 | DEBUG    | core:as_tensor:724 - Loaded cache for /localdev/gwang/tt_transformers/model_cache/llama33_70b/T3K/empty_vcache_paged_attention(2048, 1, 32, 128)_dtype_BFLOAT8_B_layout_TILE.tensorbin of shape Shape([2048, 1, 32, 128])
2026-09-02 20:55:33.416 | DEBUG    | core:as_tensor:724 - Loaded cache for /localdev/gwang/tt_transformers/model_cache/llama33_70b/T3K/empty_kcache_paged_attention(2048, 1, 32, 128)_dtype_BFLOAT8_B_layout_TILE.tensorbin of shape Shape([2048, 1, 32, 128])
2026-09-02 20:55:33.419 | DEBUG    | core:as_tensor:724 - Loaded cache for /localdev/gwang/tt_transformers/model_cache/llama33_70b/T3K/empty_vcache_paged_attention(2048, 1, 32, 128)_dtype_BFLOAT8_B_layout_TILE.tensorbin of shape Shape([2048, 1, 32, 128])
2026-09-02 20:55:33.422 | DEBUG    | core:as_tensor:724 - Loaded cache for /localdev/gwang/tt_transformers/model_cache/llama33_70b/T3K/empty_kcache_paged_attention(2048, 1, 32, 128)_dtype_BFLOAT8_B_layout_TILE.tensorbin of shape Shape([2048, 1, 32, 128])
2026-09-02 20:55:33.425 | DEBUG    | core:as_tensor:724 - Loaded cache for /localdev/gwang/tt_transformers/model_cache/llama33_70b/T3K/empty_vcache_paged_attention(2048, 1, 32, 128)_dtype_BFLOAT8_B_layout_TILE.tensorbin of shape Shape([2048, 1, 32, 128])
2026-09-02 20:55:33.428 | DEBUG    | core:as_tensor:724 - Loaded cache for /localdev/gwang/tt_transformers/model_cache/llama33_70b/T3K/empty_kcache_paged_attention(2048, 1, 32, 128)_dtype_BFLOAT8_B_layout_TILE.tensorbin of shape Shape([2048, 1, 32, 128])
2026-09-02 20:55:33.431 | DEBUG    | core:as_tensor:724 - Loaded cache for /localdev/gwang/tt_transformers/model_cache/llama33_70b/T3K/empty_vcache_paged_attention(2048, 1, 32, 128)_dtype_BFLOAT8_B_layout_TILE.tensorbin of shape Shape([2048, 1, 32, 128])
2026-09-02 20:55:33.434 | DEBUG    | core:as_tensor:724 - Loaded cache for /localdev/gwang/tt_transformers/model_cache/llama33_70b/T3K/empty_kcache_paged_attention(2048, 1, 32, 128)_dtype_BFLOAT8_B_layout_TILE.tensorbin of shape Shape([2048, 1, 32, 128])
2026-09-02 20:55:33.437 | DEBUG    | core:as_tensor:724 - Loaded cache for /localdev/gwang/tt_transformers/model_cache/llama33_70b/T3K/empty_vcache_paged_attention(2048, 1, 32, 128)_dtype_BFLOAT8_B_layout_TILE.tensorbin of shape Shape([2048, 1, 32, 128])
2026-09-02 20:55:33.439 | DEBUG    | core:as_tensor:724 - Loaded cache for /localdev/gwang/tt_transformers/model_cache/llama33_70b/T3K/empty_kcache_paged_attention(2048, 1, 32, 128)_dtype_BFLOAT8_B_layout_TILE.tensorbin of shape Shape([2048, 1, 32, 128])
2026-09-02 20:55:33.442 | DEBUG    | core:as_tensor:724 - Loaded cache for /localdev/gwang/tt_transformers/model_cache/llama33_70b/T3K/empty_vcache_paged_attention(2048, 1, 32, 128)_dtype_BFLOAT8_B_layout_TILE.tensorbin of shape Shape([2048, 1, 32, 128])
2026-09-02 20:55:33.445 | DEBUG    | core:as_tensor:724 - Loaded cache for /localdev/gwang/tt_transformers/model_cache/llama33_70b/T3K/empty_kcache_paged_attention(2048, 1, 32, 128)_dtype_BFLOAT8_B_layout_TILE.tensorbin of shape Shape([2048, 1, 32, 128])
2026-09-02 20:55:33.448 | DEBUG    | core:as_tensor:724 - Loaded cache for /localdev/gwang/tt_transformers/model_cache/llama33_70b/T3K/empty_vcache_paged_attention(2048, 1, 32, 128)_dtype_BFLOAT8_B_layout_TILE.tensorbin of shape Shape([2048, 1, 32, 128])
2026-09-02 20:55:33.451 | DEBUG    | core:as_tensor:724 - Loaded cache for /localdev/gwang/tt_transformers/model_cache/llama33_70b/T3K/empty_kcache_paged_attention(2048, 1, 32, 128)_dtype_BFLOAT8_B_layout_TILE.tensorbin of shape Shape([2048, 1, 32, 128])
2026-09-02 20:55:33.454 | DEBUG    | core:as_tensor:724 - Loaded cache for /localdev/gwang/tt_transformers/model_cache/llama33_70b/T3K/empty_vcache_paged_attention(2048, 1, 32, 128)_dtype_BFLOAT8_B_layout_TILE.tensorbin of shape Shape([2048, 1, 32, 128])
2026-09-02 20:55:33.457 | DEBUG    | core:as_tensor:724 - Loaded cache for /localdev/gwang/tt_transformers/model_cache/llama33_70b/T3K/empty_kcache_paged_attention(2048, 1, 32, 128)_dtype_BFLOAT8_B_layout_TILE.tensorbin of shape Shape([2048, 1, 32, 128])
2026-09-02 20:55:33.460 | DEBUG    | core:as_tensor:724 - Loaded cache for /localdev/gwang/tt_transformers/model_cache/llama33_70b/T3K/empty_vcache_paged_attention(2048, 1, 32, 128)_dtype_BFLOAT8_B_layout_TILE.tensorbin of shape Shape([2048, 1, 32, 128])
2026-09-02 20:55:33.462 | DEBUG    | core:as_tensor:724 - Loaded cache for /localdev/gwang/tt_transformers/model_cache/llama33_70b/T3K/empty_kcache_paged_attention(2048, 1, 32, 128)_dtype_BFLOAT8_B_layout_TILE.tensorbin of shape Shape([2048, 1, 32, 128])
2026-09-02 20:55:33.465 | DEBUG    | core:as_tensor:724 - Loaded cache for /localdev/gwang/tt_transformers/model_cache/llama33_70b/T3K/empty_vcache_paged_attention(2048, 1, 32, 128)_dtype_BFLOAT8_B_layout_TILE.tensorbin of shape Shape([2048, 1, 32, 128])
2026-09-02 20:55:33.468 | DEBUG    | core:as_tensor:724 - Loaded cache for /localdev/gwang/tt_transformers/model_cache/llama33_70b/T3K/empty_kcache_paged_attention(2048, 1, 32, 128)_dtype_BFLOAT8_B_layout_TILE.tensorbin of shape Shape([2048, 1, 32, 128])
2026-09-02 20:55:33.471 | DEBUG    | core:as_tensor:724 - Loaded cache for /localdev/gwang/tt_transformers/model_cache/llama33_70b/T3K/empty_vcache_paged_attention(2048, 1, 32, 128)_dtype_BFLOAT8_B_layout_TILE.tensorbin of shape Shape([2048, 1, 32, 128])
2026-09-02 20:55:33.474 | DEBUG    | core:as_tensor:724 - Loaded cache for /localdev/gwang/tt_transformers/model_cache/llama33_70b/T3K/empty_kcache_paged_attention(2048, 1, 32, 128)_dtype_BFLOAT8_B_layout_TILE.tensorbin of shape Shape([2048, 1, 32, 128])
2026-09-02 20:55:33.477 | DEBUG    | core:as_tensor:724 - Loaded cache for /localdev/gwang/tt_transformers/model_cache/llama33_70b/T3K/empty_vcache_paged_attention(2048, 1, 32, 128)_dtype_BFLOAT8_B_layout_TILE.tensorbin of shape Shape([2048, 1, 32, 128])
2026-09-02 20:55:33.480 | DEBUG    | core:as_tensor:724 - Loaded cache for /localdev/gwang/tt_transformers/model_cache/llama33_70b/T3K/empty_kcache_paged_attention(2048, 1, 32, 128)_dtype_BFLOAT8_B_layout_TILE.tensorbin of shape Shape([2048, 1, 32, 128])
2026-09-02 20:55:33.482 | DEBUG    | core:as_tensor:724 - Loaded cache for /localdev/gwang/tt_transformers/model_cache/llama33_70b/T3K/empty_vcache_paged_attention(2048, 1, 32, 128)_dtype_BFLOAT8_B_layout_TILE.tensorbin of shape Shape([2048, 1, 32, 128])
2026-09-02 20:55:33.485 | DEBUG    | core:as_tensor:724 - Loaded cache for /localdev/gwang/tt_transformers/model_cache/llama33_70b/T3K/empty_kcache_paged_attention(2048, 1, 32, 128)_dtype_BFLOAT8_B_layout_TILE.tensorbin of shape Shape([2048, 1, 32, 128])
2026-09-02 20:55:33.488 | DEBUG    | core:as_tensor:724 - Loaded cache for /localdev/gwang/tt_transformers/model_cache/llama33_70b/T3K/empty_vcache_paged_attention(2048, 1, 32, 128)_dtype_BFLOAT8_B_layout_TILE.tensorbin of shape Shape([2048, 1, 32, 128])
2026-09-02 20:55:33.491 | DEBUG    | core:as_tensor:724 - Loaded cache for /localdev/gwang/tt_transformers/model_cache/llama33_70b/T3K/empty_kcache_paged_attention(2048, 1, 32, 128)_dtype_BFLOAT8_B_layout_TILE.tensorbin of shape Shape([2048, 1, 32, 128])
2026-09-02 20:55:33.494 | DEBUG    | core:as_tensor:724 - Loaded cache for /localdev/gwang/tt_transformers/model_cache/llama33_70b/T3K/empty_vcache_paged_attention(2048, 1, 32, 128)_dtype_BFLOAT8_B_layout_TILE.tensorbin of shape Shape([2048, 1, 32, 128])
2026-09-02 20:55:33.497 | DEBUG    | core:as_tensor:724 - Loaded cache for /localdev/gwang/tt_transformers/model_cache/llama33_70b/T3K/empty_kcache_paged_attention(2048, 1, 32, 128)_dtype_BFLOAT8_B_layout_TILE.tensorbin of shape Shape([2048, 1, 32, 128])
2026-09-02 20:55:33.500 | DEBUG    | core:as_tensor:724 - Loaded cache for /localdev/gwang/tt_transformers/model_cache/llama33_70b/T3K/empty_vcache_paged_attention(2048, 1, 32, 128)_dtype_BFLOAT8_B_layout_TILE.tensorbin of shape Shape([2048, 1, 32, 128])
2026-09-02 20:55:33.503 | DEBUG    | core:as_tensor:724 - Loaded cache for /localdev/gwang/tt_transformers/model_cache/llama33_70b/T3K/empty_kcache_paged_attention(2048, 1, 32, 128)_dtype_BFLOAT8_B_layout_TILE.tensorbin of shape Shape([2048, 1, 32, 128])
2026-09-02 20:55:33.505 | DEBUG    | core:as_tensor:724 - Loaded cache for /localdev/gwang/tt_transformers/model_cache/llama33_70b/T3K/empty_vcache_paged_attention(2048, 1, 32, 128)_dtype_BFLOAT8_B_layout_TILE.tensorbin of shape Shape([2048, 1, 32, 128])
2026-09-02 20:55:33.508 | DEBUG    | core:as_tensor:724 - Loaded cache for /localdev/gwang/tt_transformers/model_cache/llama33_70b/T3K/empty_kcache_paged_attention(2048, 1, 32, 128)_dtype_BFLOAT8_B_layout_TILE.tensorbin of shape Shape([2048, 1, 32, 128])
2026-09-02 20:55:33.511 | DEBUG    | core:as_tensor:724 - Loaded cache for /localdev/gwang/tt_transformers/model_cache/llama33_70b/T3K/empty_vcache_paged_attention(2048, 1, 32, 128)_dtype_BFLOAT8_B_layout_TILE.tensorbin of shape Shape([2048, 1, 32, 128])
2026-09-02 20:55:33.514 | DEBUG    | core:as_tensor:724 - Loaded cache for /localdev/gwang/tt_transformers/model_cache/llama33_70b/T3K/empty_kcache_paged_attention(2048, 1, 32, 128)_dtype_BFLOAT8_B_layout_TILE.tensorbin of shape Shape([2048, 1, 32, 128])
2026-09-02 20:55:33.517 | DEBUG    | core:as_tensor:724 - Loaded cache for /localdev/gwang/tt_transformers/model_cache/llama33_70b/T3K/empty_vcache_paged_attention(2048, 1, 32, 128)_dtype_BFLOAT8_B_layout_TILE.tensorbin of shape Shape([2048, 1, 32, 128])
2026-09-02 20:55:33.520 | DEBUG    | core:as_tensor:724 - Loaded cache for /localdev/gwang/tt_transformers/model_cache/llama33_70b/T3K/empty_kcache_paged_attention(2048, 1, 32, 128)_dtype_BFLOAT8_B_layout_TILE.tensorbin of shape Shape([2048, 1, 32, 128])
2026-09-02 20:55:33.523 | DEBUG    | core:as_tensor:724 - Loaded cache for /localdev/gwang/tt_transformers/model_cache/llama33_70b/T3K/empty_vcache_paged_attention(2048, 1, 32, 128)_dtype_BFLOAT8_B_layout_TILE.tensorbin of shape Shape([2048, 1, 32, 128])
2026-09-02 20:55:33.525 | DEBUG    | core:as_tensor:724 - Loaded cache for /localdev/gwang/tt_transformers/model_cache/llama33_70b/T3K/empty_kcache_paged_attention(2048, 1, 32, 128)_dtype_BFLOAT8_B_layout_TILE.tensorbin of shape Shape([2048, 1, 32, 128])
2026-09-02 20:55:33.528 | DEBUG    | core:as_tensor:724 - Loaded cache for /localdev/gwang/tt_transformers/model_cache/llama33_70b/T3K/empty_vcache_paged_attention(2048, 1, 32, 128)_dtype_BFLOAT8_B_layout_TILE.tensorbin of shape Shape([2048, 1, 32, 128])
2026-09-02 20:55:33.531 | DEBUG    | core:as_tensor:724 - Loaded cache for /localdev/gwang/tt_transformers/model_cache/llama33_70b/T3K/empty_kcache_paged_attention(2048, 1, 32, 128)_dtype_BFLOAT8_B_layout_TILE.tensorbin of shape Shape([2048, 1, 32, 128])
2026-09-02 20:55:33.534 | DEBUG    | core:as_tensor:724 - Loaded cache for /localdev/gwang/tt_transformers/model_cache/llama33_70b/T3K/empty_vcache_paged_attention(2048, 1, 32, 128)_dtype_BFLOAT8_B_layout_TILE.tensorbin of shape Shape([2048, 1, 32, 128])
2026-09-02 20:55:33.537 | DEBUG    | core:as_tensor:724 - Loaded cache for /localdev/gwang/tt_transformers/model_cache/llama33_70b/T3K/empty_kcache_paged_attention(2048, 1, 32, 128)_dtype_BFLOAT8_B_layout_TILE.tensorbin of shape Shape([2048, 1, 32, 128])
2026-09-02 20:55:33.540 | DEBUG    | core:as_tensor:724 - Loaded cache for /localdev/gwang/tt_transformers/model_cache/llama33_70b/T3K/empty_vcache_paged_attention(2048, 1, 32, 128)_dtype_BFLOAT8_B_layout_TILE.tensorbin of shape Shape([2048, 1, 32, 128])
2026-09-02 20:55:33.543 | DEBUG    | core:as_tensor:724 - Loaded cache for /localdev/gwang/tt_transformers/model_cache/llama33_70b/T3K/empty_kcache_paged_attention(2048, 1, 32, 128)_dtype_BFLOAT8_B_layout_TILE.tensorbin of shape Shape([2048, 1, 32, 128])
2026-09-02 20:55:33.545 | DEBUG    | core:as_tensor:724 - Loaded cache for /localdev/gwang/tt_transformers/model_cache/llama33_70b/T3K/empty_vcache_paged_attention(2048, 1, 32, 128)_dtype_BFLOAT8_B_layout_TILE.tensorbin of shape Shape([2048, 1, 32, 128])
2026-09-02 20:55:33.548 | DEBUG    | core:as_tensor:724 - Loaded cache for /localdev/gwang/tt_transformers/model_cache/llama33_70b/T3K/empty_kcache_paged_attention(2048, 1, 32, 128)_dtype_BFLOAT8_B_layout_TILE.tensorbin of shape Shape([2048, 1, 32, 128])
2026-09-02 20:55:33.551 | DEBUG    | core:as_tensor:724 - Loaded cache for /localdev/gwang/tt_transformers/model_cache/llama33_70b/T3K/empty_vcache_paged_attention(2048, 1, 32, 128)_dtype_BFLOAT8_B_layout_TILE.tensorbin of shape Shape([2048, 1, 32, 128])
2026-09-02 20:55:33.554 | DEBUG    | core:as_tensor:724 - Loaded cache for /localdev/gwang/tt_transformers/model_cache/llama33_70b/T3K/empty_kcache_paged_attention(2048, 1, 32, 128)_dtype_BFLOAT8_B_layout_TILE.tensorbin of shape Shape([2048, 1, 32, 128])
2026-09-02 20:55:33.557 | DEBUG    | core:as_tensor:724 - Loaded cache for /localdev/gwang/tt_transformers/model_cache/llama33_70b/T3K/empty_vcache_paged_attention(2048, 1, 32, 128)_dtype_BFLOAT8_B_layout_TILE.tensorbin of shape Shape([2048, 1, 32, 128])
2026-09-02 20:55:33.560 | DEBUG    | core:as_tensor:724 - Loaded cache for /localdev/gwang/tt_transformers/model_cache/llama33_70b/T3K/empty_kcache_paged_attention(2048, 1, 32, 128)_dtype_BFLOAT8_B_layout_TILE.tensorbin of shape Shape([2048, 1, 32, 128])
2026-09-02 20:55:33.563 | DEBUG    | core:as_tensor:724 - Loaded cache for /localdev/gwang/tt_transformers/model_cache/llama33_70b/T3K/empty_vcache_paged_attention(2048, 1, 32, 128)_dtype_BFLOAT8_B_layout_TILE.tensorbin of shape Shape([2048, 1, 32, 128])
2026-09-02 20:55:33.565 | DEBUG    | core:as_tensor:724 - Loaded cache for /localdev/gwang/tt_transformers/model_cache/llama33_70b/T3K/empty_kcache_paged_attention(2048, 1, 32, 128)_dtype_BFLOAT8_B_layout_TILE.tensorbin of shape Shape([2048, 1, 32, 128])
2026-09-02 20:55:33.568 | DEBUG    | core:as_tensor:724 - Loaded cache for /localdev/gwang/tt_transformers/model_cache/llama33_70b/T3K/empty_vcache_paged_attention(2048, 1, 32, 128)_dtype_BFLOAT8_B_layout_TILE.tensorbin of shape Shape([2048, 1, 32, 128])
2026-09-02 20:55:33.571 | DEBUG    | core:as_tensor:724 - Loaded cache for /localdev/gwang/tt_transformers/model_cache/llama33_70b/T3K/empty_kcache_paged_attention(2048, 1, 32, 128)_dtype_BFLOAT8_B_layout_TILE.tensorbin of shape Shape([2048, 1, 32, 128])
2026-09-02 20:55:33.574 | DEBUG    | core:as_tensor:724 - Loaded cache for /localdev/gwang/tt_transformers/model_cache/llama33_70b/T3K/empty_vcache_paged_attention(2048, 1, 32, 128)_dtype_BFLOAT8_B_layout_TILE.tensorbin of shape Shape([2048, 1, 32, 128])
2026-09-02 20:55:33.577 | DEBUG    | core:as_tensor:724 - Loaded cache for /localdev/gwang/tt_transformers/model_cache/llama33_70b/T3K/empty_kcache_paged_attention(2048, 1, 32, 128)_dtype_BFLOAT8_B_layout_TILE.tensorbin of shape Shape([2048, 1, 32, 128])
2026-09-02 20:55:33.580 | DEBUG    | core:as_tensor:724 - Loaded cache for /localdev/gwang/tt_transformers/model_cache/llama33_70b/T3K/empty_vcache_paged_attention(2048, 1, 32, 128)_dtype_BFLOAT8_B_layout_TILE.tensorbin of shape Shape([2048, 1, 32, 128])
2026-09-02 20:55:33.582 | DEBUG    | core:as_tensor:724 - Loaded cache for /localdev/gwang/tt_transformers/model_cache/llama33_70b/T3K/empty_kcache_paged_attention(2048, 1, 32, 128)_dtype_BFLOAT8_B_layout_TILE.tensorbin of shape Shape([2048, 1, 32, 128])
2026-09-02 20:55:33.585 | DEBUG    | core:as_tensor:724 - Loaded cache for /localdev/gwang/tt_transformers/model_cache/llama33_70b/T3K/empty_vcache_paged_attention(2048, 1, 32, 128)_dtype_BFLOAT8_B_layout_TILE.tensorbin of shape Shape([2048, 1, 32, 128])
2026-09-02 20:55:33.588 | DEBUG    | core:as_tensor:724 - Loaded cache for /localdev/gwang/tt_transformers/model_cache/llama33_70b/T3K/empty_kcache_paged_attention(2048, 1, 32, 128)_dtype_BFLOAT8_B_layout_TILE.tensorbin of shape Shape([2048, 1, 32, 128])
2026-09-02 20:55:33.591 | DEBUG    | core:as_tensor:724 - Loaded cache for /localdev/gwang/tt_transformers/model_cache/llama33_70b/T3K/empty_vcache_paged_attention(2048, 1, 32, 128)_dtype_BFLOAT8_B_layout_TILE.tensorbin of shape Shape([2048, 1, 32, 128])
2026-09-02 20:55:33.594 | DEBUG    | core:as_tensor:724 - Loaded cache for /localdev/gwang/tt_transformers/model_cache/llama33_70b/T3K/empty_kcache_paged_attention(2048, 1, 32, 128)_dtype_BFLOAT8_B_layout_TILE.tensorbin of shape Shape([2048, 1, 32, 128])
2026-09-02 20:55:33.597 | DEBUG    | core:as_tensor:724 - Loaded cache for /localdev/gwang/tt_transformers/model_cache/llama33_70b/T3K/empty_vcache_paged_attention(2048, 1, 32, 128)_dtype_BFLOAT8_B_layout_TILE.tensorbin of shape Shape([2048, 1, 32, 128])
2026-09-02 20:55:33.599 | DEBUG    | core:as_tensor:724 - Loaded cache for /localdev/gwang/tt_transformers/model_cache/llama33_70b/T3K/empty_kcache_paged_attention(2048, 1, 32, 128)_dtype_BFLOAT8_B_layout_TILE.tensorbin of shape Shape([2048, 1, 32, 128])
2026-09-02 20:55:33.602 | DEBUG    | core:as_tensor:724 - Loaded cache for /localdev/gwang/tt_transformers/model_cache/llama33_70b/T3K/empty_vcache_paged_attention(2048, 1, 32, 128)_dtype_BFLOAT8_B_layout_TILE.tensorbin of shape Shape([2048, 1, 32, 128])
2026-09-02 20:55:33.605 | DEBUG    | core:as_tensor:724 - Loaded cache for /localdev/gwang/tt_transformers/model_cache/llama33_70b/T3K/empty_kcache_paged_attention(2048, 1, 32, 128)_dtype_BFLOAT8_B_layout_TILE.tensorbin of shape Shape([2048, 1, 32, 128])
2026-09-02 20:55:33.608 | DEBUG    | core:as_tensor:724 - Loaded cache for /localdev/gwang/tt_transformers/model_cache/llama33_70b/T3K/empty_vcache_paged_attention(2048, 1, 32, 128)_dtype_BFLOAT8_B_layout_TILE.tensorbin of shape Shape([2048, 1, 32, 128])
2026-09-02 20:55:33.611 | DEBUG    | core:as_tensor:724 - Loaded cache for /localdev/gwang/tt_transformers/model_cache/llama33_70b/T3K/empty_kcache_paged_attention(2048, 1, 32, 128)_dtype_BFLOAT8_B_layout_TILE.tensorbin of shape Shape([2048, 1, 32, 128])
2026-09-02 20:55:33.614 | DEBUG    | core:as_tensor:724 - Loaded cache for /localdev/gwang/tt_transformers/model_cache/llama33_70b/T3K/empty_vcache_paged_attention(2048, 1, 32, 128)_dtype_BFLOAT8_B_layout_TILE.tensorbin of shape Shape([2048, 1, 32, 128])
2026-09-02 20:55:33.617 | DEBUG    | core:as_tensor:724 - Loaded cache for /localdev/gwang/tt_transformers/model_cache/llama33_70b/T3K/empty_kcache_paged_attention(2048, 1, 32, 128)_dtype_BFLOAT8_B_layout_TILE.tensorbin of shape Shape([2048, 1, 32, 128])
2026-09-02 20:55:33.619 | DEBUG    | core:as_tensor:724 - Loaded cache for /localdev/gwang/tt_transformers/model_cache/llama33_70b/T3K/empty_vcache_paged_attention(2048, 1, 32, 128)_dtype_BFLOAT8_B_layout_TILE.tensorbin of shape Shape([2048, 1, 32, 128])
2026-09-02 20:55:33.622 | DEBUG    | core:as_tensor:724 - Loaded cache for /localdev/gwang/tt_transformers/model_cache/llama33_70b/T3K/empty_kcache_paged_attention(2048, 1, 32, 128)_dtype_BFLOAT8_B_layout_TILE.tensorbin of shape Shape([2048, 1, 32, 128])
2026-09-02 20:55:33.625 | DEBUG    | core:as_tensor:724 - Loaded cache for /localdev/gwang/tt_transformers/model_cache/llama33_70b/T3K/empty_vcache_paged_attention(2048, 1, 32, 128)_dtype_BFLOAT8_B_layout_TILE.tensorbin of shape Shape([2048, 1, 32, 128])
2026-09-02 20:55:33.628 | DEBUG    | core:as_tensor:724 - Loaded cache for /localdev/gwang/tt_transformers/model_cache/llama33_70b/T3K/empty_kcache_paged_attention(2048, 1, 32, 128)_dtype_BFLOAT8_B_layout_TILE.tensorbin of shape Shape([2048, 1, 32, 128])
2026-09-02 20:55:33.631 | DEBUG    | core:as_tensor:724 - Loaded cache for /localdev/gwang/tt_transformers/model_cache/llama33_70b/T3K/empty_vcache_paged_attention(2048, 1, 32, 128)_dtype_BFLOAT8_B_layout_TILE.tensorbin of shape Shape([2048, 1, 32, 128])
2026-09-02 20:55:33.634 | DEBUG    | core:as_tensor:724 - Loaded cache for /localdev/gwang/tt_transformers/model_cache/llama33_70b/T3K/empty_kcache_paged_attention(2048, 1, 32, 128)_dtype_BFLOAT8_B_layout_TILE.tensorbin of shape Shape([2048, 1, 32, 128])
2026-09-02 20:55:33.637 | DEBUG    | core:as_tensor:724 - Loaded cache for /localdev/gwang/tt_transformers/model_cache/llama33_70b/T3K/empty_vcache_paged_attention(2048, 1, 32, 128)_dtype_BFLOAT8_B_layout_TILE.tensorbin of shape Shape([2048, 1, 32, 128])
2026-09-02 20:55:33.639 | DEBUG    | core:as_tensor:724 - Loaded cache for /localdev/gwang/tt_transformers/model_cache/llama33_70b/T3K/empty_kcache_paged_attention(2048, 1, 32, 128)_dtype_BFLOAT8_B_layout_TILE.tensorbin of shape Shape([2048, 1, 32, 128])
2026-09-02 20:55:33.642 | DEBUG    | core:as_tensor:724 - Loaded cache for /localdev/gwang/tt_transformers/model_cache/llama33_70b/T3K/empty_vcache_paged_attention(2048, 1, 32, 128)_dtype_BFLOAT8_B_layout_TILE.tensorbin of shape Shape([2048, 1, 32, 128])
2026-09-02 20:55:33.645 | DEBUG    | core:as_tensor:724 - Loaded cache for /localdev/gwang/tt_transformers/model_cache/llama33_70b/T3K/empty_kcache_paged_attention(2048, 1, 32, 128)_dtype_BFLOAT8_B_layout_TILE.tensorbin of shape Shape([2048, 1, 32, 128])
2026-09-02 20:55:33.648 | DEBUG    | core:as_tensor:724 - Loaded cache for /localdev/gwang/tt_transformers/model_cache/llama33_70b/T3K/empty_vcache_paged_attention(2048, 1, 32, 128)_dtype_BFLOAT8_B_layout_TILE.tensorbin of shape Shape([2048, 1, 32, 128])
2026-09-02 20:55:33.651 | DEBUG    | core:as_tensor:724 - Loaded cache for /localdev/gwang/tt_transformers/model_cache/llama33_70b/T3K/empty_kcache_paged_attention(2048, 1, 32, 128)_dtype_BFLOAT8_B_layout_TILE.tensorbin of shape Shape([2048, 1, 32, 128])
2026-09-02 20:55:33.654 | DEBUG    | core:as_tensor:724 - Loaded cache for /localdev/gwang/tt_transformers/model_cache/llama33_70b/T3K/empty_vcache_paged_attention(2048, 1, 32, 128)_dtype_BFLOAT8_B_layout_TILE.tensorbin of shape Shape([2048, 1, 32, 128])
2026-09-02 20:55:33.657 | DEBUG    | core:as_tensor:724 - Loaded cache for /localdev/gwang/tt_transformers/model_cache/llama33_70b/T3K/empty_kcache_paged_attention(2048, 1, 32, 128)_dtype_BFLOAT8_B_layout_TILE.tensorbin of shape Shape([2048, 1, 32, 128])
2026-09-02 20:55:33.659 | DEBUG    | core:as_tensor:724 - Loaded cache for /localdev/gwang/tt_transformers/model_cache/llama33_70b/T3K/empty_vcache_paged_attention(2048, 1, 32, 128)_dtype_BFLOAT8_B_layout_TILE.tensorbin of shape Shape([2048, 1, 32, 128])
2026-09-02 20:55:33.662 | DEBUG    | core:as_tensor:724 - Loaded cache for /localdev/gwang/tt_transformers/model_cache/llama33_70b/T3K/empty_kcache_paged_attention(2048, 1, 32, 128)_dtype_BFLOAT8_B_layout_TILE.tensorbin of shape Shape([2048, 1, 32, 128])
2026-09-02 20:55:33.665 | DEBUG    | core:as_tensor:724 - Loaded cache for /localdev/gwang/tt_transformers/model_cache/llama33_70b/T3K/empty_vcache_paged_attention(2048, 1, 32, 128)_dtype_BFLOAT8_B_layout_TILE.tensorbin of shape Shape([2048, 1, 32, 128])
2026-09-02 20:55:33.668 | DEBUG    | core:as_tensor:724 - Loaded cache for /localdev/gwang/tt_transformers/model_cache/llama33_70b/T3K/empty_kcache_paged_attention(2048, 1, 32, 128)_dtype_BFLOAT8_B_layout_TILE.tensorbin of shape Shape([2048, 1, 32, 128])
2026-09-02 20:55:33.671 | DEBUG    | core:as_tensor:724 - Loaded cache for /localdev/gwang/tt_transformers/model_cache/llama33_70b/T3K/empty_vcache_paged_attention(2048, 1, 32, 128)_dtype_BFLOAT8_B_layout_TILE.tensorbin of shape Shape([2048, 1, 32, 128])
2026-09-02 20:55:33.673 | DEBUG    | core:as_tensor:724 - Loaded cache for /localdev/gwang/tt_transformers/model_cache/llama33_70b/T3K/empty_kcache_paged_attention(2048, 1, 32, 128)_dtype_BFLOAT8_B_layout_TILE.tensorbin of shape Shape([2048, 1, 32, 128])
2026-09-02 20:55:33.676 | DEBUG    | core:as_tensor:724 - Loaded cache for /localdev/gwang/tt_transformers/model_cache/llama33_70b/T3K/empty_vcache_paged_attention(2048, 1, 32, 128)_dtype_BFLOAT8_B_layout_TILE.tensorbin of shape Shape([2048, 1, 32, 128])
2026-09-02 20:55:33.679 | DEBUG    | core:as_tensor:724 - Loaded cache for /localdev/gwang/tt_transformers/model_cache/llama33_70b/T3K/empty_kcache_paged_attention(2048, 1, 32, 128)_dtype_BFLOAT8_B_layout_TILE.tensorbin of shape Shape([2048, 1, 32, 128])
2026-09-02 20:55:33.682 | DEBUG    | core:as_tensor:724 - Loaded cache for /localdev/gwang/tt_transformers/model_cache/llama33_70b/T3K/empty_vcache_paged_attention(2048, 1, 32, 128)_dtype_BFLOAT8_B_layout_TILE.tensorbin of shape Shape([2048, 1, 32, 128])
2026-09-02 20:55:33.685 | DEBUG    | core:as_tensor:724 - Loaded cache for /localdev/gwang/tt_transformers/model_cache/llama33_70b/T3K/empty_kcache_paged_attention(2048, 1, 32, 128)_dtype_BFLOAT8_B_layout_TILE.tensorbin of shape Shape([2048, 1, 32, 128])
2026-09-02 20:55:33.689 | DEBUG    | core:as_tensor:724 - Loaded cache for /localdev/gwang/tt_transformers/model_cache/llama33_70b/T3K/empty_vcache_paged_attention(2048, 1, 32, 128)_dtype_BFLOAT8_B_layout_TILE.tensorbin of shape Shape([2048, 1, 32, 128])
2026-09-02 20:55:33.692 | DEBUG    | core:as_tensor:724 - Loaded cache for /localdev/gwang/tt_transformers/model_cache/llama33_70b/T3K/empty_kcache_paged_attention(2048, 1, 32, 128)_dtype_BFLOAT8_B_layout_TILE.tensorbin of shape Shape([2048, 1, 32, 128])
2026-09-02 20:55:33.694 | DEBUG    | core:as_tensor:724 - Loaded cache for /localdev/gwang/tt_transformers/model_cache/llama33_70b/T3K/empty_vcache_paged_attention(2048, 1, 32, 128)_dtype_BFLOAT8_B_layout_TILE.tensorbin of shape Shape([2048, 1, 32, 128])
2026-09-02 20:55:33.697 | DEBUG    | core:as_tensor:724 - Loaded cache for /localdev/gwang/tt_transformers/model_cache/llama33_70b/T3K/empty_kcache_paged_attention(2048, 1, 32, 128)_dtype_BFLOAT8_B_layout_TILE.tensorbin of shape Shape([2048, 1, 32, 128])
2026-09-02 20:55:33.700 | DEBUG    | core:as_tensor:724 - Loaded cache for /localdev/gwang/tt_transformers/model_cache/llama33_70b/T3K/empty_vcache_paged_attention(2048, 1, 32, 128)_dtype_BFLOAT8_B_layout_TILE.tensorbin of shape Shape([2048, 1, 32, 128])
2026-09-02 20:55:33.703 | DEBUG    | core:as_tensor:724 - Loaded cache for /localdev/gwang/tt_transformers/model_cache/llama33_70b/T3K/empty_kcache_paged_attention(2048, 1, 32, 128)_dtype_BFLOAT8_B_layout_TILE.tensorbin of shape Shape([2048, 1, 32, 128])
2026-09-02 20:55:33.706 | DEBUG    | core:as_tensor:724 - Loaded cache for /localdev/gwang/tt_transformers/model_cache/llama33_70b/T3K/empty_vcache_paged_attention(2048, 1, 32, 128)_dtype_BFLOAT8_B_layout_TILE.tensorbin of shape Shape([2048, 1, 32, 128])
2026-09-02 20:55:33.709 | DEBUG    | core:as_tensor:724 - Loaded cache for /localdev/gwang/tt_transformers/model_cache/llama33_70b/T3K/empty_kcache_paged_attention(2048, 1, 32, 128)_dtype_BFLOAT8_B_layout_TILE.tensorbin of shape Shape([2048, 1, 32, 128])
2026-09-02 20:55:33.712 | DEBUG    | core:as_tensor:724 - Loaded cache for /localdev/gwang/tt_transformers/model_cache/llama33_70b/T3K/empty_vcache_paged_attention(2048, 1, 32, 128)_dtype_BFLOAT8_B_layout_TILE.tensorbin of shape Shape([2048, 1, 32, 128])
2026-09-02 20:55:33.714 | DEBUG    | core:as_tensor:724 - Loaded cache for /localdev/gwang/tt_transformers/model_cache/llama33_70b/T3K/empty_kcache_paged_attention(2048, 1, 32, 128)_dtype_BFLOAT8_B_layout_TILE.tensorbin of shape Shape([2048, 1, 32, 128])
2026-09-02 20:55:33.718 | DEBUG    | core:as_tensor:724 - Loaded cache for /localdev/gwang/tt_transformers/model_cache/llama33_70b/T3K/empty_vcache_paged_attention(2048, 1, 32, 128)_dtype_BFLOAT8_B_layout_TILE.tensorbin of shape Shape([2048, 1, 32, 128])
2026-09-02 20:55:33.720 | DEBUG    | core:as_tensor:724 - Loaded cache for /localdev/gwang/tt_transformers/model_cache/llama33_70b/T3K/empty_kcache_paged_attention(2048, 1, 32, 128)_dtype_BFLOAT8_B_layout_TILE.tensorbin of shape Shape([2048, 1, 32, 128])
2026-09-02 20:55:33.724 | DEBUG    | core:as_tensor:724 - Loaded cache for /localdev/gwang/tt_transformers/model_cache/llama33_70b/T3K/empty_vcache_paged_attention(2048, 1, 32, 128)_dtype_BFLOAT8_B_layout_TILE.tensorbin of shape Shape([2048, 1, 32, 128])
2026-09-02 20:55:33.726 | DEBUG    | core:as_tensor:724 - Loaded cache for /localdev/gwang/tt_transformers/model_cache/llama33_70b/T3K/empty_kcache_paged_attention(2048, 1, 32, 128)_dtype_BFLOAT8_B_layout_TILE.tensorbin of shape Shape([2048, 1, 32, 128])
2026-09-02 20:55:33.729 | DEBUG    | core:as_tensor:724 - Loaded cache for /localdev/gwang/tt_transformers/model_cache/llama33_70b/T3K/empty_vcache_paged_attention(2048, 1, 32, 128)_dtype_BFLOAT8_B_layout_TILE.tensorbin of shape Shape([2048, 1, 32, 128])
2026-09-02 20:55:33.732 | DEBUG    | core:as_tensor:724 - Loaded cache for /localdev/gwang/tt_transformers/model_cache/llama33_70b/T3K/empty_kcache_paged_attention(2048, 1, 32, 128)_dtype_BFLOAT8_B_layout_TILE.tensorbin of shape Shape([2048, 1, 32, 128])
2026-09-02 20:55:33.735 | DEBUG    | core:as_tensor:724 - Loaded cache for /localdev/gwang/tt_transformers/model_cache/llama33_70b/T3K/empty_vcache_paged_attention(2048, 1, 32, 128)_dtype_BFLOAT8_B_layout_TILE.tensorbin of shape Shape([2048, 1, 32, 128])
2026-09-02 20:55:33.738 | DEBUG    | core:as_tensor:724 - Loaded cache for /localdev/gwang/tt_transformers/model_cache/llama33_70b/T3K/empty_kcache_paged_attention(2048, 1, 32, 128)_dtype_BFLOAT8_B_layout_TILE.tensorbin of shape Shape([2048, 1, 32, 128])
2026-09-02 20:55:33.741 | DEBUG    | core:as_tensor:724 - Loaded cache for /localdev/gwang/tt_transformers/model_cache/llama33_70b/T3K/empty_vcache_paged_attention(2048, 1, 32, 128)_dtype_BFLOAT8_B_layout_TILE.tensorbin of shape Shape([2048, 1, 32, 128])
2026-09-02 20:55:33.744 | DEBUG    | core:as_tensor:724 - Loaded cache for /localdev/gwang/tt_transformers/model_cache/llama33_70b/T3K/empty_kcache_paged_attention(2048, 1, 32, 128)_dtype_BFLOAT8_B_layout_TILE.tensorbin of shape Shape([2048, 1, 32, 128])
2026-09-02 20:55:33.746 | DEBUG    | core:as_tensor:724 - Loaded cache for /localdev/gwang/tt_transformers/model_cache/llama33_70b/T3K/empty_vcache_paged_attention(2048, 1, 32, 128)_dtype_BFLOAT8_B_layout_TILE.tensorbin of shape Shape([2048, 1, 32, 128])
2026-09-02 20:55:33.749 | DEBUG    | core:as_tensor:724 - Loaded cache for /localdev/gwang/tt_transformers/model_cache/llama33_70b/T3K/empty_kcache_paged_attention(2048, 1, 32, 128)_dtype_BFLOAT8_B_layout_TILE.tensorbin of shape Shape([2048, 1, 32, 128])
2026-09-02 20:55:33.752 | DEBUG    | core:as_tensor:724 - Loaded cache for /localdev/gwang/tt_transformers/model_cache/llama33_70b/T3K/empty_vcache_paged_attention(2048, 1, 32, 128)_dtype_BFLOAT8_B_layout_TILE.tensorbin of shape Shape([2048, 1, 32, 128])
2026-09-02 20:55:33.755 | DEBUG    | core:as_tensor:724 - Loaded cache for /localdev/gwang/tt_transformers/model_cache/llama33_70b/T3K/empty_kcache_paged_attention(2048, 1, 32, 128)_dtype_BFLOAT8_B_layout_TILE.tensorbin of shape Shape([2048, 1, 32, 128])
2026-09-02 20:55:33.758 | DEBUG    | core:as_tensor:724 - Loaded cache for /localdev/gwang/tt_transformers/model_cache/llama33_70b/T3K/empty_vcache_paged_attention(2048, 1, 32, 128)_dtype_BFLOAT8_B_layout_TILE.tensorbin of shape Shape([2048, 1, 32, 128])
2026-09-02 20:55:33.760 | DEBUG    | core:as_tensor:724 - Loaded cache for /localdev/gwang/tt_transformers/model_cache/llama33_70b/T3K/empty_kcache_paged_attention(2048, 1, 32, 128)_dtype_BFLOAT8_B_layout_TILE.tensorbin of shape Shape([2048, 1, 32, 128])
2026-09-02 20:55:33.763 | DEBUG    | core:as_tensor:724 - Loaded cache for /localdev/gwang/tt_transformers/model_cache/llama33_70b/T3K/empty_vcache_paged_attention(2048, 1, 32, 128)_dtype_BFLOAT8_B_layout_TILE.tensorbin of shape Shape([2048, 1, 32, 128])
2026-09-02 20:55:33.766 | DEBUG    | core:as_tensor:724 - Loaded cache for /localdev/gwang/tt_transformers/model_cache/llama33_70b/T3K/empty_kcache_paged_attention(2048, 1, 32, 128)_dtype_BFLOAT8_B_layout_TILE.tensorbin of shape Shape([2048, 1, 32, 128])
2026-09-02 20:55:33.769 | DEBUG    | core:as_tensor:724 - Loaded cache for /localdev/gwang/tt_transformers/model_cache/llama33_70b/T3K/empty_vcache_paged_attention(2048, 1, 32, 128)_dtype_BFLOAT8_B_layout_TILE.tensorbin of shape Shape([2048, 1, 32, 128])
2026-09-02 20:55:33.772 | DEBUG    | core:as_tensor:724 - Loaded cache for /localdev/gwang/tt_transformers/model_cache/llama33_70b/T3K/empty_kcache_paged_attention(2048, 1, 32, 128)_dtype_BFLOAT8_B_layout_TILE.tensorbin of shape Shape([2048, 1, 32, 128])
2026-09-02 20:55:33.775 | DEBUG    | core:as_tensor:724 - Loaded cache for /localdev/gwang/tt_transformers/model_cache/llama33_70b/T3K/empty_vcache_paged_attention(2048, 1, 32, 128)_dtype_BFLOAT8_B_layout_TILE.tensorbin of shape Shape([2048, 1, 32, 128])
2026-09-02 20:55:33.778 | DEBUG    | core:as_tensor:724 - Loaded cache for /localdev/gwang/tt_transformers/model_cache/llama33_70b/T3K/empty_kcache_paged_attention(2048, 1, 32, 128)_dtype_BFLOAT8_B_layout_TILE.tensorbin of shape Shape([2048, 1, 32, 128])
2026-09-02 20:55:33.780 | DEBUG    | core:as_tensor:724 - Loaded cache for /localdev/gwang/tt_transformers/model_cache/llama33_70b/T3K/empty_vcache_paged_attention(2048, 1, 32, 128)_dtype_BFLOAT8_B_layout_TILE.tensorbin of shape Shape([2048, 1, 32, 128])
2026-09-02 20:55:33.783 | DEBUG    | core:as_tensor:724 - Loaded cache for /localdev/gwang/tt_transformers/model_cache/llama33_70b/T3K/empty_kcache_paged_attention(2048, 1, 32, 128)_dtype_BFLOAT8_B_layout_TILE.tensorbin of shape Shape([2048, 1, 32, 128])
2026-09-02 20:55:33.786 | DEBUG    | core:as_tensor:724 - Loaded cache for /localdev/gwang/tt_transformers/model_cache/llama33_70b/T3K/empty_vcache_paged_attention(2048, 1, 32, 128)_dtype_BFLOAT8_B_layout_TILE.tensorbin of shape Shape([2048, 1, 32, 128])
2026-09-02 20:55:33.789 | DEBUG    | core:as_tensor:724 - Loaded cache for /localdev/gwang/tt_transformers/model_cache/llama33_70b/T3K/empty_kcache_paged_attention(2048, 1, 32, 128)_dtype_BFLOAT8_B_layout_TILE.tensorbin of shape Shape([2048, 1, 32, 128])
2026-09-02 20:55:33.792 | DEBUG    | core:as_tensor:724 - Loaded cache for /localdev/gwang/tt_transformers/model_cache/llama33_70b/T3K/empty_vcache_paged_attention(2048, 1, 32, 128)_dtype_BFLOAT8_B_layout_TILE.tensorbin of shape Shape([2048, 1, 32, 128])
2026-09-02 20:55:33.795 | DEBUG    | core:as_tensor:724 - Loaded cache for /localdev/gwang/tt_transformers/model_cache/llama33_70b/T3K/empty_kcache_paged_attention(2048, 1, 32, 128)_dtype_BFLOAT8_B_layout_TILE.tensorbin of shape Shape([2048, 1, 32, 128])
2026-09-02 20:55:33.797 | DEBUG    | core:as_tensor:724 - Loaded cache for /localdev/gwang/tt_transformers/model_cache/llama33_70b/T3K/empty_vcache_paged_attention(2048, 1, 32, 128)_dtype_BFLOAT8_B_layout_TILE.tensorbin of shape Shape([2048, 1, 32, 128])
2026-09-02 20:55:33.800 | DEBUG    | core:as_tensor:724 - Loaded cache for /localdev/gwang/tt_transformers/model_cache/llama33_70b/T3K/empty_kcache_paged_attention(2048, 1, 32, 128)_dtype_BFLOAT8_B_layout_TILE.tensorbin of shape Shape([2048, 1, 32, 128])
2026-09-02 20:55:33.803 | DEBUG    | core:as_tensor:724 - Loaded cache for /localdev/gwang/tt_transformers/model_cache/llama33_70b/T3K/empty_vcache_paged_attention(2048, 1, 32, 128)_dtype_BFLOAT8_B_layout_TILE.tensorbin of shape Shape([2048, 1, 32, 128])
2026-09-02 20:55:33.806 | DEBUG    | core:as_tensor:724 - Loaded cache for /localdev/gwang/tt_transformers/model_cache/llama33_70b/T3K/empty_kcache_paged_attention(2048, 1, 32, 128)_dtype_BFLOAT8_B_layout_TILE.tensorbin of shape Shape([2048, 1, 32, 128])
2026-09-02 20:55:33.809 | DEBUG    | core:as_tensor:724 - Loaded cache for /localdev/gwang/tt_transformers/model_cache/llama33_70b/T3K/empty_vcache_paged_attention(2048, 1, 32, 128)_dtype_BFLOAT8_B_layout_TILE.tensorbin of shape Shape([2048, 1, 32, 128])
2026-09-02 20:55:33.812 | DEBUG    | core:as_tensor:724 - Loaded cache for /localdev/gwang/tt_transformers/model_cache/llama33_70b/T3K/empty_kcache_paged_attention(2048, 1, 32, 128)_dtype_BFLOAT8_B_layout_TILE.tensorbin of shape Shape([2048, 1, 32, 128])
2026-09-02 20:55:33.814 | DEBUG    | core:as_tensor:724 - Loaded cache for /localdev/gwang/tt_transformers/model_cache/llama33_70b/T3K/empty_vcache_paged_attention(2048, 1, 32, 128)_dtype_BFLOAT8_B_layout_TILE.tensorbin of shape Shape([2048, 1, 32, 128])
2026-09-02 20:55:33.817 | DEBUG    | core:as_tensor:724 - Loaded cache for /localdev/gwang/tt_transformers/model_cache/llama33_70b/T3K/empty_kcache_paged_attention(2048, 1, 32, 128)_dtype_BFLOAT8_B_layout_TILE.tensorbin of shape Shape([2048, 1, 32, 128])
2026-09-02 20:55:33.820 | DEBUG    | core:as_tensor:724 - Loaded cache for /localdev/gwang/tt_transformers/model_cache/llama33_70b/T3K/empty_vcache_paged_attention(2048, 1, 32, 128)_dtype_BFLOAT8_B_layout_TILE.tensorbin of shape Shape([2048, 1, 32, 128])
2026-09-02 20:55:33.823 | DEBUG    | core:as_tensor:724 - Loaded cache for /localdev/gwang/tt_transformers/model_cache/llama33_70b/T3K/empty_kcache_paged_attention(2048, 1, 32, 128)_dtype_BFLOAT8_B_layout_TILE.tensorbin of shape Shape([2048, 1, 32, 128])
2026-09-02 20:55:33.826 | DEBUG    | core:as_tensor:724 - Loaded cache for /localdev/gwang/tt_transformers/model_cache/llama33_70b/T3K/empty_vcache_paged_attention(2048, 1, 32, 128)_dtype_BFLOAT8_B_layout_TILE.tensorbin of shape Shape([2048, 1, 32, 128])
2026-09-02 20:55:33.829 | DEBUG    | core:as_tensor:724 - Loaded cache for /localdev/gwang/tt_transformers/model_cache/llama33_70b/T3K/empty_kcache_paged_attention(2048, 1, 32, 128)_dtype_BFLOAT8_B_layout_TILE.tensorbin of shape Shape([2048, 1, 32, 128])
2026-09-02 20:55:33.832 | DEBUG    | core:as_tensor:724 - Loaded cache for /localdev/gwang/tt_transformers/model_cache/llama33_70b/T3K/empty_vcache_paged_attention(2048, 1, 32, 128)_dtype_BFLOAT8_B_layout_TILE.tensorbin of shape Shape([2048, 1, 32, 128])
2026-09-02 20:55:33.835 | DEBUG    | core:as_tensor:724 - Loaded cache for /localdev/gwang/tt_transformers/model_cache/llama33_70b/T3K/empty_kcache_paged_attention(2048, 1, 32, 128)_dtype_BFLOAT8_B_layout_TILE.tensorbin of shape Shape([2048, 1, 32, 128])
2026-09-02 20:55:33.838 | DEBUG    | core:as_tensor:724 - Loaded cache for /localdev/gwang/tt_transformers/model_cache/llama33_70b/T3K/empty_vcache_paged_attention(2048, 1, 32, 128)_dtype_BFLOAT8_B_layout_TILE.tensorbin of shape Shape([2048, 1, 32, 128])
2026-09-02 20:55:33.840 | DEBUG    | core:as_tensor:724 - Loaded cache for /localdev/gwang/tt_transformers/model_cache/llama33_70b/T3K/empty_kcache_paged_attention(2048, 1, 32, 128)_dtype_BFLOAT8_B_layout_TILE.tensorbin of shape Shape([2048, 1, 32, 128])
2026-09-02 20:55:33.843 | DEBUG    | core:as_tensor:724 - Loaded cache for /localdev/gwang/tt_transformers/model_cache/llama33_70b/T3K/empty_vcache_paged_attention(2048, 1, 32, 128)_dtype_BFLOAT8_B_layout_TILE.tensorbin of shape Shape([2048, 1, 32, 128])
2026-09-02 20:55:33.846 | DEBUG    | core:as_tensor:724 - Loaded cache for /localdev/gwang/tt_transformers/model_cache/llama33_70b/T3K/empty_kcache_paged_attention(2048, 1, 32, 128)_dtype_BFLOAT8_B_layout_TILE.tensorbin of shape Shape([2048, 1, 32, 128])
2026-09-02 20:55:33.849 | DEBUG    | core:as_tensor:724 - Loaded cache for /localdev/gwang/tt_transformers/model_cache/llama33_70b/T3K/empty_vcache_paged_attention(2048, 1, 32, 128)_dtype_BFLOAT8_B_layout_TILE.tensorbin of shape Shape([2048, 1, 32, 128])
2026-09-02 20:55:39.742 | DEBUG    | core:as_tensor:724 - Loaded cache for /localdev/gwang/tt_transformers/model_cache/llama33_70b/T3K/empty_kcache_paged_attention(2048, 1, 32, 128)_dtype_BFLOAT8_B_layout_TILE.tensorbin of shape Shape([2048, 1, 32, 128])
2026-09-02 20:55:39.745 | DEBUG    | core:as_tensor:724 - Loaded cache for /localdev/gwang/tt_transformers/model_cache/llama33_70b/T3K/empty_vcache_paged_attention(2048, 1, 32, 128)_dtype_BFLOAT8_B_layout_TILE.tensorbin of shape Shape([2048, 1, 32, 128])
2026-09-02 20:55:39.748 | DEBUG    | core:as_tensor:724 - Loaded cache for /localdev/gwang/tt_transformers/model_cache/llama33_70b/T3K/empty_kcache_paged_attention(2048, 1, 32, 128)_dtype_BFLOAT8_B_layout_TILE.tensorbin of shape Shape([2048, 1, 32, 128])
2026-09-02 20:55:39.751 | DEBUG    | core:as_tensor:724 - Loaded cache for /localdev/gwang/tt_transformers/model_cache/llama33_70b/T3K/empty_vcache_paged_attention(2048, 1, 32, 128)_dtype_BFLOAT8_B_layout_TILE.tensorbin of shape Shape([2048, 1, 32, 128])
2026-09-02 20:55:39.754 | DEBUG    | core:as_tensor:724 - Loaded cache for /localdev/gwang/tt_transformers/model_cache/llama33_70b/T3K/empty_kcache_paged_attention(2048, 1, 32, 128)_dtype_BFLOAT8_B_layout_TILE.tensorbin of shape Shape([2048, 1, 32, 128])
2026-09-02 20:55:39.757 | DEBUG    | core:as_tensor:724 - Loaded cache for /localdev/gwang/tt_transformers/model_cache/llama33_70b/T3K/empty_vcache_paged_attention(2048, 1, 32, 128)_dtype_BFLOAT8_B_layout_TILE.tensorbin of shape Shape([2048, 1, 32, 128])
2026-09-02 20:55:39.760 | DEBUG    | core:as_tensor:724 - Loaded cache for /localdev/gwang/tt_transformers/model_cache/llama33_70b/T3K/empty_kcache_paged_attention(2048, 1, 32, 128)_dtype_BFLOAT8_B_layout_TILE.tensorbin of shape Shape([2048, 1, 32, 128])
2026-09-02 20:55:39.762 | DEBUG    | core:as_tensor:724 - Loaded cache for /localdev/gwang/tt_transformers/model_cache/llama33_70b/T3K/empty_vcache_paged_attention(2048, 1, 32, 128)_dtype_BFLOAT8_B_layout_TILE.tensorbin of shape Shape([2048, 1, 32, 128])
2026-09-02 20:55:39.765 | DEBUG    | core:as_tensor:724 - Loaded cache for /localdev/gwang/tt_transformers/model_cache/llama33_70b/T3K/empty_kcache_paged_attention(2048, 1, 32, 128)_dtype_BFLOAT8_B_layout_TILE.tensorbin of shape Shape([2048, 1, 32, 128])
2026-09-02 20:55:39.768 | DEBUG    | core:as_tensor:724 - Loaded cache for /localdev/gwang/tt_transformers/model_cache/llama33_70b/T3K/empty_vcache_paged_attention(2048, 1, 32, 128)_dtype_BFLOAT8_B_layout_TILE.tensorbin of shape Shape([2048, 1, 32, 128])
2026-09-02 20:55:39.771 | DEBUG    | core:as_tensor:724 - Loaded cache for /localdev/gwang/tt_transformers/model_cache/llama33_70b/T3K/empty_kcache_paged_attention(2048, 1, 32, 128)_dtype_BFLOAT8_B_layout_TILE.tensorbin of shape Shape([2048, 1, 32, 128])
2026-09-02 20:55:39.774 | DEBUG    | core:as_tensor:724 - Loaded cache for /localdev/gwang/tt_transformers/model_cache/llama33_70b/T3K/empty_vcache_paged_attention(2048, 1, 32, 128)_dtype_BFLOAT8_B_layout_TILE.tensorbin of shape Shape([2048, 1, 32, 128])
2026-09-02 20:55:39.776 | DEBUG    | core:as_tensor:724 - Loaded cache for /localdev/gwang/tt_transformers/model_cache/llama33_70b/T3K/empty_kcache_paged_attention(2048, 1, 32, 128)_dtype_BFLOAT8_B_layout_TILE.tensorbin of shape Shape([2048, 1, 32, 128])
2026-09-02 20:55:39.779 | DEBUG    | core:as_tensor:724 - Loaded cache for /localdev/gwang/tt_transformers/model_cache/llama33_70b/T3K/empty_vcache_paged_attention(2048, 1, 32, 128)_dtype_BFLOAT8_B_layout_TILE.tensorbin of shape Shape([2048, 1, 32, 128])
2026-09-02 20:55:39.782 | DEBUG    | core:as_tensor:724 - Loaded cache for /localdev/gwang/tt_transformers/model_cache/llama33_70b/T3K/empty_kcache_paged_attention(2048, 1, 32, 128)_dtype_BFLOAT8_B_layout_TILE.tensorbin of shape Shape([2048, 1, 32, 128])
2026-09-02 20:55:39.785 | DEBUG    | core:as_tensor:724 - Loaded cache for /localdev/gwang/tt_transformers/model_cache/llama33_70b/T3K/empty_vcache_paged_attention(2048, 1, 32, 128)_dtype_BFLOAT8_B_layout_TILE.tensorbin of shape Shape([2048, 1, 32, 128])
2026-09-02 20:55:39.788 | DEBUG    | core:as_tensor:724 - Loaded cache for /localdev/gwang/tt_transformers/model_cache/llama33_70b/T3K/empty_kcache_paged_attention(2048, 1, 32, 128)_dtype_BFLOAT8_B_layout_TILE.tensorbin of shape Shape([2048, 1, 32, 128])
2026-09-02 20:55:39.791 | DEBUG    | core:as_tensor:724 - Loaded cache for /localdev/gwang/tt_transformers/model_cache/llama33_70b/T3K/empty_vcache_paged_attention(2048, 1, 32, 128)_dtype_BFLOAT8_B_layout_TILE.tensorbin of shape Shape([2048, 1, 32, 128])
2026-09-02 20:55:39.794 | DEBUG    | core:as_tensor:724 - Loaded cache for /localdev/gwang/tt_transformers/model_cache/llama33_70b/T3K/empty_kcache_paged_attention(2048, 1, 32, 128)_dtype_BFLOAT8_B_layout_TILE.tensorbin of shape Shape([2048, 1, 32, 128])
2026-09-02 20:55:39.796 | DEBUG    | core:as_tensor:724 - Loaded cache for /localdev/gwang/tt_transformers/model_cache/llama33_70b/T3K/empty_vcache_paged_attention(2048, 1, 32, 128)_dtype_BFLOAT8_B_layout_TILE.tensorbin of shape Shape([2048, 1, 32, 128])
2026-09-02 20:55:39.799 | DEBUG    | core:as_tensor:724 - Loaded cache for /localdev/gwang/tt_transformers/model_cache/llama33_70b/T3K/empty_kcache_paged_attention(2048, 1, 32, 128)_dtype_BFLOAT8_B_layout_TILE.tensorbin of shape Shape([2048, 1, 32, 128])
2026-09-02 20:55:39.802 | DEBUG    | core:as_tensor:724 - Loaded cache for /localdev/gwang/tt_transformers/model_cache/llama33_70b/T3K/empty_vcache_paged_attention(2048, 1, 32, 128)_dtype_BFLOAT8_B_layout_TILE.tensorbin of shape Shape([2048, 1, 32, 128])
2026-09-02 20:55:39.805 | DEBUG    | core:as_tensor:724 - Loaded cache for /localdev/gwang/tt_transformers/model_cache/llama33_70b/T3K/empty_kcache_paged_attention(2048, 1, 32, 128)_dtype_BFLOAT8_B_layout_TILE.tensorbin of shape Shape([2048, 1, 32, 128])
2026-09-02 20:55:39.808 | DEBUG    | core:as_tensor:724 - Loaded cache for /localdev/gwang/tt_transformers/model_cache/llama33_70b/T3K/empty_vcache_paged_attention(2048, 1, 32, 128)_dtype_BFLOAT8_B_layout_TILE.tensorbin of shape Shape([2048, 1, 32, 128])
2026-09-02 20:55:39.811 | DEBUG    | core:as_tensor:724 - Loaded cache for /localdev/gwang/tt_transformers/model_cache/llama33_70b/T3K/empty_kcache_paged_attention(2048, 1, 32, 128)_dtype_BFLOAT8_B_layout_TILE.tensorbin of shape Shape([2048, 1, 32, 128])
2026-09-02 20:55:39.814 | DEBUG    | core:as_tensor:724 - Loaded cache for /localdev/gwang/tt_transformers/model_cache/llama33_70b/T3K/empty_vcache_paged_attention(2048, 1, 32, 128)_dtype_BFLOAT8_B_layout_TILE.tensorbin of shape Shape([2048, 1, 32, 128])
2026-09-02 20:55:39.817 | DEBUG    | core:as_tensor:724 - Loaded cache for /localdev/gwang/tt_transformers/model_cache/llama33_70b/T3K/empty_kcache_paged_attention(2048, 1, 32, 128)_dtype_BFLOAT8_B_layout_TILE.tensorbin of shape Shape([2048, 1, 32, 128])
2026-09-02 20:55:39.820 | DEBUG    | core:as_tensor:724 - Loaded cache for /localdev/gwang/tt_transformers/model_cache/llama33_70b/T3K/empty_vcache_paged_attention(2048, 1, 32, 128)_dtype_BFLOAT8_B_layout_TILE.tensorbin of shape Shape([2048, 1, 32, 128])
2026-09-02 20:55:39.822 | DEBUG    | core:as_tensor:724 - Loaded cache for /localdev/gwang/tt_transformers/model_cache/llama33_70b/T3K/empty_kcache_paged_attention(2048, 1, 32, 128)_dtype_BFLOAT8_B_layout_TILE.tensorbin of shape Shape([2048, 1, 32, 128])
2026-09-02 20:55:39.825 | DEBUG    | core:as_tensor:724 - Loaded cache for /localdev/gwang/tt_transformers/model_cache/llama33_70b/T3K/empty_vcache_paged_attention(2048, 1, 32, 128)_dtype_BFLOAT8_B_layout_TILE.tensorbin of shape Shape([2048, 1, 32, 128])
2026-09-02 20:55:39.828 | DEBUG    | core:as_tensor:724 - Loaded cache for /localdev/gwang/tt_transformers/model_cache/llama33_70b/T3K/empty_kcache_paged_attention(2048, 1, 32, 128)_dtype_BFLOAT8_B_layout_TILE.tensorbin of shape Shape([2048, 1, 32, 128])
2026-09-02 20:55:39.831 | DEBUG    | core:as_tensor:724 - Loaded cache for /localdev/gwang/tt_transformers/model_cache/llama33_70b/T3K/empty_vcache_paged_attention(2048, 1, 32, 128)_dtype_BFLOAT8_B_layout_TILE.tensorbin of shape Shape([2048, 1, 32, 128])
2026-09-02 20:55:39.834 | DEBUG    | core:as_tensor:724 - Loaded cache for /localdev/gwang/tt_transformers/model_cache/llama33_70b/T3K/empty_kcache_paged_attention(2048, 1, 32, 128)_dtype_BFLOAT8_B_layout_TILE.tensorbin of shape Shape([2048, 1, 32, 128])
2026-09-02 20:55:39.836 | DEBUG    | core:as_tensor:724 - Loaded cache for /localdev/gwang/tt_transformers/model_cache/llama33_70b/T3K/empty_vcache_paged_attention(2048, 1, 32, 128)_dtype_BFLOAT8_B_layout_TILE.tensorbin of shape Shape([2048, 1, 32, 128])
2026-09-02 20:55:39.839 | DEBUG    | core:as_tensor:724 - Loaded cache for /localdev/gwang/tt_transformers/model_cache/llama33_70b/T3K/empty_kcache_paged_attention(2048, 1, 32, 128)_dtype_BFLOAT8_B_layout_TILE.tensorbin of shape Shape([2048, 1, 32, 128])
2026-09-02 20:55:39.842 | DEBUG    | core:as_tensor:724 - Loaded cache for /localdev/gwang/tt_transformers/model_cache/llama33_70b/T3K/empty_vcache_paged_attention(2048, 1, 32, 128)_dtype_BFLOAT8_B_layout_TILE.tensorbin of shape Shape([2048, 1, 32, 128])
2026-09-02 20:55:39.845 | DEBUG    | core:as_tensor:724 - Loaded cache for /localdev/gwang/tt_transformers/model_cache/llama33_70b/T3K/empty_kcache_paged_attention(2048, 1, 32, 128)_dtype_BFLOAT8_B_layout_TILE.tensorbin of shape Shape([2048, 1, 32, 128])
2026-09-02 20:55:39.848 | DEBUG    | core:as_tensor:724 - Loaded cache for /localdev/gwang/tt_transformers/model_cache/llama33_70b/T3K/empty_vcache_paged_attention(2048, 1, 32, 128)_dtype_BFLOAT8_B_layout_TILE.tensorbin of shape Shape([2048, 1, 32, 128])
2026-09-02 20:55:39.851 | DEBUG    | core:as_tensor:724 - Loaded cache for /localdev/gwang/tt_transformers/model_cache/llama33_70b/T3K/empty_kcache_paged_attention(2048, 1, 32, 128)_dtype_BFLOAT8_B_layout_TILE.tensorbin of shape Shape([2048, 1, 32, 128])
2026-09-02 20:55:39.854 | DEBUG    | core:as_tensor:724 - Loaded cache for /localdev/gwang/tt_transformers/model_cache/llama33_70b/T3K/empty_vcache_paged_attention(2048, 1, 32, 128)_dtype_BFLOAT8_B_layout_TILE.tensorbin of shape Shape([2048, 1, 32, 128])
2026-09-02 20:55:39.856 | DEBUG    | core:as_tensor:724 - Loaded cache for /localdev/gwang/tt_transformers/model_cache/llama33_70b/T3K/empty_kcache_paged_attention(2048, 1, 32, 128)_dtype_BFLOAT8_B_layout_TILE.tensorbin of shape Shape([2048, 1, 32, 128])
2026-09-02 20:55:39.859 | DEBUG    | core:as_tensor:724 - Loaded cache for /localdev/gwang/tt_transformers/model_cache/llama33_70b/T3K/empty_vcache_paged_attention(2048, 1, 32, 128)_dtype_BFLOAT8_B_layout_TILE.tensorbin of shape Shape([2048, 1, 32, 128])
2026-09-02 20:55:39.862 | DEBUG    | core:as_tensor:724 - Loaded cache for /localdev/gwang/tt_transformers/model_cache/llama33_70b/T3K/empty_kcache_paged_attention(2048, 1, 32, 128)_dtype_BFLOAT8_B_layout_TILE.tensorbin of shape Shape([2048, 1, 32, 128])
2026-09-02 20:55:39.865 | DEBUG    | core:as_tensor:724 - Loaded cache for /localdev/gwang/tt_transformers/model_cache/llama33_70b/T3K/empty_vcache_paged_attention(2048, 1, 32, 128)_dtype_BFLOAT8_B_layout_TILE.tensorbin of shape Shape([2048, 1, 32, 128])
2026-09-02 20:55:39.868 | DEBUG    | core:as_tensor:724 - Loaded cache for /localdev/gwang/tt_transformers/model_cache/llama33_70b/T3K/empty_kcache_paged_attention(2048, 1, 32, 128)_dtype_BFLOAT8_B_layout_TILE.tensorbin of shape Shape([2048, 1, 32, 128])
2026-09-02 20:55:39.871 | DEBUG    | core:as_tensor:724 - Loaded cache for /localdev/gwang/tt_transformers/model_cache/llama33_70b/T3K/empty_vcache_paged_attention(2048, 1, 32, 128)_dtype_BFLOAT8_B_layout_TILE.tensorbin of shape Shape([2048, 1, 32, 128])
2026-09-02 20:55:39.874 | DEBUG    | core:as_tensor:724 - Loaded cache for /localdev/gwang/tt_transformers/model_cache/llama33_70b/T3K/empty_kcache_paged_attention(2048, 1, 32, 128)_dtype_BFLOAT8_B_layout_TILE.tensorbin of shape Shape([2048, 1, 32, 128])
2026-09-02 20:55:39.877 | DEBUG    | core:as_tensor:724 - Loaded cache for /localdev/gwang/tt_transformers/model_cache/llama33_70b/T3K/empty_vcache_paged_attention(2048, 1, 32, 128)_dtype_BFLOAT8_B_layout_TILE.tensorbin of shape Shape([2048, 1, 32, 128])
2026-09-02 20:55:39.880 | DEBUG    | core:as_tensor:724 - Loaded cache for /localdev/gwang/tt_transformers/model_cache/llama33_70b/T3K/empty_kcache_paged_attention(2048, 1, 32, 128)_dtype_BFLOAT8_B_layout_TILE.tensorbin of shape Shape([2048, 1, 32, 128])
2026-09-02 20:55:39.883 | DEBUG    | core:as_tensor:724 - Loaded cache for /localdev/gwang/tt_transformers/model_cache/llama33_70b/T3K/empty_vcache_paged_attention(2048, 1, 32, 128)_dtype_BFLOAT8_B_layout_TILE.tensorbin of shape Shape([2048, 1, 32, 128])
2026-09-02 20:55:39.886 | DEBUG    | core:as_tensor:724 - Loaded cache for /localdev/gwang/tt_transformers/model_cache/llama33_70b/T3K/empty_kcache_paged_attention(2048, 1, 32, 128)_dtype_BFLOAT8_B_layout_TILE.tensorbin of shape Shape([2048, 1, 32, 128])
2026-09-02 20:55:39.889 | DEBUG    | core:as_tensor:724 - Loaded cache for /localdev/gwang/tt_transformers/model_cache/llama33_70b/T3K/empty_vcache_paged_attention(2048, 1, 32, 128)_dtype_BFLOAT8_B_layout_TILE.tensorbin of shape Shape([2048, 1, 32, 128])
2026-09-02 20:55:39.891 | DEBUG    | core:as_tensor:724 - Loaded cache for /localdev/gwang/tt_transformers/model_cache/llama33_70b/T3K/empty_kcache_paged_attention(2048, 1, 32, 128)_dtype_BFLOAT8_B_layout_TILE.tensorbin of shape Shape([2048, 1, 32, 128])
2026-09-02 20:55:39.894 | DEBUG    | core:as_tensor:724 - Loaded cache for /localdev/gwang/tt_transformers/model_cache/llama33_70b/T3K/empty_vcache_paged_attention(2048, 1, 32, 128)_dtype_BFLOAT8_B_layout_TILE.tensorbin of shape Shape([2048, 1, 32, 128])
2026-09-02 20:55:39.897 | DEBUG    | core:as_tensor:724 - Loaded cache for /localdev/gwang/tt_transformers/model_cache/llama33_70b/T3K/empty_kcache_paged_attention(2048, 1, 32, 128)_dtype_BFLOAT8_B_layout_TILE.tensorbin of shape Shape([2048, 1, 32, 128])
2026-09-02 20:55:39.900 | DEBUG    | core:as_tensor:724 - Loaded cache for /localdev/gwang/tt_transformers/model_cache/llama33_70b/T3K/empty_vcache_paged_attention(2048, 1, 32, 128)_dtype_BFLOAT8_B_layout_TILE.tensorbin of shape Shape([2048, 1, 32, 128])
2026-09-02 20:55:39.903 | DEBUG    | core:as_tensor:724 - Loaded cache for /localdev/gwang/tt_transformers/model_cache/llama33_70b/T3K/empty_kcache_paged_attention(2048, 1, 32, 128)_dtype_BFLOAT8_B_layout_TILE.tensorbin of shape Shape([2048, 1, 32, 128])
2026-09-02 20:55:39.905 | DEBUG    | core:as_tensor:724 - Loaded cache for /localdev/gwang/tt_transformers/model_cache/llama33_70b/T3K/empty_vcache_paged_attention(2048, 1, 32, 128)_dtype_BFLOAT8_B_layout_TILE.tensorbin of shape Shape([2048, 1, 32, 128])
2026-09-02 20:55:39.909 | DEBUG    | core:as_tensor:724 - Loaded cache for /localdev/gwang/tt_transformers/model_cache/llama33_70b/T3K/empty_kcache_paged_attention(2048, 1, 32, 128)_dtype_BFLOAT8_B_layout_TILE.tensorbin of shape Shape([2048, 1, 32, 128])
2026-09-02 20:55:39.912 | DEBUG    | core:as_tensor:724 - Loaded cache for /localdev/gwang/tt_transformers/model_cache/llama33_70b/T3K/empty_vcache_paged_attention(2048, 1, 32, 128)_dtype_BFLOAT8_B_layout_TILE.tensorbin of shape Shape([2048, 1, 32, 128])
2026-09-02 20:55:39.914 | DEBUG    | core:as_tensor:724 - Loaded cache for /localdev/gwang/tt_transformers/model_cache/llama33_70b/T3K/empty_kcache_paged_attention(2048, 1, 32, 128)_dtype_BFLOAT8_B_layout_TILE.tensorbin of shape Shape([2048, 1, 32, 128])
2026-09-02 20:55:39.918 | DEBUG    | core:as_tensor:724 - Loaded cache for /localdev/gwang/tt_transformers/model_cache/llama33_70b/T3K/empty_vcache_paged_attention(2048, 1, 32, 128)_dtype_BFLOAT8_B_layout_TILE.tensorbin of shape Shape([2048, 1, 32, 128])
2026-09-02 20:55:39.920 | DEBUG    | core:as_tensor:724 - Loaded cache for /localdev/gwang/tt_transformers/model_cache/llama33_70b/T3K/empty_kcache_paged_attention(2048, 1, 32, 128)_dtype_BFLOAT8_B_layout_TILE.tensorbin of shape Shape([2048, 1, 32, 128])
2026-09-02 20:55:39.923 | DEBUG    | core:as_tensor:724 - Loaded cache for /localdev/gwang/tt_transformers/model_cache/llama33_70b/T3K/empty_vcache_paged_attention(2048, 1, 32, 128)_dtype_BFLOAT8_B_layout_TILE.tensorbin of shape Shape([2048, 1, 32, 128])
2026-09-02 20:55:39.926 | DEBUG    | core:as_tensor:724 - Loaded cache for /localdev/gwang/tt_transformers/model_cache/llama33_70b/T3K/empty_kcache_paged_attention(2048, 1, 32, 128)_dtype_BFLOAT8_B_layout_TILE.tensorbin of shape Shape([2048, 1, 32, 128])
2026-09-02 20:55:39.929 | DEBUG    | core:as_tensor:724 - Loaded cache for /localdev/gwang/tt_transformers/model_cache/llama33_70b/T3K/empty_vcache_paged_attention(2048, 1, 32, 128)_dtype_BFLOAT8_B_layout_TILE.tensorbin of shape Shape([2048, 1, 32, 128])
2026-09-02 20:55:39.931 | DEBUG    | core:as_tensor:724 - Loaded cache for /localdev/gwang/tt_transformers/model_cache/llama33_70b/T3K/empty_kcache_paged_attention(2048, 1, 32, 128)_dtype_BFLOAT8_B_layout_TILE.tensorbin of shape Shape([2048, 1, 32, 128])
2026-09-02 20:55:39.934 | DEBUG    | core:as_tensor:724 - Loaded cache for /localdev/gwang/tt_transformers/model_cache/llama33_70b/T3K/empty_vcache_paged_attention(2048, 1, 32, 128)_dtype_BFLOAT8_B_layout_TILE.tensorbin of shape Shape([2048, 1, 32, 128])
2026-09-02 20:55:39.937 | DEBUG    | core:as_tensor:724 - Loaded cache for /localdev/gwang/tt_transformers/model_cache/llama33_70b/T3K/empty_kcache_paged_attention(2048, 1, 32, 128)_dtype_BFLOAT8_B_layout_TILE.tensorbin of shape Shape([2048, 1, 32, 128])
2026-09-02 20:55:39.940 | DEBUG    | core:as_tensor:724 - Loaded cache for /localdev/gwang/tt_transformers/model_cache/llama33_70b/T3K/empty_vcache_paged_attention(2048, 1, 32, 128)_dtype_BFLOAT8_B_layout_TILE.tensorbin of shape Shape([2048, 1, 32, 128])
2026-09-02 20:55:39.943 | DEBUG    | core:as_tensor:724 - Loaded cache for /localdev/gwang/tt_transformers/model_cache/llama33_70b/T3K/empty_kcache_paged_attention(2048, 1, 32, 128)_dtype_BFLOAT8_B_layout_TILE.tensorbin of shape Shape([2048, 1, 32, 128])
2026-09-02 20:55:39.945 | DEBUG    | core:as_tensor:724 - Loaded cache for /localdev/gwang/tt_transformers/model_cache/llama33_70b/T3K/empty_vcache_paged_attention(2048, 1, 32, 128)_dtype_BFLOAT8_B_layout_TILE.tensorbin of shape Shape([2048, 1, 32, 128])
2026-09-02 20:55:39.948 | DEBUG    | core:as_tensor:724 - Loaded cache for /localdev/gwang/tt_transformers/model_cache/llama33_70b/T3K/empty_kcache_paged_attention(2048, 1, 32, 128)_dtype_BFLOAT8_B_layout_TILE.tensorbin of shape Shape([2048, 1, 32, 128])
2026-09-02 20:55:39.951 | DEBUG    | core:as_tensor:724 - Loaded cache for /localdev/gwang/tt_transformers/model_cache/llama33_70b/T3K/empty_vcache_paged_attention(2048, 1, 32, 128)_dtype_BFLOAT8_B_layout_TILE.tensorbin of shape Shape([2048, 1, 32, 128])
2026-09-02 20:55:39.954 | DEBUG    | core:as_tensor:724 - Loaded cache for /localdev/gwang/tt_transformers/model_cache/llama33_70b/T3K/empty_kcache_paged_attention(2048, 1, 32, 128)_dtype_BFLOAT8_B_layout_TILE.tensorbin of shape Shape([2048, 1, 32, 128])
2026-09-02 20:55:39.957 | DEBUG    | core:as_tensor:724 - Loaded cache for /localdev/gwang/tt_transformers/model_cache/llama33_70b/T3K/empty_vcache_paged_attention(2048, 1, 32, 128)_dtype_BFLOAT8_B_layout_TILE.tensorbin of shape Shape([2048, 1, 32, 128])
2026-09-02 20:55:39.960 | DEBUG    | core:as_tensor:724 - Loaded cache for /localdev/gwang/tt_transformers/model_cache/llama33_70b/T3K/empty_kcache_paged_attention(2048, 1, 32, 128)_dtype_BFLOAT8_B_layout_TILE.tensorbin of shape Shape([2048, 1, 32, 128])
2026-09-02 20:55:39.962 | DEBUG    | core:as_tensor:724 - Loaded cache for /localdev/gwang/tt_transformers/model_cache/llama33_70b/T3K/empty_vcache_paged_attention(2048, 1, 32, 128)_dtype_BFLOAT8_B_layout_TILE.tensorbin of shape Shape([2048, 1, 32, 128])
2026-09-02 20:55:39.965 | DEBUG    | core:as_tensor:724 - Loaded cache for /localdev/gwang/tt_transformers/model_cache/llama33_70b/T3K/empty_kcache_paged_attention(2048, 1, 32, 128)_dtype_BFLOAT8_B_layout_TILE.tensorbin of shape Shape([2048, 1, 32, 128])
2026-09-02 20:55:39.968 | DEBUG    | core:as_tensor:724 - Loaded cache for /localdev/gwang/tt_transformers/model_cache/llama33_70b/T3K/empty_vcache_paged_attention(2048, 1, 32, 128)_dtype_BFLOAT8_B_layout_TILE.tensorbin of shape Shape([2048, 1, 32, 128])
2026-09-02 20:55:39.971 | DEBUG    | core:as_tensor:724 - Loaded cache for /localdev/gwang/tt_transformers/model_cache/llama33_70b/T3K/empty_kcache_paged_attention(2048, 1, 32, 128)_dtype_BFLOAT8_B_layout_TILE.tensorbin of shape Shape([2048, 1, 32, 128])
2026-09-02 20:55:39.974 | DEBUG    | core:as_tensor:724 - Loaded cache for /localdev/gwang/tt_transformers/model_cache/llama33_70b/T3K/empty_vcache_paged_attention(2048, 1, 32, 128)_dtype_BFLOAT8_B_layout_TILE.tensorbin of shape Shape([2048, 1, 32, 128])
2026-09-02 20:55:39.976 | DEBUG    | core:as_tensor:724 - Loaded cache for /localdev/gwang/tt_transformers/model_cache/llama33_70b/T3K/empty_kcache_paged_attention(2048, 1, 32, 128)_dtype_BFLOAT8_B_layout_TILE.tensorbin of shape Shape([2048, 1, 32, 128])
2026-09-02 20:55:39.979 | DEBUG    | core:as_tensor:724 - Loaded cache for /localdev/gwang/tt_transformers/model_cache/llama33_70b/T3K/empty_vcache_paged_attention(2048, 1, 32, 128)_dtype_BFLOAT8_B_layout_TILE.tensorbin of shape Shape([2048, 1, 32, 128])
2026-09-02 20:55:39.982 | DEBUG    | core:as_tensor:724 - Loaded cache for /localdev/gwang/tt_transformers/model_cache/llama33_70b/T3K/empty_kcache_paged_attention(2048, 1, 32, 128)_dtype_BFLOAT8_B_layout_TILE.tensorbin of shape Shape([2048, 1, 32, 128])
2026-09-02 20:55:39.985 | DEBUG    | core:as_tensor:724 - Loaded cache for /localdev/gwang/tt_transformers/model_cache/llama33_70b/T3K/empty_vcache_paged_attention(2048, 1, 32, 128)_dtype_BFLOAT8_B_layout_TILE.tensorbin of shape Shape([2048, 1, 32, 128])
2026-09-02 20:55:39.988 | DEBUG    | core:as_tensor:724 - Loaded cache for /localdev/gwang/tt_transformers/model_cache/llama33_70b/T3K/empty_kcache_paged_attention(2048, 1, 32, 128)_dtype_BFLOAT8_B_layout_TILE.tensorbin of shape Shape([2048, 1, 32, 128])
2026-09-02 20:55:39.991 | DEBUG    | core:as_tensor:724 - Loaded cache for /localdev/gwang/tt_transformers/model_cache/llama33_70b/T3K/empty_vcache_paged_attention(2048, 1, 32, 128)_dtype_BFLOAT8_B_layout_TILE.tensorbin of shape Shape([2048, 1, 32, 128])
2026-09-02 20:55:39.993 | DEBUG    | core:as_tensor:724 - Loaded cache for /localdev/gwang/tt_transformers/model_cache/llama33_70b/T3K/empty_kcache_paged_attention(2048, 1, 32, 128)_dtype_BFLOAT8_B_layout_TILE.tensorbin of shape Shape([2048, 1, 32, 128])
2026-09-02 20:55:39.996 | DEBUG    | core:as_tensor:724 - Loaded cache for /localdev/gwang/tt_transformers/model_cache/llama33_70b/T3K/empty_vcache_paged_attention(2048, 1, 32, 128)_dtype_BFLOAT8_B_layout_TILE.tensorbin of shape Shape([2048, 1, 32, 128])
2026-09-02 20:55:39.999 | DEBUG    | core:as_tensor:724 - Loaded cache for /localdev/gwang/tt_transformers/model_cache/llama33_70b/T3K/empty_kcache_paged_attention(2048, 1, 32, 128)_dtype_BFLOAT8_B_layout_TILE.tensorbin of shape Shape([2048, 1, 32, 128])
2026-09-02 20:55:40.002 | DEBUG    | core:as_tensor:724 - Loaded cache for /localdev/gwang/tt_transformers/model_cache/llama33_70b/T3K/empty_vcache_paged_attention(2048, 1, 32, 128)_dtype_BFLOAT8_B_layout_TILE.tensorbin of shape Shape([2048, 1, 32, 128])
2026-09-02 20:55:40.005 | DEBUG    | core:as_tensor:724 - Loaded cache for /localdev/gwang/tt_transformers/model_cache/llama33_70b/T3K/empty_kcache_paged_attention(2048, 1, 32, 128)_dtype_BFLOAT8_B_layout_TILE.tensorbin of shape Shape([2048, 1, 32, 128])
2026-09-02 20:55:40.007 | DEBUG    | core:as_tensor:724 - Loaded cache for /localdev/gwang/tt_transformers/model_cache/llama33_70b/T3K/empty_vcache_paged_attention(2048, 1, 32, 128)_dtype_BFLOAT8_B_layout_TILE.tensorbin of shape Shape([2048, 1, 32, 128])
2026-09-02 20:55:40.010 | DEBUG    | core:as_tensor:724 - Loaded cache for /localdev/gwang/tt_transformers/model_cache/llama33_70b/T3K/empty_kcache_paged_attention(2048, 1, 32, 128)_dtype_BFLOAT8_B_layout_TILE.tensorbin of shape Shape([2048, 1, 32, 128])
2026-09-02 20:55:40.013 | DEBUG    | core:as_tensor:724 - Loaded cache for /localdev/gwang/tt_transformers/model_cache/llama33_70b/T3K/empty_vcache_paged_attention(2048, 1, 32, 128)_dtype_BFLOAT8_B_layout_TILE.tensorbin of shape Shape([2048, 1, 32, 128])
2026-09-02 20:55:40.016 | DEBUG    | core:as_tensor:724 - Loaded cache for /localdev/gwang/tt_transformers/model_cache/llama33_70b/T3K/empty_kcache_paged_attention(2048, 1, 32, 128)_dtype_BFLOAT8_B_layout_TILE.tensorbin of shape Shape([2048, 1, 32, 128])
2026-09-02 20:55:40.019 | DEBUG    | core:as_tensor:724 - Loaded cache for /localdev/gwang/tt_transformers/model_cache/llama33_70b/T3K/empty_vcache_paged_attention(2048, 1, 32, 128)_dtype_BFLOAT8_B_layout_TILE.tensorbin of shape Shape([2048, 1, 32, 128])
2026-09-02 20:55:40.021 | DEBUG    | core:as_tensor:724 - Loaded cache for /localdev/gwang/tt_transformers/model_cache/llama33_70b/T3K/empty_kcache_paged_attention(2048, 1, 32, 128)_dtype_BFLOAT8_B_layout_TILE.tensorbin of shape Shape([2048, 1, 32, 128])
2026-09-02 20:55:40.024 | DEBUG    | core:as_tensor:724 - Loaded cache for /localdev/gwang/tt_transformers/model_cache/llama33_70b/T3K/empty_vcache_paged_attention(2048, 1, 32, 128)_dtype_BFLOAT8_B_layout_TILE.tensorbin of shape Shape([2048, 1, 32, 128])
2026-09-02 20:55:40.027 | DEBUG    | core:as_tensor:724 - Loaded cache for /localdev/gwang/tt_transformers/model_cache/llama33_70b/T3K/empty_kcache_paged_attention(2048, 1, 32, 128)_dtype_BFLOAT8_B_layout_TILE.tensorbin of shape Shape([2048, 1, 32, 128])
2026-09-02 20:55:40.030 | DEBUG    | core:as_tensor:724 - Loaded cache for /localdev/gwang/tt_transformers/model_cache/llama33_70b/T3K/empty_vcache_paged_attention(2048, 1, 32, 128)_dtype_BFLOAT8_B_layout_TILE.tensorbin of shape Shape([2048, 1, 32, 128])
2026-09-02 20:55:40.033 | DEBUG    | core:as_tensor:724 - Loaded cache for /localdev/gwang/tt_transformers/model_cache/llama33_70b/T3K/empty_kcache_paged_attention(2048, 1, 32, 128)_dtype_BFLOAT8_B_layout_TILE.tensorbin of shape Shape([2048, 1, 32, 128])
2026-09-02 20:55:40.036 | DEBUG    | core:as_tensor:724 - Loaded cache for /localdev/gwang/tt_transformers/model_cache/llama33_70b/T3K/empty_vcache_paged_attention(2048, 1, 32, 128)_dtype_BFLOAT8_B_layout_TILE.tensorbin of shape Shape([2048, 1, 32, 128])
2026-09-02 20:55:40.038 | DEBUG    | core:as_tensor:724 - Loaded cache for /localdev/gwang/tt_transformers/model_cache/llama33_70b/T3K/empty_kcache_paged_attention(2048, 1, 32, 128)_dtype_BFLOAT8_B_layout_TILE.tensorbin of shape Shape([2048, 1, 32, 128])
2026-09-02 20:55:40.041 | DEBUG    | core:as_tensor:724 - Loaded cache for /localdev/gwang/tt_transformers/model_cache/llama33_70b/T3K/empty_vcache_paged_attention(2048, 1, 32, 128)_dtype_BFLOAT8_B_layout_TILE.tensorbin of shape Shape([2048, 1, 32, 128])
2026-09-02 20:55:40.044 | DEBUG    | core:as_tensor:724 - Loaded cache for /localdev/gwang/tt_transformers/model_cache/llama33_70b/T3K/empty_kcache_paged_attention(2048, 1, 32, 128)_dtype_BFLOAT8_B_layout_TILE.tensorbin of shape Shape([2048, 1, 32, 128])
2026-09-02 20:55:40.047 | DEBUG    | core:as_tensor:724 - Loaded cache for /localdev/gwang/tt_transformers/model_cache/llama33_70b/T3K/empty_vcache_paged_attention(2048, 1, 32, 128)_dtype_BFLOAT8_B_layout_TILE.tensorbin of shape Shape([2048, 1, 32, 128])
2026-09-02 20:55:40.050 | DEBUG    | core:as_tensor:724 - Loaded cache for /localdev/gwang/tt_transformers/model_cache/llama33_70b/T3K/empty_kcache_paged_attention(2048, 1, 32, 128)_dtype_BFLOAT8_B_layout_TILE.tensorbin of shape Shape([2048, 1, 32, 128])
2026-09-02 20:55:40.052 | DEBUG    | core:as_tensor:724 - Loaded cache for /localdev/gwang/tt_transformers/model_cache/llama33_70b/T3K/empty_vcache_paged_attention(2048, 1, 32, 128)_dtype_BFLOAT8_B_layout_TILE.tensorbin of shape Shape([2048, 1, 32, 128])
2026-09-02 20:55:40.055 | DEBUG    | core:as_tensor:724 - Loaded cache for /localdev/gwang/tt_transformers/model_cache/llama33_70b/T3K/empty_kcache_paged_attention(2048, 1, 32, 128)_dtype_BFLOAT8_B_layout_TILE.tensorbin of shape Shape([2048, 1, 32, 128])
2026-09-02 20:55:40.058 | DEBUG    | core:as_tensor:724 - Loaded cache for /localdev/gwang/tt_transformers/model_cache/llama33_70b/T3K/empty_vcache_paged_attention(2048, 1, 32, 128)_dtype_BFLOAT8_B_layout_TILE.tensorbin of shape Shape([2048, 1, 32, 128])
2026-09-02 20:55:40.061 | DEBUG    | core:as_tensor:724 - Loaded cache for /localdev/gwang/tt_transformers/model_cache/llama33_70b/T3K/empty_kcache_paged_attention(2048, 1, 32, 128)_dtype_BFLOAT8_B_layout_TILE.tensorbin of shape Shape([2048, 1, 32, 128])
2026-09-02 20:55:40.064 | DEBUG    | core:as_tensor:724 - Loaded cache for /localdev/gwang/tt_transformers/model_cache/llama33_70b/T3K/empty_vcache_paged_attention(2048, 1, 32, 128)_dtype_BFLOAT8_B_layout_TILE.tensorbin of shape Shape([2048, 1, 32, 128])
2026-09-02 20:55:40.067 | DEBUG    | core:as_tensor:724 - Loaded cache for /localdev/gwang/tt_transformers/model_cache/llama33_70b/T3K/empty_kcache_paged_attention(2048, 1, 32, 128)_dtype_BFLOAT8_B_layout_TILE.tensorbin of shape Shape([2048, 1, 32, 128])
2026-09-02 20:55:40.070 | DEBUG    | core:as_tensor:724 - Loaded cache for /localdev/gwang/tt_transformers/model_cache/llama33_70b/T3K/empty_vcache_paged_attention(2048, 1, 32, 128)_dtype_BFLOAT8_B_layout_TILE.tensorbin of shape Shape([2048, 1, 32, 128])
2026-09-02 20:55:40.072 | DEBUG    | core:as_tensor:724 - Loaded cache for /localdev/gwang/tt_transformers/model_cache/llama33_70b/T3K/empty_kcache_paged_attention(2048, 1, 32, 128)_dtype_BFLOAT8_B_layout_TILE.tensorbin of shape Shape([2048, 1, 32, 128])
2026-09-02 20:55:40.075 | DEBUG    | core:as_tensor:724 - Loaded cache for /localdev/gwang/tt_transformers/model_cache/llama33_70b/T3K/empty_vcache_paged_attention(2048, 1, 32, 128)_dtype_BFLOAT8_B_layout_TILE.tensorbin of shape Shape([2048, 1, 32, 128])
2026-09-02 20:55:40.078 | DEBUG    | core:as_tensor:724 - Loaded cache for /localdev/gwang/tt_transformers/model_cache/llama33_70b/T3K/empty_kcache_paged_attention(2048, 1, 32, 128)_dtype_BFLOAT8_B_layout_TILE.tensorbin of shape Shape([2048, 1, 32, 128])
2026-09-02 20:55:40.081 | DEBUG    | core:as_tensor:724 - Loaded cache for /localdev/gwang/tt_transformers/model_cache/llama33_70b/T3K/empty_vcache_paged_attention(2048, 1, 32, 128)_dtype_BFLOAT8_B_layout_TILE.tensorbin of shape Shape([2048, 1, 32, 128])
2026-09-02 20:55:40.084 | DEBUG    | core:as_tensor:724 - Loaded cache for /localdev/gwang/tt_transformers/model_cache/llama33_70b/T3K/empty_kcache_paged_attention(2048, 1, 32, 128)_dtype_BFLOAT8_B_layout_TILE.tensorbin of shape Shape([2048, 1, 32, 128])
2026-09-02 20:55:40.087 | DEBUG    | core:as_tensor:724 - Loaded cache for /localdev/gwang/tt_transformers/model_cache/llama33_70b/T3K/empty_vcache_paged_attention(2048, 1, 32, 128)_dtype_BFLOAT8_B_layout_TILE.tensorbin of shape Shape([2048, 1, 32, 128])
2026-09-02 20:55:40.089 | DEBUG    | core:as_tensor:724 - Loaded cache for /localdev/gwang/tt_transformers/model_cache/llama33_70b/T3K/empty_kcache_paged_attention(2048, 1, 32, 128)_dtype_BFLOAT8_B_layout_TILE.tensorbin of shape Shape([2048, 1, 32, 128])
2026-09-02 20:55:40.092 | DEBUG    | core:as_tensor:724 - Loaded cache for /localdev/gwang/tt_transformers/model_cache/llama33_70b/T3K/empty_vcache_paged_attention(2048, 1, 32, 128)_dtype_BFLOAT8_B_layout_TILE.tensorbin of shape Shape([2048, 1, 32, 128])
2026-09-02 20:55:40.095 | DEBUG    | core:as_tensor:724 - Loaded cache for /localdev/gwang/tt_transformers/model_cache/llama33_70b/T3K/empty_kcache_paged_attention(2048, 1, 32, 128)_dtype_BFLOAT8_B_layout_TILE.tensorbin of shape Shape([2048, 1, 32, 128])
2026-09-02 20:55:40.098 | DEBUG    | core:as_tensor:724 - Loaded cache for /localdev/gwang/tt_transformers/model_cache/llama33_70b/T3K/empty_vcache_paged_attention(2048, 1, 32, 128)_dtype_BFLOAT8_B_layout_TILE.tensorbin of shape Shape([2048, 1, 32, 128])
2026-09-02 20:55:40.101 | DEBUG    | core:as_tensor:724 - Loaded cache for /localdev/gwang/tt_transformers/model_cache/llama33_70b/T3K/empty_kcache_paged_attention(2048, 1, 32, 128)_dtype_BFLOAT8_B_layout_TILE.tensorbin of shape Shape([2048, 1, 32, 128])
2026-09-02 20:55:40.104 | DEBUG    | core:as_tensor:724 - Loaded cache for /localdev/gwang/tt_transformers/model_cache/llama33_70b/T3K/empty_vcache_paged_attention(2048, 1, 32, 128)_dtype_BFLOAT8_B_layout_TILE.tensorbin of shape Shape([2048, 1, 32, 128])
2026-09-02 20:55:40.107 | DEBUG    | core:as_tensor:724 - Loaded cache for /localdev/gwang/tt_transformers/model_cache/llama33_70b/T3K/empty_kcache_paged_attention(2048, 1, 32, 128)_dtype_BFLOAT8_B_layout_TILE.tensorbin of shape Shape([2048, 1, 32, 128])
2026-09-02 20:55:40.110 | DEBUG    | core:as_tensor:724 - Loaded cache for /localdev/gwang/tt_transformers/model_cache/llama33_70b/T3K/empty_vcache_paged_attention(2048, 1, 32, 128)_dtype_BFLOAT8_B_layout_TILE.tensorbin of shape Shape([2048, 1, 32, 128])
2026-09-02 20:55:40.113 | DEBUG    | core:as_tensor:724 - Loaded cache for /localdev/gwang/tt_transformers/model_cache/llama33_70b/T3K/empty_kcache_paged_attention(2048, 1, 32, 128)_dtype_BFLOAT8_B_layout_TILE.tensorbin of shape Shape([2048, 1, 32, 128])
2026-09-02 20:55:40.115 | DEBUG    | core:as_tensor:724 - Loaded cache for /localdev/gwang/tt_transformers/model_cache/llama33_70b/T3K/empty_vcache_paged_attention(2048, 1, 32, 128)_dtype_BFLOAT8_B_layout_TILE.tensorbin of shape Shape([2048, 1, 32, 128])
2026-09-02 20:55:40.118 | DEBUG    | core:as_tensor:724 - Loaded cache for /localdev/gwang/tt_transformers/model_cache/llama33_70b/T3K/empty_kcache_paged_attention(2048, 1, 32, 128)_dtype_BFLOAT8_B_layout_TILE.tensorbin of shape Shape([2048, 1, 32, 128])
2026-09-02 20:55:40.121 | DEBUG    | core:as_tensor:724 - Loaded cache for /localdev/gwang/tt_transformers/model_cache/llama33_70b/T3K/empty_vcache_paged_attention(2048, 1, 32, 128)_dtype_BFLOAT8_B_layout_TILE.tensorbin of shape Shape([2048, 1, 32, 128])
2026-09-02 20:55:40.124 | DEBUG    | core:as_tensor:724 - Loaded cache for /localdev/gwang/tt_transformers/model_cache/llama33_70b/T3K/empty_kcache_paged_attention(2048, 1, 32, 128)_dtype_BFLOAT8_B_layout_TILE.tensorbin of shape Shape([2048, 1, 32, 128])
2026-09-02 20:55:40.127 | DEBUG    | core:as_tensor:724 - Loaded cache for /localdev/gwang/tt_transformers/model_cache/llama33_70b/T3K/empty_vcache_paged_attention(2048, 1, 32, 128)_dtype_BFLOAT8_B_layout_TILE.tensorbin of shape Shape([2048, 1, 32, 128])
2026-09-02 20:55:40.130 | DEBUG    | core:as_tensor:724 - Loaded cache for /localdev/gwang/tt_transformers/model_cache/llama33_70b/T3K/empty_kcache_paged_attention(2048, 1, 32, 128)_dtype_BFLOAT8_B_layout_TILE.tensorbin of shape Shape([2048, 1, 32, 128])
2026-09-02 20:55:40.133 | DEBUG    | core:as_tensor:724 - Loaded cache for /localdev/gwang/tt_transformers/model_cache/llama33_70b/T3K/empty_vcache_paged_attention(2048, 1, 32, 128)_dtype_BFLOAT8_B_layout_TILE.tensorbin of shape Shape([2048, 1, 32, 128])
2026-09-02 20:55:40.135 | DEBUG    | core:as_tensor:724 - Loaded cache for /localdev/gwang/tt_transformers/model_cache/llama33_70b/T3K/empty_kcache_paged_attention(2048, 1, 32, 128)_dtype_BFLOAT8_B_layout_TILE.tensorbin of shape Shape([2048, 1, 32, 128])
2026-09-02 20:55:40.138 | DEBUG    | core:as_tensor:724 - Loaded cache for /localdev/gwang/tt_transformers/model_cache/llama33_70b/T3K/empty_vcache_paged_attention(2048, 1, 32, 128)_dtype_BFLOAT8_B_layout_TILE.tensorbin of shape Shape([2048, 1, 32, 128])
2026-09-02 20:55:40.141 | DEBUG    | core:as_tensor:724 - Loaded cache for /localdev/gwang/tt_transformers/model_cache/llama33_70b/T3K/empty_kcache_paged_attention(2048, 1, 32, 128)_dtype_BFLOAT8_B_layout_TILE.tensorbin of shape Shape([2048, 1, 32, 128])
2026-09-02 20:55:40.144 | DEBUG    | core:as_tensor:724 - Loaded cache for /localdev/gwang/tt_transformers/model_cache/llama33_70b/T3K/empty_vcache_paged_attention(2048, 1, 32, 128)_dtype_BFLOAT8_B_layout_TILE.tensorbin of shape Shape([2048, 1, 32, 128])
2026-09-02 20:55:40.147 | DEBUG    | core:as_tensor:724 - Loaded cache for /localdev/gwang/tt_transformers/model_cache/llama33_70b/T3K/empty_kcache_paged_attention(2048, 1, 32, 128)_dtype_BFLOAT8_B_layout_TILE.tensorbin of shape Shape([2048, 1, 32, 128])
2026-09-02 20:55:40.149 | DEBUG    | core:as_tensor:724 - Loaded cache for /localdev/gwang/tt_transformers/model_cache/llama33_70b/T3K/empty_vcache_paged_attention(2048, 1, 32, 128)_dtype_BFLOAT8_B_layout_TILE.tensorbin of shape Shape([2048, 1, 32, 128])
2026-09-02 20:55:40.152 | DEBUG    | core:as_tensor:724 - Loaded cache for /localdev/gwang/tt_transformers/model_cache/llama33_70b/T3K/empty_kcache_paged_attention(2048, 1, 32, 128)_dtype_BFLOAT8_B_layout_TILE.tensorbin of shape Shape([2048, 1, 32, 128])
2026-09-02 20:55:40.155 | DEBUG    | core:as_tensor:724 - Loaded cache for /localdev/gwang/tt_transformers/model_cache/llama33_70b/T3K/empty_vcache_paged_attention(2048, 1, 32, 128)_dtype_BFLOAT8_B_layout_TILE.tensorbin of shape Shape([2048, 1, 32, 128])
2026-09-02 20:55:40.158 | DEBUG    | core:as_tensor:724 - Loaded cache for /localdev/gwang/tt_transformers/model_cache/llama33_70b/T3K/empty_kcache_paged_attention(2048, 1, 32, 128)_dtype_BFLOAT8_B_layout_TILE.tensorbin of shape Shape([2048, 1, 32, 128])
2026-09-02 20:55:40.161 | DEBUG    | core:as_tensor:724 - Loaded cache for /localdev/gwang/tt_transformers/model_cache/llama33_70b/T3K/empty_vcache_paged_attention(2048, 1, 32, 128)_dtype_BFLOAT8_B_layout_TILE.tensorbin of shape Shape([2048, 1, 32, 128])
2026-09-02 20:55:40.164 | DEBUG    | core:as_tensor:724 - Loaded cache for /localdev/gwang/tt_transformers/model_cache/llama33_70b/T3K/empty_kcache_paged_attention(2048, 1, 32, 128)_dtype_BFLOAT8_B_layout_TILE.tensorbin of shape Shape([2048, 1, 32, 128])
2026-09-02 20:55:40.167 | DEBUG    | core:as_tensor:724 - Loaded cache for /localdev/gwang/tt_transformers/model_cache/llama33_70b/T3K/empty_vcache_paged_attention(2048, 1, 32, 128)_dtype_BFLOAT8_B_layout_TILE.tensorbin of shape Shape([2048, 1, 32, 128])
2026-09-02 20:55:40.169 | DEBUG    | core:as_tensor:724 - Loaded cache for /localdev/gwang/tt_transformers/model_cache/llama33_70b/T3K/empty_kcache_paged_attention(2048, 1, 32, 128)_dtype_BFLOAT8_B_layout_TILE.tensorbin of shape Shape([2048, 1, 32, 128])
2026-09-02 20:55:40.172 | DEBUG    | core:as_tensor:724 - Loaded cache for /localdev/gwang/tt_transformers/model_cache/llama33_70b/T3K/empty_vcache_paged_attention(2048, 1, 32, 128)_dtype_BFLOAT8_B_layout_TILE.tensorbin of shape Shape([2048, 1, 32, 128])
2026-09-02 20:55:40.175 | DEBUG    | core:as_tensor:724 - Loaded cache for /localdev/gwang/tt_transformers/model_cache/llama33_70b/T3K/empty_kcache_paged_attention(2048, 1, 32, 128)_dtype_BFLOAT8_B_layout_TILE.tensorbin of shape Shape([2048, 1, 32, 128])
2026-09-02 20:55:40.178 | DEBUG    | core:as_tensor:724 - Loaded cache for /localdev/gwang/tt_transformers/model_cache/llama33_70b/T3K/empty_vcache_paged_attention(2048, 1, 32, 128)_dtype_BFLOAT8_B_layout_TILE.tensorbin of shape Shape([2048, 1, 32, 128])
2026-09-02 20:55:40.181 | DEBUG    | core:as_tensor:724 - Loaded cache for /localdev/gwang/tt_transformers/model_cache/llama33_70b/T3K/empty_kcache_paged_attention(2048, 1, 32, 128)_dtype_BFLOAT8_B_layout_TILE.tensorbin of shape Shape([2048, 1, 32, 128])
2026-09-02 20:55:40.184 | DEBUG    | core:as_tensor:724 - Loaded cache for /localdev/gwang/tt_transformers/model_cache/llama33_70b/T3K/empty_vcache_paged_attention(2048, 1, 32, 128)_dtype_BFLOAT8_B_layout_TILE.tensorbin of shape Shape([2048, 1, 32, 128])
2026-09-02 20:55:40.187 | DEBUG    | core:as_tensor:724 - Loaded cache for /localdev/gwang/tt_transformers/model_cache/llama33_70b/T3K/empty_kcache_paged_attention(2048, 1, 32, 128)_dtype_BFLOAT8_B_layout_TILE.tensorbin of shape Shape([2048, 1, 32, 128])
2026-09-02 20:55:40.190 | DEBUG    | core:as_tensor:724 - Loaded cache for /localdev/gwang/tt_transformers/model_cache/llama33_70b/T3K/empty_vcache_paged_attention(2048, 1, 32, 128)_dtype_BFLOAT8_B_layout_TILE.tensorbin of shape Shape([2048, 1, 32, 128])
2026-09-02 20:55:40.193 | DEBUG    | core:as_tensor:724 - Loaded cache for /localdev/gwang/tt_transformers/model_cache/llama33_70b/T3K/empty_kcache_paged_attention(2048, 1, 32, 128)_dtype_BFLOAT8_B_layout_TILE.tensorbin of shape Shape([2048, 1, 32, 128])
2026-09-02 20:55:40.196 | DEBUG    | core:as_tensor:724 - Loaded cache for /localdev/gwang/tt_transformers/model_cache/llama33_70b/T3K/empty_vcache_paged_attention(2048, 1, 32, 128)_dtype_BFLOAT8_B_layout_TILE.tensorbin of shape Shape([2048, 1, 32, 128])
2026-09-02 20:55:42.252 | INFO     | tt_transformers.llm_runtime.warmup:warmup_decode:485 - Compiled decode
2026-09-02 20:55:42.478 | INFO     | tt_transformers.llm_runtime.warmup:warmup_decode:485 - Compiled decode
2026-09-02 20:55:42.479 | INFO     | tt_transformers.llm_runtime.warmup:warmup_decode:487 - Compiled on-device sampling
2026-09-02 20:55:54.087 | INFO     | tt_transformers.llm_runtime.trace_compiler:capture_all:336 - Captured decode trace: signature=DecodeTraceSignature(batch_size=16, page_table_width=128, sampling_path='logits', device_feedback=False, penalties_enabled=False, logprobs_enabled=False)
2026-09-02 20:55:54.426 | INFO     | tt_transformers.llm_runtime.trace_compiler:capture_all:336 - Captured decode trace: signature=DecodeTraceSignature(batch_size=16, page_table_width=128, sampling_path='topk', device_feedback=True, penalties_enabled=False, logprobs_enabled=False)
2026-09-02 20:55:55.070 | INFO     | tt_transformers.llm_runtime.trace_compiler:capture_all:336 - Captured prefill trace: signature=PrefillTraceSignature(operation_variant='regular-batched', padded_batch_size=16, padded_sequence_length=128, page_table_width=192, chunk_page_table_width=None, sampling_path='logits', penalties_enabled=False, logprobs_enabled=False)
2026-09-02 20:55:55.732 | INFO     | tt_transformers.llm_runtime.trace_compiler:capture_all:336 - Captured prefill trace: signature=PrefillTraceSignature(operation_variant='regular-batched', padded_batch_size=16, padded_sequence_length=128, page_table_width=192, chunk_page_table_width=None, sampling_path='topk', penalties_enabled=False, logprobs_enabled=False)
2026-09-02 20:55:56.028 | INFO     | tt_transformers.llm_runtime.trace_compiler:capture_all:336 - Captured prefill trace: signature=PrefillTraceSignature(operation_variant='regular-single', padded_batch_size=1, padded_sequence_length=128, page_table_width=192, chunk_page_table_width=None, sampling_path='topk', penalties_enabled=False, logprobs_enabled=False)
2026-09-02 20:55:56.379 | INFO     | tt_transformers.llm_runtime.trace_compiler:capture_all:336 - Captured prefill trace: signature=PrefillTraceSignature(operation_variant='regular-batched', padded_batch_size=2, padded_sequence_length=128, page_table_width=192, chunk_page_table_width=None, sampling_path='topk', penalties_enabled=False, logprobs_enabled=False)
2026-09-02 20:55:56.767 | INFO     | tt_transformers.llm_runtime.trace_compiler:capture_all:336 - Captured prefill trace: signature=PrefillTraceSignature(operation_variant='regular-batched', padded_batch_size=4, padded_sequence_length=128, page_table_width=192, chunk_page_table_width=None, sampling_path='topk', penalties_enabled=False, logprobs_enabled=False)
2026-09-02 20:55:57.274 | INFO     | tt_transformers.llm_runtime.trace_compiler:capture_all:336 - Captured prefill trace: signature=PrefillTraceSignature(operation_variant='regular-batched', padded_batch_size=8, padded_sequence_length=128, page_table_width=192, chunk_page_table_width=None, sampling_path='topk', penalties_enabled=False, logprobs_enabled=False)
2026-09-02 20:55:57.580 | INFO     | tt_transformers.llm_runtime.trace_compiler:capture_all:336 - Captured prefill trace: signature=PrefillTraceSignature(operation_variant='chunked', padded_batch_size=1, padded_sequence_length=128, page_table_width=192, chunk_page_table_width=4, sampling_path='topk', penalties_enabled=False, logprobs_enabled=False)
2026-09-02 20:55:57.925 | INFO     | tt_transformers.llm_runtime.trace_compiler:capture_all:336 - Captured prefill trace: signature=PrefillTraceSignature(operation_variant='regular-single', padded_batch_size=1, padded_sequence_length=2048, page_table_width=192, chunk_page_table_width=None, sampling_path='topk', penalties_enabled=False, logprobs_enabled=False)
2026-09-02 20:55:58.271 | INFO     | tt_transformers.llm_runtime.trace_compiler:capture_all:336 - Captured prefill trace: signature=PrefillTraceSignature(operation_variant='chunked', padded_batch_size=1, padded_sequence_length=2048, page_table_width=192, chunk_page_table_width=64, sampling_path='topk', penalties_enabled=False, logprobs_enabled=False)
2026-09-02 20:55:58.571 | INFO     | tt_transformers.llm_runtime.trace_compiler:capture_all:336 - Captured prefill trace: signature=PrefillTraceSignature(operation_variant='regular-single', padded_batch_size=1, padded_sequence_length=128, page_table_width=192, chunk_page_table_width=None, sampling_path='logits', penalties_enabled=False, logprobs_enabled=False)
2026-09-02 20:55:58.924 | INFO     | tt_transformers.llm_runtime.trace_compiler:capture_all:336 - Captured prefill trace: signature=PrefillTraceSignature(operation_variant='regular-batched', padded_batch_size=2, padded_sequence_length=128, page_table_width=192, chunk_page_table_width=None, sampling_path='logits', penalties_enabled=False, logprobs_enabled=False)
2026-09-02 20:55:59.313 | INFO     | tt_transformers.llm_runtime.trace_compiler:capture_all:336 - Captured prefill trace: signature=PrefillTraceSignature(operation_variant='regular-batched', padded_batch_size=4, padded_sequence_length=128, page_table_width=192, chunk_page_table_width=None, sampling_path='logits', penalties_enabled=False, logprobs_enabled=False)
2026-09-02 20:55:59.818 | INFO     | tt_transformers.llm_runtime.trace_compiler:capture_all:336 - Captured prefill trace: signature=PrefillTraceSignature(operation_variant='regular-batched', padded_batch_size=8, padded_sequence_length=128, page_table_width=192, chunk_page_table_width=None, sampling_path='logits', penalties_enabled=False, logprobs_enabled=False)
2026-09-02 20:56:00.129 | INFO     | tt_transformers.llm_runtime.trace_compiler:capture_all:336 - Captured prefill trace: signature=PrefillTraceSignature(operation_variant='chunked', padded_batch_size=1, padded_sequence_length=128, page_table_width=192, chunk_page_table_width=4, sampling_path='logits', penalties_enabled=False, logprobs_enabled=False)
2026-09-02 20:56:00.476 | INFO     | tt_transformers.llm_runtime.trace_compiler:capture_all:336 - Captured prefill trace: signature=PrefillTraceSignature(operation_variant='regular-single', padded_batch_size=1, padded_sequence_length=2048, page_table_width=192, chunk_page_table_width=None, sampling_path='logits', penalties_enabled=False, logprobs_enabled=False)
2026-09-02 20:56:00.826 | INFO     | tt_transformers.llm_runtime.trace_compiler:capture_all:336 - Captured prefill trace: signature=PrefillTraceSignature(operation_variant='chunked', padded_batch_size=1, padded_sequence_length=2048, page_table_width=192, chunk_page_table_width=64, sampling_path='logits', penalties_enabled=False, logprobs_enabled=False)
2026-09-02 20:56:01.123 | INFO     | tt_transformers.llm_runtime.execution:_execute_prefill:671 - TTTV2_RUNTIME_EVIDENCE {"active_batch_size": 1, "execution": "trace_replay", "lane": 0, "operation": "prefill", "padded_batch_size": 1, "padded_sequence_length": 128, "program_key": "999cbf354c9bdd6077cabb45b51d31c2abbe52833ac910f642e5bcbb3cdd4494", "rank": 0, "replay_steps": 1, "sampling_path": "logits", "trace_key": "469283b260195f80b5f03bce4eb3044eeef47176541b1aae9a1d1a6ecb5917fe", "variant": "regular-single"}
2026-09-02 20:56:01.652 | INFO     | tt_transformers.llm_runtime.execution:_execute_prefill:671 - TTTV2_RUNTIME_EVIDENCE {"active_batch_size": 15, "execution": "trace_replay", "lane": 0, "operation": "prefill", "padded_batch_size": 16, "padded_sequence_length": 128, "program_key": "c7a3e8066537c19ac3fa869ec3ca1bc407bafcd8502d3b01be5dae9a2ed0b276", "rank": 0, "replay_steps": 1, "sampling_path": "logits", "trace_key": "d6be81420b505b3fe570ee657d153901af70fb56b5e1e9fbbb41b8205b87409b", "variant": "regular-batched"}
______ test_w6_active15_padded16_trace_correctness[topk-logits-16-15-T3K] ______

production_model = <tt_transformers.models.llama33_70b.model.Llama33_70BTransformer1D object at 0x7f4ab570f2b0>
ttnn_mesh_device = MeshDevice(1x8 grid, 8 devices), capture_order = (16, 15)
sampling_order = ('topk', 'logits')

    @pytest.mark.device
    @pytest.mark.model
    @pytest.mark.wormhole
    @pytest.mark.t3k
    @pytest.mark.parametrize("capture_order", [(16, 15), (15, 16)], ids=["16-15", "15-16"])
    @pytest.mark.parametrize(
        "sampling_order",
        [("logits", "topk"), ("topk", "logits")],
        ids=["logits-topk", "topk-logits"],
    )
    def test_w6_active15_padded16_trace_correctness(
        production_model,
        ttnn_mesh_device,
        capture_order,
        sampling_order,
    ):
        stale_block = _STALE_BLOCK
        page_table = _page_table(stale_block=stale_block)
        resident_table = _page_table()[_RESIDENT_SLOT : _RESIDENT_SLOT + 1]
        resident_table[:, :4] = torch.arange(_RESIDENT_BLOCK_START, _RESIDENT_BLOCK_START + 4, dtype=torch.int32)
        tokens = _tokens(15)
        resident_tokens = _tokens(1, salt=101)
        expected_logits, expected_active_decode, expected_resident_decode = _run_sequential_oracle(
            production_model, tokens, page_table, resident_tokens, resident_table
        )
        batched_eager_logits, batched_eager_kv, batched_eager_active_decode = _run_batched_eager_oracle(
            production_model, tokens, page_table, resident_tokens, resident_table
        )
    
        executor = create_executor(production_model, traced=True, device_sampling_enabled=True, trace_mode="all")
        try:
            assert executor.config.trace.mode == "all"
            # Production Llama33 disables force-argmax, so argmax->top-k is not an
            # executable registration order for this candidate.
            assert not production_model.sampling.config.allow_force_argmax
            assert executor.prefill_runtime.config.device_sampling_enabled
            assert not executor.prefill_runtime.config.disable_batched_prefill
            kv_cache = executor.allocate_kv_cache()
            # Compile the read-only KV evidence slices before trace activation so
            # the later program-cache invariant measures runtime work, not test
            # instrumentation first use.
            _kv_snapshot(
                kv_cache,
                (0, 60),
                (_STALE_BLOCK, _STALE_BLOCK + 1),
                (_RESIDENT_BLOCK_START, _RESIDENT_BLOCK_START + 4),
            )
            topk = _compile_registration_order(executor, kv_cache, page_table, capture_order, sampling_order)
            assert executor.trace_compiler.trace_active
            baseline_registry = len(executor.program_compiler.compiled_programs)
            baseline_program_cache = _program_cache_entries(ttnn_mesh_device)
            baseline_summary = executor.traced_executor.runtime_summary()
    
            prepared = _prepared(executor, tokens, page_table)
            assert len(prepared) == 1
            item = prepared[0]
            assert item.request.kind == "batched"
            assert item.request.source_rows == tuple(range(15))
            assert item.request.padded_batch_size == 16
            assert item.program_signatures[0].operation_variant == "regular-batched"
            assert item.sampling_path == "logits"
            assert item.trace_signature is not None
            assert torch.all(item.request.tokens[15] == 0)
            assert torch.all(item.request.page_table[15] == -1)
            assert torch.all(item.request.page_table[:15, 4:] == -1)
            program_key = executor.program_compiler.key_for(item.program_signatures[0])
            trace_key = executor.trace_compiler.trace_key_for_program(program_key)
            assert trace_key is not None
            assert executor.trace_compiler.get(trace_key).artifact is not None
    
            stale_before = _kv_snapshot(kv_cache, (_STALE_BLOCK, _STALE_BLOCK + 1))
            resident_logits = executor.prefill_forward(
                resident_tokens,
                resident_table,
                kv_cache=kv_cache,
                prompt_lens=torch.tensor([_PROMPT_LEN]),
                empty_slots=[_RESIDENT_SLOT],
                execution=executor.traced_prefill_execution,
            )
            resident_before = _kv_snapshot(kv_cache, (_RESIDENT_BLOCK_START, _RESIDENT_BLOCK_START + 4))
            actual_logits = executor.prefill_forward(
                tokens,
                page_table[:15],
                kv_cache=kv_cache,
                prompt_lens=torch.full((15,), _PROMPT_LEN, dtype=torch.long),
                empty_slots=list(range(15)),
                execution=executor.traced_prefill_execution,
            )
            actual_kv = _kv_snapshot(
                kv_cache,
                (0, 60),
                (_RESIDENT_BLOCK_START, _RESIDENT_BLOCK_START + 4),
            )
            resident_after = _kv_snapshot(kv_cache, (_RESIDENT_BLOCK_START, _RESIDENT_BLOCK_START + 4))
>           assert_rowwise_logits_parity(
                batched_eager_logits,
                expected_logits,
                min_row_pcc=_LOGITS_MIN_ROW_PCC,
                max_abs=_LOGITS_MAX_ABS,
                require_exact_top1=False,
                max_top1_mismatches=_LOGITS_MAX_TOP1_MISMATCHES,
                expected_top1_in_actual_topk=_LOGITS_TOPK,
                min_topk_overlap=_LOGITS_MIN_TOPK_OVERLAP,
                isclose_atol=_LOGITS_ATOL,
                isclose_rtol=0.05,
                max_isclose_failure_fraction=_LOGITS_MAX_ISCLOSE_FAILURE_FRACTION,
            )

tests/models/llama33_70b/test_t3k_batched_prefill_correctness.py:471: 
_ _ _ _ _ _ _ _ _ _ _ _ _ _ _ _ _ _ _ _ _ _ _ _ _ _ _ _ _ _ _ _ _ _ _ _ _ _ _ _ 

actual = tensor([[[-21.0000, -19.0000, -12.0000,  ...,   5.8750,   5.8750,   5.8750]],

        [[  3.8750,   3.1875,   2.1875,...,  ...,  -8.0000,  -8.0000,  -8.0000]],

        [[  0.8125,   1.4688,  -1.0625,  ...,  -7.5625,  -7.5625,  -7.5625]]])
expected = tensor([[[-20.5000, -19.0000, -12.0000,  ...,   5.6875,   5.6875,   5.6875]],

        [[  3.6875,   3.0625,   2.0000,...,  ...,  -8.0000,  -8.0000,  -8.0000]],

        [[  0.8125,   1.2500,  -1.0625,  ...,  -7.5000,  -7.5000,  -7.5000]]])

    def assert_rowwise_logits_parity(
        actual: torch.Tensor,
        expected: torch.Tensor,
        *,
        min_row_pcc: float,
        max_abs: float,
        require_exact_top1: bool = True,
        max_top1_mismatches: int | None = None,
        expected_top1_in_actual_topk: int | None = None,
        min_topk_overlap: int | None = None,
        isclose_atol: float | None = None,
        isclose_rtol: float | None = None,
        max_isclose_failure_fraction: float | None = None,
    ) -> None:
        """Require every batch row to preserve logits shape, quality, and ranking."""
    
        if require_exact_top1 and (max_top1_mismatches is not None or expected_top1_in_actual_topk is not None):
            raise ValueError("exact top-1 and top-k containment are mutually exclusive")
        if min_topk_overlap is not None and expected_top1_in_actual_topk is None:
            raise ValueError("min_topk_overlap requires expected_top1_in_actual_topk")
        isclose_options = (isclose_atol, isclose_rtol, max_isclose_failure_fraction)
        if any(value is not None for value in isclose_options) and not all(value is not None for value in isclose_options):
            raise ValueError("isclose_atol, isclose_rtol, and max_isclose_failure_fraction must be supplied together")
    
        if actual.shape != expected.shape:
            raise AssertionError(f"logits shape mismatch: actual={tuple(actual.shape)}, expected={tuple(expected.shape)}")
        if actual.ndim < 2:
            raise AssertionError(f"logits must have batch and vocabulary dimensions, got {tuple(actual.shape)}")
    
        actual_rows = actual.detach().float().reshape(actual.shape[0], -1)
        expected_rows = expected.detach().float().reshape(expected.shape[0], -1)
        if not torch.isfinite(actual_rows).all() or not torch.isfinite(expected_rows).all():
            raise AssertionError("logits contain non-finite values")
    
        actual_centered = actual_rows - actual_rows.mean(dim=1, keepdim=True)
        expected_centered = expected_rows - expected_rows.mean(dim=1, keepdim=True)
        denominator = actual_centered.norm(dim=1) * expected_centered.norm(dim=1)
        numerator = (actual_centered * expected_centered).sum(dim=1)
        row_pcc = torch.where(
            denominator > 0,
            numerator / denominator,
            torch.where(
                torch.all(actual_rows == expected_rows, dim=1),
                torch.ones_like(denominator),
                torch.zeros_like(denominator),
            ),
        )
        row_max_abs = (actual_rows - expected_rows).abs().amax(dim=1)
        actual_top1 = actual_rows.argmax(dim=1)
        expected_top1 = expected_rows.argmax(dim=1)
    
        failures = []
        bad_pcc = torch.nonzero(row_pcc < min_row_pcc, as_tuple=False).reshape(-1)
        if bad_pcc.numel():
            failures.append(
                f"row PCC below {min_row_pcc}: "
                + ", ".join(f"row {row}: {row_pcc[row].item():.8f}" for row in bad_pcc.tolist())
            )
        bad_max_abs = torch.nonzero(row_max_abs > max_abs, as_tuple=False).reshape(-1)
        if bad_max_abs.numel():
            failures.append(
                f"row max-abs above {max_abs}: "
                + ", ".join(f"row {row}: {row_max_abs[row].item():.8f}" for row in bad_max_abs.tolist())
            )
        if require_exact_top1 and not torch.equal(actual_top1, expected_top1):
            disagreement = torch.nonzero(actual_top1 != expected_top1, as_tuple=False)
            failures.append(f"top-1 mismatch at {disagreement.tolist()}")
        if max_top1_mismatches is not None:
            mismatch_count = int((actual_top1 != expected_top1).sum().item())
            if mismatch_count > int(max_top1_mismatches):
                failures.append(f"top-1 mismatch count {mismatch_count} exceeds {max_top1_mismatches}")
        if expected_top1_in_actual_topk is not None:
            topk = int(expected_top1_in_actual_topk)
            if topk <= 0 or topk > actual_rows.shape[1]:
                raise ValueError(f"top-k must be in [1, {actual_rows.shape[1]}], got {topk}")
            actual_topk = actual_rows.topk(topk, dim=1).indices
            expected_topk = expected_rows.topk(topk, dim=1).indices
            expected_top1_rows = expected_top1.unsqueeze(1)
            missing_top1 = torch.nonzero(~(actual_topk == expected_top1_rows).any(dim=1), as_tuple=False).reshape(-1)
            if missing_top1.numel():
                failures.append(f"expected top-1 missing from actual top-{topk} at rows {missing_top1.tolist()}")
            if min_topk_overlap is not None:
                minimum = int(min_topk_overlap)
                if minimum <= 0 or minimum > topk:
                    raise ValueError(f"min_topk_overlap must be in [1, {topk}], got {minimum}")
                overlaps = (actual_topk.unsqueeze(2) == expected_topk.unsqueeze(1)).any(dim=2).sum(dim=1)
                bad_overlap = torch.nonzero(overlaps < minimum, as_tuple=False).reshape(-1)
                if bad_overlap.numel():
                    failures.append(
                        f"top-{topk} overlap below {minimum}: "
                        + ", ".join(f"row {row}: {overlaps[row].item()}" for row in bad_overlap.tolist())
                    )
        if max_isclose_failure_fraction is not None:
            close = torch.isclose(actual_rows, expected_rows, atol=float(isclose_atol), rtol=float(isclose_rtol))
            failure_fraction = float((~close).float().mean().item())
            if failure_fraction > float(max_isclose_failure_fraction):
                row_fractions = (~close).float().mean(dim=1)
                failures.append(
                    f"isclose failure fraction {failure_fraction:.8f} exceeds {max_isclose_failure_fraction}; "
                    + ", ".join(f"row {row}: {value.item():.8f}" for row, value in enumerate(row_fractions))
                )
    
        if failures:
>           raise AssertionError("logits parity failed; " + "; ".join(failures))
E           AssertionError: logits parity failed; row max-abs above 1.0: row 0: 1.50000000; top-5 overlap below 4: row 0: 3

tests/models/llama33_70b/logits_oracle.py:114: AssertionError
----------------------------- Captured stdout call -----------------------------
2026-09-02 20:56:18.410 | warning  |              Op | The following ttnn.all_gather args are deprecated and will be removed in September-2026: num_links, topology, chunks_per_sync, num_workers_per_link, num_buffers_per_channel, use_l1_small_for_semaphores. (all_gather.cpp:148)
2026-09-02 20:56:18.410 | warning  |              Op | The following ttnn.all_gather args are deprecated and will be removed in September-2026: num_links, topology, chunks_per_sync, num_workers_per_link, num_buffers_per_channel, use_l1_small_for_semaphores. (all_gather.cpp:148)
2026-09-02 20:56:18.812 | warning  |              Op | The following ttnn.all_gather args are deprecated and will be removed in September-2026: num_links, topology, chunks_per_sync, num_workers_per_link, num_buffers_per_channel, use_l1_small_for_semaphores. (all_gather.cpp:148)
2026-09-02 20:56:18.812 | warning  |              Op | The following ttnn.all_gather args are deprecated and will be removed in September-2026: num_links, topology, chunks_per_sync, num_workers_per_link, num_buffers_per_channel, use_l1_small_for_semaphores. (all_gather.cpp:148)
2026-09-02 20:56:19.312 | warning  |              Op | The following ttnn.all_gather args are deprecated and will be removed in September-2026: num_links, topology, chunks_per_sync, num_workers_per_link, num_buffers_per_channel, use_l1_small_for_semaphores. (all_gather.cpp:148)
2026-09-02 20:56:19.312 | warning  |              Op | The following ttnn.all_gather args are deprecated and will be removed in September-2026: num_links, topology, chunks_per_sync, num_workers_per_link, num_buffers_per_channel, use_l1_small_for_semaphores. (all_gather.cpp:148)
2026-09-02 20:56:20.013 | warning  |              Op | The following ttnn.all_gather args are deprecated and will be removed in September-2026: num_links, topology, chunks_per_sync, num_workers_per_link, num_buffers_per_channel, use_l1_small_for_semaphores. (all_gather.cpp:148)
2026-09-02 20:56:20.013 | warning  |              Op | The following ttnn.all_gather args are deprecated and will be removed in September-2026: num_links, topology, chunks_per_sync, num_workers_per_link, num_buffers_per_channel, use_l1_small_for_semaphores. (all_gather.cpp:148)
2026-09-02 20:56:21.224 | warning  |              Op | The following ttnn.all_gather args are deprecated and will be removed in September-2026: num_links, topology, chunks_per_sync, num_workers_per_link, num_buffers_per_channel, use_l1_small_for_semaphores. (all_gather.cpp:148)
2026-09-02 20:56:21.225 | warning  |              Op | The following ttnn.all_gather args are deprecated and will be removed in September-2026: num_links, topology, chunks_per_sync, num_workers_per_link, num_buffers_per_channel, use_l1_small_for_semaphores. (all_gather.cpp:148)
2026-09-02 20:56:23.580 | warning  |              Op | The following ttnn.all_gather args are deprecated and will be removed in September-2026: num_links, topology, chunks_per_sync, num_workers_per_link, num_buffers_per_channel, use_l1_small_for_semaphores. (all_gather.cpp:148)
2026-09-02 20:56:23.580 | warning  |              Op | The following ttnn.all_gather args are deprecated and will be removed in September-2026: num_links, topology, chunks_per_sync, num_workers_per_link, num_buffers_per_channel, use_l1_small_for_semaphores. (all_gather.cpp:148)
2026-09-02 20:56:24.001 | warning  |              Op | The following ttnn.all_gather args are deprecated and will be removed in September-2026: num_links, topology, chunks_per_sync, num_workers_per_link, num_buffers_per_channel, use_l1_small_for_semaphores. (all_gather.cpp:148)
2026-09-02 20:56:24.001 | warning  |              Op | The following ttnn.all_gather args are deprecated and will be removed in September-2026: num_links, topology, chunks_per_sync, num_workers_per_link, num_buffers_per_channel, use_l1_small_for_semaphores. (all_gather.cpp:148)
2026-09-02 20:56:26.363 | warning  |              Op | The following ttnn.all_gather args are deprecated and will be removed in September-2026: num_links, topology, chunks_per_sync, num_workers_per_link, num_buffers_per_channel, use_l1_small_for_semaphores. (all_gather.cpp:148)
2026-09-02 20:56:26.366 | warning  |              Op | The following ttnn.all_gather args are deprecated and will be removed in September-2026: num_links, topology, chunks_per_sync, num_workers_per_link, num_buffers_per_channel, use_l1_small_for_semaphores. (all_gather.cpp:148)
2026-09-02 20:56:28.942 | warning  |              Op | The following ttnn.all_gather args are deprecated and will be removed in September-2026: num_links, topology, chunks_per_sync, num_workers_per_link, num_buffers_per_channel, use_l1_small_for_semaphores. (all_gather.cpp:148)
2026-09-02 20:56:28.942 | warning  |              Op | The following ttnn.all_gather args are deprecated and will be removed in September-2026: num_links, topology, chunks_per_sync, num_workers_per_link, num_buffers_per_channel, use_l1_small_for_semaphores. (all_gather.cpp:148)
2026-09-02 20:56:29.209 | warning  |              Op | The following ttnn.all_gather args are deprecated and will be removed in September-2026: num_links, topology, chunks_per_sync, num_workers_per_link, num_buffers_per_channel, use_l1_small_for_semaphores. (all_gather.cpp:148)
2026-09-02 20:56:29.209 | warning  |              Op | The following ttnn.all_gather args are deprecated and will be removed in September-2026: num_links, topology, chunks_per_sync, num_workers_per_link, num_buffers_per_channel, use_l1_small_for_semaphores. (all_gather.cpp:148)
2026-09-02 20:56:29.417 | warning  |              Op | The following ttnn.all_gather args are deprecated and will be removed in September-2026: num_links, topology, chunks_per_sync, num_workers_per_link, num_buffers_per_channel, use_l1_small_for_semaphores. (all_gather.cpp:148)
2026-09-02 20:56:29.418 | warning  |              Op | The following ttnn.all_gather args are deprecated and will be removed in September-2026: num_links, topology, chunks_per_sync, num_workers_per_link, num_buffers_per_channel, use_l1_small_for_semaphores. (all_gather.cpp:148)
2026-09-02 20:56:29.626 | warning  |              Op | The following ttnn.all_gather args are deprecated and will be removed in September-2026: num_links, topology, chunks_per_sync, num_workers_per_link, num_buffers_per_channel, use_l1_small_for_semaphores. (all_gather.cpp:148)
2026-09-02 20:56:29.626 | warning  |              Op | The following ttnn.all_gather args are deprecated and will be removed in September-2026: num_links, topology, chunks_per_sync, num_workers_per_link, num_buffers_per_channel, use_l1_small_for_semaphores. (all_gather.cpp:148)
2026-09-02 20:56:30.180 | warning  |              Op | The following ttnn.all_gather args are deprecated and will be removed in September-2026: num_links, topology, chunks_per_sync, num_workers_per_link, num_buffers_per_channel, use_l1_small_for_semaphores. (all_gather.cpp:148)
2026-09-02 20:56:30.180 | warning  |              Op | The following ttnn.all_gather args are deprecated and will be removed in September-2026: num_links, topology, chunks_per_sync, num_workers_per_link, num_buffers_per_channel, use_l1_small_for_semaphores. (all_gather.cpp:148)
----------------------------- Captured stderr call -----------------------------
2026-09-02 20:56:04.951 | DEBUG    | core:as_tensor:724 - Loaded cache for /localdev/gwang/tt_transformers/model_cache/llama33_70b/T3K/empty_kcache_paged_attention(2048, 1, 32, 128)_dtype_BFLOAT8_B_layout_TILE.tensorbin of shape Shape([2048, 1, 32, 128])
2026-09-02 20:56:04.955 | DEBUG    | core:as_tensor:724 - Loaded cache for /localdev/gwang/tt_transformers/model_cache/llama33_70b/T3K/empty_vcache_paged_attention(2048, 1, 32, 128)_dtype_BFLOAT8_B_layout_TILE.tensorbin of shape Shape([2048, 1, 32, 128])
2026-09-02 20:56:04.958 | DEBUG    | core:as_tensor:724 - Loaded cache for /localdev/gwang/tt_transformers/model_cache/llama33_70b/T3K/empty_kcache_paged_attention(2048, 1, 32, 128)_dtype_BFLOAT8_B_layout_TILE.tensorbin of shape Shape([2048, 1, 32, 128])
2026-09-02 20:56:04.961 | DEBUG    | core:as_tensor:724 - Loaded cache for /localdev/gwang/tt_transformers/model_cache/llama33_70b/T3K/empty_vcache_paged_attention(2048, 1, 32, 128)_dtype_BFLOAT8_B_layout_TILE.tensorbin of shape Shape([2048, 1, 32, 128])
2026-09-02 20:56:04.964 | DEBUG    | core:as_tensor:724 - Loaded cache for /localdev/gwang/tt_transformers/model_cache/llama33_70b/T3K/empty_kcache_paged_attention(2048, 1, 32, 128)_dtype_BFLOAT8_B_layout_TILE.tensorbin of shape Shape([2048, 1, 32, 128])
2026-09-02 20:56:04.967 | DEBUG    | core:as_tensor:724 - Loaded cache for /localdev/gwang/tt_transformers/model_cache/llama33_70b/T3K/empty_vcache_paged_attention(2048, 1, 32, 128)_dtype_BFLOAT8_B_layout_TILE.tensorbin of shape Shape([2048, 1, 32, 128])
2026-09-02 20:56:04.970 | DEBUG    | core:as_tensor:724 - Loaded cache for /localdev/gwang/tt_transformers/model_cache/llama33_70b/T3K/empty_kcache_paged_attention(2048, 1, 32, 128)_dtype_BFLOAT8_B_layout_TILE.tensorbin of shape Shape([2048, 1, 32, 128])
2026-09-02 20:56:04.973 | DEBUG    | core:as_tensor:724 - Loaded cache for /localdev/gwang/tt_transformers/model_cache/llama33_70b/T3K/empty_vcache_paged_attention(2048, 1, 32, 128)_dtype_BFLOAT8_B_layout_TILE.tensorbin of shape Shape([2048, 1, 32, 128])
2026-09-02 20:56:04.977 | DEBUG    | core:as_tensor:724 - Loaded cache for /localdev/gwang/tt_transformers/model_cache/llama33_70b/T3K/empty_kcache_paged_attention(2048, 1, 32, 128)_dtype_BFLOAT8_B_layout_TILE.tensorbin of shape Shape([2048, 1, 32, 128])
2026-09-02 20:56:04.980 | DEBUG    | core:as_tensor:724 - Loaded cache for /localdev/gwang/tt_transformers/model_cache/llama33_70b/T3K/empty_vcache_paged_attention(2048, 1, 32, 128)_dtype_BFLOAT8_B_layout_TILE.tensorbin of shape Shape([2048, 1, 32, 128])
2026-09-02 20:56:04.983 | DEBUG    | core:as_tensor:724 - Loaded cache for /localdev/gwang/tt_transformers/model_cache/llama33_70b/T3K/empty_kcache_paged_attention(2048, 1, 32, 128)_dtype_BFLOAT8_B_layout_TILE.tensorbin of shape Shape([2048, 1, 32, 128])
2026-09-02 20:56:04.986 | DEBUG    | core:as_tensor:724 - Loaded cache for /localdev/gwang/tt_transformers/model_cache/llama33_70b/T3K/empty_vcache_paged_attention(2048, 1, 32, 128)_dtype_BFLOAT8_B_layout_TILE.tensorbin of shape Shape([2048, 1, 32, 128])
2026-09-02 20:56:04.989 | DEBUG    | core:as_tensor:724 - Loaded cache for /localdev/gwang/tt_transformers/model_cache/llama33_70b/T3K/empty_kcache_paged_attention(2048, 1, 32, 128)_dtype_BFLOAT8_B_layout_TILE.tensorbin of shape Shape([2048, 1, 32, 128])
2026-09-02 20:56:04.992 | DEBUG    | core:as_tensor:724 - Loaded cache for /localdev/gwang/tt_transformers/model_cache/llama33_70b/T3K/empty_vcache_paged_attention(2048, 1, 32, 128)_dtype_BFLOAT8_B_layout_TILE.tensorbin of shape Shape([2048, 1, 32, 128])
2026-09-02 20:56:04.995 | DEBUG    | core:as_tensor:724 - Loaded cache for /localdev/gwang/tt_transformers/model_cache/llama33_70b/T3K/empty_kcache_paged_attention(2048, 1, 32, 128)_dtype_BFLOAT8_B_layout_TILE.tensorbin of shape Shape([2048, 1, 32, 128])
2026-09-02 20:56:04.998 | DEBUG    | core:as_tensor:724 - Loaded cache for /localdev/gwang/tt_transformers/model_cache/llama33_70b/T3K/empty_vcache_paged_attention(2048, 1, 32, 128)_dtype_BFLOAT8_B_layout_TILE.tensorbin of shape Shape([2048, 1, 32, 128])
2026-09-02 20:56:05.001 | DEBUG    | core:as_tensor:724 - Loaded cache for /localdev/gwang/tt_transformers/model_cache/llama33_70b/T3K/empty_kcache_paged_attention(2048, 1, 32, 128)_dtype_BFLOAT8_B_layout_TILE.tensorbin of shape Shape([2048, 1, 32, 128])
2026-09-02 20:56:05.004 | DEBUG    | core:as_tensor:724 - Loaded cache for /localdev/gwang/tt_transformers/model_cache/llama33_70b/T3K/empty_vcache_paged_attention(2048, 1, 32, 128)_dtype_BFLOAT8_B_layout_TILE.tensorbin of shape Shape([2048, 1, 32, 128])
2026-09-02 20:56:05.007 | DEBUG    | core:as_tensor:724 - Loaded cache for /localdev/gwang/tt_transformers/model_cache/llama33_70b/T3K/empty_kcache_paged_attention(2048, 1, 32, 128)_dtype_BFLOAT8_B_layout_TILE.tensorbin of shape Shape([2048, 1, 32, 128])
2026-09-02 20:56:05.010 | DEBUG    | core:as_tensor:724 - Loaded cache for /localdev/gwang/tt_transformers/model_cache/llama33_70b/T3K/empty_vcache_paged_attention(2048, 1, 32, 128)_dtype_BFLOAT8_B_layout_TILE.tensorbin of shape Shape([2048, 1, 32, 128])
2026-09-02 20:56:05.013 | DEBUG    | core:as_tensor:724 - Loaded cache for /localdev/gwang/tt_transformers/model_cache/llama33_70b/T3K/empty_kcache_paged_attention(2048, 1, 32, 128)_dtype_BFLOAT8_B_layout_TILE.tensorbin of shape Shape([2048, 1, 32, 128])
2026-09-02 20:56:05.016 | DEBUG    | core:as_tensor:724 - Loaded cache for /localdev/gwang/tt_transformers/model_cache/llama33_70b/T3K/empty_vcache_paged_attention(2048, 1, 32, 128)_dtype_BFLOAT8_B_layout_TILE.tensorbin of shape Shape([2048, 1, 32, 128])
2026-09-02 20:56:05.020 | DEBUG    | core:as_tensor:724 - Loaded cache for /localdev/gwang/tt_transformers/model_cache/llama33_70b/T3K/empty_kcache_paged_attention(2048, 1, 32, 128)_dtype_BFLOAT8_B_layout_TILE.tensorbin of shape Shape([2048, 1, 32, 128])
2026-09-02 20:56:05.023 | DEBUG    | core:as_tensor:724 - Loaded cache for /localdev/gwang/tt_transformers/model_cache/llama33_70b/T3K/empty_vcache_paged_attention(2048, 1, 32, 128)_dtype_BFLOAT8_B_layout_TILE.tensorbin of shape Shape([2048, 1, 32, 128])
2026-09-02 20:56:05.026 | DEBUG    | core:as_tensor:724 - Loaded cache for /localdev/gwang/tt_transformers/model_cache/llama33_70b/T3K/empty_kcache_paged_attention(2048, 1, 32, 128)_dtype_BFLOAT8_B_layout_TILE.tensorbin of shape Shape([2048, 1, 32, 128])
2026-09-02 20:56:05.029 | DEBUG    | core:as_tensor:724 - Loaded cache for /localdev/gwang/tt_transformers/model_cache/llama33_70b/T3K/empty_vcache_paged_attention(2048, 1, 32, 128)_dtype_BFLOAT8_B_layout_TILE.tensorbin of shape Shape([2048, 1, 32, 128])
2026-09-02 20:56:05.032 | DEBUG    | core:as_tensor:724 - Loaded cache for /localdev/gwang/tt_transformers/model_cache/llama33_70b/T3K/empty_kcache_paged_attention(2048, 1, 32, 128)_dtype_BFLOAT8_B_layout_TILE.tensorbin of shape Shape([2048, 1, 32, 128])
2026-09-02 20:56:05.035 | DEBUG    | core:as_tensor:724 - Loaded cache for /localdev/gwang/tt_transformers/model_cache/llama33_70b/T3K/empty_vcache_paged_attention(2048, 1, 32, 128)_dtype_BFLOAT8_B_layout_TILE.tensorbin of shape Shape([2048, 1, 32, 128])
2026-09-02 20:56:05.038 | DEBUG    | core:as_tensor:724 - Loaded cache for /localdev/gwang/tt_transformers/model_cache/llama33_70b/T3K/empty_kcache_paged_attention(2048, 1, 32, 128)_dtype_BFLOAT8_B_layout_TILE.tensorbin of shape Shape([2048, 1, 32, 128])
2026-09-02 20:56:05.041 | DEBUG    | core:as_tensor:724 - Loaded cache for /localdev/gwang/tt_transformers/model_cache/llama33_70b/T3K/empty_vcache_paged_attention(2048, 1, 32, 128)_dtype_BFLOAT8_B_layout_TILE.tensorbin of shape Shape([2048, 1, 32, 128])
2026-09-02 20:56:05.044 | DEBUG    | core:as_tensor:724 - Loaded cache for /localdev/gwang/tt_transformers/model_cache/llama33_70b/T3K/empty_kcache_paged_attention(2048, 1, 32, 128)_dtype_BFLOAT8_B_layout_TILE.tensorbin of shape Shape([2048, 1, 32, 128])
2026-09-02 20:56:05.047 | DEBUG    | core:as_tensor:724 - Loaded cache for /localdev/gwang/tt_transformers/model_cache/llama33_70b/T3K/empty_vcache_paged_attention(2048, 1, 32, 128)_dtype_BFLOAT8_B_layout_TILE.tensorbin of shape Shape([2048, 1, 32, 128])
2026-09-02 20:56:05.050 | DEBUG    | core:as_tensor:724 - Loaded cache for /localdev/gwang/tt_transformers/model_cache/llama33_70b/T3K/empty_kcache_paged_attention(2048, 1, 32, 128)_dtype_BFLOAT8_B_layout_TILE.tensorbin of shape Shape([2048, 1, 32, 128])
2026-09-02 20:56:05.053 | DEBUG    | core:as_tensor:724 - Loaded cache for /localdev/gwang/tt_transformers/model_cache/llama33_70b/T3K/empty_vcache_paged_attention(2048, 1, 32, 128)_dtype_BFLOAT8_B_layout_TILE.tensorbin of shape Shape([2048, 1, 32, 128])
2026-09-02 20:56:05.056 | DEBUG    | core:as_tensor:724 - Loaded cache for /localdev/gwang/tt_transformers/model_cache/llama33_70b/T3K/empty_kcache_paged_attention(2048, 1, 32, 128)_dtype_BFLOAT8_B_layout_TILE.tensorbin of shape Shape([2048, 1, 32, 128])
2026-09-02 20:56:05.059 | DEBUG    | core:as_tensor:724 - Loaded cache for /localdev/gwang/tt_transformers/model_cache/llama33_70b/T3K/empty_vcache_paged_attention(2048, 1, 32, 128)_dtype_BFLOAT8_B_layout_TILE.tensorbin of shape Shape([2048, 1, 32, 128])
2026-09-02 20:56:05.062 | DEBUG    | core:as_tensor:724 - Loaded cache for /localdev/gwang/tt_transformers/model_cache/llama33_70b/T3K/empty_kcache_paged_attention(2048, 1, 32, 128)_dtype_BFLOAT8_B_layout_TILE.tensorbin of shape Shape([2048, 1, 32, 128])
2026-09-02 20:56:05.066 | DEBUG    | core:as_tensor:724 - Loaded cache for /localdev/gwang/tt_transformers/model_cache/llama33_70b/T3K/empty_vcache_paged_attention(2048, 1, 32, 128)_dtype_BFLOAT8_B_layout_TILE.tensorbin of shape Shape([2048, 1, 32, 128])
2026-09-02 20:56:05.069 | DEBUG    | core:as_tensor:724 - Loaded cache for /localdev/gwang/tt_transformers/model_cache/llama33_70b/T3K/empty_kcache_paged_attention(2048, 1, 32, 128)_dtype_BFLOAT8_B_layout_TILE.tensorbin of shape Shape([2048, 1, 32, 128])
2026-09-02 20:56:05.072 | DEBUG    | core:as_tensor:724 - Loaded cache for /localdev/gwang/tt_transformers/model_cache/llama33_70b/T3K/empty_vcache_paged_attention(2048, 1, 32, 128)_dtype_BFLOAT8_B_layout_TILE.tensorbin of shape Shape([2048, 1, 32, 128])
2026-09-02 20:56:05.075 | DEBUG    | core:as_tensor:724 - Loaded cache for /localdev/gwang/tt_transformers/model_cache/llama33_70b/T3K/empty_kcache_paged_attention(2048, 1, 32, 128)_dtype_BFLOAT8_B_layout_TILE.tensorbin of shape Shape([2048, 1, 32, 128])
2026-09-02 20:56:05.078 | DEBUG    | core:as_tensor:724 - Loaded cache for /localdev/gwang/tt_transformers/model_cache/llama33_70b/T3K/empty_vcache_paged_attention(2048, 1, 32, 128)_dtype_BFLOAT8_B_layout_TILE.tensorbin of shape Shape([2048, 1, 32, 128])
2026-09-02 20:56:05.081 | DEBUG    | core:as_tensor:724 - Loaded cache for /localdev/gwang/tt_transformers/model_cache/llama33_70b/T3K/empty_kcache_paged_attention(2048, 1, 32, 128)_dtype_BFLOAT8_B_layout_TILE.tensorbin of shape Shape([2048, 1, 32, 128])
2026-09-02 20:56:05.084 | DEBUG    | core:as_tensor:724 - Loaded cache for /localdev/gwang/tt_transformers/model_cache/llama33_70b/T3K/empty_vcache_paged_attention(2048, 1, 32, 128)_dtype_BFLOAT8_B_layout_TILE.tensorbin of shape Shape([2048, 1, 32, 128])
2026-09-02 20:56:05.087 | DEBUG    | core:as_tensor:724 - Loaded cache for /localdev/gwang/tt_transformers/model_cache/llama33_70b/T3K/empty_kcache_paged_attention(2048, 1, 32, 128)_dtype_BFLOAT8_B_layout_TILE.tensorbin of shape Shape([2048, 1, 32, 128])
2026-09-02 20:56:05.090 | DEBUG    | core:as_tensor:724 - Loaded cache for /localdev/gwang/tt_transformers/model_cache/llama33_70b/T3K/empty_vcache_paged_attention(2048, 1, 32, 128)_dtype_BFLOAT8_B_layout_TILE.tensorbin of shape Shape([2048, 1, 32, 128])
2026-09-02 20:56:05.093 | DEBUG    | core:as_tensor:724 - Loaded cache for /localdev/gwang/tt_transformers/model_cache/llama33_70b/T3K/empty_kcache_paged_attention(2048, 1, 32, 128)_dtype_BFLOAT8_B_layout_TILE.tensorbin of shape Shape([2048, 1, 32, 128])
2026-09-02 20:56:05.096 | DEBUG    | core:as_tensor:724 - Loaded cache for /localdev/gwang/tt_transformers/model_cache/llama33_70b/T3K/empty_vcache_paged_attention(2048, 1, 32, 128)_dtype_BFLOAT8_B_layout_TILE.tensorbin of shape Shape([2048, 1, 32, 128])
2026-09-02 20:56:05.100 | DEBUG    | core:as_tensor:724 - Loaded cache for /localdev/gwang/tt_transformers/model_cache/llama33_70b/T3K/empty_kcache_paged_attention(2048, 1, 32, 128)_dtype_BFLOAT8_B_layout_TILE.tensorbin of shape Shape([2048, 1, 32, 128])
2026-09-02 20:56:05.103 | DEBUG    | core:as_tensor:724 - Loaded cache for /localdev/gwang/tt_transformers/model_cache/llama33_70b/T3K/empty_vcache_paged_attention(2048, 1, 32, 128)_dtype_BFLOAT8_B_layout_TILE.tensorbin of shape Shape([2048, 1, 32, 128])
2026-09-02 20:56:05.106 | DEBUG    | core:as_tensor:724 - Loaded cache for /localdev/gwang/tt_transformers/model_cache/llama33_70b/T3K/empty_kcache_paged_attention(2048, 1, 32, 128)_dtype_BFLOAT8_B_layout_TILE.tensorbin of shape Shape([2048, 1, 32, 128])
2026-09-02 20:56:05.109 | DEBUG    | core:as_tensor:724 - Loaded cache for /localdev/gwang/tt_transformers/model_cache/llama33_70b/T3K/empty_vcache_paged_attention(2048, 1, 32, 128)_dtype_BFLOAT8_B_layout_TILE.tensorbin of shape Shape([2048, 1, 32, 128])
2026-09-02 20:56:05.112 | DEBUG    | core:as_tensor:724 - Loaded cache for /localdev/gwang/tt_transformers/model_cache/llama33_70b/T3K/empty_kcache_paged_attention(2048, 1, 32, 128)_dtype_BFLOAT8_B_layout_TILE.tensorbin of shape Shape([2048, 1, 32, 128])
2026-09-02 20:56:05.115 | DEBUG    | core:as_tensor:724 - Loaded cache for /localdev/gwang/tt_transformers/model_cache/llama33_70b/T3K/empty_vcache_paged_attention(2048, 1, 32, 128)_dtype_BFLOAT8_B_layout_TILE.tensorbin of shape Shape([2048, 1, 32, 128])
2026-09-02 20:56:05.118 | DEBUG    | core:as_tensor:724 - Loaded cache for /localdev/gwang/tt_transformers/model_cache/llama33_70b/T3K/empty_kcache_paged_attention(2048, 1, 32, 128)_dtype_BFLOAT8_B_layout_TILE.tensorbin of shape Shape([2048, 1, 32, 128])
2026-09-02 20:56:05.121 | DEBUG    | core:as_tensor:724 - Loaded cache for /localdev/gwang/tt_transformers/model_cache/llama33_70b/T3K/empty_vcache_paged_attention(2048, 1, 32, 128)_dtype_BFLOAT8_B_layout_TILE.tensorbin of shape Shape([2048, 1, 32, 128])
2026-09-02 20:56:05.124 | DEBUG    | core:as_tensor:724 - Loaded cache for /localdev/gwang/tt_transformers/model_cache/llama33_70b/T3K/empty_kcache_paged_attention(2048, 1, 32, 128)_dtype_BFLOAT8_B_layout_TILE.tensorbin of shape Shape([2048, 1, 32, 128])
2026-09-02 20:56:05.127 | DEBUG    | core:as_tensor:724 - Loaded cache for /localdev/gwang/tt_transformers/model_cache/llama33_70b/T3K/empty_vcache_paged_attention(2048, 1, 32, 128)_dtype_BFLOAT8_B_layout_TILE.tensorbin of shape Shape([2048, 1, 32, 128])
2026-09-02 20:56:05.130 | DEBUG    | core:as_tensor:724 - Loaded cache for /localdev/gwang/tt_transformers/model_cache/llama33_70b/T3K/empty_kcache_paged_attention(2048, 1, 32, 128)_dtype_BFLOAT8_B_layout_TILE.tensorbin of shape Shape([2048, 1, 32, 128])
2026-09-02 20:56:05.133 | DEBUG    | core:as_tensor:724 - Loaded cache for /localdev/gwang/tt_transformers/model_cache/llama33_70b/T3K/empty_vcache_paged_attention(2048, 1, 32, 128)_dtype_BFLOAT8_B_layout_TILE.tensorbin of shape Shape([2048, 1, 32, 128])
2026-09-02 20:56:05.136 | DEBUG    | core:as_tensor:724 - Loaded cache for /localdev/gwang/tt_transformers/model_cache/llama33_70b/T3K/empty_kcache_paged_attention(2048, 1, 32, 128)_dtype_BFLOAT8_B_layout_TILE.tensorbin of shape Shape([2048, 1, 32, 128])
2026-09-02 20:56:05.139 | DEBUG    | core:as_tensor:724 - Loaded cache for /localdev/gwang/tt_transformers/model_cache/llama33_70b/T3K/empty_vcache_paged_attention(2048, 1, 32, 128)_dtype_BFLOAT8_B_layout_TILE.tensorbin of shape Shape([2048, 1, 32, 128])
2026-09-02 20:56:05.143 | DEBUG    | core:as_tensor:724 - Loaded cache for /localdev/gwang/tt_transformers/model_cache/llama33_70b/T3K/empty_kcache_paged_attention(2048, 1, 32, 128)_dtype_BFLOAT8_B_layout_TILE.tensorbin of shape Shape([2048, 1, 32, 128])
2026-09-02 20:56:05.146 | DEBUG    | core:as_tensor:724 - Loaded cache for /localdev/gwang/tt_transformers/model_cache/llama33_70b/T3K/empty_vcache_paged_attention(2048, 1, 32, 128)_dtype_BFLOAT8_B_layout_TILE.tensorbin of shape Shape([2048, 1, 32, 128])
2026-09-02 20:56:05.149 | DEBUG    | core:as_tensor:724 - Loaded cache for /localdev/gwang/tt_transformers/model_cache/llama33_70b/T3K/empty_kcache_paged_attention(2048, 1, 32, 128)_dtype_BFLOAT8_B_layout_TILE.tensorbin of shape Shape([2048, 1, 32, 128])
2026-09-02 20:56:05.152 | DEBUG    | core:as_tensor:724 - Loaded cache for /localdev/gwang/tt_transformers/model_cache/llama33_70b/T3K/empty_vcache_paged_attention(2048, 1, 32, 128)_dtype_BFLOAT8_B_layout_TILE.tensorbin of shape Shape([2048, 1, 32, 128])
2026-09-02 20:56:05.155 | DEBUG    | core:as_tensor:724 - Loaded cache for /localdev/gwang/tt_transformers/model_cache/llama33_70b/T3K/empty_kcache_paged_attention(2048, 1, 32, 128)_dtype_BFLOAT8_B_layout_TILE.tensorbin of shape Shape([2048, 1, 32, 128])
2026-09-02 20:56:05.158 | DEBUG    | core:as_tensor:724 - Loaded cache for /localdev/gwang/tt_transformers/model_cache/llama33_70b/T3K/empty_vcache_paged_attention(2048, 1, 32, 128)_dtype_BFLOAT8_B_layout_TILE.tensorbin of shape Shape([2048, 1, 32, 128])
2026-09-02 20:56:05.161 | DEBUG    | core:as_tensor:724 - Loaded cache for /localdev/gwang/tt_transformers/model_cache/llama33_70b/T3K/empty_kcache_paged_attention(2048, 1, 32, 128)_dtype_BFLOAT8_B_layout_TILE.tensorbin of shape Shape([2048, 1, 32, 128])
2026-09-02 20:56:05.164 | DEBUG    | core:as_tensor:724 - Loaded cache for /localdev/gwang/tt_transformers/model_cache/llama33_70b/T3K/empty_vcache_paged_attention(2048, 1, 32, 128)_dtype_BFLOAT8_B_layout_TILE.tensorbin of shape Shape([2048, 1, 32, 128])
2026-09-02 20:56:05.168 | DEBUG    | core:as_tensor:724 - Loaded cache for /localdev/gwang/tt_transformers/model_cache/llama33_70b/T3K/empty_kcache_paged_attention(2048, 1, 32, 128)_dtype_BFLOAT8_B_layout_TILE.tensorbin of shape Shape([2048, 1, 32, 128])
2026-09-02 20:56:05.171 | DEBUG    | core:as_tensor:724 - Loaded cache for /localdev/gwang/tt_transformers/model_cache/llama33_70b/T3K/empty_vcache_paged_attention(2048, 1, 32, 128)_dtype_BFLOAT8_B_layout_TILE.tensorbin of shape Shape([2048, 1, 32, 128])
2026-09-02 20:56:05.174 | DEBUG    | core:as_tensor:724 - Loaded cache for /localdev/gwang/tt_transformers/model_cache/llama33_70b/T3K/empty_kcache_paged_attention(2048, 1, 32, 128)_dtype_BFLOAT8_B_layout_TILE.tensorbin of shape Shape([2048, 1, 32, 128])
2026-09-02 20:56:05.177 | DEBUG    | core:as_tensor:724 - Loaded cache for /localdev/gwang/tt_transformers/model_cache/llama33_70b/T3K/empty_vcache_paged_attention(2048, 1, 32, 128)_dtype_BFLOAT8_B_layout_TILE.tensorbin of shape Shape([2048, 1, 32, 128])
2026-09-02 20:56:05.180 | DEBUG    | core:as_tensor:724 - Loaded cache for /localdev/gwang/tt_transformers/model_cache/llama33_70b/T3K/empty_kcache_paged_attention(2048, 1, 32, 128)_dtype_BFLOAT8_B_layout_TILE.tensorbin of shape Shape([2048, 1, 32, 128])
2026-09-02 20:56:05.183 | DEBUG    | core:as_tensor:724 - Loaded cache for /localdev/gwang/tt_transformers/model_cache/llama33_70b/T3K/empty_vcache_paged_attention(2048, 1, 32, 128)_dtype_BFLOAT8_B_layout_TILE.tensorbin of shape Shape([2048, 1, 32, 128])
2026-09-02 20:56:05.186 | DEBUG    | core:as_tensor:724 - Loaded cache for /localdev/gwang/tt_transformers/model_cache/llama33_70b/T3K/empty_kcache_paged_attention(2048, 1, 32, 128)_dtype_BFLOAT8_B_layout_TILE.tensorbin of shape Shape([2048, 1, 32, 128])
2026-09-02 20:56:05.190 | DEBUG    | core:as_tensor:724 - Loaded cache for /localdev/gwang/tt_transformers/model_cache/llama33_70b/T3K/empty_vcache_paged_attention(2048, 1, 32, 128)_dtype_BFLOAT8_B_layout_TILE.tensorbin of shape Shape([2048, 1, 32, 128])
2026-09-02 20:56:05.193 | DEBUG    | core:as_tensor:724 - Loaded cache for /localdev/gwang/tt_transformers/model_cache/llama33_70b/T3K/empty_kcache_paged_attention(2048, 1, 32, 128)_dtype_BFLOAT8_B_layout_TILE.tensorbin of shape Shape([2048, 1, 32, 128])
2026-09-02 20:56:05.196 | DEBUG    | core:as_tensor:724 - Loaded cache for /localdev/gwang/tt_transformers/model_cache/llama33_70b/T3K/empty_vcache_paged_attention(2048, 1, 32, 128)_dtype_BFLOAT8_B_layout_TILE.tensorbin of shape Shape([2048, 1, 32, 128])
2026-09-02 20:56:05.199 | DEBUG    | core:as_tensor:724 - Loaded cache for /localdev/gwang/tt_transformers/model_cache/llama33_70b/T3K/empty_kcache_paged_attention(2048, 1, 32, 128)_dtype_BFLOAT8_B_layout_TILE.tensorbin of shape Shape([2048, 1, 32, 128])
2026-09-02 20:56:05.202 | DEBUG    | core:as_tensor:724 - Loaded cache for /localdev/gwang/tt_transformers/model_cache/llama33_70b/T3K/empty_vcache_paged_attention(2048, 1, 32, 128)_dtype_BFLOAT8_B_layout_TILE.tensorbin of shape Shape([2048, 1, 32, 128])
2026-09-02 20:56:05.205 | DEBUG    | core:as_tensor:724 - Loaded cache for /localdev/gwang/tt_transformers/model_cache/llama33_70b/T3K/empty_kcache_paged_attention(2048, 1, 32, 128)_dtype_BFLOAT8_B_layout_TILE.tensorbin of shape Shape([2048, 1, 32, 128])
2026-09-02 20:56:05.208 | DEBUG    | core:as_tensor:724 - Loaded cache for /localdev/gwang/tt_transformers/model_cache/llama33_70b/T3K/empty_vcache_paged_attention(2048, 1, 32, 128)_dtype_BFLOAT8_B_layout_TILE.tensorbin of shape Shape([2048, 1, 32, 128])
2026-09-02 20:56:05.211 | DEBUG    | core:as_tensor:724 - Loaded cache for /localdev/gwang/tt_transformers/model_cache/llama33_70b/T3K/empty_kcache_paged_attention(2048, 1, 32, 128)_dtype_BFLOAT8_B_layout_TILE.tensorbin of shape Shape([2048, 1, 32, 128])
2026-09-02 20:56:05.214 | DEBUG    | core:as_tensor:724 - Loaded cache for /localdev/gwang/tt_transformers/model_cache/llama33_70b/T3K/empty_vcache_paged_attention(2048, 1, 32, 128)_dtype_BFLOAT8_B_layout_TILE.tensorbin of shape Shape([2048, 1, 32, 128])
2026-09-02 20:56:05.218 | DEBUG    | core:as_tensor:724 - Loaded cache for /localdev/gwang/tt_transformers/model_cache/llama33_70b/T3K/empty_kcache_paged_attention(2048, 1, 32, 128)_dtype_BFLOAT8_B_layout_TILE.tensorbin of shape Shape([2048, 1, 32, 128])
2026-09-02 20:56:05.221 | DEBUG    | core:as_tensor:724 - Loaded cache for /localdev/gwang/tt_transformers/model_cache/llama33_70b/T3K/empty_vcache_paged_attention(2048, 1, 32, 128)_dtype_BFLOAT8_B_layout_TILE.tensorbin of shape Shape([2048, 1, 32, 128])
2026-09-02 20:56:05.224 | DEBUG    | core:as_tensor:724 - Loaded cache for /localdev/gwang/tt_transformers/model_cache/llama33_70b/T3K/empty_kcache_paged_attention(2048, 1, 32, 128)_dtype_BFLOAT8_B_layout_TILE.tensorbin of shape Shape([2048, 1, 32, 128])
2026-09-02 20:56:05.227 | DEBUG    | core:as_tensor:724 - Loaded cache for /localdev/gwang/tt_transformers/model_cache/llama33_70b/T3K/empty_vcache_paged_attention(2048, 1, 32, 128)_dtype_BFLOAT8_B_layout_TILE.tensorbin of shape Shape([2048, 1, 32, 128])
2026-09-02 20:56:05.230 | DEBUG    | core:as_tensor:724 - Loaded cache for /localdev/gwang/tt_transformers/model_cache/llama33_70b/T3K/empty_kcache_paged_attention(2048, 1, 32, 128)_dtype_BFLOAT8_B_layout_TILE.tensorbin of shape Shape([2048, 1, 32, 128])
2026-09-02 20:56:05.233 | DEBUG    | core:as_tensor:724 - Loaded cache for /localdev/gwang/tt_transformers/model_cache/llama33_70b/T3K/empty_vcache_paged_attention(2048, 1, 32, 128)_dtype_BFLOAT8_B_layout_TILE.tensorbin of shape Shape([2048, 1, 32, 128])
2026-09-02 20:56:05.236 | DEBUG    | core:as_tensor:724 - Loaded cache for /localdev/gwang/tt_transformers/model_cache/llama33_70b/T3K/empty_kcache_paged_attention(2048, 1, 32, 128)_dtype_BFLOAT8_B_layout_TILE.tensorbin of shape Shape([2048, 1, 32, 128])
2026-09-02 20:56:05.239 | DEBUG    | core:as_tensor:724 - Loaded cache for /localdev/gwang/tt_transformers/model_cache/llama33_70b/T3K/empty_vcache_paged_attention(2048, 1, 32, 128)_dtype_BFLOAT8_B_layout_TILE.tensorbin of shape Shape([2048, 1, 32, 128])
2026-09-02 20:56:05.242 | DEBUG    | core:as_tensor:724 - Loaded cache for /localdev/gwang/tt_transformers/model_cache/llama33_70b/T3K/empty_kcache_paged_attention(2048, 1, 32, 128)_dtype_BFLOAT8_B_layout_TILE.tensorbin of shape Shape([2048, 1, 32, 128])
2026-09-02 20:56:05.245 | DEBUG    | core:as_tensor:724 - Loaded cache for /localdev/gwang/tt_transformers/model_cache/llama33_70b/T3K/empty_vcache_paged_attention(2048, 1, 32, 128)_dtype_BFLOAT8_B_layout_TILE.tensorbin of shape Shape([2048, 1, 32, 128])
2026-09-02 20:56:05.248 | DEBUG    | core:as_tensor:724 - Loaded cache for /localdev/gwang/tt_transformers/model_cache/llama33_70b/T3K/empty_kcache_paged_attention(2048, 1, 32, 128)_dtype_BFLOAT8_B_layout_TILE.tensorbin of shape Shape([2048, 1, 32, 128])
2026-09-02 20:56:05.252 | DEBUG    | core:as_tensor:724 - Loaded cache for /localdev/gwang/tt_transformers/model_cache/llama33_70b/T3K/empty_vcache_paged_attention(2048, 1, 32, 128)_dtype_BFLOAT8_B_layout_TILE.tensorbin of shape Shape([2048, 1, 32, 128])
2026-09-02 20:56:05.255 | DEBUG    | core:as_tensor:724 - Loaded cache for /localdev/gwang/tt_transformers/model_cache/llama33_70b/T3K/empty_kcache_paged_attention(2048, 1, 32, 128)_dtype_BFLOAT8_B_layout_TILE.tensorbin of shape Shape([2048, 1, 32, 128])
2026-09-02 20:56:05.258 | DEBUG    | core:as_tensor:724 - Loaded cache for /localdev/gwang/tt_transformers/model_cache/llama33_70b/T3K/empty_vcache_paged_attention(2048, 1, 32, 128)_dtype_BFLOAT8_B_layout_TILE.tensorbin of shape Shape([2048, 1, 32, 128])
2026-09-02 20:56:05.261 | DEBUG    | core:as_tensor:724 - Loaded cache for /localdev/gwang/tt_transformers/model_cache/llama33_70b/T3K/empty_kcache_paged_attention(2048, 1, 32, 128)_dtype_BFLOAT8_B_layout_TILE.tensorbin of shape Shape([2048, 1, 32, 128])
2026-09-02 20:56:05.264 | DEBUG    | core:as_tensor:724 - Loaded cache for /localdev/gwang/tt_transformers/model_cache/llama33_70b/T3K/empty_vcache_paged_attention(2048, 1, 32, 128)_dtype_BFLOAT8_B_layout_TILE.tensorbin of shape Shape([2048, 1, 32, 128])
2026-09-02 20:56:05.267 | DEBUG    | core:as_tensor:724 - Loaded cache for /localdev/gwang/tt_transformers/model_cache/llama33_70b/T3K/empty_kcache_paged_attention(2048, 1, 32, 128)_dtype_BFLOAT8_B_layout_TILE.tensorbin of shape Shape([2048, 1, 32, 128])
2026-09-02 20:56:05.270 | DEBUG    | core:as_tensor:724 - Loaded cache for /localdev/gwang/tt_transformers/model_cache/llama33_70b/T3K/empty_vcache_paged_attention(2048, 1, 32, 128)_dtype_BFLOAT8_B_layout_TILE.tensorbin of shape Shape([2048, 1, 32, 128])
2026-09-02 20:56:05.273 | DEBUG    | core:as_tensor:724 - Loaded cache for /localdev/gwang/tt_transformers/model_cache/llama33_70b/T3K/empty_kcache_paged_attention(2048, 1, 32, 128)_dtype_BFLOAT8_B_layout_TILE.tensorbin of shape Shape([2048, 1, 32, 128])
2026-09-02 20:56:05.276 | DEBUG    | core:as_tensor:724 - Loaded cache for /localdev/gwang/tt_transformers/model_cache/llama33_70b/T3K/empty_vcache_paged_attention(2048, 1, 32, 128)_dtype_BFLOAT8_B_layout_TILE.tensorbin of shape Shape([2048, 1, 32, 128])
2026-09-02 20:56:05.279 | DEBUG    | core:as_tensor:724 - Loaded cache for /localdev/gwang/tt_transformers/model_cache/llama33_70b/T3K/empty_kcache_paged_attention(2048, 1, 32, 128)_dtype_BFLOAT8_B_layout_TILE.tensorbin of shape Shape([2048, 1, 32, 128])
2026-09-02 20:56:05.282 | DEBUG    | core:as_tensor:724 - Loaded cache for /localdev/gwang/tt_transformers/model_cache/llama33_70b/T3K/empty_vcache_paged_attention(2048, 1, 32, 128)_dtype_BFLOAT8_B_layout_TILE.tensorbin of shape Shape([2048, 1, 32, 128])
2026-09-02 20:56:05.285 | DEBUG    | core:as_tensor:724 - Loaded cache for /localdev/gwang/tt_transformers/model_cache/llama33_70b/T3K/empty_kcache_paged_attention(2048, 1, 32, 128)_dtype_BFLOAT8_B_layout_TILE.tensorbin of shape Shape([2048, 1, 32, 128])
2026-09-02 20:56:05.289 | DEBUG    | core:as_tensor:724 - Loaded cache for /localdev/gwang/tt_transformers/model_cache/llama33_70b/T3K/empty_vcache_paged_attention(2048, 1, 32, 128)_dtype_BFLOAT8_B_layout_TILE.tensorbin of shape Shape([2048, 1, 32, 128])
2026-09-02 20:56:05.292 | DEBUG    | core:as_tensor:724 - Loaded cache for /localdev/gwang/tt_transformers/model_cache/llama33_70b/T3K/empty_kcache_paged_attention(2048, 1, 32, 128)_dtype_BFLOAT8_B_layout_TILE.tensorbin of shape Shape([2048, 1, 32, 128])
2026-09-02 20:56:05.295 | DEBUG    | core:as_tensor:724 - Loaded cache for /localdev/gwang/tt_transformers/model_cache/llama33_70b/T3K/empty_vcache_paged_attention(2048, 1, 32, 128)_dtype_BFLOAT8_B_layout_TILE.tensorbin of shape Shape([2048, 1, 32, 128])
2026-09-02 20:56:05.298 | DEBUG    | core:as_tensor:724 - Loaded cache for /localdev/gwang/tt_transformers/model_cache/llama33_70b/T3K/empty_kcache_paged_attention(2048, 1, 32, 128)_dtype_BFLOAT8_B_layout_TILE.tensorbin of shape Shape([2048, 1, 32, 128])
2026-09-02 20:56:05.301 | DEBUG    | core:as_tensor:724 - Loaded cache for /localdev/gwang/tt_transformers/model_cache/llama33_70b/T3K/empty_vcache_paged_attention(2048, 1, 32, 128)_dtype_BFLOAT8_B_layout_TILE.tensorbin of shape Shape([2048, 1, 32, 128])
2026-09-02 20:56:05.304 | DEBUG    | core:as_tensor:724 - Loaded cache for /localdev/gwang/tt_transformers/model_cache/llama33_70b/T3K/empty_kcache_paged_attention(2048, 1, 32, 128)_dtype_BFLOAT8_B_layout_TILE.tensorbin of shape Shape([2048, 1, 32, 128])
2026-09-02 20:56:05.307 | DEBUG    | core:as_tensor:724 - Loaded cache for /localdev/gwang/tt_transformers/model_cache/llama33_70b/T3K/empty_vcache_paged_attention(2048, 1, 32, 128)_dtype_BFLOAT8_B_layout_TILE.tensorbin of shape Shape([2048, 1, 32, 128])
2026-09-02 20:56:05.310 | DEBUG    | core:as_tensor:724 - Loaded cache for /localdev/gwang/tt_transformers/model_cache/llama33_70b/T3K/empty_kcache_paged_attention(2048, 1, 32, 128)_dtype_BFLOAT8_B_layout_TILE.tensorbin of shape Shape([2048, 1, 32, 128])
2026-09-02 20:56:05.313 | DEBUG    | core:as_tensor:724 - Loaded cache for /localdev/gwang/tt_transformers/model_cache/llama33_70b/T3K/empty_vcache_paged_attention(2048, 1, 32, 128)_dtype_BFLOAT8_B_layout_TILE.tensorbin of shape Shape([2048, 1, 32, 128])
2026-09-02 20:56:05.317 | DEBUG    | core:as_tensor:724 - Loaded cache for /localdev/gwang/tt_transformers/model_cache/llama33_70b/T3K/empty_kcache_paged_attention(2048, 1, 32, 128)_dtype_BFLOAT8_B_layout_TILE.tensorbin of shape Shape([2048, 1, 32, 128])
2026-09-02 20:56:05.320 | DEBUG    | core:as_tensor:724 - Loaded cache for /localdev/gwang/tt_transformers/model_cache/llama33_70b/T3K/empty_vcache_paged_attention(2048, 1, 32, 128)_dtype_BFLOAT8_B_layout_TILE.tensorbin of shape Shape([2048, 1, 32, 128])
2026-09-02 20:56:05.323 | DEBUG    | core:as_tensor:724 - Loaded cache for /localdev/gwang/tt_transformers/model_cache/llama33_70b/T3K/empty_kcache_paged_attention(2048, 1, 32, 128)_dtype_BFLOAT8_B_layout_TILE.tensorbin of shape Shape([2048, 1, 32, 128])
2026-09-02 20:56:05.326 | DEBUG    | core:as_tensor:724 - Loaded cache for /localdev/gwang/tt_transformers/model_cache/llama33_70b/T3K/empty_vcache_paged_attention(2048, 1, 32, 128)_dtype_BFLOAT8_B_layout_TILE.tensorbin of shape Shape([2048, 1, 32, 128])
2026-09-02 20:56:05.329 | DEBUG    | core:as_tensor:724 - Loaded cache for /localdev/gwang/tt_transformers/model_cache/llama33_70b/T3K/empty_kcache_paged_attention(2048, 1, 32, 128)_dtype_BFLOAT8_B_layout_TILE.tensorbin of shape Shape([2048, 1, 32, 128])
2026-09-02 20:56:05.332 | DEBUG    | core:as_tensor:724 - Loaded cache for /localdev/gwang/tt_transformers/model_cache/llama33_70b/T3K/empty_vcache_paged_attention(2048, 1, 32, 128)_dtype_BFLOAT8_B_layout_TILE.tensorbin of shape Shape([2048, 1, 32, 128])
2026-09-02 20:56:05.335 | DEBUG    | core:as_tensor:724 - Loaded cache for /localdev/gwang/tt_transformers/model_cache/llama33_70b/T3K/empty_kcache_paged_attention(2048, 1, 32, 128)_dtype_BFLOAT8_B_layout_TILE.tensorbin of shape Shape([2048, 1, 32, 128])
2026-09-02 20:56:05.338 | DEBUG    | core:as_tensor:724 - Loaded cache for /localdev/gwang/tt_transformers/model_cache/llama33_70b/T3K/empty_vcache_paged_attention(2048, 1, 32, 128)_dtype_BFLOAT8_B_layout_TILE.tensorbin of shape Shape([2048, 1, 32, 128])
2026-09-02 20:56:05.341 | DEBUG    | core:as_tensor:724 - Loaded cache for /localdev/gwang/tt_transformers/model_cache/llama33_70b/T3K/empty_kcache_paged_attention(2048, 1, 32, 128)_dtype_BFLOAT8_B_layout_TILE.tensorbin of shape Shape([2048, 1, 32, 128])
2026-09-02 20:56:05.344 | DEBUG    | core:as_tensor:724 - Loaded cache for /localdev/gwang/tt_transformers/model_cache/llama33_70b/T3K/empty_vcache_paged_attention(2048, 1, 32, 128)_dtype_BFLOAT8_B_layout_TILE.tensorbin of shape Shape([2048, 1, 32, 128])
2026-09-02 20:56:05.347 | DEBUG    | core:as_tensor:724 - Loaded cache for /localdev/gwang/tt_transformers/model_cache/llama33_70b/T3K/empty_kcache_paged_attention(2048, 1, 32, 128)_dtype_BFLOAT8_B_layout_TILE.tensorbin of shape Shape([2048, 1, 32, 128])
2026-09-02 20:56:05.350 | DEBUG    | core:as_tensor:724 - Loaded cache for /localdev/gwang/tt_transformers/model_cache/llama33_70b/T3K/empty_vcache_paged_attention(2048, 1, 32, 128)_dtype_BFLOAT8_B_layout_TILE.tensorbin of shape Shape([2048, 1, 32, 128])
2026-09-02 20:56:05.354 | DEBUG    | core:as_tensor:724 - Loaded cache for /localdev/gwang/tt_transformers/model_cache/llama33_70b/T3K/empty_kcache_paged_attention(2048, 1, 32, 128)_dtype_BFLOAT8_B_layout_TILE.tensorbin of shape Shape([2048, 1, 32, 128])
2026-09-02 20:56:05.357 | DEBUG    | core:as_tensor:724 - Loaded cache for /localdev/gwang/tt_transformers/model_cache/llama33_70b/T3K/empty_vcache_paged_attention(2048, 1, 32, 128)_dtype_BFLOAT8_B_layout_TILE.tensorbin of shape Shape([2048, 1, 32, 128])
2026-09-02 20:56:05.360 | DEBUG    | core:as_tensor:724 - Loaded cache for /localdev/gwang/tt_transformers/model_cache/llama33_70b/T3K/empty_kcache_paged_attention(2048, 1, 32, 128)_dtype_BFLOAT8_B_layout_TILE.tensorbin of shape Shape([2048, 1, 32, 128])
2026-09-02 20:56:05.363 | DEBUG    | core:as_tensor:724 - Loaded cache for /localdev/gwang/tt_transformers/model_cache/llama33_70b/T3K/empty_vcache_paged_attention(2048, 1, 32, 128)_dtype_BFLOAT8_B_layout_TILE.tensorbin of shape Shape([2048, 1, 32, 128])
2026-09-02 20:56:05.366 | DEBUG    | core:as_tensor:724 - Loaded cache for /localdev/gwang/tt_transformers/model_cache/llama33_70b/T3K/empty_kcache_paged_attention(2048, 1, 32, 128)_dtype_BFLOAT8_B_layout_TILE.tensorbin of shape Shape([2048, 1, 32, 128])
2026-09-02 20:56:05.369 | DEBUG    | core:as_tensor:724 - Loaded cache for /localdev/gwang/tt_transformers/model_cache/llama33_70b/T3K/empty_vcache_paged_attention(2048, 1, 32, 128)_dtype_BFLOAT8_B_layout_TILE.tensorbin of shape Shape([2048, 1, 32, 128])
2026-09-02 20:56:05.372 | DEBUG    | core:as_tensor:724 - Loaded cache for /localdev/gwang/tt_transformers/model_cache/llama33_70b/T3K/empty_kcache_paged_attention(2048, 1, 32, 128)_dtype_BFLOAT8_B_layout_TILE.tensorbin of shape Shape([2048, 1, 32, 128])
2026-09-02 20:56:05.375 | DEBUG    | core:as_tensor:724 - Loaded cache for /localdev/gwang/tt_transformers/model_cache/llama33_70b/T3K/empty_vcache_paged_attention(2048, 1, 32, 128)_dtype_BFLOAT8_B_layout_TILE.tensorbin of shape Shape([2048, 1, 32, 128])
2026-09-02 20:56:05.378 | DEBUG    | core:as_tensor:724 - Loaded cache for /localdev/gwang/tt_transformers/model_cache/llama33_70b/T3K/empty_kcache_paged_attention(2048, 1, 32, 128)_dtype_BFLOAT8_B_layout_TILE.tensorbin of shape Shape([2048, 1, 32, 128])
2026-09-02 20:56:05.381 | DEBUG    | core:as_tensor:724 - Loaded cache for /localdev/gwang/tt_transformers/model_cache/llama33_70b/T3K/empty_vcache_paged_attention(2048, 1, 32, 128)_dtype_BFLOAT8_B_layout_TILE.tensorbin of shape Shape([2048, 1, 32, 128])
2026-09-02 20:56:05.384 | DEBUG    | core:as_tensor:724 - Loaded cache for /localdev/gwang/tt_transformers/model_cache/llama33_70b/T3K/empty_kcache_paged_attention(2048, 1, 32, 128)_dtype_BFLOAT8_B_layout_TILE.tensorbin of shape Shape([2048, 1, 32, 128])
2026-09-02 20:56:05.387 | DEBUG    | core:as_tensor:724 - Loaded cache for /localdev/gwang/tt_transformers/model_cache/llama33_70b/T3K/empty_vcache_paged_attention(2048, 1, 32, 128)_dtype_BFLOAT8_B_layout_TILE.tensorbin of shape Shape([2048, 1, 32, 128])
2026-09-02 20:56:05.390 | DEBUG    | core:as_tensor:724 - Loaded cache for /localdev/gwang/tt_transformers/model_cache/llama33_70b/T3K/empty_kcache_paged_attention(2048, 1, 32, 128)_dtype_BFLOAT8_B_layout_TILE.tensorbin of shape Shape([2048, 1, 32, 128])
2026-09-02 20:56:05.394 | DEBUG    | core:as_tensor:724 - Loaded cache for /localdev/gwang/tt_transformers/model_cache/llama33_70b/T3K/empty_vcache_paged_attention(2048, 1, 32, 128)_dtype_BFLOAT8_B_layout_TILE.tensorbin of shape Shape([2048, 1, 32, 128])
2026-09-02 20:56:05.397 | DEBUG    | core:as_tensor:724 - Loaded cache for /localdev/gwang/tt_transformers/model_cache/llama33_70b/T3K/empty_kcache_paged_attention(2048, 1, 32, 128)_dtype_BFLOAT8_B_layout_TILE.tensorbin of shape Shape([2048, 1, 32, 128])
2026-09-02 20:56:05.400 | DEBUG    | core:as_tensor:724 - Loaded cache for /localdev/gwang/tt_transformers/model_cache/llama33_70b/T3K/empty_vcache_paged_attention(2048, 1, 32, 128)_dtype_BFLOAT8_B_layout_TILE.tensorbin of shape Shape([2048, 1, 32, 128])
2026-09-02 20:56:05.403 | DEBUG    | core:as_tensor:724 - Loaded cache for /localdev/gwang/tt_transformers/model_cache/llama33_70b/T3K/empty_kcache_paged_attention(2048, 1, 32, 128)_dtype_BFLOAT8_B_layout_TILE.tensorbin of shape Shape([2048, 1, 32, 128])
2026-09-02 20:56:05.406 | DEBUG    | core:as_tensor:724 - Loaded cache for /localdev/gwang/tt_transformers/model_cache/llama33_70b/T3K/empty_vcache_paged_attention(2048, 1, 32, 128)_dtype_BFLOAT8_B_layout_TILE.tensorbin of shape Shape([2048, 1, 32, 128])
2026-09-02 20:56:05.409 | DEBUG    | core:as_tensor:724 - Loaded cache for /localdev/gwang/tt_transformers/model_cache/llama33_70b/T3K/empty_kcache_paged_attention(2048, 1, 32, 128)_dtype_BFLOAT8_B_layout_TILE.tensorbin of shape Shape([2048, 1, 32, 128])
2026-09-02 20:56:05.412 | DEBUG    | core:as_tensor:724 - Loaded cache for /localdev/gwang/tt_transformers/model_cache/llama33_70b/T3K/empty_vcache_paged_attention(2048, 1, 32, 128)_dtype_BFLOAT8_B_layout_TILE.tensorbin of shape Shape([2048, 1, 32, 128])
2026-09-02 20:56:05.415 | DEBUG    | core:as_tensor:724 - Loaded cache for /localdev/gwang/tt_transformers/model_cache/llama33_70b/T3K/empty_kcache_paged_attention(2048, 1, 32, 128)_dtype_BFLOAT8_B_layout_TILE.tensorbin of shape Shape([2048, 1, 32, 128])
2026-09-02 20:56:05.418 | DEBUG    | core:as_tensor:724 - Loaded cache for /localdev/gwang/tt_transformers/model_cache/llama33_70b/T3K/empty_vcache_paged_attention(2048, 1, 32, 128)_dtype_BFLOAT8_B_layout_TILE.tensorbin of shape Shape([2048, 1, 32, 128])
2026-09-02 20:56:05.421 | DEBUG    | core:as_tensor:724 - Loaded cache for /localdev/gwang/tt_transformers/model_cache/llama33_70b/T3K/empty_kcache_paged_attention(2048, 1, 32, 128)_dtype_BFLOAT8_B_layout_TILE.tensorbin of shape Shape([2048, 1, 32, 128])
2026-09-02 20:56:05.424 | DEBUG    | core:as_tensor:724 - Loaded cache for /localdev/gwang/tt_transformers/model_cache/llama33_70b/T3K/empty_vcache_paged_attention(2048, 1, 32, 128)_dtype_BFLOAT8_B_layout_TILE.tensorbin of shape Shape([2048, 1, 32, 128])
2026-09-02 20:56:05.428 | DEBUG    | core:as_tensor:724 - Loaded cache for /localdev/gwang/tt_transformers/model_cache/llama33_70b/T3K/empty_kcache_paged_attention(2048, 1, 32, 128)_dtype_BFLOAT8_B_layout_TILE.tensorbin of shape Shape([2048, 1, 32, 128])
2026-09-02 20:56:05.431 | DEBUG    | core:as_tensor:724 - Loaded cache for /localdev/gwang/tt_transformers/model_cache/llama33_70b/T3K/empty_vcache_paged_attention(2048, 1, 32, 128)_dtype_BFLOAT8_B_layout_TILE.tensorbin of shape Shape([2048, 1, 32, 128])
2026-09-02 20:56:05.434 | DEBUG    | core:as_tensor:724 - Loaded cache for /localdev/gwang/tt_transformers/model_cache/llama33_70b/T3K/empty_kcache_paged_attention(2048, 1, 32, 128)_dtype_BFLOAT8_B_layout_TILE.tensorbin of shape Shape([2048, 1, 32, 128])
2026-09-02 20:56:05.437 | DEBUG    | core:as_tensor:724 - Loaded cache for /localdev/gwang/tt_transformers/model_cache/llama33_70b/T3K/empty_vcache_paged_attention(2048, 1, 32, 128)_dtype_BFLOAT8_B_layout_TILE.tensorbin of shape Shape([2048, 1, 32, 128])
2026-09-02 20:56:05.440 | DEBUG    | core:as_tensor:724 - Loaded cache for /localdev/gwang/tt_transformers/model_cache/llama33_70b/T3K/empty_kcache_paged_attention(2048, 1, 32, 128)_dtype_BFLOAT8_B_layout_TILE.tensorbin of shape Shape([2048, 1, 32, 128])
2026-09-02 20:56:05.443 | DEBUG    | core:as_tensor:724 - Loaded cache for /localdev/gwang/tt_transformers/model_cache/llama33_70b/T3K/empty_vcache_paged_attention(2048, 1, 32, 128)_dtype_BFLOAT8_B_layout_TILE.tensorbin of shape Shape([2048, 1, 32, 128])
2026-09-02 20:56:09.227 | DEBUG    | core:as_tensor:724 - Loaded cache for /localdev/gwang/tt_transformers/model_cache/llama33_70b/T3K/empty_kcache_paged_attention(2048, 1, 32, 128)_dtype_BFLOAT8_B_layout_TILE.tensorbin of shape Shape([2048, 1, 32, 128])
2026-09-02 20:56:09.230 | DEBUG    | core:as_tensor:724 - Loaded cache for /localdev/gwang/tt_transformers/model_cache/llama33_70b/T3K/empty_vcache_paged_attention(2048, 1, 32, 128)_dtype_BFLOAT8_B_layout_TILE.tensorbin of shape Shape([2048, 1, 32, 128])
2026-09-02 20:56:09.233 | DEBUG    | core:as_tensor:724 - Loaded cache for /localdev/gwang/tt_transformers/model_cache/llama33_70b/T3K/empty_kcache_paged_attention(2048, 1, 32, 128)_dtype_BFLOAT8_B_layout_TILE.tensorbin of shape Shape([2048, 1, 32, 128])
2026-09-02 20:56:09.236 | DEBUG    | core:as_tensor:724 - Loaded cache for /localdev/gwang/tt_transformers/model_cache/llama33_70b/T3K/empty_vcache_paged_attention(2048, 1, 32, 128)_dtype_BFLOAT8_B_layout_TILE.tensorbin of shape Shape([2048, 1, 32, 128])
2026-09-02 20:56:09.239 | DEBUG    | core:as_tensor:724 - Loaded cache for /localdev/gwang/tt_transformers/model_cache/llama33_70b/T3K/empty_kcache_paged_attention(2048, 1, 32, 128)_dtype_BFLOAT8_B_layout_TILE.tensorbin of shape Shape([2048, 1, 32, 128])
2026-09-02 20:56:09.242 | DEBUG    | core:as_tensor:724 - Loaded cache for /localdev/gwang/tt_transformers/model_cache/llama33_70b/T3K/empty_vcache_paged_attention(2048, 1, 32, 128)_dtype_BFLOAT8_B_layout_TILE.tensorbin of shape Shape([2048, 1, 32, 128])
2026-09-02 20:56:09.244 | DEBUG    | core:as_tensor:724 - Loaded cache for /localdev/gwang/tt_transformers/model_cache/llama33_70b/T3K/empty_kcache_paged_attention(2048, 1, 32, 128)_dtype_BFLOAT8_B_layout_TILE.tensorbin of shape Shape([2048, 1, 32, 128])
2026-09-02 20:56:09.248 | DEBUG    | core:as_tensor:724 - Loaded cache for /localdev/gwang/tt_transformers/model_cache/llama33_70b/T3K/empty_vcache_paged_attention(2048, 1, 32, 128)_dtype_BFLOAT8_B_layout_TILE.tensorbin of shape Shape([2048, 1, 32, 128])
2026-09-02 20:56:09.250 | DEBUG    | core:as_tensor:724 - Loaded cache for /localdev/gwang/tt_transformers/model_cache/llama33_70b/T3K/empty_kcache_paged_attention(2048, 1, 32, 128)_dtype_BFLOAT8_B_layout_TILE.tensorbin of shape Shape([2048, 1, 32, 128])
2026-09-02 20:56:09.253 | DEBUG    | core:as_tensor:724 - Loaded cache for /localdev/gwang/tt_transformers/model_cache/llama33_70b/T3K/empty_vcache_paged_attention(2048, 1, 32, 128)_dtype_BFLOAT8_B_layout_TILE.tensorbin of shape Shape([2048, 1, 32, 128])
2026-09-02 20:56:09.256 | DEBUG    | core:as_tensor:724 - Loaded cache for /localdev/gwang/tt_transformers/model_cache/llama33_70b/T3K/empty_kcache_paged_attention(2048, 1, 32, 128)_dtype_BFLOAT8_B_layout_TILE.tensorbin of shape Shape([2048, 1, 32, 128])
2026-09-02 20:56:09.259 | DEBUG    | core:as_tensor:724 - Loaded cache for /localdev/gwang/tt_transformers/model_cache/llama33_70b/T3K/empty_vcache_paged_attention(2048, 1, 32, 128)_dtype_BFLOAT8_B_layout_TILE.tensorbin of shape Shape([2048, 1, 32, 128])
2026-09-02 20:56:09.262 | DEBUG    | core:as_tensor:724 - Loaded cache for /localdev/gwang/tt_transformers/model_cache/llama33_70b/T3K/empty_kcache_paged_attention(2048, 1, 32, 128)_dtype_BFLOAT8_B_layout_TILE.tensorbin of shape Shape([2048, 1, 32, 128])
2026-09-02 20:56:09.265 | DEBUG    | core:as_tensor:724 - Loaded cache for /localdev/gwang/tt_transformers/model_cache/llama33_70b/T3K/empty_vcache_paged_attention(2048, 1, 32, 128)_dtype_BFLOAT8_B_layout_TILE.tensorbin of shape Shape([2048, 1, 32, 128])
2026-09-02 20:56:09.268 | DEBUG    | core:as_tensor:724 - Loaded cache for /localdev/gwang/tt_transformers/model_cache/llama33_70b/T3K/empty_kcache_paged_attention(2048, 1, 32, 128)_dtype_BFLOAT8_B_layout_TILE.tensorbin of shape Shape([2048, 1, 32, 128])
2026-09-02 20:56:09.271 | DEBUG    | core:as_tensor:724 - Loaded cache for /localdev/gwang/tt_transformers/model_cache/llama33_70b/T3K/empty_vcache_paged_attention(2048, 1, 32, 128)_dtype_BFLOAT8_B_layout_TILE.tensorbin of shape Shape([2048, 1, 32, 128])
2026-09-02 20:56:09.274 | DEBUG    | core:as_tensor:724 - Loaded cache for /localdev/gwang/tt_transformers/model_cache/llama33_70b/T3K/empty_kcache_paged_attention(2048, 1, 32, 128)_dtype_BFLOAT8_B_layout_TILE.tensorbin of shape Shape([2048, 1, 32, 128])
2026-09-02 20:56:09.277 | DEBUG    | core:as_tensor:724 - Loaded cache for /localdev/gwang/tt_transformers/model_cache/llama33_70b/T3K/empty_vcache_paged_attention(2048, 1, 32, 128)_dtype_BFLOAT8_B_layout_TILE.tensorbin of shape Shape([2048, 1, 32, 128])
2026-09-02 20:56:09.280 | DEBUG    | core:as_tensor:724 - Loaded cache for /localdev/gwang/tt_transformers/model_cache/llama33_70b/T3K/empty_kcache_paged_attention(2048, 1, 32, 128)_dtype_BFLOAT8_B_layout_TILE.tensorbin of shape Shape([2048, 1, 32, 128])
2026-09-02 20:56:09.283 | DEBUG    | core:as_tensor:724 - Loaded cache for /localdev/gwang/tt_transformers/model_cache/llama33_70b/T3K/empty_vcache_paged_attention(2048, 1, 32, 128)_dtype_BFLOAT8_B_layout_TILE.tensorbin of shape Shape([2048, 1, 32, 128])
2026-09-02 20:56:09.286 | DEBUG    | core:as_tensor:724 - Loaded cache for /localdev/gwang/tt_transformers/model_cache/llama33_70b/T3K/empty_kcache_paged_attention(2048, 1, 32, 128)_dtype_BFLOAT8_B_layout_TILE.tensorbin of shape Shape([2048, 1, 32, 128])
2026-09-02 20:56:09.289 | DEBUG    | core:as_tensor:724 - Loaded cache for /localdev/gwang/tt_transformers/model_cache/llama33_70b/T3K/empty_vcache_paged_attention(2048, 1, 32, 128)_dtype_BFLOAT8_B_layout_TILE.tensorbin of shape Shape([2048, 1, 32, 128])
2026-09-02 20:56:09.292 | DEBUG    | core:as_tensor:724 - Loaded cache for /localdev/gwang/tt_transformers/model_cache/llama33_70b/T3K/empty_kcache_paged_attention(2048, 1, 32, 128)_dtype_BFLOAT8_B_layout_TILE.tensorbin of shape Shape([2048, 1, 32, 128])
2026-09-02 20:56:09.295 | DEBUG    | core:as_tensor:724 - Loaded cache for /localdev/gwang/tt_transformers/model_cache/llama33_70b/T3K/empty_vcache_paged_attention(2048, 1, 32, 128)_dtype_BFLOAT8_B_layout_TILE.tensorbin of shape Shape([2048, 1, 32, 128])
2026-09-02 20:56:09.298 | DEBUG    | core:as_tensor:724 - Loaded cache for /localdev/gwang/tt_transformers/model_cache/llama33_70b/T3K/empty_kcache_paged_attention(2048, 1, 32, 128)_dtype_BFLOAT8_B_layout_TILE.tensorbin of shape Shape([2048, 1, 32, 128])
2026-09-02 20:56:09.301 | DEBUG    | core:as_tensor:724 - Loaded cache for /localdev/gwang/tt_transformers/model_cache/llama33_70b/T3K/empty_vcache_paged_attention(2048, 1, 32, 128)_dtype_BFLOAT8_B_layout_TILE.tensorbin of shape Shape([2048, 1, 32, 128])
2026-09-02 20:56:09.303 | DEBUG    | core:as_tensor:724 - Loaded cache for /localdev/gwang/tt_transformers/model_cache/llama33_70b/T3K/empty_kcache_paged_attention(2048, 1, 32, 128)_dtype_BFLOAT8_B_layout_TILE.tensorbin of shape Shape([2048, 1, 32, 128])
2026-09-02 20:56:09.306 | DEBUG    | core:as_tensor:724 - Loaded cache for /localdev/gwang/tt_transformers/model_cache/llama33_70b/T3K/empty_vcache_paged_attention(2048, 1, 32, 128)_dtype_BFLOAT8_B_layout_TILE.tensorbin of shape Shape([2048, 1, 32, 128])
2026-09-02 20:56:09.309 | DEBUG    | core:as_tensor:724 - Loaded cache for /localdev/gwang/tt_transformers/model_cache/llama33_70b/T3K/empty_kcache_paged_attention(2048, 1, 32, 128)_dtype_BFLOAT8_B_layout_TILE.tensorbin of shape Shape([2048, 1, 32, 128])
2026-09-02 20:56:09.312 | DEBUG    | core:as_tensor:724 - Loaded cache for /localdev/gwang/tt_transformers/model_cache/llama33_70b/T3K/empty_vcache_paged_attention(2048, 1, 32, 128)_dtype_BFLOAT8_B_layout_TILE.tensorbin of shape Shape([2048, 1, 32, 128])
2026-09-02 20:56:09.315 | DEBUG    | core:as_tensor:724 - Loaded cache for /localdev/gwang/tt_transformers/model_cache/llama33_70b/T3K/empty_kcache_paged_attention(2048, 1, 32, 128)_dtype_BFLOAT8_B_layout_TILE.tensorbin of shape Shape([2048, 1, 32, 128])
2026-09-02 20:56:09.318 | DEBUG    | core:as_tensor:724 - Loaded cache for /localdev/gwang/tt_transformers/model_cache/llama33_70b/T3K/empty_vcache_paged_attention(2048, 1, 32, 128)_dtype_BFLOAT8_B_layout_TILE.tensorbin of shape Shape([2048, 1, 32, 128])
2026-09-02 20:56:09.321 | DEBUG    | core:as_tensor:724 - Loaded cache for /localdev/gwang/tt_transformers/model_cache/llama33_70b/T3K/empty_kcache_paged_attention(2048, 1, 32, 128)_dtype_BFLOAT8_B_layout_TILE.tensorbin of shape Shape([2048, 1, 32, 128])
2026-09-02 20:56:09.324 | DEBUG    | core:as_tensor:724 - Loaded cache for /localdev/gwang/tt_transformers/model_cache/llama33_70b/T3K/empty_vcache_paged_attention(2048, 1, 32, 128)_dtype_BFLOAT8_B_layout_TILE.tensorbin of shape Shape([2048, 1, 32, 128])
2026-09-02 20:56:09.327 | DEBUG    | core:as_tensor:724 - Loaded cache for /localdev/gwang/tt_transformers/model_cache/llama33_70b/T3K/empty_kcache_paged_attention(2048, 1, 32, 128)_dtype_BFLOAT8_B_layout_TILE.tensorbin of shape Shape([2048, 1, 32, 128])
2026-09-02 20:56:09.330 | DEBUG    | core:as_tensor:724 - Loaded cache for /localdev/gwang/tt_transformers/model_cache/llama33_70b/T3K/empty_vcache_paged_attention(2048, 1, 32, 128)_dtype_BFLOAT8_B_layout_TILE.tensorbin of shape Shape([2048, 1, 32, 128])
2026-09-02 20:56:09.333 | DEBUG    | core:as_tensor:724 - Loaded cache for /localdev/gwang/tt_transformers/model_cache/llama33_70b/T3K/empty_kcache_paged_attention(2048, 1, 32, 128)_dtype_BFLOAT8_B_layout_TILE.tensorbin of shape Shape([2048, 1, 32, 128])
2026-09-02 20:56:09.336 | DEBUG    | core:as_tensor:724 - Loaded cache for /localdev/gwang/tt_transformers/model_cache/llama33_70b/T3K/empty_vcache_paged_attention(2048, 1, 32, 128)_dtype_BFLOAT8_B_layout_TILE.tensorbin of shape Shape([2048, 1, 32, 128])
2026-09-02 20:56:09.339 | DEBUG    | core:as_tensor:724 - Loaded cache for /localdev/gwang/tt_transformers/model_cache/llama33_70b/T3K/empty_kcache_paged_attention(2048, 1, 32, 128)_dtype_BFLOAT8_B_layout_TILE.tensorbin of shape Shape([2048, 1, 32, 128])
2026-09-02 20:56:09.342 | DEBUG    | core:as_tensor:724 - Loaded cache for /localdev/gwang/tt_transformers/model_cache/llama33_70b/T3K/empty_vcache_paged_attention(2048, 1, 32, 128)_dtype_BFLOAT8_B_layout_TILE.tensorbin of shape Shape([2048, 1, 32, 128])
2026-09-02 20:56:09.345 | DEBUG    | core:as_tensor:724 - Loaded cache for /localdev/gwang/tt_transformers/model_cache/llama33_70b/T3K/empty_kcache_paged_attention(2048, 1, 32, 128)_dtype_BFLOAT8_B_layout_TILE.tensorbin of shape Shape([2048, 1, 32, 128])
2026-09-02 20:56:09.348 | DEBUG    | core:as_tensor:724 - Loaded cache for /localdev/gwang/tt_transformers/model_cache/llama33_70b/T3K/empty_vcache_paged_attention(2048, 1, 32, 128)_dtype_BFLOAT8_B_layout_TILE.tensorbin of shape Shape([2048, 1, 32, 128])
2026-09-02 20:56:09.351 | DEBUG    | core:as_tensor:724 - Loaded cache for /localdev/gwang/tt_transformers/model_cache/llama33_70b/T3K/empty_kcache_paged_attention(2048, 1, 32, 128)_dtype_BFLOAT8_B_layout_TILE.tensorbin of shape Shape([2048, 1, 32, 128])
2026-09-02 20:56:09.354 | DEBUG    | core:as_tensor:724 - Loaded cache for /localdev/gwang/tt_transformers/model_cache/llama33_70b/T3K/empty_vcache_paged_attention(2048, 1, 32, 128)_dtype_BFLOAT8_B_layout_TILE.tensorbin of shape Shape([2048, 1, 32, 128])
2026-09-02 20:56:09.356 | DEBUG    | core:as_tensor:724 - Loaded cache for /localdev/gwang/tt_transformers/model_cache/llama33_70b/T3K/empty_kcache_paged_attention(2048, 1, 32, 128)_dtype_BFLOAT8_B_layout_TILE.tensorbin of shape Shape([2048, 1, 32, 128])
2026-09-02 20:56:09.359 | DEBUG    | core:as_tensor:724 - Loaded cache for /localdev/gwang/tt_transformers/model_cache/llama33_70b/T3K/empty_vcache_paged_attention(2048, 1, 32, 128)_dtype_BFLOAT8_B_layout_TILE.tensorbin of shape Shape([2048, 1, 32, 128])
2026-09-02 20:56:09.362 | DEBUG    | core:as_tensor:724 - Loaded cache for /localdev/gwang/tt_transformers/model_cache/llama33_70b/T3K/empty_kcache_paged_attention(2048, 1, 32, 128)_dtype_BFLOAT8_B_layout_TILE.tensorbin of shape Shape([2048, 1, 32, 128])
2026-09-02 20:56:09.365 | DEBUG    | core:as_tensor:724 - Loaded cache for /localdev/gwang/tt_transformers/model_cache/llama33_70b/T3K/empty_vcache_paged_attention(2048, 1, 32, 128)_dtype_BFLOAT8_B_layout_TILE.tensorbin of shape Shape([2048, 1, 32, 128])
2026-09-02 20:56:09.369 | DEBUG    | core:as_tensor:724 - Loaded cache for /localdev/gwang/tt_transformers/model_cache/llama33_70b/T3K/empty_kcache_paged_attention(2048, 1, 32, 128)_dtype_BFLOAT8_B_layout_TILE.tensorbin of shape Shape([2048, 1, 32, 128])
2026-09-02 20:56:09.371 | DEBUG    | core:as_tensor:724 - Loaded cache for /localdev/gwang/tt_transformers/model_cache/llama33_70b/T3K/empty_vcache_paged_attention(2048, 1, 32, 128)_dtype_BFLOAT8_B_layout_TILE.tensorbin of shape Shape([2048, 1, 32, 128])
2026-09-02 20:56:09.374 | DEBUG    | core:as_tensor:724 - Loaded cache for /localdev/gwang/tt_transformers/model_cache/llama33_70b/T3K/empty_kcache_paged_attention(2048, 1, 32, 128)_dtype_BFLOAT8_B_layout_TILE.tensorbin of shape Shape([2048, 1, 32, 128])
2026-09-02 20:56:09.377 | DEBUG    | core:as_tensor:724 - Loaded cache for /localdev/gwang/tt_transformers/model_cache/llama33_70b/T3K/empty_vcache_paged_attention(2048, 1, 32, 128)_dtype_BFLOAT8_B_layout_TILE.tensorbin of shape Shape([2048, 1, 32, 128])
2026-09-02 20:56:09.381 | DEBUG    | core:as_tensor:724 - Loaded cache for /localdev/gwang/tt_transformers/model_cache/llama33_70b/T3K/empty_kcache_paged_attention(2048, 1, 32, 128)_dtype_BFLOAT8_B_layout_TILE.tensorbin of shape Shape([2048, 1, 32, 128])
2026-09-02 20:56:09.384 | DEBUG    | core:as_tensor:724 - Loaded cache for /localdev/gwang/tt_transformers/model_cache/llama33_70b/T3K/empty_vcache_paged_attention(2048, 1, 32, 128)_dtype_BFLOAT8_B_layout_TILE.tensorbin of shape Shape([2048, 1, 32, 128])
2026-09-02 20:56:09.387 | DEBUG    | core:as_tensor:724 - Loaded cache for /localdev/gwang/tt_transformers/model_cache/llama33_70b/T3K/empty_kcache_paged_attention(2048, 1, 32, 128)_dtype_BFLOAT8_B_layout_TILE.tensorbin of shape Shape([2048, 1, 32, 128])
2026-09-02 20:56:09.390 | DEBUG    | core:as_tensor:724 - Loaded cache for /localdev/gwang/tt_transformers/model_cache/llama33_70b/T3K/empty_vcache_paged_attention(2048, 1, 32, 128)_dtype_BFLOAT8_B_layout_TILE.tensorbin of shape Shape([2048, 1, 32, 128])
2026-09-02 20:56:09.393 | DEBUG    | core:as_tensor:724 - Loaded cache for /localdev/gwang/tt_transformers/model_cache/llama33_70b/T3K/empty_kcache_paged_attention(2048, 1, 32, 128)_dtype_BFLOAT8_B_layout_TILE.tensorbin of shape Shape([2048, 1, 32, 128])
2026-09-02 20:56:09.396 | DEBUG    | core:as_tensor:724 - Loaded cache for /localdev/gwang/tt_transformers/model_cache/llama33_70b/T3K/empty_vcache_paged_attention(2048, 1, 32, 128)_dtype_BFLOAT8_B_layout_TILE.tensorbin of shape Shape([2048, 1, 32, 128])
2026-09-02 20:56:09.398 | DEBUG    | core:as_tensor:724 - Loaded cache for /localdev/gwang/tt_transformers/model_cache/llama33_70b/T3K/empty_kcache_paged_attention(2048, 1, 32, 128)_dtype_BFLOAT8_B_layout_TILE.tensorbin of shape Shape([2048, 1, 32, 128])
2026-09-02 20:56:09.401 | DEBUG    | core:as_tensor:724 - Loaded cache for /localdev/gwang/tt_transformers/model_cache/llama33_70b/T3K/empty_vcache_paged_attention(2048, 1, 32, 128)_dtype_BFLOAT8_B_layout_TILE.tensorbin of shape Shape([2048, 1, 32, 128])
2026-09-02 20:56:09.404 | DEBUG    | core:as_tensor:724 - Loaded cache for /localdev/gwang/tt_transformers/model_cache/llama33_70b/T3K/empty_kcache_paged_attention(2048, 1, 32, 128)_dtype_BFLOAT8_B_layout_TILE.tensorbin of shape Shape([2048, 1, 32, 128])
2026-09-02 20:56:09.407 | DEBUG    | core:as_tensor:724 - Loaded cache for /localdev/gwang/tt_transformers/model_cache/llama33_70b/T3K/empty_vcache_paged_attention(2048, 1, 32, 128)_dtype_BFLOAT8_B_layout_TILE.tensorbin of shape Shape([2048, 1, 32, 128])
2026-09-02 20:56:09.410 | DEBUG    | core:as_tensor:724 - Loaded cache for /localdev/gwang/tt_transformers/model_cache/llama33_70b/T3K/empty_kcache_paged_attention(2048, 1, 32, 128)_dtype_BFLOAT8_B_layout_TILE.tensorbin of shape Shape([2048, 1, 32, 128])
2026-09-02 20:56:09.413 | DEBUG    | core:as_tensor:724 - Loaded cache for /localdev/gwang/tt_transformers/model_cache/llama33_70b/T3K/empty_vcache_paged_attention(2048, 1, 32, 128)_dtype_BFLOAT8_B_layout_TILE.tensorbin of shape Shape([2048, 1, 32, 128])
2026-09-02 20:56:09.416 | DEBUG    | core:as_tensor:724 - Loaded cache for /localdev/gwang/tt_transformers/model_cache/llama33_70b/T3K/empty_kcache_paged_attention(2048, 1, 32, 128)_dtype_BFLOAT8_B_layout_TILE.tensorbin of shape Shape([2048, 1, 32, 128])
2026-09-02 20:56:09.419 | DEBUG    | core:as_tensor:724 - Loaded cache for /localdev/gwang/tt_transformers/model_cache/llama33_70b/T3K/empty_vcache_paged_attention(2048, 1, 32, 128)_dtype_BFLOAT8_B_layout_TILE.tensorbin of shape Shape([2048, 1, 32, 128])
2026-09-02 20:56:09.422 | DEBUG    | core:as_tensor:724 - Loaded cache for /localdev/gwang/tt_transformers/model_cache/llama33_70b/T3K/empty_kcache_paged_attention(2048, 1, 32, 128)_dtype_BFLOAT8_B_layout_TILE.tensorbin of shape Shape([2048, 1, 32, 128])
2026-09-02 20:56:09.425 | DEBUG    | core:as_tensor:724 - Loaded cache for /localdev/gwang/tt_transformers/model_cache/llama33_70b/T3K/empty_vcache_paged_attention(2048, 1, 32, 128)_dtype_BFLOAT8_B_layout_TILE.tensorbin of shape Shape([2048, 1, 32, 128])
2026-09-02 20:56:09.428 | DEBUG    | core:as_tensor:724 - Loaded cache for /localdev/gwang/tt_transformers/model_cache/llama33_70b/T3K/empty_kcache_paged_attention(2048, 1, 32, 128)_dtype_BFLOAT8_B_layout_TILE.tensorbin of shape Shape([2048, 1, 32, 128])
2026-09-02 20:56:09.431 | DEBUG    | core:as_tensor:724 - Loaded cache for /localdev/gwang/tt_transformers/model_cache/llama33_70b/T3K/empty_vcache_paged_attention(2048, 1, 32, 128)_dtype_BFLOAT8_B_layout_TILE.tensorbin of shape Shape([2048, 1, 32, 128])
2026-09-02 20:56:09.434 | DEBUG    | core:as_tensor:724 - Loaded cache for /localdev/gwang/tt_transformers/model_cache/llama33_70b/T3K/empty_kcache_paged_attention(2048, 1, 32, 128)_dtype_BFLOAT8_B_layout_TILE.tensorbin of shape Shape([2048, 1, 32, 128])
2026-09-02 20:56:09.437 | DEBUG    | core:as_tensor:724 - Loaded cache for /localdev/gwang/tt_transformers/model_cache/llama33_70b/T3K/empty_vcache_paged_attention(2048, 1, 32, 128)_dtype_BFLOAT8_B_layout_TILE.tensorbin of shape Shape([2048, 1, 32, 128])
2026-09-02 20:56:09.440 | DEBUG    | core:as_tensor:724 - Loaded cache for /localdev/gwang/tt_transformers/model_cache/llama33_70b/T3K/empty_kcache_paged_attention(2048, 1, 32, 128)_dtype_BFLOAT8_B_layout_TILE.tensorbin of shape Shape([2048, 1, 32, 128])
2026-09-02 20:56:09.443 | DEBUG    | core:as_tensor:724 - Loaded cache for /localdev/gwang/tt_transformers/model_cache/llama33_70b/T3K/empty_vcache_paged_attention(2048, 1, 32, 128)_dtype_BFLOAT8_B_layout_TILE.tensorbin of shape Shape([2048, 1, 32, 128])
2026-09-02 20:56:09.445 | DEBUG    | core:as_tensor:724 - Loaded cache for /localdev/gwang/tt_transformers/model_cache/llama33_70b/T3K/empty_kcache_paged_attention(2048, 1, 32, 128)_dtype_BFLOAT8_B_layout_TILE.tensorbin of shape Shape([2048, 1, 32, 128])
2026-09-02 20:56:09.448 | DEBUG    | core:as_tensor:724 - Loaded cache for /localdev/gwang/tt_transformers/model_cache/llama33_70b/T3K/empty_vcache_paged_attention(2048, 1, 32, 128)_dtype_BFLOAT8_B_layout_TILE.tensorbin of shape Shape([2048, 1, 32, 128])
2026-09-02 20:56:09.451 | DEBUG    | core:as_tensor:724 - Loaded cache for /localdev/gwang/tt_transformers/model_cache/llama33_70b/T3K/empty_kcache_paged_attention(2048, 1, 32, 128)_dtype_BFLOAT8_B_layout_TILE.tensorbin of shape Shape([2048, 1, 32, 128])
2026-09-02 20:56:09.454 | DEBUG    | core:as_tensor:724 - Loaded cache for /localdev/gwang/tt_transformers/model_cache/llama33_70b/T3K/empty_vcache_paged_attention(2048, 1, 32, 128)_dtype_BFLOAT8_B_layout_TILE.tensorbin of shape Shape([2048, 1, 32, 128])
2026-09-02 20:56:09.457 | DEBUG    | core:as_tensor:724 - Loaded cache for /localdev/gwang/tt_transformers/model_cache/llama33_70b/T3K/empty_kcache_paged_attention(2048, 1, 32, 128)_dtype_BFLOAT8_B_layout_TILE.tensorbin of shape Shape([2048, 1, 32, 128])
2026-09-02 20:56:09.460 | DEBUG    | core:as_tensor:724 - Loaded cache for /localdev/gwang/tt_transformers/model_cache/llama33_70b/T3K/empty_vcache_paged_attention(2048, 1, 32, 128)_dtype_BFLOAT8_B_layout_TILE.tensorbin of shape Shape([2048, 1, 32, 128])
2026-09-02 20:56:09.463 | DEBUG    | core:as_tensor:724 - Loaded cache for /localdev/gwang/tt_transformers/model_cache/llama33_70b/T3K/empty_kcache_paged_attention(2048, 1, 32, 128)_dtype_BFLOAT8_B_layout_TILE.tensorbin of shape Shape([2048, 1, 32, 128])
2026-09-02 20:56:09.466 | DEBUG    | core:as_tensor:724 - Loaded cache for /localdev/gwang/tt_transformers/model_cache/llama33_70b/T3K/empty_vcache_paged_attention(2048, 1, 32, 128)_dtype_BFLOAT8_B_layout_TILE.tensorbin of shape Shape([2048, 1, 32, 128])
2026-09-02 20:56:09.469 | DEBUG    | core:as_tensor:724 - Loaded cache for /localdev/gwang/tt_transformers/model_cache/llama33_70b/T3K/empty_kcache_paged_attention(2048, 1, 32, 128)_dtype_BFLOAT8_B_layout_TILE.tensorbin of shape Shape([2048, 1, 32, 128])
2026-09-02 20:56:09.472 | DEBUG    | core:as_tensor:724 - Loaded cache for /localdev/gwang/tt_transformers/model_cache/llama33_70b/T3K/empty_vcache_paged_attention(2048, 1, 32, 128)_dtype_BFLOAT8_B_layout_TILE.tensorbin of shape Shape([2048, 1, 32, 128])
2026-09-02 20:56:09.475 | DEBUG    | core:as_tensor:724 - Loaded cache for /localdev/gwang/tt_transformers/model_cache/llama33_70b/T3K/empty_kcache_paged_attention(2048, 1, 32, 128)_dtype_BFLOAT8_B_layout_TILE.tensorbin of shape Shape([2048, 1, 32, 128])
2026-09-02 20:56:09.478 | DEBUG    | core:as_tensor:724 - Loaded cache for /localdev/gwang/tt_transformers/model_cache/llama33_70b/T3K/empty_vcache_paged_attention(2048, 1, 32, 128)_dtype_BFLOAT8_B_layout_TILE.tensorbin of shape Shape([2048, 1, 32, 128])
2026-09-02 20:56:09.481 | DEBUG    | core:as_tensor:724 - Loaded cache for /localdev/gwang/tt_transformers/model_cache/llama33_70b/T3K/empty_kcache_paged_attention(2048, 1, 32, 128)_dtype_BFLOAT8_B_layout_TILE.tensorbin of shape Shape([2048, 1, 32, 128])
2026-09-02 20:56:09.483 | DEBUG    | core:as_tensor:724 - Loaded cache for /localdev/gwang/tt_transformers/model_cache/llama33_70b/T3K/empty_vcache_paged_attention(2048, 1, 32, 128)_dtype_BFLOAT8_B_layout_TILE.tensorbin of shape Shape([2048, 1, 32, 128])
2026-09-02 20:56:09.486 | DEBUG    | core:as_tensor:724 - Loaded cache for /localdev/gwang/tt_transformers/model_cache/llama33_70b/T3K/empty_kcache_paged_attention(2048, 1, 32, 128)_dtype_BFLOAT8_B_layout_TILE.tensorbin of shape Shape([2048, 1, 32, 128])
2026-09-02 20:56:09.489 | DEBUG    | core:as_tensor:724 - Loaded cache for /localdev/gwang/tt_transformers/model_cache/llama33_70b/T3K/empty_vcache_paged_attention(2048, 1, 32, 128)_dtype_BFLOAT8_B_layout_TILE.tensorbin of shape Shape([2048, 1, 32, 128])
2026-09-02 20:56:09.492 | DEBUG    | core:as_tensor:724 - Loaded cache for /localdev/gwang/tt_transformers/model_cache/llama33_70b/T3K/empty_kcache_paged_attention(2048, 1, 32, 128)_dtype_BFLOAT8_B_layout_TILE.tensorbin of shape Shape([2048, 1, 32, 128])
2026-09-02 20:56:09.495 | DEBUG    | core:as_tensor:724 - Loaded cache for /localdev/gwang/tt_transformers/model_cache/llama33_70b/T3K/empty_vcache_paged_attention(2048, 1, 32, 128)_dtype_BFLOAT8_B_layout_TILE.tensorbin of shape Shape([2048, 1, 32, 128])
2026-09-02 20:56:09.498 | DEBUG    | core:as_tensor:724 - Loaded cache for /localdev/gwang/tt_transformers/model_cache/llama33_70b/T3K/empty_kcache_paged_attention(2048, 1, 32, 128)_dtype_BFLOAT8_B_layout_TILE.tensorbin of shape Shape([2048, 1, 32, 128])
2026-09-02 20:56:09.501 | DEBUG    | core:as_tensor:724 - Loaded cache for /localdev/gwang/tt_transformers/model_cache/llama33_70b/T3K/empty_vcache_paged_attention(2048, 1, 32, 128)_dtype_BFLOAT8_B_layout_TILE.tensorbin of shape Shape([2048, 1, 32, 128])
2026-09-02 20:56:09.504 | DEBUG    | core:as_tensor:724 - Loaded cache for /localdev/gwang/tt_transformers/model_cache/llama33_70b/T3K/empty_kcache_paged_attention(2048, 1, 32, 128)_dtype_BFLOAT8_B_layout_TILE.tensorbin of shape Shape([2048, 1, 32, 128])
2026-09-02 20:56:09.507 | DEBUG    | core:as_tensor:724 - Loaded cache for /localdev/gwang/tt_transformers/model_cache/llama33_70b/T3K/empty_vcache_paged_attention(2048, 1, 32, 128)_dtype_BFLOAT8_B_layout_TILE.tensorbin of shape Shape([2048, 1, 32, 128])
2026-09-02 20:56:09.510 | DEBUG    | core:as_tensor:724 - Loaded cache for /localdev/gwang/tt_transformers/model_cache/llama33_70b/T3K/empty_kcache_paged_attention(2048, 1, 32, 128)_dtype_BFLOAT8_B_layout_TILE.tensorbin of shape Shape([2048, 1, 32, 128])
2026-09-02 20:56:09.513 | DEBUG    | core:as_tensor:724 - Loaded cache for /localdev/gwang/tt_transformers/model_cache/llama33_70b/T3K/empty_vcache_paged_attention(2048, 1, 32, 128)_dtype_BFLOAT8_B_layout_TILE.tensorbin of shape Shape([2048, 1, 32, 128])
2026-09-02 20:56:09.516 | DEBUG    | core:as_tensor:724 - Loaded cache for /localdev/gwang/tt_transformers/model_cache/llama33_70b/T3K/empty_kcache_paged_attention(2048, 1, 32, 128)_dtype_BFLOAT8_B_layout_TILE.tensorbin of shape Shape([2048, 1, 32, 128])
2026-09-02 20:56:09.519 | DEBUG    | core:as_tensor:724 - Loaded cache for /localdev/gwang/tt_transformers/model_cache/llama33_70b/T3K/empty_vcache_paged_attention(2048, 1, 32, 128)_dtype_BFLOAT8_B_layout_TILE.tensorbin of shape Shape([2048, 1, 32, 128])
2026-09-02 20:56:09.522 | DEBUG    | core:as_tensor:724 - Loaded cache for /localdev/gwang/tt_transformers/model_cache/llama33_70b/T3K/empty_kcache_paged_attention(2048, 1, 32, 128)_dtype_BFLOAT8_B_layout_TILE.tensorbin of shape Shape([2048, 1, 32, 128])
2026-09-02 20:56:09.525 | DEBUG    | core:as_tensor:724 - Loaded cache for /localdev/gwang/tt_transformers/model_cache/llama33_70b/T3K/empty_vcache_paged_attention(2048, 1, 32, 128)_dtype_BFLOAT8_B_layout_TILE.tensorbin of shape Shape([2048, 1, 32, 128])
2026-09-02 20:56:09.528 | DEBUG    | core:as_tensor:724 - Loaded cache for /localdev/gwang/tt_transformers/model_cache/llama33_70b/T3K/empty_kcache_paged_attention(2048, 1, 32, 128)_dtype_BFLOAT8_B_layout_TILE.tensorbin of shape Shape([2048, 1, 32, 128])
2026-09-02 20:56:09.531 | DEBUG    | core:as_tensor:724 - Loaded cache for /localdev/gwang/tt_transformers/model_cache/llama33_70b/T3K/empty_vcache_paged_attention(2048, 1, 32, 128)_dtype_BFLOAT8_B_layout_TILE.tensorbin of shape Shape([2048, 1, 32, 128])
2026-09-02 20:56:09.534 | DEBUG    | core:as_tensor:724 - Loaded cache for /localdev/gwang/tt_transformers/model_cache/llama33_70b/T3K/empty_kcache_paged_attention(2048, 1, 32, 128)_dtype_BFLOAT8_B_layout_TILE.tensorbin of shape Shape([2048, 1, 32, 128])
2026-09-02 20:56:09.537 | DEBUG    | core:as_tensor:724 - Loaded cache for /localdev/gwang/tt_transformers/model_cache/llama33_70b/T3K/empty_vcache_paged_attention(2048, 1, 32, 128)_dtype_BFLOAT8_B_layout_TILE.tensorbin of shape Shape([2048, 1, 32, 128])
2026-09-02 20:56:09.539 | DEBUG    | core:as_tensor:724 - Loaded cache for /localdev/gwang/tt_transformers/model_cache/llama33_70b/T3K/empty_kcache_paged_attention(2048, 1, 32, 128)_dtype_BFLOAT8_B_layout_TILE.tensorbin of shape Shape([2048, 1, 32, 128])
2026-09-02 20:56:09.542 | DEBUG    | core:as_tensor:724 - Loaded cache for /localdev/gwang/tt_transformers/model_cache/llama33_70b/T3K/empty_vcache_paged_attention(2048, 1, 32, 128)_dtype_BFLOAT8_B_layout_TILE.tensorbin of shape Shape([2048, 1, 32, 128])
2026-09-02 20:56:09.545 | DEBUG    | core:as_tensor:724 - Loaded cache for /localdev/gwang/tt_transformers/model_cache/llama33_70b/T3K/empty_kcache_paged_attention(2048, 1, 32, 128)_dtype_BFLOAT8_B_layout_TILE.tensorbin of shape Shape([2048, 1, 32, 128])
2026-09-02 20:56:09.548 | DEBUG    | core:as_tensor:724 - Loaded cache for /localdev/gwang/tt_transformers/model_cache/llama33_70b/T3K/empty_vcache_paged_attention(2048, 1, 32, 128)_dtype_BFLOAT8_B_layout_TILE.tensorbin of shape Shape([2048, 1, 32, 128])
2026-09-02 20:56:09.551 | DEBUG    | core:as_tensor:724 - Loaded cache for /localdev/gwang/tt_transformers/model_cache/llama33_70b/T3K/empty_kcache_paged_attention(2048, 1, 32, 128)_dtype_BFLOAT8_B_layout_TILE.tensorbin of shape Shape([2048, 1, 32, 128])
2026-09-02 20:56:09.554 | DEBUG    | core:as_tensor:724 - Loaded cache for /localdev/gwang/tt_transformers/model_cache/llama33_70b/T3K/empty_vcache_paged_attention(2048, 1, 32, 128)_dtype_BFLOAT8_B_layout_TILE.tensorbin of shape Shape([2048, 1, 32, 128])
2026-09-02 20:56:09.557 | DEBUG    | core:as_tensor:724 - Loaded cache for /localdev/gwang/tt_transformers/model_cache/llama33_70b/T3K/empty_kcache_paged_attention(2048, 1, 32, 128)_dtype_BFLOAT8_B_layout_TILE.tensorbin of shape Shape([2048, 1, 32, 128])
2026-09-02 20:56:09.560 | DEBUG    | core:as_tensor:724 - Loaded cache for /localdev/gwang/tt_transformers/model_cache/llama33_70b/T3K/empty_vcache_paged_attention(2048, 1, 32, 128)_dtype_BFLOAT8_B_layout_TILE.tensorbin of shape Shape([2048, 1, 32, 128])
2026-09-02 20:56:09.563 | DEBUG    | core:as_tensor:724 - Loaded cache for /localdev/gwang/tt_transformers/model_cache/llama33_70b/T3K/empty_kcache_paged_attention(2048, 1, 32, 128)_dtype_BFLOAT8_B_layout_TILE.tensorbin of shape Shape([2048, 1, 32, 128])
2026-09-02 20:56:09.566 | DEBUG    | core:as_tensor:724 - Loaded cache for /localdev/gwang/tt_transformers/model_cache/llama33_70b/T3K/empty_vcache_paged_attention(2048, 1, 32, 128)_dtype_BFLOAT8_B_layout_TILE.tensorbin of shape Shape([2048, 1, 32, 128])
2026-09-02 20:56:09.569 | DEBUG    | core:as_tensor:724 - Loaded cache for /localdev/gwang/tt_transformers/model_cache/llama33_70b/T3K/empty_kcache_paged_attention(2048, 1, 32, 128)_dtype_BFLOAT8_B_layout_TILE.tensorbin of shape Shape([2048, 1, 32, 128])
2026-09-02 20:56:09.572 | DEBUG    | core:as_tensor:724 - Loaded cache for /localdev/gwang/tt_transformers/model_cache/llama33_70b/T3K/empty_vcache_paged_attention(2048, 1, 32, 128)_dtype_BFLOAT8_B_layout_TILE.tensorbin of shape Shape([2048, 1, 32, 128])
2026-09-02 20:56:09.575 | DEBUG    | core:as_tensor:724 - Loaded cache for /localdev/gwang/tt_transformers/model_cache/llama33_70b/T3K/empty_kcache_paged_attention(2048, 1, 32, 128)_dtype_BFLOAT8_B_layout_TILE.tensorbin of shape Shape([2048, 1, 32, 128])
2026-09-02 20:56:09.578 | DEBUG    | core:as_tensor:724 - Loaded cache for /localdev/gwang/tt_transformers/model_cache/llama33_70b/T3K/empty_vcache_paged_attention(2048, 1, 32, 128)_dtype_BFLOAT8_B_layout_TILE.tensorbin of shape Shape([2048, 1, 32, 128])
2026-09-02 20:56:09.581 | DEBUG    | core:as_tensor:724 - Loaded cache for /localdev/gwang/tt_transformers/model_cache/llama33_70b/T3K/empty_kcache_paged_attention(2048, 1, 32, 128)_dtype_BFLOAT8_B_layout_TILE.tensorbin of shape Shape([2048, 1, 32, 128])
2026-09-02 20:56:09.584 | DEBUG    | core:as_tensor:724 - Loaded cache for /localdev/gwang/tt_transformers/model_cache/llama33_70b/T3K/empty_vcache_paged_attention(2048, 1, 32, 128)_dtype_BFLOAT8_B_layout_TILE.tensorbin of shape Shape([2048, 1, 32, 128])
2026-09-02 20:56:09.587 | DEBUG    | core:as_tensor:724 - Loaded cache for /localdev/gwang/tt_transformers/model_cache/llama33_70b/T3K/empty_kcache_paged_attention(2048, 1, 32, 128)_dtype_BFLOAT8_B_layout_TILE.tensorbin of shape Shape([2048, 1, 32, 128])
2026-09-02 20:56:09.590 | DEBUG    | core:as_tensor:724 - Loaded cache for /localdev/gwang/tt_transformers/model_cache/llama33_70b/T3K/empty_vcache_paged_attention(2048, 1, 32, 128)_dtype_BFLOAT8_B_layout_TILE.tensorbin of shape Shape([2048, 1, 32, 128])
2026-09-02 20:56:09.592 | DEBUG    | core:as_tensor:724 - Loaded cache for /localdev/gwang/tt_transformers/model_cache/llama33_70b/T3K/empty_kcache_paged_attention(2048, 1, 32, 128)_dtype_BFLOAT8_B_layout_TILE.tensorbin of shape Shape([2048, 1, 32, 128])
2026-09-02 20:56:09.595 | DEBUG    | core:as_tensor:724 - Loaded cache for /localdev/gwang/tt_transformers/model_cache/llama33_70b/T3K/empty_vcache_paged_attention(2048, 1, 32, 128)_dtype_BFLOAT8_B_layout_TILE.tensorbin of shape Shape([2048, 1, 32, 128])
2026-09-02 20:56:09.598 | DEBUG    | core:as_tensor:724 - Loaded cache for /localdev/gwang/tt_transformers/model_cache/llama33_70b/T3K/empty_kcache_paged_attention(2048, 1, 32, 128)_dtype_BFLOAT8_B_layout_TILE.tensorbin of shape Shape([2048, 1, 32, 128])
2026-09-02 20:56:09.601 | DEBUG    | core:as_tensor:724 - Loaded cache for /localdev/gwang/tt_transformers/model_cache/llama33_70b/T3K/empty_vcache_paged_attention(2048, 1, 32, 128)_dtype_BFLOAT8_B_layout_TILE.tensorbin of shape Shape([2048, 1, 32, 128])
2026-09-02 20:56:09.604 | DEBUG    | core:as_tensor:724 - Loaded cache for /localdev/gwang/tt_transformers/model_cache/llama33_70b/T3K/empty_kcache_paged_attention(2048, 1, 32, 128)_dtype_BFLOAT8_B_layout_TILE.tensorbin of shape Shape([2048, 1, 32, 128])
2026-09-02 20:56:09.607 | DEBUG    | core:as_tensor:724 - Loaded cache for /localdev/gwang/tt_transformers/model_cache/llama33_70b/T3K/empty_vcache_paged_attention(2048, 1, 32, 128)_dtype_BFLOAT8_B_layout_TILE.tensorbin of shape Shape([2048, 1, 32, 128])
2026-09-02 20:56:09.610 | DEBUG    | core:as_tensor:724 - Loaded cache for /localdev/gwang/tt_transformers/model_cache/llama33_70b/T3K/empty_kcache_paged_attention(2048, 1, 32, 128)_dtype_BFLOAT8_B_layout_TILE.tensorbin of shape Shape([2048, 1, 32, 128])
2026-09-02 20:56:09.613 | DEBUG    | core:as_tensor:724 - Loaded cache for /localdev/gwang/tt_transformers/model_cache/llama33_70b/T3K/empty_vcache_paged_attention(2048, 1, 32, 128)_dtype_BFLOAT8_B_layout_TILE.tensorbin of shape Shape([2048, 1, 32, 128])
2026-09-02 20:56:09.616 | DEBUG    | core:as_tensor:724 - Loaded cache for /localdev/gwang/tt_transformers/model_cache/llama33_70b/T3K/empty_kcache_paged_attention(2048, 1, 32, 128)_dtype_BFLOAT8_B_layout_TILE.tensorbin of shape Shape([2048, 1, 32, 128])
2026-09-02 20:56:09.619 | DEBUG    | core:as_tensor:724 - Loaded cache for /localdev/gwang/tt_transformers/model_cache/llama33_70b/T3K/empty_vcache_paged_attention(2048, 1, 32, 128)_dtype_BFLOAT8_B_layout_TILE.tensorbin of shape Shape([2048, 1, 32, 128])
2026-09-02 20:56:09.621 | DEBUG    | core:as_tensor:724 - Loaded cache for /localdev/gwang/tt_transformers/model_cache/llama33_70b/T3K/empty_kcache_paged_attention(2048, 1, 32, 128)_dtype_BFLOAT8_B_layout_TILE.tensorbin of shape Shape([2048, 1, 32, 128])
2026-09-02 20:56:09.624 | DEBUG    | core:as_tensor:724 - Loaded cache for /localdev/gwang/tt_transformers/model_cache/llama33_70b/T3K/empty_vcache_paged_attention(2048, 1, 32, 128)_dtype_BFLOAT8_B_layout_TILE.tensorbin of shape Shape([2048, 1, 32, 128])
2026-09-02 20:56:09.627 | DEBUG    | core:as_tensor:724 - Loaded cache for /localdev/gwang/tt_transformers/model_cache/llama33_70b/T3K/empty_kcache_paged_attention(2048, 1, 32, 128)_dtype_BFLOAT8_B_layout_TILE.tensorbin of shape Shape([2048, 1, 32, 128])
2026-09-02 20:56:09.630 | DEBUG    | core:as_tensor:724 - Loaded cache for /localdev/gwang/tt_transformers/model_cache/llama33_70b/T3K/empty_vcache_paged_attention(2048, 1, 32, 128)_dtype_BFLOAT8_B_layout_TILE.tensorbin of shape Shape([2048, 1, 32, 128])
2026-09-02 20:56:09.633 | DEBUG    | core:as_tensor:724 - Loaded cache for /localdev/gwang/tt_transformers/model_cache/llama33_70b/T3K/empty_kcache_paged_attention(2048, 1, 32, 128)_dtype_BFLOAT8_B_layout_TILE.tensorbin of shape Shape([2048, 1, 32, 128])
2026-09-02 20:56:09.636 | DEBUG    | core:as_tensor:724 - Loaded cache for /localdev/gwang/tt_transformers/model_cache/llama33_70b/T3K/empty_vcache_paged_attention(2048, 1, 32, 128)_dtype_BFLOAT8_B_layout_TILE.tensorbin of shape Shape([2048, 1, 32, 128])
2026-09-02 20:56:09.639 | DEBUG    | core:as_tensor:724 - Loaded cache for /localdev/gwang/tt_transformers/model_cache/llama33_70b/T3K/empty_kcache_paged_attention(2048, 1, 32, 128)_dtype_BFLOAT8_B_layout_TILE.tensorbin of shape Shape([2048, 1, 32, 128])
2026-09-02 20:56:09.642 | DEBUG    | core:as_tensor:724 - Loaded cache for /localdev/gwang/tt_transformers/model_cache/llama33_70b/T3K/empty_vcache_paged_attention(2048, 1, 32, 128)_dtype_BFLOAT8_B_layout_TILE.tensorbin of shape Shape([2048, 1, 32, 128])
2026-09-02 20:56:09.645 | DEBUG    | core:as_tensor:724 - Loaded cache for /localdev/gwang/tt_transformers/model_cache/llama33_70b/T3K/empty_kcache_paged_attention(2048, 1, 32, 128)_dtype_BFLOAT8_B_layout_TILE.tensorbin of shape Shape([2048, 1, 32, 128])
2026-09-02 20:56:09.648 | DEBUG    | core:as_tensor:724 - Loaded cache for /localdev/gwang/tt_transformers/model_cache/llama33_70b/T3K/empty_vcache_paged_attention(2048, 1, 32, 128)_dtype_BFLOAT8_B_layout_TILE.tensorbin of shape Shape([2048, 1, 32, 128])
2026-09-02 20:56:09.651 | DEBUG    | core:as_tensor:724 - Loaded cache for /localdev/gwang/tt_transformers/model_cache/llama33_70b/T3K/empty_kcache_paged_attention(2048, 1, 32, 128)_dtype_BFLOAT8_B_layout_TILE.tensorbin of shape Shape([2048, 1, 32, 128])
2026-09-02 20:56:09.654 | DEBUG    | core:as_tensor:724 - Loaded cache for /localdev/gwang/tt_transformers/model_cache/llama33_70b/T3K/empty_vcache_paged_attention(2048, 1, 32, 128)_dtype_BFLOAT8_B_layout_TILE.tensorbin of shape Shape([2048, 1, 32, 128])
2026-09-02 20:56:09.657 | DEBUG    | core:as_tensor:724 - Loaded cache for /localdev/gwang/tt_transformers/model_cache/llama33_70b/T3K/empty_kcache_paged_attention(2048, 1, 32, 128)_dtype_BFLOAT8_B_layout_TILE.tensorbin of shape Shape([2048, 1, 32, 128])
2026-09-02 20:56:09.660 | DEBUG    | core:as_tensor:724 - Loaded cache for /localdev/gwang/tt_transformers/model_cache/llama33_70b/T3K/empty_vcache_paged_attention(2048, 1, 32, 128)_dtype_BFLOAT8_B_layout_TILE.tensorbin of shape Shape([2048, 1, 32, 128])
2026-09-02 20:56:09.662 | DEBUG    | core:as_tensor:724 - Loaded cache for /localdev/gwang/tt_transformers/model_cache/llama33_70b/T3K/empty_kcache_paged_attention(2048, 1, 32, 128)_dtype_BFLOAT8_B_layout_TILE.tensorbin of shape Shape([2048, 1, 32, 128])
2026-09-02 20:56:09.665 | DEBUG    | core:as_tensor:724 - Loaded cache for /localdev/gwang/tt_transformers/model_cache/llama33_70b/T3K/empty_vcache_paged_attention(2048, 1, 32, 128)_dtype_BFLOAT8_B_layout_TILE.tensorbin of shape Shape([2048, 1, 32, 128])
2026-09-02 20:56:09.668 | DEBUG    | core:as_tensor:724 - Loaded cache for /localdev/gwang/tt_transformers/model_cache/llama33_70b/T3K/empty_kcache_paged_attention(2048, 1, 32, 128)_dtype_BFLOAT8_B_layout_TILE.tensorbin of shape Shape([2048, 1, 32, 128])
2026-09-02 20:56:09.671 | DEBUG    | core:as_tensor:724 - Loaded cache for /localdev/gwang/tt_transformers/model_cache/llama33_70b/T3K/empty_vcache_paged_attention(2048, 1, 32, 128)_dtype_BFLOAT8_B_layout_TILE.tensorbin of shape Shape([2048, 1, 32, 128])
2026-09-02 20:56:09.674 | DEBUG    | core:as_tensor:724 - Loaded cache for /localdev/gwang/tt_transformers/model_cache/llama33_70b/T3K/empty_kcache_paged_attention(2048, 1, 32, 128)_dtype_BFLOAT8_B_layout_TILE.tensorbin of shape Shape([2048, 1, 32, 128])
2026-09-02 20:56:09.677 | DEBUG    | core:as_tensor:724 - Loaded cache for /localdev/gwang/tt_transformers/model_cache/llama33_70b/T3K/empty_vcache_paged_attention(2048, 1, 32, 128)_dtype_BFLOAT8_B_layout_TILE.tensorbin of shape Shape([2048, 1, 32, 128])
2026-09-02 20:56:09.680 | DEBUG    | core:as_tensor:724 - Loaded cache for /localdev/gwang/tt_transformers/model_cache/llama33_70b/T3K/empty_kcache_paged_attention(2048, 1, 32, 128)_dtype_BFLOAT8_B_layout_TILE.tensorbin of shape Shape([2048, 1, 32, 128])
2026-09-02 20:56:09.683 | DEBUG    | core:as_tensor:724 - Loaded cache for /localdev/gwang/tt_transformers/model_cache/llama33_70b/T3K/empty_vcache_paged_attention(2048, 1, 32, 128)_dtype_BFLOAT8_B_layout_TILE.tensorbin of shape Shape([2048, 1, 32, 128])
2026-09-02 20:56:09.686 | DEBUG    | core:as_tensor:724 - Loaded cache for /localdev/gwang/tt_transformers/model_cache/llama33_70b/T3K/empty_kcache_paged_attention(2048, 1, 32, 128)_dtype_BFLOAT8_B_layout_TILE.tensorbin of shape Shape([2048, 1, 32, 128])
2026-09-02 20:56:09.689 | DEBUG    | core:as_tensor:724 - Loaded cache for /localdev/gwang/tt_transformers/model_cache/llama33_70b/T3K/empty_vcache_paged_attention(2048, 1, 32, 128)_dtype_BFLOAT8_B_layout_TILE.tensorbin of shape Shape([2048, 1, 32, 128])
2026-09-02 20:56:09.692 | DEBUG    | core:as_tensor:724 - Loaded cache for /localdev/gwang/tt_transformers/model_cache/llama33_70b/T3K/empty_kcache_paged_attention(2048, 1, 32, 128)_dtype_BFLOAT8_B_layout_TILE.tensorbin of shape Shape([2048, 1, 32, 128])
2026-09-02 20:56:09.695 | DEBUG    | core:as_tensor:724 - Loaded cache for /localdev/gwang/tt_transformers/model_cache/llama33_70b/T3K/empty_vcache_paged_attention(2048, 1, 32, 128)_dtype_BFLOAT8_B_layout_TILE.tensorbin of shape Shape([2048, 1, 32, 128])
2026-09-02 20:56:15.740 | DEBUG    | core:as_tensor:724 - Loaded cache for /localdev/gwang/tt_transformers/model_cache/llama33_70b/T3K/empty_kcache_paged_attention(2048, 1, 32, 128)_dtype_BFLOAT8_B_layout_TILE.tensorbin of shape Shape([2048, 1, 32, 128])
2026-09-02 20:56:15.743 | DEBUG    | core:as_tensor:724 - Loaded cache for /localdev/gwang/tt_transformers/model_cache/llama33_70b/T3K/empty_vcache_paged_attention(2048, 1, 32, 128)_dtype_BFLOAT8_B_layout_TILE.tensorbin of shape Shape([2048, 1, 32, 128])
2026-09-02 20:56:15.747 | DEBUG    | core:as_tensor:724 - Loaded cache for /localdev/gwang/tt_transformers/model_cache/llama33_70b/T3K/empty_kcache_paged_attention(2048, 1, 32, 128)_dtype_BFLOAT8_B_layout_TILE.tensorbin of shape Shape([2048, 1, 32, 128])
2026-09-02 20:56:15.750 | DEBUG    | core:as_tensor:724 - Loaded cache for /localdev/gwang/tt_transformers/model_cache/llama33_70b/T3K/empty_vcache_paged_attention(2048, 1, 32, 128)_dtype_BFLOAT8_B_layout_TILE.tensorbin of shape Shape([2048, 1, 32, 128])
2026-09-02 20:56:15.753 | DEBUG    | core:as_tensor:724 - Loaded cache for /localdev/gwang/tt_transformers/model_cache/llama33_70b/T3K/empty_kcache_paged_attention(2048, 1, 32, 128)_dtype_BFLOAT8_B_layout_TILE.tensorbin of shape Shape([2048, 1, 32, 128])
2026-09-02 20:56:15.756 | DEBUG    | core:as_tensor:724 - Loaded cache for /localdev/gwang/tt_transformers/model_cache/llama33_70b/T3K/empty_vcache_paged_attention(2048, 1, 32, 128)_dtype_BFLOAT8_B_layout_TILE.tensorbin of shape Shape([2048, 1, 32, 128])
2026-09-02 20:56:15.759 | DEBUG    | core:as_tensor:724 - Loaded cache for /localdev/gwang/tt_transformers/model_cache/llama33_70b/T3K/empty_kcache_paged_attention(2048, 1, 32, 128)_dtype_BFLOAT8_B_layout_TILE.tensorbin of shape Shape([2048, 1, 32, 128])
2026-09-02 20:56:15.762 | DEBUG    | core:as_tensor:724 - Loaded cache for /localdev/gwang/tt_transformers/model_cache/llama33_70b/T3K/empty_vcache_paged_attention(2048, 1, 32, 128)_dtype_BFLOAT8_B_layout_TILE.tensorbin of shape Shape([2048, 1, 32, 128])
2026-09-02 20:56:15.765 | DEBUG    | core:as_tensor:724 - Loaded cache for /localdev/gwang/tt_transformers/model_cache/llama33_70b/T3K/empty_kcache_paged_attention(2048, 1, 32, 128)_dtype_BFLOAT8_B_layout_TILE.tensorbin of shape Shape([2048, 1, 32, 128])
2026-09-02 20:56:15.768 | DEBUG    | core:as_tensor:724 - Loaded cache for /localdev/gwang/tt_transformers/model_cache/llama33_70b/T3K/empty_vcache_paged_attention(2048, 1, 32, 128)_dtype_BFLOAT8_B_layout_TILE.tensorbin of shape Shape([2048, 1, 32, 128])
2026-09-02 20:56:15.771 | DEBUG    | core:as_tensor:724 - Loaded cache for /localdev/gwang/tt_transformers/model_cache/llama33_70b/T3K/empty_kcache_paged_attention(2048, 1, 32, 128)_dtype_BFLOAT8_B_layout_TILE.tensorbin of shape Shape([2048, 1, 32, 128])
2026-09-02 20:56:15.775 | DEBUG    | core:as_tensor:724 - Loaded cache for /localdev/gwang/tt_transformers/model_cache/llama33_70b/T3K/empty_vcache_paged_attention(2048, 1, 32, 128)_dtype_BFLOAT8_B_layout_TILE.tensorbin of shape Shape([2048, 1, 32, 128])
2026-09-02 20:56:15.778 | DEBUG    | core:as_tensor:724 - Loaded cache for /localdev/gwang/tt_transformers/model_cache/llama33_70b/T3K/empty_kcache_paged_attention(2048, 1, 32, 128)_dtype_BFLOAT8_B_layout_TILE.tensorbin of shape Shape([2048, 1, 32, 128])
2026-09-02 20:56:15.781 | DEBUG    | core:as_tensor:724 - Loaded cache for /localdev/gwang/tt_transformers/model_cache/llama33_70b/T3K/empty_vcache_paged_attention(2048, 1, 32, 128)_dtype_BFLOAT8_B_layout_TILE.tensorbin of shape Shape([2048, 1, 32, 128])
2026-09-02 20:56:15.784 | DEBUG    | core:as_tensor:724 - Loaded cache for /localdev/gwang/tt_transformers/model_cache/llama33_70b/T3K/empty_kcache_paged_attention(2048, 1, 32, 128)_dtype_BFLOAT8_B_layout_TILE.tensorbin of shape Shape([2048, 1, 32, 128])
2026-09-02 20:56:15.787 | DEBUG    | core:as_tensor:724 - Loaded cache for /localdev/gwang/tt_transformers/model_cache/llama33_70b/T3K/empty_vcache_paged_attention(2048, 1, 32, 128)_dtype_BFLOAT8_B_layout_TILE.tensorbin of shape Shape([2048, 1, 32, 128])
2026-09-02 20:56:15.790 | DEBUG    | core:as_tensor:724 - Loaded cache for /localdev/gwang/tt_transformers/model_cache/llama33_70b/T3K/empty_kcache_paged_attention(2048, 1, 32, 128)_dtype_BFLOAT8_B_layout_TILE.tensorbin of shape Shape([2048, 1, 32, 128])
2026-09-02 20:56:15.793 | DEBUG    | core:as_tensor:724 - Loaded cache for /localdev/gwang/tt_transformers/model_cache/llama33_70b/T3K/empty_vcache_paged_attention(2048, 1, 32, 128)_dtype_BFLOAT8_B_layout_TILE.tensorbin of shape Shape([2048, 1, 32, 128])
2026-09-02 20:56:15.796 | DEBUG    | core:as_tensor:724 - Loaded cache for /localdev/gwang/tt_transformers/model_cache/llama33_70b/T3K/empty_kcache_paged_attention(2048, 1, 32, 128)_dtype_BFLOAT8_B_layout_TILE.tensorbin of shape Shape([2048, 1, 32, 128])
2026-09-02 20:56:15.799 | DEBUG    | core:as_tensor:724 - Loaded cache for /localdev/gwang/tt_transformers/model_cache/llama33_70b/T3K/empty_vcache_paged_attention(2048, 1, 32, 128)_dtype_BFLOAT8_B_layout_TILE.tensorbin of shape Shape([2048, 1, 32, 128])
2026-09-02 20:56:15.803 | DEBUG    | core:as_tensor:724 - Loaded cache for /localdev/gwang/tt_transformers/model_cache/llama33_70b/T3K/empty_kcache_paged_attention(2048, 1, 32, 128)_dtype_BFLOAT8_B_layout_TILE.tensorbin of shape Shape([2048, 1, 32, 128])
2026-09-02 20:56:15.806 | DEBUG    | core:as_tensor:724 - Loaded cache for /localdev/gwang/tt_transformers/model_cache/llama33_70b/T3K/empty_vcache_paged_attention(2048, 1, 32, 128)_dtype_BFLOAT8_B_layout_TILE.tensorbin of shape Shape([2048, 1, 32, 128])
2026-09-02 20:56:15.809 | DEBUG    | core:as_tensor:724 - Loaded cache for /localdev/gwang/tt_transformers/model_cache/llama33_70b/T3K/empty_kcache_paged_attention(2048, 1, 32, 128)_dtype_BFLOAT8_B_layout_TILE.tensorbin of shape Shape([2048, 1, 32, 128])
2026-09-02 20:56:15.812 | DEBUG    | core:as_tensor:724 - Loaded cache for /localdev/gwang/tt_transformers/model_cache/llama33_70b/T3K/empty_vcache_paged_attention(2048, 1, 32, 128)_dtype_BFLOAT8_B_layout_TILE.tensorbin of shape Shape([2048, 1, 32, 128])
2026-09-02 20:56:15.815 | DEBUG    | core:as_tensor:724 - Loaded cache for /localdev/gwang/tt_transformers/model_cache/llama33_70b/T3K/empty_kcache_paged_attention(2048, 1, 32, 128)_dtype_BFLOAT8_B_layout_TILE.tensorbin of shape Shape([2048, 1, 32, 128])
2026-09-02 20:56:15.818 | DEBUG    | core:as_tensor:724 - Loaded cache for /localdev/gwang/tt_transformers/model_cache/llama33_70b/T3K/empty_vcache_paged_attention(2048, 1, 32, 128)_dtype_BFLOAT8_B_layout_TILE.tensorbin of shape Shape([2048, 1, 32, 128])
2026-09-02 20:56:15.821 | DEBUG    | core:as_tensor:724 - Loaded cache for /localdev/gwang/tt_transformers/model_cache/llama33_70b/T3K/empty_kcache_paged_attention(2048, 1, 32, 128)_dtype_BFLOAT8_B_layout_TILE.tensorbin of shape Shape([2048, 1, 32, 128])
2026-09-02 20:56:15.824 | DEBUG    | core:as_tensor:724 - Loaded cache for /localdev/gwang/tt_transformers/model_cache/llama33_70b/T3K/empty_vcache_paged_attention(2048, 1, 32, 128)_dtype_BFLOAT8_B_layout_TILE.tensorbin of shape Shape([2048, 1, 32, 128])
2026-09-02 20:56:15.827 | DEBUG    | core:as_tensor:724 - Loaded cache for /localdev/gwang/tt_transformers/model_cache/llama33_70b/T3K/empty_kcache_paged_attention(2048, 1, 32, 128)_dtype_BFLOAT8_B_layout_TILE.tensorbin of shape Shape([2048, 1, 32, 128])
2026-09-02 20:56:15.830 | DEBUG    | core:as_tensor:724 - Loaded cache for /localdev/gwang/tt_transformers/model_cache/llama33_70b/T3K/empty_vcache_paged_attention(2048, 1, 32, 128)_dtype_BFLOAT8_B_layout_TILE.tensorbin of shape Shape([2048, 1, 32, 128])
2026-09-02 20:56:15.833 | DEBUG    | core:as_tensor:724 - Loaded cache for /localdev/gwang/tt_transformers/model_cache/llama33_70b/T3K/empty_kcache_paged_attention(2048, 1, 32, 128)_dtype_BFLOAT8_B_layout_TILE.tensorbin of shape Shape([2048, 1, 32, 128])
2026-09-02 20:56:15.836 | DEBUG    | core:as_tensor:724 - Loaded cache for /localdev/gwang/tt_transformers/model_cache/llama33_70b/T3K/empty_vcache_paged_attention(2048, 1, 32, 128)_dtype_BFLOAT8_B_layout_TILE.tensorbin of shape Shape([2048, 1, 32, 128])
2026-09-02 20:56:15.840 | DEBUG    | core:as_tensor:724 - Loaded cache for /localdev/gwang/tt_transformers/model_cache/llama33_70b/T3K/empty_kcache_paged_attention(2048, 1, 32, 128)_dtype_BFLOAT8_B_layout_TILE.tensorbin of shape Shape([2048, 1, 32, 128])
2026-09-02 20:56:15.843 | DEBUG    | core:as_tensor:724 - Loaded cache for /localdev/gwang/tt_transformers/model_cache/llama33_70b/T3K/empty_vcache_paged_attention(2048, 1, 32, 128)_dtype_BFLOAT8_B_layout_TILE.tensorbin of shape Shape([2048, 1, 32, 128])
2026-09-02 20:56:15.846 | DEBUG    | core:as_tensor:724 - Loaded cache for /localdev/gwang/tt_transformers/model_cache/llama33_70b/T3K/empty_kcache_paged_attention(2048, 1, 32, 128)_dtype_BFLOAT8_B_layout_TILE.tensorbin of shape Shape([2048, 1, 32, 128])
2026-09-02 20:56:15.849 | DEBUG    | core:as_tensor:724 - Loaded cache for /localdev/gwang/tt_transformers/model_cache/llama33_70b/T3K/empty_vcache_paged_attention(2048, 1, 32, 128)_dtype_BFLOAT8_B_layout_TILE.tensorbin of shape Shape([2048, 1, 32, 128])
2026-09-02 20:56:15.852 | DEBUG    | core:as_tensor:724 - Loaded cache for /localdev/gwang/tt_transformers/model_cache/llama33_70b/T3K/empty_kcache_paged_attention(2048, 1, 32, 128)_dtype_BFLOAT8_B_layout_TILE.tensorbin of shape Shape([2048, 1, 32, 128])
2026-09-02 20:56:15.855 | DEBUG    | core:as_tensor:724 - Loaded cache for /localdev/gwang/tt_transformers/model_cache/llama33_70b/T3K/empty_vcache_paged_attention(2048, 1, 32, 128)_dtype_BFLOAT8_B_layout_TILE.tensorbin of shape Shape([2048, 1, 32, 128])
2026-09-02 20:56:15.858 | DEBUG    | core:as_tensor:724 - Loaded cache for /localdev/gwang/tt_transformers/model_cache/llama33_70b/T3K/empty_kcache_paged_attention(2048, 1, 32, 128)_dtype_BFLOAT8_B_layout_TILE.tensorbin of shape Shape([2048, 1, 32, 128])
2026-09-02 20:56:15.861 | DEBUG    | core:as_tensor:724 - Loaded cache for /localdev/gwang/tt_transformers/model_cache/llama33_70b/T3K/empty_vcache_paged_attention(2048, 1, 32, 128)_dtype_BFLOAT8_B_layout_TILE.tensorbin of shape Shape([2048, 1, 32, 128])
2026-09-02 20:56:15.864 | DEBUG    | core:as_tensor:724 - Loaded cache for /localdev/gwang/tt_transformers/model_cache/llama33_70b/T3K/empty_kcache_paged_attention(2048, 1, 32, 128)_dtype_BFLOAT8_B_layout_TILE.tensorbin of shape Shape([2048, 1, 32, 128])
2026-09-02 20:56:15.867 | DEBUG    | core:as_tensor:724 - Loaded cache for /localdev/gwang/tt_transformers/model_cache/llama33_70b/T3K/empty_vcache_paged_attention(2048, 1, 32, 128)_dtype_BFLOAT8_B_layout_TILE.tensorbin of shape Shape([2048, 1, 32, 128])
2026-09-02 20:56:15.870 | DEBUG    | core:as_tensor:724 - Loaded cache for /localdev/gwang/tt_transformers/model_cache/llama33_70b/T3K/empty_kcache_paged_attention(2048, 1, 32, 128)_dtype_BFLOAT8_B_layout_TILE.tensorbin of shape Shape([2048, 1, 32, 128])
2026-09-02 20:56:15.873 | DEBUG    | core:as_tensor:724 - Loaded cache for /localdev/gwang/tt_transformers/model_cache/llama33_70b/T3K/empty_vcache_paged_attention(2048, 1, 32, 128)_dtype_BFLOAT8_B_layout_TILE.tensorbin of shape Shape([2048, 1, 32, 128])
2026-09-02 20:56:15.876 | DEBUG    | core:as_tensor:724 - Loaded cache for /localdev/gwang/tt_transformers/model_cache/llama33_70b/T3K/empty_kcache_paged_attention(2048, 1, 32, 128)_dtype_BFLOAT8_B_layout_TILE.tensorbin of shape Shape([2048, 1, 32, 128])
2026-09-02 20:56:15.880 | DEBUG    | core:as_tensor:724 - Loaded cache for /localdev/gwang/tt_transformers/model_cache/llama33_70b/T3K/empty_vcache_paged_attention(2048, 1, 32, 128)_dtype_BFLOAT8_B_layout_TILE.tensorbin of shape Shape([2048, 1, 32, 128])
2026-09-02 20:56:15.883 | DEBUG    | core:as_tensor:724 - Loaded cache for /localdev/gwang/tt_transformers/model_cache/llama33_70b/T3K/empty_kcache_paged_attention(2048, 1, 32, 128)_dtype_BFLOAT8_B_layout_TILE.tensorbin of shape Shape([2048, 1, 32, 128])
2026-09-02 20:56:15.886 | DEBUG    | core:as_tensor:724 - Loaded cache for /localdev/gwang/tt_transformers/model_cache/llama33_70b/T3K/empty_vcache_paged_attention(2048, 1, 32, 128)_dtype_BFLOAT8_B_layout_TILE.tensorbin of shape Shape([2048, 1, 32, 128])
2026-09-02 20:56:15.890 | DEBUG    | core:as_tensor:724 - Loaded cache for /localdev/gwang/tt_transformers/model_cache/llama33_70b/T3K/empty_kcache_paged_attention(2048, 1, 32, 128)_dtype_BFLOAT8_B_layout_TILE.tensorbin of shape Shape([2048, 1, 32, 128])
2026-09-02 20:56:15.893 | DEBUG    | core:as_tensor:724 - Loaded cache for /localdev/gwang/tt_transformers/model_cache/llama33_70b/T3K/empty_vcache_paged_attention(2048, 1, 32, 128)_dtype_BFLOAT8_B_layout_TILE.tensorbin of shape Shape([2048, 1, 32, 128])
2026-09-02 20:56:15.896 | DEBUG    | core:as_tensor:724 - Loaded cache for /localdev/gwang/tt_transformers/model_cache/llama33_70b/T3K/empty_kcache_paged_attention(2048, 1, 32, 128)_dtype_BFLOAT8_B_layout_TILE.tensorbin of shape Shape([2048, 1, 32, 128])
2026-09-02 20:56:15.899 | DEBUG    | core:as_tensor:724 - Loaded cache for /localdev/gwang/tt_transformers/model_cache/llama33_70b/T3K/empty_vcache_paged_attention(2048, 1, 32, 128)_dtype_BFLOAT8_B_layout_TILE.tensorbin of shape Shape([2048, 1, 32, 128])
2026-09-02 20:56:15.902 | DEBUG    | core:as_tensor:724 - Loaded cache for /localdev/gwang/tt_transformers/model_cache/llama33_70b/T3K/empty_kcache_paged_attention(2048, 1, 32, 128)_dtype_BFLOAT8_B_layout_TILE.tensorbin of shape Shape([2048, 1, 32, 128])
2026-09-02 20:56:15.906 | DEBUG    | core:as_tensor:724 - Loaded cache for /localdev/gwang/tt_transformers/model_cache/llama33_70b/T3K/empty_vcache_paged_attention(2048, 1, 32, 128)_dtype_BFLOAT8_B_layout_TILE.tensorbin of shape Shape([2048, 1, 32, 128])
2026-09-02 20:56:15.911 | DEBUG    | core:as_tensor:724 - Loaded cache for /localdev/gwang/tt_transformers/model_cache/llama33_70b/T3K/empty_kcache_paged_attention(2048, 1, 32, 128)_dtype_BFLOAT8_B_layout_TILE.tensorbin of shape Shape([2048, 1, 32, 128])
2026-09-02 20:56:15.914 | DEBUG    | core:as_tensor:724 - Loaded cache for /localdev/gwang/tt_transformers/model_cache/llama33_70b/T3K/empty_vcache_paged_attention(2048, 1, 32, 128)_dtype_BFLOAT8_B_layout_TILE.tensorbin of shape Shape([2048, 1, 32, 128])
2026-09-02 20:56:15.917 | DEBUG    | core:as_tensor:724 - Loaded cache for /localdev/gwang/tt_transformers/model_cache/llama33_70b/T3K/empty_kcache_paged_attention(2048, 1, 32, 128)_dtype_BFLOAT8_B_layout_TILE.tensorbin of shape Shape([2048, 1, 32, 128])
2026-09-02 20:56:15.920 | DEBUG    | core:as_tensor:724 - Loaded cache for /localdev/gwang/tt_transformers/model_cache/llama33_70b/T3K/empty_vcache_paged_attention(2048, 1, 32, 128)_dtype_BFLOAT8_B_layout_TILE.tensorbin of shape Shape([2048, 1, 32, 128])
2026-09-02 20:56:15.924 | DEBUG    | core:as_tensor:724 - Loaded cache for /localdev/gwang/tt_transformers/model_cache/llama33_70b/T3K/empty_kcache_paged_attention(2048, 1, 32, 128)_dtype_BFLOAT8_B_layout_TILE.tensorbin of shape Shape([2048, 1, 32, 128])
2026-09-02 20:56:15.927 | DEBUG    | core:as_tensor:724 - Loaded cache for /localdev/gwang/tt_transformers/model_cache/llama33_70b/T3K/empty_vcache_paged_attention(2048, 1, 32, 128)_dtype_BFLOAT8_B_layout_TILE.tensorbin of shape Shape([2048, 1, 32, 128])
2026-09-02 20:56:15.930 | DEBUG    | core:as_tensor:724 - Loaded cache for /localdev/gwang/tt_transformers/model_cache/llama33_70b/T3K/empty_kcache_paged_attention(2048, 1, 32, 128)_dtype_BFLOAT8_B_layout_TILE.tensorbin of shape Shape([2048, 1, 32, 128])
2026-09-02 20:56:15.933 | DEBUG    | core:as_tensor:724 - Loaded cache for /localdev/gwang/tt_transformers/model_cache/llama33_70b/T3K/empty_vcache_paged_attention(2048, 1, 32, 128)_dtype_BFLOAT8_B_layout_TILE.tensorbin of shape Shape([2048, 1, 32, 128])
2026-09-02 20:56:15.936 | DEBUG    | core:as_tensor:724 - Loaded cache for /localdev/gwang/tt_transformers/model_cache/llama33_70b/T3K/empty_kcache_paged_attention(2048, 1, 32, 128)_dtype_BFLOAT8_B_layout_TILE.tensorbin of shape Shape([2048, 1, 32, 128])
2026-09-02 20:56:15.939 | DEBUG    | core:as_tensor:724 - Loaded cache for /localdev/gwang/tt_transformers/model_cache/llama33_70b/T3K/empty_vcache_paged_attention(2048, 1, 32, 128)_dtype_BFLOAT8_B_layout_TILE.tensorbin of shape Shape([2048, 1, 32, 128])
2026-09-02 20:56:15.942 | DEBUG    | core:as_tensor:724 - Loaded cache for /localdev/gwang/tt_transformers/model_cache/llama33_70b/T3K/empty_kcache_paged_attention(2048, 1, 32, 128)_dtype_BFLOAT8_B_layout_TILE.tensorbin of shape Shape([2048, 1, 32, 128])
2026-09-02 20:56:15.945 | DEBUG    | core:as_tensor:724 - Loaded cache for /localdev/gwang/tt_transformers/model_cache/llama33_70b/T3K/empty_vcache_paged_attention(2048, 1, 32, 128)_dtype_BFLOAT8_B_layout_TILE.tensorbin of shape Shape([2048, 1, 32, 128])
2026-09-02 20:56:15.948 | DEBUG    | core:as_tensor:724 - Loaded cache for /localdev/gwang/tt_transformers/model_cache/llama33_70b/T3K/empty_kcache_paged_attention(2048, 1, 32, 128)_dtype_BFLOAT8_B_layout_TILE.tensorbin of shape Shape([2048, 1, 32, 128])
2026-09-02 20:56:15.951 | DEBUG    | core:as_tensor:724 - Loaded cache for /localdev/gwang/tt_transformers/model_cache/llama33_70b/T3K/empty_vcache_paged_attention(2048, 1, 32, 128)_dtype_BFLOAT8_B_layout_TILE.tensorbin of shape Shape([2048, 1, 32, 128])
2026-09-02 20:56:15.954 | DEBUG    | core:as_tensor:724 - Loaded cache for /localdev/gwang/tt_transformers/model_cache/llama33_70b/T3K/empty_kcache_paged_attention(2048, 1, 32, 128)_dtype_BFLOAT8_B_layout_TILE.tensorbin of shape Shape([2048, 1, 32, 128])
2026-09-02 20:56:15.958 | DEBUG    | core:as_tensor:724 - Loaded cache for /localdev/gwang/tt_transformers/model_cache/llama33_70b/T3K/empty_vcache_paged_attention(2048, 1, 32, 128)_dtype_BFLOAT8_B_layout_TILE.tensorbin of shape Shape([2048, 1, 32, 128])
2026-09-02 20:56:15.961 | DEBUG    | core:as_tensor:724 - Loaded cache for /localdev/gwang/tt_transformers/model_cache/llama33_70b/T3K/empty_kcache_paged_attention(2048, 1, 32, 128)_dtype_BFLOAT8_B_layout_TILE.tensorbin of shape Shape([2048, 1, 32, 128])
2026-09-02 20:56:15.964 | DEBUG    | core:as_tensor:724 - Loaded cache for /localdev/gwang/tt_transformers/model_cache/llama33_70b/T3K/empty_vcache_paged_attention(2048, 1, 32, 128)_dtype_BFLOAT8_B_layout_TILE.tensorbin of shape Shape([2048, 1, 32, 128])
2026-09-02 20:56:15.967 | DEBUG    | core:as_tensor:724 - Loaded cache for /localdev/gwang/tt_transformers/model_cache/llama33_70b/T3K/empty_kcache_paged_attention(2048, 1, 32, 128)_dtype_BFLOAT8_B_layout_TILE.tensorbin of shape Shape([2048, 1, 32, 128])
2026-09-02 20:56:15.970 | DEBUG    | core:as_tensor:724 - Loaded cache for /localdev/gwang/tt_transformers/model_cache/llama33_70b/T3K/empty_vcache_paged_attention(2048, 1, 32, 128)_dtype_BFLOAT8_B_layout_TILE.tensorbin of shape Shape([2048, 1, 32, 128])
2026-09-02 20:56:15.973 | DEBUG    | core:as_tensor:724 - Loaded cache for /localdev/gwang/tt_transformers/model_cache/llama33_70b/T3K/empty_kcache_paged_attention(2048, 1, 32, 128)_dtype_BFLOAT8_B_layout_TILE.tensorbin of shape Shape([2048, 1, 32, 128])
2026-09-02 20:56:15.976 | DEBUG    | core:as_tensor:724 - Loaded cache for /localdev/gwang/tt_transformers/model_cache/llama33_70b/T3K/empty_vcache_paged_attention(2048, 1, 32, 128)_dtype_BFLOAT8_B_layout_TILE.tensorbin of shape Shape([2048, 1, 32, 128])
2026-09-02 20:56:15.979 | DEBUG    | core:as_tensor:724 - Loaded cache for /localdev/gwang/tt_transformers/model_cache/llama33_70b/T3K/empty_kcache_paged_attention(2048, 1, 32, 128)_dtype_BFLOAT8_B_layout_TILE.tensorbin of shape Shape([2048, 1, 32, 128])
2026-09-02 20:56:15.983 | DEBUG    | core:as_tensor:724 - Loaded cache for /localdev/gwang/tt_transformers/model_cache/llama33_70b/T3K/empty_vcache_paged_attention(2048, 1, 32, 128)_dtype_BFLOAT8_B_layout_TILE.tensorbin of shape Shape([2048, 1, 32, 128])
2026-09-02 20:56:15.986 | DEBUG    | core:as_tensor:724 - Loaded cache for /localdev/gwang/tt_transformers/model_cache/llama33_70b/T3K/empty_kcache_paged_attention(2048, 1, 32, 128)_dtype_BFLOAT8_B_layout_TILE.tensorbin of shape Shape([2048, 1, 32, 128])
2026-09-02 20:56:15.989 | DEBUG    | core:as_tensor:724 - Loaded cache for /localdev/gwang/tt_transformers/model_cache/llama33_70b/T3K/empty_vcache_paged_attention(2048, 1, 32, 128)_dtype_BFLOAT8_B_layout_TILE.tensorbin of shape Shape([2048, 1, 32, 128])
2026-09-02 20:56:15.992 | DEBUG    | core:as_tensor:724 - Loaded cache for /localdev/gwang/tt_transformers/model_cache/llama33_70b/T3K/empty_kcache_paged_attention(2048, 1, 32, 128)_dtype_BFLOAT8_B_layout_TILE.tensorbin of shape Shape([2048, 1, 32, 128])
2026-09-02 20:56:15.995 | DEBUG    | core:as_tensor:724 - Loaded cache for /localdev/gwang/tt_transformers/model_cache/llama33_70b/T3K/empty_vcache_paged_attention(2048, 1, 32, 128)_dtype_BFLOAT8_B_layout_TILE.tensorbin of shape Shape([2048, 1, 32, 128])
2026-09-02 20:56:15.998 | DEBUG    | core:as_tensor:724 - Loaded cache for /localdev/gwang/tt_transformers/model_cache/llama33_70b/T3K/empty_kcache_paged_attention(2048, 1, 32, 128)_dtype_BFLOAT8_B_layout_TILE.tensorbin of shape Shape([2048, 1, 32, 128])
2026-09-02 20:56:16.001 | DEBUG    | core:as_tensor:724 - Loaded cache for /localdev/gwang/tt_transformers/model_cache/llama33_70b/T3K/empty_vcache_paged_attention(2048, 1, 32, 128)_dtype_BFLOAT8_B_layout_TILE.tensorbin of shape Shape([2048, 1, 32, 128])
2026-09-02 20:56:16.004 | DEBUG    | core:as_tensor:724 - Loaded cache for /localdev/gwang/tt_transformers/model_cache/llama33_70b/T3K/empty_kcache_paged_attention(2048, 1, 32, 128)_dtype_BFLOAT8_B_layout_TILE.tensorbin of shape Shape([2048, 1, 32, 128])
2026-09-02 20:56:16.007 | DEBUG    | core:as_tensor:724 - Loaded cache for /localdev/gwang/tt_transformers/model_cache/llama33_70b/T3K/empty_vcache_paged_attention(2048, 1, 32, 128)_dtype_BFLOAT8_B_layout_TILE.tensorbin of shape Shape([2048, 1, 32, 128])
2026-09-02 20:56:16.010 | DEBUG    | core:as_tensor:724 - Loaded cache for /localdev/gwang/tt_transformers/model_cache/llama33_70b/T3K/empty_kcache_paged_attention(2048, 1, 32, 128)_dtype_BFLOAT8_B_layout_TILE.tensorbin of shape Shape([2048, 1, 32, 128])
2026-09-02 20:56:16.013 | DEBUG    | core:as_tensor:724 - Loaded cache for /localdev/gwang/tt_transformers/model_cache/llama33_70b/T3K/empty_vcache_paged_attention(2048, 1, 32, 128)_dtype_BFLOAT8_B_layout_TILE.tensorbin of shape Shape([2048, 1, 32, 128])
2026-09-02 20:56:16.016 | DEBUG    | core:as_tensor:724 - Loaded cache for /localdev/gwang/tt_transformers/model_cache/llama33_70b/T3K/empty_kcache_paged_attention(2048, 1, 32, 128)_dtype_BFLOAT8_B_layout_TILE.tensorbin of shape Shape([2048, 1, 32, 128])
2026-09-02 20:56:16.019 | DEBUG    | core:as_tensor:724 - Loaded cache for /localdev/gwang/tt_transformers/model_cache/llama33_70b/T3K/empty_vcache_paged_attention(2048, 1, 32, 128)_dtype_BFLOAT8_B_layout_TILE.tensorbin of shape Shape([2048, 1, 32, 128])
2026-09-02 20:56:16.023 | DEBUG    | core:as_tensor:724 - Loaded cache for /localdev/gwang/tt_transformers/model_cache/llama33_70b/T3K/empty_kcache_paged_attention(2048, 1, 32, 128)_dtype_BFLOAT8_B_layout_TILE.tensorbin of shape Shape([2048, 1, 32, 128])
2026-09-02 20:56:16.026 | DEBUG    | core:as_tensor:724 - Loaded cache for /localdev/gwang/tt_transformers/model_cache/llama33_70b/T3K/empty_vcache_paged_attention(2048, 1, 32, 128)_dtype_BFLOAT8_B_layout_TILE.tensorbin of shape Shape([2048, 1, 32, 128])
2026-09-02 20:56:16.029 | DEBUG    | core:as_tensor:724 - Loaded cache for /localdev/gwang/tt_transformers/model_cache/llama33_70b/T3K/empty_kcache_paged_attention(2048, 1, 32, 128)_dtype_BFLOAT8_B_layout_TILE.tensorbin of shape Shape([2048, 1, 32, 128])
2026-09-02 20:56:16.032 | DEBUG    | core:as_tensor:724 - Loaded cache for /localdev/gwang/tt_transformers/model_cache/llama33_70b/T3K/empty_vcache_paged_attention(2048, 1, 32, 128)_dtype_BFLOAT8_B_layout_TILE.tensorbin of shape Shape([2048, 1, 32, 128])
2026-09-02 20:56:16.035 | DEBUG    | core:as_tensor:724 - Loaded cache for /localdev/gwang/tt_transformers/model_cache/llama33_70b/T3K/empty_kcache_paged_attention(2048, 1, 32, 128)_dtype_BFLOAT8_B_layout_TILE.tensorbin of shape Shape([2048, 1, 32, 128])
2026-09-02 20:56:16.038 | DEBUG    | core:as_tensor:724 - Loaded cache for /localdev/gwang/tt_transformers/model_cache/llama33_70b/T3K/empty_vcache_paged_attention(2048, 1, 32, 128)_dtype_BFLOAT8_B_layout_TILE.tensorbin of shape Shape([2048, 1, 32, 128])
2026-09-02 20:56:16.041 | DEBUG    | core:as_tensor:724 - Loaded cache for /localdev/gwang/tt_transformers/model_cache/llama33_70b/T3K/empty_kcache_paged_attention(2048, 1, 32, 128)_dtype_BFLOAT8_B_layout_TILE.tensorbin of shape Shape([2048, 1, 32, 128])
2026-09-02 20:56:16.044 | DEBUG    | core:as_tensor:724 - Loaded cache for /localdev/gwang/tt_transformers/model_cache/llama33_70b/T3K/empty_vcache_paged_attention(2048, 1, 32, 128)_dtype_BFLOAT8_B_layout_TILE.tensorbin of shape Shape([2048, 1, 32, 128])
2026-09-02 20:56:16.047 | DEBUG    | core:as_tensor:724 - Loaded cache for /localdev/gwang/tt_transformers/model_cache/llama33_70b/T3K/empty_kcache_paged_attention(2048, 1, 32, 128)_dtype_BFLOAT8_B_layout_TILE.tensorbin of shape Shape([2048, 1, 32, 128])
2026-09-02 20:56:16.050 | DEBUG    | core:as_tensor:724 - Loaded cache for /localdev/gwang/tt_transformers/model_cache/llama33_70b/T3K/empty_vcache_paged_attention(2048, 1, 32, 128)_dtype_BFLOAT8_B_layout_TILE.tensorbin of shape Shape([2048, 1, 32, 128])
2026-09-02 20:56:16.053 | DEBUG    | core:as_tensor:724 - Loaded cache for /localdev/gwang/tt_transformers/model_cache/llama33_70b/T3K/empty_kcache_paged_attention(2048, 1, 32, 128)_dtype_BFLOAT8_B_layout_TILE.tensorbin of shape Shape([2048, 1, 32, 128])
2026-09-02 20:56:16.056 | DEBUG    | core:as_tensor:724 - Loaded cache for /localdev/gwang/tt_transformers/model_cache/llama33_70b/T3K/empty_vcache_paged_attention(2048, 1, 32, 128)_dtype_BFLOAT8_B_layout_TILE.tensorbin of shape Shape([2048, 1, 32, 128])
2026-09-02 20:56:16.059 | DEBUG    | core:as_tensor:724 - Loaded cache for /localdev/gwang/tt_transformers/model_cache/llama33_70b/T3K/empty_kcache_paged_attention(2048, 1, 32, 128)_dtype_BFLOAT8_B_layout_TILE.tensorbin of shape Shape([2048, 1, 32, 128])
2026-09-02 20:56:16.063 | DEBUG    | core:as_tensor:724 - Loaded cache for /localdev/gwang/tt_transformers/model_cache/llama33_70b/T3K/empty_vcache_paged_attention(2048, 1, 32, 128)_dtype_BFLOAT8_B_layout_TILE.tensorbin of shape Shape([2048, 1, 32, 128])
2026-09-02 20:56:16.066 | DEBUG    | core:as_tensor:724 - Loaded cache for /localdev/gwang/tt_transformers/model_cache/llama33_70b/T3K/empty_kcache_paged_attention(2048, 1, 32, 128)_dtype_BFLOAT8_B_layout_TILE.tensorbin of shape Shape([2048, 1, 32, 128])
2026-09-02 20:56:16.069 | DEBUG    | core:as_tensor:724 - Loaded cache for /localdev/gwang/tt_transformers/model_cache/llama33_70b/T3K/empty_vcache_paged_attention(2048, 1, 32, 128)_dtype_BFLOAT8_B_layout_TILE.tensorbin of shape Shape([2048, 1, 32, 128])
2026-09-02 20:56:16.072 | DEBUG    | core:as_tensor:724 - Loaded cache for /localdev/gwang/tt_transformers/model_cache/llama33_70b/T3K/empty_kcache_paged_attention(2048, 1, 32, 128)_dtype_BFLOAT8_B_layout_TILE.tensorbin of shape Shape([2048, 1, 32, 128])
2026-09-02 20:56:16.075 | DEBUG    | core:as_tensor:724 - Loaded cache for /localdev/gwang/tt_transformers/model_cache/llama33_70b/T3K/empty_vcache_paged_attention(2048, 1, 32, 128)_dtype_BFLOAT8_B_layout_TILE.tensorbin of shape Shape([2048, 1, 32, 128])
2026-09-02 20:56:16.078 | DEBUG    | core:as_tensor:724 - Loaded cache for /localdev/gwang/tt_transformers/model_cache/llama33_70b/T3K/empty_kcache_paged_attention(2048, 1, 32, 128)_dtype_BFLOAT8_B_layout_TILE.tensorbin of shape Shape([2048, 1, 32, 128])
2026-09-02 20:56:16.081 | DEBUG    | core:as_tensor:724 - Loaded cache for /localdev/gwang/tt_transformers/model_cache/llama33_70b/T3K/empty_vcache_paged_attention(2048, 1, 32, 128)_dtype_BFLOAT8_B_layout_TILE.tensorbin of shape Shape([2048, 1, 32, 128])
2026-09-02 20:56:16.084 | DEBUG    | core:as_tensor:724 - Loaded cache for /localdev/gwang/tt_transformers/model_cache/llama33_70b/T3K/empty_kcache_paged_attention(2048, 1, 32, 128)_dtype_BFLOAT8_B_layout_TILE.tensorbin of shape Shape([2048, 1, 32, 128])
2026-09-02 20:56:16.087 | DEBUG    | core:as_tensor:724 - Loaded cache for /localdev/gwang/tt_transformers/model_cache/llama33_70b/T3K/empty_vcache_paged_attention(2048, 1, 32, 128)_dtype_BFLOAT8_B_layout_TILE.tensorbin of shape Shape([2048, 1, 32, 128])
2026-09-02 20:56:16.090 | DEBUG    | core:as_tensor:724 - Loaded cache for /localdev/gwang/tt_transformers/model_cache/llama33_70b/T3K/empty_kcache_paged_attention(2048, 1, 32, 128)_dtype_BFLOAT8_B_layout_TILE.tensorbin of shape Shape([2048, 1, 32, 128])
2026-09-02 20:56:16.093 | DEBUG    | core:as_tensor:724 - Loaded cache for /localdev/gwang/tt_transformers/model_cache/llama33_70b/T3K/empty_vcache_paged_attention(2048, 1, 32, 128)_dtype_BFLOAT8_B_layout_TILE.tensorbin of shape Shape([2048, 1, 32, 128])
2026-09-02 20:56:16.097 | DEBUG    | core:as_tensor:724 - Loaded cache for /localdev/gwang/tt_transformers/model_cache/llama33_70b/T3K/empty_kcache_paged_attention(2048, 1, 32, 128)_dtype_BFLOAT8_B_layout_TILE.tensorbin of shape Shape([2048, 1, 32, 128])
2026-09-02 20:56:16.100 | DEBUG    | core:as_tensor:724 - Loaded cache for /localdev/gwang/tt_transformers/model_cache/llama33_70b/T3K/empty_vcache_paged_attention(2048, 1, 32, 128)_dtype_BFLOAT8_B_layout_TILE.tensorbin of shape Shape([2048, 1, 32, 128])
2026-09-02 20:56:16.103 | DEBUG    | core:as_tensor:724 - Loaded cache for /localdev/gwang/tt_transformers/model_cache/llama33_70b/T3K/empty_kcache_paged_attention(2048, 1, 32, 128)_dtype_BFLOAT8_B_layout_TILE.tensorbin of shape Shape([2048, 1, 32, 128])
2026-09-02 20:56:16.106 | DEBUG    | core:as_tensor:724 - Loaded cache for /localdev/gwang/tt_transformers/model_cache/llama33_70b/T3K/empty_vcache_paged_attention(2048, 1, 32, 128)_dtype_BFLOAT8_B_layout_TILE.tensorbin of shape Shape([2048, 1, 32, 128])
2026-09-02 20:56:16.109 | DEBUG    | core:as_tensor:724 - Loaded cache for /localdev/gwang/tt_transformers/model_cache/llama33_70b/T3K/empty_kcache_paged_attention(2048, 1, 32, 128)_dtype_BFLOAT8_B_layout_TILE.tensorbin of shape Shape([2048, 1, 32, 128])
2026-09-02 20:56:16.112 | DEBUG    | core:as_tensor:724 - Loaded cache for /localdev/gwang/tt_transformers/model_cache/llama33_70b/T3K/empty_vcache_paged_attention(2048, 1, 32, 128)_dtype_BFLOAT8_B_layout_TILE.tensorbin of shape Shape([2048, 1, 32, 128])
2026-09-02 20:56:16.115 | DEBUG    | core:as_tensor:724 - Loaded cache for /localdev/gwang/tt_transformers/model_cache/llama33_70b/T3K/empty_kcache_paged_attention(2048, 1, 32, 128)_dtype_BFLOAT8_B_layout_TILE.tensorbin of shape Shape([2048, 1, 32, 128])
2026-09-02 20:56:16.118 | DEBUG    | core:as_tensor:724 - Loaded cache for /localdev/gwang/tt_transformers/model_cache/llama33_70b/T3K/empty_vcache_paged_attention(2048, 1, 32, 128)_dtype_BFLOAT8_B_layout_TILE.tensorbin of shape Shape([2048, 1, 32, 128])
2026-09-02 20:56:16.121 | DEBUG    | core:as_tensor:724 - Loaded cache for /localdev/gwang/tt_transformers/model_cache/llama33_70b/T3K/empty_kcache_paged_attention(2048, 1, 32, 128)_dtype_BFLOAT8_B_layout_TILE.tensorbin of shape Shape([2048, 1, 32, 128])
2026-09-02 20:56:16.124 | DEBUG    | core:as_tensor:724 - Loaded cache for /localdev/gwang/tt_transformers/model_cache/llama33_70b/T3K/empty_vcache_paged_attention(2048, 1, 32, 128)_dtype_BFLOAT8_B_layout_TILE.tensorbin of shape Shape([2048, 1, 32, 128])
2026-09-02 20:56:16.127 | DEBUG    | core:as_tensor:724 - Loaded cache for /localdev/gwang/tt_transformers/model_cache/llama33_70b/T3K/empty_kcache_paged_attention(2048, 1, 32, 128)_dtype_BFLOAT8_B_layout_TILE.tensorbin of shape Shape([2048, 1, 32, 128])
2026-09-02 20:56:16.130 | DEBUG    | core:as_tensor:724 - Loaded cache for /localdev/gwang/tt_transformers/model_cache/llama33_70b/T3K/empty_vcache_paged_attention(2048, 1, 32, 128)_dtype_BFLOAT8_B_layout_TILE.tensorbin of shape Shape([2048, 1, 32, 128])
2026-09-02 20:56:16.133 | DEBUG    | core:as_tensor:724 - Loaded cache for /localdev/gwang/tt_transformers/model_cache/llama33_70b/T3K/empty_kcache_paged_attention(2048, 1, 32, 128)_dtype_BFLOAT8_B_layout_TILE.tensorbin of shape Shape([2048, 1, 32, 128])
2026-09-02 20:56:16.137 | DEBUG    | core:as_tensor:724 - Loaded cache for /localdev/gwang/tt_transformers/model_cache/llama33_70b/T3K/empty_vcache_paged_attention(2048, 1, 32, 128)_dtype_BFLOAT8_B_layout_TILE.tensorbin of shape Shape([2048, 1, 32, 128])
2026-09-02 20:56:16.140 | DEBUG    | core:as_tensor:724 - Loaded cache for /localdev/gwang/tt_transformers/model_cache/llama33_70b/T3K/empty_kcache_paged_attention(2048, 1, 32, 128)_dtype_BFLOAT8_B_layout_TILE.tensorbin of shape Shape([2048, 1, 32, 128])
2026-09-02 20:56:16.143 | DEBUG    | core:as_tensor:724 - Loaded cache for /localdev/gwang/tt_transformers/model_cache/llama33_70b/T3K/empty_vcache_paged_attention(2048, 1, 32, 128)_dtype_BFLOAT8_B_layout_TILE.tensorbin of shape Shape([2048, 1, 32, 128])
2026-09-02 20:56:16.146 | DEBUG    | core:as_tensor:724 - Loaded cache for /localdev/gwang/tt_transformers/model_cache/llama33_70b/T3K/empty_kcache_paged_attention(2048, 1, 32, 128)_dtype_BFLOAT8_B_layout_TILE.tensorbin of shape Shape([2048, 1, 32, 128])
2026-09-02 20:56:16.149 | DEBUG    | core:as_tensor:724 - Loaded cache for /localdev/gwang/tt_transformers/model_cache/llama33_70b/T3K/empty_vcache_paged_attention(2048, 1, 32, 128)_dtype_BFLOAT8_B_layout_TILE.tensorbin of shape Shape([2048, 1, 32, 128])
2026-09-02 20:56:16.152 | DEBUG    | core:as_tensor:724 - Loaded cache for /localdev/gwang/tt_transformers/model_cache/llama33_70b/T3K/empty_kcache_paged_attention(2048, 1, 32, 128)_dtype_BFLOAT8_B_layout_TILE.tensorbin of shape Shape([2048, 1, 32, 128])
2026-09-02 20:56:16.155 | DEBUG    | core:as_tensor:724 - Loaded cache for /localdev/gwang/tt_transformers/model_cache/llama33_70b/T3K/empty_vcache_paged_attention(2048, 1, 32, 128)_dtype_BFLOAT8_B_layout_TILE.tensorbin of shape Shape([2048, 1, 32, 128])
2026-09-02 20:56:16.158 | DEBUG    | core:as_tensor:724 - Loaded cache for /localdev/gwang/tt_transformers/model_cache/llama33_70b/T3K/empty_kcache_paged_attention(2048, 1, 32, 128)_dtype_BFLOAT8_B_layout_TILE.tensorbin of shape Shape([2048, 1, 32, 128])
2026-09-02 20:56:16.161 | DEBUG    | core:as_tensor:724 - Loaded cache for /localdev/gwang/tt_transformers/model_cache/llama33_70b/T3K/empty_vcache_paged_attention(2048, 1, 32, 128)_dtype_BFLOAT8_B_layout_TILE.tensorbin of shape Shape([2048, 1, 32, 128])
2026-09-02 20:56:16.164 | DEBUG    | core:as_tensor:724 - Loaded cache for /localdev/gwang/tt_transformers/model_cache/llama33_70b/T3K/empty_kcache_paged_attention(2048, 1, 32, 128)_dtype_BFLOAT8_B_layout_TILE.tensorbin of shape Shape([2048, 1, 32, 128])
2026-09-02 20:56:16.167 | DEBUG    | core:as_tensor:724 - Loaded cache for /localdev/gwang/tt_transformers/model_cache/llama33_70b/T3K/empty_vcache_paged_attention(2048, 1, 32, 128)_dtype_BFLOAT8_B_layout_TILE.tensorbin of shape Shape([2048, 1, 32, 128])
2026-09-02 20:56:16.170 | DEBUG    | core:as_tensor:724 - Loaded cache for /localdev/gwang/tt_transformers/model_cache/llama33_70b/T3K/empty_kcache_paged_attention(2048, 1, 32, 128)_dtype_BFLOAT8_B_layout_TILE.tensorbin of shape Shape([2048, 1, 32, 128])
2026-09-02 20:56:16.173 | DEBUG    | core:as_tensor:724 - Loaded cache for /localdev/gwang/tt_transformers/model_cache/llama33_70b/T3K/empty_vcache_paged_attention(2048, 1, 32, 128)_dtype_BFLOAT8_B_layout_TILE.tensorbin of shape Shape([2048, 1, 32, 128])
2026-09-02 20:56:16.176 | DEBUG    | core:as_tensor:724 - Loaded cache for /localdev/gwang/tt_transformers/model_cache/llama33_70b/T3K/empty_kcache_paged_attention(2048, 1, 32, 128)_dtype_BFLOAT8_B_layout_TILE.tensorbin of shape Shape([2048, 1, 32, 128])
2026-09-02 20:56:16.180 | DEBUG    | core:as_tensor:724 - Loaded cache for /localdev/gwang/tt_transformers/model_cache/llama33_70b/T3K/empty_vcache_paged_attention(2048, 1, 32, 128)_dtype_BFLOAT8_B_layout_TILE.tensorbin of shape Shape([2048, 1, 32, 128])
2026-09-02 20:56:16.184 | DEBUG    | core:as_tensor:724 - Loaded cache for /localdev/gwang/tt_transformers/model_cache/llama33_70b/T3K/empty_kcache_paged_attention(2048, 1, 32, 128)_dtype_BFLOAT8_B_layout_TILE.tensorbin of shape Shape([2048, 1, 32, 128])
2026-09-02 20:56:16.187 | DEBUG    | core:as_tensor:724 - Loaded cache for /localdev/gwang/tt_transformers/model_cache/llama33_70b/T3K/empty_vcache_paged_attention(2048, 1, 32, 128)_dtype_BFLOAT8_B_layout_TILE.tensorbin of shape Shape([2048, 1, 32, 128])
2026-09-02 20:56:16.190 | DEBUG    | core:as_tensor:724 - Loaded cache for /localdev/gwang/tt_transformers/model_cache/llama33_70b/T3K/empty_kcache_paged_attention(2048, 1, 32, 128)_dtype_BFLOAT8_B_layout_TILE.tensorbin of shape Shape([2048, 1, 32, 128])
2026-09-02 20:56:16.193 | DEBUG    | core:as_tensor:724 - Loaded cache for /localdev/gwang/tt_transformers/model_cache/llama33_70b/T3K/empty_vcache_paged_attention(2048, 1, 32, 128)_dtype_BFLOAT8_B_layout_TILE.tensorbin of shape Shape([2048, 1, 32, 128])
2026-09-02 20:56:16.196 | DEBUG    | core:as_tensor:724 - Loaded cache for /localdev/gwang/tt_transformers/model_cache/llama33_70b/T3K/empty_kcache_paged_attention(2048, 1, 32, 128)_dtype_BFLOAT8_B_layout_TILE.tensorbin of shape Shape([2048, 1, 32, 128])
2026-09-02 20:56:16.199 | DEBUG    | core:as_tensor:724 - Loaded cache for /localdev/gwang/tt_transformers/model_cache/llama33_70b/T3K/empty_vcache_paged_attention(2048, 1, 32, 128)_dtype_BFLOAT8_B_layout_TILE.tensorbin of shape Shape([2048, 1, 32, 128])
2026-09-02 20:56:16.202 | DEBUG    | core:as_tensor:724 - Loaded cache for /localdev/gwang/tt_transformers/model_cache/llama33_70b/T3K/empty_kcache_paged_attention(2048, 1, 32, 128)_dtype_BFLOAT8_B_layout_TILE.tensorbin of shape Shape([2048, 1, 32, 128])
2026-09-02 20:56:16.206 | DEBUG    | core:as_tensor:724 - Loaded cache for /localdev/gwang/tt_transformers/model_cache/llama33_70b/T3K/empty_vcache_paged_attention(2048, 1, 32, 128)_dtype_BFLOAT8_B_layout_TILE.tensorbin of shape Shape([2048, 1, 32, 128])
2026-09-02 20:56:16.209 | DEBUG    | core:as_tensor:724 - Loaded cache for /localdev/gwang/tt_transformers/model_cache/llama33_70b/T3K/empty_kcache_paged_attention(2048, 1, 32, 128)_dtype_BFLOAT8_B_layout_TILE.tensorbin of shape Shape([2048, 1, 32, 128])
2026-09-02 20:56:16.212 | DEBUG    | core:as_tensor:724 - Loaded cache for /localdev/gwang/tt_transformers/model_cache/llama33_70b/T3K/empty_vcache_paged_attention(2048, 1, 32, 128)_dtype_BFLOAT8_B_layout_TILE.tensorbin of shape Shape([2048, 1, 32, 128])
2026-09-02 20:56:16.215 | DEBUG    | core:as_tensor:724 - Loaded cache for /localdev/gwang/tt_transformers/model_cache/llama33_70b/T3K/empty_kcache_paged_attention(2048, 1, 32, 128)_dtype_BFLOAT8_B_layout_TILE.tensorbin of shape Shape([2048, 1, 32, 128])
2026-09-02 20:56:16.218 | DEBUG    | core:as_tensor:724 - Loaded cache for /localdev/gwang/tt_transformers/model_cache/llama33_70b/T3K/empty_vcache_paged_attention(2048, 1, 32, 128)_dtype_BFLOAT8_B_layout_TILE.tensorbin of shape Shape([2048, 1, 32, 128])
2026-09-02 20:56:16.221 | DEBUG    | core:as_tensor:724 - Loaded cache for /localdev/gwang/tt_transformers/model_cache/llama33_70b/T3K/empty_kcache_paged_attention(2048, 1, 32, 128)_dtype_BFLOAT8_B_layout_TILE.tensorbin of shape Shape([2048, 1, 32, 128])
2026-09-02 20:56:16.224 | DEBUG    | core:as_tensor:724 - Loaded cache for /localdev/gwang/tt_transformers/model_cache/llama33_70b/T3K/empty_vcache_paged_attention(2048, 1, 32, 128)_dtype_BFLOAT8_B_layout_TILE.tensorbin of shape Shape([2048, 1, 32, 128])
2026-09-02 20:56:16.227 | DEBUG    | core:as_tensor:724 - Loaded cache for /localdev/gwang/tt_transformers/model_cache/llama33_70b/T3K/empty_kcache_paged_attention(2048, 1, 32, 128)_dtype_BFLOAT8_B_layout_TILE.tensorbin of shape Shape([2048, 1, 32, 128])
2026-09-02 20:56:16.230 | DEBUG    | core:as_tensor:724 - Loaded cache for /localdev/gwang/tt_transformers/model_cache/llama33_70b/T3K/empty_vcache_paged_attention(2048, 1, 32, 128)_dtype_BFLOAT8_B_layout_TILE.tensorbin of shape Shape([2048, 1, 32, 128])
2026-09-02 20:56:16.233 | DEBUG    | core:as_tensor:724 - Loaded cache for /localdev/gwang/tt_transformers/model_cache/llama33_70b/T3K/empty_kcache_paged_attention(2048, 1, 32, 128)_dtype_BFLOAT8_B_layout_TILE.tensorbin of shape Shape([2048, 1, 32, 128])
2026-09-02 20:56:16.237 | DEBUG    | core:as_tensor:724 - Loaded cache for /localdev/gwang/tt_transformers/model_cache/llama33_70b/T3K/empty_vcache_paged_attention(2048, 1, 32, 128)_dtype_BFLOAT8_B_layout_TILE.tensorbin of shape Shape([2048, 1, 32, 128])
2026-09-02 20:56:18.192 | INFO     | tt_transformers.llm_runtime.warmup:warmup_decode:485 - Compiled decode
2026-09-02 20:56:18.415 | INFO     | tt_transformers.llm_runtime.warmup:warmup_decode:485 - Compiled decode
2026-09-02 20:56:18.416 | INFO     | tt_transformers.llm_runtime.warmup:warmup_decode:487 - Compiled on-device sampling
2026-09-02 20:56:30.012 | INFO     | tt_transformers.llm_runtime.trace_compiler:capture_all:336 - Captured decode trace: signature=DecodeTraceSignature(batch_size=16, page_table_width=128, sampling_path='logits', device_feedback=False, penalties_enabled=False, logprobs_enabled=False)
2026-09-02 20:56:30.354 | INFO     | tt_transformers.llm_runtime.trace_compiler:capture_all:336 - Captured decode trace: signature=DecodeTraceSignature(batch_size=16, page_table_width=128, sampling_path='topk', device_feedback=True, penalties_enabled=False, logprobs_enabled=False)
2026-09-02 20:56:30.998 | INFO     | tt_transformers.llm_runtime.trace_compiler:capture_all:336 - Captured prefill trace: signature=PrefillTraceSignature(operation_variant='regular-batched', padded_batch_size=16, padded_sequence_length=128, page_table_width=192, chunk_page_table_width=None, sampling_path='topk', penalties_enabled=False, logprobs_enabled=False)
2026-09-02 20:56:31.658 | INFO     | tt_transformers.llm_runtime.trace_compiler:capture_all:336 - Captured prefill trace: signature=PrefillTraceSignature(operation_variant='regular-batched', padded_batch_size=16, padded_sequence_length=128, page_table_width=192, chunk_page_table_width=None, sampling_path='logits', penalties_enabled=False, logprobs_enabled=False)
2026-09-02 20:56:31.950 | INFO     | tt_transformers.llm_runtime.trace_compiler:capture_all:336 - Captured prefill trace: signature=PrefillTraceSignature(operation_variant='regular-single', padded_batch_size=1, padded_sequence_length=128, page_table_width=192, chunk_page_table_width=None, sampling_path='topk', penalties_enabled=False, logprobs_enabled=False)
2026-09-02 20:56:32.298 | INFO     | tt_transformers.llm_runtime.trace_compiler:capture_all:336 - Captured prefill trace: signature=PrefillTraceSignature(operation_variant='regular-batched', padded_batch_size=2, padded_sequence_length=128, page_table_width=192, chunk_page_table_width=None, sampling_path='topk', penalties_enabled=False, logprobs_enabled=False)
2026-09-02 20:56:32.684 | INFO     | tt_transformers.llm_runtime.trace_compiler:capture_all:336 - Captured prefill trace: signature=PrefillTraceSignature(operation_variant='regular-batched', padded_batch_size=4, padded_sequence_length=128, page_table_width=192, chunk_page_table_width=None, sampling_path='topk', penalties_enabled=False, logprobs_enabled=False)
2026-09-02 20:56:33.185 | INFO     | tt_transformers.llm_runtime.trace_compiler:capture_all:336 - Captured prefill trace: signature=PrefillTraceSignature(operation_variant='regular-batched', padded_batch_size=8, padded_sequence_length=128, page_table_width=192, chunk_page_table_width=None, sampling_path='topk', penalties_enabled=False, logprobs_enabled=False)
2026-09-02 20:56:33.487 | INFO     | tt_transformers.llm_runtime.trace_compiler:capture_all:336 - Captured prefill trace: signature=PrefillTraceSignature(operation_variant='chunked', padded_batch_size=1, padded_sequence_length=128, page_table_width=192, chunk_page_table_width=4, sampling_path='topk', penalties_enabled=False, logprobs_enabled=False)
2026-09-02 20:56:33.832 | INFO     | tt_transformers.llm_runtime.trace_compiler:capture_all:336 - Captured prefill trace: signature=PrefillTraceSignature(operation_variant='regular-single', padded_batch_size=1, padded_sequence_length=2048, page_table_width=192, chunk_page_table_width=None, sampling_path='topk', penalties_enabled=False, logprobs_enabled=False)
2026-09-02 20:56:34.178 | INFO     | tt_transformers.llm_runtime.trace_compiler:capture_all:336 - Captured prefill trace: signature=PrefillTraceSignature(operation_variant='chunked', padded_batch_size=1, padded_sequence_length=2048, page_table_width=192, chunk_page_table_width=64, sampling_path='topk', penalties_enabled=False, logprobs_enabled=False)
2026-09-02 20:56:34.478 | INFO     | tt_transformers.llm_runtime.trace_compiler:capture_all:336 - Captured prefill trace: signature=PrefillTraceSignature(operation_variant='regular-single', padded_batch_size=1, padded_sequence_length=128, page_table_width=192, chunk_page_table_width=None, sampling_path='logits', penalties_enabled=False, logprobs_enabled=False)
2026-09-02 20:56:34.829 | INFO     | tt_transformers.llm_runtime.trace_compiler:capture_all:336 - Captured prefill trace: signature=PrefillTraceSignature(operation_variant='regular-batched', padded_batch_size=2, padded_sequence_length=128, page_table_width=192, chunk_page_table_width=None, sampling_path='logits', penalties_enabled=False, logprobs_enabled=False)
2026-09-02 20:56:35.219 | INFO     | tt_transformers.llm_runtime.trace_compiler:capture_all:336 - Captured prefill trace: signature=PrefillTraceSignature(operation_variant='regular-batched', padded_batch_size=4, padded_sequence_length=128, page_table_width=192, chunk_page_table_width=None, sampling_path='logits', penalties_enabled=False, logprobs_enabled=False)
2026-09-02 20:56:35.716 | INFO     | tt_transformers.llm_runtime.trace_compiler:capture_all:336 - Captured prefill trace: signature=PrefillTraceSignature(operation_variant='regular-batched', padded_batch_size=8, padded_sequence_length=128, page_table_width=192, chunk_page_table_width=None, sampling_path='logits', penalties_enabled=False, logprobs_enabled=False)
2026-09-02 20:56:36.023 | INFO     | tt_transformers.llm_runtime.trace_compiler:capture_all:336 - Captured prefill trace: signature=PrefillTraceSignature(operation_variant='chunked', padded_batch_size=1, padded_sequence_length=128, page_table_width=192, chunk_page_table_width=4, sampling_path='logits', penalties_enabled=False, logprobs_enabled=False)
2026-09-02 20:56:36.369 | INFO     | tt_transformers.llm_runtime.trace_compiler:capture_all:336 - Captured prefill trace: signature=PrefillTraceSignature(operation_variant='regular-single', padded_batch_size=1, padded_sequence_length=2048, page_table_width=192, chunk_page_table_width=None, sampling_path='logits', penalties_enabled=False, logprobs_enabled=False)
2026-09-02 20:56:36.715 | INFO     | tt_transformers.llm_runtime.trace_compiler:capture_all:336 - Captured prefill trace: signature=PrefillTraceSignature(operation_variant='chunked', padded_batch_size=1, padded_sequence_length=2048, page_table_width=192, chunk_page_table_width=64, sampling_path='logits', penalties_enabled=False, logprobs_enabled=False)
2026-09-02 20:56:37.007 | INFO     | tt_transformers.llm_runtime.execution:_execute_prefill:671 - TTTV2_RUNTIME_EVIDENCE {"active_batch_size": 1, "execution": "trace_replay", "lane": 0, "operation": "prefill", "padded_batch_size": 1, "padded_sequence_length": 128, "program_key": "999cbf354c9bdd6077cabb45b51d31c2abbe52833ac910f642e5bcbb3cdd4494", "rank": 0, "replay_steps": 1, "sampling_path": "logits", "trace_key": "469283b260195f80b5f03bce4eb3044eeef47176541b1aae9a1d1a6ecb5917fe", "variant": "regular-single"}
2026-09-02 20:56:37.531 | INFO     | tt_transformers.llm_runtime.execution:_execute_prefill:671 - TTTV2_RUNTIME_EVIDENCE {"active_batch_size": 15, "execution": "trace_replay", "lane": 0, "operation": "prefill", "padded_batch_size": 16, "padded_sequence_length": 128, "program_key": "c7a3e8066537c19ac3fa869ec3ca1bc407bafcd8502d3b01be5dae9a2ed0b276", "rank": 0, "replay_steps": 1, "sampling_path": "logits", "trace_key": "d6be81420b505b3fe570ee657d153901af70fb56b5e1e9fbbb41b8205b87409b", "variant": "regular-batched"}
______ test_w6_active15_padded16_trace_correctness[topk-logits-15-16-T3K] ______

production_model = <tt_transformers.models.llama33_70b.model.Llama33_70BTransformer1D object at 0x7f4ab570f2b0>
ttnn_mesh_device = MeshDevice(1x8 grid, 8 devices), capture_order = (15, 16)
sampling_order = ('topk', 'logits')

    @pytest.mark.device
    @pytest.mark.model
    @pytest.mark.wormhole
    @pytest.mark.t3k
    @pytest.mark.parametrize("capture_order", [(16, 15), (15, 16)], ids=["16-15", "15-16"])
    @pytest.mark.parametrize(
        "sampling_order",
        [("logits", "topk"), ("topk", "logits")],
        ids=["logits-topk", "topk-logits"],
    )
    def test_w6_active15_padded16_trace_correctness(
        production_model,
        ttnn_mesh_device,
        capture_order,
        sampling_order,
    ):
        stale_block = _STALE_BLOCK
        page_table = _page_table(stale_block=stale_block)
        resident_table = _page_table()[_RESIDENT_SLOT : _RESIDENT_SLOT + 1]
        resident_table[:, :4] = torch.arange(_RESIDENT_BLOCK_START, _RESIDENT_BLOCK_START + 4, dtype=torch.int32)
        tokens = _tokens(15)
        resident_tokens = _tokens(1, salt=101)
        expected_logits, expected_active_decode, expected_resident_decode = _run_sequential_oracle(
            production_model, tokens, page_table, resident_tokens, resident_table
        )
        batched_eager_logits, batched_eager_kv, batched_eager_active_decode = _run_batched_eager_oracle(
            production_model, tokens, page_table, resident_tokens, resident_table
        )
    
        executor = create_executor(production_model, traced=True, device_sampling_enabled=True, trace_mode="all")
        try:
            assert executor.config.trace.mode == "all"
            # Production Llama33 disables force-argmax, so argmax->top-k is not an
            # executable registration order for this candidate.
            assert not production_model.sampling.config.allow_force_argmax
            assert executor.prefill_runtime.config.device_sampling_enabled
            assert not executor.prefill_runtime.config.disable_batched_prefill
            kv_cache = executor.allocate_kv_cache()
            # Compile the read-only KV evidence slices before trace activation so
            # the later program-cache invariant measures runtime work, not test
            # instrumentation first use.
            _kv_snapshot(
                kv_cache,
                (0, 60),
                (_STALE_BLOCK, _STALE_BLOCK + 1),
                (_RESIDENT_BLOCK_START, _RESIDENT_BLOCK_START + 4),
            )
            topk = _compile_registration_order(executor, kv_cache, page_table, capture_order, sampling_order)
            assert executor.trace_compiler.trace_active
            baseline_registry = len(executor.program_compiler.compiled_programs)
            baseline_program_cache = _program_cache_entries(ttnn_mesh_device)
            baseline_summary = executor.traced_executor.runtime_summary()
    
            prepared = _prepared(executor, tokens, page_table)
            assert len(prepared) == 1
            item = prepared[0]
            assert item.request.kind == "batched"
            assert item.request.source_rows == tuple(range(15))
            assert item.request.padded_batch_size == 16
            assert item.program_signatures[0].operation_variant == "regular-batched"
            assert item.sampling_path == "logits"
            assert item.trace_signature is not None
            assert torch.all(item.request.tokens[15] == 0)
            assert torch.all(item.request.page_table[15] == -1)
            assert torch.all(item.request.page_table[:15, 4:] == -1)
            program_key = executor.program_compiler.key_for(item.program_signatures[0])
            trace_key = executor.trace_compiler.trace_key_for_program(program_key)
            assert trace_key is not None
            assert executor.trace_compiler.get(trace_key).artifact is not None
    
            stale_before = _kv_snapshot(kv_cache, (_STALE_BLOCK, _STALE_BLOCK + 1))
            resident_logits = executor.prefill_forward(
                resident_tokens,
                resident_table,
                kv_cache=kv_cache,
                prompt_lens=torch.tensor([_PROMPT_LEN]),
                empty_slots=[_RESIDENT_SLOT],
                execution=executor.traced_prefill_execution,
            )
            resident_before = _kv_snapshot(kv_cache, (_RESIDENT_BLOCK_START, _RESIDENT_BLOCK_START + 4))
            actual_logits = executor.prefill_forward(
                tokens,
                page_table[:15],
                kv_cache=kv_cache,
                prompt_lens=torch.full((15,), _PROMPT_LEN, dtype=torch.long),
                empty_slots=list(range(15)),
                execution=executor.traced_prefill_execution,
            )
            actual_kv = _kv_snapshot(
                kv_cache,
                (0, 60),
                (_RESIDENT_BLOCK_START, _RESIDENT_BLOCK_START + 4),
            )
            resident_after = _kv_snapshot(kv_cache, (_RESIDENT_BLOCK_START, _RESIDENT_BLOCK_START + 4))
>           assert_rowwise_logits_parity(
                batched_eager_logits,
                expected_logits,
                min_row_pcc=_LOGITS_MIN_ROW_PCC,
                max_abs=_LOGITS_MAX_ABS,
                require_exact_top1=False,
                max_top1_mismatches=_LOGITS_MAX_TOP1_MISMATCHES,
                expected_top1_in_actual_topk=_LOGITS_TOPK,
                min_topk_overlap=_LOGITS_MIN_TOPK_OVERLAP,
                isclose_atol=_LOGITS_ATOL,
                isclose_rtol=0.05,
                max_isclose_failure_fraction=_LOGITS_MAX_ISCLOSE_FAILURE_FRACTION,
            )

tests/models/llama33_70b/test_t3k_batched_prefill_correctness.py:471: 
_ _ _ _ _ _ _ _ _ _ _ _ _ _ _ _ _ _ _ _ _ _ _ _ _ _ _ _ _ _ _ _ _ _ _ _ _ _ _ _ 

actual = tensor([[[-21.0000, -19.0000, -12.0000,  ...,   5.8750,   5.8750,   5.8750]],

        [[  3.8750,   3.1875,   2.1875,...,  ...,  -8.0000,  -8.0000,  -8.0000]],

        [[  0.8125,   1.4688,  -1.0625,  ...,  -7.5625,  -7.5625,  -7.5625]]])
expected = tensor([[[-20.5000, -19.0000, -12.0000,  ...,   5.6875,   5.6875,   5.6875]],

        [[  3.6875,   3.0625,   2.0000,...,  ...,  -8.0000,  -8.0000,  -8.0000]],

        [[  0.8125,   1.2500,  -1.0625,  ...,  -7.5000,  -7.5000,  -7.5000]]])

    def assert_rowwise_logits_parity(
        actual: torch.Tensor,
        expected: torch.Tensor,
        *,
        min_row_pcc: float,
        max_abs: float,
        require_exact_top1: bool = True,
        max_top1_mismatches: int | None = None,
        expected_top1_in_actual_topk: int | None = None,
        min_topk_overlap: int | None = None,
        isclose_atol: float | None = None,
        isclose_rtol: float | None = None,
        max_isclose_failure_fraction: float | None = None,
    ) -> None:
        """Require every batch row to preserve logits shape, quality, and ranking."""
    
        if require_exact_top1 and (max_top1_mismatches is not None or expected_top1_in_actual_topk is not None):
            raise ValueError("exact top-1 and top-k containment are mutually exclusive")
        if min_topk_overlap is not None and expected_top1_in_actual_topk is None:
            raise ValueError("min_topk_overlap requires expected_top1_in_actual_topk")
        isclose_options = (isclose_atol, isclose_rtol, max_isclose_failure_fraction)
        if any(value is not None for value in isclose_options) and not all(value is not None for value in isclose_options):
            raise ValueError("isclose_atol, isclose_rtol, and max_isclose_failure_fraction must be supplied together")
    
        if actual.shape != expected.shape:
            raise AssertionError(f"logits shape mismatch: actual={tuple(actual.shape)}, expected={tuple(expected.shape)}")
        if actual.ndim < 2:
            raise AssertionError(f"logits must have batch and vocabulary dimensions, got {tuple(actual.shape)}")
    
        actual_rows = actual.detach().float().reshape(actual.shape[0], -1)
        expected_rows = expected.detach().float().reshape(expected.shape[0], -1)
        if not torch.isfinite(actual_rows).all() or not torch.isfinite(expected_rows).all():
            raise AssertionError("logits contain non-finite values")
    
        actual_centered = actual_rows - actual_rows.mean(dim=1, keepdim=True)
        expected_centered = expected_rows - expected_rows.mean(dim=1, keepdim=True)
        denominator = actual_centered.norm(dim=1) * expected_centered.norm(dim=1)
        numerator = (actual_centered * expected_centered).sum(dim=1)
        row_pcc = torch.where(
            denominator > 0,
            numerator / denominator,
            torch.where(
                torch.all(actual_rows == expected_rows, dim=1),
                torch.ones_like(denominator),
                torch.zeros_like(denominator),
            ),
        )
        row_max_abs = (actual_rows - expected_rows).abs().amax(dim=1)
        actual_top1 = actual_rows.argmax(dim=1)
        expected_top1 = expected_rows.argmax(dim=1)
    
        failures = []
        bad_pcc = torch.nonzero(row_pcc < min_row_pcc, as_tuple=False).reshape(-1)
        if bad_pcc.numel():
            failures.append(
                f"row PCC below {min_row_pcc}: "
                + ", ".join(f"row {row}: {row_pcc[row].item():.8f}" for row in bad_pcc.tolist())
            )
        bad_max_abs = torch.nonzero(row_max_abs > max_abs, as_tuple=False).reshape(-1)
        if bad_max_abs.numel():
            failures.append(
                f"row max-abs above {max_abs}: "
                + ", ".join(f"row {row}: {row_max_abs[row].item():.8f}" for row in bad_max_abs.tolist())
            )
        if require_exact_top1 and not torch.equal(actual_top1, expected_top1):
            disagreement = torch.nonzero(actual_top1 != expected_top1, as_tuple=False)
            failures.append(f"top-1 mismatch at {disagreement.tolist()}")
        if max_top1_mismatches is not None:
            mismatch_count = int((actual_top1 != expected_top1).sum().item())
            if mismatch_count > int(max_top1_mismatches):
                failures.append(f"top-1 mismatch count {mismatch_count} exceeds {max_top1_mismatches}")
        if expected_top1_in_actual_topk is not None:
            topk = int(expected_top1_in_actual_topk)
            if topk <= 0 or topk > actual_rows.shape[1]:
                raise ValueError(f"top-k must be in [1, {actual_rows.shape[1]}], got {topk}")
            actual_topk = actual_rows.topk(topk, dim=1).indices
            expected_topk = expected_rows.topk(topk, dim=1).indices
            expected_top1_rows = expected_top1.unsqueeze(1)
            missing_top1 = torch.nonzero(~(actual_topk == expected_top1_rows).any(dim=1), as_tuple=False).reshape(-1)
            if missing_top1.numel():
                failures.append(f"expected top-1 missing from actual top-{topk} at rows {missing_top1.tolist()}")
            if min_topk_overlap is not None:
                minimum = int(min_topk_overlap)
                if minimum <= 0 or minimum > topk:
                    raise ValueError(f"min_topk_overlap must be in [1, {topk}], got {minimum}")
                overlaps = (actual_topk.unsqueeze(2) == expected_topk.unsqueeze(1)).any(dim=2).sum(dim=1)
                bad_overlap = torch.nonzero(overlaps < minimum, as_tuple=False).reshape(-1)
                if bad_overlap.numel():
                    failures.append(
                        f"top-{topk} overlap below {minimum}: "
                        + ", ".join(f"row {row}: {overlaps[row].item()}" for row in bad_overlap.tolist())
                    )
        if max_isclose_failure_fraction is not None:
            close = torch.isclose(actual_rows, expected_rows, atol=float(isclose_atol), rtol=float(isclose_rtol))
            failure_fraction = float((~close).float().mean().item())
            if failure_fraction > float(max_isclose_failure_fraction):
                row_fractions = (~close).float().mean(dim=1)
                failures.append(
                    f"isclose failure fraction {failure_fraction:.8f} exceeds {max_isclose_failure_fraction}; "
                    + ", ".join(f"row {row}: {value.item():.8f}" for row, value in enumerate(row_fractions))
                )
    
        if failures:
>           raise AssertionError("logits parity failed; " + "; ".join(failures))
E           AssertionError: logits parity failed; row max-abs above 1.0: row 0: 1.50000000; top-5 overlap below 4: row 0: 3

tests/models/llama33_70b/logits_oracle.py:114: AssertionError
----------------------------- Captured stdout call -----------------------------
2026-09-02 20:56:54.761 | warning  |              Op | The following ttnn.all_gather args are deprecated and will be removed in September-2026: num_links, topology, chunks_per_sync, num_workers_per_link, num_buffers_per_channel, use_l1_small_for_semaphores. (all_gather.cpp:148)
2026-09-02 20:56:54.761 | warning  |              Op | The following ttnn.all_gather args are deprecated and will be removed in September-2026: num_links, topology, chunks_per_sync, num_workers_per_link, num_buffers_per_channel, use_l1_small_for_semaphores. (all_gather.cpp:148)
2026-09-02 20:56:55.163 | warning  |              Op | The following ttnn.all_gather args are deprecated and will be removed in September-2026: num_links, topology, chunks_per_sync, num_workers_per_link, num_buffers_per_channel, use_l1_small_for_semaphores. (all_gather.cpp:148)
2026-09-02 20:56:55.163 | warning  |              Op | The following ttnn.all_gather args are deprecated and will be removed in September-2026: num_links, topology, chunks_per_sync, num_workers_per_link, num_buffers_per_channel, use_l1_small_for_semaphores. (all_gather.cpp:148)
2026-09-02 20:56:55.663 | warning  |              Op | The following ttnn.all_gather args are deprecated and will be removed in September-2026: num_links, topology, chunks_per_sync, num_workers_per_link, num_buffers_per_channel, use_l1_small_for_semaphores. (all_gather.cpp:148)
2026-09-02 20:56:55.663 | warning  |              Op | The following ttnn.all_gather args are deprecated and will be removed in September-2026: num_links, topology, chunks_per_sync, num_workers_per_link, num_buffers_per_channel, use_l1_small_for_semaphores. (all_gather.cpp:148)
2026-09-02 20:56:56.364 | warning  |              Op | The following ttnn.all_gather args are deprecated and will be removed in September-2026: num_links, topology, chunks_per_sync, num_workers_per_link, num_buffers_per_channel, use_l1_small_for_semaphores. (all_gather.cpp:148)
2026-09-02 20:56:56.364 | warning  |              Op | The following ttnn.all_gather args are deprecated and will be removed in September-2026: num_links, topology, chunks_per_sync, num_workers_per_link, num_buffers_per_channel, use_l1_small_for_semaphores. (all_gather.cpp:148)
2026-09-02 20:56:57.577 | warning  |              Op | The following ttnn.all_gather args are deprecated and will be removed in September-2026: num_links, topology, chunks_per_sync, num_workers_per_link, num_buffers_per_channel, use_l1_small_for_semaphores. (all_gather.cpp:148)
2026-09-02 20:56:57.578 | warning  |              Op | The following ttnn.all_gather args are deprecated and will be removed in September-2026: num_links, topology, chunks_per_sync, num_workers_per_link, num_buffers_per_channel, use_l1_small_for_semaphores. (all_gather.cpp:148)
2026-09-02 20:56:59.941 | warning  |              Op | The following ttnn.all_gather args are deprecated and will be removed in September-2026: num_links, topology, chunks_per_sync, num_workers_per_link, num_buffers_per_channel, use_l1_small_for_semaphores. (all_gather.cpp:148)
2026-09-02 20:56:59.942 | warning  |              Op | The following ttnn.all_gather args are deprecated and will be removed in September-2026: num_links, topology, chunks_per_sync, num_workers_per_link, num_buffers_per_channel, use_l1_small_for_semaphores. (all_gather.cpp:148)
2026-09-02 20:57:00.371 | warning  |              Op | The following ttnn.all_gather args are deprecated and will be removed in September-2026: num_links, topology, chunks_per_sync, num_workers_per_link, num_buffers_per_channel, use_l1_small_for_semaphores. (all_gather.cpp:148)
2026-09-02 20:57:00.372 | warning  |              Op | The following ttnn.all_gather args are deprecated and will be removed in September-2026: num_links, topology, chunks_per_sync, num_workers_per_link, num_buffers_per_channel, use_l1_small_for_semaphores. (all_gather.cpp:148)
2026-09-02 20:57:02.728 | warning  |              Op | The following ttnn.all_gather args are deprecated and will be removed in September-2026: num_links, topology, chunks_per_sync, num_workers_per_link, num_buffers_per_channel, use_l1_small_for_semaphores. (all_gather.cpp:148)
2026-09-02 20:57:02.729 | warning  |              Op | The following ttnn.all_gather args are deprecated and will be removed in September-2026: num_links, topology, chunks_per_sync, num_workers_per_link, num_buffers_per_channel, use_l1_small_for_semaphores. (all_gather.cpp:148)
2026-09-02 20:57:05.305 | warning  |              Op | The following ttnn.all_gather args are deprecated and will be removed in September-2026: num_links, topology, chunks_per_sync, num_workers_per_link, num_buffers_per_channel, use_l1_small_for_semaphores. (all_gather.cpp:148)
2026-09-02 20:57:05.305 | warning  |              Op | The following ttnn.all_gather args are deprecated and will be removed in September-2026: num_links, topology, chunks_per_sync, num_workers_per_link, num_buffers_per_channel, use_l1_small_for_semaphores. (all_gather.cpp:148)
2026-09-02 20:57:05.571 | warning  |              Op | The following ttnn.all_gather args are deprecated and will be removed in September-2026: num_links, topology, chunks_per_sync, num_workers_per_link, num_buffers_per_channel, use_l1_small_for_semaphores. (all_gather.cpp:148)
2026-09-02 20:57:05.571 | warning  |              Op | The following ttnn.all_gather args are deprecated and will be removed in September-2026: num_links, topology, chunks_per_sync, num_workers_per_link, num_buffers_per_channel, use_l1_small_for_semaphores. (all_gather.cpp:148)
2026-09-02 20:57:05.780 | warning  |              Op | The following ttnn.all_gather args are deprecated and will be removed in September-2026: num_links, topology, chunks_per_sync, num_workers_per_link, num_buffers_per_channel, use_l1_small_for_semaphores. (all_gather.cpp:148)
2026-09-02 20:57:05.780 | warning  |              Op | The following ttnn.all_gather args are deprecated and will be removed in September-2026: num_links, topology, chunks_per_sync, num_workers_per_link, num_buffers_per_channel, use_l1_small_for_semaphores. (all_gather.cpp:148)
2026-09-02 20:57:05.989 | warning  |              Op | The following ttnn.all_gather args are deprecated and will be removed in September-2026: num_links, topology, chunks_per_sync, num_workers_per_link, num_buffers_per_channel, use_l1_small_for_semaphores. (all_gather.cpp:148)
2026-09-02 20:57:05.989 | warning  |              Op | The following ttnn.all_gather args are deprecated and will be removed in September-2026: num_links, topology, chunks_per_sync, num_workers_per_link, num_buffers_per_channel, use_l1_small_for_semaphores. (all_gather.cpp:148)
2026-09-02 20:57:06.540 | warning  |              Op | The following ttnn.all_gather args are deprecated and will be removed in September-2026: num_links, topology, chunks_per_sync, num_workers_per_link, num_buffers_per_channel, use_l1_small_for_semaphores. (all_gather.cpp:148)
2026-09-02 20:57:06.541 | warning  |              Op | The following ttnn.all_gather args are deprecated and will be removed in September-2026: num_links, topology, chunks_per_sync, num_workers_per_link, num_buffers_per_channel, use_l1_small_for_semaphores. (all_gather.cpp:148)
----------------------------- Captured stderr call -----------------------------
2026-09-02 20:56:40.777 | DEBUG    | core:as_tensor:724 - Loaded cache for /localdev/gwang/tt_transformers/model_cache/llama33_70b/T3K/empty_kcache_paged_attention(2048, 1, 32, 128)_dtype_BFLOAT8_B_layout_TILE.tensorbin of shape Shape([2048, 1, 32, 128])
2026-09-02 20:56:40.780 | DEBUG    | core:as_tensor:724 - Loaded cache for /localdev/gwang/tt_transformers/model_cache/llama33_70b/T3K/empty_vcache_paged_attention(2048, 1, 32, 128)_dtype_BFLOAT8_B_layout_TILE.tensorbin of shape Shape([2048, 1, 32, 128])
2026-09-02 20:56:40.784 | DEBUG    | core:as_tensor:724 - Loaded cache for /localdev/gwang/tt_transformers/model_cache/llama33_70b/T3K/empty_kcache_paged_attention(2048, 1, 32, 128)_dtype_BFLOAT8_B_layout_TILE.tensorbin of shape Shape([2048, 1, 32, 128])
2026-09-02 20:56:40.787 | DEBUG    | core:as_tensor:724 - Loaded cache for /localdev/gwang/tt_transformers/model_cache/llama33_70b/T3K/empty_vcache_paged_attention(2048, 1, 32, 128)_dtype_BFLOAT8_B_layout_TILE.tensorbin of shape Shape([2048, 1, 32, 128])
2026-09-02 20:56:40.790 | DEBUG    | core:as_tensor:724 - Loaded cache for /localdev/gwang/tt_transformers/model_cache/llama33_70b/T3K/empty_kcache_paged_attention(2048, 1, 32, 128)_dtype_BFLOAT8_B_layout_TILE.tensorbin of shape Shape([2048, 1, 32, 128])
2026-09-02 20:56:40.793 | DEBUG    | core:as_tensor:724 - Loaded cache for /localdev/gwang/tt_transformers/model_cache/llama33_70b/T3K/empty_vcache_paged_attention(2048, 1, 32, 128)_dtype_BFLOAT8_B_layout_TILE.tensorbin of shape Shape([2048, 1, 32, 128])
2026-09-02 20:56:40.797 | DEBUG    | core:as_tensor:724 - Loaded cache for /localdev/gwang/tt_transformers/model_cache/llama33_70b/T3K/empty_kcache_paged_attention(2048, 1, 32, 128)_dtype_BFLOAT8_B_layout_TILE.tensorbin of shape Shape([2048, 1, 32, 128])
2026-09-02 20:56:40.800 | DEBUG    | core:as_tensor:724 - Loaded cache for /localdev/gwang/tt_transformers/model_cache/llama33_70b/T3K/empty_vcache_paged_attention(2048, 1, 32, 128)_dtype_BFLOAT8_B_layout_TILE.tensorbin of shape Shape([2048, 1, 32, 128])
2026-09-02 20:56:40.803 | DEBUG    | core:as_tensor:724 - Loaded cache for /localdev/gwang/tt_transformers/model_cache/llama33_70b/T3K/empty_kcache_paged_attention(2048, 1, 32, 128)_dtype_BFLOAT8_B_layout_TILE.tensorbin of shape Shape([2048, 1, 32, 128])
2026-09-02 20:56:40.806 | DEBUG    | core:as_tensor:724 - Loaded cache for /localdev/gwang/tt_transformers/model_cache/llama33_70b/T3K/empty_vcache_paged_attention(2048, 1, 32, 128)_dtype_BFLOAT8_B_layout_TILE.tensorbin of shape Shape([2048, 1, 32, 128])
2026-09-02 20:56:40.809 | DEBUG    | core:as_tensor:724 - Loaded cache for /localdev/gwang/tt_transformers/model_cache/llama33_70b/T3K/empty_kcache_paged_attention(2048, 1, 32, 128)_dtype_BFLOAT8_B_layout_TILE.tensorbin of shape Shape([2048, 1, 32, 128])
2026-09-02 20:56:40.812 | DEBUG    | core:as_tensor:724 - Loaded cache for /localdev/gwang/tt_transformers/model_cache/llama33_70b/T3K/empty_vcache_paged_attention(2048, 1, 32, 128)_dtype_BFLOAT8_B_layout_TILE.tensorbin of shape Shape([2048, 1, 32, 128])
2026-09-02 20:56:40.815 | DEBUG    | core:as_tensor:724 - Loaded cache for /localdev/gwang/tt_transformers/model_cache/llama33_70b/T3K/empty_kcache_paged_attention(2048, 1, 32, 128)_dtype_BFLOAT8_B_layout_TILE.tensorbin of shape Shape([2048, 1, 32, 128])
2026-09-02 20:56:40.818 | DEBUG    | core:as_tensor:724 - Loaded cache for /localdev/gwang/tt_transformers/model_cache/llama33_70b/T3K/empty_vcache_paged_attention(2048, 1, 32, 128)_dtype_BFLOAT8_B_layout_TILE.tensorbin of shape Shape([2048, 1, 32, 128])
2026-09-02 20:56:40.821 | DEBUG    | core:as_tensor:724 - Loaded cache for /localdev/gwang/tt_transformers/model_cache/llama33_70b/T3K/empty_kcache_paged_attention(2048, 1, 32, 128)_dtype_BFLOAT8_B_layout_TILE.tensorbin of shape Shape([2048, 1, 32, 128])
2026-09-02 20:56:40.824 | DEBUG    | core:as_tensor:724 - Loaded cache for /localdev/gwang/tt_transformers/model_cache/llama33_70b/T3K/empty_vcache_paged_attention(2048, 1, 32, 128)_dtype_BFLOAT8_B_layout_TILE.tensorbin of shape Shape([2048, 1, 32, 128])
2026-09-02 20:56:40.827 | DEBUG    | core:as_tensor:724 - Loaded cache for /localdev/gwang/tt_transformers/model_cache/llama33_70b/T3K/empty_kcache_paged_attention(2048, 1, 32, 128)_dtype_BFLOAT8_B_layout_TILE.tensorbin of shape Shape([2048, 1, 32, 128])
2026-09-02 20:56:40.831 | DEBUG    | core:as_tensor:724 - Loaded cache for /localdev/gwang/tt_transformers/model_cache/llama33_70b/T3K/empty_vcache_paged_attention(2048, 1, 32, 128)_dtype_BFLOAT8_B_layout_TILE.tensorbin of shape Shape([2048, 1, 32, 128])
2026-09-02 20:56:40.834 | DEBUG    | core:as_tensor:724 - Loaded cache for /localdev/gwang/tt_transformers/model_cache/llama33_70b/T3K/empty_kcache_paged_attention(2048, 1, 32, 128)_dtype_BFLOAT8_B_layout_TILE.tensorbin of shape Shape([2048, 1, 32, 128])
2026-09-02 20:56:40.837 | DEBUG    | core:as_tensor:724 - Loaded cache for /localdev/gwang/tt_transformers/model_cache/llama33_70b/T3K/empty_vcache_paged_attention(2048, 1, 32, 128)_dtype_BFLOAT8_B_layout_TILE.tensorbin of shape Shape([2048, 1, 32, 128])
2026-09-02 20:56:40.840 | DEBUG    | core:as_tensor:724 - Loaded cache for /localdev/gwang/tt_transformers/model_cache/llama33_70b/T3K/empty_kcache_paged_attention(2048, 1, 32, 128)_dtype_BFLOAT8_B_layout_TILE.tensorbin of shape Shape([2048, 1, 32, 128])
2026-09-02 20:56:40.843 | DEBUG    | core:as_tensor:724 - Loaded cache for /localdev/gwang/tt_transformers/model_cache/llama33_70b/T3K/empty_vcache_paged_attention(2048, 1, 32, 128)_dtype_BFLOAT8_B_layout_TILE.tensorbin of shape Shape([2048, 1, 32, 128])
2026-09-02 20:56:40.846 | DEBUG    | core:as_tensor:724 - Loaded cache for /localdev/gwang/tt_transformers/model_cache/llama33_70b/T3K/empty_kcache_paged_attention(2048, 1, 32, 128)_dtype_BFLOAT8_B_layout_TILE.tensorbin of shape Shape([2048, 1, 32, 128])
2026-09-02 20:56:40.849 | DEBUG    | core:as_tensor:724 - Loaded cache for /localdev/gwang/tt_transformers/model_cache/llama33_70b/T3K/empty_vcache_paged_attention(2048, 1, 32, 128)_dtype_BFLOAT8_B_layout_TILE.tensorbin of shape Shape([2048, 1, 32, 128])
2026-09-02 20:56:40.852 | DEBUG    | core:as_tensor:724 - Loaded cache for /localdev/gwang/tt_transformers/model_cache/llama33_70b/T3K/empty_kcache_paged_attention(2048, 1, 32, 128)_dtype_BFLOAT8_B_layout_TILE.tensorbin of shape Shape([2048, 1, 32, 128])
2026-09-02 20:56:40.855 | DEBUG    | core:as_tensor:724 - Loaded cache for /localdev/gwang/tt_transformers/model_cache/llama33_70b/T3K/empty_vcache_paged_attention(2048, 1, 32, 128)_dtype_BFLOAT8_B_layout_TILE.tensorbin of shape Shape([2048, 1, 32, 128])
2026-09-02 20:56:40.858 | DEBUG    | core:as_tensor:724 - Loaded cache for /localdev/gwang/tt_transformers/model_cache/llama33_70b/T3K/empty_kcache_paged_attention(2048, 1, 32, 128)_dtype_BFLOAT8_B_layout_TILE.tensorbin of shape Shape([2048, 1, 32, 128])
2026-09-02 20:56:40.862 | DEBUG    | core:as_tensor:724 - Loaded cache for /localdev/gwang/tt_transformers/model_cache/llama33_70b/T3K/empty_vcache_paged_attention(2048, 1, 32, 128)_dtype_BFLOAT8_B_layout_TILE.tensorbin of shape Shape([2048, 1, 32, 128])
2026-09-02 20:56:40.865 | DEBUG    | core:as_tensor:724 - Loaded cache for /localdev/gwang/tt_transformers/model_cache/llama33_70b/T3K/empty_kcache_paged_attention(2048, 1, 32, 128)_dtype_BFLOAT8_B_layout_TILE.tensorbin of shape Shape([2048, 1, 32, 128])
2026-09-02 20:56:40.868 | DEBUG    | core:as_tensor:724 - Loaded cache for /localdev/gwang/tt_transformers/model_cache/llama33_70b/T3K/empty_vcache_paged_attention(2048, 1, 32, 128)_dtype_BFLOAT8_B_layout_TILE.tensorbin of shape Shape([2048, 1, 32, 128])
2026-09-02 20:56:40.871 | DEBUG    | core:as_tensor:724 - Loaded cache for /localdev/gwang/tt_transformers/model_cache/llama33_70b/T3K/empty_kcache_paged_attention(2048, 1, 32, 128)_dtype_BFLOAT8_B_layout_TILE.tensorbin of shape Shape([2048, 1, 32, 128])
2026-09-02 20:56:40.874 | DEBUG    | core:as_tensor:724 - Loaded cache for /localdev/gwang/tt_transformers/model_cache/llama33_70b/T3K/empty_vcache_paged_attention(2048, 1, 32, 128)_dtype_BFLOAT8_B_layout_TILE.tensorbin of shape Shape([2048, 1, 32, 128])
2026-09-02 20:56:40.877 | DEBUG    | core:as_tensor:724 - Loaded cache for /localdev/gwang/tt_transformers/model_cache/llama33_70b/T3K/empty_kcache_paged_attention(2048, 1, 32, 128)_dtype_BFLOAT8_B_layout_TILE.tensorbin of shape Shape([2048, 1, 32, 128])
2026-09-02 20:56:40.880 | DEBUG    | core:as_tensor:724 - Loaded cache for /localdev/gwang/tt_transformers/model_cache/llama33_70b/T3K/empty_vcache_paged_attention(2048, 1, 32, 128)_dtype_BFLOAT8_B_layout_TILE.tensorbin of shape Shape([2048, 1, 32, 128])
2026-09-02 20:56:40.883 | DEBUG    | core:as_tensor:724 - Loaded cache for /localdev/gwang/tt_transformers/model_cache/llama33_70b/T3K/empty_kcache_paged_attention(2048, 1, 32, 128)_dtype_BFLOAT8_B_layout_TILE.tensorbin of shape Shape([2048, 1, 32, 128])
2026-09-02 20:56:40.887 | DEBUG    | core:as_tensor:724 - Loaded cache for /localdev/gwang/tt_transformers/model_cache/llama33_70b/T3K/empty_vcache_paged_attention(2048, 1, 32, 128)_dtype_BFLOAT8_B_layout_TILE.tensorbin of shape Shape([2048, 1, 32, 128])
2026-09-02 20:56:40.890 | DEBUG    | core:as_tensor:724 - Loaded cache for /localdev/gwang/tt_transformers/model_cache/llama33_70b/T3K/empty_kcache_paged_attention(2048, 1, 32, 128)_dtype_BFLOAT8_B_layout_TILE.tensorbin of shape Shape([2048, 1, 32, 128])
2026-09-02 20:56:40.893 | DEBUG    | core:as_tensor:724 - Loaded cache for /localdev/gwang/tt_transformers/model_cache/llama33_70b/T3K/empty_vcache_paged_attention(2048, 1, 32, 128)_dtype_BFLOAT8_B_layout_TILE.tensorbin of shape Shape([2048, 1, 32, 128])
2026-09-02 20:56:40.896 | DEBUG    | core:as_tensor:724 - Loaded cache for /localdev/gwang/tt_transformers/model_cache/llama33_70b/T3K/empty_kcache_paged_attention(2048, 1, 32, 128)_dtype_BFLOAT8_B_layout_TILE.tensorbin of shape Shape([2048, 1, 32, 128])
2026-09-02 20:56:40.899 | DEBUG    | core:as_tensor:724 - Loaded cache for /localdev/gwang/tt_transformers/model_cache/llama33_70b/T3K/empty_vcache_paged_attention(2048, 1, 32, 128)_dtype_BFLOAT8_B_layout_TILE.tensorbin of shape Shape([2048, 1, 32, 128])
2026-09-02 20:56:40.902 | DEBUG    | core:as_tensor:724 - Loaded cache for /localdev/gwang/tt_transformers/model_cache/llama33_70b/T3K/empty_kcache_paged_attention(2048, 1, 32, 128)_dtype_BFLOAT8_B_layout_TILE.tensorbin of shape Shape([2048, 1, 32, 128])
2026-09-02 20:56:40.905 | DEBUG    | core:as_tensor:724 - Loaded cache for /localdev/gwang/tt_transformers/model_cache/llama33_70b/T3K/empty_vcache_paged_attention(2048, 1, 32, 128)_dtype_BFLOAT8_B_layout_TILE.tensorbin of shape Shape([2048, 1, 32, 128])
2026-09-02 20:56:40.908 | DEBUG    | core:as_tensor:724 - Loaded cache for /localdev/gwang/tt_transformers/model_cache/llama33_70b/T3K/empty_kcache_paged_attention(2048, 1, 32, 128)_dtype_BFLOAT8_B_layout_TILE.tensorbin of shape Shape([2048, 1, 32, 128])
2026-09-02 20:56:40.911 | DEBUG    | core:as_tensor:724 - Loaded cache for /localdev/gwang/tt_transformers/model_cache/llama33_70b/T3K/empty_vcache_paged_attention(2048, 1, 32, 128)_dtype_BFLOAT8_B_layout_TILE.tensorbin of shape Shape([2048, 1, 32, 128])
2026-09-02 20:56:40.915 | DEBUG    | core:as_tensor:724 - Loaded cache for /localdev/gwang/tt_transformers/model_cache/llama33_70b/T3K/empty_kcache_paged_attention(2048, 1, 32, 128)_dtype_BFLOAT8_B_layout_TILE.tensorbin of shape Shape([2048, 1, 32, 128])
2026-09-02 20:56:40.918 | DEBUG    | core:as_tensor:724 - Loaded cache for /localdev/gwang/tt_transformers/model_cache/llama33_70b/T3K/empty_vcache_paged_attention(2048, 1, 32, 128)_dtype_BFLOAT8_B_layout_TILE.tensorbin of shape Shape([2048, 1, 32, 128])
2026-09-02 20:56:40.921 | DEBUG    | core:as_tensor:724 - Loaded cache for /localdev/gwang/tt_transformers/model_cache/llama33_70b/T3K/empty_kcache_paged_attention(2048, 1, 32, 128)_dtype_BFLOAT8_B_layout_TILE.tensorbin of shape Shape([2048, 1, 32, 128])
2026-09-02 20:56:40.924 | DEBUG    | core:as_tensor:724 - Loaded cache for /localdev/gwang/tt_transformers/model_cache/llama33_70b/T3K/empty_vcache_paged_attention(2048, 1, 32, 128)_dtype_BFLOAT8_B_layout_TILE.tensorbin of shape Shape([2048, 1, 32, 128])
2026-09-02 20:56:40.927 | DEBUG    | core:as_tensor:724 - Loaded cache for /localdev/gwang/tt_transformers/model_cache/llama33_70b/T3K/empty_kcache_paged_attention(2048, 1, 32, 128)_dtype_BFLOAT8_B_layout_TILE.tensorbin of shape Shape([2048, 1, 32, 128])
2026-09-02 20:56:40.930 | DEBUG    | core:as_tensor:724 - Loaded cache for /localdev/gwang/tt_transformers/model_cache/llama33_70b/T3K/empty_vcache_paged_attention(2048, 1, 32, 128)_dtype_BFLOAT8_B_layout_TILE.tensorbin of shape Shape([2048, 1, 32, 128])
2026-09-02 20:56:40.933 | DEBUG    | core:as_tensor:724 - Loaded cache for /localdev/gwang/tt_transformers/model_cache/llama33_70b/T3K/empty_kcache_paged_attention(2048, 1, 32, 128)_dtype_BFLOAT8_B_layout_TILE.tensorbin of shape Shape([2048, 1, 32, 128])
2026-09-02 20:56:40.936 | DEBUG    | core:as_tensor:724 - Loaded cache for /localdev/gwang/tt_transformers/model_cache/llama33_70b/T3K/empty_vcache_paged_attention(2048, 1, 32, 128)_dtype_BFLOAT8_B_layout_TILE.tensorbin of shape Shape([2048, 1, 32, 128])
2026-09-02 20:56:40.939 | DEBUG    | core:as_tensor:724 - Loaded cache for /localdev/gwang/tt_transformers/model_cache/llama33_70b/T3K/empty_kcache_paged_attention(2048, 1, 32, 128)_dtype_BFLOAT8_B_layout_TILE.tensorbin of shape Shape([2048, 1, 32, 128])
2026-09-02 20:56:40.942 | DEBUG    | core:as_tensor:724 - Loaded cache for /localdev/gwang/tt_transformers/model_cache/llama33_70b/T3K/empty_vcache_paged_attention(2048, 1, 32, 128)_dtype_BFLOAT8_B_layout_TILE.tensorbin of shape Shape([2048, 1, 32, 128])
2026-09-02 20:56:40.945 | DEBUG    | core:as_tensor:724 - Loaded cache for /localdev/gwang/tt_transformers/model_cache/llama33_70b/T3K/empty_kcache_paged_attention(2048, 1, 32, 128)_dtype_BFLOAT8_B_layout_TILE.tensorbin of shape Shape([2048, 1, 32, 128])
2026-09-02 20:56:40.948 | DEBUG    | core:as_tensor:724 - Loaded cache for /localdev/gwang/tt_transformers/model_cache/llama33_70b/T3K/empty_vcache_paged_attention(2048, 1, 32, 128)_dtype_BFLOAT8_B_layout_TILE.tensorbin of shape Shape([2048, 1, 32, 128])
2026-09-02 20:56:40.952 | DEBUG    | core:as_tensor:724 - Loaded cache for /localdev/gwang/tt_transformers/model_cache/llama33_70b/T3K/empty_kcache_paged_attention(2048, 1, 32, 128)_dtype_BFLOAT8_B_layout_TILE.tensorbin of shape Shape([2048, 1, 32, 128])
2026-09-02 20:56:40.955 | DEBUG    | core:as_tensor:724 - Loaded cache for /localdev/gwang/tt_transformers/model_cache/llama33_70b/T3K/empty_vcache_paged_attention(2048, 1, 32, 128)_dtype_BFLOAT8_B_layout_TILE.tensorbin of shape Shape([2048, 1, 32, 128])
2026-09-02 20:56:40.958 | DEBUG    | core:as_tensor:724 - Loaded cache for /localdev/gwang/tt_transformers/model_cache/llama33_70b/T3K/empty_kcache_paged_attention(2048, 1, 32, 128)_dtype_BFLOAT8_B_layout_TILE.tensorbin of shape Shape([2048, 1, 32, 128])
2026-09-02 20:56:40.961 | DEBUG    | core:as_tensor:724 - Loaded cache for /localdev/gwang/tt_transformers/model_cache/llama33_70b/T3K/empty_vcache_paged_attention(2048, 1, 32, 128)_dtype_BFLOAT8_B_layout_TILE.tensorbin of shape Shape([2048, 1, 32, 128])
2026-09-02 20:56:40.964 | DEBUG    | core:as_tensor:724 - Loaded cache for /localdev/gwang/tt_transformers/model_cache/llama33_70b/T3K/empty_kcache_paged_attention(2048, 1, 32, 128)_dtype_BFLOAT8_B_layout_TILE.tensorbin of shape Shape([2048, 1, 32, 128])
2026-09-02 20:56:40.967 | DEBUG    | core:as_tensor:724 - Loaded cache for /localdev/gwang/tt_transformers/model_cache/llama33_70b/T3K/empty_vcache_paged_attention(2048, 1, 32, 128)_dtype_BFLOAT8_B_layout_TILE.tensorbin of shape Shape([2048, 1, 32, 128])
2026-09-02 20:56:40.970 | DEBUG    | core:as_tensor:724 - Loaded cache for /localdev/gwang/tt_transformers/model_cache/llama33_70b/T3K/empty_kcache_paged_attention(2048, 1, 32, 128)_dtype_BFLOAT8_B_layout_TILE.tensorbin of shape Shape([2048, 1, 32, 128])
2026-09-02 20:56:40.973 | DEBUG    | core:as_tensor:724 - Loaded cache for /localdev/gwang/tt_transformers/model_cache/llama33_70b/T3K/empty_vcache_paged_attention(2048, 1, 32, 128)_dtype_BFLOAT8_B_layout_TILE.tensorbin of shape Shape([2048, 1, 32, 128])
2026-09-02 20:56:40.977 | DEBUG    | core:as_tensor:724 - Loaded cache for /localdev/gwang/tt_transformers/model_cache/llama33_70b/T3K/empty_kcache_paged_attention(2048, 1, 32, 128)_dtype_BFLOAT8_B_layout_TILE.tensorbin of shape Shape([2048, 1, 32, 128])
2026-09-02 20:56:40.980 | DEBUG    | core:as_tensor:724 - Loaded cache for /localdev/gwang/tt_transformers/model_cache/llama33_70b/T3K/empty_vcache_paged_attention(2048, 1, 32, 128)_dtype_BFLOAT8_B_layout_TILE.tensorbin of shape Shape([2048, 1, 32, 128])
2026-09-02 20:56:40.983 | DEBUG    | core:as_tensor:724 - Loaded cache for /localdev/gwang/tt_transformers/model_cache/llama33_70b/T3K/empty_kcache_paged_attention(2048, 1, 32, 128)_dtype_BFLOAT8_B_layout_TILE.tensorbin of shape Shape([2048, 1, 32, 128])
2026-09-02 20:56:40.986 | DEBUG    | core:as_tensor:724 - Loaded cache for /localdev/gwang/tt_transformers/model_cache/llama33_70b/T3K/empty_vcache_paged_attention(2048, 1, 32, 128)_dtype_BFLOAT8_B_layout_TILE.tensorbin of shape Shape([2048, 1, 32, 128])
2026-09-02 20:56:40.989 | DEBUG    | core:as_tensor:724 - Loaded cache for /localdev/gwang/tt_transformers/model_cache/llama33_70b/T3K/empty_kcache_paged_attention(2048, 1, 32, 128)_dtype_BFLOAT8_B_layout_TILE.tensorbin of shape Shape([2048, 1, 32, 128])
2026-09-02 20:56:40.992 | DEBUG    | core:as_tensor:724 - Loaded cache for /localdev/gwang/tt_transformers/model_cache/llama33_70b/T3K/empty_vcache_paged_attention(2048, 1, 32, 128)_dtype_BFLOAT8_B_layout_TILE.tensorbin of shape Shape([2048, 1, 32, 128])
2026-09-02 20:56:40.995 | DEBUG    | core:as_tensor:724 - Loaded cache for /localdev/gwang/tt_transformers/model_cache/llama33_70b/T3K/empty_kcache_paged_attention(2048, 1, 32, 128)_dtype_BFLOAT8_B_layout_TILE.tensorbin of shape Shape([2048, 1, 32, 128])
2026-09-02 20:56:40.998 | DEBUG    | core:as_tensor:724 - Loaded cache for /localdev/gwang/tt_transformers/model_cache/llama33_70b/T3K/empty_vcache_paged_attention(2048, 1, 32, 128)_dtype_BFLOAT8_B_layout_TILE.tensorbin of shape Shape([2048, 1, 32, 128])
2026-09-02 20:56:41.001 | DEBUG    | core:as_tensor:724 - Loaded cache for /localdev/gwang/tt_transformers/model_cache/llama33_70b/T3K/empty_kcache_paged_attention(2048, 1, 32, 128)_dtype_BFLOAT8_B_layout_TILE.tensorbin of shape Shape([2048, 1, 32, 128])
2026-09-02 20:56:41.004 | DEBUG    | core:as_tensor:724 - Loaded cache for /localdev/gwang/tt_transformers/model_cache/llama33_70b/T3K/empty_vcache_paged_attention(2048, 1, 32, 128)_dtype_BFLOAT8_B_layout_TILE.tensorbin of shape Shape([2048, 1, 32, 128])
2026-09-02 20:56:41.008 | DEBUG    | core:as_tensor:724 - Loaded cache for /localdev/gwang/tt_transformers/model_cache/llama33_70b/T3K/empty_kcache_paged_attention(2048, 1, 32, 128)_dtype_BFLOAT8_B_layout_TILE.tensorbin of shape Shape([2048, 1, 32, 128])
2026-09-02 20:56:41.011 | DEBUG    | core:as_tensor:724 - Loaded cache for /localdev/gwang/tt_transformers/model_cache/llama33_70b/T3K/empty_vcache_paged_attention(2048, 1, 32, 128)_dtype_BFLOAT8_B_layout_TILE.tensorbin of shape Shape([2048, 1, 32, 128])
2026-09-02 20:56:41.014 | DEBUG    | core:as_tensor:724 - Loaded cache for /localdev/gwang/tt_transformers/model_cache/llama33_70b/T3K/empty_kcache_paged_attention(2048, 1, 32, 128)_dtype_BFLOAT8_B_layout_TILE.tensorbin of shape Shape([2048, 1, 32, 128])
2026-09-02 20:56:41.017 | DEBUG    | core:as_tensor:724 - Loaded cache for /localdev/gwang/tt_transformers/model_cache/llama33_70b/T3K/empty_vcache_paged_attention(2048, 1, 32, 128)_dtype_BFLOAT8_B_layout_TILE.tensorbin of shape Shape([2048, 1, 32, 128])
2026-09-02 20:56:41.020 | DEBUG    | core:as_tensor:724 - Loaded cache for /localdev/gwang/tt_transformers/model_cache/llama33_70b/T3K/empty_kcache_paged_attention(2048, 1, 32, 128)_dtype_BFLOAT8_B_layout_TILE.tensorbin of shape Shape([2048, 1, 32, 128])
2026-09-02 20:56:41.023 | DEBUG    | core:as_tensor:724 - Loaded cache for /localdev/gwang/tt_transformers/model_cache/llama33_70b/T3K/empty_vcache_paged_attention(2048, 1, 32, 128)_dtype_BFLOAT8_B_layout_TILE.tensorbin of shape Shape([2048, 1, 32, 128])
2026-09-02 20:56:41.026 | DEBUG    | core:as_tensor:724 - Loaded cache for /localdev/gwang/tt_transformers/model_cache/llama33_70b/T3K/empty_kcache_paged_attention(2048, 1, 32, 128)_dtype_BFLOAT8_B_layout_TILE.tensorbin of shape Shape([2048, 1, 32, 128])
2026-09-02 20:56:41.029 | DEBUG    | core:as_tensor:724 - Loaded cache for /localdev/gwang/tt_transformers/model_cache/llama33_70b/T3K/empty_vcache_paged_attention(2048, 1, 32, 128)_dtype_BFLOAT8_B_layout_TILE.tensorbin of shape Shape([2048, 1, 32, 128])
2026-09-02 20:56:41.032 | DEBUG    | core:as_tensor:724 - Loaded cache for /localdev/gwang/tt_transformers/model_cache/llama33_70b/T3K/empty_kcache_paged_attention(2048, 1, 32, 128)_dtype_BFLOAT8_B_layout_TILE.tensorbin of shape Shape([2048, 1, 32, 128])
2026-09-02 20:56:41.035 | DEBUG    | core:as_tensor:724 - Loaded cache for /localdev/gwang/tt_transformers/model_cache/llama33_70b/T3K/empty_vcache_paged_attention(2048, 1, 32, 128)_dtype_BFLOAT8_B_layout_TILE.tensorbin of shape Shape([2048, 1, 32, 128])
2026-09-02 20:56:41.038 | DEBUG    | core:as_tensor:724 - Loaded cache for /localdev/gwang/tt_transformers/model_cache/llama33_70b/T3K/empty_kcache_paged_attention(2048, 1, 32, 128)_dtype_BFLOAT8_B_layout_TILE.tensorbin of shape Shape([2048, 1, 32, 128])
2026-09-02 20:56:41.041 | DEBUG    | core:as_tensor:724 - Loaded cache for /localdev/gwang/tt_transformers/model_cache/llama33_70b/T3K/empty_vcache_paged_attention(2048, 1, 32, 128)_dtype_BFLOAT8_B_layout_TILE.tensorbin of shape Shape([2048, 1, 32, 128])
2026-09-02 20:56:41.044 | DEBUG    | core:as_tensor:724 - Loaded cache for /localdev/gwang/tt_transformers/model_cache/llama33_70b/T3K/empty_kcache_paged_attention(2048, 1, 32, 128)_dtype_BFLOAT8_B_layout_TILE.tensorbin of shape Shape([2048, 1, 32, 128])
2026-09-02 20:56:41.047 | DEBUG    | core:as_tensor:724 - Loaded cache for /localdev/gwang/tt_transformers/model_cache/llama33_70b/T3K/empty_vcache_paged_attention(2048, 1, 32, 128)_dtype_BFLOAT8_B_layout_TILE.tensorbin of shape Shape([2048, 1, 32, 128])
2026-09-02 20:56:41.051 | DEBUG    | core:as_tensor:724 - Loaded cache for /localdev/gwang/tt_transformers/model_cache/llama33_70b/T3K/empty_kcache_paged_attention(2048, 1, 32, 128)_dtype_BFLOAT8_B_layout_TILE.tensorbin of shape Shape([2048, 1, 32, 128])
2026-09-02 20:56:41.054 | DEBUG    | core:as_tensor:724 - Loaded cache for /localdev/gwang/tt_transformers/model_cache/llama33_70b/T3K/empty_vcache_paged_attention(2048, 1, 32, 128)_dtype_BFLOAT8_B_layout_TILE.tensorbin of shape Shape([2048, 1, 32, 128])
2026-09-02 20:56:41.057 | DEBUG    | core:as_tensor:724 - Loaded cache for /localdev/gwang/tt_transformers/model_cache/llama33_70b/T3K/empty_kcache_paged_attention(2048, 1, 32, 128)_dtype_BFLOAT8_B_layout_TILE.tensorbin of shape Shape([2048, 1, 32, 128])
2026-09-02 20:56:41.060 | DEBUG    | core:as_tensor:724 - Loaded cache for /localdev/gwang/tt_transformers/model_cache/llama33_70b/T3K/empty_vcache_paged_attention(2048, 1, 32, 128)_dtype_BFLOAT8_B_layout_TILE.tensorbin of shape Shape([2048, 1, 32, 128])
2026-09-02 20:56:41.063 | DEBUG    | core:as_tensor:724 - Loaded cache for /localdev/gwang/tt_transformers/model_cache/llama33_70b/T3K/empty_kcache_paged_attention(2048, 1, 32, 128)_dtype_BFLOAT8_B_layout_TILE.tensorbin of shape Shape([2048, 1, 32, 128])
2026-09-02 20:56:41.066 | DEBUG    | core:as_tensor:724 - Loaded cache for /localdev/gwang/tt_transformers/model_cache/llama33_70b/T3K/empty_vcache_paged_attention(2048, 1, 32, 128)_dtype_BFLOAT8_B_layout_TILE.tensorbin of shape Shape([2048, 1, 32, 128])
2026-09-02 20:56:41.069 | DEBUG    | core:as_tensor:724 - Loaded cache for /localdev/gwang/tt_transformers/model_cache/llama33_70b/T3K/empty_kcache_paged_attention(2048, 1, 32, 128)_dtype_BFLOAT8_B_layout_TILE.tensorbin of shape Shape([2048, 1, 32, 128])
2026-09-02 20:56:41.072 | DEBUG    | core:as_tensor:724 - Loaded cache for /localdev/gwang/tt_transformers/model_cache/llama33_70b/T3K/empty_vcache_paged_attention(2048, 1, 32, 128)_dtype_BFLOAT8_B_layout_TILE.tensorbin of shape Shape([2048, 1, 32, 128])
2026-09-02 20:56:41.075 | DEBUG    | core:as_tensor:724 - Loaded cache for /localdev/gwang/tt_transformers/model_cache/llama33_70b/T3K/empty_kcache_paged_attention(2048, 1, 32, 128)_dtype_BFLOAT8_B_layout_TILE.tensorbin of shape Shape([2048, 1, 32, 128])
2026-09-02 20:56:41.078 | DEBUG    | core:as_tensor:724 - Loaded cache for /localdev/gwang/tt_transformers/model_cache/llama33_70b/T3K/empty_vcache_paged_attention(2048, 1, 32, 128)_dtype_BFLOAT8_B_layout_TILE.tensorbin of shape Shape([2048, 1, 32, 128])
2026-09-02 20:56:41.081 | DEBUG    | core:as_tensor:724 - Loaded cache for /localdev/gwang/tt_transformers/model_cache/llama33_70b/T3K/empty_kcache_paged_attention(2048, 1, 32, 128)_dtype_BFLOAT8_B_layout_TILE.tensorbin of shape Shape([2048, 1, 32, 128])
2026-09-02 20:56:41.085 | DEBUG    | core:as_tensor:724 - Loaded cache for /localdev/gwang/tt_transformers/model_cache/llama33_70b/T3K/empty_vcache_paged_attention(2048, 1, 32, 128)_dtype_BFLOAT8_B_layout_TILE.tensorbin of shape Shape([2048, 1, 32, 128])
2026-09-02 20:56:41.088 | DEBUG    | core:as_tensor:724 - Loaded cache for /localdev/gwang/tt_transformers/model_cache/llama33_70b/T3K/empty_kcache_paged_attention(2048, 1, 32, 128)_dtype_BFLOAT8_B_layout_TILE.tensorbin of shape Shape([2048, 1, 32, 128])
2026-09-02 20:56:41.091 | DEBUG    | core:as_tensor:724 - Loaded cache for /localdev/gwang/tt_transformers/model_cache/llama33_70b/T3K/empty_vcache_paged_attention(2048, 1, 32, 128)_dtype_BFLOAT8_B_layout_TILE.tensorbin of shape Shape([2048, 1, 32, 128])
2026-09-02 20:56:41.094 | DEBUG    | core:as_tensor:724 - Loaded cache for /localdev/gwang/tt_transformers/model_cache/llama33_70b/T3K/empty_kcache_paged_attention(2048, 1, 32, 128)_dtype_BFLOAT8_B_layout_TILE.tensorbin of shape Shape([2048, 1, 32, 128])
2026-09-02 20:56:41.097 | DEBUG    | core:as_tensor:724 - Loaded cache for /localdev/gwang/tt_transformers/model_cache/llama33_70b/T3K/empty_vcache_paged_attention(2048, 1, 32, 128)_dtype_BFLOAT8_B_layout_TILE.tensorbin of shape Shape([2048, 1, 32, 128])
2026-09-02 20:56:41.100 | DEBUG    | core:as_tensor:724 - Loaded cache for /localdev/gwang/tt_transformers/model_cache/llama33_70b/T3K/empty_kcache_paged_attention(2048, 1, 32, 128)_dtype_BFLOAT8_B_layout_TILE.tensorbin of shape Shape([2048, 1, 32, 128])
2026-09-02 20:56:41.103 | DEBUG    | core:as_tensor:724 - Loaded cache for /localdev/gwang/tt_transformers/model_cache/llama33_70b/T3K/empty_vcache_paged_attention(2048, 1, 32, 128)_dtype_BFLOAT8_B_layout_TILE.tensorbin of shape Shape([2048, 1, 32, 128])
2026-09-02 20:56:41.106 | DEBUG    | core:as_tensor:724 - Loaded cache for /localdev/gwang/tt_transformers/model_cache/llama33_70b/T3K/empty_kcache_paged_attention(2048, 1, 32, 128)_dtype_BFLOAT8_B_layout_TILE.tensorbin of shape Shape([2048, 1, 32, 128])
2026-09-02 20:56:41.109 | DEBUG    | core:as_tensor:724 - Loaded cache for /localdev/gwang/tt_transformers/model_cache/llama33_70b/T3K/empty_vcache_paged_attention(2048, 1, 32, 128)_dtype_BFLOAT8_B_layout_TILE.tensorbin of shape Shape([2048, 1, 32, 128])
2026-09-02 20:56:41.112 | DEBUG    | core:as_tensor:724 - Loaded cache for /localdev/gwang/tt_transformers/model_cache/llama33_70b/T3K/empty_kcache_paged_attention(2048, 1, 32, 128)_dtype_BFLOAT8_B_layout_TILE.tensorbin of shape Shape([2048, 1, 32, 128])
2026-09-02 20:56:41.115 | DEBUG    | core:as_tensor:724 - Loaded cache for /localdev/gwang/tt_transformers/model_cache/llama33_70b/T3K/empty_vcache_paged_attention(2048, 1, 32, 128)_dtype_BFLOAT8_B_layout_TILE.tensorbin of shape Shape([2048, 1, 32, 128])
2026-09-02 20:56:41.118 | DEBUG    | core:as_tensor:724 - Loaded cache for /localdev/gwang/tt_transformers/model_cache/llama33_70b/T3K/empty_kcache_paged_attention(2048, 1, 32, 128)_dtype_BFLOAT8_B_layout_TILE.tensorbin of shape Shape([2048, 1, 32, 128])
2026-09-02 20:56:41.121 | DEBUG    | core:as_tensor:724 - Loaded cache for /localdev/gwang/tt_transformers/model_cache/llama33_70b/T3K/empty_vcache_paged_attention(2048, 1, 32, 128)_dtype_BFLOAT8_B_layout_TILE.tensorbin of shape Shape([2048, 1, 32, 128])
2026-09-02 20:56:41.125 | DEBUG    | core:as_tensor:724 - Loaded cache for /localdev/gwang/tt_transformers/model_cache/llama33_70b/T3K/empty_kcache_paged_attention(2048, 1, 32, 128)_dtype_BFLOAT8_B_layout_TILE.tensorbin of shape Shape([2048, 1, 32, 128])
2026-09-02 20:56:41.128 | DEBUG    | core:as_tensor:724 - Loaded cache for /localdev/gwang/tt_transformers/model_cache/llama33_70b/T3K/empty_vcache_paged_attention(2048, 1, 32, 128)_dtype_BFLOAT8_B_layout_TILE.tensorbin of shape Shape([2048, 1, 32, 128])
2026-09-02 20:56:41.131 | DEBUG    | core:as_tensor:724 - Loaded cache for /localdev/gwang/tt_transformers/model_cache/llama33_70b/T3K/empty_kcache_paged_attention(2048, 1, 32, 128)_dtype_BFLOAT8_B_layout_TILE.tensorbin of shape Shape([2048, 1, 32, 128])
2026-09-02 20:56:41.134 | DEBUG    | core:as_tensor:724 - Loaded cache for /localdev/gwang/tt_transformers/model_cache/llama33_70b/T3K/empty_vcache_paged_attention(2048, 1, 32, 128)_dtype_BFLOAT8_B_layout_TILE.tensorbin of shape Shape([2048, 1, 32, 128])
2026-09-02 20:56:41.137 | DEBUG    | core:as_tensor:724 - Loaded cache for /localdev/gwang/tt_transformers/model_cache/llama33_70b/T3K/empty_kcache_paged_attention(2048, 1, 32, 128)_dtype_BFLOAT8_B_layout_TILE.tensorbin of shape Shape([2048, 1, 32, 128])
2026-09-02 20:56:41.140 | DEBUG    | core:as_tensor:724 - Loaded cache for /localdev/gwang/tt_transformers/model_cache/llama33_70b/T3K/empty_vcache_paged_attention(2048, 1, 32, 128)_dtype_BFLOAT8_B_layout_TILE.tensorbin of shape Shape([2048, 1, 32, 128])
2026-09-02 20:56:41.143 | DEBUG    | core:as_tensor:724 - Loaded cache for /localdev/gwang/tt_transformers/model_cache/llama33_70b/T3K/empty_kcache_paged_attention(2048, 1, 32, 128)_dtype_BFLOAT8_B_layout_TILE.tensorbin of shape Shape([2048, 1, 32, 128])
2026-09-02 20:56:41.146 | DEBUG    | core:as_tensor:724 - Loaded cache for /localdev/gwang/tt_transformers/model_cache/llama33_70b/T3K/empty_vcache_paged_attention(2048, 1, 32, 128)_dtype_BFLOAT8_B_layout_TILE.tensorbin of shape Shape([2048, 1, 32, 128])
2026-09-02 20:56:41.149 | DEBUG    | core:as_tensor:724 - Loaded cache for /localdev/gwang/tt_transformers/model_cache/llama33_70b/T3K/empty_kcache_paged_attention(2048, 1, 32, 128)_dtype_BFLOAT8_B_layout_TILE.tensorbin of shape Shape([2048, 1, 32, 128])
2026-09-02 20:56:41.152 | DEBUG    | core:as_tensor:724 - Loaded cache for /localdev/gwang/tt_transformers/model_cache/llama33_70b/T3K/empty_vcache_paged_attention(2048, 1, 32, 128)_dtype_BFLOAT8_B_layout_TILE.tensorbin of shape Shape([2048, 1, 32, 128])
2026-09-02 20:56:41.155 | DEBUG    | core:as_tensor:724 - Loaded cache for /localdev/gwang/tt_transformers/model_cache/llama33_70b/T3K/empty_kcache_paged_attention(2048, 1, 32, 128)_dtype_BFLOAT8_B_layout_TILE.tensorbin of shape Shape([2048, 1, 32, 128])
2026-09-02 20:56:41.158 | DEBUG    | core:as_tensor:724 - Loaded cache for /localdev/gwang/tt_transformers/model_cache/llama33_70b/T3K/empty_vcache_paged_attention(2048, 1, 32, 128)_dtype_BFLOAT8_B_layout_TILE.tensorbin of shape Shape([2048, 1, 32, 128])
2026-09-02 20:56:41.162 | DEBUG    | core:as_tensor:724 - Loaded cache for /localdev/gwang/tt_transformers/model_cache/llama33_70b/T3K/empty_kcache_paged_attention(2048, 1, 32, 128)_dtype_BFLOAT8_B_layout_TILE.tensorbin of shape Shape([2048, 1, 32, 128])
2026-09-02 20:56:41.165 | DEBUG    | core:as_tensor:724 - Loaded cache for /localdev/gwang/tt_transformers/model_cache/llama33_70b/T3K/empty_vcache_paged_attention(2048, 1, 32, 128)_dtype_BFLOAT8_B_layout_TILE.tensorbin of shape Shape([2048, 1, 32, 128])
2026-09-02 20:56:41.168 | DEBUG    | core:as_tensor:724 - Loaded cache for /localdev/gwang/tt_transformers/model_cache/llama33_70b/T3K/empty_kcache_paged_attention(2048, 1, 32, 128)_dtype_BFLOAT8_B_layout_TILE.tensorbin of shape Shape([2048, 1, 32, 128])
2026-09-02 20:56:41.171 | DEBUG    | core:as_tensor:724 - Loaded cache for /localdev/gwang/tt_transformers/model_cache/llama33_70b/T3K/empty_vcache_paged_attention(2048, 1, 32, 128)_dtype_BFLOAT8_B_layout_TILE.tensorbin of shape Shape([2048, 1, 32, 128])
2026-09-02 20:56:41.174 | DEBUG    | core:as_tensor:724 - Loaded cache for /localdev/gwang/tt_transformers/model_cache/llama33_70b/T3K/empty_kcache_paged_attention(2048, 1, 32, 128)_dtype_BFLOAT8_B_layout_TILE.tensorbin of shape Shape([2048, 1, 32, 128])
2026-09-02 20:56:41.177 | DEBUG    | core:as_tensor:724 - Loaded cache for /localdev/gwang/tt_transformers/model_cache/llama33_70b/T3K/empty_vcache_paged_attention(2048, 1, 32, 128)_dtype_BFLOAT8_B_layout_TILE.tensorbin of shape Shape([2048, 1, 32, 128])
2026-09-02 20:56:41.180 | DEBUG    | core:as_tensor:724 - Loaded cache for /localdev/gwang/tt_transformers/model_cache/llama33_70b/T3K/empty_kcache_paged_attention(2048, 1, 32, 128)_dtype_BFLOAT8_B_layout_TILE.tensorbin of shape Shape([2048, 1, 32, 128])
2026-09-02 20:56:41.186 | DEBUG    | core:as_tensor:724 - Loaded cache for /localdev/gwang/tt_transformers/model_cache/llama33_70b/T3K/empty_vcache_paged_attention(2048, 1, 32, 128)_dtype_BFLOAT8_B_layout_TILE.tensorbin of shape Shape([2048, 1, 32, 128])
2026-09-02 20:56:41.190 | DEBUG    | core:as_tensor:724 - Loaded cache for /localdev/gwang/tt_transformers/model_cache/llama33_70b/T3K/empty_kcache_paged_attention(2048, 1, 32, 128)_dtype_BFLOAT8_B_layout_TILE.tensorbin of shape Shape([2048, 1, 32, 128])
2026-09-02 20:56:41.193 | DEBUG    | core:as_tensor:724 - Loaded cache for /localdev/gwang/tt_transformers/model_cache/llama33_70b/T3K/empty_vcache_paged_attention(2048, 1, 32, 128)_dtype_BFLOAT8_B_layout_TILE.tensorbin of shape Shape([2048, 1, 32, 128])
2026-09-02 20:56:41.196 | DEBUG    | core:as_tensor:724 - Loaded cache for /localdev/gwang/tt_transformers/model_cache/llama33_70b/T3K/empty_kcache_paged_attention(2048, 1, 32, 128)_dtype_BFLOAT8_B_layout_TILE.tensorbin of shape Shape([2048, 1, 32, 128])
2026-09-02 20:56:41.199 | DEBUG    | core:as_tensor:724 - Loaded cache for /localdev/gwang/tt_transformers/model_cache/llama33_70b/T3K/empty_vcache_paged_attention(2048, 1, 32, 128)_dtype_BFLOAT8_B_layout_TILE.tensorbin of shape Shape([2048, 1, 32, 128])
2026-09-02 20:56:41.202 | DEBUG    | core:as_tensor:724 - Loaded cache for /localdev/gwang/tt_transformers/model_cache/llama33_70b/T3K/empty_kcache_paged_attention(2048, 1, 32, 128)_dtype_BFLOAT8_B_layout_TILE.tensorbin of shape Shape([2048, 1, 32, 128])
2026-09-02 20:56:41.205 | DEBUG    | core:as_tensor:724 - Loaded cache for /localdev/gwang/tt_transformers/model_cache/llama33_70b/T3K/empty_vcache_paged_attention(2048, 1, 32, 128)_dtype_BFLOAT8_B_layout_TILE.tensorbin of shape Shape([2048, 1, 32, 128])
2026-09-02 20:56:41.208 | DEBUG    | core:as_tensor:724 - Loaded cache for /localdev/gwang/tt_transformers/model_cache/llama33_70b/T3K/empty_kcache_paged_attention(2048, 1, 32, 128)_dtype_BFLOAT8_B_layout_TILE.tensorbin of shape Shape([2048, 1, 32, 128])
2026-09-02 20:56:41.211 | DEBUG    | core:as_tensor:724 - Loaded cache for /localdev/gwang/tt_transformers/model_cache/llama33_70b/T3K/empty_vcache_paged_attention(2048, 1, 32, 128)_dtype_BFLOAT8_B_layout_TILE.tensorbin of shape Shape([2048, 1, 32, 128])
2026-09-02 20:56:41.215 | DEBUG    | core:as_tensor:724 - Loaded cache for /localdev/gwang/tt_transformers/model_cache/llama33_70b/T3K/empty_kcache_paged_attention(2048, 1, 32, 128)_dtype_BFLOAT8_B_layout_TILE.tensorbin of shape Shape([2048, 1, 32, 128])
2026-09-02 20:56:41.218 | DEBUG    | core:as_tensor:724 - Loaded cache for /localdev/gwang/tt_transformers/model_cache/llama33_70b/T3K/empty_vcache_paged_attention(2048, 1, 32, 128)_dtype_BFLOAT8_B_layout_TILE.tensorbin of shape Shape([2048, 1, 32, 128])
2026-09-02 20:56:41.221 | DEBUG    | core:as_tensor:724 - Loaded cache for /localdev/gwang/tt_transformers/model_cache/llama33_70b/T3K/empty_kcache_paged_attention(2048, 1, 32, 128)_dtype_BFLOAT8_B_layout_TILE.tensorbin of shape Shape([2048, 1, 32, 128])
2026-09-02 20:56:41.224 | DEBUG    | core:as_tensor:724 - Loaded cache for /localdev/gwang/tt_transformers/model_cache/llama33_70b/T3K/empty_vcache_paged_attention(2048, 1, 32, 128)_dtype_BFLOAT8_B_layout_TILE.tensorbin of shape Shape([2048, 1, 32, 128])
2026-09-02 20:56:41.227 | DEBUG    | core:as_tensor:724 - Loaded cache for /localdev/gwang/tt_transformers/model_cache/llama33_70b/T3K/empty_kcache_paged_attention(2048, 1, 32, 128)_dtype_BFLOAT8_B_layout_TILE.tensorbin of shape Shape([2048, 1, 32, 128])
2026-09-02 20:56:41.230 | DEBUG    | core:as_tensor:724 - Loaded cache for /localdev/gwang/tt_transformers/model_cache/llama33_70b/T3K/empty_vcache_paged_attention(2048, 1, 32, 128)_dtype_BFLOAT8_B_layout_TILE.tensorbin of shape Shape([2048, 1, 32, 128])
2026-09-02 20:56:41.233 | DEBUG    | core:as_tensor:724 - Loaded cache for /localdev/gwang/tt_transformers/model_cache/llama33_70b/T3K/empty_kcache_paged_attention(2048, 1, 32, 128)_dtype_BFLOAT8_B_layout_TILE.tensorbin of shape Shape([2048, 1, 32, 128])
2026-09-02 20:56:41.236 | DEBUG    | core:as_tensor:724 - Loaded cache for /localdev/gwang/tt_transformers/model_cache/llama33_70b/T3K/empty_vcache_paged_attention(2048, 1, 32, 128)_dtype_BFLOAT8_B_layout_TILE.tensorbin of shape Shape([2048, 1, 32, 128])
2026-09-02 20:56:41.239 | DEBUG    | core:as_tensor:724 - Loaded cache for /localdev/gwang/tt_transformers/model_cache/llama33_70b/T3K/empty_kcache_paged_attention(2048, 1, 32, 128)_dtype_BFLOAT8_B_layout_TILE.tensorbin of shape Shape([2048, 1, 32, 128])
2026-09-02 20:56:41.243 | DEBUG    | core:as_tensor:724 - Loaded cache for /localdev/gwang/tt_transformers/model_cache/llama33_70b/T3K/empty_vcache_paged_attention(2048, 1, 32, 128)_dtype_BFLOAT8_B_layout_TILE.tensorbin of shape Shape([2048, 1, 32, 128])
2026-09-02 20:56:41.246 | DEBUG    | core:as_tensor:724 - Loaded cache for /localdev/gwang/tt_transformers/model_cache/llama33_70b/T3K/empty_kcache_paged_attention(2048, 1, 32, 128)_dtype_BFLOAT8_B_layout_TILE.tensorbin of shape Shape([2048, 1, 32, 128])
2026-09-02 20:56:41.249 | DEBUG    | core:as_tensor:724 - Loaded cache for /localdev/gwang/tt_transformers/model_cache/llama33_70b/T3K/empty_vcache_paged_attention(2048, 1, 32, 128)_dtype_BFLOAT8_B_layout_TILE.tensorbin of shape Shape([2048, 1, 32, 128])
2026-09-02 20:56:41.252 | DEBUG    | core:as_tensor:724 - Loaded cache for /localdev/gwang/tt_transformers/model_cache/llama33_70b/T3K/empty_kcache_paged_attention(2048, 1, 32, 128)_dtype_BFLOAT8_B_layout_TILE.tensorbin of shape Shape([2048, 1, 32, 128])
2026-09-02 20:56:41.255 | DEBUG    | core:as_tensor:724 - Loaded cache for /localdev/gwang/tt_transformers/model_cache/llama33_70b/T3K/empty_vcache_paged_attention(2048, 1, 32, 128)_dtype_BFLOAT8_B_layout_TILE.tensorbin of shape Shape([2048, 1, 32, 128])
2026-09-02 20:56:41.258 | DEBUG    | core:as_tensor:724 - Loaded cache for /localdev/gwang/tt_transformers/model_cache/llama33_70b/T3K/empty_kcache_paged_attention(2048, 1, 32, 128)_dtype_BFLOAT8_B_layout_TILE.tensorbin of shape Shape([2048, 1, 32, 128])
2026-09-02 20:56:41.261 | DEBUG    | core:as_tensor:724 - Loaded cache for /localdev/gwang/tt_transformers/model_cache/llama33_70b/T3K/empty_vcache_paged_attention(2048, 1, 32, 128)_dtype_BFLOAT8_B_layout_TILE.tensorbin of shape Shape([2048, 1, 32, 128])
2026-09-02 20:56:41.264 | DEBUG    | core:as_tensor:724 - Loaded cache for /localdev/gwang/tt_transformers/model_cache/llama33_70b/T3K/empty_kcache_paged_attention(2048, 1, 32, 128)_dtype_BFLOAT8_B_layout_TILE.tensorbin of shape Shape([2048, 1, 32, 128])
2026-09-02 20:56:41.267 | DEBUG    | core:as_tensor:724 - Loaded cache for /localdev/gwang/tt_transformers/model_cache/llama33_70b/T3K/empty_vcache_paged_attention(2048, 1, 32, 128)_dtype_BFLOAT8_B_layout_TILE.tensorbin of shape Shape([2048, 1, 32, 128])
2026-09-02 20:56:41.270 | DEBUG    | core:as_tensor:724 - Loaded cache for /localdev/gwang/tt_transformers/model_cache/llama33_70b/T3K/empty_kcache_paged_attention(2048, 1, 32, 128)_dtype_BFLOAT8_B_layout_TILE.tensorbin of shape Shape([2048, 1, 32, 128])
2026-09-02 20:56:41.273 | DEBUG    | core:as_tensor:724 - Loaded cache for /localdev/gwang/tt_transformers/model_cache/llama33_70b/T3K/empty_vcache_paged_attention(2048, 1, 32, 128)_dtype_BFLOAT8_B_layout_TILE.tensorbin of shape Shape([2048, 1, 32, 128])
2026-09-02 20:56:45.035 | DEBUG    | core:as_tensor:724 - Loaded cache for /localdev/gwang/tt_transformers/model_cache/llama33_70b/T3K/empty_kcache_paged_attention(2048, 1, 32, 128)_dtype_BFLOAT8_B_layout_TILE.tensorbin of shape Shape([2048, 1, 32, 128])
2026-09-02 20:56:45.038 | DEBUG    | core:as_tensor:724 - Loaded cache for /localdev/gwang/tt_transformers/model_cache/llama33_70b/T3K/empty_vcache_paged_attention(2048, 1, 32, 128)_dtype_BFLOAT8_B_layout_TILE.tensorbin of shape Shape([2048, 1, 32, 128])
2026-09-02 20:56:45.041 | DEBUG    | core:as_tensor:724 - Loaded cache for /localdev/gwang/tt_transformers/model_cache/llama33_70b/T3K/empty_kcache_paged_attention(2048, 1, 32, 128)_dtype_BFLOAT8_B_layout_TILE.tensorbin of shape Shape([2048, 1, 32, 128])
2026-09-02 20:56:45.044 | DEBUG    | core:as_tensor:724 - Loaded cache for /localdev/gwang/tt_transformers/model_cache/llama33_70b/T3K/empty_vcache_paged_attention(2048, 1, 32, 128)_dtype_BFLOAT8_B_layout_TILE.tensorbin of shape Shape([2048, 1, 32, 128])
2026-09-02 20:56:45.047 | DEBUG    | core:as_tensor:724 - Loaded cache for /localdev/gwang/tt_transformers/model_cache/llama33_70b/T3K/empty_kcache_paged_attention(2048, 1, 32, 128)_dtype_BFLOAT8_B_layout_TILE.tensorbin of shape Shape([2048, 1, 32, 128])
2026-09-02 20:56:45.050 | DEBUG    | core:as_tensor:724 - Loaded cache for /localdev/gwang/tt_transformers/model_cache/llama33_70b/T3K/empty_vcache_paged_attention(2048, 1, 32, 128)_dtype_BFLOAT8_B_layout_TILE.tensorbin of shape Shape([2048, 1, 32, 128])
2026-09-02 20:56:45.053 | DEBUG    | core:as_tensor:724 - Loaded cache for /localdev/gwang/tt_transformers/model_cache/llama33_70b/T3K/empty_kcache_paged_attention(2048, 1, 32, 128)_dtype_BFLOAT8_B_layout_TILE.tensorbin of shape Shape([2048, 1, 32, 128])
2026-09-02 20:56:45.056 | DEBUG    | core:as_tensor:724 - Loaded cache for /localdev/gwang/tt_transformers/model_cache/llama33_70b/T3K/empty_vcache_paged_attention(2048, 1, 32, 128)_dtype_BFLOAT8_B_layout_TILE.tensorbin of shape Shape([2048, 1, 32, 128])
2026-09-02 20:56:45.059 | DEBUG    | core:as_tensor:724 - Loaded cache for /localdev/gwang/tt_transformers/model_cache/llama33_70b/T3K/empty_kcache_paged_attention(2048, 1, 32, 128)_dtype_BFLOAT8_B_layout_TILE.tensorbin of shape Shape([2048, 1, 32, 128])
2026-09-02 20:56:45.062 | DEBUG    | core:as_tensor:724 - Loaded cache for /localdev/gwang/tt_transformers/model_cache/llama33_70b/T3K/empty_vcache_paged_attention(2048, 1, 32, 128)_dtype_BFLOAT8_B_layout_TILE.tensorbin of shape Shape([2048, 1, 32, 128])
2026-09-02 20:56:45.065 | DEBUG    | core:as_tensor:724 - Loaded cache for /localdev/gwang/tt_transformers/model_cache/llama33_70b/T3K/empty_kcache_paged_attention(2048, 1, 32, 128)_dtype_BFLOAT8_B_layout_TILE.tensorbin of shape Shape([2048, 1, 32, 128])
2026-09-02 20:56:45.068 | DEBUG    | core:as_tensor:724 - Loaded cache for /localdev/gwang/tt_transformers/model_cache/llama33_70b/T3K/empty_vcache_paged_attention(2048, 1, 32, 128)_dtype_BFLOAT8_B_layout_TILE.tensorbin of shape Shape([2048, 1, 32, 128])
2026-09-02 20:56:45.071 | DEBUG    | core:as_tensor:724 - Loaded cache for /localdev/gwang/tt_transformers/model_cache/llama33_70b/T3K/empty_kcache_paged_attention(2048, 1, 32, 128)_dtype_BFLOAT8_B_layout_TILE.tensorbin of shape Shape([2048, 1, 32, 128])
2026-09-02 20:56:45.074 | DEBUG    | core:as_tensor:724 - Loaded cache for /localdev/gwang/tt_transformers/model_cache/llama33_70b/T3K/empty_vcache_paged_attention(2048, 1, 32, 128)_dtype_BFLOAT8_B_layout_TILE.tensorbin of shape Shape([2048, 1, 32, 128])
2026-09-02 20:56:45.077 | DEBUG    | core:as_tensor:724 - Loaded cache for /localdev/gwang/tt_transformers/model_cache/llama33_70b/T3K/empty_kcache_paged_attention(2048, 1, 32, 128)_dtype_BFLOAT8_B_layout_TILE.tensorbin of shape Shape([2048, 1, 32, 128])
2026-09-02 20:56:45.080 | DEBUG    | core:as_tensor:724 - Loaded cache for /localdev/gwang/tt_transformers/model_cache/llama33_70b/T3K/empty_vcache_paged_attention(2048, 1, 32, 128)_dtype_BFLOAT8_B_layout_TILE.tensorbin of shape Shape([2048, 1, 32, 128])
2026-09-02 20:56:45.082 | DEBUG    | core:as_tensor:724 - Loaded cache for /localdev/gwang/tt_transformers/model_cache/llama33_70b/T3K/empty_kcache_paged_attention(2048, 1, 32, 128)_dtype_BFLOAT8_B_layout_TILE.tensorbin of shape Shape([2048, 1, 32, 128])
2026-09-02 20:56:45.085 | DEBUG    | core:as_tensor:724 - Loaded cache for /localdev/gwang/tt_transformers/model_cache/llama33_70b/T3K/empty_vcache_paged_attention(2048, 1, 32, 128)_dtype_BFLOAT8_B_layout_TILE.tensorbin of shape Shape([2048, 1, 32, 128])
2026-09-02 20:56:45.088 | DEBUG    | core:as_tensor:724 - Loaded cache for /localdev/gwang/tt_transformers/model_cache/llama33_70b/T3K/empty_kcache_paged_attention(2048, 1, 32, 128)_dtype_BFLOAT8_B_layout_TILE.tensorbin of shape Shape([2048, 1, 32, 128])
2026-09-02 20:56:45.091 | DEBUG    | core:as_tensor:724 - Loaded cache for /localdev/gwang/tt_transformers/model_cache/llama33_70b/T3K/empty_vcache_paged_attention(2048, 1, 32, 128)_dtype_BFLOAT8_B_layout_TILE.tensorbin of shape Shape([2048, 1, 32, 128])
2026-09-02 20:56:45.094 | DEBUG    | core:as_tensor:724 - Loaded cache for /localdev/gwang/tt_transformers/model_cache/llama33_70b/T3K/empty_kcache_paged_attention(2048, 1, 32, 128)_dtype_BFLOAT8_B_layout_TILE.tensorbin of shape Shape([2048, 1, 32, 128])
2026-09-02 20:56:45.097 | DEBUG    | core:as_tensor:724 - Loaded cache for /localdev/gwang/tt_transformers/model_cache/llama33_70b/T3K/empty_vcache_paged_attention(2048, 1, 32, 128)_dtype_BFLOAT8_B_layout_TILE.tensorbin of shape Shape([2048, 1, 32, 128])
2026-09-02 20:56:45.100 | DEBUG    | core:as_tensor:724 - Loaded cache for /localdev/gwang/tt_transformers/model_cache/llama33_70b/T3K/empty_kcache_paged_attention(2048, 1, 32, 128)_dtype_BFLOAT8_B_layout_TILE.tensorbin of shape Shape([2048, 1, 32, 128])
2026-09-02 20:56:45.103 | DEBUG    | core:as_tensor:724 - Loaded cache for /localdev/gwang/tt_transformers/model_cache/llama33_70b/T3K/empty_vcache_paged_attention(2048, 1, 32, 128)_dtype_BFLOAT8_B_layout_TILE.tensorbin of shape Shape([2048, 1, 32, 128])
2026-09-02 20:56:45.106 | DEBUG    | core:as_tensor:724 - Loaded cache for /localdev/gwang/tt_transformers/model_cache/llama33_70b/T3K/empty_kcache_paged_attention(2048, 1, 32, 128)_dtype_BFLOAT8_B_layout_TILE.tensorbin of shape Shape([2048, 1, 32, 128])
2026-09-02 20:56:45.109 | DEBUG    | core:as_tensor:724 - Loaded cache for /localdev/gwang/tt_transformers/model_cache/llama33_70b/T3K/empty_vcache_paged_attention(2048, 1, 32, 128)_dtype_BFLOAT8_B_layout_TILE.tensorbin of shape Shape([2048, 1, 32, 128])
2026-09-02 20:56:45.112 | DEBUG    | core:as_tensor:724 - Loaded cache for /localdev/gwang/tt_transformers/model_cache/llama33_70b/T3K/empty_kcache_paged_attention(2048, 1, 32, 128)_dtype_BFLOAT8_B_layout_TILE.tensorbin of shape Shape([2048, 1, 32, 128])
2026-09-02 20:56:45.115 | DEBUG    | core:as_tensor:724 - Loaded cache for /localdev/gwang/tt_transformers/model_cache/llama33_70b/T3K/empty_vcache_paged_attention(2048, 1, 32, 128)_dtype_BFLOAT8_B_layout_TILE.tensorbin of shape Shape([2048, 1, 32, 128])
2026-09-02 20:56:45.118 | DEBUG    | core:as_tensor:724 - Loaded cache for /localdev/gwang/tt_transformers/model_cache/llama33_70b/T3K/empty_kcache_paged_attention(2048, 1, 32, 128)_dtype_BFLOAT8_B_layout_TILE.tensorbin of shape Shape([2048, 1, 32, 128])
2026-09-02 20:56:45.121 | DEBUG    | core:as_tensor:724 - Loaded cache for /localdev/gwang/tt_transformers/model_cache/llama33_70b/T3K/empty_vcache_paged_attention(2048, 1, 32, 128)_dtype_BFLOAT8_B_layout_TILE.tensorbin of shape Shape([2048, 1, 32, 128])
2026-09-02 20:56:45.124 | DEBUG    | core:as_tensor:724 - Loaded cache for /localdev/gwang/tt_transformers/model_cache/llama33_70b/T3K/empty_kcache_paged_attention(2048, 1, 32, 128)_dtype_BFLOAT8_B_layout_TILE.tensorbin of shape Shape([2048, 1, 32, 128])
2026-09-02 20:56:45.126 | DEBUG    | core:as_tensor:724 - Loaded cache for /localdev/gwang/tt_transformers/model_cache/llama33_70b/T3K/empty_vcache_paged_attention(2048, 1, 32, 128)_dtype_BFLOAT8_B_layout_TILE.tensorbin of shape Shape([2048, 1, 32, 128])
2026-09-02 20:56:45.129 | DEBUG    | core:as_tensor:724 - Loaded cache for /localdev/gwang/tt_transformers/model_cache/llama33_70b/T3K/empty_kcache_paged_attention(2048, 1, 32, 128)_dtype_BFLOAT8_B_layout_TILE.tensorbin of shape Shape([2048, 1, 32, 128])
2026-09-02 20:56:45.132 | DEBUG    | core:as_tensor:724 - Loaded cache for /localdev/gwang/tt_transformers/model_cache/llama33_70b/T3K/empty_vcache_paged_attention(2048, 1, 32, 128)_dtype_BFLOAT8_B_layout_TILE.tensorbin of shape Shape([2048, 1, 32, 128])
2026-09-02 20:56:45.135 | DEBUG    | core:as_tensor:724 - Loaded cache for /localdev/gwang/tt_transformers/model_cache/llama33_70b/T3K/empty_kcache_paged_attention(2048, 1, 32, 128)_dtype_BFLOAT8_B_layout_TILE.tensorbin of shape Shape([2048, 1, 32, 128])
2026-09-02 20:56:45.138 | DEBUG    | core:as_tensor:724 - Loaded cache for /localdev/gwang/tt_transformers/model_cache/llama33_70b/T3K/empty_vcache_paged_attention(2048, 1, 32, 128)_dtype_BFLOAT8_B_layout_TILE.tensorbin of shape Shape([2048, 1, 32, 128])
2026-09-02 20:56:45.141 | DEBUG    | core:as_tensor:724 - Loaded cache for /localdev/gwang/tt_transformers/model_cache/llama33_70b/T3K/empty_kcache_paged_attention(2048, 1, 32, 128)_dtype_BFLOAT8_B_layout_TILE.tensorbin of shape Shape([2048, 1, 32, 128])
2026-09-02 20:56:45.144 | DEBUG    | core:as_tensor:724 - Loaded cache for /localdev/gwang/tt_transformers/model_cache/llama33_70b/T3K/empty_vcache_paged_attention(2048, 1, 32, 128)_dtype_BFLOAT8_B_layout_TILE.tensorbin of shape Shape([2048, 1, 32, 128])
2026-09-02 20:56:45.147 | DEBUG    | core:as_tensor:724 - Loaded cache for /localdev/gwang/tt_transformers/model_cache/llama33_70b/T3K/empty_kcache_paged_attention(2048, 1, 32, 128)_dtype_BFLOAT8_B_layout_TILE.tensorbin of shape Shape([2048, 1, 32, 128])
2026-09-02 20:56:45.150 | DEBUG    | core:as_tensor:724 - Loaded cache for /localdev/gwang/tt_transformers/model_cache/llama33_70b/T3K/empty_vcache_paged_attention(2048, 1, 32, 128)_dtype_BFLOAT8_B_layout_TILE.tensorbin of shape Shape([2048, 1, 32, 128])
2026-09-02 20:56:45.153 | DEBUG    | core:as_tensor:724 - Loaded cache for /localdev/gwang/tt_transformers/model_cache/llama33_70b/T3K/empty_kcache_paged_attention(2048, 1, 32, 128)_dtype_BFLOAT8_B_layout_TILE.tensorbin of shape Shape([2048, 1, 32, 128])
2026-09-02 20:56:45.156 | DEBUG    | core:as_tensor:724 - Loaded cache for /localdev/gwang/tt_transformers/model_cache/llama33_70b/T3K/empty_vcache_paged_attention(2048, 1, 32, 128)_dtype_BFLOAT8_B_layout_TILE.tensorbin of shape Shape([2048, 1, 32, 128])
2026-09-02 20:56:45.159 | DEBUG    | core:as_tensor:724 - Loaded cache for /localdev/gwang/tt_transformers/model_cache/llama33_70b/T3K/empty_kcache_paged_attention(2048, 1, 32, 128)_dtype_BFLOAT8_B_layout_TILE.tensorbin of shape Shape([2048, 1, 32, 128])
2026-09-02 20:56:45.161 | DEBUG    | core:as_tensor:724 - Loaded cache for /localdev/gwang/tt_transformers/model_cache/llama33_70b/T3K/empty_vcache_paged_attention(2048, 1, 32, 128)_dtype_BFLOAT8_B_layout_TILE.tensorbin of shape Shape([2048, 1, 32, 128])
2026-09-02 20:56:45.164 | DEBUG    | core:as_tensor:724 - Loaded cache for /localdev/gwang/tt_transformers/model_cache/llama33_70b/T3K/empty_kcache_paged_attention(2048, 1, 32, 128)_dtype_BFLOAT8_B_layout_TILE.tensorbin of shape Shape([2048, 1, 32, 128])
2026-09-02 20:56:45.167 | DEBUG    | core:as_tensor:724 - Loaded cache for /localdev/gwang/tt_transformers/model_cache/llama33_70b/T3K/empty_vcache_paged_attention(2048, 1, 32, 128)_dtype_BFLOAT8_B_layout_TILE.tensorbin of shape Shape([2048, 1, 32, 128])
2026-09-02 20:56:45.170 | DEBUG    | core:as_tensor:724 - Loaded cache for /localdev/gwang/tt_transformers/model_cache/llama33_70b/T3K/empty_kcache_paged_attention(2048, 1, 32, 128)_dtype_BFLOAT8_B_layout_TILE.tensorbin of shape Shape([2048, 1, 32, 128])
2026-09-02 20:56:45.173 | DEBUG    | core:as_tensor:724 - Loaded cache for /localdev/gwang/tt_transformers/model_cache/llama33_70b/T3K/empty_vcache_paged_attention(2048, 1, 32, 128)_dtype_BFLOAT8_B_layout_TILE.tensorbin of shape Shape([2048, 1, 32, 128])
2026-09-02 20:56:45.176 | DEBUG    | core:as_tensor:724 - Loaded cache for /localdev/gwang/tt_transformers/model_cache/llama33_70b/T3K/empty_kcache_paged_attention(2048, 1, 32, 128)_dtype_BFLOAT8_B_layout_TILE.tensorbin of shape Shape([2048, 1, 32, 128])
2026-09-02 20:56:45.179 | DEBUG    | core:as_tensor:724 - Loaded cache for /localdev/gwang/tt_transformers/model_cache/llama33_70b/T3K/empty_vcache_paged_attention(2048, 1, 32, 128)_dtype_BFLOAT8_B_layout_TILE.tensorbin of shape Shape([2048, 1, 32, 128])
2026-09-02 20:56:45.182 | DEBUG    | core:as_tensor:724 - Loaded cache for /localdev/gwang/tt_transformers/model_cache/llama33_70b/T3K/empty_kcache_paged_attention(2048, 1, 32, 128)_dtype_BFLOAT8_B_layout_TILE.tensorbin of shape Shape([2048, 1, 32, 128])
2026-09-02 20:56:45.185 | DEBUG    | core:as_tensor:724 - Loaded cache for /localdev/gwang/tt_transformers/model_cache/llama33_70b/T3K/empty_vcache_paged_attention(2048, 1, 32, 128)_dtype_BFLOAT8_B_layout_TILE.tensorbin of shape Shape([2048, 1, 32, 128])
2026-09-02 20:56:45.188 | DEBUG    | core:as_tensor:724 - Loaded cache for /localdev/gwang/tt_transformers/model_cache/llama33_70b/T3K/empty_kcache_paged_attention(2048, 1, 32, 128)_dtype_BFLOAT8_B_layout_TILE.tensorbin of shape Shape([2048, 1, 32, 128])
2026-09-02 20:56:45.191 | DEBUG    | core:as_tensor:724 - Loaded cache for /localdev/gwang/tt_transformers/model_cache/llama33_70b/T3K/empty_vcache_paged_attention(2048, 1, 32, 128)_dtype_BFLOAT8_B_layout_TILE.tensorbin of shape Shape([2048, 1, 32, 128])
2026-09-02 20:56:45.194 | DEBUG    | core:as_tensor:724 - Loaded cache for /localdev/gwang/tt_transformers/model_cache/llama33_70b/T3K/empty_kcache_paged_attention(2048, 1, 32, 128)_dtype_BFLOAT8_B_layout_TILE.tensorbin of shape Shape([2048, 1, 32, 128])
2026-09-02 20:56:45.197 | DEBUG    | core:as_tensor:724 - Loaded cache for /localdev/gwang/tt_transformers/model_cache/llama33_70b/T3K/empty_vcache_paged_attention(2048, 1, 32, 128)_dtype_BFLOAT8_B_layout_TILE.tensorbin of shape Shape([2048, 1, 32, 128])
2026-09-02 20:56:45.200 | DEBUG    | core:as_tensor:724 - Loaded cache for /localdev/gwang/tt_transformers/model_cache/llama33_70b/T3K/empty_kcache_paged_attention(2048, 1, 32, 128)_dtype_BFLOAT8_B_layout_TILE.tensorbin of shape Shape([2048, 1, 32, 128])
2026-09-02 20:56:45.203 | DEBUG    | core:as_tensor:724 - Loaded cache for /localdev/gwang/tt_transformers/model_cache/llama33_70b/T3K/empty_vcache_paged_attention(2048, 1, 32, 128)_dtype_BFLOAT8_B_layout_TILE.tensorbin of shape Shape([2048, 1, 32, 128])
2026-09-02 20:56:45.205 | DEBUG    | core:as_tensor:724 - Loaded cache for /localdev/gwang/tt_transformers/model_cache/llama33_70b/T3K/empty_kcache_paged_attention(2048, 1, 32, 128)_dtype_BFLOAT8_B_layout_TILE.tensorbin of shape Shape([2048, 1, 32, 128])
2026-09-02 20:56:45.218 | DEBUG    | core:as_tensor:724 - Loaded cache for /localdev/gwang/tt_transformers/model_cache/llama33_70b/T3K/empty_vcache_paged_attention(2048, 1, 32, 128)_dtype_BFLOAT8_B_layout_TILE.tensorbin of shape Shape([2048, 1, 32, 128])
2026-09-02 20:56:45.221 | DEBUG    | core:as_tensor:724 - Loaded cache for /localdev/gwang/tt_transformers/model_cache/llama33_70b/T3K/empty_kcache_paged_attention(2048, 1, 32, 128)_dtype_BFLOAT8_B_layout_TILE.tensorbin of shape Shape([2048, 1, 32, 128])
2026-09-02 20:56:45.224 | DEBUG    | core:as_tensor:724 - Loaded cache for /localdev/gwang/tt_transformers/model_cache/llama33_70b/T3K/empty_vcache_paged_attention(2048, 1, 32, 128)_dtype_BFLOAT8_B_layout_TILE.tensorbin of shape Shape([2048, 1, 32, 128])
2026-09-02 20:56:45.228 | DEBUG    | core:as_tensor:724 - Loaded cache for /localdev/gwang/tt_transformers/model_cache/llama33_70b/T3K/empty_kcache_paged_attention(2048, 1, 32, 128)_dtype_BFLOAT8_B_layout_TILE.tensorbin of shape Shape([2048, 1, 32, 128])
2026-09-02 20:56:45.231 | DEBUG    | core:as_tensor:724 - Loaded cache for /localdev/gwang/tt_transformers/model_cache/llama33_70b/T3K/empty_vcache_paged_attention(2048, 1, 32, 128)_dtype_BFLOAT8_B_layout_TILE.tensorbin of shape Shape([2048, 1, 32, 128])
2026-09-02 20:56:45.234 | DEBUG    | core:as_tensor:724 - Loaded cache for /localdev/gwang/tt_transformers/model_cache/llama33_70b/T3K/empty_kcache_paged_attention(2048, 1, 32, 128)_dtype_BFLOAT8_B_layout_TILE.tensorbin of shape Shape([2048, 1, 32, 128])
2026-09-02 20:56:45.237 | DEBUG    | core:as_tensor:724 - Loaded cache for /localdev/gwang/tt_transformers/model_cache/llama33_70b/T3K/empty_vcache_paged_attention(2048, 1, 32, 128)_dtype_BFLOAT8_B_layout_TILE.tensorbin of shape Shape([2048, 1, 32, 128])
2026-09-02 20:56:45.240 | DEBUG    | core:as_tensor:724 - Loaded cache for /localdev/gwang/tt_transformers/model_cache/llama33_70b/T3K/empty_kcache_paged_attention(2048, 1, 32, 128)_dtype_BFLOAT8_B_layout_TILE.tensorbin of shape Shape([2048, 1, 32, 128])
2026-09-02 20:56:45.243 | DEBUG    | core:as_tensor:724 - Loaded cache for /localdev/gwang/tt_transformers/model_cache/llama33_70b/T3K/empty_vcache_paged_attention(2048, 1, 32, 128)_dtype_BFLOAT8_B_layout_TILE.tensorbin of shape Shape([2048, 1, 32, 128])
2026-09-02 20:56:45.245 | DEBUG    | core:as_tensor:724 - Loaded cache for /localdev/gwang/tt_transformers/model_cache/llama33_70b/T3K/empty_kcache_paged_attention(2048, 1, 32, 128)_dtype_BFLOAT8_B_layout_TILE.tensorbin of shape Shape([2048, 1, 32, 128])
2026-09-02 20:56:45.248 | DEBUG    | core:as_tensor:724 - Loaded cache for /localdev/gwang/tt_transformers/model_cache/llama33_70b/T3K/empty_vcache_paged_attention(2048, 1, 32, 128)_dtype_BFLOAT8_B_layout_TILE.tensorbin of shape Shape([2048, 1, 32, 128])
2026-09-02 20:56:45.251 | DEBUG    | core:as_tensor:724 - Loaded cache for /localdev/gwang/tt_transformers/model_cache/llama33_70b/T3K/empty_kcache_paged_attention(2048, 1, 32, 128)_dtype_BFLOAT8_B_layout_TILE.tensorbin of shape Shape([2048, 1, 32, 128])
2026-09-02 20:56:45.254 | DEBUG    | core:as_tensor:724 - Loaded cache for /localdev/gwang/tt_transformers/model_cache/llama33_70b/T3K/empty_vcache_paged_attention(2048, 1, 32, 128)_dtype_BFLOAT8_B_layout_TILE.tensorbin of shape Shape([2048, 1, 32, 128])
2026-09-02 20:56:45.257 | DEBUG    | core:as_tensor:724 - Loaded cache for /localdev/gwang/tt_transformers/model_cache/llama33_70b/T3K/empty_kcache_paged_attention(2048, 1, 32, 128)_dtype_BFLOAT8_B_layout_TILE.tensorbin of shape Shape([2048, 1, 32, 128])
2026-09-02 20:56:45.260 | DEBUG    | core:as_tensor:724 - Loaded cache for /localdev/gwang/tt_transformers/model_cache/llama33_70b/T3K/empty_vcache_paged_attention(2048, 1, 32, 128)_dtype_BFLOAT8_B_layout_TILE.tensorbin of shape Shape([2048, 1, 32, 128])
2026-09-02 20:56:45.263 | DEBUG    | core:as_tensor:724 - Loaded cache for /localdev/gwang/tt_transformers/model_cache/llama33_70b/T3K/empty_kcache_paged_attention(2048, 1, 32, 128)_dtype_BFLOAT8_B_layout_TILE.tensorbin of shape Shape([2048, 1, 32, 128])
2026-09-02 20:56:45.266 | DEBUG    | core:as_tensor:724 - Loaded cache for /localdev/gwang/tt_transformers/model_cache/llama33_70b/T3K/empty_vcache_paged_attention(2048, 1, 32, 128)_dtype_BFLOAT8_B_layout_TILE.tensorbin of shape Shape([2048, 1, 32, 128])
2026-09-02 20:56:45.269 | DEBUG    | core:as_tensor:724 - Loaded cache for /localdev/gwang/tt_transformers/model_cache/llama33_70b/T3K/empty_kcache_paged_attention(2048, 1, 32, 128)_dtype_BFLOAT8_B_layout_TILE.tensorbin of shape Shape([2048, 1, 32, 128])
2026-09-02 20:56:45.272 | DEBUG    | core:as_tensor:724 - Loaded cache for /localdev/gwang/tt_transformers/model_cache/llama33_70b/T3K/empty_vcache_paged_attention(2048, 1, 32, 128)_dtype_BFLOAT8_B_layout_TILE.tensorbin of shape Shape([2048, 1, 32, 128])
2026-09-02 20:56:45.275 | DEBUG    | core:as_tensor:724 - Loaded cache for /localdev/gwang/tt_transformers/model_cache/llama33_70b/T3K/empty_kcache_paged_attention(2048, 1, 32, 128)_dtype_BFLOAT8_B_layout_TILE.tensorbin of shape Shape([2048, 1, 32, 128])
2026-09-02 20:56:45.278 | DEBUG    | core:as_tensor:724 - Loaded cache for /localdev/gwang/tt_transformers/model_cache/llama33_70b/T3K/empty_vcache_paged_attention(2048, 1, 32, 128)_dtype_BFLOAT8_B_layout_TILE.tensorbin of shape Shape([2048, 1, 32, 128])
2026-09-02 20:56:45.281 | DEBUG    | core:as_tensor:724 - Loaded cache for /localdev/gwang/tt_transformers/model_cache/llama33_70b/T3K/empty_kcache_paged_attention(2048, 1, 32, 128)_dtype_BFLOAT8_B_layout_TILE.tensorbin of shape Shape([2048, 1, 32, 128])
2026-09-02 20:56:45.284 | DEBUG    | core:as_tensor:724 - Loaded cache for /localdev/gwang/tt_transformers/model_cache/llama33_70b/T3K/empty_vcache_paged_attention(2048, 1, 32, 128)_dtype_BFLOAT8_B_layout_TILE.tensorbin of shape Shape([2048, 1, 32, 128])
2026-09-02 20:56:45.287 | DEBUG    | core:as_tensor:724 - Loaded cache for /localdev/gwang/tt_transformers/model_cache/llama33_70b/T3K/empty_kcache_paged_attention(2048, 1, 32, 128)_dtype_BFLOAT8_B_layout_TILE.tensorbin of shape Shape([2048, 1, 32, 128])
2026-09-02 20:56:45.290 | DEBUG    | core:as_tensor:724 - Loaded cache for /localdev/gwang/tt_transformers/model_cache/llama33_70b/T3K/empty_vcache_paged_attention(2048, 1, 32, 128)_dtype_BFLOAT8_B_layout_TILE.tensorbin of shape Shape([2048, 1, 32, 128])
2026-09-02 20:56:45.293 | DEBUG    | core:as_tensor:724 - Loaded cache for /localdev/gwang/tt_transformers/model_cache/llama33_70b/T3K/empty_kcache_paged_attention(2048, 1, 32, 128)_dtype_BFLOAT8_B_layout_TILE.tensorbin of shape Shape([2048, 1, 32, 128])
2026-09-02 20:56:45.295 | DEBUG    | core:as_tensor:724 - Loaded cache for /localdev/gwang/tt_transformers/model_cache/llama33_70b/T3K/empty_vcache_paged_attention(2048, 1, 32, 128)_dtype_BFLOAT8_B_layout_TILE.tensorbin of shape Shape([2048, 1, 32, 128])
2026-09-02 20:56:45.298 | DEBUG    | core:as_tensor:724 - Loaded cache for /localdev/gwang/tt_transformers/model_cache/llama33_70b/T3K/empty_kcache_paged_attention(2048, 1, 32, 128)_dtype_BFLOAT8_B_layout_TILE.tensorbin of shape Shape([2048, 1, 32, 128])
2026-09-02 20:56:45.301 | DEBUG    | core:as_tensor:724 - Loaded cache for /localdev/gwang/tt_transformers/model_cache/llama33_70b/T3K/empty_vcache_paged_attention(2048, 1, 32, 128)_dtype_BFLOAT8_B_layout_TILE.tensorbin of shape Shape([2048, 1, 32, 128])
2026-09-02 20:56:45.304 | DEBUG    | core:as_tensor:724 - Loaded cache for /localdev/gwang/tt_transformers/model_cache/llama33_70b/T3K/empty_kcache_paged_attention(2048, 1, 32, 128)_dtype_BFLOAT8_B_layout_TILE.tensorbin of shape Shape([2048, 1, 32, 128])
2026-09-02 20:56:45.307 | DEBUG    | core:as_tensor:724 - Loaded cache for /localdev/gwang/tt_transformers/model_cache/llama33_70b/T3K/empty_vcache_paged_attention(2048, 1, 32, 128)_dtype_BFLOAT8_B_layout_TILE.tensorbin of shape Shape([2048, 1, 32, 128])
2026-09-02 20:56:45.310 | DEBUG    | core:as_tensor:724 - Loaded cache for /localdev/gwang/tt_transformers/model_cache/llama33_70b/T3K/empty_kcache_paged_attention(2048, 1, 32, 128)_dtype_BFLOAT8_B_layout_TILE.tensorbin of shape Shape([2048, 1, 32, 128])
2026-09-02 20:56:45.313 | DEBUG    | core:as_tensor:724 - Loaded cache for /localdev/gwang/tt_transformers/model_cache/llama33_70b/T3K/empty_vcache_paged_attention(2048, 1, 32, 128)_dtype_BFLOAT8_B_layout_TILE.tensorbin of shape Shape([2048, 1, 32, 128])
2026-09-02 20:56:45.316 | DEBUG    | core:as_tensor:724 - Loaded cache for /localdev/gwang/tt_transformers/model_cache/llama33_70b/T3K/empty_kcache_paged_attention(2048, 1, 32, 128)_dtype_BFLOAT8_B_layout_TILE.tensorbin of shape Shape([2048, 1, 32, 128])
2026-09-02 20:56:45.319 | DEBUG    | core:as_tensor:724 - Loaded cache for /localdev/gwang/tt_transformers/model_cache/llama33_70b/T3K/empty_vcache_paged_attention(2048, 1, 32, 128)_dtype_BFLOAT8_B_layout_TILE.tensorbin of shape Shape([2048, 1, 32, 128])
2026-09-02 20:56:45.322 | DEBUG    | core:as_tensor:724 - Loaded cache for /localdev/gwang/tt_transformers/model_cache/llama33_70b/T3K/empty_kcache_paged_attention(2048, 1, 32, 128)_dtype_BFLOAT8_B_layout_TILE.tensorbin of shape Shape([2048, 1, 32, 128])
2026-09-02 20:56:45.325 | DEBUG    | core:as_tensor:724 - Loaded cache for /localdev/gwang/tt_transformers/model_cache/llama33_70b/T3K/empty_vcache_paged_attention(2048, 1, 32, 128)_dtype_BFLOAT8_B_layout_TILE.tensorbin of shape Shape([2048, 1, 32, 128])
2026-09-02 20:56:45.328 | DEBUG    | core:as_tensor:724 - Loaded cache for /localdev/gwang/tt_transformers/model_cache/llama33_70b/T3K/empty_kcache_paged_attention(2048, 1, 32, 128)_dtype_BFLOAT8_B_layout_TILE.tensorbin of shape Shape([2048, 1, 32, 128])
2026-09-02 20:56:45.331 | DEBUG    | core:as_tensor:724 - Loaded cache for /localdev/gwang/tt_transformers/model_cache/llama33_70b/T3K/empty_vcache_paged_attention(2048, 1, 32, 128)_dtype_BFLOAT8_B_layout_TILE.tensorbin of shape Shape([2048, 1, 32, 128])
2026-09-02 20:56:45.334 | DEBUG    | core:as_tensor:724 - Loaded cache for /localdev/gwang/tt_transformers/model_cache/llama33_70b/T3K/empty_kcache_paged_attention(2048, 1, 32, 128)_dtype_BFLOAT8_B_layout_TILE.tensorbin of shape Shape([2048, 1, 32, 128])
2026-09-02 20:56:45.337 | DEBUG    | core:as_tensor:724 - Loaded cache for /localdev/gwang/tt_transformers/model_cache/llama33_70b/T3K/empty_vcache_paged_attention(2048, 1, 32, 128)_dtype_BFLOAT8_B_layout_TILE.tensorbin of shape Shape([2048, 1, 32, 128])
2026-09-02 20:56:45.340 | DEBUG    | core:as_tensor:724 - Loaded cache for /localdev/gwang/tt_transformers/model_cache/llama33_70b/T3K/empty_kcache_paged_attention(2048, 1, 32, 128)_dtype_BFLOAT8_B_layout_TILE.tensorbin of shape Shape([2048, 1, 32, 128])
2026-09-02 20:56:45.343 | DEBUG    | core:as_tensor:724 - Loaded cache for /localdev/gwang/tt_transformers/model_cache/llama33_70b/T3K/empty_vcache_paged_attention(2048, 1, 32, 128)_dtype_BFLOAT8_B_layout_TILE.tensorbin of shape Shape([2048, 1, 32, 128])
2026-09-02 20:56:45.346 | DEBUG    | core:as_tensor:724 - Loaded cache for /localdev/gwang/tt_transformers/model_cache/llama33_70b/T3K/empty_kcache_paged_attention(2048, 1, 32, 128)_dtype_BFLOAT8_B_layout_TILE.tensorbin of shape Shape([2048, 1, 32, 128])
2026-09-02 20:56:45.349 | DEBUG    | core:as_tensor:724 - Loaded cache for /localdev/gwang/tt_transformers/model_cache/llama33_70b/T3K/empty_vcache_paged_attention(2048, 1, 32, 128)_dtype_BFLOAT8_B_layout_TILE.tensorbin of shape Shape([2048, 1, 32, 128])
2026-09-02 20:56:45.352 | DEBUG    | core:as_tensor:724 - Loaded cache for /localdev/gwang/tt_transformers/model_cache/llama33_70b/T3K/empty_kcache_paged_attention(2048, 1, 32, 128)_dtype_BFLOAT8_B_layout_TILE.tensorbin of shape Shape([2048, 1, 32, 128])
2026-09-02 20:56:45.355 | DEBUG    | core:as_tensor:724 - Loaded cache for /localdev/gwang/tt_transformers/model_cache/llama33_70b/T3K/empty_vcache_paged_attention(2048, 1, 32, 128)_dtype_BFLOAT8_B_layout_TILE.tensorbin of shape Shape([2048, 1, 32, 128])
2026-09-02 20:56:45.357 | DEBUG    | core:as_tensor:724 - Loaded cache for /localdev/gwang/tt_transformers/model_cache/llama33_70b/T3K/empty_kcache_paged_attention(2048, 1, 32, 128)_dtype_BFLOAT8_B_layout_TILE.tensorbin of shape Shape([2048, 1, 32, 128])
2026-09-02 20:56:45.360 | DEBUG    | core:as_tensor:724 - Loaded cache for /localdev/gwang/tt_transformers/model_cache/llama33_70b/T3K/empty_vcache_paged_attention(2048, 1, 32, 128)_dtype_BFLOAT8_B_layout_TILE.tensorbin of shape Shape([2048, 1, 32, 128])
2026-09-02 20:56:45.363 | DEBUG    | core:as_tensor:724 - Loaded cache for /localdev/gwang/tt_transformers/model_cache/llama33_70b/T3K/empty_kcache_paged_attention(2048, 1, 32, 128)_dtype_BFLOAT8_B_layout_TILE.tensorbin of shape Shape([2048, 1, 32, 128])
2026-09-02 20:56:45.366 | DEBUG    | core:as_tensor:724 - Loaded cache for /localdev/gwang/tt_transformers/model_cache/llama33_70b/T3K/empty_vcache_paged_attention(2048, 1, 32, 128)_dtype_BFLOAT8_B_layout_TILE.tensorbin of shape Shape([2048, 1, 32, 128])
2026-09-02 20:56:45.369 | DEBUG    | core:as_tensor:724 - Loaded cache for /localdev/gwang/tt_transformers/model_cache/llama33_70b/T3K/empty_kcache_paged_attention(2048, 1, 32, 128)_dtype_BFLOAT8_B_layout_TILE.tensorbin of shape Shape([2048, 1, 32, 128])
2026-09-02 20:56:45.372 | DEBUG    | core:as_tensor:724 - Loaded cache for /localdev/gwang/tt_transformers/model_cache/llama33_70b/T3K/empty_vcache_paged_attention(2048, 1, 32, 128)_dtype_BFLOAT8_B_layout_TILE.tensorbin of shape Shape([2048, 1, 32, 128])
2026-09-02 20:56:45.375 | DEBUG    | core:as_tensor:724 - Loaded cache for /localdev/gwang/tt_transformers/model_cache/llama33_70b/T3K/empty_kcache_paged_attention(2048, 1, 32, 128)_dtype_BFLOAT8_B_layout_TILE.tensorbin of shape Shape([2048, 1, 32, 128])
2026-09-02 20:56:45.378 | DEBUG    | core:as_tensor:724 - Loaded cache for /localdev/gwang/tt_transformers/model_cache/llama33_70b/T3K/empty_vcache_paged_attention(2048, 1, 32, 128)_dtype_BFLOAT8_B_layout_TILE.tensorbin of shape Shape([2048, 1, 32, 128])
2026-09-02 20:56:45.381 | DEBUG    | core:as_tensor:724 - Loaded cache for /localdev/gwang/tt_transformers/model_cache/llama33_70b/T3K/empty_kcache_paged_attention(2048, 1, 32, 128)_dtype_BFLOAT8_B_layout_TILE.tensorbin of shape Shape([2048, 1, 32, 128])
2026-09-02 20:56:45.384 | DEBUG    | core:as_tensor:724 - Loaded cache for /localdev/gwang/tt_transformers/model_cache/llama33_70b/T3K/empty_vcache_paged_attention(2048, 1, 32, 128)_dtype_BFLOAT8_B_layout_TILE.tensorbin of shape Shape([2048, 1, 32, 128])
2026-09-02 20:56:45.387 | DEBUG    | core:as_tensor:724 - Loaded cache for /localdev/gwang/tt_transformers/model_cache/llama33_70b/T3K/empty_kcache_paged_attention(2048, 1, 32, 128)_dtype_BFLOAT8_B_layout_TILE.tensorbin of shape Shape([2048, 1, 32, 128])
2026-09-02 20:56:45.390 | DEBUG    | core:as_tensor:724 - Loaded cache for /localdev/gwang/tt_transformers/model_cache/llama33_70b/T3K/empty_vcache_paged_attention(2048, 1, 32, 128)_dtype_BFLOAT8_B_layout_TILE.tensorbin of shape Shape([2048, 1, 32, 128])
2026-09-02 20:56:45.393 | DEBUG    | core:as_tensor:724 - Loaded cache for /localdev/gwang/tt_transformers/model_cache/llama33_70b/T3K/empty_kcache_paged_attention(2048, 1, 32, 128)_dtype_BFLOAT8_B_layout_TILE.tensorbin of shape Shape([2048, 1, 32, 128])
2026-09-02 20:56:45.396 | DEBUG    | core:as_tensor:724 - Loaded cache for /localdev/gwang/tt_transformers/model_cache/llama33_70b/T3K/empty_vcache_paged_attention(2048, 1, 32, 128)_dtype_BFLOAT8_B_layout_TILE.tensorbin of shape Shape([2048, 1, 32, 128])
2026-09-02 20:56:45.399 | DEBUG    | core:as_tensor:724 - Loaded cache for /localdev/gwang/tt_transformers/model_cache/llama33_70b/T3K/empty_kcache_paged_attention(2048, 1, 32, 128)_dtype_BFLOAT8_B_layout_TILE.tensorbin of shape Shape([2048, 1, 32, 128])
2026-09-02 20:56:45.401 | DEBUG    | core:as_tensor:724 - Loaded cache for /localdev/gwang/tt_transformers/model_cache/llama33_70b/T3K/empty_vcache_paged_attention(2048, 1, 32, 128)_dtype_BFLOAT8_B_layout_TILE.tensorbin of shape Shape([2048, 1, 32, 128])
2026-09-02 20:56:45.404 | DEBUG    | core:as_tensor:724 - Loaded cache for /localdev/gwang/tt_transformers/model_cache/llama33_70b/T3K/empty_kcache_paged_attention(2048, 1, 32, 128)_dtype_BFLOAT8_B_layout_TILE.tensorbin of shape Shape([2048, 1, 32, 128])
2026-09-02 20:56:45.407 | DEBUG    | core:as_tensor:724 - Loaded cache for /localdev/gwang/tt_transformers/model_cache/llama33_70b/T3K/empty_vcache_paged_attention(2048, 1, 32, 128)_dtype_BFLOAT8_B_layout_TILE.tensorbin of shape Shape([2048, 1, 32, 128])
2026-09-02 20:56:45.410 | DEBUG    | core:as_tensor:724 - Loaded cache for /localdev/gwang/tt_transformers/model_cache/llama33_70b/T3K/empty_kcache_paged_attention(2048, 1, 32, 128)_dtype_BFLOAT8_B_layout_TILE.tensorbin of shape Shape([2048, 1, 32, 128])
2026-09-02 20:56:45.413 | DEBUG    | core:as_tensor:724 - Loaded cache for /localdev/gwang/tt_transformers/model_cache/llama33_70b/T3K/empty_vcache_paged_attention(2048, 1, 32, 128)_dtype_BFLOAT8_B_layout_TILE.tensorbin of shape Shape([2048, 1, 32, 128])
2026-09-02 20:56:45.416 | DEBUG    | core:as_tensor:724 - Loaded cache for /localdev/gwang/tt_transformers/model_cache/llama33_70b/T3K/empty_kcache_paged_attention(2048, 1, 32, 128)_dtype_BFLOAT8_B_layout_TILE.tensorbin of shape Shape([2048, 1, 32, 128])
2026-09-02 20:56:45.419 | DEBUG    | core:as_tensor:724 - Loaded cache for /localdev/gwang/tt_transformers/model_cache/llama33_70b/T3K/empty_vcache_paged_attention(2048, 1, 32, 128)_dtype_BFLOAT8_B_layout_TILE.tensorbin of shape Shape([2048, 1, 32, 128])
2026-09-02 20:56:45.422 | DEBUG    | core:as_tensor:724 - Loaded cache for /localdev/gwang/tt_transformers/model_cache/llama33_70b/T3K/empty_kcache_paged_attention(2048, 1, 32, 128)_dtype_BFLOAT8_B_layout_TILE.tensorbin of shape Shape([2048, 1, 32, 128])
2026-09-02 20:56:45.425 | DEBUG    | core:as_tensor:724 - Loaded cache for /localdev/gwang/tt_transformers/model_cache/llama33_70b/T3K/empty_vcache_paged_attention(2048, 1, 32, 128)_dtype_BFLOAT8_B_layout_TILE.tensorbin of shape Shape([2048, 1, 32, 128])
2026-09-02 20:56:45.428 | DEBUG    | core:as_tensor:724 - Loaded cache for /localdev/gwang/tt_transformers/model_cache/llama33_70b/T3K/empty_kcache_paged_attention(2048, 1, 32, 128)_dtype_BFLOAT8_B_layout_TILE.tensorbin of shape Shape([2048, 1, 32, 128])
2026-09-02 20:56:45.431 | DEBUG    | core:as_tensor:724 - Loaded cache for /localdev/gwang/tt_transformers/model_cache/llama33_70b/T3K/empty_vcache_paged_attention(2048, 1, 32, 128)_dtype_BFLOAT8_B_layout_TILE.tensorbin of shape Shape([2048, 1, 32, 128])
2026-09-02 20:56:45.434 | DEBUG    | core:as_tensor:724 - Loaded cache for /localdev/gwang/tt_transformers/model_cache/llama33_70b/T3K/empty_kcache_paged_attention(2048, 1, 32, 128)_dtype_BFLOAT8_B_layout_TILE.tensorbin of shape Shape([2048, 1, 32, 128])
2026-09-02 20:56:45.437 | DEBUG    | core:as_tensor:724 - Loaded cache for /localdev/gwang/tt_transformers/model_cache/llama33_70b/T3K/empty_vcache_paged_attention(2048, 1, 32, 128)_dtype_BFLOAT8_B_layout_TILE.tensorbin of shape Shape([2048, 1, 32, 128])
2026-09-02 20:56:45.440 | DEBUG    | core:as_tensor:724 - Loaded cache for /localdev/gwang/tt_transformers/model_cache/llama33_70b/T3K/empty_kcache_paged_attention(2048, 1, 32, 128)_dtype_BFLOAT8_B_layout_TILE.tensorbin of shape Shape([2048, 1, 32, 128])
2026-09-02 20:56:45.443 | DEBUG    | core:as_tensor:724 - Loaded cache for /localdev/gwang/tt_transformers/model_cache/llama33_70b/T3K/empty_vcache_paged_attention(2048, 1, 32, 128)_dtype_BFLOAT8_B_layout_TILE.tensorbin of shape Shape([2048, 1, 32, 128])
2026-09-02 20:56:45.445 | DEBUG    | core:as_tensor:724 - Loaded cache for /localdev/gwang/tt_transformers/model_cache/llama33_70b/T3K/empty_kcache_paged_attention(2048, 1, 32, 128)_dtype_BFLOAT8_B_layout_TILE.tensorbin of shape Shape([2048, 1, 32, 128])
2026-09-02 20:56:45.448 | DEBUG    | core:as_tensor:724 - Loaded cache for /localdev/gwang/tt_transformers/model_cache/llama33_70b/T3K/empty_vcache_paged_attention(2048, 1, 32, 128)_dtype_BFLOAT8_B_layout_TILE.tensorbin of shape Shape([2048, 1, 32, 128])
2026-09-02 20:56:45.451 | DEBUG    | core:as_tensor:724 - Loaded cache for /localdev/gwang/tt_transformers/model_cache/llama33_70b/T3K/empty_kcache_paged_attention(2048, 1, 32, 128)_dtype_BFLOAT8_B_layout_TILE.tensorbin of shape Shape([2048, 1, 32, 128])
2026-09-02 20:56:45.454 | DEBUG    | core:as_tensor:724 - Loaded cache for /localdev/gwang/tt_transformers/model_cache/llama33_70b/T3K/empty_vcache_paged_attention(2048, 1, 32, 128)_dtype_BFLOAT8_B_layout_TILE.tensorbin of shape Shape([2048, 1, 32, 128])
2026-09-02 20:56:45.457 | DEBUG    | core:as_tensor:724 - Loaded cache for /localdev/gwang/tt_transformers/model_cache/llama33_70b/T3K/empty_kcache_paged_attention(2048, 1, 32, 128)_dtype_BFLOAT8_B_layout_TILE.tensorbin of shape Shape([2048, 1, 32, 128])
2026-09-02 20:56:45.460 | DEBUG    | core:as_tensor:724 - Loaded cache for /localdev/gwang/tt_transformers/model_cache/llama33_70b/T3K/empty_vcache_paged_attention(2048, 1, 32, 128)_dtype_BFLOAT8_B_layout_TILE.tensorbin of shape Shape([2048, 1, 32, 128])
2026-09-02 20:56:45.463 | DEBUG    | core:as_tensor:724 - Loaded cache for /localdev/gwang/tt_transformers/model_cache/llama33_70b/T3K/empty_kcache_paged_attention(2048, 1, 32, 128)_dtype_BFLOAT8_B_layout_TILE.tensorbin of shape Shape([2048, 1, 32, 128])
2026-09-02 20:56:45.466 | DEBUG    | core:as_tensor:724 - Loaded cache for /localdev/gwang/tt_transformers/model_cache/llama33_70b/T3K/empty_vcache_paged_attention(2048, 1, 32, 128)_dtype_BFLOAT8_B_layout_TILE.tensorbin of shape Shape([2048, 1, 32, 128])
2026-09-02 20:56:45.469 | DEBUG    | core:as_tensor:724 - Loaded cache for /localdev/gwang/tt_transformers/model_cache/llama33_70b/T3K/empty_kcache_paged_attention(2048, 1, 32, 128)_dtype_BFLOAT8_B_layout_TILE.tensorbin of shape Shape([2048, 1, 32, 128])
2026-09-02 20:56:45.472 | DEBUG    | core:as_tensor:724 - Loaded cache for /localdev/gwang/tt_transformers/model_cache/llama33_70b/T3K/empty_vcache_paged_attention(2048, 1, 32, 128)_dtype_BFLOAT8_B_layout_TILE.tensorbin of shape Shape([2048, 1, 32, 128])
2026-09-02 20:56:45.475 | DEBUG    | core:as_tensor:724 - Loaded cache for /localdev/gwang/tt_transformers/model_cache/llama33_70b/T3K/empty_kcache_paged_attention(2048, 1, 32, 128)_dtype_BFLOAT8_B_layout_TILE.tensorbin of shape Shape([2048, 1, 32, 128])
2026-09-02 20:56:45.478 | DEBUG    | core:as_tensor:724 - Loaded cache for /localdev/gwang/tt_transformers/model_cache/llama33_70b/T3K/empty_vcache_paged_attention(2048, 1, 32, 128)_dtype_BFLOAT8_B_layout_TILE.tensorbin of shape Shape([2048, 1, 32, 128])
2026-09-02 20:56:45.481 | DEBUG    | core:as_tensor:724 - Loaded cache for /localdev/gwang/tt_transformers/model_cache/llama33_70b/T3K/empty_kcache_paged_attention(2048, 1, 32, 128)_dtype_BFLOAT8_B_layout_TILE.tensorbin of shape Shape([2048, 1, 32, 128])
2026-09-02 20:56:45.484 | DEBUG    | core:as_tensor:724 - Loaded cache for /localdev/gwang/tt_transformers/model_cache/llama33_70b/T3K/empty_vcache_paged_attention(2048, 1, 32, 128)_dtype_BFLOAT8_B_layout_TILE.tensorbin of shape Shape([2048, 1, 32, 128])
2026-09-02 20:56:45.487 | DEBUG    | core:as_tensor:724 - Loaded cache for /localdev/gwang/tt_transformers/model_cache/llama33_70b/T3K/empty_kcache_paged_attention(2048, 1, 32, 128)_dtype_BFLOAT8_B_layout_TILE.tensorbin of shape Shape([2048, 1, 32, 128])
2026-09-02 20:56:45.489 | DEBUG    | core:as_tensor:724 - Loaded cache for /localdev/gwang/tt_transformers/model_cache/llama33_70b/T3K/empty_vcache_paged_attention(2048, 1, 32, 128)_dtype_BFLOAT8_B_layout_TILE.tensorbin of shape Shape([2048, 1, 32, 128])
2026-09-02 20:56:45.492 | DEBUG    | core:as_tensor:724 - Loaded cache for /localdev/gwang/tt_transformers/model_cache/llama33_70b/T3K/empty_kcache_paged_attention(2048, 1, 32, 128)_dtype_BFLOAT8_B_layout_TILE.tensorbin of shape Shape([2048, 1, 32, 128])
2026-09-02 20:56:45.495 | DEBUG    | core:as_tensor:724 - Loaded cache for /localdev/gwang/tt_transformers/model_cache/llama33_70b/T3K/empty_vcache_paged_attention(2048, 1, 32, 128)_dtype_BFLOAT8_B_layout_TILE.tensorbin of shape Shape([2048, 1, 32, 128])
2026-09-02 20:56:45.498 | DEBUG    | core:as_tensor:724 - Loaded cache for /localdev/gwang/tt_transformers/model_cache/llama33_70b/T3K/empty_kcache_paged_attention(2048, 1, 32, 128)_dtype_BFLOAT8_B_layout_TILE.tensorbin of shape Shape([2048, 1, 32, 128])
2026-09-02 20:56:45.501 | DEBUG    | core:as_tensor:724 - Loaded cache for /localdev/gwang/tt_transformers/model_cache/llama33_70b/T3K/empty_vcache_paged_attention(2048, 1, 32, 128)_dtype_BFLOAT8_B_layout_TILE.tensorbin of shape Shape([2048, 1, 32, 128])
2026-09-02 20:56:45.504 | DEBUG    | core:as_tensor:724 - Loaded cache for /localdev/gwang/tt_transformers/model_cache/llama33_70b/T3K/empty_kcache_paged_attention(2048, 1, 32, 128)_dtype_BFLOAT8_B_layout_TILE.tensorbin of shape Shape([2048, 1, 32, 128])
2026-09-02 20:56:45.507 | DEBUG    | core:as_tensor:724 - Loaded cache for /localdev/gwang/tt_transformers/model_cache/llama33_70b/T3K/empty_vcache_paged_attention(2048, 1, 32, 128)_dtype_BFLOAT8_B_layout_TILE.tensorbin of shape Shape([2048, 1, 32, 128])
2026-09-02 20:56:45.510 | DEBUG    | core:as_tensor:724 - Loaded cache for /localdev/gwang/tt_transformers/model_cache/llama33_70b/T3K/empty_kcache_paged_attention(2048, 1, 32, 128)_dtype_BFLOAT8_B_layout_TILE.tensorbin of shape Shape([2048, 1, 32, 128])
2026-09-02 20:56:45.513 | DEBUG    | core:as_tensor:724 - Loaded cache for /localdev/gwang/tt_transformers/model_cache/llama33_70b/T3K/empty_vcache_paged_attention(2048, 1, 32, 128)_dtype_BFLOAT8_B_layout_TILE.tensorbin of shape Shape([2048, 1, 32, 128])
2026-09-02 20:56:51.876 | DEBUG    | core:as_tensor:724 - Loaded cache for /localdev/gwang/tt_transformers/model_cache/llama33_70b/T3K/empty_kcache_paged_attention(2048, 1, 32, 128)_dtype_BFLOAT8_B_layout_TILE.tensorbin of shape Shape([2048, 1, 32, 128])
2026-09-02 20:56:51.879 | DEBUG    | core:as_tensor:724 - Loaded cache for /localdev/gwang/tt_transformers/model_cache/llama33_70b/T3K/empty_vcache_paged_attention(2048, 1, 32, 128)_dtype_BFLOAT8_B_layout_TILE.tensorbin of shape Shape([2048, 1, 32, 128])
2026-09-02 20:56:51.882 | DEBUG    | core:as_tensor:724 - Loaded cache for /localdev/gwang/tt_transformers/model_cache/llama33_70b/T3K/empty_kcache_paged_attention(2048, 1, 32, 128)_dtype_BFLOAT8_B_layout_TILE.tensorbin of shape Shape([2048, 1, 32, 128])
2026-09-02 20:56:51.885 | DEBUG    | core:as_tensor:724 - Loaded cache for /localdev/gwang/tt_transformers/model_cache/llama33_70b/T3K/empty_vcache_paged_attention(2048, 1, 32, 128)_dtype_BFLOAT8_B_layout_TILE.tensorbin of shape Shape([2048, 1, 32, 128])
2026-09-02 20:56:51.888 | DEBUG    | core:as_tensor:724 - Loaded cache for /localdev/gwang/tt_transformers/model_cache/llama33_70b/T3K/empty_kcache_paged_attention(2048, 1, 32, 128)_dtype_BFLOAT8_B_layout_TILE.tensorbin of shape Shape([2048, 1, 32, 128])
2026-09-02 20:56:51.891 | DEBUG    | core:as_tensor:724 - Loaded cache for /localdev/gwang/tt_transformers/model_cache/llama33_70b/T3K/empty_vcache_paged_attention(2048, 1, 32, 128)_dtype_BFLOAT8_B_layout_TILE.tensorbin of shape Shape([2048, 1, 32, 128])
2026-09-02 20:56:51.894 | DEBUG    | core:as_tensor:724 - Loaded cache for /localdev/gwang/tt_transformers/model_cache/llama33_70b/T3K/empty_kcache_paged_attention(2048, 1, 32, 128)_dtype_BFLOAT8_B_layout_TILE.tensorbin of shape Shape([2048, 1, 32, 128])
2026-09-02 20:56:51.896 | DEBUG    | core:as_tensor:724 - Loaded cache for /localdev/gwang/tt_transformers/model_cache/llama33_70b/T3K/empty_vcache_paged_attention(2048, 1, 32, 128)_dtype_BFLOAT8_B_layout_TILE.tensorbin of shape Shape([2048, 1, 32, 128])
2026-09-02 20:56:51.899 | DEBUG    | core:as_tensor:724 - Loaded cache for /localdev/gwang/tt_transformers/model_cache/llama33_70b/T3K/empty_kcache_paged_attention(2048, 1, 32, 128)_dtype_BFLOAT8_B_layout_TILE.tensorbin of shape Shape([2048, 1, 32, 128])
2026-09-02 20:56:51.902 | DEBUG    | core:as_tensor:724 - Loaded cache for /localdev/gwang/tt_transformers/model_cache/llama33_70b/T3K/empty_vcache_paged_attention(2048, 1, 32, 128)_dtype_BFLOAT8_B_layout_TILE.tensorbin of shape Shape([2048, 1, 32, 128])
2026-09-02 20:56:51.905 | DEBUG    | core:as_tensor:724 - Loaded cache for /localdev/gwang/tt_transformers/model_cache/llama33_70b/T3K/empty_kcache_paged_attention(2048, 1, 32, 128)_dtype_BFLOAT8_B_layout_TILE.tensorbin of shape Shape([2048, 1, 32, 128])
2026-09-02 20:56:51.908 | DEBUG    | core:as_tensor:724 - Loaded cache for /localdev/gwang/tt_transformers/model_cache/llama33_70b/T3K/empty_vcache_paged_attention(2048, 1, 32, 128)_dtype_BFLOAT8_B_layout_TILE.tensorbin of shape Shape([2048, 1, 32, 128])
2026-09-02 20:56:51.911 | DEBUG    | core:as_tensor:724 - Loaded cache for /localdev/gwang/tt_transformers/model_cache/llama33_70b/T3K/empty_kcache_paged_attention(2048, 1, 32, 128)_dtype_BFLOAT8_B_layout_TILE.tensorbin of shape Shape([2048, 1, 32, 128])
2026-09-02 20:56:51.914 | DEBUG    | core:as_tensor:724 - Loaded cache for /localdev/gwang/tt_transformers/model_cache/llama33_70b/T3K/empty_vcache_paged_attention(2048, 1, 32, 128)_dtype_BFLOAT8_B_layout_TILE.tensorbin of shape Shape([2048, 1, 32, 128])
2026-09-02 20:56:51.917 | DEBUG    | core:as_tensor:724 - Loaded cache for /localdev/gwang/tt_transformers/model_cache/llama33_70b/T3K/empty_kcache_paged_attention(2048, 1, 32, 128)_dtype_BFLOAT8_B_layout_TILE.tensorbin of shape Shape([2048, 1, 32, 128])
2026-09-02 20:56:51.919 | DEBUG    | core:as_tensor:724 - Loaded cache for /localdev/gwang/tt_transformers/model_cache/llama33_70b/T3K/empty_vcache_paged_attention(2048, 1, 32, 128)_dtype_BFLOAT8_B_layout_TILE.tensorbin of shape Shape([2048, 1, 32, 128])
2026-09-02 20:56:51.922 | DEBUG    | core:as_tensor:724 - Loaded cache for /localdev/gwang/tt_transformers/model_cache/llama33_70b/T3K/empty_kcache_paged_attention(2048, 1, 32, 128)_dtype_BFLOAT8_B_layout_TILE.tensorbin of shape Shape([2048, 1, 32, 128])
2026-09-02 20:56:51.925 | DEBUG    | core:as_tensor:724 - Loaded cache for /localdev/gwang/tt_transformers/model_cache/llama33_70b/T3K/empty_vcache_paged_attention(2048, 1, 32, 128)_dtype_BFLOAT8_B_layout_TILE.tensorbin of shape Shape([2048, 1, 32, 128])
2026-09-02 20:56:51.928 | DEBUG    | core:as_tensor:724 - Loaded cache for /localdev/gwang/tt_transformers/model_cache/llama33_70b/T3K/empty_kcache_paged_attention(2048, 1, 32, 128)_dtype_BFLOAT8_B_layout_TILE.tensorbin of shape Shape([2048, 1, 32, 128])
2026-09-02 20:56:51.931 | DEBUG    | core:as_tensor:724 - Loaded cache for /localdev/gwang/tt_transformers/model_cache/llama33_70b/T3K/empty_vcache_paged_attention(2048, 1, 32, 128)_dtype_BFLOAT8_B_layout_TILE.tensorbin of shape Shape([2048, 1, 32, 128])
2026-09-02 20:56:51.934 | DEBUG    | core:as_tensor:724 - Loaded cache for /localdev/gwang/tt_transformers/model_cache/llama33_70b/T3K/empty_kcache_paged_attention(2048, 1, 32, 128)_dtype_BFLOAT8_B_layout_TILE.tensorbin of shape Shape([2048, 1, 32, 128])
2026-09-02 20:56:51.937 | DEBUG    | core:as_tensor:724 - Loaded cache for /localdev/gwang/tt_transformers/model_cache/llama33_70b/T3K/empty_vcache_paged_attention(2048, 1, 32, 128)_dtype_BFLOAT8_B_layout_TILE.tensorbin of shape Shape([2048, 1, 32, 128])
2026-09-02 20:56:51.940 | DEBUG    | core:as_tensor:724 - Loaded cache for /localdev/gwang/tt_transformers/model_cache/llama33_70b/T3K/empty_kcache_paged_attention(2048, 1, 32, 128)_dtype_BFLOAT8_B_layout_TILE.tensorbin of shape Shape([2048, 1, 32, 128])
2026-09-02 20:56:51.942 | DEBUG    | core:as_tensor:724 - Loaded cache for /localdev/gwang/tt_transformers/model_cache/llama33_70b/T3K/empty_vcache_paged_attention(2048, 1, 32, 128)_dtype_BFLOAT8_B_layout_TILE.tensorbin of shape Shape([2048, 1, 32, 128])
2026-09-02 20:56:51.945 | DEBUG    | core:as_tensor:724 - Loaded cache for /localdev/gwang/tt_transformers/model_cache/llama33_70b/T3K/empty_kcache_paged_attention(2048, 1, 32, 128)_dtype_BFLOAT8_B_layout_TILE.tensorbin of shape Shape([2048, 1, 32, 128])
2026-09-02 20:56:51.948 | DEBUG    | core:as_tensor:724 - Loaded cache for /localdev/gwang/tt_transformers/model_cache/llama33_70b/T3K/empty_vcache_paged_attention(2048, 1, 32, 128)_dtype_BFLOAT8_B_layout_TILE.tensorbin of shape Shape([2048, 1, 32, 128])
2026-09-02 20:56:51.951 | DEBUG    | core:as_tensor:724 - Loaded cache for /localdev/gwang/tt_transformers/model_cache/llama33_70b/T3K/empty_kcache_paged_attention(2048, 1, 32, 128)_dtype_BFLOAT8_B_layout_TILE.tensorbin of shape Shape([2048, 1, 32, 128])
2026-09-02 20:56:51.954 | DEBUG    | core:as_tensor:724 - Loaded cache for /localdev/gwang/tt_transformers/model_cache/llama33_70b/T3K/empty_vcache_paged_attention(2048, 1, 32, 128)_dtype_BFLOAT8_B_layout_TILE.tensorbin of shape Shape([2048, 1, 32, 128])
2026-09-02 20:56:51.957 | DEBUG    | core:as_tensor:724 - Loaded cache for /localdev/gwang/tt_transformers/model_cache/llama33_70b/T3K/empty_kcache_paged_attention(2048, 1, 32, 128)_dtype_BFLOAT8_B_layout_TILE.tensorbin of shape Shape([2048, 1, 32, 128])
2026-09-02 20:56:51.960 | DEBUG    | core:as_tensor:724 - Loaded cache for /localdev/gwang/tt_transformers/model_cache/llama33_70b/T3K/empty_vcache_paged_attention(2048, 1, 32, 128)_dtype_BFLOAT8_B_layout_TILE.tensorbin of shape Shape([2048, 1, 32, 128])
2026-09-02 20:56:51.962 | DEBUG    | core:as_tensor:724 - Loaded cache for /localdev/gwang/tt_transformers/model_cache/llama33_70b/T3K/empty_kcache_paged_attention(2048, 1, 32, 128)_dtype_BFLOAT8_B_layout_TILE.tensorbin of shape Shape([2048, 1, 32, 128])
2026-09-02 20:56:51.965 | DEBUG    | core:as_tensor:724 - Loaded cache for /localdev/gwang/tt_transformers/model_cache/llama33_70b/T3K/empty_vcache_paged_attention(2048, 1, 32, 128)_dtype_BFLOAT8_B_layout_TILE.tensorbin of shape Shape([2048, 1, 32, 128])
2026-09-02 20:56:51.968 | DEBUG    | core:as_tensor:724 - Loaded cache for /localdev/gwang/tt_transformers/model_cache/llama33_70b/T3K/empty_kcache_paged_attention(2048, 1, 32, 128)_dtype_BFLOAT8_B_layout_TILE.tensorbin of shape Shape([2048, 1, 32, 128])
2026-09-02 20:56:51.971 | DEBUG    | core:as_tensor:724 - Loaded cache for /localdev/gwang/tt_transformers/model_cache/llama33_70b/T3K/empty_vcache_paged_attention(2048, 1, 32, 128)_dtype_BFLOAT8_B_layout_TILE.tensorbin of shape Shape([2048, 1, 32, 128])
2026-09-02 20:56:51.974 | DEBUG    | core:as_tensor:724 - Loaded cache for /localdev/gwang/tt_transformers/model_cache/llama33_70b/T3K/empty_kcache_paged_attention(2048, 1, 32, 128)_dtype_BFLOAT8_B_layout_TILE.tensorbin of shape Shape([2048, 1, 32, 128])
2026-09-02 20:56:51.977 | DEBUG    | core:as_tensor:724 - Loaded cache for /localdev/gwang/tt_transformers/model_cache/llama33_70b/T3K/empty_vcache_paged_attention(2048, 1, 32, 128)_dtype_BFLOAT8_B_layout_TILE.tensorbin of shape Shape([2048, 1, 32, 128])
2026-09-02 20:56:51.980 | DEBUG    | core:as_tensor:724 - Loaded cache for /localdev/gwang/tt_transformers/model_cache/llama33_70b/T3K/empty_kcache_paged_attention(2048, 1, 32, 128)_dtype_BFLOAT8_B_layout_TILE.tensorbin of shape Shape([2048, 1, 32, 128])
2026-09-02 20:56:51.983 | DEBUG    | core:as_tensor:724 - Loaded cache for /localdev/gwang/tt_transformers/model_cache/llama33_70b/T3K/empty_vcache_paged_attention(2048, 1, 32, 128)_dtype_BFLOAT8_B_layout_TILE.tensorbin of shape Shape([2048, 1, 32, 128])
2026-09-02 20:56:51.986 | DEBUG    | core:as_tensor:724 - Loaded cache for /localdev/gwang/tt_transformers/model_cache/llama33_70b/T3K/empty_kcache_paged_attention(2048, 1, 32, 128)_dtype_BFLOAT8_B_layout_TILE.tensorbin of shape Shape([2048, 1, 32, 128])
2026-09-02 20:56:51.988 | DEBUG    | core:as_tensor:724 - Loaded cache for /localdev/gwang/tt_transformers/model_cache/llama33_70b/T3K/empty_vcache_paged_attention(2048, 1, 32, 128)_dtype_BFLOAT8_B_layout_TILE.tensorbin of shape Shape([2048, 1, 32, 128])
2026-09-02 20:56:51.991 | DEBUG    | core:as_tensor:724 - Loaded cache for /localdev/gwang/tt_transformers/model_cache/llama33_70b/T3K/empty_kcache_paged_attention(2048, 1, 32, 128)_dtype_BFLOAT8_B_layout_TILE.tensorbin of shape Shape([2048, 1, 32, 128])
2026-09-02 20:56:51.994 | DEBUG    | core:as_tensor:724 - Loaded cache for /localdev/gwang/tt_transformers/model_cache/llama33_70b/T3K/empty_vcache_paged_attention(2048, 1, 32, 128)_dtype_BFLOAT8_B_layout_TILE.tensorbin of shape Shape([2048, 1, 32, 128])
2026-09-02 20:56:51.997 | DEBUG    | core:as_tensor:724 - Loaded cache for /localdev/gwang/tt_transformers/model_cache/llama33_70b/T3K/empty_kcache_paged_attention(2048, 1, 32, 128)_dtype_BFLOAT8_B_layout_TILE.tensorbin of shape Shape([2048, 1, 32, 128])
2026-09-02 20:56:52.000 | DEBUG    | core:as_tensor:724 - Loaded cache for /localdev/gwang/tt_transformers/model_cache/llama33_70b/T3K/empty_vcache_paged_attention(2048, 1, 32, 128)_dtype_BFLOAT8_B_layout_TILE.tensorbin of shape Shape([2048, 1, 32, 128])
2026-09-02 20:56:52.002 | DEBUG    | core:as_tensor:724 - Loaded cache for /localdev/gwang/tt_transformers/model_cache/llama33_70b/T3K/empty_kcache_paged_attention(2048, 1, 32, 128)_dtype_BFLOAT8_B_layout_TILE.tensorbin of shape Shape([2048, 1, 32, 128])
2026-09-02 20:56:52.005 | DEBUG    | core:as_tensor:724 - Loaded cache for /localdev/gwang/tt_transformers/model_cache/llama33_70b/T3K/empty_vcache_paged_attention(2048, 1, 32, 128)_dtype_BFLOAT8_B_layout_TILE.tensorbin of shape Shape([2048, 1, 32, 128])
2026-09-02 20:56:52.008 | DEBUG    | core:as_tensor:724 - Loaded cache for /localdev/gwang/tt_transformers/model_cache/llama33_70b/T3K/empty_kcache_paged_attention(2048, 1, 32, 128)_dtype_BFLOAT8_B_layout_TILE.tensorbin of shape Shape([2048, 1, 32, 128])
2026-09-02 20:56:52.011 | DEBUG    | core:as_tensor:724 - Loaded cache for /localdev/gwang/tt_transformers/model_cache/llama33_70b/T3K/empty_vcache_paged_attention(2048, 1, 32, 128)_dtype_BFLOAT8_B_layout_TILE.tensorbin of shape Shape([2048, 1, 32, 128])
2026-09-02 20:56:52.014 | DEBUG    | core:as_tensor:724 - Loaded cache for /localdev/gwang/tt_transformers/model_cache/llama33_70b/T3K/empty_kcache_paged_attention(2048, 1, 32, 128)_dtype_BFLOAT8_B_layout_TILE.tensorbin of shape Shape([2048, 1, 32, 128])
2026-09-02 20:56:52.017 | DEBUG    | core:as_tensor:724 - Loaded cache for /localdev/gwang/tt_transformers/model_cache/llama33_70b/T3K/empty_vcache_paged_attention(2048, 1, 32, 128)_dtype_BFLOAT8_B_layout_TILE.tensorbin of shape Shape([2048, 1, 32, 128])
2026-09-02 20:56:52.020 | DEBUG    | core:as_tensor:724 - Loaded cache for /localdev/gwang/tt_transformers/model_cache/llama33_70b/T3K/empty_kcache_paged_attention(2048, 1, 32, 128)_dtype_BFLOAT8_B_layout_TILE.tensorbin of shape Shape([2048, 1, 32, 128])
2026-09-02 20:56:52.023 | DEBUG    | core:as_tensor:724 - Loaded cache for /localdev/gwang/tt_transformers/model_cache/llama33_70b/T3K/empty_vcache_paged_attention(2048, 1, 32, 128)_dtype_BFLOAT8_B_layout_TILE.tensorbin of shape Shape([2048, 1, 32, 128])
2026-09-02 20:56:52.025 | DEBUG    | core:as_tensor:724 - Loaded cache for /localdev/gwang/tt_transformers/model_cache/llama33_70b/T3K/empty_kcache_paged_attention(2048, 1, 32, 128)_dtype_BFLOAT8_B_layout_TILE.tensorbin of shape Shape([2048, 1, 32, 128])
2026-09-02 20:56:52.028 | DEBUG    | core:as_tensor:724 - Loaded cache for /localdev/gwang/tt_transformers/model_cache/llama33_70b/T3K/empty_vcache_paged_attention(2048, 1, 32, 128)_dtype_BFLOAT8_B_layout_TILE.tensorbin of shape Shape([2048, 1, 32, 128])
2026-09-02 20:56:52.031 | DEBUG    | core:as_tensor:724 - Loaded cache for /localdev/gwang/tt_transformers/model_cache/llama33_70b/T3K/empty_kcache_paged_attention(2048, 1, 32, 128)_dtype_BFLOAT8_B_layout_TILE.tensorbin of shape Shape([2048, 1, 32, 128])
2026-09-02 20:56:52.034 | DEBUG    | core:as_tensor:724 - Loaded cache for /localdev/gwang/tt_transformers/model_cache/llama33_70b/T3K/empty_vcache_paged_attention(2048, 1, 32, 128)_dtype_BFLOAT8_B_layout_TILE.tensorbin of shape Shape([2048, 1, 32, 128])
2026-09-02 20:56:52.037 | DEBUG    | core:as_tensor:724 - Loaded cache for /localdev/gwang/tt_transformers/model_cache/llama33_70b/T3K/empty_kcache_paged_attention(2048, 1, 32, 128)_dtype_BFLOAT8_B_layout_TILE.tensorbin of shape Shape([2048, 1, 32, 128])
2026-09-02 20:56:52.040 | DEBUG    | core:as_tensor:724 - Loaded cache for /localdev/gwang/tt_transformers/model_cache/llama33_70b/T3K/empty_vcache_paged_attention(2048, 1, 32, 128)_dtype_BFLOAT8_B_layout_TILE.tensorbin of shape Shape([2048, 1, 32, 128])
2026-09-02 20:56:52.043 | DEBUG    | core:as_tensor:724 - Loaded cache for /localdev/gwang/tt_transformers/model_cache/llama33_70b/T3K/empty_kcache_paged_attention(2048, 1, 32, 128)_dtype_BFLOAT8_B_layout_TILE.tensorbin of shape Shape([2048, 1, 32, 128])
2026-09-02 20:56:52.045 | DEBUG    | core:as_tensor:724 - Loaded cache for /localdev/gwang/tt_transformers/model_cache/llama33_70b/T3K/empty_vcache_paged_attention(2048, 1, 32, 128)_dtype_BFLOAT8_B_layout_TILE.tensorbin of shape Shape([2048, 1, 32, 128])
2026-09-02 20:56:52.048 | DEBUG    | core:as_tensor:724 - Loaded cache for /localdev/gwang/tt_transformers/model_cache/llama33_70b/T3K/empty_kcache_paged_attention(2048, 1, 32, 128)_dtype_BFLOAT8_B_layout_TILE.tensorbin of shape Shape([2048, 1, 32, 128])
2026-09-02 20:56:52.051 | DEBUG    | core:as_tensor:724 - Loaded cache for /localdev/gwang/tt_transformers/model_cache/llama33_70b/T3K/empty_vcache_paged_attention(2048, 1, 32, 128)_dtype_BFLOAT8_B_layout_TILE.tensorbin of shape Shape([2048, 1, 32, 128])
2026-09-02 20:56:52.054 | DEBUG    | core:as_tensor:724 - Loaded cache for /localdev/gwang/tt_transformers/model_cache/llama33_70b/T3K/empty_kcache_paged_attention(2048, 1, 32, 128)_dtype_BFLOAT8_B_layout_TILE.tensorbin of shape Shape([2048, 1, 32, 128])
2026-09-02 20:56:52.057 | DEBUG    | core:as_tensor:724 - Loaded cache for /localdev/gwang/tt_transformers/model_cache/llama33_70b/T3K/empty_vcache_paged_attention(2048, 1, 32, 128)_dtype_BFLOAT8_B_layout_TILE.tensorbin of shape Shape([2048, 1, 32, 128])
2026-09-02 20:56:52.060 | DEBUG    | core:as_tensor:724 - Loaded cache for /localdev/gwang/tt_transformers/model_cache/llama33_70b/T3K/empty_kcache_paged_attention(2048, 1, 32, 128)_dtype_BFLOAT8_B_layout_TILE.tensorbin of shape Shape([2048, 1, 32, 128])
2026-09-02 20:56:52.062 | DEBUG    | core:as_tensor:724 - Loaded cache for /localdev/gwang/tt_transformers/model_cache/llama33_70b/T3K/empty_vcache_paged_attention(2048, 1, 32, 128)_dtype_BFLOAT8_B_layout_TILE.tensorbin of shape Shape([2048, 1, 32, 128])
2026-09-02 20:56:52.065 | DEBUG    | core:as_tensor:724 - Loaded cache for /localdev/gwang/tt_transformers/model_cache/llama33_70b/T3K/empty_kcache_paged_attention(2048, 1, 32, 128)_dtype_BFLOAT8_B_layout_TILE.tensorbin of shape Shape([2048, 1, 32, 128])
2026-09-02 20:56:52.068 | DEBUG    | core:as_tensor:724 - Loaded cache for /localdev/gwang/tt_transformers/model_cache/llama33_70b/T3K/empty_vcache_paged_attention(2048, 1, 32, 128)_dtype_BFLOAT8_B_layout_TILE.tensorbin of shape Shape([2048, 1, 32, 128])
2026-09-02 20:56:52.071 | DEBUG    | core:as_tensor:724 - Loaded cache for /localdev/gwang/tt_transformers/model_cache/llama33_70b/T3K/empty_kcache_paged_attention(2048, 1, 32, 128)_dtype_BFLOAT8_B_layout_TILE.tensorbin of shape Shape([2048, 1, 32, 128])
2026-09-02 20:56:52.074 | DEBUG    | core:as_tensor:724 - Loaded cache for /localdev/gwang/tt_transformers/model_cache/llama33_70b/T3K/empty_vcache_paged_attention(2048, 1, 32, 128)_dtype_BFLOAT8_B_layout_TILE.tensorbin of shape Shape([2048, 1, 32, 128])
2026-09-02 20:56:52.077 | DEBUG    | core:as_tensor:724 - Loaded cache for /localdev/gwang/tt_transformers/model_cache/llama33_70b/T3K/empty_kcache_paged_attention(2048, 1, 32, 128)_dtype_BFLOAT8_B_layout_TILE.tensorbin of shape Shape([2048, 1, 32, 128])
2026-09-02 20:56:52.080 | DEBUG    | core:as_tensor:724 - Loaded cache for /localdev/gwang/tt_transformers/model_cache/llama33_70b/T3K/empty_vcache_paged_attention(2048, 1, 32, 128)_dtype_BFLOAT8_B_layout_TILE.tensorbin of shape Shape([2048, 1, 32, 128])
2026-09-02 20:56:52.083 | DEBUG    | core:as_tensor:724 - Loaded cache for /localdev/gwang/tt_transformers/model_cache/llama33_70b/T3K/empty_kcache_paged_attention(2048, 1, 32, 128)_dtype_BFLOAT8_B_layout_TILE.tensorbin of shape Shape([2048, 1, 32, 128])
2026-09-02 20:56:52.085 | DEBUG    | core:as_tensor:724 - Loaded cache for /localdev/gwang/tt_transformers/model_cache/llama33_70b/T3K/empty_vcache_paged_attention(2048, 1, 32, 128)_dtype_BFLOAT8_B_layout_TILE.tensorbin of shape Shape([2048, 1, 32, 128])
2026-09-02 20:56:52.088 | DEBUG    | core:as_tensor:724 - Loaded cache for /localdev/gwang/tt_transformers/model_cache/llama33_70b/T3K/empty_kcache_paged_attention(2048, 1, 32, 128)_dtype_BFLOAT8_B_layout_TILE.tensorbin of shape Shape([2048, 1, 32, 128])
2026-09-02 20:56:52.091 | DEBUG    | core:as_tensor:724 - Loaded cache for /localdev/gwang/tt_transformers/model_cache/llama33_70b/T3K/empty_vcache_paged_attention(2048, 1, 32, 128)_dtype_BFLOAT8_B_layout_TILE.tensorbin of shape Shape([2048, 1, 32, 128])
2026-09-02 20:56:52.094 | DEBUG    | core:as_tensor:724 - Loaded cache for /localdev/gwang/tt_transformers/model_cache/llama33_70b/T3K/empty_kcache_paged_attention(2048, 1, 32, 128)_dtype_BFLOAT8_B_layout_TILE.tensorbin of shape Shape([2048, 1, 32, 128])
2026-09-02 20:56:52.097 | DEBUG    | core:as_tensor:724 - Loaded cache for /localdev/gwang/tt_transformers/model_cache/llama33_70b/T3K/empty_vcache_paged_attention(2048, 1, 32, 128)_dtype_BFLOAT8_B_layout_TILE.tensorbin of shape Shape([2048, 1, 32, 128])
2026-09-02 20:56:52.100 | DEBUG    | core:as_tensor:724 - Loaded cache for /localdev/gwang/tt_transformers/model_cache/llama33_70b/T3K/empty_kcache_paged_attention(2048, 1, 32, 128)_dtype_BFLOAT8_B_layout_TILE.tensorbin of shape Shape([2048, 1, 32, 128])
2026-09-02 20:56:52.103 | DEBUG    | core:as_tensor:724 - Loaded cache for /localdev/gwang/tt_transformers/model_cache/llama33_70b/T3K/empty_vcache_paged_attention(2048, 1, 32, 128)_dtype_BFLOAT8_B_layout_TILE.tensorbin of shape Shape([2048, 1, 32, 128])
2026-09-02 20:56:52.106 | DEBUG    | core:as_tensor:724 - Loaded cache for /localdev/gwang/tt_transformers/model_cache/llama33_70b/T3K/empty_kcache_paged_attention(2048, 1, 32, 128)_dtype_BFLOAT8_B_layout_TILE.tensorbin of shape Shape([2048, 1, 32, 128])
2026-09-02 20:56:52.108 | DEBUG    | core:as_tensor:724 - Loaded cache for /localdev/gwang/tt_transformers/model_cache/llama33_70b/T3K/empty_vcache_paged_attention(2048, 1, 32, 128)_dtype_BFLOAT8_B_layout_TILE.tensorbin of shape Shape([2048, 1, 32, 128])
2026-09-02 20:56:52.111 | DEBUG    | core:as_tensor:724 - Loaded cache for /localdev/gwang/tt_transformers/model_cache/llama33_70b/T3K/empty_kcache_paged_attention(2048, 1, 32, 128)_dtype_BFLOAT8_B_layout_TILE.tensorbin of shape Shape([2048, 1, 32, 128])
2026-09-02 20:56:52.114 | DEBUG    | core:as_tensor:724 - Loaded cache for /localdev/gwang/tt_transformers/model_cache/llama33_70b/T3K/empty_vcache_paged_attention(2048, 1, 32, 128)_dtype_BFLOAT8_B_layout_TILE.tensorbin of shape Shape([2048, 1, 32, 128])
2026-09-02 20:56:52.117 | DEBUG    | core:as_tensor:724 - Loaded cache for /localdev/gwang/tt_transformers/model_cache/llama33_70b/T3K/empty_kcache_paged_attention(2048, 1, 32, 128)_dtype_BFLOAT8_B_layout_TILE.tensorbin of shape Shape([2048, 1, 32, 128])
2026-09-02 20:56:52.120 | DEBUG    | core:as_tensor:724 - Loaded cache for /localdev/gwang/tt_transformers/model_cache/llama33_70b/T3K/empty_vcache_paged_attention(2048, 1, 32, 128)_dtype_BFLOAT8_B_layout_TILE.tensorbin of shape Shape([2048, 1, 32, 128])
2026-09-02 20:56:52.123 | DEBUG    | core:as_tensor:724 - Loaded cache for /localdev/gwang/tt_transformers/model_cache/llama33_70b/T3K/empty_kcache_paged_attention(2048, 1, 32, 128)_dtype_BFLOAT8_B_layout_TILE.tensorbin of shape Shape([2048, 1, 32, 128])
2026-09-02 20:56:52.126 | DEBUG    | core:as_tensor:724 - Loaded cache for /localdev/gwang/tt_transformers/model_cache/llama33_70b/T3K/empty_vcache_paged_attention(2048, 1, 32, 128)_dtype_BFLOAT8_B_layout_TILE.tensorbin of shape Shape([2048, 1, 32, 128])
2026-09-02 20:56:52.129 | DEBUG    | core:as_tensor:724 - Loaded cache for /localdev/gwang/tt_transformers/model_cache/llama33_70b/T3K/empty_kcache_paged_attention(2048, 1, 32, 128)_dtype_BFLOAT8_B_layout_TILE.tensorbin of shape Shape([2048, 1, 32, 128])
2026-09-02 20:56:52.131 | DEBUG    | core:as_tensor:724 - Loaded cache for /localdev/gwang/tt_transformers/model_cache/llama33_70b/T3K/empty_vcache_paged_attention(2048, 1, 32, 128)_dtype_BFLOAT8_B_layout_TILE.tensorbin of shape Shape([2048, 1, 32, 128])
2026-09-02 20:56:52.134 | DEBUG    | core:as_tensor:724 - Loaded cache for /localdev/gwang/tt_transformers/model_cache/llama33_70b/T3K/empty_kcache_paged_attention(2048, 1, 32, 128)_dtype_BFLOAT8_B_layout_TILE.tensorbin of shape Shape([2048, 1, 32, 128])
2026-09-02 20:56:52.137 | DEBUG    | core:as_tensor:724 - Loaded cache for /localdev/gwang/tt_transformers/model_cache/llama33_70b/T3K/empty_vcache_paged_attention(2048, 1, 32, 128)_dtype_BFLOAT8_B_layout_TILE.tensorbin of shape Shape([2048, 1, 32, 128])
2026-09-02 20:56:52.140 | DEBUG    | core:as_tensor:724 - Loaded cache for /localdev/gwang/tt_transformers/model_cache/llama33_70b/T3K/empty_kcache_paged_attention(2048, 1, 32, 128)_dtype_BFLOAT8_B_layout_TILE.tensorbin of shape Shape([2048, 1, 32, 128])
2026-09-02 20:56:52.143 | DEBUG    | core:as_tensor:724 - Loaded cache for /localdev/gwang/tt_transformers/model_cache/llama33_70b/T3K/empty_vcache_paged_attention(2048, 1, 32, 128)_dtype_BFLOAT8_B_layout_TILE.tensorbin of shape Shape([2048, 1, 32, 128])
2026-09-02 20:56:52.146 | DEBUG    | core:as_tensor:724 - Loaded cache for /localdev/gwang/tt_transformers/model_cache/llama33_70b/T3K/empty_kcache_paged_attention(2048, 1, 32, 128)_dtype_BFLOAT8_B_layout_TILE.tensorbin of shape Shape([2048, 1, 32, 128])
2026-09-02 20:56:52.148 | DEBUG    | core:as_tensor:724 - Loaded cache for /localdev/gwang/tt_transformers/model_cache/llama33_70b/T3K/empty_vcache_paged_attention(2048, 1, 32, 128)_dtype_BFLOAT8_B_layout_TILE.tensorbin of shape Shape([2048, 1, 32, 128])
2026-09-02 20:56:52.151 | DEBUG    | core:as_tensor:724 - Loaded cache for /localdev/gwang/tt_transformers/model_cache/llama33_70b/T3K/empty_kcache_paged_attention(2048, 1, 32, 128)_dtype_BFLOAT8_B_layout_TILE.tensorbin of shape Shape([2048, 1, 32, 128])
2026-09-02 20:56:52.154 | DEBUG    | core:as_tensor:724 - Loaded cache for /localdev/gwang/tt_transformers/model_cache/llama33_70b/T3K/empty_vcache_paged_attention(2048, 1, 32, 128)_dtype_BFLOAT8_B_layout_TILE.tensorbin of shape Shape([2048, 1, 32, 128])
2026-09-02 20:56:52.157 | DEBUG    | core:as_tensor:724 - Loaded cache for /localdev/gwang/tt_transformers/model_cache/llama33_70b/T3K/empty_kcache_paged_attention(2048, 1, 32, 128)_dtype_BFLOAT8_B_layout_TILE.tensorbin of shape Shape([2048, 1, 32, 128])
2026-09-02 20:56:52.160 | DEBUG    | core:as_tensor:724 - Loaded cache for /localdev/gwang/tt_transformers/model_cache/llama33_70b/T3K/empty_vcache_paged_attention(2048, 1, 32, 128)_dtype_BFLOAT8_B_layout_TILE.tensorbin of shape Shape([2048, 1, 32, 128])
2026-09-02 20:56:52.163 | DEBUG    | core:as_tensor:724 - Loaded cache for /localdev/gwang/tt_transformers/model_cache/llama33_70b/T3K/empty_kcache_paged_attention(2048, 1, 32, 128)_dtype_BFLOAT8_B_layout_TILE.tensorbin of shape Shape([2048, 1, 32, 128])
2026-09-02 20:56:52.165 | DEBUG    | core:as_tensor:724 - Loaded cache for /localdev/gwang/tt_transformers/model_cache/llama33_70b/T3K/empty_vcache_paged_attention(2048, 1, 32, 128)_dtype_BFLOAT8_B_layout_TILE.tensorbin of shape Shape([2048, 1, 32, 128])
2026-09-02 20:56:52.168 | DEBUG    | core:as_tensor:724 - Loaded cache for /localdev/gwang/tt_transformers/model_cache/llama33_70b/T3K/empty_kcache_paged_attention(2048, 1, 32, 128)_dtype_BFLOAT8_B_layout_TILE.tensorbin of shape Shape([2048, 1, 32, 128])
2026-09-02 20:56:52.171 | DEBUG    | core:as_tensor:724 - Loaded cache for /localdev/gwang/tt_transformers/model_cache/llama33_70b/T3K/empty_vcache_paged_attention(2048, 1, 32, 128)_dtype_BFLOAT8_B_layout_TILE.tensorbin of shape Shape([2048, 1, 32, 128])
2026-09-02 20:56:52.174 | DEBUG    | core:as_tensor:724 - Loaded cache for /localdev/gwang/tt_transformers/model_cache/llama33_70b/T3K/empty_kcache_paged_attention(2048, 1, 32, 128)_dtype_BFLOAT8_B_layout_TILE.tensorbin of shape Shape([2048, 1, 32, 128])
2026-09-02 20:56:52.177 | DEBUG    | core:as_tensor:724 - Loaded cache for /localdev/gwang/tt_transformers/model_cache/llama33_70b/T3K/empty_vcache_paged_attention(2048, 1, 32, 128)_dtype_BFLOAT8_B_layout_TILE.tensorbin of shape Shape([2048, 1, 32, 128])
2026-09-02 20:56:52.180 | DEBUG    | core:as_tensor:724 - Loaded cache for /localdev/gwang/tt_transformers/model_cache/llama33_70b/T3K/empty_kcache_paged_attention(2048, 1, 32, 128)_dtype_BFLOAT8_B_layout_TILE.tensorbin of shape Shape([2048, 1, 32, 128])
2026-09-02 20:56:52.182 | DEBUG    | core:as_tensor:724 - Loaded cache for /localdev/gwang/tt_transformers/model_cache/llama33_70b/T3K/empty_vcache_paged_attention(2048, 1, 32, 128)_dtype_BFLOAT8_B_layout_TILE.tensorbin of shape Shape([2048, 1, 32, 128])
2026-09-02 20:56:52.186 | DEBUG    | core:as_tensor:724 - Loaded cache for /localdev/gwang/tt_transformers/model_cache/llama33_70b/T3K/empty_kcache_paged_attention(2048, 1, 32, 128)_dtype_BFLOAT8_B_layout_TILE.tensorbin of shape Shape([2048, 1, 32, 128])
2026-09-02 20:56:52.188 | DEBUG    | core:as_tensor:724 - Loaded cache for /localdev/gwang/tt_transformers/model_cache/llama33_70b/T3K/empty_vcache_paged_attention(2048, 1, 32, 128)_dtype_BFLOAT8_B_layout_TILE.tensorbin of shape Shape([2048, 1, 32, 128])
2026-09-02 20:56:52.191 | DEBUG    | core:as_tensor:724 - Loaded cache for /localdev/gwang/tt_transformers/model_cache/llama33_70b/T3K/empty_kcache_paged_attention(2048, 1, 32, 128)_dtype_BFLOAT8_B_layout_TILE.tensorbin of shape Shape([2048, 1, 32, 128])
2026-09-02 20:56:52.194 | DEBUG    | core:as_tensor:724 - Loaded cache for /localdev/gwang/tt_transformers/model_cache/llama33_70b/T3K/empty_vcache_paged_attention(2048, 1, 32, 128)_dtype_BFLOAT8_B_layout_TILE.tensorbin of shape Shape([2048, 1, 32, 128])
2026-09-02 20:56:52.197 | DEBUG    | core:as_tensor:724 - Loaded cache for /localdev/gwang/tt_transformers/model_cache/llama33_70b/T3K/empty_kcache_paged_attention(2048, 1, 32, 128)_dtype_BFLOAT8_B_layout_TILE.tensorbin of shape Shape([2048, 1, 32, 128])
2026-09-02 20:56:52.200 | DEBUG    | core:as_tensor:724 - Loaded cache for /localdev/gwang/tt_transformers/model_cache/llama33_70b/T3K/empty_vcache_paged_attention(2048, 1, 32, 128)_dtype_BFLOAT8_B_layout_TILE.tensorbin of shape Shape([2048, 1, 32, 128])
2026-09-02 20:56:52.202 | DEBUG    | core:as_tensor:724 - Loaded cache for /localdev/gwang/tt_transformers/model_cache/llama33_70b/T3K/empty_kcache_paged_attention(2048, 1, 32, 128)_dtype_BFLOAT8_B_layout_TILE.tensorbin of shape Shape([2048, 1, 32, 128])
2026-09-02 20:56:52.205 | DEBUG    | core:as_tensor:724 - Loaded cache for /localdev/gwang/tt_transformers/model_cache/llama33_70b/T3K/empty_vcache_paged_attention(2048, 1, 32, 128)_dtype_BFLOAT8_B_layout_TILE.tensorbin of shape Shape([2048, 1, 32, 128])
2026-09-02 20:56:52.208 | DEBUG    | core:as_tensor:724 - Loaded cache for /localdev/gwang/tt_transformers/model_cache/llama33_70b/T3K/empty_kcache_paged_attention(2048, 1, 32, 128)_dtype_BFLOAT8_B_layout_TILE.tensorbin of shape Shape([2048, 1, 32, 128])
2026-09-02 20:56:52.211 | DEBUG    | core:as_tensor:724 - Loaded cache for /localdev/gwang/tt_transformers/model_cache/llama33_70b/T3K/empty_vcache_paged_attention(2048, 1, 32, 128)_dtype_BFLOAT8_B_layout_TILE.tensorbin of shape Shape([2048, 1, 32, 128])
2026-09-02 20:56:52.214 | DEBUG    | core:as_tensor:724 - Loaded cache for /localdev/gwang/tt_transformers/model_cache/llama33_70b/T3K/empty_kcache_paged_attention(2048, 1, 32, 128)_dtype_BFLOAT8_B_layout_TILE.tensorbin of shape Shape([2048, 1, 32, 128])
2026-09-02 20:56:52.217 | DEBUG    | core:as_tensor:724 - Loaded cache for /localdev/gwang/tt_transformers/model_cache/llama33_70b/T3K/empty_vcache_paged_attention(2048, 1, 32, 128)_dtype_BFLOAT8_B_layout_TILE.tensorbin of shape Shape([2048, 1, 32, 128])
2026-09-02 20:56:52.219 | DEBUG    | core:as_tensor:724 - Loaded cache for /localdev/gwang/tt_transformers/model_cache/llama33_70b/T3K/empty_kcache_paged_attention(2048, 1, 32, 128)_dtype_BFLOAT8_B_layout_TILE.tensorbin of shape Shape([2048, 1, 32, 128])
2026-09-02 20:56:52.222 | DEBUG    | core:as_tensor:724 - Loaded cache for /localdev/gwang/tt_transformers/model_cache/llama33_70b/T3K/empty_vcache_paged_attention(2048, 1, 32, 128)_dtype_BFLOAT8_B_layout_TILE.tensorbin of shape Shape([2048, 1, 32, 128])
2026-09-02 20:56:52.225 | DEBUG    | core:as_tensor:724 - Loaded cache for /localdev/gwang/tt_transformers/model_cache/llama33_70b/T3K/empty_kcache_paged_attention(2048, 1, 32, 128)_dtype_BFLOAT8_B_layout_TILE.tensorbin of shape Shape([2048, 1, 32, 128])
2026-09-02 20:56:52.228 | DEBUG    | core:as_tensor:724 - Loaded cache for /localdev/gwang/tt_transformers/model_cache/llama33_70b/T3K/empty_vcache_paged_attention(2048, 1, 32, 128)_dtype_BFLOAT8_B_layout_TILE.tensorbin of shape Shape([2048, 1, 32, 128])
2026-09-02 20:56:52.231 | DEBUG    | core:as_tensor:724 - Loaded cache for /localdev/gwang/tt_transformers/model_cache/llama33_70b/T3K/empty_kcache_paged_attention(2048, 1, 32, 128)_dtype_BFLOAT8_B_layout_TILE.tensorbin of shape Shape([2048, 1, 32, 128])
2026-09-02 20:56:52.233 | DEBUG    | core:as_tensor:724 - Loaded cache for /localdev/gwang/tt_transformers/model_cache/llama33_70b/T3K/empty_vcache_paged_attention(2048, 1, 32, 128)_dtype_BFLOAT8_B_layout_TILE.tensorbin of shape Shape([2048, 1, 32, 128])
2026-09-02 20:56:52.236 | DEBUG    | core:as_tensor:724 - Loaded cache for /localdev/gwang/tt_transformers/model_cache/llama33_70b/T3K/empty_kcache_paged_attention(2048, 1, 32, 128)_dtype_BFLOAT8_B_layout_TILE.tensorbin of shape Shape([2048, 1, 32, 128])
2026-09-02 20:56:52.239 | DEBUG    | core:as_tensor:724 - Loaded cache for /localdev/gwang/tt_transformers/model_cache/llama33_70b/T3K/empty_vcache_paged_attention(2048, 1, 32, 128)_dtype_BFLOAT8_B_layout_TILE.tensorbin of shape Shape([2048, 1, 32, 128])
2026-09-02 20:56:52.242 | DEBUG    | core:as_tensor:724 - Loaded cache for /localdev/gwang/tt_transformers/model_cache/llama33_70b/T3K/empty_kcache_paged_attention(2048, 1, 32, 128)_dtype_BFLOAT8_B_layout_TILE.tensorbin of shape Shape([2048, 1, 32, 128])
2026-09-02 20:56:52.245 | DEBUG    | core:as_tensor:724 - Loaded cache for /localdev/gwang/tt_transformers/model_cache/llama33_70b/T3K/empty_vcache_paged_attention(2048, 1, 32, 128)_dtype_BFLOAT8_B_layout_TILE.tensorbin of shape Shape([2048, 1, 32, 128])
2026-09-02 20:56:52.248 | DEBUG    | core:as_tensor:724 - Loaded cache for /localdev/gwang/tt_transformers/model_cache/llama33_70b/T3K/empty_kcache_paged_attention(2048, 1, 32, 128)_dtype_BFLOAT8_B_layout_TILE.tensorbin of shape Shape([2048, 1, 32, 128])
2026-09-02 20:56:52.250 | DEBUG    | core:as_tensor:724 - Loaded cache for /localdev/gwang/tt_transformers/model_cache/llama33_70b/T3K/empty_vcache_paged_attention(2048, 1, 32, 128)_dtype_BFLOAT8_B_layout_TILE.tensorbin of shape Shape([2048, 1, 32, 128])
2026-09-02 20:56:52.253 | DEBUG    | core:as_tensor:724 - Loaded cache for /localdev/gwang/tt_transformers/model_cache/llama33_70b/T3K/empty_kcache_paged_attention(2048, 1, 32, 128)_dtype_BFLOAT8_B_layout_TILE.tensorbin of shape Shape([2048, 1, 32, 128])
2026-09-02 20:56:52.256 | DEBUG    | core:as_tensor:724 - Loaded cache for /localdev/gwang/tt_transformers/model_cache/llama33_70b/T3K/empty_vcache_paged_attention(2048, 1, 32, 128)_dtype_BFLOAT8_B_layout_TILE.tensorbin of shape Shape([2048, 1, 32, 128])
2026-09-02 20:56:52.259 | DEBUG    | core:as_tensor:724 - Loaded cache for /localdev/gwang/tt_transformers/model_cache/llama33_70b/T3K/empty_kcache_paged_attention(2048, 1, 32, 128)_dtype_BFLOAT8_B_layout_TILE.tensorbin of shape Shape([2048, 1, 32, 128])
2026-09-02 20:56:52.262 | DEBUG    | core:as_tensor:724 - Loaded cache for /localdev/gwang/tt_transformers/model_cache/llama33_70b/T3K/empty_vcache_paged_attention(2048, 1, 32, 128)_dtype_BFLOAT8_B_layout_TILE.tensorbin of shape Shape([2048, 1, 32, 128])
2026-09-02 20:56:52.265 | DEBUG    | core:as_tensor:724 - Loaded cache for /localdev/gwang/tt_transformers/model_cache/llama33_70b/T3K/empty_kcache_paged_attention(2048, 1, 32, 128)_dtype_BFLOAT8_B_layout_TILE.tensorbin of shape Shape([2048, 1, 32, 128])
2026-09-02 20:56:52.267 | DEBUG    | core:as_tensor:724 - Loaded cache for /localdev/gwang/tt_transformers/model_cache/llama33_70b/T3K/empty_vcache_paged_attention(2048, 1, 32, 128)_dtype_BFLOAT8_B_layout_TILE.tensorbin of shape Shape([2048, 1, 32, 128])
2026-09-02 20:56:52.270 | DEBUG    | core:as_tensor:724 - Loaded cache for /localdev/gwang/tt_transformers/model_cache/llama33_70b/T3K/empty_kcache_paged_attention(2048, 1, 32, 128)_dtype_BFLOAT8_B_layout_TILE.tensorbin of shape Shape([2048, 1, 32, 128])
2026-09-02 20:56:52.273 | DEBUG    | core:as_tensor:724 - Loaded cache for /localdev/gwang/tt_transformers/model_cache/llama33_70b/T3K/empty_vcache_paged_attention(2048, 1, 32, 128)_dtype_BFLOAT8_B_layout_TILE.tensorbin of shape Shape([2048, 1, 32, 128])
2026-09-02 20:56:52.276 | DEBUG    | core:as_tensor:724 - Loaded cache for /localdev/gwang/tt_transformers/model_cache/llama33_70b/T3K/empty_kcache_paged_attention(2048, 1, 32, 128)_dtype_BFLOAT8_B_layout_TILE.tensorbin of shape Shape([2048, 1, 32, 128])
2026-09-02 20:56:52.279 | DEBUG    | core:as_tensor:724 - Loaded cache for /localdev/gwang/tt_transformers/model_cache/llama33_70b/T3K/empty_vcache_paged_attention(2048, 1, 32, 128)_dtype_BFLOAT8_B_layout_TILE.tensorbin of shape Shape([2048, 1, 32, 128])
2026-09-02 20:56:52.282 | DEBUG    | core:as_tensor:724 - Loaded cache for /localdev/gwang/tt_transformers/model_cache/llama33_70b/T3K/empty_kcache_paged_attention(2048, 1, 32, 128)_dtype_BFLOAT8_B_layout_TILE.tensorbin of shape Shape([2048, 1, 32, 128])
2026-09-02 20:56:52.285 | DEBUG    | core:as_tensor:724 - Loaded cache for /localdev/gwang/tt_transformers/model_cache/llama33_70b/T3K/empty_vcache_paged_attention(2048, 1, 32, 128)_dtype_BFLOAT8_B_layout_TILE.tensorbin of shape Shape([2048, 1, 32, 128])
2026-09-02 20:56:52.287 | DEBUG    | core:as_tensor:724 - Loaded cache for /localdev/gwang/tt_transformers/model_cache/llama33_70b/T3K/empty_kcache_paged_attention(2048, 1, 32, 128)_dtype_BFLOAT8_B_layout_TILE.tensorbin of shape Shape([2048, 1, 32, 128])
2026-09-02 20:56:52.290 | DEBUG    | core:as_tensor:724 - Loaded cache for /localdev/gwang/tt_transformers/model_cache/llama33_70b/T3K/empty_vcache_paged_attention(2048, 1, 32, 128)_dtype_BFLOAT8_B_layout_TILE.tensorbin of shape Shape([2048, 1, 32, 128])
2026-09-02 20:56:52.293 | DEBUG    | core:as_tensor:724 - Loaded cache for /localdev/gwang/tt_transformers/model_cache/llama33_70b/T3K/empty_kcache_paged_attention(2048, 1, 32, 128)_dtype_BFLOAT8_B_layout_TILE.tensorbin of shape Shape([2048, 1, 32, 128])
2026-09-02 20:56:52.296 | DEBUG    | core:as_tensor:724 - Loaded cache for /localdev/gwang/tt_transformers/model_cache/llama33_70b/T3K/empty_vcache_paged_attention(2048, 1, 32, 128)_dtype_BFLOAT8_B_layout_TILE.tensorbin of shape Shape([2048, 1, 32, 128])
2026-09-02 20:56:52.299 | DEBUG    | core:as_tensor:724 - Loaded cache for /localdev/gwang/tt_transformers/model_cache/llama33_70b/T3K/empty_kcache_paged_attention(2048, 1, 32, 128)_dtype_BFLOAT8_B_layout_TILE.tensorbin of shape Shape([2048, 1, 32, 128])
2026-09-02 20:56:52.302 | DEBUG    | core:as_tensor:724 - Loaded cache for /localdev/gwang/tt_transformers/model_cache/llama33_70b/T3K/empty_vcache_paged_attention(2048, 1, 32, 128)_dtype_BFLOAT8_B_layout_TILE.tensorbin of shape Shape([2048, 1, 32, 128])
2026-09-02 20:56:52.305 | DEBUG    | core:as_tensor:724 - Loaded cache for /localdev/gwang/tt_transformers/model_cache/llama33_70b/T3K/empty_kcache_paged_attention(2048, 1, 32, 128)_dtype_BFLOAT8_B_layout_TILE.tensorbin of shape Shape([2048, 1, 32, 128])
2026-09-02 20:56:52.307 | DEBUG    | core:as_tensor:724 - Loaded cache for /localdev/gwang/tt_transformers/model_cache/llama33_70b/T3K/empty_vcache_paged_attention(2048, 1, 32, 128)_dtype_BFLOAT8_B_layout_TILE.tensorbin of shape Shape([2048, 1, 32, 128])
2026-09-02 20:56:52.310 | DEBUG    | core:as_tensor:724 - Loaded cache for /localdev/gwang/tt_transformers/model_cache/llama33_70b/T3K/empty_kcache_paged_attention(2048, 1, 32, 128)_dtype_BFLOAT8_B_layout_TILE.tensorbin of shape Shape([2048, 1, 32, 128])
2026-09-02 20:56:52.313 | DEBUG    | core:as_tensor:724 - Loaded cache for /localdev/gwang/tt_transformers/model_cache/llama33_70b/T3K/empty_vcache_paged_attention(2048, 1, 32, 128)_dtype_BFLOAT8_B_layout_TILE.tensorbin of shape Shape([2048, 1, 32, 128])
2026-09-02 20:56:52.316 | DEBUG    | core:as_tensor:724 - Loaded cache for /localdev/gwang/tt_transformers/model_cache/llama33_70b/T3K/empty_kcache_paged_attention(2048, 1, 32, 128)_dtype_BFLOAT8_B_layout_TILE.tensorbin of shape Shape([2048, 1, 32, 128])
2026-09-02 20:56:52.319 | DEBUG    | core:as_tensor:724 - Loaded cache for /localdev/gwang/tt_transformers/model_cache/llama33_70b/T3K/empty_vcache_paged_attention(2048, 1, 32, 128)_dtype_BFLOAT8_B_layout_TILE.tensorbin of shape Shape([2048, 1, 32, 128])
2026-09-02 20:56:52.322 | DEBUG    | core:as_tensor:724 - Loaded cache for /localdev/gwang/tt_transformers/model_cache/llama33_70b/T3K/empty_kcache_paged_attention(2048, 1, 32, 128)_dtype_BFLOAT8_B_layout_TILE.tensorbin of shape Shape([2048, 1, 32, 128])
2026-09-02 20:56:52.325 | DEBUG    | core:as_tensor:724 - Loaded cache for /localdev/gwang/tt_transformers/model_cache/llama33_70b/T3K/empty_vcache_paged_attention(2048, 1, 32, 128)_dtype_BFLOAT8_B_layout_TILE.tensorbin of shape Shape([2048, 1, 32, 128])
2026-09-02 20:56:52.328 | DEBUG    | core:as_tensor:724 - Loaded cache for /localdev/gwang/tt_transformers/model_cache/llama33_70b/T3K/empty_kcache_paged_attention(2048, 1, 32, 128)_dtype_BFLOAT8_B_layout_TILE.tensorbin of shape Shape([2048, 1, 32, 128])
2026-09-02 20:56:52.330 | DEBUG    | core:as_tensor:724 - Loaded cache for /localdev/gwang/tt_transformers/model_cache/llama33_70b/T3K/empty_vcache_paged_attention(2048, 1, 32, 128)_dtype_BFLOAT8_B_layout_TILE.tensorbin of shape Shape([2048, 1, 32, 128])
2026-09-02 20:56:54.547 | INFO     | tt_transformers.llm_runtime.warmup:warmup_decode:485 - Compiled decode
2026-09-02 20:56:54.766 | INFO     | tt_transformers.llm_runtime.warmup:warmup_decode:485 - Compiled decode
2026-09-02 20:56:54.766 | INFO     | tt_transformers.llm_runtime.warmup:warmup_decode:487 - Compiled on-device sampling
2026-09-02 20:57:06.371 | INFO     | tt_transformers.llm_runtime.trace_compiler:capture_all:336 - Captured decode trace: signature=DecodeTraceSignature(batch_size=16, page_table_width=128, sampling_path='logits', device_feedback=False, penalties_enabled=False, logprobs_enabled=False)
2026-09-02 20:57:06.718 | INFO     | tt_transformers.llm_runtime.trace_compiler:capture_all:336 - Captured decode trace: signature=DecodeTraceSignature(batch_size=16, page_table_width=128, sampling_path='topk', device_feedback=True, penalties_enabled=False, logprobs_enabled=False)
2026-09-02 20:57:07.330 | INFO     | tt_transformers.llm_runtime.trace_compiler:capture_all:336 - Captured prefill trace: signature=PrefillTraceSignature(operation_variant='regular-batched', padded_batch_size=16, padded_sequence_length=128, page_table_width=192, chunk_page_table_width=None, sampling_path='topk', penalties_enabled=False, logprobs_enabled=False)
2026-09-02 20:57:07.954 | INFO     | tt_transformers.llm_runtime.trace_compiler:capture_all:336 - Captured prefill trace: signature=PrefillTraceSignature(operation_variant='regular-batched', padded_batch_size=16, padded_sequence_length=128, page_table_width=192, chunk_page_table_width=None, sampling_path='logits', penalties_enabled=False, logprobs_enabled=False)
2026-09-02 20:57:08.251 | INFO     | tt_transformers.llm_runtime.trace_compiler:capture_all:336 - Captured prefill trace: signature=PrefillTraceSignature(operation_variant='regular-single', padded_batch_size=1, padded_sequence_length=128, page_table_width=192, chunk_page_table_width=None, sampling_path='topk', penalties_enabled=False, logprobs_enabled=False)
2026-09-02 20:57:08.606 | INFO     | tt_transformers.llm_runtime.trace_compiler:capture_all:336 - Captured prefill trace: signature=PrefillTraceSignature(operation_variant='regular-batched', padded_batch_size=2, padded_sequence_length=128, page_table_width=192, chunk_page_table_width=None, sampling_path='topk', penalties_enabled=False, logprobs_enabled=False)
2026-09-02 20:57:08.999 | INFO     | tt_transformers.llm_runtime.trace_compiler:capture_all:336 - Captured prefill trace: signature=PrefillTraceSignature(operation_variant='regular-batched', padded_batch_size=4, padded_sequence_length=128, page_table_width=192, chunk_page_table_width=None, sampling_path='topk', penalties_enabled=False, logprobs_enabled=False)
2026-09-02 20:57:09.492 | INFO     | tt_transformers.llm_runtime.trace_compiler:capture_all:336 - Captured prefill trace: signature=PrefillTraceSignature(operation_variant='regular-batched', padded_batch_size=8, padded_sequence_length=128, page_table_width=192, chunk_page_table_width=None, sampling_path='topk', penalties_enabled=False, logprobs_enabled=False)
2026-09-02 20:57:09.819 | INFO     | tt_transformers.llm_runtime.trace_compiler:capture_all:336 - Captured prefill trace: signature=PrefillTraceSignature(operation_variant='chunked', padded_batch_size=1, padded_sequence_length=128, page_table_width=192, chunk_page_table_width=4, sampling_path='topk', penalties_enabled=False, logprobs_enabled=False)
2026-09-02 20:57:10.198 | INFO     | tt_transformers.llm_runtime.trace_compiler:capture_all:336 - Captured prefill trace: signature=PrefillTraceSignature(operation_variant='regular-single', padded_batch_size=1, padded_sequence_length=2048, page_table_width=192, chunk_page_table_width=None, sampling_path='topk', penalties_enabled=False, logprobs_enabled=False)
2026-09-02 20:57:10.577 | INFO     | tt_transformers.llm_runtime.trace_compiler:capture_all:336 - Captured prefill trace: signature=PrefillTraceSignature(operation_variant='chunked', padded_batch_size=1, padded_sequence_length=2048, page_table_width=192, chunk_page_table_width=64, sampling_path='topk', penalties_enabled=False, logprobs_enabled=False)
2026-09-02 20:57:10.911 | INFO     | tt_transformers.llm_runtime.trace_compiler:capture_all:336 - Captured prefill trace: signature=PrefillTraceSignature(operation_variant='regular-single', padded_batch_size=1, padded_sequence_length=128, page_table_width=192, chunk_page_table_width=None, sampling_path='logits', penalties_enabled=False, logprobs_enabled=False)
2026-09-02 20:57:11.316 | INFO     | tt_transformers.llm_runtime.trace_compiler:capture_all:336 - Captured prefill trace: signature=PrefillTraceSignature(operation_variant='regular-batched', padded_batch_size=2, padded_sequence_length=128, page_table_width=192, chunk_page_table_width=None, sampling_path='logits', penalties_enabled=False, logprobs_enabled=False)
2026-09-02 20:57:11.762 | INFO     | tt_transformers.llm_runtime.trace_compiler:capture_all:336 - Captured prefill trace: signature=PrefillTraceSignature(operation_variant='regular-batched', padded_batch_size=4, padded_sequence_length=128, page_table_width=192, chunk_page_table_width=None, sampling_path='logits', penalties_enabled=False, logprobs_enabled=False)
2026-09-02 20:57:12.300 | INFO     | tt_transformers.llm_runtime.trace_compiler:capture_all:336 - Captured prefill trace: signature=PrefillTraceSignature(operation_variant='regular-batched', padded_batch_size=8, padded_sequence_length=128, page_table_width=192, chunk_page_table_width=None, sampling_path='logits', penalties_enabled=False, logprobs_enabled=False)
2026-09-02 20:57:12.644 | INFO     | tt_transformers.llm_runtime.trace_compiler:capture_all:336 - Captured prefill trace: signature=PrefillTraceSignature(operation_variant='chunked', padded_batch_size=1, padded_sequence_length=128, page_table_width=192, chunk_page_table_width=4, sampling_path='logits', penalties_enabled=False, logprobs_enabled=False)
2026-09-02 20:57:13.052 | INFO     | tt_transformers.llm_runtime.trace_compiler:capture_all:336 - Captured prefill trace: signature=PrefillTraceSignature(operation_variant='regular-single', padded_batch_size=1, padded_sequence_length=2048, page_table_width=192, chunk_page_table_width=None, sampling_path='logits', penalties_enabled=False, logprobs_enabled=False)
2026-09-02 20:57:13.454 | INFO     | tt_transformers.llm_runtime.trace_compiler:capture_all:336 - Captured prefill trace: signature=PrefillTraceSignature(operation_variant='chunked', padded_batch_size=1, padded_sequence_length=2048, page_table_width=192, chunk_page_table_width=64, sampling_path='logits', penalties_enabled=False, logprobs_enabled=False)
2026-09-02 20:57:13.739 | INFO     | tt_transformers.llm_runtime.execution:_execute_prefill:671 - TTTV2_RUNTIME_EVIDENCE {"active_batch_size": 1, "execution": "trace_replay", "lane": 0, "operation": "prefill", "padded_batch_size": 1, "padded_sequence_length": 128, "program_key": "999cbf354c9bdd6077cabb45b51d31c2abbe52833ac910f642e5bcbb3cdd4494", "rank": 0, "replay_steps": 1, "sampling_path": "logits", "trace_key": "469283b260195f80b5f03bce4eb3044eeef47176541b1aae9a1d1a6ecb5917fe", "variant": "regular-single"}
2026-09-02 20:57:14.272 | INFO     | tt_transformers.llm_runtime.execution:_execute_prefill:671 - TTTV2_RUNTIME_EVIDENCE {"active_batch_size": 15, "execution": "trace_replay", "lane": 0, "operation": "prefill", "padded_batch_size": 16, "padded_sequence_length": 128, "program_key": "c7a3e8066537c19ac3fa869ec3ca1bc407bafcd8502d3b01be5dae9a2ed0b276", "rank": 0, "replay_steps": 1, "sampling_path": "logits", "trace_key": "d6be81420b505b3fe570ee657d153901af70fb56b5e1e9fbbb41b8205b87409b", "variant": "regular-batched"}
=========================== short test summary info ============================
FAILED tests/models/llama33_70b/test_t3k_batched_prefill_correctness.py::test_w6_active15_padded16_trace_correctness[logits-topk-16-15-T3K] - AssertionError: logits parity failed; row max-abs above 1.0: row 0: 1.50000000; top-5 overlap below 4: row 0: 3
FAILED tests/models/llama33_70b/test_t3k_batched_prefill_correctness.py::test_w6_active15_padded16_trace_correctness[logits-topk-15-16-T3K] - AssertionError: logits parity failed; row max-abs above 1.0: row 0: 1.50000000; top-5 overlap below 4: row 0: 3
FAILED tests/models/llama33_70b/test_t3k_batched_prefill_correctness.py::test_w6_active15_padded16_trace_correctness[topk-logits-16-15-T3K] - AssertionError: logits parity failed; row max-abs above 1.0: row 0: 1.50000000; top-5 overlap below 4: row 0: 3
FAILED tests/models/llama33_70b/test_t3k_batched_prefill_correctness.py::test_w6_active15_padded16_trace_correctness[topk-logits-15-16-T3K] - AssertionError: logits parity failed; row max-abs above 1.0: row 0: 1.50000000; top-5 overlap below 4: row 0: 3
======================== 4 failed in 422.48s (0:07:02) =========================
2026-09-02 20:57:25.629 | info     |    BuildKernels | JIT cache stats: 1047/1047 hits (100.0%) [1047 cached, 943 build-once dedup, 0 merged artifacts, 0 merged genfiles] (build_cache_telemetry.cpp:207)
2026-09-02 20:57:25.629 | info     |    BuildKernels | JIT telemetry: 3 registered TelemetryTokens (build_cache_telemetry.cpp:230)
2026-09-02 20:57:25.651 | info     |          Device | Closing user mode device drivers (tt_cluster.cpp:513)
2026-09-02 20:57:25.651 | info     |             UMD | Closing devices in cluster (cluster.cpp:1201)
2026-09-02 20:57:25.689 | info     |             UMD | Closing devices in cluster completed. (cluster.cpp:1210)
2026-09-02 20:57:25.690 | info     |             UMD | Cluster destructor started. (cluster.cpp:916)
2026-09-02 20:57:25.690 | info     |             UMD | Cluster destructor completed. (cluster.cpp:919)
