layer,source_path,line,scope,timing,kind,module,imported_symbol,alias,root,classification,internal_target
llm_runtime,models/common/llm_runtime/config.py,6,<module>,module,from,__future__,annotations,,__future__,stdlib,
llm_runtime,models/common/llm_runtime/config.py,8,<module>,module,from,dataclasses,dataclass,,dataclasses,stdlib,
llm_runtime,models/common/llm_runtime/config.py,9,<module>,module,from,typing,Literal,,typing,stdlib,
llm_runtime,models/common/llm_runtime/config.py,11,<module>,module,import,ttnn,,,ttnn,third_party_base,
llm_runtime,models/common/llm_runtime/decode.py,6,<module>,module,from,__future__,annotations,,__future__,stdlib,
llm_runtime,models/common/llm_runtime/decode.py,8,<module>,module,import,contextlib,,,contextlib,stdlib,
llm_runtime,models/common/llm_runtime/decode.py,9,<module>,module,import,dataclasses,,,dataclasses,stdlib,
llm_runtime,models/common/llm_runtime/decode.py,10,<module>,module,import,functools,,,functools,stdlib,
llm_runtime,models/common/llm_runtime/decode.py,11,<module>,module,from,dataclasses,dataclass,,dataclasses,stdlib,
llm_runtime,models/common/llm_runtime/decode.py,11,<module>,module,from,dataclasses,field,,dataclasses,stdlib,
llm_runtime,models/common/llm_runtime/decode.py,12,<module>,module,from,typing,Any,,typing,stdlib,
llm_runtime,models/common/llm_runtime/decode.py,14,<module>,module,import,torch,,,torch,third_party_base,
llm_runtime,models/common/llm_runtime/decode.py,15,<module>,module,from,loguru,logger,,loguru,third_party_base,
llm_runtime,models/common/llm_runtime/decode.py,17,<module>,module,import,ttnn,,,ttnn,third_party_base,
llm_runtime,models/common/llm_runtime/decode.py,18,<module>,module,from,models.common.llm_runtime.config,PageTableLayout,,models,internal_models_namespace,models.common.llm_runtime.config
llm_runtime,models/common/llm_runtime/decode.py,19,<module>,module,from,models.common.llm_runtime.output_reader,OutputReader,,models,internal_models_namespace,models.common.llm_runtime.output_reader
llm_runtime,models/common/llm_runtime/decode.py,19,<module>,module,from,models.common.llm_runtime.output_reader,PendingRead,,models,internal_models_namespace,models.common.llm_runtime.output_reader
llm_runtime,models/common/llm_runtime/decode.py,20,<module>,module,from,models.common.llm_runtime.tensor_resources,TensorResourceOrphan,,models,internal_models_namespace,models.common.llm_runtime.tensor_resources
llm_runtime,models/common/llm_runtime/decode.py,20,<module>,module,from,models.common.llm_runtime.tensor_resources,attach_cleanup_failures,,models,internal_models_namespace,models.common.llm_runtime.tensor_resources
llm_runtime,models/common/llm_runtime/decode.py,20,<module>,module,from,models.common.llm_runtime.tensor_resources,best_effort_deallocate_owned_tensors,,models,internal_models_namespace,models.common.llm_runtime.tensor_resources
llm_runtime,models/common/llm_runtime/decode.py,20,<module>,module,from,models.common.llm_runtime.tensor_resources,raise_cleanup_failures,,models,internal_models_namespace,models.common.llm_runtime.tensor_resources
llm_runtime,models/common/llm_runtime/decode.py,20,<module>,module,from,models.common.llm_runtime.tensor_resources,release_orphans,,models,internal_models_namespace,models.common.llm_runtime.tensor_resources
llm_runtime,models/common/llm_runtime/decode.py,27,<module>,module,from,models.common.modules.sampling.params,PreparedSamplingParams,,models,internal_models_namespace,models.common.modules.sampling.params
llm_runtime,models/common/llm_runtime/decode.py,27,<module>,module,from,models.common.modules.sampling.params,place_prepared_sampling_params,,models,internal_models_namespace,models.common.modules.sampling.params
llm_runtime,models/common/llm_runtime/decode.py,27,<module>,module,from,models.common.modules.sampling.params,prepare_sampling_params,,models,internal_models_namespace,models.common.modules.sampling.params
llm_runtime,models/common/llm_runtime/decode.py,27,<module>,module,from,models.common.modules.sampling.params,slice_sampling_params,,models,internal_models_namespace,models.common.modules.sampling.params
llm_runtime,models/common/llm_runtime/decode.py,33,<module>,module,from,models.common.modules.sampling.seed_manager_1d,SeedManager1D,,models,internal_models_namespace,models.common.modules.sampling.seed_manager_1d
llm_runtime,models/common/llm_runtime/decode.py,34,<module>,module,from,models.common.sampling.sampling_params,SamplingParams,,models,external_models_tt_metal,
llm_runtime,models/common/llm_runtime/execution.py,6,<module>,module,from,__future__,annotations,,__future__,stdlib,
llm_runtime,models/common/llm_runtime/execution.py,8,<module>,module,import,json,,,json,stdlib,
llm_runtime,models/common/llm_runtime/execution.py,9,<module>,module,from,collections.abc,Sequence,,collections,stdlib,
llm_runtime,models/common/llm_runtime/execution.py,10,<module>,module,from,dataclasses,asdict,,dataclasses,stdlib,
llm_runtime,models/common/llm_runtime/execution.py,10,<module>,module,from,dataclasses,dataclass,,dataclasses,stdlib,
llm_runtime,models/common/llm_runtime/execution.py,11,<module>,module,from,typing,Any,,typing,stdlib,
llm_runtime,models/common/llm_runtime/execution.py,13,<module>,module,import,torch,,,torch,third_party_base,
llm_runtime,models/common/llm_runtime/execution.py,14,<module>,module,from,loguru,logger,,loguru,third_party_base,
llm_runtime,models/common/llm_runtime/execution.py,16,<module>,module,from,models.common.llm_runtime.decode,DecodeRuntime,,models,internal_models_namespace,models.common.llm_runtime.decode
llm_runtime,models/common/llm_runtime/execution.py,17,<module>,module,from,models.common.llm_runtime.decode,InvocationResult,DecodeInvocationResult,models,internal_models_namespace,models.common.llm_runtime.decode
llm_runtime,models/common/llm_runtime/execution.py,18,<module>,module,from,models.common.llm_runtime.prefill.plan,PrefillRequest,,models,internal_models_namespace,models.common.llm_runtime.prefill.plan
llm_runtime,models/common/llm_runtime/execution.py,19,<module>,module,from,models.common.llm_runtime.prefill.runtime,PrefillRuntime,,models,internal_models_namespace,models.common.llm_runtime.prefill.runtime
llm_runtime,models/common/llm_runtime/execution.py,20,<module>,module,from,models.common.llm_runtime.program_compiler,CompiledProgram,,models,internal_models_namespace,models.common.llm_runtime.program_compiler
llm_runtime,models/common/llm_runtime/execution.py,20,<module>,module,from,models.common.llm_runtime.program_compiler,OutputSpec,,models,internal_models_namespace,models.common.llm_runtime.program_compiler
llm_runtime,models/common/llm_runtime/execution.py,20,<module>,module,from,models.common.llm_runtime.program_compiler,ProgramCompiler,,models,internal_models_namespace,models.common.llm_runtime.program_compiler
llm_runtime,models/common/llm_runtime/execution.py,21,<module>,module,from,models.common.llm_runtime.trace_compiler,InputRefreshPolicy,,models,internal_models_namespace,models.common.llm_runtime.trace_compiler
llm_runtime,models/common/llm_runtime/execution.py,21,<module>,module,from,models.common.llm_runtime.trace_compiler,TraceCapturePlan,,models,internal_models_namespace,models.common.llm_runtime.trace_compiler
llm_runtime,models/common/llm_runtime/execution.py,21,<module>,module,from,models.common.llm_runtime.trace_compiler,TraceCompiler,,models,internal_models_namespace,models.common.llm_runtime.trace_compiler
llm_runtime,models/common/llm_runtime/lane_group.py,6,<module>,module,from,__future__,annotations,,__future__,stdlib,
llm_runtime,models/common/llm_runtime/lane_group.py,8,<module>,module,import,copy,,,copy,stdlib,
llm_runtime,models/common/llm_runtime/lane_group.py,9,<module>,module,import,dataclasses,,,dataclasses,stdlib,
llm_runtime,models/common/llm_runtime/lane_group.py,10,<module>,module,import,threading,,,threading,stdlib,
llm_runtime,models/common/llm_runtime/lane_group.py,11,<module>,module,from,concurrent.futures,Future,,concurrent,stdlib,
llm_runtime,models/common/llm_runtime/lane_group.py,11,<module>,module,from,concurrent.futures,ThreadPoolExecutor,,concurrent,stdlib,
llm_runtime,models/common/llm_runtime/lane_group.py,11,<module>,module,from,concurrent.futures,wait,,concurrent,stdlib,
llm_runtime,models/common/llm_runtime/lane_group.py,12,<module>,module,from,contextlib,ExitStack,,contextlib,stdlib,
llm_runtime,models/common/llm_runtime/lane_group.py,13,<module>,module,from,typing,Any,,typing,stdlib,
llm_runtime,models/common/llm_runtime/lane_group.py,13,<module>,module,from,typing,Callable,,typing,stdlib,
llm_runtime,models/common/llm_runtime/lane_group.py,13,<module>,module,from,typing,Iterator,,typing,stdlib,
llm_runtime,models/common/llm_runtime/lane_group.py,13,<module>,module,from,typing,Sequence,,typing,stdlib,
llm_runtime,models/common/llm_runtime/lane_group.py,13,<module>,module,from,typing,TypedDict,,typing,stdlib,
llm_runtime,models/common/llm_runtime/lane_group.py,15,<module>,module,import,torch,,,torch,third_party_base,
llm_runtime,models/common/llm_runtime/lane_group.py,17,<module>,module,from,models.common.llm_runtime.execution,EagerExecutor,,models,internal_models_namespace,models.common.llm_runtime.execution
llm_runtime,models/common/llm_runtime/lane_group.py,17,<module>,module,from,models.common.llm_runtime.execution,TracedExecutor,,models,internal_models_namespace,models.common.llm_runtime.execution
llm_runtime,models/common/llm_runtime/output_reader.py,6,<module>,module,from,__future__,annotations,,__future__,stdlib,
llm_runtime,models/common/llm_runtime/output_reader.py,8,<module>,module,import,itertools,,,itertools,stdlib,
llm_runtime,models/common/llm_runtime/output_reader.py,9,<module>,module,import,threading,,,threading,stdlib,
llm_runtime,models/common/llm_runtime/output_reader.py,10,<module>,module,from,dataclasses,dataclass,,dataclasses,stdlib,
llm_runtime,models/common/llm_runtime/output_reader.py,10,<module>,module,from,dataclasses,field,,dataclasses,stdlib,
llm_runtime,models/common/llm_runtime/output_reader.py,11,<module>,module,from,typing,Any,,typing,stdlib,
llm_runtime,models/common/llm_runtime/output_reader.py,13,<module>,module,import,torch,,,torch,third_party_base,
llm_runtime,models/common/llm_runtime/output_reader.py,15,<module>,module,import,ttnn,,,ttnn,third_party_base,
llm_runtime,models/common/llm_runtime/paged_kv_cache.py,6,<module>,module,from,__future__,annotations,,__future__,stdlib,
llm_runtime,models/common/llm_runtime/paged_kv_cache.py,8,<module>,module,from,dataclasses,dataclass,,dataclasses,stdlib,
llm_runtime,models/common/llm_runtime/paged_kv_cache.py,9,<module>,module,from,pathlib,Path,,pathlib,stdlib,
llm_runtime,models/common/llm_runtime/paged_kv_cache.py,10,<module>,module,from,typing,Any,,typing,stdlib,
llm_runtime,models/common/llm_runtime/paged_kv_cache.py,12,<module>,module,import,torch,,,torch,third_party_base,
llm_runtime,models/common/llm_runtime/paged_kv_cache.py,14,<module>,module,import,ttnn,,,ttnn,third_party_base,
llm_runtime,models/common/llm_runtime/paged_kv_cache.py,15,<module>,module,from,models.common.llm_runtime.config,PagedKVCacheConfig,,models,internal_models_namespace,models.common.llm_runtime.config
llm_runtime,models/common/llm_runtime/prefill/config.py,6,<module>,module,from,__future__,annotations,,__future__,stdlib,
llm_runtime,models/common/llm_runtime/prefill/config.py,8,<module>,module,from,dataclasses,dataclass,,dataclasses,stdlib,
llm_runtime,models/common/llm_runtime/prefill/config.py,8,<module>,module,from,dataclasses,replace,,dataclasses,stdlib,
llm_runtime,models/common/llm_runtime/prefill/config.py,9,<module>,module,from,typing,Any,,typing,stdlib,
llm_runtime,models/common/llm_runtime/prefill/config.py,9,<module>,module,from,typing,Callable,,typing,stdlib,
llm_runtime,models/common/llm_runtime/prefill/config.py,11,<module>,module,from,models.common.llm_runtime.config,PageTableLayout,,models,internal_models_namespace,models.common.llm_runtime.config
llm_runtime,models/common/llm_runtime/prefill/config.py,12,<module>,module,from,models.common.llm_runtime.output_reader,OutputReader,,models,internal_models_namespace,models.common.llm_runtime.output_reader
llm_runtime,models/common/llm_runtime/prefill/config.py,13,<module>,module,from,models.common.llm_runtime.prefill.sampling_helpers,_TILE_SIZE,,models,internal_models_namespace,models.common.llm_runtime.prefill.sampling_helpers
llm_runtime,models/common/llm_runtime/prefill/inputs.py,6,<module>,module,from,__future__,annotations,,__future__,stdlib,
llm_runtime,models/common/llm_runtime/prefill/inputs.py,8,<module>,module,from,dataclasses,dataclass,,dataclasses,stdlib,
llm_runtime,models/common/llm_runtime/prefill/inputs.py,9,<module>,module,from,typing,Any,,typing,stdlib,
llm_runtime,models/common/llm_runtime/prefill/inputs.py,9,<module>,module,from,typing,Callable,,typing,stdlib,
llm_runtime,models/common/llm_runtime/prefill/inputs.py,9,<module>,module,from,typing,Sequence,,typing,stdlib,
llm_runtime,models/common/llm_runtime/prefill/inputs.py,11,<module>,module,import,torch,,,torch,third_party_base,
llm_runtime,models/common/llm_runtime/prefill/inputs.py,13,<module>,module,import,ttnn,,,ttnn,third_party_base,
llm_runtime,models/common/llm_runtime/prefill/inputs.py,14,<module>,module,from,models.common.llm_runtime.prefill.plan,PrefillChunk,,models,internal_models_namespace,models.common.llm_runtime.prefill.plan
llm_runtime,models/common/llm_runtime/prefill/inputs.py,14,<module>,module,from,models.common.llm_runtime.prefill.plan,PrefillRequest,,models,internal_models_namespace,models.common.llm_runtime.prefill.plan
llm_runtime,models/common/llm_runtime/prefill/inputs.py,15,<module>,module,from,models.common.llm_runtime.prefill.sampling_helpers,_TILE_SIZE,,models,internal_models_namespace,models.common.llm_runtime.prefill.sampling_helpers
llm_runtime,models/common/llm_runtime/prefill/inputs.py,16,<module>,module,from,models.common.llm_runtime.tensor_resources,attach_cleanup_failures,,models,internal_models_namespace,models.common.llm_runtime.tensor_resources
llm_runtime,models/common/llm_runtime/prefill/inputs.py,16,<module>,module,from,models.common.llm_runtime.tensor_resources,best_effort_deallocate_owned_tensors,,models,internal_models_namespace,models.common.llm_runtime.tensor_resources
llm_runtime,models/common/llm_runtime/prefill/inputs.py,16,<module>,module,from,models.common.llm_runtime.tensor_resources,raise_cleanup_failures,,models,internal_models_namespace,models.common.llm_runtime.tensor_resources
llm_runtime,models/common/llm_runtime/prefill/plan.py,6,<module>,module,from,__future__,annotations,,__future__,stdlib,
llm_runtime,models/common/llm_runtime/prefill/plan.py,8,<module>,module,import,math,,,math,stdlib,
llm_runtime,models/common/llm_runtime/prefill/plan.py,9,<module>,module,from,dataclasses,dataclass,,dataclasses,stdlib,
llm_runtime,models/common/llm_runtime/prefill/plan.py,10,<module>,module,from,typing,Literal,,typing,stdlib,
llm_runtime,models/common/llm_runtime/prefill/plan.py,10,<module>,module,from,typing,Sequence,,typing,stdlib,
llm_runtime,models/common/llm_runtime/prefill/plan.py,12,<module>,module,import,torch,,,torch,third_party_base,
llm_runtime,models/common/llm_runtime/prefill/postprocess.py,6,<module>,module,from,__future__,annotations,,__future__,stdlib,
llm_runtime,models/common/llm_runtime/prefill/postprocess.py,8,<module>,module,from,typing,Any,,typing,stdlib,
llm_runtime,models/common/llm_runtime/prefill/postprocess.py,8,<module>,module,from,typing,Callable,,typing,stdlib,
llm_runtime,models/common/llm_runtime/prefill/postprocess.py,8,<module>,module,from,typing,Iterable,,typing,stdlib,
llm_runtime,models/common/llm_runtime/prefill/postprocess.py,10,<module>,module,import,torch,,,torch,third_party_base,
llm_runtime,models/common/llm_runtime/prefill/postprocess.py,12,<module>,module,import,ttnn,,,ttnn,third_party_base,
llm_runtime,models/common/llm_runtime/prefill/postprocess.py,13,<module>,module,from,models.common.llm_runtime.prefill.config,PrefillRuntimeConfig,,models,internal_models_namespace,models.common.llm_runtime.prefill.config
llm_runtime,models/common/llm_runtime/prefill/postprocess.py,14,<module>,module,from,models.common.llm_runtime.prefill.inputs,PrefillPositionInputs,,models,internal_models_namespace,models.common.llm_runtime.prefill.inputs
llm_runtime,models/common/llm_runtime/prefill/postprocess.py,15,<module>,module,from,models.common.llm_runtime.prefill.plan,PrefillRequest,,models,internal_models_namespace,models.common.llm_runtime.prefill.plan
llm_runtime,models/common/llm_runtime/prefill/postprocess.py,16,<module>,module,from,models.common.llm_runtime.prefill.sampling_helpers,SamplingPath,,models,internal_models_namespace,models.common.llm_runtime.prefill.sampling_helpers
llm_runtime,models/common/llm_runtime/prefill/postprocess.py,16,<module>,module,from,models.common.llm_runtime.prefill.sampling_helpers,_TILE_SIZE,,models,internal_models_namespace,models.common.llm_runtime.prefill.sampling_helpers
llm_runtime,models/common/llm_runtime/prefill/postprocess.py,17,<module>,module,from,models.common.llm_runtime.prefill.signatures,PreparedPrefill,,models,internal_models_namespace,models.common.llm_runtime.prefill.signatures
llm_runtime,models/common/llm_runtime/prefill/postprocess.py,18,<module>,module,from,models.common.modules.sampling.params,PreparedSamplingParams,,models,internal_models_namespace,models.common.modules.sampling.params
llm_runtime,models/common/llm_runtime/prefill/postprocess.py,18,<module>,module,from,models.common.modules.sampling.params,prepare_sampling_params,,models,internal_models_namespace,models.common.modules.sampling.params
llm_runtime,models/common/llm_runtime/prefill/postprocess.py,19,<module>,module,from,models.common.sampling.sampling_params,SamplingParams,,models,external_models_tt_metal,
llm_runtime,models/common/llm_runtime/prefill/result_collector.py,6,<module>,module,from,__future__,annotations,,__future__,stdlib,
llm_runtime,models/common/llm_runtime/prefill/result_collector.py,8,<module>,module,from,dataclasses,dataclass,,dataclasses,stdlib,
llm_runtime,models/common/llm_runtime/prefill/result_collector.py,9,<module>,module,from,typing,Any,,typing,stdlib,
llm_runtime,models/common/llm_runtime/prefill/result_collector.py,9,<module>,module,from,typing,Callable,,typing,stdlib,
llm_runtime,models/common/llm_runtime/prefill/result_collector.py,9,<module>,module,from,typing,Iterable,,typing,stdlib,
llm_runtime,models/common/llm_runtime/prefill/result_collector.py,11,<module>,module,import,torch,,,torch,third_party_base,
llm_runtime,models/common/llm_runtime/prefill/result_collector.py,13,<module>,module,import,ttnn,,,ttnn,third_party_base,
llm_runtime,models/common/llm_runtime/prefill/result_collector.py,14,<module>,module,from,models.common.llm_runtime.prefill.config,PrefillRuntimeConfig,,models,internal_models_namespace,models.common.llm_runtime.prefill.config
llm_runtime,models/common/llm_runtime/prefill/result_collector.py,15,<module>,module,from,models.common.llm_runtime.prefill.postprocess,PrefillPostprocessor,,models,internal_models_namespace,models.common.llm_runtime.prefill.postprocess
llm_runtime,models/common/llm_runtime/prefill/result_collector.py,16,<module>,module,from,models.common.llm_runtime.prefill.sampling_helpers,_TILE_SIZE,,models,internal_models_namespace,models.common.llm_runtime.prefill.sampling_helpers
llm_runtime,models/common/llm_runtime/prefill/result_collector.py,16,<module>,module,from,models.common.llm_runtime.prefill.sampling_helpers,_merge_log_probs,,models,internal_models_namespace,models.common.llm_runtime.prefill.sampling_helpers
llm_runtime,models/common/llm_runtime/prefill/result_collector.py,16,<module>,module,from,models.common.llm_runtime.prefill.sampling_helpers,_select_sample_log_prob,,models,internal_models_namespace,models.common.llm_runtime.prefill.sampling_helpers
llm_runtime,models/common/llm_runtime/prefill/result_collector.py,17,<module>,module,from,models.common.llm_runtime.prefill.signatures,PreparedPrefill,,models,internal_models_namespace,models.common.llm_runtime.prefill.signatures
llm_runtime,models/common/llm_runtime/prefill/result_collector.py,18,<module>,module,from,models.common.llm_runtime.tensor_resources,attach_cleanup_failures,,models,internal_models_namespace,models.common.llm_runtime.tensor_resources
llm_runtime,models/common/llm_runtime/prefill/result_collector.py,18,<module>,module,from,models.common.llm_runtime.tensor_resources,raise_cleanup_failures,,models,internal_models_namespace,models.common.llm_runtime.tensor_resources
llm_runtime,models/common/llm_runtime/prefill/result_collector.py,19,<module>,module,from,models.common.sampling.sampling_params,SamplingParams,,models,external_models_tt_metal,
llm_runtime,models/common/llm_runtime/prefill/runtime.py,6,<module>,module,from,__future__,annotations,,__future__,stdlib,
llm_runtime,models/common/llm_runtime/prefill/runtime.py,8,<module>,module,import,os,,,os,stdlib,
llm_runtime,models/common/llm_runtime/prefill/runtime.py,9,<module>,module,from,typing,Any,,typing,stdlib,
llm_runtime,models/common/llm_runtime/prefill/runtime.py,9,<module>,module,from,typing,Iterable,,typing,stdlib,
llm_runtime,models/common/llm_runtime/prefill/runtime.py,9,<module>,module,from,typing,Sequence,,typing,stdlib,
llm_runtime,models/common/llm_runtime/prefill/runtime.py,11,<module>,module,import,torch,,,torch,third_party_base,
llm_runtime,models/common/llm_runtime/prefill/runtime.py,13,<module>,module,from,models.common.llm_runtime.config,PageTableLayout,,models,internal_models_namespace,models.common.llm_runtime.config
llm_runtime,models/common/llm_runtime/prefill/runtime.py,14,<module>,module,from,models.common.llm_runtime.prefill,postprocess,prefill_postprocess,models,internal_models_namespace,models.common.llm_runtime.prefill.postprocess
llm_runtime,models/common/llm_runtime/prefill/runtime.py,15,<module>,module,from,models.common.llm_runtime.prefill,result_collector,prefill_result_collector,models,internal_models_namespace,models.common.llm_runtime.prefill.result_collector
llm_runtime,models/common/llm_runtime/prefill/runtime.py,16,<module>,module,from,models.common.llm_runtime.prefill,sequence_runner,prefill_sequence_runner,models,internal_models_namespace,models.common.llm_runtime.prefill.sequence_runner
llm_runtime,models/common/llm_runtime/prefill/runtime.py,17,<module>,module,from,models.common.llm_runtime.prefill,trace,prefill_trace,models,internal_models_namespace,models.common.llm_runtime.prefill.trace
llm_runtime,models/common/llm_runtime/prefill/runtime.py,18,<module>,module,from,models.common.llm_runtime.prefill.config,PrefillRuntimeConfig,,models,internal_models_namespace,models.common.llm_runtime.prefill.config
llm_runtime,models/common/llm_runtime/prefill/runtime.py,19,<module>,module,from,models.common.llm_runtime.prefill.inputs,PrefillDeviceInputs,,models,internal_models_namespace,models.common.llm_runtime.prefill.inputs
llm_runtime,models/common/llm_runtime/prefill/runtime.py,19,<module>,module,from,models.common.llm_runtime.prefill.inputs,PrefillInputStager,,models,internal_models_namespace,models.common.llm_runtime.prefill.inputs
llm_runtime,models/common/llm_runtime/prefill/runtime.py,19,<module>,module,from,models.common.llm_runtime.prefill.inputs,PrefillPositionInputs,,models,internal_models_namespace,models.common.llm_runtime.prefill.inputs
llm_runtime,models/common/llm_runtime/prefill/runtime.py,19,<module>,module,from,models.common.llm_runtime.prefill.inputs,allocate_device_tensors,,models,internal_models_namespace,models.common.llm_runtime.prefill.inputs
llm_runtime,models/common/llm_runtime/prefill/runtime.py,19,<module>,module,from,models.common.llm_runtime.prefill.inputs,copy_into_device_tensors,,models,internal_models_namespace,models.common.llm_runtime.prefill.inputs
llm_runtime,models/common/llm_runtime/prefill/runtime.py,26,<module>,module,from,models.common.llm_runtime.prefill.plan,PrefillChunk,,models,internal_models_namespace,models.common.llm_runtime.prefill.plan
llm_runtime,models/common/llm_runtime/prefill/runtime.py,26,<module>,module,from,models.common.llm_runtime.prefill.plan,PrefillRequest,,models,internal_models_namespace,models.common.llm_runtime.prefill.plan
llm_runtime,models/common/llm_runtime/prefill/runtime.py,26,<module>,module,from,models.common.llm_runtime.prefill.plan,_max_prefill_chunk_size,,models,internal_models_namespace,models.common.llm_runtime.prefill.plan
llm_runtime,models/common/llm_runtime/prefill/runtime.py,26,<module>,module,from,models.common.llm_runtime.prefill.plan,_padded_prefill_length,,models,internal_models_namespace,models.common.llm_runtime.prefill.plan
llm_runtime,models/common/llm_runtime/prefill/runtime.py,26,<module>,module,from,models.common.llm_runtime.prefill.plan,_plan_prefill_requests,,models,internal_models_namespace,models.common.llm_runtime.prefill.plan
llm_runtime,models/common/llm_runtime/prefill/runtime.py,33,<module>,module,from,models.common.llm_runtime.prefill.sampling_helpers,_slice_sampling_params,,models,internal_models_namespace,models.common.llm_runtime.prefill.sampling_helpers
llm_runtime,models/common/llm_runtime/prefill/runtime.py,34,<module>,module,from,models.common.llm_runtime.prefill.signatures,PreparedPrefill,,models,internal_models_namespace,models.common.llm_runtime.prefill.signatures
llm_runtime,models/common/llm_runtime/prefill/runtime.py,34,<module>,module,from,models.common.llm_runtime.prefill.signatures,build_program_signatures,,models,internal_models_namespace,models.common.llm_runtime.prefill.signatures
llm_runtime,models/common/llm_runtime/prefill/runtime.py,34,<module>,module,from,models.common.llm_runtime.prefill.signatures,build_trace_signature,,models,internal_models_namespace,models.common.llm_runtime.prefill.signatures
llm_runtime,models/common/llm_runtime/prefill/runtime.py,39,<module>,module,from,models.common.llm_runtime.tensor_resources,TensorResourceOrphan,,models,internal_models_namespace,models.common.llm_runtime.tensor_resources
llm_runtime,models/common/llm_runtime/prefill/runtime.py,39,<module>,module,from,models.common.llm_runtime.tensor_resources,best_effort_deallocate_owned_tensors,,models,internal_models_namespace,models.common.llm_runtime.tensor_resources
llm_runtime,models/common/llm_runtime/prefill/runtime.py,39,<module>,module,from,models.common.llm_runtime.tensor_resources,raise_cleanup_failures,,models,internal_models_namespace,models.common.llm_runtime.tensor_resources
llm_runtime,models/common/llm_runtime/prefill/runtime.py,39,<module>,module,from,models.common.llm_runtime.tensor_resources,release_orphans,,models,internal_models_namespace,models.common.llm_runtime.tensor_resources
llm_runtime,models/common/llm_runtime/prefill/runtime.py,45,<module>,module,from,models.common.modules.sampling.params,prepare_sampling_params,,models,internal_models_namespace,models.common.modules.sampling.params
llm_runtime,models/common/llm_runtime/prefill/runtime.py,46,<module>,module,from,models.common.sampling.sampling_params,SamplingParams,,models,external_models_tt_metal,
llm_runtime,models/common/llm_runtime/prefill/sampling_helpers.py,6,<module>,module,from,__future__,annotations,,__future__,stdlib,
llm_runtime,models/common/llm_runtime/prefill/sampling_helpers.py,8,<module>,module,from,typing,Literal,,typing,stdlib,
llm_runtime,models/common/llm_runtime/prefill/sampling_helpers.py,10,<module>,module,import,torch,,,torch,third_party_base,
llm_runtime,models/common/llm_runtime/prefill/sampling_helpers.py,12,<module>,module,import,ttnn,,,ttnn,third_party_base,
llm_runtime,models/common/llm_runtime/prefill/sampling_helpers.py,13,<module>,module,from,models.common.modules.sampling.params,prepare_sampling_params,,models,internal_models_namespace,models.common.modules.sampling.params
llm_runtime,models/common/llm_runtime/prefill/sampling_helpers.py,13,<module>,module,from,models.common.modules.sampling.params,slice_sampling_params,,models,internal_models_namespace,models.common.modules.sampling.params
llm_runtime,models/common/llm_runtime/prefill/sequence_runner.py,6,<module>,module,from,__future__,annotations,,__future__,stdlib,
llm_runtime,models/common/llm_runtime/prefill/sequence_runner.py,8,<module>,module,from,typing,Any,,typing,stdlib,
llm_runtime,models/common/llm_runtime/prefill/sequence_runner.py,8,<module>,module,from,typing,Callable,,typing,stdlib,
llm_runtime,models/common/llm_runtime/prefill/sequence_runner.py,10,<module>,module,from,models.common.llm_runtime.prefill.inputs,PrefillDeviceInputs,,models,internal_models_namespace,models.common.llm_runtime.prefill.inputs
llm_runtime,models/common/llm_runtime/prefill/sequence_runner.py,10,<module>,module,from,models.common.llm_runtime.prefill.inputs,PrefillInputStager,,models,internal_models_namespace,models.common.llm_runtime.prefill.inputs
llm_runtime,models/common/llm_runtime/prefill/sequence_runner.py,10,<module>,module,from,models.common.llm_runtime.prefill.inputs,PrefillPositionInputs,,models,internal_models_namespace,models.common.llm_runtime.prefill.inputs
llm_runtime,models/common/llm_runtime/prefill/sequence_runner.py,11,<module>,module,from,models.common.llm_runtime.prefill.plan,PrefillChunk,,models,internal_models_namespace,models.common.llm_runtime.prefill.plan
llm_runtime,models/common/llm_runtime/prefill/sequence_runner.py,11,<module>,module,from,models.common.llm_runtime.prefill.plan,PrefillRequest,,models,internal_models_namespace,models.common.llm_runtime.prefill.plan
llm_runtime,models/common/llm_runtime/prefill/sequence_runner.py,12,<module>,module,from,models.common.llm_runtime.prefill.postprocess,PrefillPostprocessor,,models,internal_models_namespace,models.common.llm_runtime.prefill.postprocess
llm_runtime,models/common/llm_runtime/prefill/sequence_runner.py,12,<module>,module,from,models.common.llm_runtime.prefill.postprocess,retain_owned,,models,internal_models_namespace,models.common.llm_runtime.prefill.postprocess
llm_runtime,models/common/llm_runtime/prefill/sequence_runner.py,13,<module>,module,from,models.common.llm_runtime.prefill.result_collector,InvocationResult,,models,internal_models_namespace,models.common.llm_runtime.prefill.result_collector
llm_runtime,models/common/llm_runtime/prefill/sequence_runner.py,14,<module>,module,from,models.common.llm_runtime.prefill.signatures,PreparedPrefill,,models,internal_models_namespace,models.common.llm_runtime.prefill.signatures
llm_runtime,models/common/llm_runtime/prefill/sequence_runner.py,15,<module>,module,from,models.common.llm_runtime.tensor_resources,attach_cleanup_failures,,models,internal_models_namespace,models.common.llm_runtime.tensor_resources
llm_runtime,models/common/llm_runtime/prefill/sequence_runner.py,15,<module>,module,from,models.common.llm_runtime.tensor_resources,raise_cleanup_failures,,models,internal_models_namespace,models.common.llm_runtime.tensor_resources
llm_runtime,models/common/llm_runtime/prefill/signatures.py,6,<module>,module,from,__future__,annotations,,__future__,stdlib,
llm_runtime,models/common/llm_runtime/prefill/signatures.py,8,<module>,module,from,dataclasses,dataclass,,dataclasses,stdlib,
llm_runtime,models/common/llm_runtime/prefill/signatures.py,8,<module>,module,from,dataclasses,replace,,dataclasses,stdlib,
llm_runtime,models/common/llm_runtime/prefill/signatures.py,9,<module>,module,from,typing,Any,,typing,stdlib,
llm_runtime,models/common/llm_runtime/prefill/signatures.py,9,<module>,module,from,typing,Literal,,typing,stdlib,
llm_runtime,models/common/llm_runtime/prefill/signatures.py,11,<module>,module,from,models.common.llm_runtime.prefill.plan,PrefillRequest,,models,internal_models_namespace,models.common.llm_runtime.prefill.plan
llm_runtime,models/common/llm_runtime/prefill/signatures.py,12,<module>,module,from,models.common.llm_runtime.prefill.sampling_helpers,SamplingPath,,models,internal_models_namespace,models.common.llm_runtime.prefill.sampling_helpers
llm_runtime,models/common/llm_runtime/prefill/signatures.py,12,<module>,module,from,models.common.llm_runtime.prefill.sampling_helpers,_TILE_SIZE,,models,internal_models_namespace,models.common.llm_runtime.prefill.sampling_helpers
llm_runtime,models/common/llm_runtime/prefill/signatures.py,13,<module>,module,from,models.common.modules.sampling.params,PreparedSamplingParams,,models,internal_models_namespace,models.common.modules.sampling.params
llm_runtime,models/common/llm_runtime/prefill/signatures.py,14,<module>,module,from,models.common.sampling.sampling_params,SamplingParams,,models,external_models_tt_metal,
llm_runtime,models/common/llm_runtime/prefill/trace.py,6,<module>,module,from,__future__,annotations,,__future__,stdlib,
llm_runtime,models/common/llm_runtime/prefill/trace.py,8,<module>,module,from,dataclasses,dataclass,,dataclasses,stdlib,
llm_runtime,models/common/llm_runtime/prefill/trace.py,9,<module>,module,from,typing,Any,,typing,stdlib,
llm_runtime,models/common/llm_runtime/prefill/trace.py,9,<module>,module,from,typing,Callable,,typing,stdlib,
llm_runtime,models/common/llm_runtime/prefill/trace.py,11,<module>,module,from,models.common.llm_runtime.prefill.inputs,PrefillDeviceInputs,,models,internal_models_namespace,models.common.llm_runtime.prefill.inputs
llm_runtime,models/common/llm_runtime/prefill/trace.py,11,<module>,module,from,models.common.llm_runtime.prefill.inputs,PrefillInputStager,,models,internal_models_namespace,models.common.llm_runtime.prefill.inputs
llm_runtime,models/common/llm_runtime/prefill/trace.py,11,<module>,module,from,models.common.llm_runtime.prefill.inputs,PrefillPositionInputs,,models,internal_models_namespace,models.common.llm_runtime.prefill.inputs
llm_runtime,models/common/llm_runtime/prefill/trace.py,11,<module>,module,from,models.common.llm_runtime.prefill.inputs,allocate_device_tensors,,models,internal_models_namespace,models.common.llm_runtime.prefill.inputs
llm_runtime,models/common/llm_runtime/prefill/trace.py,11,<module>,module,from,models.common.llm_runtime.prefill.inputs,copy_into_device_tensors,,models,internal_models_namespace,models.common.llm_runtime.prefill.inputs
llm_runtime,models/common/llm_runtime/prefill/trace.py,18,<module>,module,from,models.common.llm_runtime.prefill.plan,PrefillChunk,,models,internal_models_namespace,models.common.llm_runtime.prefill.plan
llm_runtime,models/common/llm_runtime/prefill/trace.py,19,<module>,module,from,models.common.llm_runtime.prefill.postprocess,KPTSignature,,models,internal_models_namespace,models.common.llm_runtime.prefill.postprocess
llm_runtime,models/common/llm_runtime/prefill/trace.py,19,<module>,module,from,models.common.llm_runtime.prefill.postprocess,PrefillPostprocessor,,models,internal_models_namespace,models.common.llm_runtime.prefill.postprocess
llm_runtime,models/common/llm_runtime/prefill/trace.py,19,<module>,module,from,models.common.llm_runtime.prefill.postprocess,new_logprob_output,,models,internal_models_namespace,models.common.llm_runtime.prefill.postprocess
llm_runtime,models/common/llm_runtime/prefill/trace.py,19,<module>,module,from,models.common.llm_runtime.prefill.postprocess,without_borrowed,,models,internal_models_namespace,models.common.llm_runtime.prefill.postprocess
llm_runtime,models/common/llm_runtime/prefill/trace.py,25,<module>,module,from,models.common.llm_runtime.prefill.result_collector,InvocationResult,,models,internal_models_namespace,models.common.llm_runtime.prefill.result_collector
llm_runtime,models/common/llm_runtime/prefill/trace.py,26,<module>,module,from,models.common.llm_runtime.prefill.signatures,PrefillTraceSignature,,models,internal_models_namespace,models.common.llm_runtime.prefill.signatures
llm_runtime,models/common/llm_runtime/prefill/trace.py,26,<module>,module,from,models.common.llm_runtime.prefill.signatures,PreparedPrefill,,models,internal_models_namespace,models.common.llm_runtime.prefill.signatures
llm_runtime,models/common/llm_runtime/prefill/trace.py,26,<module>,module,from,models.common.llm_runtime.prefill.signatures,capture_schema_fingerprint,,models,internal_models_namespace,models.common.llm_runtime.prefill.signatures
llm_runtime,models/common/llm_runtime/prefill/trace.py,26,<module>,module,from,models.common.llm_runtime.prefill.signatures,workspace_fingerprint,,models,internal_models_namespace,models.common.llm_runtime.prefill.signatures
llm_runtime,models/common/llm_runtime/prefill/trace.py,32,<module>,module,from,models.common.llm_runtime.tensor_resources,attach_cleanup_failures,,models,internal_models_namespace,models.common.llm_runtime.tensor_resources
llm_runtime,models/common/llm_runtime/program_compiler.py,6,<module>,module,from,__future__,annotations,,__future__,stdlib,
llm_runtime,models/common/llm_runtime/program_compiler.py,8,<module>,module,import,hashlib,,,hashlib,stdlib,
llm_runtime,models/common/llm_runtime/program_compiler.py,9,<module>,module,import,json,,,json,stdlib,
llm_runtime,models/common/llm_runtime/program_compiler.py,10,<module>,module,import,math,,,math,stdlib,
llm_runtime,models/common/llm_runtime/program_compiler.py,11,<module>,module,from,collections.abc,Callable,,collections,stdlib,
llm_runtime,models/common/llm_runtime/program_compiler.py,12,<module>,module,from,dataclasses,dataclass,,dataclasses,stdlib,
llm_runtime,models/common/llm_runtime/program_compiler.py,13,<module>,module,from,enum,Enum,,enum,stdlib,
llm_runtime,models/common/llm_runtime/program_compiler.py,14,<module>,module,from,typing,Any,,typing,stdlib,
llm_runtime,models/common/llm_runtime/program_compiler.py,16,<module>,module,import,torch,,,torch,third_party_base,
llm_runtime,models/common/llm_runtime/program_compiler.py,18,<module>,module,import,ttnn,,,ttnn,third_party_base,
llm_runtime,models/common/llm_runtime/program_compiler.py,19,<module>,module,from,models.common.llm_runtime.tensor_resources,TensorResourceOrphan,,models,internal_models_namespace,models.common.llm_runtime.tensor_resources
llm_runtime,models/common/llm_runtime/program_compiler.py,19,<module>,module,from,models.common.llm_runtime.tensor_resources,attach_cleanup_failures,,models,internal_models_namespace,models.common.llm_runtime.tensor_resources
llm_runtime,models/common/llm_runtime/program_compiler.py,19,<module>,module,from,models.common.llm_runtime.tensor_resources,best_effort_deallocate_owned_tensors,,models,internal_models_namespace,models.common.llm_runtime.tensor_resources
llm_runtime,models/common/llm_runtime/program_compiler.py,19,<module>,module,from,models.common.llm_runtime.tensor_resources,release_orphans,,models,internal_models_namespace,models.common.llm_runtime.tensor_resources
llm_runtime,models/common/llm_runtime/tensor_resources.py,6,<module>,module,from,__future__,annotations,,__future__,stdlib,
llm_runtime,models/common/llm_runtime/tensor_resources.py,8,<module>,module,from,dataclasses,dataclass,,dataclasses,stdlib,
llm_runtime,models/common/llm_runtime/tensor_resources.py,8,<module>,module,from,dataclasses,field,,dataclasses,stdlib,
llm_runtime,models/common/llm_runtime/tensor_resources.py,9,<module>,module,from,typing,Any,,typing,stdlib,
llm_runtime,models/common/llm_runtime/tensor_resources.py,9,<module>,module,from,typing,Iterable,,typing,stdlib,
llm_runtime,models/common/llm_runtime/tensor_resources.py,11,<module>,module,import,ttnn,,,ttnn,third_party_base,
llm_runtime,models/common/llm_runtime/trace_compiler.py,6,<module>,module,from,__future__,annotations,,__future__,stdlib,
llm_runtime,models/common/llm_runtime/trace_compiler.py,8,<module>,module,import,ctypes,,,ctypes,stdlib,
llm_runtime,models/common/llm_runtime/trace_compiler.py,9,<module>,module,from,collections.abc,Callable,,collections,stdlib,
llm_runtime,models/common/llm_runtime/trace_compiler.py,10,<module>,module,from,dataclasses,dataclass,,dataclasses,stdlib,
llm_runtime,models/common/llm_runtime/trace_compiler.py,10,<module>,module,from,dataclasses,field,,dataclasses,stdlib,
llm_runtime,models/common/llm_runtime/trace_compiler.py,11,<module>,module,from,typing,Any,,typing,stdlib,
llm_runtime,models/common/llm_runtime/trace_compiler.py,13,<module>,module,from,loguru,logger,,loguru,third_party_base,
llm_runtime,models/common/llm_runtime/trace_compiler.py,15,<module>,module,import,ttnn,,,ttnn,third_party_base,
llm_runtime,models/common/llm_runtime/trace_compiler.py,16,<module>,module,from,models.common.llm_runtime.program_compiler,ProgramCompiler,,models,internal_models_namespace,models.common.llm_runtime.program_compiler
llm_runtime,models/common/llm_runtime/trace_compiler.py,16,<module>,module,from,models.common.llm_runtime.program_compiler,ProgramKey,,models,internal_models_namespace,models.common.llm_runtime.program_compiler
llm_runtime,models/common/llm_runtime/trace_compiler.py,16,<module>,module,from,models.common.llm_runtime.program_compiler,signature_digest,,models,internal_models_namespace,models.common.llm_runtime.program_compiler
llm_runtime,models/common/llm_runtime/trace_compiler.py,16,<module>,module,from,models.common.llm_runtime.program_compiler,validate_sha256_digest,,models,internal_models_namespace,models.common.llm_runtime.program_compiler
llm_runtime,models/common/llm_runtime/trace_compiler.py,22,<module>,module,from,models.common.llm_runtime.tensor_resources,TensorResourceOrphan,,models,internal_models_namespace,models.common.llm_runtime.tensor_resources
llm_runtime,models/common/llm_runtime/trace_compiler.py,22,<module>,module,from,models.common.llm_runtime.tensor_resources,attach_cleanup_failures,,models,internal_models_namespace,models.common.llm_runtime.tensor_resources
llm_runtime,models/common/llm_runtime/trace_compiler.py,22,<module>,module,from,models.common.llm_runtime.tensor_resources,best_effort_deallocate_owned_tensors,,models,internal_models_namespace,models.common.llm_runtime.tensor_resources
llm_runtime,models/common/llm_runtime/trace_compiler.py,22,<module>,module,from,models.common.llm_runtime.tensor_resources,raise_cleanup_failures,,models,internal_models_namespace,models.common.llm_runtime.tensor_resources
llm_runtime,models/common/llm_runtime/trace_compiler.py,22,<module>,module,from,models.common.llm_runtime.tensor_resources,release_orphans,,models,internal_models_namespace,models.common.llm_runtime.tensor_resources
llm_runtime,models/common/llm_runtime/vllm_adapter.py,6,<module>,module,from,__future__,annotations,,__future__,stdlib,
llm_runtime,models/common/llm_runtime/vllm_adapter.py,8,<module>,module,import,dataclasses,,,dataclasses,stdlib,
llm_runtime,models/common/llm_runtime/vllm_adapter.py,9,<module>,module,from,collections.abc,Mapping,,collections,stdlib,
llm_runtime,models/common/llm_runtime/vllm_adapter.py,9,<module>,module,from,collections.abc,Sequence,,collections,stdlib,
llm_runtime,models/common/llm_runtime/vllm_adapter.py,10,<module>,module,from,dataclasses,dataclass,,dataclasses,stdlib,
llm_runtime,models/common/llm_runtime/vllm_adapter.py,11,<module>,module,from,typing,Any,,typing,stdlib,
llm_runtime,models/common/llm_runtime/vllm_adapter.py,11,<module>,module,from,typing,TypedDict,,typing,stdlib,
llm_runtime,models/common/llm_runtime/vllm_adapter.py,13,<module>,module,import,torch,,,torch,third_party_base,
llm_runtime,models/common/llm_runtime/vllm_adapter.py,15,<module>,module,from,models.common.llm_runtime.config,PagedKVCacheConfig,,models,internal_models_namespace,models.common.llm_runtime.config
llm_runtime,models/common/llm_runtime/vllm_adapter.py,15,<module>,module,from,models.common.llm_runtime.config,TraceConfig,,models,internal_models_namespace,models.common.llm_runtime.config
llm_runtime,models/common/llm_runtime/vllm_adapter.py,16,<module>,module,from,models.common.llm_runtime.paged_kv_cache,torch_dtype_for_ttnn,,models,internal_models_namespace,models.common.llm_runtime.paged_kv_cache
llm_runtime,models/common/llm_runtime/warmup.py,6,<module>,module,from,__future__,annotations,,__future__,stdlib,
llm_runtime,models/common/llm_runtime/warmup.py,8,<module>,module,from,contextlib,contextmanager,,contextlib,stdlib,
llm_runtime,models/common/llm_runtime/warmup.py,9,<module>,module,from,dataclasses,dataclass,,dataclasses,stdlib,
llm_runtime,models/common/llm_runtime/warmup.py,9,<module>,module,from,dataclasses,replace,,dataclasses,stdlib,
llm_runtime,models/common/llm_runtime/warmup.py,10,<module>,module,from,typing,Any,,typing,stdlib,
llm_runtime,models/common/llm_runtime/warmup.py,10,<module>,module,from,typing,Callable,,typing,stdlib,
llm_runtime,models/common/llm_runtime/warmup.py,10,<module>,module,from,typing,Iterator,,typing,stdlib,
llm_runtime,models/common/llm_runtime/warmup.py,12,<module>,module,import,torch,,,torch,third_party_base,
llm_runtime,models/common/llm_runtime/warmup.py,13,<module>,module,from,loguru,logger,,loguru,third_party_base,
llm_runtime,models/common/llm_runtime/warmup.py,15,<module>,module,from,models.common.llm_runtime.config,PageTableLayout,,models,internal_models_namespace,models.common.llm_runtime.config
llm_runtime,models/common/llm_runtime/warmup.py,15,<module>,module,from,models.common.llm_runtime.config,TraceConfig,,models,internal_models_namespace,models.common.llm_runtime.config
llm_runtime,models/common/llm_runtime/warmup.py,15,<module>,module,from,models.common.llm_runtime.config,WarmupConfig,,models,internal_models_namespace,models.common.llm_runtime.config
llm_runtime,models/common/llm_runtime/warmup.py,16,<module>,module,from,models.common.llm_runtime.decode,DecodeRuntimeConfig,,models,internal_models_namespace,models.common.llm_runtime.decode
llm_runtime,models/common/llm_runtime/warmup.py,17,<module>,module,from,models.common.llm_runtime.prefill.config,PrefillRuntimeConfig,,models,internal_models_namespace,models.common.llm_runtime.prefill.config
llm_runtime,models/common/llm_runtime/warmup.py,18,<module>,module,from,models.common.llm_runtime.program_compiler,CompiledProgram,,models,internal_models_namespace,models.common.llm_runtime.program_compiler
llm_runtime,models/common/llm_runtime/warmup.py,19,<module>,module,from,models.common.sampling.sampling_params,SamplingParams,,models,external_models_tt_metal,
models,models/common/models/deepseek_r1_distill_qwen_14b/__init__.py,4,<module>,module,from,models.common.models.deepseek_r1_distill_qwen_14b.executor,DeepSeekR1Qwen14BExecutor,,models,internal_models_namespace,models.common.models.deepseek_r1_distill_qwen_14b.executor
models,models/common/models/deepseek_r1_distill_qwen_14b/__init__.py,4,<module>,module,from,models.common.models.deepseek_r1_distill_qwen_14b.executor,DeepSeekR1Qwen14BExecutorConfig,,models,internal_models_namespace,models.common.models.deepseek_r1_distill_qwen_14b.executor
models,models/common/models/deepseek_r1_distill_qwen_14b/__init__.py,8,<module>,module,from,models.common.models.deepseek_r1_distill_qwen_14b.generator,DeepSeekR1Qwen14BGenerator,,models,internal_models_namespace,models.common.models.deepseek_r1_distill_qwen_14b.generator
models,models/common/models/deepseek_r1_distill_qwen_14b/__init__.py,8,<module>,module,from,models.common.models.deepseek_r1_distill_qwen_14b.generator,DeepSeekR1Qwen14BGeneratorConfig,,models,internal_models_namespace,models.common.models.deepseek_r1_distill_qwen_14b.generator
models,models/common/models/deepseek_r1_distill_qwen_14b/__init__.py,12,<module>,module,from,models.common.models.deepseek_r1_distill_qwen_14b.hf_adaptor,DeepSeekR1Qwen14BForCausalLM,,models,internal_models_namespace,models.common.models.deepseek_r1_distill_qwen_14b.hf_adaptor
models,models/common/models/deepseek_r1_distill_qwen_14b/__init__.py,12,<module>,module,from,models.common.models.deepseek_r1_distill_qwen_14b.hf_adaptor,DeepSeekR1Qwen14BRuntimeConfig,,models,internal_models_namespace,models.common.models.deepseek_r1_distill_qwen_14b.hf_adaptor
models,models/common/models/deepseek_r1_distill_qwen_14b/__init__.py,16,<module>,module,from,models.common.models.deepseek_r1_distill_qwen_14b.model,DEEPSEEK_R1_14B_ACCURACY,,models,internal_models_namespace,models.common.models.deepseek_r1_distill_qwen_14b.model
models,models/common/models/deepseek_r1_distill_qwen_14b/__init__.py,16,<module>,module,from,models.common.models.deepseek_r1_distill_qwen_14b.model,DEEPSEEK_R1_14B_PERFORMANCE,,models,internal_models_namespace,models.common.models.deepseek_r1_distill_qwen_14b.model
models,models/common/models/deepseek_r1_distill_qwen_14b/__init__.py,16,<module>,module,from,models.common.models.deepseek_r1_distill_qwen_14b.model,DeepSeekR1Qwen14B,,models,internal_models_namespace,models.common.models.deepseek_r1_distill_qwen_14b.model
models,models/common/models/deepseek_r1_distill_qwen_14b/__init__.py,16,<module>,module,from,models.common.models.deepseek_r1_distill_qwen_14b.model,DeepSeekR1Qwen14BPagedAttentionConfig,,models,internal_models_namespace,models.common.models.deepseek_r1_distill_qwen_14b.model
models,models/common/models/deepseek_r1_distill_qwen_14b/__init__.py,16,<module>,module,from,models.common.models.deepseek_r1_distill_qwen_14b.model,DeepSeekR1Qwen14BPrecisionConfig,,models,internal_models_namespace,models.common.models.deepseek_r1_distill_qwen_14b.model
models,models/common/models/deepseek_r1_distill_qwen_14b/__init__.py,16,<module>,module,from,models.common.models.deepseek_r1_distill_qwen_14b.model,DeepSeekR1Qwen14BTransformerConfig,,models,internal_models_namespace,models.common.models.deepseek_r1_distill_qwen_14b.model
models,models/common/models/deepseek_r1_distill_qwen_14b/executor.py,6,<module>,module,from,__future__,annotations,,__future__,stdlib,
models,models/common/models/deepseek_r1_distill_qwen_14b/executor.py,8,<module>,module,from,dataclasses,dataclass,,dataclasses,stdlib,
models,models/common/models/deepseek_r1_distill_qwen_14b/executor.py,8,<module>,module,from,dataclasses,replace,,dataclasses,stdlib,
models,models/common/models/deepseek_r1_distill_qwen_14b/executor.py,9,<module>,module,from,typing,Any,,typing,stdlib,
models,models/common/models/deepseek_r1_distill_qwen_14b/executor.py,9,<module>,module,from,typing,Sequence,,typing,stdlib,
models,models/common/models/deepseek_r1_distill_qwen_14b/executor.py,11,<module>,module,import,torch,,,torch,third_party_base,
models,models/common/models/deepseek_r1_distill_qwen_14b/executor.py,13,<module>,module,from,models.common.llm_runtime.config,PageTableLayout,,models,internal_models_namespace,models.common.llm_runtime.config
models,models/common/models/deepseek_r1_distill_qwen_14b/executor.py,13,<module>,module,from,models.common.llm_runtime.config,PagedKVCacheConfig,,models,internal_models_namespace,models.common.llm_runtime.config
models,models/common/models/deepseek_r1_distill_qwen_14b/executor.py,13,<module>,module,from,models.common.llm_runtime.config,TraceConfig,,models,internal_models_namespace,models.common.llm_runtime.config
models,models/common/models/deepseek_r1_distill_qwen_14b/executor.py,13,<module>,module,from,models.common.llm_runtime.config,WarmupConfig,,models,internal_models_namespace,models.common.llm_runtime.config
models,models/common/models/deepseek_r1_distill_qwen_14b/executor.py,14,<module>,module,from,models.common.llm_runtime.decode,DecodeRuntime,,models,internal_models_namespace,models.common.llm_runtime.decode
models,models/common/models/deepseek_r1_distill_qwen_14b/executor.py,14,<module>,module,from,models.common.llm_runtime.decode,DecodeRuntimeConfig,,models,internal_models_namespace,models.common.llm_runtime.decode
models,models/common/models/deepseek_r1_distill_qwen_14b/executor.py,15,<module>,module,from,models.common.llm_runtime.execution,EagerExecutor,,models,internal_models_namespace,models.common.llm_runtime.execution
models,models/common/models/deepseek_r1_distill_qwen_14b/executor.py,15,<module>,module,from,models.common.llm_runtime.execution,TracedExecutor,,models,internal_models_namespace,models.common.llm_runtime.execution
models,models/common/models/deepseek_r1_distill_qwen_14b/executor.py,16,<module>,module,from,models.common.llm_runtime.output_reader,OutputReader,,models,internal_models_namespace,models.common.llm_runtime.output_reader
models,models/common/models/deepseek_r1_distill_qwen_14b/executor.py,17,<module>,module,from,models.common.llm_runtime.paged_kv_cache,PagedKVCacheManager,,models,internal_models_namespace,models.common.llm_runtime.paged_kv_cache
models,models/common/models/deepseek_r1_distill_qwen_14b/executor.py,18,<module>,module,from,models.common.llm_runtime.prefill.config,PrefillRuntimeConfig,,models,internal_models_namespace,models.common.llm_runtime.prefill.config
models,models/common/models/deepseek_r1_distill_qwen_14b/executor.py,19,<module>,module,from,models.common.llm_runtime.prefill.runtime,PrefillRuntime,,models,internal_models_namespace,models.common.llm_runtime.prefill.runtime
models,models/common/models/deepseek_r1_distill_qwen_14b/executor.py,20,<module>,module,from,models.common.llm_runtime.program_compiler,ProgramCompiler,,models,internal_models_namespace,models.common.llm_runtime.program_compiler
models,models/common/models/deepseek_r1_distill_qwen_14b/executor.py,21,<module>,module,from,models.common.llm_runtime.tensor_resources,attach_cleanup_failures,,models,internal_models_namespace,models.common.llm_runtime.tensor_resources
models,models/common/models/deepseek_r1_distill_qwen_14b/executor.py,22,<module>,module,from,models.common.llm_runtime.trace_compiler,TraceCompiler,,models,internal_models_namespace,models.common.llm_runtime.trace_compiler
models,models/common/models/deepseek_r1_distill_qwen_14b/executor.py,23,<module>,module,from,models.common.llm_runtime.warmup,WarmupCoordinator,,models,internal_models_namespace,models.common.llm_runtime.warmup
models,models/common/models/deepseek_r1_distill_qwen_14b/executor.py,23,<module>,module,from,models.common.llm_runtime.warmup,WarmupCoordinatorConfig,,models,internal_models_namespace,models.common.llm_runtime.warmup
models,models/common/models/deepseek_r1_distill_qwen_14b/executor.py,24,<module>,module,from,models.common.models.deepseek_r1_distill_qwen_14b.hf_adaptor,DeepSeekR1Qwen14BForCausalLM,,models,internal_models_namespace,models.common.models.deepseek_r1_distill_qwen_14b.hf_adaptor
models,models/common/models/deepseek_r1_distill_qwen_14b/executor.py,25,<module>,module,from,models.common.modules.sampling.sampling_1d,Sampling1D,,models,internal_models_namespace,models.common.modules.sampling.sampling_1d
models,models/common/models/deepseek_r1_distill_qwen_14b/executor.py,26,<module>,module,from,models.common.sampling,SamplingParams,,models,external_models_tt_metal,
models,models/common/models/deepseek_r1_distill_qwen_14b/generator.py,6,<module>,module,from,__future__,annotations,,__future__,stdlib,
models,models/common/models/deepseek_r1_distill_qwen_14b/generator.py,8,<module>,module,from,collections.abc,Sequence,,collections,stdlib,
models,models/common/models/deepseek_r1_distill_qwen_14b/generator.py,9,<module>,module,from,dataclasses,dataclass,,dataclasses,stdlib,
models,models/common/models/deepseek_r1_distill_qwen_14b/generator.py,10,<module>,module,from,typing,Any,,typing,stdlib,
models,models/common/models/deepseek_r1_distill_qwen_14b/generator.py,12,<module>,module,import,torch,,,torch,third_party_base,
models,models/common/models/deepseek_r1_distill_qwen_14b/generator.py,14,<module>,module,import,ttnn,,,ttnn,third_party_base,
models,models/common/models/deepseek_r1_distill_qwen_14b/generator.py,15,<module>,module,from,models.common.llm_runtime.config,PagedKVCacheConfig,,models,internal_models_namespace,models.common.llm_runtime.config
models,models/common/models/deepseek_r1_distill_qwen_14b/generator.py,15,<module>,module,from,models.common.llm_runtime.config,TraceConfig,,models,internal_models_namespace,models.common.llm_runtime.config
models,models/common/models/deepseek_r1_distill_qwen_14b/generator.py,15,<module>,module,from,models.common.llm_runtime.config,TraceMode,,models,internal_models_namespace,models.common.llm_runtime.config
models,models/common/models/deepseek_r1_distill_qwen_14b/generator.py,15,<module>,module,from,models.common.llm_runtime.config,WarmupConfig,,models,internal_models_namespace,models.common.llm_runtime.config
models,models/common/models/deepseek_r1_distill_qwen_14b/generator.py,16,<module>,module,from,models.common.llm_runtime.lane_group,LaneGroupExecutor,,models,internal_models_namespace,models.common.llm_runtime.lane_group
models,models/common/models/deepseek_r1_distill_qwen_14b/generator.py,17,<module>,module,from,models.common.llm_runtime.vllm_adapter,NormalizedPrefillKwargs,,models,internal_models_namespace,models.common.llm_runtime.vllm_adapter
models,models/common/models/deepseek_r1_distill_qwen_14b/generator.py,17,<module>,module,from,models.common.llm_runtime.vllm_adapter,VLLMAdapter,,models,internal_models_namespace,models.common.llm_runtime.vllm_adapter
models,models/common/models/deepseek_r1_distill_qwen_14b/generator.py,17,<module>,module,from,models.common.llm_runtime.vllm_adapter,VLLMAdapterConfig,,models,internal_models_namespace,models.common.llm_runtime.vllm_adapter
models,models/common/models/deepseek_r1_distill_qwen_14b/generator.py,18,<module>,module,from,models.common.models.deepseek_r1_distill_qwen_14b.executor,DeepSeekR1Qwen14BExecutorConfig,,models,internal_models_namespace,models.common.models.deepseek_r1_distill_qwen_14b.executor
models,models/common/models/deepseek_r1_distill_qwen_14b/generator.py,18,<module>,module,from,models.common.models.deepseek_r1_distill_qwen_14b.executor,build_deepseek_r1_distill_qwen_14b_executor,,models,internal_models_namespace,models.common.models.deepseek_r1_distill_qwen_14b.executor
models,models/common/models/deepseek_r1_distill_qwen_14b/generator.py,22,<module>,module,from,models.common.models.deepseek_r1_distill_qwen_14b.hf_adaptor,DEFAULT_HF_REVISION,,models,internal_models_namespace,models.common.models.deepseek_r1_distill_qwen_14b.hf_adaptor
models,models/common/models/deepseek_r1_distill_qwen_14b/generator.py,22,<module>,module,from,models.common.models.deepseek_r1_distill_qwen_14b.hf_adaptor,from_pretrained,,models,internal_models_namespace,models.common.models.deepseek_r1_distill_qwen_14b.hf_adaptor
models,models/common/models/deepseek_r1_distill_qwen_14b/generator.py,23,<module>,module,from,models.common.models.deepseek_r1_distill_qwen_14b.model,DeepSeekR1Qwen14BPagedAttentionConfig,,models,internal_models_namespace,models.common.models.deepseek_r1_distill_qwen_14b.model
models,models/common/models/deepseek_r1_distill_qwen_14b/generator.py,468,_create_submeshes,nested,from,models.tt_transformers.tt.generator,create_submeshes,,models,external_models_tttv1,
models,models/common/models/deepseek_r1_distill_qwen_14b/hf_adaptor.py,6,<module>,module,from,__future__,annotations,,__future__,stdlib,
models,models/common/models/deepseek_r1_distill_qwen_14b/hf_adaptor.py,8,<module>,module,import,math,,,math,stdlib,
models,models/common/models/deepseek_r1_distill_qwen_14b/hf_adaptor.py,9,<module>,module,import,os,,,os,stdlib,
models,models/common/models/deepseek_r1_distill_qwen_14b/hf_adaptor.py,10,<module>,module,from,dataclasses,dataclass,,dataclasses,stdlib,
models,models/common/models/deepseek_r1_distill_qwen_14b/hf_adaptor.py,10,<module>,module,from,dataclasses,field,,dataclasses,stdlib,
models,models/common/models/deepseek_r1_distill_qwen_14b/hf_adaptor.py,11,<module>,module,from,pathlib,Path,,pathlib,stdlib,
models,models/common/models/deepseek_r1_distill_qwen_14b/hf_adaptor.py,12,<module>,module,from,typing,Any,,typing,stdlib,
models,models/common/models/deepseek_r1_distill_qwen_14b/hf_adaptor.py,14,<module>,module,import,torch,,,torch,third_party_base,
models,models/common/models/deepseek_r1_distill_qwen_14b/hf_adaptor.py,15,<module>,module,from,transformers,AutoConfig,,transformers,third_party_optional,
models,models/common/models/deepseek_r1_distill_qwen_14b/hf_adaptor.py,15,<module>,module,from,transformers,AutoModelForCausalLM,,transformers,third_party_optional,
models,models/common/models/deepseek_r1_distill_qwen_14b/hf_adaptor.py,15,<module>,module,from,transformers,AutoTokenizer,,transformers,third_party_optional,
models,models/common/models/deepseek_r1_distill_qwen_14b/hf_adaptor.py,17,<module>,module,import,ttnn,,,ttnn,third_party_base,
models,models/common/models/deepseek_r1_distill_qwen_14b/hf_adaptor.py,18,<module>,module,from,models.common.models.deepseek_r1_distill_qwen_14b,weight_utils,,models,internal_models_namespace,models.common.models.deepseek_r1_distill_qwen_14b
models,models/common/models/deepseek_r1_distill_qwen_14b/hf_adaptor.py,19,<module>,module,from,models.common.models.deepseek_r1_distill_qwen_14b.model,DEEPSEEK_R1_14B_ACCURACY,,models,internal_models_namespace,models.common.models.deepseek_r1_distill_qwen_14b.model
models,models/common/models/deepseek_r1_distill_qwen_14b/hf_adaptor.py,19,<module>,module,from,models.common.models.deepseek_r1_distill_qwen_14b.model,DEEPSEEK_R1_14B_PERFORMANCE,,models,internal_models_namespace,models.common.models.deepseek_r1_distill_qwen_14b.model
models,models/common/models/deepseek_r1_distill_qwen_14b/hf_adaptor.py,19,<module>,module,from,models.common.models.deepseek_r1_distill_qwen_14b.model,DeepSeekR1Qwen14B,,models,internal_models_namespace,models.common.models.deepseek_r1_distill_qwen_14b.model
models,models/common/models/deepseek_r1_distill_qwen_14b/hf_adaptor.py,19,<module>,module,from,models.common.models.deepseek_r1_distill_qwen_14b.model,DeepSeekR1Qwen14BLayerWeights,,models,internal_models_namespace,models.common.models.deepseek_r1_distill_qwen_14b.model
models,models/common/models/deepseek_r1_distill_qwen_14b/hf_adaptor.py,19,<module>,module,from,models.common.models.deepseek_r1_distill_qwen_14b.model,DeepSeekR1Qwen14BModelParameters,,models,internal_models_namespace,models.common.models.deepseek_r1_distill_qwen_14b.model
models,models/common/models/deepseek_r1_distill_qwen_14b/hf_adaptor.py,19,<module>,module,from,models.common.models.deepseek_r1_distill_qwen_14b.model,DeepSeekR1Qwen14BPagedAttentionConfig,,models,internal_models_namespace,models.common.models.deepseek_r1_distill_qwen_14b.model
models,models/common/models/deepseek_r1_distill_qwen_14b/hf_adaptor.py,19,<module>,module,from,models.common.models.deepseek_r1_distill_qwen_14b.model,DeepSeekR1Qwen14BPrecisionConfig,,models,internal_models_namespace,models.common.models.deepseek_r1_distill_qwen_14b.model
models,models/common/models/deepseek_r1_distill_qwen_14b/hf_adaptor.py,19,<module>,module,from,models.common.models.deepseek_r1_distill_qwen_14b.model,DeepSeekR1Qwen14BWeights,,models,internal_models_namespace,models.common.models.deepseek_r1_distill_qwen_14b.model
models,models/common/models/deepseek_r1_distill_qwen_14b/hf_adaptor.py,19,<module>,module,from,models.common.models.deepseek_r1_distill_qwen_14b.model,build_deepseek_r1_distill_qwen_14b_transformer_config,,models,internal_models_namespace,models.common.models.deepseek_r1_distill_qwen_14b.model
models,models/common/models/deepseek_r1_distill_qwen_14b/model.py,16,<module>,module,from,__future__,annotations,,__future__,stdlib,
models,models/common/models/deepseek_r1_distill_qwen_14b/model.py,18,<module>,module,import,math,,,math,stdlib,
models,models/common/models/deepseek_r1_distill_qwen_14b/model.py,19,<module>,module,import,os,,,os,stdlib,
models,models/common/models/deepseek_r1_distill_qwen_14b/model.py,20,<module>,module,from,dataclasses,dataclass,,dataclasses,stdlib,
models,models/common/models/deepseek_r1_distill_qwen_14b/model.py,20,<module>,module,from,dataclasses,field,,dataclasses,stdlib,
models,models/common/models/deepseek_r1_distill_qwen_14b/model.py,20,<module>,module,from,dataclasses,replace,,dataclasses,stdlib,
models,models/common/models/deepseek_r1_distill_qwen_14b/model.py,21,<module>,module,from,pathlib,Path,,pathlib,stdlib,
models,models/common/models/deepseek_r1_distill_qwen_14b/model.py,22,<module>,module,from,typing,Any,,typing,stdlib,
models,models/common/models/deepseek_r1_distill_qwen_14b/model.py,24,<module>,module,import,torch,,,torch,third_party_base,
models,models/common/models/deepseek_r1_distill_qwen_14b/model.py,25,<module>,module,from,loguru,logger,,loguru,third_party_base,
models,models/common/models/deepseek_r1_distill_qwen_14b/model.py,27,<module>,module,import,ttnn,,,ttnn,third_party_base,
models,models/common/models/deepseek_r1_distill_qwen_14b/model.py,28,<module>,module,from,models.common.lightweightmodule,LightweightModule,,models,external_models_tt_metal,
models,models/common/models/deepseek_r1_distill_qwen_14b/model.py,29,<module>,module,from,models.common.modules.attention.attention_1d,Attention1D,,models,internal_models_namespace,models.common.modules.attention.attention_1d
models,models/common/models/deepseek_r1_distill_qwen_14b/model.py,29,<module>,module,from,models.common.modules.attention.attention_1d,Attention1DConfig,,models,internal_models_namespace,models.common.modules.attention.attention_1d
models,models/common/models/deepseek_r1_distill_qwen_14b/model.py,29,<module>,module,from,models.common.modules.attention.attention_1d,_dram_matmul_config,,models,internal_models_namespace,models.common.modules.attention.attention_1d
models,models/common/models/deepseek_r1_distill_qwen_14b/model.py,29,<module>,module,from,models.common.modules.attention.attention_1d,_dram_shard_core_grid,,models,internal_models_namespace,models.common.modules.attention.attention_1d
models,models/common/models/deepseek_r1_distill_qwen_14b/model.py,35,<module>,module,from,models.common.modules.embedding.embedding_1d,Embedding1D,,models,internal_models_namespace,models.common.modules.embedding.embedding_1d
models,models/common/models/deepseek_r1_distill_qwen_14b/model.py,35,<module>,module,from,models.common.modules.embedding.embedding_1d,Embedding1DConfig,,models,internal_models_namespace,models.common.modules.embedding.embedding_1d
models,models/common/models/deepseek_r1_distill_qwen_14b/model.py,36,<module>,module,from,models.common.modules.lazy_weight,LazyWeight,,models,internal_models_namespace,models.common.modules.lazy_weight
models,models/common/models/deepseek_r1_distill_qwen_14b/model.py,37,<module>,module,from,models.common.modules.lm_head.lm_head_1d,LMHead1D,,models,internal_models_namespace,models.common.modules.lm_head.lm_head_1d
models,models/common/models/deepseek_r1_distill_qwen_14b/model.py,37,<module>,module,from,models.common.modules.lm_head.lm_head_1d,LMHead1DConfig,,models,internal_models_namespace,models.common.modules.lm_head.lm_head_1d
models,models/common/models/deepseek_r1_distill_qwen_14b/model.py,37,<module>,module,from,models.common.modules.lm_head.lm_head_1d,_nearest_32,,models,internal_models_namespace,models.common.modules.lm_head.lm_head_1d
models,models/common/models/deepseek_r1_distill_qwen_14b/model.py,38,<module>,module,from,models.common.modules.mlp.mlp_1d,MLP1D,,models,internal_models_namespace,models.common.modules.mlp.mlp_1d
models,models/common/models/deepseek_r1_distill_qwen_14b/model.py,38,<module>,module,from,models.common.modules.mlp.mlp_1d,MLP1DConfig,,models,internal_models_namespace,models.common.modules.mlp.mlp_1d
models,models/common/models/deepseek_r1_distill_qwen_14b/model.py,38,<module>,module,from,models.common.modules.mlp.mlp_1d,_dram_shard_core_grid_k_n,,models,internal_models_namespace,models.common.modules.mlp.mlp_1d
models,models/common/models/deepseek_r1_distill_qwen_14b/model.py,39,<module>,module,from,models.common.modules.rmsnorm.rmsnorm_1d,RMSNorm1D,,models,internal_models_namespace,models.common.modules.rmsnorm.rmsnorm_1d
models,models/common/models/deepseek_r1_distill_qwen_14b/model.py,39,<module>,module,from,models.common.modules.rmsnorm.rmsnorm_1d,RMSNorm1DConfig,,models,internal_models_namespace,models.common.modules.rmsnorm.rmsnorm_1d
models,models/common/models/deepseek_r1_distill_qwen_14b/model.py,39,<module>,module,from,models.common.modules.rmsnorm.rmsnorm_1d,_create_sharded_norm_program_config,,models,internal_models_namespace,models.common.modules.rmsnorm.rmsnorm_1d
models,models/common/models/deepseek_r1_distill_qwen_14b/model.py,40,<module>,module,from,models.common.modules.rope.rope_1d,Rope1DConfig,,models,internal_models_namespace,models.common.modules.rope.rope_1d
models,models/common/models/deepseek_r1_distill_qwen_14b/model.py,40,<module>,module,from,models.common.modules.rope.rope_1d,RotarySetup1D,,models,internal_models_namespace,models.common.modules.rope.rope_1d
models,models/common/models/deepseek_r1_distill_qwen_14b/model.py,40,<module>,module,from,models.common.modules.rope.rope_1d,prepare_rot_idxs,,models,internal_models_namespace,models.common.modules.rope.rope_1d
models,models/common/models/deepseek_r1_distill_qwen_14b/model.py,41,<module>,module,from,models.common.modules.sampling.sampling_1d,Sampling1D,,models,internal_models_namespace,models.common.modules.sampling.sampling_1d
models,models/common/models/deepseek_r1_distill_qwen_14b/model.py,41,<module>,module,from,models.common.modules.sampling.sampling_1d,Sampling1DConfig,,models,internal_models_namespace,models.common.modules.sampling.sampling_1d
models,models/common/models/deepseek_r1_distill_qwen_14b/model.py,42,<module>,module,from,models.common.modules.tt_ccl,default_topology,,models,internal_models_namespace,models.common.modules.tt_ccl
models,models/common/models/deepseek_r1_distill_qwen_14b/model.py,42,<module>,module,from,models.common.modules.tt_ccl,get_tt_ccl,,models,internal_models_namespace,models.common.modules.tt_ccl
models,models/common/models/deepseek_r1_distill_qwen_14b/model.py,43,<module>,module,from,models.common.tensor_utils,TILE_SIZE,,models,external_models_tt_metal,
models,models/common/models/deepseek_r1_distill_qwen_14b/model.py,43,<module>,module,from,models.common.tensor_utils,get_padded_hidden_dim,,models,external_models_tt_metal,
models,models/common/models/deepseek_r1_distill_qwen_14b/model.py,763,DeepSeekR1Qwen14B.__init__,nested,from,tqdm,tqdm,,tqdm,third_party_optional,
models,models/common/models/deepseek_r1_distill_qwen_14b/weight_utils.py,13,<module>,module,from,__future__,annotations,,__future__,stdlib,
models,models/common/models/deepseek_r1_distill_qwen_14b/weight_utils.py,15,<module>,module,import,math,,,math,stdlib,
models,models/common/models/deepseek_r1_distill_qwen_14b/weight_utils.py,16,<module>,module,from,pathlib,Path,,pathlib,stdlib,
models,models/common/models/deepseek_r1_distill_qwen_14b/weight_utils.py,17,<module>,module,from,typing,Any,,typing,stdlib,
models,models/common/models/deepseek_r1_distill_qwen_14b/weight_utils.py,19,<module>,module,import,torch,,,torch,third_party_base,
models,models/common/models/deepseek_r1_distill_qwen_14b/weight_utils.py,21,<module>,module,import,ttnn,,,ttnn,third_party_base,
models,models/common/models/deepseek_r1_distill_qwen_14b/weight_utils.py,22,<module>,module,from,models.common.modules.lazy_weight,LazyWeight,,models,internal_models_namespace,models.common.modules.lazy_weight
models,models/common/models/executor.py,12,<module>,module,from,__future__,annotations,,__future__,stdlib,
models,models/common/models/executor.py,14,<module>,module,from,dataclasses,dataclass,,dataclasses,stdlib,
models,models/common/models/executor.py,14,<module>,module,from,dataclasses,replace,,dataclasses,stdlib,
models,models/common/models/executor.py,15,<module>,module,from,typing,Any,,typing,stdlib,
models,models/common/models/executor.py,15,<module>,module,from,typing,Callable,,typing,stdlib,
models,models/common/models/executor.py,15,<module>,module,from,typing,Sequence,,typing,stdlib,
models,models/common/models/executor.py,17,<module>,module,import,torch,,,torch,third_party_base,
models,models/common/models/executor.py,19,<module>,module,from,models.common.llm_runtime.config,PageTableLayout,,models,internal_models_namespace,models.common.llm_runtime.config
models,models/common/models/executor.py,19,<module>,module,from,models.common.llm_runtime.config,PagedKVCacheConfig,,models,internal_models_namespace,models.common.llm_runtime.config
models,models/common/models/executor.py,19,<module>,module,from,models.common.llm_runtime.config,TraceConfig,,models,internal_models_namespace,models.common.llm_runtime.config
models,models/common/models/executor.py,19,<module>,module,from,models.common.llm_runtime.config,WarmupConfig,,models,internal_models_namespace,models.common.llm_runtime.config
models,models/common/models/executor.py,20,<module>,module,from,models.common.llm_runtime.decode,DecodeRuntime,,models,internal_models_namespace,models.common.llm_runtime.decode
models,models/common/models/executor.py,20,<module>,module,from,models.common.llm_runtime.decode,DecodeRuntimeConfig,,models,internal_models_namespace,models.common.llm_runtime.decode
models,models/common/models/executor.py,21,<module>,module,from,models.common.llm_runtime.execution,EagerExecutor,,models,internal_models_namespace,models.common.llm_runtime.execution
models,models/common/models/executor.py,21,<module>,module,from,models.common.llm_runtime.execution,TracedExecutor,,models,internal_models_namespace,models.common.llm_runtime.execution
models,models/common/models/executor.py,22,<module>,module,from,models.common.llm_runtime.output_reader,OutputReader,,models,internal_models_namespace,models.common.llm_runtime.output_reader
models,models/common/models/executor.py,23,<module>,module,from,models.common.llm_runtime.paged_kv_cache,PagedKVCacheManager,,models,internal_models_namespace,models.common.llm_runtime.paged_kv_cache
models,models/common/models/executor.py,24,<module>,module,from,models.common.llm_runtime.prefill.config,PrefillRuntimeConfig,,models,internal_models_namespace,models.common.llm_runtime.prefill.config
models,models/common/models/executor.py,25,<module>,module,from,models.common.llm_runtime.prefill.runtime,PrefillRuntime,,models,internal_models_namespace,models.common.llm_runtime.prefill.runtime
models,models/common/models/executor.py,26,<module>,module,from,models.common.llm_runtime.program_compiler,ProgramCompiler,,models,internal_models_namespace,models.common.llm_runtime.program_compiler
models,models/common/models/executor.py,27,<module>,module,from,models.common.llm_runtime.tensor_resources,attach_cleanup_failures,,models,internal_models_namespace,models.common.llm_runtime.tensor_resources
models,models/common/models/executor.py,28,<module>,module,from,models.common.llm_runtime.trace_compiler,TraceCompiler,,models,internal_models_namespace,models.common.llm_runtime.trace_compiler
models,models/common/models/executor.py,29,<module>,module,from,models.common.llm_runtime.warmup,WarmupCoordinator,,models,internal_models_namespace,models.common.llm_runtime.warmup
models,models/common/models/executor.py,29,<module>,module,from,models.common.llm_runtime.warmup,WarmupCoordinatorConfig,,models,internal_models_namespace,models.common.llm_runtime.warmup
models,models/common/models/executor.py,30,<module>,module,from,models.common.modules.sampling.sampling_1d,Sampling1D,,models,internal_models_namespace,models.common.modules.sampling.sampling_1d
models,models/common/models/llama32_1b/__init__.py,4,<module>,module,from,models.common.models.llama32_1b.model,LLAMA32_1B_ACCURACY,,models,internal_models_namespace,models.common.models.llama32_1b.model
models,models/common/models/llama32_1b/__init__.py,4,<module>,module,from,models.common.models.llama32_1b.model,LLAMA32_1B_PERFORMANCE,,models,internal_models_namespace,models.common.models.llama32_1b.model
models,models/common/models/llama32_1b/__init__.py,4,<module>,module,from,models.common.models.llama32_1b.model,Llama32_1BPrecisionConfig,,models,internal_models_namespace,models.common.models.llama32_1b.model
models,models/common/models/llama32_1b/__init__.py,4,<module>,module,from,models.common.models.llama32_1b.model,Llama32_1BTransformer1D,,models,internal_models_namespace,models.common.models.llama32_1b.model
models,models/common/models/llama32_1b/__init__.py,4,<module>,module,from,models.common.models.llama32_1b.model,Llama32_1BTransformer1DConfig,,models,internal_models_namespace,models.common.models.llama32_1b.model
models,models/common/models/llama32_1b/__init__.py,11,<module>,module,from,models.common.models.llama32_1b.executor,Llama32_1BExecutor,,models,internal_models_namespace,models.common.models.llama32_1b.executor
models,models/common/models/llama32_1b/__init__.py,11,<module>,module,from,models.common.models.llama32_1b.executor,Llama32_1BExecutorConfig,,models,internal_models_namespace,models.common.models.llama32_1b.executor
models,models/common/models/llama32_1b/__init__.py,12,<module>,module,from,models.common.models.llama32_1b.hf_adaptor,Llama32_1BForCausalLM,,models,internal_models_namespace,models.common.models.llama32_1b.hf_adaptor
models,models/common/models/llama32_1b/__init__.py,12,<module>,module,from,models.common.models.llama32_1b.hf_adaptor,Llama32_1BRuntimeConfig,,models,internal_models_namespace,models.common.models.llama32_1b.hf_adaptor
models,models/common/models/llama32_1b/executor.py,6,<module>,module,from,models.common.models.llama3_executor,Llama32_1BExecutor,,models,internal_models_namespace,models.common.models.llama3_executor
models,models/common/models/llama32_1b/executor.py,6,<module>,module,from,models.common.models.llama3_executor,Llama32_1BExecutorConfig,,models,internal_models_namespace,models.common.models.llama3_executor
models,models/common/models/llama32_1b/executor.py,7,<module>,module,from,models.common.models.llama32_1b.hf_adaptor,Llama32_1BForCausalLM,,models,internal_models_namespace,models.common.models.llama32_1b.hf_adaptor
models,models/common/models/llama32_1b/generator.py,6,<module>,module,from,__future__,annotations,,__future__,stdlib,
models,models/common/models/llama32_1b/generator.py,8,<module>,module,from,collections.abc,Sequence,,collections,stdlib,
models,models/common/models/llama32_1b/generator.py,9,<module>,module,from,dataclasses,dataclass,,dataclasses,stdlib,
models,models/common/models/llama32_1b/generator.py,10,<module>,module,from,typing,Any,,typing,stdlib,
models,models/common/models/llama32_1b/generator.py,12,<module>,module,import,torch,,,torch,third_party_base,
models,models/common/models/llama32_1b/generator.py,14,<module>,module,import,ttnn,,,ttnn,third_party_base,
models,models/common/models/llama32_1b/generator.py,15,<module>,module,from,models.common.llm_runtime.config,PagedKVCacheConfig,,models,internal_models_namespace,models.common.llm_runtime.config
models,models/common/models/llama32_1b/generator.py,15,<module>,module,from,models.common.llm_runtime.config,TraceConfig,,models,internal_models_namespace,models.common.llm_runtime.config
models,models/common/models/llama32_1b/generator.py,15,<module>,module,from,models.common.llm_runtime.config,TraceMode,,models,internal_models_namespace,models.common.llm_runtime.config
models,models/common/models/llama32_1b/generator.py,15,<module>,module,from,models.common.llm_runtime.config,WarmupConfig,,models,internal_models_namespace,models.common.llm_runtime.config
models,models/common/models/llama32_1b/generator.py,16,<module>,module,from,models.common.llm_runtime.lane_group,LaneGroupExecutor,,models,internal_models_namespace,models.common.llm_runtime.lane_group
models,models/common/models/llama32_1b/generator.py,17,<module>,module,from,models.common.llm_runtime.vllm_adapter,NormalizedPrefillKwargs,,models,internal_models_namespace,models.common.llm_runtime.vllm_adapter
models,models/common/models/llama32_1b/generator.py,17,<module>,module,from,models.common.llm_runtime.vllm_adapter,VLLMAdapter,,models,internal_models_namespace,models.common.llm_runtime.vllm_adapter
models,models/common/models/llama32_1b/generator.py,17,<module>,module,from,models.common.llm_runtime.vllm_adapter,VLLMAdapterConfig,,models,internal_models_namespace,models.common.llm_runtime.vllm_adapter
models,models/common/models/llama32_1b/generator.py,18,<module>,module,from,models.common.models.llama32_1b.executor,Llama32_1BExecutorConfig,,models,internal_models_namespace,models.common.models.llama32_1b.executor
models,models/common/models/llama32_1b/generator.py,18,<module>,module,from,models.common.models.llama32_1b.executor,build_llama32_1b_executor,,models,internal_models_namespace,models.common.models.llama32_1b.executor
models,models/common/models/llama32_1b/generator.py,19,<module>,module,from,models.common.models.llama32_1b.hf_adaptor,from_pretrained,,models,internal_models_namespace,models.common.models.llama32_1b.hf_adaptor
models,models/common/models/llama32_1b/generator.py,20,<module>,module,from,models.common.models.llama32_1b.model,Llama32_1BPagedAttentionConfig,,models,internal_models_namespace,models.common.models.llama32_1b.model
models,models/common/models/llama32_1b/generator.py,459,_create_submeshes,nested,from,models.tt_transformers.tt.generator,create_submeshes,,models,external_models_tttv1,
models,models/common/models/llama32_1b/hf_adaptor.py,6,<module>,module,from,__future__,annotations,,__future__,stdlib,
models,models/common/models/llama32_1b/hf_adaptor.py,8,<module>,module,import,os,,,os,stdlib,
models,models/common/models/llama32_1b/hf_adaptor.py,9,<module>,module,from,dataclasses,dataclass,,dataclasses,stdlib,
models,models/common/models/llama32_1b/hf_adaptor.py,9,<module>,module,from,dataclasses,field,,dataclasses,stdlib,
models,models/common/models/llama32_1b/hf_adaptor.py,10,<module>,module,from,pathlib,Path,,pathlib,stdlib,
models,models/common/models/llama32_1b/hf_adaptor.py,11,<module>,module,from,typing,Any,,typing,stdlib,
models,models/common/models/llama32_1b/hf_adaptor.py,13,<module>,module,import,torch,,,torch,third_party_base,
models,models/common/models/llama32_1b/hf_adaptor.py,14,<module>,module,from,transformers,AutoConfig,,transformers,third_party_optional,
models,models/common/models/llama32_1b/hf_adaptor.py,14,<module>,module,from,transformers,AutoModelForCausalLM,,transformers,third_party_optional,
models,models/common/models/llama32_1b/hf_adaptor.py,14,<module>,module,from,transformers,AutoTokenizer,,transformers,third_party_optional,
models,models/common/models/llama32_1b/hf_adaptor.py,16,<module>,module,import,ttnn,,,ttnn,third_party_base,
models,models/common/models/llama32_1b/hf_adaptor.py,17,<module>,module,from,models.common.models.llama32_1b,weight_utils,,models,internal_models_namespace,models.common.models.llama32_1b
models,models/common/models/llama32_1b/hf_adaptor.py,18,<module>,module,from,models.common.models.llama32_1b.model,LLAMA32_1B_ACCURACY,,models,internal_models_namespace,models.common.models.llama32_1b.model
models,models/common/models/llama32_1b/hf_adaptor.py,18,<module>,module,from,models.common.models.llama32_1b.model,LLAMA32_1B_PERFORMANCE,,models,internal_models_namespace,models.common.models.llama32_1b.model
models,models/common/models/llama32_1b/hf_adaptor.py,18,<module>,module,from,models.common.models.llama32_1b.model,Llama32_1BLayerWeights,,models,internal_models_namespace,models.common.models.llama32_1b.model
models,models/common/models/llama32_1b/hf_adaptor.py,18,<module>,module,from,models.common.models.llama32_1b.model,Llama32_1BModelParameters,,models,internal_models_namespace,models.common.models.llama32_1b.model
models,models/common/models/llama32_1b/hf_adaptor.py,18,<module>,module,from,models.common.models.llama32_1b.model,Llama32_1BPagedAttentionConfig,,models,internal_models_namespace,models.common.models.llama32_1b.model
models,models/common/models/llama32_1b/hf_adaptor.py,18,<module>,module,from,models.common.models.llama32_1b.model,Llama32_1BPrecisionConfig,,models,internal_models_namespace,models.common.models.llama32_1b.model
models,models/common/models/llama32_1b/hf_adaptor.py,18,<module>,module,from,models.common.models.llama32_1b.model,Llama32_1BTransformer1D,,models,internal_models_namespace,models.common.models.llama32_1b.model
models,models/common/models/llama32_1b/hf_adaptor.py,18,<module>,module,from,models.common.models.llama32_1b.model,Llama32_1BWeights,,models,internal_models_namespace,models.common.models.llama32_1b.model
models,models/common/models/llama32_1b/hf_adaptor.py,18,<module>,module,from,models.common.models.llama32_1b.model,build_llama32_1b_transformer_1d_config,,models,internal_models_namespace,models.common.models.llama32_1b.model
models,models/common/models/llama32_1b/model.py,21,<module>,module,from,__future__,annotations,,__future__,stdlib,
models,models/common/models/llama32_1b/model.py,23,<module>,module,import,math,,,math,stdlib,
models,models/common/models/llama32_1b/model.py,24,<module>,module,import,os,,,os,stdlib,
models,models/common/models/llama32_1b/model.py,25,<module>,module,from,dataclasses,dataclass,,dataclasses,stdlib,
models,models/common/models/llama32_1b/model.py,25,<module>,module,from,dataclasses,field,,dataclasses,stdlib,
models,models/common/models/llama32_1b/model.py,25,<module>,module,from,dataclasses,replace,,dataclasses,stdlib,
models,models/common/models/llama32_1b/model.py,26,<module>,module,from,pathlib,Path,,pathlib,stdlib,
models,models/common/models/llama32_1b/model.py,27,<module>,module,from,typing,Any,,typing,stdlib,
models,models/common/models/llama32_1b/model.py,29,<module>,module,import,torch,,,torch,third_party_base,
models,models/common/models/llama32_1b/model.py,30,<module>,module,from,loguru,logger,,loguru,third_party_base,
models,models/common/models/llama32_1b/model.py,32,<module>,module,import,ttnn,,,ttnn,third_party_base,
models,models/common/models/llama32_1b/model.py,33,<module>,module,from,models.common.lightweightmodule,LightweightModule,,models,external_models_tt_metal,
models,models/common/models/llama32_1b/model.py,34,<module>,module,from,models.common.modules.attention.attention_1d,Attention1D,,models,internal_models_namespace,models.common.modules.attention.attention_1d
models,models/common/models/llama32_1b/model.py,34,<module>,module,from,models.common.modules.attention.attention_1d,Attention1DConfig,,models,internal_models_namespace,models.common.modules.attention.attention_1d
models,models/common/models/llama32_1b/model.py,34,<module>,module,from,models.common.modules.attention.attention_1d,_dram_matmul_config,,models,internal_models_namespace,models.common.modules.attention.attention_1d
models,models/common/models/llama32_1b/model.py,34,<module>,module,from,models.common.modules.attention.attention_1d,_dram_shard_core_grid,,models,internal_models_namespace,models.common.modules.attention.attention_1d
models,models/common/models/llama32_1b/model.py,40,<module>,module,from,models.common.modules.embedding.embedding_1d,Embedding1D,,models,internal_models_namespace,models.common.modules.embedding.embedding_1d
models,models/common/models/llama32_1b/model.py,40,<module>,module,from,models.common.modules.embedding.embedding_1d,Embedding1DConfig,,models,internal_models_namespace,models.common.modules.embedding.embedding_1d
models,models/common/models/llama32_1b/model.py,41,<module>,module,from,models.common.modules.lazy_weight,LazyWeight,,models,internal_models_namespace,models.common.modules.lazy_weight
models,models/common/models/llama32_1b/model.py,42,<module>,module,from,models.common.modules.lm_head.lm_head_1d,LMHead1D,,models,internal_models_namespace,models.common.modules.lm_head.lm_head_1d
models,models/common/models/llama32_1b/model.py,42,<module>,module,from,models.common.modules.lm_head.lm_head_1d,LMHead1DConfig,,models,internal_models_namespace,models.common.modules.lm_head.lm_head_1d
models,models/common/models/llama32_1b/model.py,42,<module>,module,from,models.common.modules.lm_head.lm_head_1d,_nearest_32,,models,internal_models_namespace,models.common.modules.lm_head.lm_head_1d
models,models/common/models/llama32_1b/model.py,43,<module>,module,from,models.common.modules.mlp.mlp_1d,MLP1D,,models,internal_models_namespace,models.common.modules.mlp.mlp_1d
models,models/common/models/llama32_1b/model.py,43,<module>,module,from,models.common.modules.mlp.mlp_1d,MLP1DConfig,,models,internal_models_namespace,models.common.modules.mlp.mlp_1d
models,models/common/models/llama32_1b/model.py,43,<module>,module,from,models.common.modules.mlp.mlp_1d,_dram_shard_core_grid_k_n,,models,internal_models_namespace,models.common.modules.mlp.mlp_1d
models,models/common/models/llama32_1b/model.py,44,<module>,module,from,models.common.modules.rmsnorm.rmsnorm_1d,RMSNorm1D,,models,internal_models_namespace,models.common.modules.rmsnorm.rmsnorm_1d
models,models/common/models/llama32_1b/model.py,44,<module>,module,from,models.common.modules.rmsnorm.rmsnorm_1d,RMSNorm1DConfig,,models,internal_models_namespace,models.common.modules.rmsnorm.rmsnorm_1d
models,models/common/models/llama32_1b/model.py,44,<module>,module,from,models.common.modules.rmsnorm.rmsnorm_1d,_create_sharded_norm_program_config,,models,internal_models_namespace,models.common.modules.rmsnorm.rmsnorm_1d
models,models/common/models/llama32_1b/model.py,45,<module>,module,from,models.common.modules.rope.rope_1d,Rope1DConfig,,models,internal_models_namespace,models.common.modules.rope.rope_1d
models,models/common/models/llama32_1b/model.py,45,<module>,module,from,models.common.modules.rope.rope_1d,RotarySetup1D,,models,internal_models_namespace,models.common.modules.rope.rope_1d
models,models/common/models/llama32_1b/model.py,46,<module>,module,from,models.common.modules.sampling.sampling_1d,Sampling1D,,models,internal_models_namespace,models.common.modules.sampling.sampling_1d
models,models/common/models/llama32_1b/model.py,46,<module>,module,from,models.common.modules.sampling.sampling_1d,Sampling1DConfig,,models,internal_models_namespace,models.common.modules.sampling.sampling_1d
models,models/common/models/llama32_1b/model.py,47,<module>,module,from,models.common.modules.tt_ccl,default_topology,,models,internal_models_namespace,models.common.modules.tt_ccl
models,models/common/models/llama32_1b/model.py,47,<module>,module,from,models.common.modules.tt_ccl,get_tt_ccl,,models,internal_models_namespace,models.common.modules.tt_ccl
models,models/common/models/llama32_1b/model.py,48,<module>,module,from,models.common.tensor_utils,TILE_SIZE,,models,external_models_tt_metal,
models,models/common/models/llama32_1b/model.py,48,<module>,module,from,models.common.tensor_utils,get_padded_hidden_dim,,models,external_models_tt_metal,
models,models/common/models/llama32_1b/model.py,782,Llama32_1BTransformer1D.__init__,nested,from,tqdm,tqdm,,tqdm,third_party_optional,
models,models/common/models/llama32_1b/weight_utils.py,14,<module>,module,from,__future__,annotations,,__future__,stdlib,
models,models/common/models/llama32_1b/weight_utils.py,16,<module>,module,from,typing,Any,,typing,stdlib,
models,models/common/models/llama32_1b/weight_utils.py,18,<module>,module,import,torch,,,torch,third_party_base,
models,models/common/models/llama32_3b/__init__.py,4,<module>,module,from,models.common.models.llama32_3b.model,LLAMA32_3B_ACCURACY,,models,internal_models_namespace,models.common.models.llama32_3b.model
models,models/common/models/llama32_3b/__init__.py,4,<module>,module,from,models.common.models.llama32_3b.model,LLAMA32_3B_PERFORMANCE,,models,internal_models_namespace,models.common.models.llama32_3b.model
models,models/common/models/llama32_3b/__init__.py,4,<module>,module,from,models.common.models.llama32_3b.model,Llama32_3BPrecisionConfig,,models,internal_models_namespace,models.common.models.llama32_3b.model
models,models/common/models/llama32_3b/__init__.py,4,<module>,module,from,models.common.models.llama32_3b.model,Llama32_3BTransformer1D,,models,internal_models_namespace,models.common.models.llama32_3b.model
models,models/common/models/llama32_3b/__init__.py,4,<module>,module,from,models.common.models.llama32_3b.model,Llama32_3BTransformer1DConfig,,models,internal_models_namespace,models.common.models.llama32_3b.model
models,models/common/models/llama32_3b/__init__.py,11,<module>,module,from,models.common.models.llama32_3b.executor,Llama32_3BExecutor,,models,internal_models_namespace,models.common.models.llama32_3b.executor
models,models/common/models/llama32_3b/__init__.py,11,<module>,module,from,models.common.models.llama32_3b.executor,Llama32_3BExecutorConfig,,models,internal_models_namespace,models.common.models.llama32_3b.executor
models,models/common/models/llama32_3b/__init__.py,12,<module>,module,from,models.common.models.llama32_3b.hf_adaptor,Llama32_3BForCausalLM,,models,internal_models_namespace,models.common.models.llama32_3b.hf_adaptor
models,models/common/models/llama32_3b/__init__.py,12,<module>,module,from,models.common.models.llama32_3b.hf_adaptor,Llama32_3BRuntimeConfig,,models,internal_models_namespace,models.common.models.llama32_3b.hf_adaptor
models,models/common/models/llama32_3b/executor.py,6,<module>,module,from,models.common.models.llama3_executor,Llama32_3BExecutor,,models,internal_models_namespace,models.common.models.llama3_executor
models,models/common/models/llama32_3b/executor.py,6,<module>,module,from,models.common.models.llama3_executor,Llama32_3BExecutorConfig,,models,internal_models_namespace,models.common.models.llama3_executor
models,models/common/models/llama32_3b/executor.py,7,<module>,module,from,models.common.models.llama32_3b.hf_adaptor,Llama32_3BForCausalLM,,models,internal_models_namespace,models.common.models.llama32_3b.hf_adaptor
models,models/common/models/llama32_3b/generator.py,6,<module>,module,from,__future__,annotations,,__future__,stdlib,
models,models/common/models/llama32_3b/generator.py,8,<module>,module,from,collections.abc,Sequence,,collections,stdlib,
models,models/common/models/llama32_3b/generator.py,9,<module>,module,from,dataclasses,dataclass,,dataclasses,stdlib,
models,models/common/models/llama32_3b/generator.py,10,<module>,module,from,typing,Any,,typing,stdlib,
models,models/common/models/llama32_3b/generator.py,12,<module>,module,import,torch,,,torch,third_party_base,
models,models/common/models/llama32_3b/generator.py,14,<module>,module,import,ttnn,,,ttnn,third_party_base,
models,models/common/models/llama32_3b/generator.py,15,<module>,module,from,models.common.llm_runtime.config,PagedKVCacheConfig,,models,internal_models_namespace,models.common.llm_runtime.config
models,models/common/models/llama32_3b/generator.py,15,<module>,module,from,models.common.llm_runtime.config,TraceConfig,,models,internal_models_namespace,models.common.llm_runtime.config
models,models/common/models/llama32_3b/generator.py,15,<module>,module,from,models.common.llm_runtime.config,TraceMode,,models,internal_models_namespace,models.common.llm_runtime.config
models,models/common/models/llama32_3b/generator.py,15,<module>,module,from,models.common.llm_runtime.config,WarmupConfig,,models,internal_models_namespace,models.common.llm_runtime.config
models,models/common/models/llama32_3b/generator.py,16,<module>,module,from,models.common.llm_runtime.lane_group,LaneGroupExecutor,,models,internal_models_namespace,models.common.llm_runtime.lane_group
models,models/common/models/llama32_3b/generator.py,17,<module>,module,from,models.common.llm_runtime.vllm_adapter,NormalizedPrefillKwargs,,models,internal_models_namespace,models.common.llm_runtime.vllm_adapter
models,models/common/models/llama32_3b/generator.py,17,<module>,module,from,models.common.llm_runtime.vllm_adapter,VLLMAdapter,,models,internal_models_namespace,models.common.llm_runtime.vllm_adapter
models,models/common/models/llama32_3b/generator.py,17,<module>,module,from,models.common.llm_runtime.vllm_adapter,VLLMAdapterConfig,,models,internal_models_namespace,models.common.llm_runtime.vllm_adapter
models,models/common/models/llama32_3b/generator.py,18,<module>,module,from,models.common.models.llama32_3b.executor,Llama32_3BExecutorConfig,,models,internal_models_namespace,models.common.models.llama32_3b.executor
models,models/common/models/llama32_3b/generator.py,18,<module>,module,from,models.common.models.llama32_3b.executor,build_llama32_3b_executor,,models,internal_models_namespace,models.common.models.llama32_3b.executor
models,models/common/models/llama32_3b/generator.py,19,<module>,module,from,models.common.models.llama32_3b.hf_adaptor,from_pretrained,,models,internal_models_namespace,models.common.models.llama32_3b.hf_adaptor
models,models/common/models/llama32_3b/generator.py,20,<module>,module,from,models.common.models.llama32_3b.model,Llama32_3BPagedAttentionConfig,,models,internal_models_namespace,models.common.models.llama32_3b.model
models,models/common/models/llama32_3b/generator.py,465,_create_submeshes,nested,from,models.tt_transformers.tt.generator,create_submeshes,,models,external_models_tttv1,
models,models/common/models/llama32_3b/hf_adaptor.py,6,<module>,module,from,__future__,annotations,,__future__,stdlib,
models,models/common/models/llama32_3b/hf_adaptor.py,8,<module>,module,import,os,,,os,stdlib,
models,models/common/models/llama32_3b/hf_adaptor.py,9,<module>,module,from,dataclasses,dataclass,,dataclasses,stdlib,
models,models/common/models/llama32_3b/hf_adaptor.py,9,<module>,module,from,dataclasses,field,,dataclasses,stdlib,
models,models/common/models/llama32_3b/hf_adaptor.py,10,<module>,module,from,pathlib,Path,,pathlib,stdlib,
models,models/common/models/llama32_3b/hf_adaptor.py,11,<module>,module,from,typing,Any,,typing,stdlib,
models,models/common/models/llama32_3b/hf_adaptor.py,13,<module>,module,import,torch,,,torch,third_party_base,
models,models/common/models/llama32_3b/hf_adaptor.py,14,<module>,module,from,transformers,AutoConfig,,transformers,third_party_optional,
models,models/common/models/llama32_3b/hf_adaptor.py,14,<module>,module,from,transformers,AutoModelForCausalLM,,transformers,third_party_optional,
models,models/common/models/llama32_3b/hf_adaptor.py,14,<module>,module,from,transformers,AutoTokenizer,,transformers,third_party_optional,
models,models/common/models/llama32_3b/hf_adaptor.py,16,<module>,module,import,ttnn,,,ttnn,third_party_base,
models,models/common/models/llama32_3b/hf_adaptor.py,17,<module>,module,from,models.common.models.llama32_3b,weight_utils,,models,internal_models_namespace,models.common.models.llama32_3b
models,models/common/models/llama32_3b/hf_adaptor.py,18,<module>,module,from,models.common.models.llama32_3b.model,LLAMA32_3B_ACCURACY,,models,internal_models_namespace,models.common.models.llama32_3b.model
models,models/common/models/llama32_3b/hf_adaptor.py,18,<module>,module,from,models.common.models.llama32_3b.model,LLAMA32_3B_PERFORMANCE,,models,internal_models_namespace,models.common.models.llama32_3b.model
models,models/common/models/llama32_3b/hf_adaptor.py,18,<module>,module,from,models.common.models.llama32_3b.model,Llama32_3BLayerWeights,,models,internal_models_namespace,models.common.models.llama32_3b.model
models,models/common/models/llama32_3b/hf_adaptor.py,18,<module>,module,from,models.common.models.llama32_3b.model,Llama32_3BModelParameters,,models,internal_models_namespace,models.common.models.llama32_3b.model
models,models/common/models/llama32_3b/hf_adaptor.py,18,<module>,module,from,models.common.models.llama32_3b.model,Llama32_3BPagedAttentionConfig,,models,internal_models_namespace,models.common.models.llama32_3b.model
models,models/common/models/llama32_3b/hf_adaptor.py,18,<module>,module,from,models.common.models.llama32_3b.model,Llama32_3BPrecisionConfig,,models,internal_models_namespace,models.common.models.llama32_3b.model
models,models/common/models/llama32_3b/hf_adaptor.py,18,<module>,module,from,models.common.models.llama32_3b.model,Llama32_3BTransformer1D,,models,internal_models_namespace,models.common.models.llama32_3b.model
models,models/common/models/llama32_3b/hf_adaptor.py,18,<module>,module,from,models.common.models.llama32_3b.model,Llama32_3BWeights,,models,internal_models_namespace,models.common.models.llama32_3b.model
models,models/common/models/llama32_3b/hf_adaptor.py,18,<module>,module,from,models.common.models.llama32_3b.model,build_llama32_3b_transformer_1d_config,,models,internal_models_namespace,models.common.models.llama32_3b.model
models,models/common/models/llama32_3b/model.py,20,<module>,module,from,__future__,annotations,,__future__,stdlib,
models,models/common/models/llama32_3b/model.py,22,<module>,module,import,math,,,math,stdlib,
models,models/common/models/llama32_3b/model.py,23,<module>,module,import,os,,,os,stdlib,
models,models/common/models/llama32_3b/model.py,24,<module>,module,from,dataclasses,dataclass,,dataclasses,stdlib,
models,models/common/models/llama32_3b/model.py,24,<module>,module,from,dataclasses,field,,dataclasses,stdlib,
models,models/common/models/llama32_3b/model.py,24,<module>,module,from,dataclasses,replace,,dataclasses,stdlib,
models,models/common/models/llama32_3b/model.py,25,<module>,module,from,pathlib,Path,,pathlib,stdlib,
models,models/common/models/llama32_3b/model.py,26,<module>,module,from,typing,Any,,typing,stdlib,
models,models/common/models/llama32_3b/model.py,28,<module>,module,import,torch,,,torch,third_party_base,
models,models/common/models/llama32_3b/model.py,29,<module>,module,from,loguru,logger,,loguru,third_party_base,
models,models/common/models/llama32_3b/model.py,31,<module>,module,import,ttnn,,,ttnn,third_party_base,
models,models/common/models/llama32_3b/model.py,32,<module>,module,from,models.common.lightweightmodule,LightweightModule,,models,external_models_tt_metal,
models,models/common/models/llama32_3b/model.py,33,<module>,module,from,models.common.modules.attention.attention_1d,Attention1D,,models,internal_models_namespace,models.common.modules.attention.attention_1d
models,models/common/models/llama32_3b/model.py,33,<module>,module,from,models.common.modules.attention.attention_1d,Attention1DConfig,,models,internal_models_namespace,models.common.modules.attention.attention_1d
models,models/common/models/llama32_3b/model.py,33,<module>,module,from,models.common.modules.attention.attention_1d,_dram_matmul_config,,models,internal_models_namespace,models.common.modules.attention.attention_1d
models,models/common/models/llama32_3b/model.py,33,<module>,module,from,models.common.modules.attention.attention_1d,_dram_shard_core_grid,,models,internal_models_namespace,models.common.modules.attention.attention_1d
models,models/common/models/llama32_3b/model.py,39,<module>,module,from,models.common.modules.embedding.embedding_1d,Embedding1D,,models,internal_models_namespace,models.common.modules.embedding.embedding_1d
models,models/common/models/llama32_3b/model.py,39,<module>,module,from,models.common.modules.embedding.embedding_1d,Embedding1DConfig,,models,internal_models_namespace,models.common.modules.embedding.embedding_1d
models,models/common/models/llama32_3b/model.py,40,<module>,module,from,models.common.modules.lazy_weight,LazyWeight,,models,internal_models_namespace,models.common.modules.lazy_weight
models,models/common/models/llama32_3b/model.py,41,<module>,module,from,models.common.modules.lm_head.lm_head_1d,LMHead1D,,models,internal_models_namespace,models.common.modules.lm_head.lm_head_1d
models,models/common/models/llama32_3b/model.py,41,<module>,module,from,models.common.modules.lm_head.lm_head_1d,LMHead1DConfig,,models,internal_models_namespace,models.common.modules.lm_head.lm_head_1d
models,models/common/models/llama32_3b/model.py,41,<module>,module,from,models.common.modules.lm_head.lm_head_1d,_nearest_32,,models,internal_models_namespace,models.common.modules.lm_head.lm_head_1d
models,models/common/models/llama32_3b/model.py,42,<module>,module,from,models.common.modules.mlp.mlp_1d,MLP1D,,models,internal_models_namespace,models.common.modules.mlp.mlp_1d
models,models/common/models/llama32_3b/model.py,42,<module>,module,from,models.common.modules.mlp.mlp_1d,MLP1DConfig,,models,internal_models_namespace,models.common.modules.mlp.mlp_1d
models,models/common/models/llama32_3b/model.py,42,<module>,module,from,models.common.modules.mlp.mlp_1d,_dram_shard_core_grid_k_n,,models,internal_models_namespace,models.common.modules.mlp.mlp_1d
models,models/common/models/llama32_3b/model.py,43,<module>,module,from,models.common.modules.rmsnorm.rmsnorm_1d,RMSNorm1D,,models,internal_models_namespace,models.common.modules.rmsnorm.rmsnorm_1d
models,models/common/models/llama32_3b/model.py,43,<module>,module,from,models.common.modules.rmsnorm.rmsnorm_1d,RMSNorm1DConfig,,models,internal_models_namespace,models.common.modules.rmsnorm.rmsnorm_1d
models,models/common/models/llama32_3b/model.py,43,<module>,module,from,models.common.modules.rmsnorm.rmsnorm_1d,_create_sharded_norm_program_config,,models,internal_models_namespace,models.common.modules.rmsnorm.rmsnorm_1d
models,models/common/models/llama32_3b/model.py,44,<module>,module,from,models.common.modules.rope.rope_1d,Rope1DConfig,,models,internal_models_namespace,models.common.modules.rope.rope_1d
models,models/common/models/llama32_3b/model.py,44,<module>,module,from,models.common.modules.rope.rope_1d,RotarySetup1D,,models,internal_models_namespace,models.common.modules.rope.rope_1d
models,models/common/models/llama32_3b/model.py,45,<module>,module,from,models.common.modules.sampling.sampling_1d,Sampling1D,,models,internal_models_namespace,models.common.modules.sampling.sampling_1d
models,models/common/models/llama32_3b/model.py,45,<module>,module,from,models.common.modules.sampling.sampling_1d,Sampling1DConfig,,models,internal_models_namespace,models.common.modules.sampling.sampling_1d
models,models/common/models/llama32_3b/model.py,46,<module>,module,from,models.common.modules.tt_ccl,default_topology,,models,internal_models_namespace,models.common.modules.tt_ccl
models,models/common/models/llama32_3b/model.py,46,<module>,module,from,models.common.modules.tt_ccl,get_tt_ccl,,models,internal_models_namespace,models.common.modules.tt_ccl
models,models/common/models/llama32_3b/model.py,47,<module>,module,from,models.common.tensor_utils,TILE_SIZE,,models,external_models_tt_metal,
models,models/common/models/llama32_3b/model.py,47,<module>,module,from,models.common.tensor_utils,get_padded_hidden_dim,,models,external_models_tt_metal,
models,models/common/models/llama32_3b/model.py,774,Llama32_3BTransformer1D.__init__,nested,from,tqdm,tqdm,,tqdm,third_party_optional,
models,models/common/models/llama32_3b/weight_utils.py,14,<module>,module,from,__future__,annotations,,__future__,stdlib,
models,models/common/models/llama32_3b/weight_utils.py,16,<module>,module,import,math,,,math,stdlib,
models,models/common/models/llama32_3b/weight_utils.py,17,<module>,module,from,pathlib,Path,,pathlib,stdlib,
models,models/common/models/llama32_3b/weight_utils.py,18,<module>,module,from,typing,Any,,typing,stdlib,
models,models/common/models/llama32_3b/weight_utils.py,20,<module>,module,import,torch,,,torch,third_party_base,
models,models/common/models/llama32_3b/weight_utils.py,22,<module>,module,import,ttnn,,,ttnn,third_party_base,
models,models/common/models/llama32_3b/weight_utils.py,23,<module>,module,from,models.common.modules.lazy_weight,LazyWeight,,models,internal_models_namespace,models.common.modules.lazy_weight
models,models/common/models/llama33_70b/__init__.py,4,<module>,module,from,models.common.models.llama33_70b.hf_adaptor,DEFAULT_HF_MODEL,,models,internal_models_namespace,models.common.models.llama33_70b.hf_adaptor
models,models/common/models/llama33_70b/__init__.py,4,<module>,module,from,models.common.models.llama33_70b.hf_adaptor,Llama33_70BForCausalLM,,models,internal_models_namespace,models.common.models.llama33_70b.hf_adaptor
models,models/common/models/llama33_70b/__init__.py,4,<module>,module,from,models.common.models.llama33_70b.hf_adaptor,Llama33_70BGenerationConfig,,models,internal_models_namespace,models.common.models.llama33_70b.hf_adaptor
models,models/common/models/llama33_70b/__init__.py,4,<module>,module,from,models.common.models.llama33_70b.hf_adaptor,Llama33_70BRuntimeConfig,,models,internal_models_namespace,models.common.models.llama33_70b.hf_adaptor
models,models/common/models/llama33_70b/__init__.py,4,<module>,module,from,models.common.models.llama33_70b.hf_adaptor,from_pretrained,,models,internal_models_namespace,models.common.models.llama33_70b.hf_adaptor
models,models/common/models/llama33_70b/__init__.py,11,<module>,module,from,models.common.models.llama33_70b.executor,Llama33_70BExecutor,,models,internal_models_namespace,models.common.models.llama33_70b.executor
models,models/common/models/llama33_70b/__init__.py,11,<module>,module,from,models.common.models.llama33_70b.executor,Llama33_70BExecutorConfig,,models,internal_models_namespace,models.common.models.llama33_70b.executor
models,models/common/models/llama33_70b/__init__.py,11,<module>,module,from,models.common.models.llama33_70b.executor,build_llama33_70b_executor,,models,internal_models_namespace,models.common.models.llama33_70b.executor
models,models/common/models/llama33_70b/__init__.py,16,<module>,module,from,models.common.models.llama33_70b.generator,Llama33_70BGenerator,,models,internal_models_namespace,models.common.models.llama33_70b.generator
models,models/common/models/llama33_70b/__init__.py,16,<module>,module,from,models.common.models.llama33_70b.generator,Llama33_70BGeneratorConfig,,models,internal_models_namespace,models.common.models.llama33_70b.generator
models,models/common/models/llama33_70b/__init__.py,16,<module>,module,from,models.common.models.llama33_70b.generator,build_llama33_70b_generator,,models,internal_models_namespace,models.common.models.llama33_70b.generator
models,models/common/models/llama33_70b/__init__.py,21,<module>,module,from,models.common.models.llama33_70b.model,LLAMA33_70B_ACCURACY,,models,internal_models_namespace,models.common.models.llama33_70b.model
models,models/common/models/llama33_70b/__init__.py,21,<module>,module,from,models.common.models.llama33_70b.model,LLAMA33_70B_PERFORMANCE,,models,internal_models_namespace,models.common.models.llama33_70b.model
models,models/common/models/llama33_70b/__init__.py,21,<module>,module,from,models.common.models.llama33_70b.model,Llama33_70BLayerWeights,,models,internal_models_namespace,models.common.models.llama33_70b.model
models,models/common/models/llama33_70b/__init__.py,21,<module>,module,from,models.common.models.llama33_70b.model,Llama33_70BModelParameters,,models,internal_models_namespace,models.common.models.llama33_70b.model
models,models/common/models/llama33_70b/__init__.py,21,<module>,module,from,models.common.models.llama33_70b.model,Llama33_70BPagedAttentionConfig,,models,internal_models_namespace,models.common.models.llama33_70b.model
models,models/common/models/llama33_70b/__init__.py,21,<module>,module,from,models.common.models.llama33_70b.model,Llama33_70BPrecisionConfig,,models,internal_models_namespace,models.common.models.llama33_70b.model
models,models/common/models/llama33_70b/__init__.py,21,<module>,module,from,models.common.models.llama33_70b.model,Llama33_70BTransformer1D,,models,internal_models_namespace,models.common.models.llama33_70b.model
models,models/common/models/llama33_70b/__init__.py,21,<module>,module,from,models.common.models.llama33_70b.model,Llama33_70BTransformer1DConfig,,models,internal_models_namespace,models.common.models.llama33_70b.model
models,models/common/models/llama33_70b/__init__.py,21,<module>,module,from,models.common.models.llama33_70b.model,Llama33_70BWeights,,models,internal_models_namespace,models.common.models.llama33_70b.model
models,models/common/models/llama33_70b/__init__.py,21,<module>,module,from,models.common.models.llama33_70b.model,build_llama33_70b_transformer_1d_config,,models,internal_models_namespace,models.common.models.llama33_70b.model
models,models/common/models/llama33_70b/executor.py,6,<module>,module,from,models.common.models.llama3_executor,Llama33_70BExecutor,,models,internal_models_namespace,models.common.models.llama3_executor
models,models/common/models/llama33_70b/executor.py,6,<module>,module,from,models.common.models.llama3_executor,Llama33_70BExecutorConfig,,models,internal_models_namespace,models.common.models.llama3_executor
models,models/common/models/llama33_70b/executor.py,7,<module>,module,from,models.common.models.llama33_70b.hf_adaptor,Llama33_70BForCausalLM,,models,internal_models_namespace,models.common.models.llama33_70b.hf_adaptor
models,models/common/models/llama33_70b/generator.py,6,<module>,module,from,__future__,annotations,,__future__,stdlib,
models,models/common/models/llama33_70b/generator.py,8,<module>,module,import,atexit,,,atexit,stdlib,
models,models/common/models/llama33_70b/generator.py,9,<module>,module,from,collections.abc,Sequence,,collections,stdlib,
models,models/common/models/llama33_70b/generator.py,10,<module>,module,from,dataclasses,dataclass,,dataclasses,stdlib,
models,models/common/models/llama33_70b/generator.py,11,<module>,module,from,typing,Any,,typing,stdlib,
models,models/common/models/llama33_70b/generator.py,13,<module>,module,import,torch,,,torch,third_party_base,
models,models/common/models/llama33_70b/generator.py,15,<module>,module,import,ttnn,,,ttnn,third_party_base,
models,models/common/models/llama33_70b/generator.py,16,<module>,module,from,models.common.llm_runtime.config,PagedKVCacheConfig,,models,internal_models_namespace,models.common.llm_runtime.config
models,models/common/models/llama33_70b/generator.py,16,<module>,module,from,models.common.llm_runtime.config,TraceConfig,,models,internal_models_namespace,models.common.llm_runtime.config
models,models/common/models/llama33_70b/generator.py,16,<module>,module,from,models.common.llm_runtime.config,TraceMode,,models,internal_models_namespace,models.common.llm_runtime.config
models,models/common/models/llama33_70b/generator.py,16,<module>,module,from,models.common.llm_runtime.config,WarmupConfig,,models,internal_models_namespace,models.common.llm_runtime.config
models,models/common/models/llama33_70b/generator.py,17,<module>,module,from,models.common.llm_runtime.lane_group,LaneGroupExecutor,,models,internal_models_namespace,models.common.llm_runtime.lane_group
models,models/common/models/llama33_70b/generator.py,18,<module>,module,from,models.common.llm_runtime.vllm_adapter,NormalizedPrefillKwargs,,models,internal_models_namespace,models.common.llm_runtime.vllm_adapter
models,models/common/models/llama33_70b/generator.py,18,<module>,module,from,models.common.llm_runtime.vllm_adapter,VLLMAdapter,,models,internal_models_namespace,models.common.llm_runtime.vllm_adapter
models,models/common/models/llama33_70b/generator.py,18,<module>,module,from,models.common.llm_runtime.vllm_adapter,VLLMAdapterConfig,,models,internal_models_namespace,models.common.llm_runtime.vllm_adapter
models,models/common/models/llama33_70b/generator.py,19,<module>,module,from,models.common.models.llama33_70b.executor,Llama33_70BExecutorConfig,,models,internal_models_namespace,models.common.models.llama33_70b.executor
models,models/common/models/llama33_70b/generator.py,19,<module>,module,from,models.common.models.llama33_70b.executor,build_llama33_70b_executor,,models,internal_models_namespace,models.common.models.llama33_70b.executor
models,models/common/models/llama33_70b/generator.py,20,<module>,module,from,models.common.models.llama33_70b.hf_adaptor,from_pretrained,,models,internal_models_namespace,models.common.models.llama33_70b.hf_adaptor
models,models/common/models/llama33_70b/generator.py,21,<module>,module,from,models.common.models.llama33_70b.model,Llama33_70BPagedAttentionConfig,,models,internal_models_namespace,models.common.models.llama33_70b.model
models,models/common/models/llama33_70b/generator.py,488,_create_submeshes,nested,from,models.tt_transformers.tt.generator,create_submeshes,,models,external_models_tttv1,
models,models/common/models/llama33_70b/hf_adaptor.py,6,<module>,module,from,__future__,annotations,,__future__,stdlib,
models,models/common/models/llama33_70b/hf_adaptor.py,8,<module>,module,import,os,,,os,stdlib,
models,models/common/models/llama33_70b/hf_adaptor.py,9,<module>,module,from,dataclasses,dataclass,,dataclasses,stdlib,
models,models/common/models/llama33_70b/hf_adaptor.py,9,<module>,module,from,dataclasses,field,,dataclasses,stdlib,
models,models/common/models/llama33_70b/hf_adaptor.py,10,<module>,module,from,pathlib,Path,,pathlib,stdlib,
models,models/common/models/llama33_70b/hf_adaptor.py,11,<module>,module,from,typing,Any,,typing,stdlib,
models,models/common/models/llama33_70b/hf_adaptor.py,13,<module>,module,import,torch,,,torch,third_party_base,
models,models/common/models/llama33_70b/hf_adaptor.py,14,<module>,module,from,transformers,AutoConfig,,transformers,third_party_optional,
models,models/common/models/llama33_70b/hf_adaptor.py,14,<module>,module,from,transformers,AutoModelForCausalLM,,transformers,third_party_optional,
models,models/common/models/llama33_70b/hf_adaptor.py,14,<module>,module,from,transformers,AutoTokenizer,,transformers,third_party_optional,
models,models/common/models/llama33_70b/hf_adaptor.py,16,<module>,module,import,ttnn,,,ttnn,third_party_base,
models,models/common/models/llama33_70b/hf_adaptor.py,17,<module>,module,from,models.common.models.llama33_70b,weight_utils,,models,internal_models_namespace,models.common.models.llama33_70b
models,models/common/models/llama33_70b/hf_adaptor.py,18,<module>,module,from,models.common.models.llama33_70b.model,LLAMA33_70B_ACCURACY,,models,internal_models_namespace,models.common.models.llama33_70b.model
models,models/common/models/llama33_70b/hf_adaptor.py,18,<module>,module,from,models.common.models.llama33_70b.model,LLAMA33_70B_BH_TP4_CLUSTER_TYPES,,models,internal_models_namespace,models.common.models.llama33_70b.model
models,models/common/models/llama33_70b/hf_adaptor.py,18,<module>,module,from,models.common.models.llama33_70b.model,LLAMA33_70B_PERFORMANCE,,models,internal_models_namespace,models.common.models.llama33_70b.model
models,models/common/models/llama33_70b/hf_adaptor.py,18,<module>,module,from,models.common.models.llama33_70b.model,Llama33_70BLayerWeights,,models,internal_models_namespace,models.common.models.llama33_70b.model
models,models/common/models/llama33_70b/hf_adaptor.py,18,<module>,module,from,models.common.models.llama33_70b.model,Llama33_70BModelParameters,,models,internal_models_namespace,models.common.models.llama33_70b.model
models,models/common/models/llama33_70b/hf_adaptor.py,18,<module>,module,from,models.common.models.llama33_70b.model,Llama33_70BPagedAttentionConfig,,models,internal_models_namespace,models.common.models.llama33_70b.model
models,models/common/models/llama33_70b/hf_adaptor.py,18,<module>,module,from,models.common.models.llama33_70b.model,Llama33_70BPrecisionConfig,,models,internal_models_namespace,models.common.models.llama33_70b.model
models,models/common/models/llama33_70b/hf_adaptor.py,18,<module>,module,from,models.common.models.llama33_70b.model,Llama33_70BTransformer1D,,models,internal_models_namespace,models.common.models.llama33_70b.model
models,models/common/models/llama33_70b/hf_adaptor.py,18,<module>,module,from,models.common.models.llama33_70b.model,Llama33_70BWeights,,models,internal_models_namespace,models.common.models.llama33_70b.model
models,models/common/models/llama33_70b/hf_adaptor.py,18,<module>,module,from,models.common.models.llama33_70b.model,_llama33_70b_ccl_topology,,models,internal_models_namespace,models.common.models.llama33_70b.model
models,models/common/models/llama33_70b/hf_adaptor.py,18,<module>,module,from,models.common.models.llama33_70b.model,build_llama33_70b_transformer_1d_config,,models,internal_models_namespace,models.common.models.llama33_70b.model
models,models/common/models/llama33_70b/model.py,26,<module>,module,from,__future__,annotations,,__future__,stdlib,
models,models/common/models/llama33_70b/model.py,28,<module>,module,import,math,,,math,stdlib,
models,models/common/models/llama33_70b/model.py,29,<module>,module,import,os,,,os,stdlib,
models,models/common/models/llama33_70b/model.py,30,<module>,module,from,dataclasses,dataclass,,dataclasses,stdlib,
models,models/common/models/llama33_70b/model.py,30,<module>,module,from,dataclasses,field,,dataclasses,stdlib,
models,models/common/models/llama33_70b/model.py,30,<module>,module,from,dataclasses,replace,,dataclasses,stdlib,
models,models/common/models/llama33_70b/model.py,31,<module>,module,from,pathlib,Path,,pathlib,stdlib,
models,models/common/models/llama33_70b/model.py,32,<module>,module,from,typing,Any,,typing,stdlib,
models,models/common/models/llama33_70b/model.py,34,<module>,module,import,torch,,,torch,third_party_base,
models,models/common/models/llama33_70b/model.py,36,<module>,module,import,ttnn,,,ttnn,third_party_base,
models,models/common/models/llama33_70b/model.py,37,<module>,module,from,models.common.lightweightmodule,LightweightModule,,models,external_models_tt_metal,
models,models/common/models/llama33_70b/model.py,38,<module>,module,from,models.common.modules.attention.attention_1d,Attention1D,,models,internal_models_namespace,models.common.modules.attention.attention_1d
models,models/common/models/llama33_70b/model.py,38,<module>,module,from,models.common.modules.attention.attention_1d,Attention1DConfig,,models,internal_models_namespace,models.common.modules.attention.attention_1d
models,models/common/models/llama33_70b/model.py,38,<module>,module,from,models.common.modules.attention.attention_1d,_dram_matmul_config,,models,internal_models_namespace,models.common.modules.attention.attention_1d
models,models/common/models/llama33_70b/model.py,38,<module>,module,from,models.common.modules.attention.attention_1d,_dram_shard_core_grid,,models,internal_models_namespace,models.common.modules.attention.attention_1d
models,models/common/models/llama33_70b/model.py,44,<module>,module,from,models.common.modules.embedding.embedding_1d,Embedding1D,,models,internal_models_namespace,models.common.modules.embedding.embedding_1d
models,models/common/models/llama33_70b/model.py,44,<module>,module,from,models.common.modules.embedding.embedding_1d,Embedding1DConfig,,models,internal_models_namespace,models.common.modules.embedding.embedding_1d
models,models/common/models/llama33_70b/model.py,45,<module>,module,from,models.common.modules.lazy_weight,LazyWeight,,models,internal_models_namespace,models.common.modules.lazy_weight
models,models/common/models/llama33_70b/model.py,46,<module>,module,from,models.common.modules.lm_head.lm_head_1d,LMHead1D,,models,internal_models_namespace,models.common.modules.lm_head.lm_head_1d
models,models/common/models/llama33_70b/model.py,46,<module>,module,from,models.common.modules.lm_head.lm_head_1d,LMHead1DConfig,,models,internal_models_namespace,models.common.modules.lm_head.lm_head_1d
models,models/common/models/llama33_70b/model.py,46,<module>,module,from,models.common.modules.lm_head.lm_head_1d,_nearest_32,,models,internal_models_namespace,models.common.modules.lm_head.lm_head_1d
models,models/common/models/llama33_70b/model.py,47,<module>,module,from,models.common.modules.mlp.mlp_1d,MLP1D,,models,internal_models_namespace,models.common.modules.mlp.mlp_1d
models,models/common/models/llama33_70b/model.py,47,<module>,module,from,models.common.modules.mlp.mlp_1d,MLP1DConfig,,models,internal_models_namespace,models.common.modules.mlp.mlp_1d
models,models/common/models/llama33_70b/model.py,47,<module>,module,from,models.common.modules.mlp.mlp_1d,_dram_shard_core_grid_k_n,,models,internal_models_namespace,models.common.modules.mlp.mlp_1d
models,models/common/models/llama33_70b/model.py,47,<module>,module,from,models.common.modules.mlp.mlp_1d,_find_prefill_grid,,models,internal_models_namespace,models.common.modules.mlp.mlp_1d
models,models/common/models/llama33_70b/model.py,48,<module>,module,from,models.common.modules.rmsnorm.rmsnorm_1d,RMSNorm1D,,models,internal_models_namespace,models.common.modules.rmsnorm.rmsnorm_1d
models,models/common/models/llama33_70b/model.py,48,<module>,module,from,models.common.modules.rmsnorm.rmsnorm_1d,RMSNorm1DConfig,,models,internal_models_namespace,models.common.modules.rmsnorm.rmsnorm_1d
models,models/common/models/llama33_70b/model.py,48,<module>,module,from,models.common.modules.rmsnorm.rmsnorm_1d,_create_sharded_norm_program_config,,models,internal_models_namespace,models.common.modules.rmsnorm.rmsnorm_1d
models,models/common/models/llama33_70b/model.py,49,<module>,module,from,models.common.modules.rope.rope_1d,Rope1DConfig,,models,internal_models_namespace,models.common.modules.rope.rope_1d
models,models/common/models/llama33_70b/model.py,49,<module>,module,from,models.common.modules.rope.rope_1d,RotarySetup1D,,models,internal_models_namespace,models.common.modules.rope.rope_1d
models,models/common/models/llama33_70b/model.py,50,<module>,module,from,models.common.modules.sampling.sampling_1d,Sampling1D,,models,internal_models_namespace,models.common.modules.sampling.sampling_1d
models,models/common/models/llama33_70b/model.py,50,<module>,module,from,models.common.modules.sampling.sampling_1d,Sampling1DConfig,,models,internal_models_namespace,models.common.modules.sampling.sampling_1d
models,models/common/models/llama33_70b/model.py,51,<module>,module,from,models.common.modules.tt_ccl,get_tt_ccl,,models,internal_models_namespace,models.common.modules.tt_ccl
models,models/common/models/llama33_70b/model.py,52,<module>,module,from,models.common.tensor_utils,TILE_SIZE,,models,external_models_tt_metal,
models,models/common/models/llama33_70b/model.py,52,<module>,module,from,models.common.tensor_utils,get_padded_hidden_dim,,models,external_models_tt_metal,
models,models/common/models/llama33_70b/model.py,962,Llama33_70BTransformer1D.__init__,nested,from,tqdm,tqdm,,tqdm,third_party_optional,
models,models/common/models/llama33_70b/weight_utils.py,14,<module>,module,from,__future__,annotations,,__future__,stdlib,
models,models/common/models/llama33_70b/weight_utils.py,16,<module>,module,import,math,,,math,stdlib,
models,models/common/models/llama33_70b/weight_utils.py,17,<module>,module,from,pathlib,Path,,pathlib,stdlib,
models,models/common/models/llama33_70b/weight_utils.py,18,<module>,module,from,typing,Any,,typing,stdlib,
models,models/common/models/llama33_70b/weight_utils.py,20,<module>,module,import,torch,,,torch,third_party_base,
models,models/common/models/llama33_70b/weight_utils.py,22,<module>,module,import,ttnn,,,ttnn,third_party_base,
models,models/common/models/llama33_70b/weight_utils.py,23,<module>,module,from,models.common.modules.lazy_weight,LazyWeight,,models,internal_models_namespace,models.common.modules.lazy_weight
models,models/common/models/llama3_8b/executor.py,6,<module>,module,from,models.common.models.llama3_8b.hf_adaptor,Llama3ForCausalLM,,models,internal_models_namespace,models.common.models.llama3_8b.hf_adaptor
models,models/common/models/llama3_8b/executor.py,7,<module>,module,from,models.common.models.llama3_executor,Llama3Executor,,models,internal_models_namespace,models.common.models.llama3_executor
models,models/common/models/llama3_8b/executor.py,7,<module>,module,from,models.common.models.llama3_executor,Llama3ExecutorConfig,,models,internal_models_namespace,models.common.models.llama3_executor
models,models/common/models/llama3_8b/generator.py,6,<module>,module,from,__future__,annotations,,__future__,stdlib,
models,models/common/models/llama3_8b/generator.py,8,<module>,module,from,collections.abc,Sequence,,collections,stdlib,
models,models/common/models/llama3_8b/generator.py,9,<module>,module,from,dataclasses,dataclass,,dataclasses,stdlib,
models,models/common/models/llama3_8b/generator.py,10,<module>,module,from,typing,Any,,typing,stdlib,
models,models/common/models/llama3_8b/generator.py,12,<module>,module,import,torch,,,torch,third_party_base,
models,models/common/models/llama3_8b/generator.py,14,<module>,module,import,ttnn,,,ttnn,third_party_base,
models,models/common/models/llama3_8b/generator.py,15,<module>,module,from,models.common.llm_runtime.config,PagedKVCacheConfig,,models,internal_models_namespace,models.common.llm_runtime.config
models,models/common/models/llama3_8b/generator.py,15,<module>,module,from,models.common.llm_runtime.config,TraceConfig,,models,internal_models_namespace,models.common.llm_runtime.config
models,models/common/models/llama3_8b/generator.py,15,<module>,module,from,models.common.llm_runtime.config,TraceMode,,models,internal_models_namespace,models.common.llm_runtime.config
models,models/common/models/llama3_8b/generator.py,15,<module>,module,from,models.common.llm_runtime.config,WarmupConfig,,models,internal_models_namespace,models.common.llm_runtime.config
models,models/common/models/llama3_8b/generator.py,16,<module>,module,from,models.common.llm_runtime.lane_group,LaneGroupExecutor,,models,internal_models_namespace,models.common.llm_runtime.lane_group
models,models/common/models/llama3_8b/generator.py,17,<module>,module,from,models.common.llm_runtime.vllm_adapter,NormalizedPrefillKwargs,,models,internal_models_namespace,models.common.llm_runtime.vllm_adapter
models,models/common/models/llama3_8b/generator.py,17,<module>,module,from,models.common.llm_runtime.vllm_adapter,VLLMAdapter,,models,internal_models_namespace,models.common.llm_runtime.vllm_adapter
models,models/common/models/llama3_8b/generator.py,17,<module>,module,from,models.common.llm_runtime.vllm_adapter,VLLMAdapterConfig,,models,internal_models_namespace,models.common.llm_runtime.vllm_adapter
models,models/common/models/llama3_8b/generator.py,18,<module>,module,from,models.common.models.llama3_8b.executor,Llama3ExecutorConfig,,models,internal_models_namespace,models.common.models.llama3_8b.executor
models,models/common/models/llama3_8b/generator.py,18,<module>,module,from,models.common.models.llama3_8b.executor,build_llama3_executor,,models,internal_models_namespace,models.common.models.llama3_8b.executor
models,models/common/models/llama3_8b/generator.py,19,<module>,module,from,models.common.models.llama3_8b.hf_adaptor,from_pretrained,,models,internal_models_namespace,models.common.models.llama3_8b.hf_adaptor
models,models/common/models/llama3_8b/generator.py,20,<module>,module,from,models.common.models.llama3_8b.model,Llama31_8BPagedAttentionConfig,,models,internal_models_namespace,models.common.models.llama3_8b.model
models,models/common/models/llama3_8b/generator.py,461,_create_submeshes,nested,from,models.tt_transformers.tt.generator,create_submeshes,,models,external_models_tttv1,
models,models/common/models/llama3_8b/hf_adaptor.py,6,<module>,module,from,__future__,annotations,,__future__,stdlib,
models,models/common/models/llama3_8b/hf_adaptor.py,8,<module>,module,import,errno,,,errno,stdlib,
models,models/common/models/llama3_8b/hf_adaptor.py,9,<module>,module,import,math,,,math,stdlib,
models,models/common/models/llama3_8b/hf_adaptor.py,10,<module>,module,import,os,,,os,stdlib,
models,models/common/models/llama3_8b/hf_adaptor.py,11,<module>,module,import,re,,,re,stdlib,
models,models/common/models/llama3_8b/hf_adaptor.py,12,<module>,module,from,dataclasses,dataclass,,dataclasses,stdlib,
models,models/common/models/llama3_8b/hf_adaptor.py,12,<module>,module,from,dataclasses,field,,dataclasses,stdlib,
models,models/common/models/llama3_8b/hf_adaptor.py,13,<module>,module,from,pathlib,Path,,pathlib,stdlib,
models,models/common/models/llama3_8b/hf_adaptor.py,15,<module>,module,import,torch,,,torch,third_party_base,
models,models/common/models/llama3_8b/hf_adaptor.py,16,<module>,module,from,loguru,logger,,loguru,third_party_base,
models,models/common/models/llama3_8b/hf_adaptor.py,17,<module>,module,from,transformers,AutoConfig,,transformers,third_party_optional,
models,models/common/models/llama3_8b/hf_adaptor.py,17,<module>,module,from,transformers,AutoModelForCausalLM,,transformers,third_party_optional,
models,models/common/models/llama3_8b/hf_adaptor.py,17,<module>,module,from,transformers,AutoTokenizer,,transformers,third_party_optional,
models,models/common/models/llama3_8b/hf_adaptor.py,19,<module>,module,import,ttnn,,,ttnn,third_party_base,
models,models/common/models/llama3_8b/hf_adaptor.py,20,<module>,module,from,models.common.device_utils,get_device_name,,models,external_models_tt_metal,
models,models/common/models/llama3_8b/hf_adaptor.py,21,<module>,module,from,models.common.tensor_utils,nearest_multiple,,models,external_models_tt_metal,
models,models/common/models/llama3_8b/hf_adaptor.py,468,from_pretrained,nested,from,models.common.models.llama3_8b.model,Llama3Transformer1D,,models,internal_models_namespace,models.common.models.llama3_8b.model
models,models/common/models/llama3_8b/hf_adaptor.py,468,from_pretrained,nested,from,models.common.models.llama3_8b.model,build_llama3_transformer_1d_config,,models,internal_models_namespace,models.common.models.llama3_8b.model
models,models/common/models/llama3_8b/model.py,29,<module>,module,import,math,,,math,stdlib,
models,models/common/models/llama3_8b/model.py,30,<module>,module,import,os,,,os,stdlib,
models,models/common/models/llama3_8b/model.py,31,<module>,module,from,dataclasses,dataclass,,dataclasses,stdlib,
models,models/common/models/llama3_8b/model.py,31,<module>,module,from,dataclasses,field,,dataclasses,stdlib,
models,models/common/models/llama3_8b/model.py,31,<module>,module,from,dataclasses,replace,,dataclasses,stdlib,
models,models/common/models/llama3_8b/model.py,32,<module>,module,from,pathlib,Path,,pathlib,stdlib,
models,models/common/models/llama3_8b/model.py,34,<module>,module,import,torch,,,torch,third_party_base,
models,models/common/models/llama3_8b/model.py,36,<module>,module,import,ttnn,,,ttnn,third_party_base,
models,models/common/models/llama3_8b/model.py,37,<module>,module,from,models.common.device_utils,get_device_name,,models,external_models_tt_metal,
models,models/common/models/llama3_8b/model.py,38,<module>,module,from,models.common.lightweightmodule,LightweightModule,,models,external_models_tt_metal,
models,models/common/models/llama3_8b/model.py,39,<module>,module,from,models.common.modules.attention.attention_1d,Attention1D,,models,internal_models_namespace,models.common.modules.attention.attention_1d
models,models/common/models/llama3_8b/model.py,39,<module>,module,from,models.common.modules.attention.attention_1d,Attention1DConfig,,models,internal_models_namespace,models.common.modules.attention.attention_1d
models,models/common/models/llama3_8b/model.py,40,<module>,module,from,models.common.modules.embedding.embedding_1d,Embedding1D,,models,internal_models_namespace,models.common.modules.embedding.embedding_1d
models,models/common/models/llama3_8b/model.py,40,<module>,module,from,models.common.modules.embedding.embedding_1d,Embedding1DConfig,,models,internal_models_namespace,models.common.modules.embedding.embedding_1d
models,models/common/models/llama3_8b/model.py,41,<module>,module,from,models.common.modules.lazy_weight,LazyWeight,CommonLazyWeight,models,internal_models_namespace,models.common.modules.lazy_weight
models,models/common/models/llama3_8b/model.py,42,<module>,module,from,models.common.modules.lm_head.lm_head_1d,LMHead1D,,models,internal_models_namespace,models.common.modules.lm_head.lm_head_1d
models,models/common/models/llama3_8b/model.py,42,<module>,module,from,models.common.modules.lm_head.lm_head_1d,LMHead1DConfig,,models,internal_models_namespace,models.common.modules.lm_head.lm_head_1d
models,models/common/models/llama3_8b/model.py,42,<module>,module,from,models.common.modules.lm_head.lm_head_1d,_compute_kernel_config_hifi2,,models,internal_models_namespace,models.common.modules.lm_head.lm_head_1d
models,models/common/models/llama3_8b/model.py,43,<module>,module,from,models.common.modules.mlp.mlp_1d,MLP1D,,models,internal_models_namespace,models.common.modules.mlp.mlp_1d
models,models/common/models/llama3_8b/model.py,43,<module>,module,from,models.common.modules.mlp.mlp_1d,MLP1DConfig,,models,internal_models_namespace,models.common.modules.mlp.mlp_1d
models,models/common/models/llama3_8b/model.py,43,<module>,module,from,models.common.modules.mlp.mlp_1d,_create_dram_sharded_mem_config,,models,internal_models_namespace,models.common.modules.mlp.mlp_1d
models,models/common/models/llama3_8b/model.py,44,<module>,module,from,models.common.modules.rmsnorm.rmsnorm_1d,RMSNorm1D,,models,internal_models_namespace,models.common.modules.rmsnorm.rmsnorm_1d
models,models/common/models/llama3_8b/model.py,44,<module>,module,from,models.common.modules.rmsnorm.rmsnorm_1d,RMSNorm1DConfig,,models,internal_models_namespace,models.common.modules.rmsnorm.rmsnorm_1d
models,models/common/models/llama3_8b/model.py,44,<module>,module,from,models.common.modules.rmsnorm.rmsnorm_1d,SHARD_HEIGHT,,models,internal_models_namespace,models.common.modules.rmsnorm.rmsnorm_1d
models,models/common/models/llama3_8b/model.py,45,<module>,module,from,models.common.modules.rope.rope_1d,Rope1DConfig,,models,internal_models_namespace,models.common.modules.rope.rope_1d
models,models/common/models/llama3_8b/model.py,45,<module>,module,from,models.common.modules.rope.rope_1d,RotarySetup1D,,models,internal_models_namespace,models.common.modules.rope.rope_1d
models,models/common/models/llama3_8b/model.py,46,<module>,module,from,models.common.modules.sampling.sampling_1d,Sampling1D,,models,internal_models_namespace,models.common.modules.sampling.sampling_1d
models,models/common/models/llama3_8b/model.py,46,<module>,module,from,models.common.modules.sampling.sampling_1d,Sampling1DConfig,,models,internal_models_namespace,models.common.modules.sampling.sampling_1d
models,models/common/models/llama3_8b/model.py,47,<module>,module,from,models.common.modules.tt_ccl,TT_CCL,,models,internal_models_namespace,models.common.modules.tt_ccl
models,models/common/models/llama3_8b/model.py,47,<module>,module,from,models.common.modules.tt_ccl,default_topology,,models,internal_models_namespace,models.common.modules.tt_ccl
models,models/common/models/llama3_8b/model.py,47,<module>,module,from,models.common.modules.tt_ccl,get_tt_ccl,,models,internal_models_namespace,models.common.modules.tt_ccl
models,models/common/models/llama3_8b/model.py,48,<module>,module,from,models.common.tensor_utils,TILE_SIZE,,models,external_models_tt_metal,
models,models/common/models/llama3_8b/model.py,48,<module>,module,from,models.common.tensor_utils,get_out_subblock_w,,models,external_models_tt_metal,
models,models/common/models/llama3_8b/model.py,48,<module>,module,from,models.common.tensor_utils,nearest_32,,models,external_models_tt_metal,
models,models/common/models/llama3_8b/model.py,48,<module>,module,from,models.common.tensor_utils,num_to_core_range_set,,models,external_models_tt_metal,
models,models/common/models/llama3_8b/model.py,48,<module>,module,from,models.common.tensor_utils,pad_dim_to_size,,models,external_models_tt_metal,
models,models/common/models/llama3_8b/model.py,563,Llama3Transformer1D.__init__,nested,from,tqdm,tqdm,,tqdm,third_party_optional,
models,models/common/models/llama3_executor.py,12,<module>,module,from,__future__,annotations,,__future__,stdlib,
models,models/common/models/llama3_executor.py,14,<module>,module,from,dataclasses,dataclass,,dataclasses,stdlib,
models,models/common/models/llama3_executor.py,15,<module>,module,from,functools,wraps,,functools,stdlib,
models,models/common/models/llama3_executor.py,16,<module>,module,from,typing,Any,,typing,stdlib,
models,models/common/models/llama3_executor.py,16,<module>,module,from,typing,Callable,,typing,stdlib,
models,models/common/models/llama3_executor.py,16,<module>,module,from,typing,Sequence,,typing,stdlib,
models,models/common/models/llama3_executor.py,18,<module>,module,import,torch,,,torch,third_party_base,
models,models/common/models/llama3_executor.py,20,<module>,module,from,models.common.llm_runtime.config,PagedKVCacheConfig,,models,internal_models_namespace,models.common.llm_runtime.config
models,models/common/models/llama3_executor.py,21,<module>,module,from,models.common.llm_runtime.execution,EagerExecutor,,models,internal_models_namespace,models.common.llm_runtime.execution
models,models/common/models/llama3_executor.py,21,<module>,module,from,models.common.llm_runtime.execution,TracedExecutor,,models,internal_models_namespace,models.common.llm_runtime.execution
models,models/common/models/llama3_executor.py,22,<module>,module,from,models.common.models.executor,ModelExecutor,,models,internal_models_namespace,models.common.models.executor
models,models/common/models/llama3_executor.py,22,<module>,module,from,models.common.models.executor,ModelExecutorConfig,,models,internal_models_namespace,models.common.models.executor
models,models/common/models/llama3_executor.py,23,<module>,module,from,models.common.modules.sampling.sampling_1d,Sampling1D,,models,internal_models_namespace,models.common.modules.sampling.sampling_1d
models,models/common/models/llama3_executor.py,24,<module>,module,from,models.common.modules.sampling.sampling_state_1d,SamplingState1D,,models,internal_models_namespace,models.common.modules.sampling.sampling_state_1d
models,models/common/models/llama3_executor.py,25,<module>,module,from,models.common.sampling,SamplingParams,,models,external_models_tt_metal,
models,models/common/models/mistral_7b/__init__.py,4,<module>,module,from,models.common.models.mistral_7b.executor,Mistral7BExecutor,,models,internal_models_namespace,models.common.models.mistral_7b.executor
models,models/common/models/mistral_7b/__init__.py,4,<module>,module,from,models.common.models.mistral_7b.executor,Mistral7BExecutorConfig,,models,internal_models_namespace,models.common.models.mistral_7b.executor
models,models/common/models/mistral_7b/__init__.py,4,<module>,module,from,models.common.models.mistral_7b.executor,build_mistral_7b_executor,,models,internal_models_namespace,models.common.models.mistral_7b.executor
models,models/common/models/mistral_7b/__init__.py,9,<module>,module,from,models.common.models.mistral_7b.generator,Mistral7BGenerator,,models,internal_models_namespace,models.common.models.mistral_7b.generator
models,models/common/models/mistral_7b/__init__.py,9,<module>,module,from,models.common.models.mistral_7b.generator,Mistral7BGeneratorConfig,,models,internal_models_namespace,models.common.models.mistral_7b.generator
models,models/common/models/mistral_7b/__init__.py,9,<module>,module,from,models.common.models.mistral_7b.generator,build_mistral_7b_generator,,models,internal_models_namespace,models.common.models.mistral_7b.generator
models,models/common/models/mistral_7b/__init__.py,14,<module>,module,from,models.common.models.mistral_7b.hf_adaptor,Mistral7BForCausalLM,,models,internal_models_namespace,models.common.models.mistral_7b.hf_adaptor
models,models/common/models/mistral_7b/__init__.py,14,<module>,module,from,models.common.models.mistral_7b.hf_adaptor,Mistral7BRuntimeConfig,,models,internal_models_namespace,models.common.models.mistral_7b.hf_adaptor
models,models/common/models/mistral_7b/__init__.py,18,<module>,module,from,models.common.models.mistral_7b.model,MISTRAL_ACCURACY,,models,internal_models_namespace,models.common.models.mistral_7b.model
models,models/common/models/mistral_7b/__init__.py,18,<module>,module,from,models.common.models.mistral_7b.model,MISTRAL_PERFORMANCE,,models,internal_models_namespace,models.common.models.mistral_7b.model
models,models/common/models/mistral_7b/__init__.py,18,<module>,module,from,models.common.models.mistral_7b.model,Mistral7B,,models,internal_models_namespace,models.common.models.mistral_7b.model
models,models/common/models/mistral_7b/__init__.py,18,<module>,module,from,models.common.models.mistral_7b.model,Mistral7BPagedAttentionConfig,,models,internal_models_namespace,models.common.models.mistral_7b.model
models,models/common/models/mistral_7b/__init__.py,18,<module>,module,from,models.common.models.mistral_7b.model,Mistral7BPrecisionConfig,,models,internal_models_namespace,models.common.models.mistral_7b.model
models,models/common/models/mistral_7b/__init__.py,18,<module>,module,from,models.common.models.mistral_7b.model,Mistral7BTransformerConfig,,models,internal_models_namespace,models.common.models.mistral_7b.model
models,models/common/models/mistral_7b/__init__.py,18,<module>,module,from,models.common.models.mistral_7b.model,build_mistral_7b_transformer_config,,models,internal_models_namespace,models.common.models.mistral_7b.model
models,models/common/models/mistral_7b/executor.py,6,<module>,module,from,__future__,annotations,,__future__,stdlib,
models,models/common/models/mistral_7b/executor.py,8,<module>,module,from,dataclasses,dataclass,,dataclasses,stdlib,
models,models/common/models/mistral_7b/executor.py,8,<module>,module,from,dataclasses,replace,,dataclasses,stdlib,
models,models/common/models/mistral_7b/executor.py,9,<module>,module,from,typing,Any,,typing,stdlib,
models,models/common/models/mistral_7b/executor.py,9,<module>,module,from,typing,Sequence,,typing,stdlib,
models,models/common/models/mistral_7b/executor.py,11,<module>,module,import,torch,,,torch,third_party_base,
models,models/common/models/mistral_7b/executor.py,13,<module>,module,from,models.common.llm_runtime.config,PageTableLayout,,models,internal_models_namespace,models.common.llm_runtime.config
models,models/common/models/mistral_7b/executor.py,13,<module>,module,from,models.common.llm_runtime.config,PagedKVCacheConfig,,models,internal_models_namespace,models.common.llm_runtime.config
models,models/common/models/mistral_7b/executor.py,13,<module>,module,from,models.common.llm_runtime.config,TraceConfig,,models,internal_models_namespace,models.common.llm_runtime.config
models,models/common/models/mistral_7b/executor.py,13,<module>,module,from,models.common.llm_runtime.config,WarmupConfig,,models,internal_models_namespace,models.common.llm_runtime.config
models,models/common/models/mistral_7b/executor.py,14,<module>,module,from,models.common.llm_runtime.decode,DecodeRuntime,,models,internal_models_namespace,models.common.llm_runtime.decode
models,models/common/models/mistral_7b/executor.py,14,<module>,module,from,models.common.llm_runtime.decode,DecodeRuntimeConfig,,models,internal_models_namespace,models.common.llm_runtime.decode
models,models/common/models/mistral_7b/executor.py,15,<module>,module,from,models.common.llm_runtime.execution,EagerExecutor,,models,internal_models_namespace,models.common.llm_runtime.execution
models,models/common/models/mistral_7b/executor.py,15,<module>,module,from,models.common.llm_runtime.execution,TracedExecutor,,models,internal_models_namespace,models.common.llm_runtime.execution
models,models/common/models/mistral_7b/executor.py,16,<module>,module,from,models.common.llm_runtime.output_reader,OutputReader,,models,internal_models_namespace,models.common.llm_runtime.output_reader
models,models/common/models/mistral_7b/executor.py,17,<module>,module,from,models.common.llm_runtime.paged_kv_cache,PagedKVCacheManager,,models,internal_models_namespace,models.common.llm_runtime.paged_kv_cache
models,models/common/models/mistral_7b/executor.py,18,<module>,module,from,models.common.llm_runtime.prefill.config,PrefillRuntimeConfig,,models,internal_models_namespace,models.common.llm_runtime.prefill.config
models,models/common/models/mistral_7b/executor.py,19,<module>,module,from,models.common.llm_runtime.prefill.runtime,PrefillRuntime,,models,internal_models_namespace,models.common.llm_runtime.prefill.runtime
models,models/common/models/mistral_7b/executor.py,20,<module>,module,from,models.common.llm_runtime.program_compiler,ProgramCompiler,,models,internal_models_namespace,models.common.llm_runtime.program_compiler
models,models/common/models/mistral_7b/executor.py,21,<module>,module,from,models.common.llm_runtime.tensor_resources,attach_cleanup_failures,,models,internal_models_namespace,models.common.llm_runtime.tensor_resources
models,models/common/models/mistral_7b/executor.py,22,<module>,module,from,models.common.llm_runtime.trace_compiler,TraceCompiler,,models,internal_models_namespace,models.common.llm_runtime.trace_compiler
models,models/common/models/mistral_7b/executor.py,23,<module>,module,from,models.common.llm_runtime.warmup,WarmupCoordinator,,models,internal_models_namespace,models.common.llm_runtime.warmup
models,models/common/models/mistral_7b/executor.py,23,<module>,module,from,models.common.llm_runtime.warmup,WarmupCoordinatorConfig,,models,internal_models_namespace,models.common.llm_runtime.warmup
models,models/common/models/mistral_7b/executor.py,24,<module>,module,from,models.common.models.mistral_7b.hf_adaptor,Mistral7BForCausalLM,,models,internal_models_namespace,models.common.models.mistral_7b.hf_adaptor
models,models/common/models/mistral_7b/executor.py,25,<module>,module,from,models.common.modules.sampling.sampling_1d,Sampling1D,,models,internal_models_namespace,models.common.modules.sampling.sampling_1d
models,models/common/models/mistral_7b/executor.py,26,<module>,module,from,models.common.sampling,SamplingParams,,models,external_models_tt_metal,
models,models/common/models/mistral_7b/generator.py,6,<module>,module,from,__future__,annotations,,__future__,stdlib,
models,models/common/models/mistral_7b/generator.py,8,<module>,module,from,collections.abc,Sequence,,collections,stdlib,
models,models/common/models/mistral_7b/generator.py,9,<module>,module,from,dataclasses,dataclass,,dataclasses,stdlib,
models,models/common/models/mistral_7b/generator.py,10,<module>,module,from,typing,Any,,typing,stdlib,
models,models/common/models/mistral_7b/generator.py,12,<module>,module,import,torch,,,torch,third_party_base,
models,models/common/models/mistral_7b/generator.py,14,<module>,module,import,ttnn,,,ttnn,third_party_base,
models,models/common/models/mistral_7b/generator.py,15,<module>,module,from,models.common.llm_runtime.config,PagedKVCacheConfig,,models,internal_models_namespace,models.common.llm_runtime.config
models,models/common/models/mistral_7b/generator.py,15,<module>,module,from,models.common.llm_runtime.config,TraceConfig,,models,internal_models_namespace,models.common.llm_runtime.config
models,models/common/models/mistral_7b/generator.py,15,<module>,module,from,models.common.llm_runtime.config,TraceMode,,models,internal_models_namespace,models.common.llm_runtime.config
models,models/common/models/mistral_7b/generator.py,15,<module>,module,from,models.common.llm_runtime.config,WarmupConfig,,models,internal_models_namespace,models.common.llm_runtime.config
models,models/common/models/mistral_7b/generator.py,16,<module>,module,from,models.common.llm_runtime.lane_group,LaneGroupExecutor,,models,internal_models_namespace,models.common.llm_runtime.lane_group
models,models/common/models/mistral_7b/generator.py,17,<module>,module,from,models.common.llm_runtime.vllm_adapter,NormalizedPrefillKwargs,,models,internal_models_namespace,models.common.llm_runtime.vllm_adapter
models,models/common/models/mistral_7b/generator.py,17,<module>,module,from,models.common.llm_runtime.vllm_adapter,VLLMAdapter,,models,internal_models_namespace,models.common.llm_runtime.vllm_adapter
models,models/common/models/mistral_7b/generator.py,17,<module>,module,from,models.common.llm_runtime.vllm_adapter,VLLMAdapterConfig,,models,internal_models_namespace,models.common.llm_runtime.vllm_adapter
models,models/common/models/mistral_7b/generator.py,18,<module>,module,from,models.common.models.mistral_7b.executor,Mistral7BExecutorConfig,,models,internal_models_namespace,models.common.models.mistral_7b.executor
models,models/common/models/mistral_7b/generator.py,18,<module>,module,from,models.common.models.mistral_7b.executor,build_mistral_7b_executor,,models,internal_models_namespace,models.common.models.mistral_7b.executor
models,models/common/models/mistral_7b/generator.py,19,<module>,module,from,models.common.models.mistral_7b.hf_adaptor,from_pretrained,,models,internal_models_namespace,models.common.models.mistral_7b.hf_adaptor
models,models/common/models/mistral_7b/generator.py,20,<module>,module,from,models.common.models.mistral_7b.model,Mistral7BPagedAttentionConfig,,models,internal_models_namespace,models.common.models.mistral_7b.model
models,models/common/models/mistral_7b/generator.py,463,_create_submeshes,nested,from,models.tt_transformers.tt.generator,create_submeshes,,models,external_models_tttv1,
models,models/common/models/mistral_7b/hf_adaptor.py,6,<module>,module,from,__future__,annotations,,__future__,stdlib,
models,models/common/models/mistral_7b/hf_adaptor.py,8,<module>,module,import,math,,,math,stdlib,
models,models/common/models/mistral_7b/hf_adaptor.py,9,<module>,module,import,os,,,os,stdlib,
models,models/common/models/mistral_7b/hf_adaptor.py,10,<module>,module,from,dataclasses,dataclass,,dataclasses,stdlib,
models,models/common/models/mistral_7b/hf_adaptor.py,10,<module>,module,from,dataclasses,field,,dataclasses,stdlib,
models,models/common/models/mistral_7b/hf_adaptor.py,11,<module>,module,from,pathlib,Path,,pathlib,stdlib,
models,models/common/models/mistral_7b/hf_adaptor.py,12,<module>,module,from,typing,Any,,typing,stdlib,
models,models/common/models/mistral_7b/hf_adaptor.py,14,<module>,module,import,torch,,,torch,third_party_base,
models,models/common/models/mistral_7b/hf_adaptor.py,15,<module>,module,from,transformers,AutoConfig,,transformers,third_party_optional,
models,models/common/models/mistral_7b/hf_adaptor.py,15,<module>,module,from,transformers,AutoModelForCausalLM,,transformers,third_party_optional,
models,models/common/models/mistral_7b/hf_adaptor.py,15,<module>,module,from,transformers,AutoTokenizer,,transformers,third_party_optional,
models,models/common/models/mistral_7b/hf_adaptor.py,17,<module>,module,import,ttnn,,,ttnn,third_party_base,
models,models/common/models/mistral_7b/hf_adaptor.py,18,<module>,module,from,models.common.models.mistral_7b,weight_utils,,models,internal_models_namespace,models.common.models.mistral_7b
models,models/common/models/mistral_7b/hf_adaptor.py,19,<module>,module,from,models.common.models.mistral_7b.model,MISTRAL_ACCURACY,,models,internal_models_namespace,models.common.models.mistral_7b.model
models,models/common/models/mistral_7b/hf_adaptor.py,19,<module>,module,from,models.common.models.mistral_7b.model,MISTRAL_PERFORMANCE,,models,internal_models_namespace,models.common.models.mistral_7b.model
models,models/common/models/mistral_7b/hf_adaptor.py,19,<module>,module,from,models.common.models.mistral_7b.model,Mistral7B,,models,internal_models_namespace,models.common.models.mistral_7b.model
models,models/common/models/mistral_7b/hf_adaptor.py,19,<module>,module,from,models.common.models.mistral_7b.model,Mistral7BLayerWeights,,models,internal_models_namespace,models.common.models.mistral_7b.model
models,models/common/models/mistral_7b/hf_adaptor.py,19,<module>,module,from,models.common.models.mistral_7b.model,Mistral7BModelParameters,,models,internal_models_namespace,models.common.models.mistral_7b.model
models,models/common/models/mistral_7b/hf_adaptor.py,19,<module>,module,from,models.common.models.mistral_7b.model,Mistral7BPagedAttentionConfig,,models,internal_models_namespace,models.common.models.mistral_7b.model
models,models/common/models/mistral_7b/hf_adaptor.py,19,<module>,module,from,models.common.models.mistral_7b.model,Mistral7BPrecisionConfig,,models,internal_models_namespace,models.common.models.mistral_7b.model
models,models/common/models/mistral_7b/hf_adaptor.py,19,<module>,module,from,models.common.models.mistral_7b.model,Mistral7BWeights,,models,internal_models_namespace,models.common.models.mistral_7b.model
models,models/common/models/mistral_7b/hf_adaptor.py,19,<module>,module,from,models.common.models.mistral_7b.model,build_mistral_7b_transformer_config,,models,internal_models_namespace,models.common.models.mistral_7b.model
models,models/common/models/mistral_7b/model.py,17,<module>,module,from,__future__,annotations,,__future__,stdlib,
models,models/common/models/mistral_7b/model.py,19,<module>,module,import,math,,,math,stdlib,
models,models/common/models/mistral_7b/model.py,20,<module>,module,import,os,,,os,stdlib,
models,models/common/models/mistral_7b/model.py,21,<module>,module,from,dataclasses,dataclass,,dataclasses,stdlib,
models,models/common/models/mistral_7b/model.py,21,<module>,module,from,dataclasses,field,,dataclasses,stdlib,
models,models/common/models/mistral_7b/model.py,21,<module>,module,from,dataclasses,replace,,dataclasses,stdlib,
models,models/common/models/mistral_7b/model.py,22,<module>,module,from,pathlib,Path,,pathlib,stdlib,
models,models/common/models/mistral_7b/model.py,23,<module>,module,from,typing,Any,,typing,stdlib,
models,models/common/models/mistral_7b/model.py,25,<module>,module,import,torch,,,torch,third_party_base,
models,models/common/models/mistral_7b/model.py,26,<module>,module,from,loguru,logger,,loguru,third_party_base,
models,models/common/models/mistral_7b/model.py,28,<module>,module,import,ttnn,,,ttnn,third_party_base,
models,models/common/models/mistral_7b/model.py,29,<module>,module,from,models.common.lightweightmodule,LightweightModule,,models,external_models_tt_metal,
models,models/common/models/mistral_7b/model.py,30,<module>,module,from,models.common.models.mistral_7b,weight_utils,,models,internal_models_namespace,models.common.models.mistral_7b
models,models/common/models/mistral_7b/model.py,31,<module>,module,from,models.common.modules.attention.attention_1d,Attention1D,,models,internal_models_namespace,models.common.modules.attention.attention_1d
models,models/common/models/mistral_7b/model.py,31,<module>,module,from,models.common.modules.attention.attention_1d,Attention1DConfig,,models,internal_models_namespace,models.common.modules.attention.attention_1d
models,models/common/models/mistral_7b/model.py,31,<module>,module,from,models.common.modules.attention.attention_1d,_dram_matmul_config,,models,internal_models_namespace,models.common.modules.attention.attention_1d
models,models/common/models/mistral_7b/model.py,31,<module>,module,from,models.common.modules.attention.attention_1d,_dram_shard_core_grid,,models,internal_models_namespace,models.common.modules.attention.attention_1d
models,models/common/models/mistral_7b/model.py,37,<module>,module,from,models.common.modules.embedding.embedding_1d,Embedding1D,,models,internal_models_namespace,models.common.modules.embedding.embedding_1d
models,models/common/models/mistral_7b/model.py,37,<module>,module,from,models.common.modules.embedding.embedding_1d,Embedding1DConfig,,models,internal_models_namespace,models.common.modules.embedding.embedding_1d
models,models/common/models/mistral_7b/model.py,38,<module>,module,from,models.common.modules.lazy_weight,LazyWeight,,models,internal_models_namespace,models.common.modules.lazy_weight
models,models/common/models/mistral_7b/model.py,39,<module>,module,from,models.common.modules.lm_head.lm_head_1d,LMHead1D,,models,internal_models_namespace,models.common.modules.lm_head.lm_head_1d
models,models/common/models/mistral_7b/model.py,39,<module>,module,from,models.common.modules.lm_head.lm_head_1d,LMHead1DConfig,,models,internal_models_namespace,models.common.modules.lm_head.lm_head_1d
models,models/common/models/mistral_7b/model.py,39,<module>,module,from,models.common.modules.lm_head.lm_head_1d,_nearest_32,,models,internal_models_namespace,models.common.modules.lm_head.lm_head_1d
models,models/common/models/mistral_7b/model.py,40,<module>,module,from,models.common.modules.mlp.mlp_1d,MLP1D,,models,internal_models_namespace,models.common.modules.mlp.mlp_1d
models,models/common/models/mistral_7b/model.py,40,<module>,module,from,models.common.modules.mlp.mlp_1d,MLP1DConfig,,models,internal_models_namespace,models.common.modules.mlp.mlp_1d
models,models/common/models/mistral_7b/model.py,40,<module>,module,from,models.common.modules.mlp.mlp_1d,_dram_shard_core_grid_k_n,,models,internal_models_namespace,models.common.modules.mlp.mlp_1d
models,models/common/models/mistral_7b/model.py,41,<module>,module,from,models.common.modules.rmsnorm.rmsnorm_1d,RMSNorm1D,,models,internal_models_namespace,models.common.modules.rmsnorm.rmsnorm_1d
models,models/common/models/mistral_7b/model.py,41,<module>,module,from,models.common.modules.rmsnorm.rmsnorm_1d,RMSNorm1DConfig,,models,internal_models_namespace,models.common.modules.rmsnorm.rmsnorm_1d
models,models/common/models/mistral_7b/model.py,41,<module>,module,from,models.common.modules.rmsnorm.rmsnorm_1d,_create_sharded_norm_program_config,,models,internal_models_namespace,models.common.modules.rmsnorm.rmsnorm_1d
models,models/common/models/mistral_7b/model.py,42,<module>,module,from,models.common.modules.rope.rope_1d,Rope1DConfig,,models,internal_models_namespace,models.common.modules.rope.rope_1d
models,models/common/models/mistral_7b/model.py,42,<module>,module,from,models.common.modules.rope.rope_1d,RotarySetup1D,,models,internal_models_namespace,models.common.modules.rope.rope_1d
models,models/common/models/mistral_7b/model.py,43,<module>,module,from,models.common.modules.sampling.sampling_1d,Sampling1D,,models,internal_models_namespace,models.common.modules.sampling.sampling_1d
models,models/common/models/mistral_7b/model.py,43,<module>,module,from,models.common.modules.sampling.sampling_1d,Sampling1DConfig,,models,internal_models_namespace,models.common.modules.sampling.sampling_1d
models,models/common/models/mistral_7b/model.py,44,<module>,module,from,models.common.modules.tt_ccl,default_topology,,models,internal_models_namespace,models.common.modules.tt_ccl
models,models/common/models/mistral_7b/model.py,44,<module>,module,from,models.common.modules.tt_ccl,get_tt_ccl,,models,internal_models_namespace,models.common.modules.tt_ccl
models,models/common/models/mistral_7b/model.py,45,<module>,module,from,models.common.tensor_utils,TILE_SIZE,,models,external_models_tt_metal,
models,models/common/models/mistral_7b/model.py,45,<module>,module,from,models.common.tensor_utils,get_padded_hidden_dim,,models,external_models_tt_metal,
models,models/common/models/mistral_7b/model.py,662,Mistral7B.__init__,nested,from,tqdm,tqdm,,tqdm,third_party_optional,
models,models/common/models/mistral_7b/weight_utils.py,15,<module>,module,from,__future__,annotations,,__future__,stdlib,
models,models/common/models/mistral_7b/weight_utils.py,17,<module>,module,import,math,,,math,stdlib,
models,models/common/models/mistral_7b/weight_utils.py,18,<module>,module,from,pathlib,Path,,pathlib,stdlib,
models,models/common/models/mistral_7b/weight_utils.py,19,<module>,module,from,typing,Any,,typing,stdlib,
models,models/common/models/mistral_7b/weight_utils.py,21,<module>,module,import,torch,,,torch,third_party_base,
models,models/common/models/mistral_7b/weight_utils.py,23,<module>,module,import,ttnn,,,ttnn,third_party_base,
models,models/common/models/mistral_7b/weight_utils.py,24,<module>,module,from,models.common.modules.lazy_weight,LazyWeight,,models,internal_models_namespace,models.common.modules.lazy_weight
models,models/common/models/phi4/__init__.py,4,<module>,module,from,models.common.models.phi4.executor,Phi4Executor,,models,internal_models_namespace,models.common.models.phi4.executor
models,models/common/models/phi4/__init__.py,4,<module>,module,from,models.common.models.phi4.executor,Phi4ExecutorConfig,,models,internal_models_namespace,models.common.models.phi4.executor
models,models/common/models/phi4/__init__.py,4,<module>,module,from,models.common.models.phi4.executor,build_phi4_executor,,models,internal_models_namespace,models.common.models.phi4.executor
models,models/common/models/phi4/__init__.py,5,<module>,module,from,models.common.models.phi4.generator,Phi4Generator,,models,internal_models_namespace,models.common.models.phi4.generator
models,models/common/models/phi4/__init__.py,5,<module>,module,from,models.common.models.phi4.generator,Phi4GeneratorConfig,,models,internal_models_namespace,models.common.models.phi4.generator
models,models/common/models/phi4/__init__.py,5,<module>,module,from,models.common.models.phi4.generator,build_phi4_generator,,models,internal_models_namespace,models.common.models.phi4.generator
models,models/common/models/phi4/__init__.py,6,<module>,module,from,models.common.models.phi4.hf_adaptor,DEFAULT_HF_MODEL,,models,internal_models_namespace,models.common.models.phi4.hf_adaptor
models,models/common/models/phi4/__init__.py,6,<module>,module,from,models.common.models.phi4.hf_adaptor,DEFAULT_HF_REVISION,,models,internal_models_namespace,models.common.models.phi4.hf_adaptor
models,models/common/models/phi4/__init__.py,6,<module>,module,from,models.common.models.phi4.hf_adaptor,Phi4ForCausalLM,,models,internal_models_namespace,models.common.models.phi4.hf_adaptor
models,models/common/models/phi4/__init__.py,6,<module>,module,from,models.common.models.phi4.hf_adaptor,Phi4RuntimeConfig,,models,internal_models_namespace,models.common.models.phi4.hf_adaptor
models,models/common/models/phi4/__init__.py,12,<module>,module,from,models.common.models.phi4.model,PHI4_ACCURACY,,models,internal_models_namespace,models.common.models.phi4.model
models,models/common/models/phi4/__init__.py,12,<module>,module,from,models.common.models.phi4.model,PHI4_PERFORMANCE,,models,internal_models_namespace,models.common.models.phi4.model
models,models/common/models/phi4/__init__.py,12,<module>,module,from,models.common.models.phi4.model,Phi4PagedAttentionConfig,,models,internal_models_namespace,models.common.models.phi4.model
models,models/common/models/phi4/__init__.py,12,<module>,module,from,models.common.models.phi4.model,Phi4PrecisionConfig,,models,internal_models_namespace,models.common.models.phi4.model
models,models/common/models/phi4/__init__.py,12,<module>,module,from,models.common.models.phi4.model,Phi4Transformer,,models,internal_models_namespace,models.common.models.phi4.model
models,models/common/models/phi4/__init__.py,12,<module>,module,from,models.common.models.phi4.model,Phi4TransformerConfig,,models,internal_models_namespace,models.common.models.phi4.model
models,models/common/models/phi4/__init__.py,12,<module>,module,from,models.common.models.phi4.model,build_phi4_transformer_config,,models,internal_models_namespace,models.common.models.phi4.model
models,models/common/models/phi4/executor.py,6,<module>,module,from,__future__,annotations,,__future__,stdlib,
models,models/common/models/phi4/executor.py,8,<module>,module,from,dataclasses,dataclass,,dataclasses,stdlib,
models,models/common/models/phi4/executor.py,8,<module>,module,from,dataclasses,replace,,dataclasses,stdlib,
models,models/common/models/phi4/executor.py,9,<module>,module,from,typing,Any,,typing,stdlib,
models,models/common/models/phi4/executor.py,9,<module>,module,from,typing,Sequence,,typing,stdlib,
models,models/common/models/phi4/executor.py,11,<module>,module,import,torch,,,torch,third_party_base,
models,models/common/models/phi4/executor.py,13,<module>,module,from,models.common.llm_runtime.config,PageTableLayout,,models,internal_models_namespace,models.common.llm_runtime.config
models,models/common/models/phi4/executor.py,13,<module>,module,from,models.common.llm_runtime.config,PagedKVCacheConfig,,models,internal_models_namespace,models.common.llm_runtime.config
models,models/common/models/phi4/executor.py,13,<module>,module,from,models.common.llm_runtime.config,TraceConfig,,models,internal_models_namespace,models.common.llm_runtime.config
models,models/common/models/phi4/executor.py,13,<module>,module,from,models.common.llm_runtime.config,WarmupConfig,,models,internal_models_namespace,models.common.llm_runtime.config
models,models/common/models/phi4/executor.py,14,<module>,module,from,models.common.llm_runtime.decode,DecodeRuntime,,models,internal_models_namespace,models.common.llm_runtime.decode
models,models/common/models/phi4/executor.py,14,<module>,module,from,models.common.llm_runtime.decode,DecodeRuntimeConfig,,models,internal_models_namespace,models.common.llm_runtime.decode
models,models/common/models/phi4/executor.py,15,<module>,module,from,models.common.llm_runtime.execution,EagerExecutor,,models,internal_models_namespace,models.common.llm_runtime.execution
models,models/common/models/phi4/executor.py,15,<module>,module,from,models.common.llm_runtime.execution,TracedExecutor,,models,internal_models_namespace,models.common.llm_runtime.execution
models,models/common/models/phi4/executor.py,16,<module>,module,from,models.common.llm_runtime.output_reader,OutputReader,,models,internal_models_namespace,models.common.llm_runtime.output_reader
models,models/common/models/phi4/executor.py,17,<module>,module,from,models.common.llm_runtime.paged_kv_cache,PagedKVCacheManager,,models,internal_models_namespace,models.common.llm_runtime.paged_kv_cache
models,models/common/models/phi4/executor.py,18,<module>,module,from,models.common.llm_runtime.prefill.config,PrefillRuntimeConfig,,models,internal_models_namespace,models.common.llm_runtime.prefill.config
models,models/common/models/phi4/executor.py,19,<module>,module,from,models.common.llm_runtime.prefill.runtime,PrefillRuntime,,models,internal_models_namespace,models.common.llm_runtime.prefill.runtime
models,models/common/models/phi4/executor.py,20,<module>,module,from,models.common.llm_runtime.program_compiler,ProgramCompiler,,models,internal_models_namespace,models.common.llm_runtime.program_compiler
models,models/common/models/phi4/executor.py,21,<module>,module,from,models.common.llm_runtime.tensor_resources,attach_cleanup_failures,,models,internal_models_namespace,models.common.llm_runtime.tensor_resources
models,models/common/models/phi4/executor.py,22,<module>,module,from,models.common.llm_runtime.trace_compiler,TraceCompiler,,models,internal_models_namespace,models.common.llm_runtime.trace_compiler
models,models/common/models/phi4/executor.py,23,<module>,module,from,models.common.llm_runtime.warmup,WarmupCoordinator,,models,internal_models_namespace,models.common.llm_runtime.warmup
models,models/common/models/phi4/executor.py,23,<module>,module,from,models.common.llm_runtime.warmup,WarmupCoordinatorConfig,,models,internal_models_namespace,models.common.llm_runtime.warmup
models,models/common/models/phi4/executor.py,24,<module>,module,from,models.common.models.phi4.hf_adaptor,Phi4ForCausalLM,,models,internal_models_namespace,models.common.models.phi4.hf_adaptor
models,models/common/models/phi4/executor.py,25,<module>,module,from,models.common.modules.sampling.sampling_1d,Sampling1D,,models,internal_models_namespace,models.common.modules.sampling.sampling_1d
models,models/common/models/phi4/executor.py,26,<module>,module,from,models.common.sampling,SamplingParams,,models,external_models_tt_metal,
models,models/common/models/phi4/generator.py,6,<module>,module,from,__future__,annotations,,__future__,stdlib,
models,models/common/models/phi4/generator.py,8,<module>,module,from,collections.abc,Sequence,,collections,stdlib,
models,models/common/models/phi4/generator.py,9,<module>,module,from,dataclasses,dataclass,,dataclasses,stdlib,
models,models/common/models/phi4/generator.py,10,<module>,module,from,typing,Any,,typing,stdlib,
models,models/common/models/phi4/generator.py,12,<module>,module,import,torch,,,torch,third_party_base,
models,models/common/models/phi4/generator.py,14,<module>,module,import,ttnn,,,ttnn,third_party_base,
models,models/common/models/phi4/generator.py,15,<module>,module,from,models.common.llm_runtime.config,PagedKVCacheConfig,,models,internal_models_namespace,models.common.llm_runtime.config
models,models/common/models/phi4/generator.py,15,<module>,module,from,models.common.llm_runtime.config,TraceConfig,,models,internal_models_namespace,models.common.llm_runtime.config
models,models/common/models/phi4/generator.py,15,<module>,module,from,models.common.llm_runtime.config,TraceMode,,models,internal_models_namespace,models.common.llm_runtime.config
models,models/common/models/phi4/generator.py,15,<module>,module,from,models.common.llm_runtime.config,WarmupConfig,,models,internal_models_namespace,models.common.llm_runtime.config
models,models/common/models/phi4/generator.py,16,<module>,module,from,models.common.llm_runtime.lane_group,LaneGroupExecutor,,models,internal_models_namespace,models.common.llm_runtime.lane_group
models,models/common/models/phi4/generator.py,17,<module>,module,from,models.common.llm_runtime.vllm_adapter,NormalizedPrefillKwargs,,models,internal_models_namespace,models.common.llm_runtime.vllm_adapter
models,models/common/models/phi4/generator.py,17,<module>,module,from,models.common.llm_runtime.vllm_adapter,VLLMAdapter,,models,internal_models_namespace,models.common.llm_runtime.vllm_adapter
models,models/common/models/phi4/generator.py,17,<module>,module,from,models.common.llm_runtime.vllm_adapter,VLLMAdapterConfig,,models,internal_models_namespace,models.common.llm_runtime.vllm_adapter
models,models/common/models/phi4/generator.py,18,<module>,module,from,models.common.models.phi4.executor,Phi4ExecutorConfig,,models,internal_models_namespace,models.common.models.phi4.executor
models,models/common/models/phi4/generator.py,18,<module>,module,from,models.common.models.phi4.executor,build_phi4_executor,,models,internal_models_namespace,models.common.models.phi4.executor
models,models/common/models/phi4/generator.py,19,<module>,module,from,models.common.models.phi4.hf_adaptor,DEFAULT_HF_REVISION,,models,internal_models_namespace,models.common.models.phi4.hf_adaptor
models,models/common/models/phi4/generator.py,19,<module>,module,from,models.common.models.phi4.hf_adaptor,from_pretrained,,models,internal_models_namespace,models.common.models.phi4.hf_adaptor
models,models/common/models/phi4/generator.py,20,<module>,module,from,models.common.models.phi4.model,Phi4PagedAttentionConfig,,models,internal_models_namespace,models.common.models.phi4.model
models,models/common/models/phi4/generator.py,463,_create_submeshes,nested,from,models.tt_transformers.tt.generator,create_submeshes,,models,external_models_tttv1,
models,models/common/models/phi4/hf_adaptor.py,6,<module>,module,from,__future__,annotations,,__future__,stdlib,
models,models/common/models/phi4/hf_adaptor.py,8,<module>,module,import,math,,,math,stdlib,
models,models/common/models/phi4/hf_adaptor.py,9,<module>,module,import,os,,,os,stdlib,
models,models/common/models/phi4/hf_adaptor.py,10,<module>,module,from,dataclasses,dataclass,,dataclasses,stdlib,
models,models/common/models/phi4/hf_adaptor.py,10,<module>,module,from,dataclasses,field,,dataclasses,stdlib,
models,models/common/models/phi4/hf_adaptor.py,11,<module>,module,from,pathlib,Path,,pathlib,stdlib,
models,models/common/models/phi4/hf_adaptor.py,12,<module>,module,from,typing,Any,,typing,stdlib,
models,models/common/models/phi4/hf_adaptor.py,14,<module>,module,import,torch,,,torch,third_party_base,
models,models/common/models/phi4/hf_adaptor.py,15,<module>,module,from,transformers,AutoConfig,,transformers,third_party_optional,
models,models/common/models/phi4/hf_adaptor.py,15,<module>,module,from,transformers,AutoModelForCausalLM,,transformers,third_party_optional,
models,models/common/models/phi4/hf_adaptor.py,15,<module>,module,from,transformers,AutoTokenizer,,transformers,third_party_optional,
models,models/common/models/phi4/hf_adaptor.py,17,<module>,module,import,ttnn,,,ttnn,third_party_base,
models,models/common/models/phi4/hf_adaptor.py,18,<module>,module,from,models.common.models.phi4,weight_utils,,models,internal_models_namespace,models.common.models.phi4
models,models/common/models/phi4/hf_adaptor.py,19,<module>,module,from,models.common.models.phi4.model,PHI4_ACCURACY,,models,internal_models_namespace,models.common.models.phi4.model
models,models/common/models/phi4/hf_adaptor.py,19,<module>,module,from,models.common.models.phi4.model,PHI4_PERFORMANCE,,models,internal_models_namespace,models.common.models.phi4.model
models,models/common/models/phi4/hf_adaptor.py,19,<module>,module,from,models.common.models.phi4.model,Phi4LayerWeights,,models,internal_models_namespace,models.common.models.phi4.model
models,models/common/models/phi4/hf_adaptor.py,19,<module>,module,from,models.common.models.phi4.model,Phi4ModelParameters,,models,internal_models_namespace,models.common.models.phi4.model
models,models/common/models/phi4/hf_adaptor.py,19,<module>,module,from,models.common.models.phi4.model,Phi4PagedAttentionConfig,,models,internal_models_namespace,models.common.models.phi4.model
models,models/common/models/phi4/hf_adaptor.py,19,<module>,module,from,models.common.models.phi4.model,Phi4PrecisionConfig,,models,internal_models_namespace,models.common.models.phi4.model
models,models/common/models/phi4/hf_adaptor.py,19,<module>,module,from,models.common.models.phi4.model,Phi4Transformer,,models,internal_models_namespace,models.common.models.phi4.model
models,models/common/models/phi4/hf_adaptor.py,19,<module>,module,from,models.common.models.phi4.model,Phi4Weights,,models,internal_models_namespace,models.common.models.phi4.model
models,models/common/models/phi4/hf_adaptor.py,19,<module>,module,from,models.common.models.phi4.model,build_phi4_transformer_config,,models,internal_models_namespace,models.common.models.phi4.model
models,models/common/models/phi4/model.py,22,<module>,module,from,__future__,annotations,,__future__,stdlib,
models,models/common/models/phi4/model.py,24,<module>,module,import,math,,,math,stdlib,
models,models/common/models/phi4/model.py,25,<module>,module,import,os,,,os,stdlib,
models,models/common/models/phi4/model.py,26,<module>,module,from,dataclasses,dataclass,,dataclasses,stdlib,
models,models/common/models/phi4/model.py,26,<module>,module,from,dataclasses,field,,dataclasses,stdlib,
models,models/common/models/phi4/model.py,26,<module>,module,from,dataclasses,replace,,dataclasses,stdlib,
models,models/common/models/phi4/model.py,27,<module>,module,from,pathlib,Path,,pathlib,stdlib,
models,models/common/models/phi4/model.py,28,<module>,module,from,typing,Any,,typing,stdlib,
models,models/common/models/phi4/model.py,30,<module>,module,import,torch,,,torch,third_party_base,
models,models/common/models/phi4/model.py,31,<module>,module,from,loguru,logger,,loguru,third_party_base,
models,models/common/models/phi4/model.py,33,<module>,module,import,ttnn,,,ttnn,third_party_base,
models,models/common/models/phi4/model.py,34,<module>,module,from,models.common.lightweightmodule,LightweightModule,,models,external_models_tt_metal,
models,models/common/models/phi4/model.py,35,<module>,module,from,models.common.models.phi4,weight_utils,,models,internal_models_namespace,models.common.models.phi4
models,models/common/models/phi4/model.py,36,<module>,module,from,models.common.modules.attention.attention_1d,Attention1D,,models,internal_models_namespace,models.common.modules.attention.attention_1d
models,models/common/models/phi4/model.py,36,<module>,module,from,models.common.modules.attention.attention_1d,Attention1DConfig,,models,internal_models_namespace,models.common.modules.attention.attention_1d
models,models/common/models/phi4/model.py,36,<module>,module,from,models.common.modules.attention.attention_1d,_dram_matmul_config,,models,internal_models_namespace,models.common.modules.attention.attention_1d
models,models/common/models/phi4/model.py,36,<module>,module,from,models.common.modules.attention.attention_1d,_dram_shard_core_grid,,models,internal_models_namespace,models.common.modules.attention.attention_1d
models,models/common/models/phi4/model.py,42,<module>,module,from,models.common.modules.embedding.embedding_1d,Embedding1D,,models,internal_models_namespace,models.common.modules.embedding.embedding_1d
models,models/common/models/phi4/model.py,42,<module>,module,from,models.common.modules.embedding.embedding_1d,Embedding1DConfig,,models,internal_models_namespace,models.common.modules.embedding.embedding_1d
models,models/common/models/phi4/model.py,43,<module>,module,from,models.common.modules.lazy_weight,LazyWeight,,models,internal_models_namespace,models.common.modules.lazy_weight
models,models/common/models/phi4/model.py,44,<module>,module,from,models.common.modules.lm_head.lm_head_1d,LMHead1D,,models,internal_models_namespace,models.common.modules.lm_head.lm_head_1d
models,models/common/models/phi4/model.py,44,<module>,module,from,models.common.modules.lm_head.lm_head_1d,LMHead1DConfig,,models,internal_models_namespace,models.common.modules.lm_head.lm_head_1d
models,models/common/models/phi4/model.py,44,<module>,module,from,models.common.modules.lm_head.lm_head_1d,_nearest_32,,models,internal_models_namespace,models.common.modules.lm_head.lm_head_1d
models,models/common/models/phi4/model.py,45,<module>,module,from,models.common.modules.mlp.mlp_1d,MLP1D,,models,internal_models_namespace,models.common.modules.mlp.mlp_1d
models,models/common/models/phi4/model.py,45,<module>,module,from,models.common.modules.mlp.mlp_1d,MLP1DConfig,,models,internal_models_namespace,models.common.modules.mlp.mlp_1d
models,models/common/models/phi4/model.py,45,<module>,module,from,models.common.modules.mlp.mlp_1d,_dram_shard_core_grid_k_n,,models,internal_models_namespace,models.common.modules.mlp.mlp_1d
models,models/common/models/phi4/model.py,46,<module>,module,from,models.common.modules.rmsnorm.rmsnorm_1d,RMSNorm1D,,models,internal_models_namespace,models.common.modules.rmsnorm.rmsnorm_1d
models,models/common/models/phi4/model.py,46,<module>,module,from,models.common.modules.rmsnorm.rmsnorm_1d,RMSNorm1DConfig,,models,internal_models_namespace,models.common.modules.rmsnorm.rmsnorm_1d
models,models/common/models/phi4/model.py,46,<module>,module,from,models.common.modules.rmsnorm.rmsnorm_1d,_create_sharded_norm_program_config,,models,internal_models_namespace,models.common.modules.rmsnorm.rmsnorm_1d
models,models/common/models/phi4/model.py,47,<module>,module,from,models.common.modules.rope.rope_1d,Rope1DConfig,,models,internal_models_namespace,models.common.modules.rope.rope_1d
models,models/common/models/phi4/model.py,47,<module>,module,from,models.common.modules.rope.rope_1d,RotarySetup1D,,models,internal_models_namespace,models.common.modules.rope.rope_1d
models,models/common/models/phi4/model.py,48,<module>,module,from,models.common.modules.sampling.sampling_1d,Sampling1D,,models,internal_models_namespace,models.common.modules.sampling.sampling_1d
models,models/common/models/phi4/model.py,48,<module>,module,from,models.common.modules.sampling.sampling_1d,Sampling1DConfig,,models,internal_models_namespace,models.common.modules.sampling.sampling_1d
models,models/common/models/phi4/model.py,49,<module>,module,from,models.common.modules.tt_ccl,default_topology,,models,internal_models_namespace,models.common.modules.tt_ccl
models,models/common/models/phi4/model.py,49,<module>,module,from,models.common.modules.tt_ccl,get_tt_ccl,,models,internal_models_namespace,models.common.modules.tt_ccl
models,models/common/models/phi4/model.py,50,<module>,module,from,models.common.tensor_utils,TILE_SIZE,,models,external_models_tt_metal,
models,models/common/models/phi4/model.py,50,<module>,module,from,models.common.tensor_utils,get_padded_hidden_dim,,models,external_models_tt_metal,
models,models/common/models/phi4/model.py,666,Phi4Transformer.__init__,nested,from,tqdm,tqdm,,tqdm,third_party_optional,
models,models/common/models/phi4/weight_utils.py,20,<module>,module,from,__future__,annotations,,__future__,stdlib,
models,models/common/models/phi4/weight_utils.py,22,<module>,module,import,math,,,math,stdlib,
models,models/common/models/phi4/weight_utils.py,23,<module>,module,from,pathlib,Path,,pathlib,stdlib,
models,models/common/models/phi4/weight_utils.py,24,<module>,module,from,typing,Any,,typing,stdlib,
models,models/common/models/phi4/weight_utils.py,26,<module>,module,import,torch,,,torch,third_party_base,
models,models/common/models/phi4/weight_utils.py,28,<module>,module,import,ttnn,,,ttnn,third_party_base,
models,models/common/models/phi4/weight_utils.py,29,<module>,module,from,models.common.modules.lazy_weight,LazyWeight,,models,internal_models_namespace,models.common.modules.lazy_weight
models,models/common/models/qwen25_72b/__init__.py,4,<module>,module,from,models.common.models.qwen25_72b.executor,Qwen25_72BExecutor,,models,internal_models_namespace,models.common.models.qwen25_72b.executor
models,models/common/models/qwen25_72b/__init__.py,4,<module>,module,from,models.common.models.qwen25_72b.executor,Qwen25_72BExecutorConfig,,models,internal_models_namespace,models.common.models.qwen25_72b.executor
models,models/common/models/qwen25_72b/__init__.py,4,<module>,module,from,models.common.models.qwen25_72b.executor,build_qwen25_72b_executor,,models,internal_models_namespace,models.common.models.qwen25_72b.executor
models,models/common/models/qwen25_72b/__init__.py,9,<module>,module,from,models.common.models.qwen25_72b.generator,Qwen25_72BGenerator,,models,internal_models_namespace,models.common.models.qwen25_72b.generator
models,models/common/models/qwen25_72b/__init__.py,9,<module>,module,from,models.common.models.qwen25_72b.generator,Qwen25_72BGeneratorConfig,,models,internal_models_namespace,models.common.models.qwen25_72b.generator
models,models/common/models/qwen25_72b/__init__.py,9,<module>,module,from,models.common.models.qwen25_72b.generator,build_qwen25_72b_generator,,models,internal_models_namespace,models.common.models.qwen25_72b.generator
models,models/common/models/qwen25_72b/__init__.py,14,<module>,module,from,models.common.models.qwen25_72b.hf_adaptor,Qwen25_72BForCausalLM,,models,internal_models_namespace,models.common.models.qwen25_72b.hf_adaptor
models,models/common/models/qwen25_72b/__init__.py,14,<module>,module,from,models.common.models.qwen25_72b.hf_adaptor,from_pretrained,,models,internal_models_namespace,models.common.models.qwen25_72b.hf_adaptor
models,models/common/models/qwen25_72b/__init__.py,15,<module>,module,from,models.common.models.qwen25_72b.model,QWEN25_72B_ACCURACY,,models,internal_models_namespace,models.common.models.qwen25_72b.model
models,models/common/models/qwen25_72b/__init__.py,15,<module>,module,from,models.common.models.qwen25_72b.model,QWEN25_72B_PERFORMANCE,,models,internal_models_namespace,models.common.models.qwen25_72b.model
models,models/common/models/qwen25_72b/__init__.py,15,<module>,module,from,models.common.models.qwen25_72b.model,Qwen25_72B,,models,internal_models_namespace,models.common.models.qwen25_72b.model
models,models/common/models/qwen25_72b/__init__.py,15,<module>,module,from,models.common.models.qwen25_72b.model,Qwen25_72BConfig,,models,internal_models_namespace,models.common.models.qwen25_72b.model
models,models/common/models/qwen25_72b/__init__.py,15,<module>,module,from,models.common.models.qwen25_72b.model,Qwen25_72BExecutorRuntimeConfig,,models,internal_models_namespace,models.common.models.qwen25_72b.model
models,models/common/models/qwen25_72b/__init__.py,15,<module>,module,from,models.common.models.qwen25_72b.model,Qwen25_72BPagedAttentionConfig,,models,internal_models_namespace,models.common.models.qwen25_72b.model
models,models/common/models/qwen25_72b/__init__.py,15,<module>,module,from,models.common.models.qwen25_72b.model,Qwen25_72BPrecisionConfig,,models,internal_models_namespace,models.common.models.qwen25_72b.model
models,models/common/models/qwen25_72b/executor.py,6,<module>,module,from,models.common.models.qwen2_executor,Qwen25_72BExecutor,,models,internal_models_namespace,models.common.models.qwen2_executor
models,models/common/models/qwen25_72b/executor.py,6,<module>,module,from,models.common.models.qwen2_executor,Qwen25_72BExecutorConfig,,models,internal_models_namespace,models.common.models.qwen2_executor
models,models/common/models/qwen25_72b/executor.py,7,<module>,module,from,models.common.models.qwen2_executor,build_qwen25_72b_executor,_build_qwen25_72b_executor,models,internal_models_namespace,models.common.models.qwen2_executor
models,models/common/models/qwen25_72b/executor.py,8,<module>,module,from,models.common.models.qwen25_72b.hf_adaptor,Qwen25_72BForCausalLM,,models,internal_models_namespace,models.common.models.qwen25_72b.hf_adaptor
models,models/common/models/qwen25_72b/executor.py,9,<module>,module,from,models.common.models.qwen25_72b.model,_slice_last_token_tile,,models,internal_models_namespace,models.common.models.qwen25_72b.model
models,models/common/models/qwen25_72b/generator.py,6,<module>,module,from,__future__,annotations,,__future__,stdlib,
models,models/common/models/qwen25_72b/generator.py,8,<module>,module,from,dataclasses,dataclass,,dataclasses,stdlib,
models,models/common/models/qwen25_72b/generator.py,9,<module>,module,from,typing,Any,,typing,stdlib,
models,models/common/models/qwen25_72b/generator.py,11,<module>,module,import,ttnn,,,ttnn,third_party_base,
models,models/common/models/qwen25_72b/generator.py,12,<module>,module,from,models.common.llm_runtime.config,PagedKVCacheConfig,,models,internal_models_namespace,models.common.llm_runtime.config
models,models/common/models/qwen25_72b/generator.py,12,<module>,module,from,models.common.llm_runtime.config,TraceConfig,,models,internal_models_namespace,models.common.llm_runtime.config
models,models/common/models/qwen25_72b/generator.py,12,<module>,module,from,models.common.llm_runtime.config,TraceMode,,models,internal_models_namespace,models.common.llm_runtime.config
models,models/common/models/qwen25_72b/generator.py,12,<module>,module,from,models.common.llm_runtime.config,WarmupConfig,,models,internal_models_namespace,models.common.llm_runtime.config
models,models/common/models/qwen25_72b/generator.py,13,<module>,module,from,models.common.llm_runtime.lane_group,LaneGroupExecutor,,models,internal_models_namespace,models.common.llm_runtime.lane_group
models,models/common/models/qwen25_72b/generator.py,14,<module>,module,from,models.common.llm_runtime.vllm_adapter,NormalizedPrefillKwargs,,models,internal_models_namespace,models.common.llm_runtime.vllm_adapter
models,models/common/models/qwen25_72b/generator.py,14,<module>,module,from,models.common.llm_runtime.vllm_adapter,VLLMAdapter,,models,internal_models_namespace,models.common.llm_runtime.vllm_adapter
models,models/common/models/qwen25_72b/generator.py,14,<module>,module,from,models.common.llm_runtime.vllm_adapter,VLLMAdapterConfig,,models,internal_models_namespace,models.common.llm_runtime.vllm_adapter
models,models/common/models/qwen25_72b/generator.py,15,<module>,module,from,models.common.models.qwen25_72b.executor,Qwen25_72BExecutorConfig,,models,internal_models_namespace,models.common.models.qwen25_72b.executor
models,models/common/models/qwen25_72b/generator.py,15,<module>,module,from,models.common.models.qwen25_72b.executor,build_qwen25_72b_executor,,models,internal_models_namespace,models.common.models.qwen25_72b.executor
models,models/common/models/qwen25_72b/generator.py,16,<module>,module,from,models.common.models.qwen25_72b.hf_adaptor,DEFAULT_HF_REVISION,,models,internal_models_namespace,models.common.models.qwen25_72b.hf_adaptor
models,models/common/models/qwen25_72b/generator.py,16,<module>,module,from,models.common.models.qwen25_72b.hf_adaptor,from_pretrained,,models,internal_models_namespace,models.common.models.qwen25_72b.hf_adaptor
models,models/common/models/qwen25_72b/generator.py,17,<module>,module,from,models.common.models.qwen25_72b.model,Qwen25_72BPagedAttentionConfig,,models,internal_models_namespace,models.common.models.qwen25_72b.model
models,models/common/models/qwen25_72b/generator.py,344,_create_submeshes,nested,from,models.tt_transformers.tt.generator,create_submeshes,,models,external_models_tttv1,
models,models/common/models/qwen25_72b/hf_adaptor.py,6,<module>,module,from,__future__,annotations,,__future__,stdlib,
models,models/common/models/qwen25_72b/hf_adaptor.py,8,<module>,module,import,math,,,math,stdlib,
models,models/common/models/qwen25_72b/hf_adaptor.py,9,<module>,module,import,os,,,os,stdlib,
models,models/common/models/qwen25_72b/hf_adaptor.py,10,<module>,module,from,dataclasses,dataclass,,dataclasses,stdlib,
models,models/common/models/qwen25_72b/hf_adaptor.py,10,<module>,module,from,dataclasses,field,,dataclasses,stdlib,
models,models/common/models/qwen25_72b/hf_adaptor.py,11,<module>,module,from,pathlib,Path,,pathlib,stdlib,
models,models/common/models/qwen25_72b/hf_adaptor.py,12,<module>,module,from,typing,Any,,typing,stdlib,
models,models/common/models/qwen25_72b/hf_adaptor.py,14,<module>,module,import,torch,,,torch,third_party_base,
models,models/common/models/qwen25_72b/hf_adaptor.py,15,<module>,module,from,transformers,AutoConfig,,transformers,third_party_optional,
models,models/common/models/qwen25_72b/hf_adaptor.py,15,<module>,module,from,transformers,AutoModelForCausalLM,,transformers,third_party_optional,
models,models/common/models/qwen25_72b/hf_adaptor.py,15,<module>,module,from,transformers,AutoTokenizer,,transformers,third_party_optional,
models,models/common/models/qwen25_72b/hf_adaptor.py,17,<module>,module,import,ttnn,,,ttnn,third_party_base,
models,models/common/models/qwen25_72b/hf_adaptor.py,18,<module>,module,from,models.common.models.qwen25_72b,weight_utils,,models,internal_models_namespace,models.common.models.qwen25_72b
models,models/common/models/qwen25_72b/hf_adaptor.py,19,<module>,module,from,models.common.models.qwen25_72b.model,DEFAULT_HF_REVISION,,models,internal_models_namespace,models.common.models.qwen25_72b.model
models,models/common/models/qwen25_72b/hf_adaptor.py,19,<module>,module,from,models.common.models.qwen25_72b.model,QWEN25_72B_ACCURACY,,models,internal_models_namespace,models.common.models.qwen25_72b.model
models,models/common/models/qwen25_72b/hf_adaptor.py,19,<module>,module,from,models.common.models.qwen25_72b.model,QWEN25_72B_PERFORMANCE,,models,internal_models_namespace,models.common.models.qwen25_72b.model
models,models/common/models/qwen25_72b/hf_adaptor.py,19,<module>,module,from,models.common.models.qwen25_72b.model,Qwen25_72B,,models,internal_models_namespace,models.common.models.qwen25_72b.model
models,models/common/models/qwen25_72b/hf_adaptor.py,19,<module>,module,from,models.common.models.qwen25_72b.model,Qwen25_72BConfig,,models,internal_models_namespace,models.common.models.qwen25_72b.model
models,models/common/models/qwen25_72b/hf_adaptor.py,19,<module>,module,from,models.common.models.qwen25_72b.model,Qwen25_72BLayerWeights,,models,internal_models_namespace,models.common.models.qwen25_72b.model
models,models/common/models/qwen25_72b/hf_adaptor.py,19,<module>,module,from,models.common.models.qwen25_72b.model,Qwen25_72BPagedAttentionConfig,,models,internal_models_namespace,models.common.models.qwen25_72b.model
models,models/common/models/qwen25_72b/hf_adaptor.py,19,<module>,module,from,models.common.models.qwen25_72b.model,Qwen25_72BPrecisionConfig,,models,internal_models_namespace,models.common.models.qwen25_72b.model
models,models/common/models/qwen25_72b/hf_adaptor.py,19,<module>,module,from,models.common.models.qwen25_72b.model,Qwen25_72BWeights,,models,internal_models_namespace,models.common.models.qwen25_72b.model
models,models/common/models/qwen25_72b/hf_adaptor.py,19,<module>,module,from,models.common.models.qwen25_72b.model,build_qwen25_72b_model,,models,internal_models_namespace,models.common.models.qwen25_72b.model
models,models/common/models/qwen25_72b/model.py,21,<module>,module,from,__future__,annotations,,__future__,stdlib,
models,models/common/models/qwen25_72b/model.py,23,<module>,module,import,math,,,math,stdlib,
models,models/common/models/qwen25_72b/model.py,24,<module>,module,import,os,,,os,stdlib,
models,models/common/models/qwen25_72b/model.py,25,<module>,module,from,dataclasses,dataclass,,dataclasses,stdlib,
models,models/common/models/qwen25_72b/model.py,25,<module>,module,from,dataclasses,field,,dataclasses,stdlib,
models,models/common/models/qwen25_72b/model.py,25,<module>,module,from,dataclasses,replace,,dataclasses,stdlib,
models,models/common/models/qwen25_72b/model.py,26,<module>,module,from,pathlib,Path,,pathlib,stdlib,
models,models/common/models/qwen25_72b/model.py,27,<module>,module,from,types,SimpleNamespace,,types,stdlib,
models,models/common/models/qwen25_72b/model.py,28,<module>,module,from,typing,Any,,typing,stdlib,
models,models/common/models/qwen25_72b/model.py,28,<module>,module,from,typing,List,,typing,stdlib,
models,models/common/models/qwen25_72b/model.py,30,<module>,module,import,torch,,,torch,third_party_base,
models,models/common/models/qwen25_72b/model.py,31,<module>,module,from,loguru,logger,,loguru,third_party_base,
models,models/common/models/qwen25_72b/model.py,33,<module>,module,import,ttnn,,,ttnn,third_party_base,
models,models/common/models/qwen25_72b/model.py,34,<module>,module,from,models.common.lightweightmodule,LightweightModule,,models,external_models_tt_metal,
models,models/common/models/qwen25_72b/model.py,35,<module>,module,from,models.common.models.qwen25_72b,weight_utils,,models,internal_models_namespace,models.common.models.qwen25_72b
models,models/common/models/qwen25_72b/model.py,36,<module>,module,from,models.common.modules.attention.attention_1d,Attention1D,,models,internal_models_namespace,models.common.modules.attention.attention_1d
models,models/common/models/qwen25_72b/model.py,36,<module>,module,from,models.common.modules.attention.attention_1d,Attention1DConfig,,models,internal_models_namespace,models.common.modules.attention.attention_1d
models,models/common/models/qwen25_72b/model.py,36,<module>,module,from,models.common.modules.attention.attention_1d,_dram_matmul_config,,models,internal_models_namespace,models.common.modules.attention.attention_1d
models,models/common/models/qwen25_72b/model.py,36,<module>,module,from,models.common.modules.attention.attention_1d,_dram_shard_core_grid,,models,internal_models_namespace,models.common.modules.attention.attention_1d
models,models/common/models/qwen25_72b/model.py,42,<module>,module,from,models.common.modules.embedding.embedding_1d,Embedding1D,,models,internal_models_namespace,models.common.modules.embedding.embedding_1d
models,models/common/models/qwen25_72b/model.py,42,<module>,module,from,models.common.modules.embedding.embedding_1d,Embedding1DConfig,,models,internal_models_namespace,models.common.modules.embedding.embedding_1d
models,models/common/models/qwen25_72b/model.py,43,<module>,module,from,models.common.modules.lazy_weight,LazyWeight,,models,internal_models_namespace,models.common.modules.lazy_weight
models,models/common/models/qwen25_72b/model.py,44,<module>,module,from,models.common.modules.lm_head.lm_head_1d,LMHead1D,,models,internal_models_namespace,models.common.modules.lm_head.lm_head_1d
models,models/common/models/qwen25_72b/model.py,44,<module>,module,from,models.common.modules.lm_head.lm_head_1d,LMHead1DConfig,,models,internal_models_namespace,models.common.modules.lm_head.lm_head_1d
models,models/common/models/qwen25_72b/model.py,44,<module>,module,from,models.common.modules.lm_head.lm_head_1d,_nearest_32,,models,internal_models_namespace,models.common.modules.lm_head.lm_head_1d
models,models/common/models/qwen25_72b/model.py,45,<module>,module,from,models.common.modules.mlp.mlp_1d,MLP1D,,models,internal_models_namespace,models.common.modules.mlp.mlp_1d
models,models/common/models/qwen25_72b/model.py,45,<module>,module,from,models.common.modules.mlp.mlp_1d,MLP1DConfig,,models,internal_models_namespace,models.common.modules.mlp.mlp_1d
models,models/common/models/qwen25_72b/model.py,45,<module>,module,from,models.common.modules.mlp.mlp_1d,_dram_shard_core_grid_k_n,,models,internal_models_namespace,models.common.modules.mlp.mlp_1d
models,models/common/models/qwen25_72b/model.py,46,<module>,module,from,models.common.modules.rmsnorm.rmsnorm_1d,RMSNorm1D,,models,internal_models_namespace,models.common.modules.rmsnorm.rmsnorm_1d
models,models/common/models/qwen25_72b/model.py,46,<module>,module,from,models.common.modules.rmsnorm.rmsnorm_1d,RMSNorm1DConfig,,models,internal_models_namespace,models.common.modules.rmsnorm.rmsnorm_1d
models,models/common/models/qwen25_72b/model.py,46,<module>,module,from,models.common.modules.rmsnorm.rmsnorm_1d,_create_sharded_norm_program_config,,models,internal_models_namespace,models.common.modules.rmsnorm.rmsnorm_1d
models,models/common/models/qwen25_72b/model.py,47,<module>,module,from,models.common.modules.rope.rope_1d,Rope1DConfig,,models,internal_models_namespace,models.common.modules.rope.rope_1d
models,models/common/models/qwen25_72b/model.py,47,<module>,module,from,models.common.modules.rope.rope_1d,RotarySetup1D,,models,internal_models_namespace,models.common.modules.rope.rope_1d
models,models/common/models/qwen25_72b/model.py,47,<module>,module,from,models.common.modules.rope.rope_1d,prepare_rot_idxs,,models,internal_models_namespace,models.common.modules.rope.rope_1d
models,models/common/models/qwen25_72b/model.py,48,<module>,module,from,models.common.modules.sampling.sampling_1d,Sampling1D,,models,internal_models_namespace,models.common.modules.sampling.sampling_1d
models,models/common/models/qwen25_72b/model.py,49,<module>,module,from,models.common.modules.tt_ccl,default_topology,,models,internal_models_namespace,models.common.modules.tt_ccl
models,models/common/models/qwen25_72b/model.py,49,<module>,module,from,models.common.modules.tt_ccl,get_tt_ccl,,models,internal_models_namespace,models.common.modules.tt_ccl
models,models/common/models/qwen25_72b/model.py,50,<module>,module,from,models.common.tensor_utils,TILE_SIZE,,models,external_models_tt_metal,
models,models/common/models/qwen25_72b/model.py,50,<module>,module,from,models.common.tensor_utils,get_padded_hidden_dim,,models,external_models_tt_metal,
models,models/common/models/qwen25_72b/weight_utils.py,14,<module>,module,from,__future__,annotations,,__future__,stdlib,
models,models/common/models/qwen25_72b/weight_utils.py,16,<module>,module,import,math,,,math,stdlib,
models,models/common/models/qwen25_72b/weight_utils.py,17,<module>,module,from,pathlib,Path,,pathlib,stdlib,
models,models/common/models/qwen25_72b/weight_utils.py,18,<module>,module,from,typing,Any,,typing,stdlib,
models,models/common/models/qwen25_72b/weight_utils.py,20,<module>,module,import,torch,,,torch,third_party_base,
models,models/common/models/qwen25_72b/weight_utils.py,22,<module>,module,import,ttnn,,,ttnn,third_party_base,
models,models/common/models/qwen25_72b/weight_utils.py,23,<module>,module,from,models.common.modules.lazy_weight,LazyWeight,,models,internal_models_namespace,models.common.modules.lazy_weight
models,models/common/models/qwen25_72b/weights.py,11,<module>,module,from,models.common.models.qwen25_72b,weight_utils,,models,internal_models_namespace,models.common.models.qwen25_72b
models,models/common/models/qwen25_7b/__init__.py,4,<module>,module,from,models.common.models.qwen25_7b.executor,Qwen25Executor,,models,internal_models_namespace,models.common.models.qwen25_7b.executor
models,models/common/models/qwen25_7b/__init__.py,4,<module>,module,from,models.common.models.qwen25_7b.executor,Qwen25ExecutorConfig,,models,internal_models_namespace,models.common.models.qwen25_7b.executor
models,models/common/models/qwen25_7b/__init__.py,5,<module>,module,from,models.common.models.qwen25_7b.generator,Qwen25Generator,,models,internal_models_namespace,models.common.models.qwen25_7b.generator
models,models/common/models/qwen25_7b/__init__.py,5,<module>,module,from,models.common.models.qwen25_7b.generator,Qwen25GeneratorConfig,,models,internal_models_namespace,models.common.models.qwen25_7b.generator
models,models/common/models/qwen25_7b/__init__.py,6,<module>,module,from,models.common.models.qwen25_7b.hf_adaptor,Qwen25ForCausalLM,,models,internal_models_namespace,models.common.models.qwen25_7b.hf_adaptor
models,models/common/models/qwen25_7b/__init__.py,6,<module>,module,from,models.common.models.qwen25_7b.hf_adaptor,Qwen25RuntimeConfig,,models,internal_models_namespace,models.common.models.qwen25_7b.hf_adaptor
models,models/common/models/qwen25_7b/__init__.py,7,<module>,module,from,models.common.models.qwen25_7b.model,QWEN25_7B_ACCURACY,,models,internal_models_namespace,models.common.models.qwen25_7b.model
models,models/common/models/qwen25_7b/__init__.py,7,<module>,module,from,models.common.models.qwen25_7b.model,QWEN25_7B_PERFORMANCE,,models,internal_models_namespace,models.common.models.qwen25_7b.model
models,models/common/models/qwen25_7b/__init__.py,7,<module>,module,from,models.common.models.qwen25_7b.model,Qwen25PagedAttentionConfig,,models,internal_models_namespace,models.common.models.qwen25_7b.model
models,models/common/models/qwen25_7b/__init__.py,7,<module>,module,from,models.common.models.qwen25_7b.model,Qwen25_7B,,models,internal_models_namespace,models.common.models.qwen25_7b.model
models,models/common/models/qwen25_7b/__init__.py,7,<module>,module,from,models.common.models.qwen25_7b.model,Qwen25_7BPrecisionConfig,,models,internal_models_namespace,models.common.models.qwen25_7b.model
models,models/common/models/qwen25_7b/__init__.py,7,<module>,module,from,models.common.models.qwen25_7b.model,Qwen25_7BTransformerConfig,,models,internal_models_namespace,models.common.models.qwen25_7b.model
models,models/common/models/qwen25_7b/executor.py,6,<module>,module,from,models.common.models.qwen2_executor,Qwen25Executor,,models,internal_models_namespace,models.common.models.qwen2_executor
models,models/common/models/qwen25_7b/executor.py,6,<module>,module,from,models.common.models.qwen2_executor,Qwen25ExecutorConfig,,models,internal_models_namespace,models.common.models.qwen2_executor
models,models/common/models/qwen25_7b/executor.py,7,<module>,module,from,models.common.models.qwen2_executor,build_qwen25_7b_executor,_build_qwen25_7b_executor,models,internal_models_namespace,models.common.models.qwen2_executor
models,models/common/models/qwen25_7b/executor.py,8,<module>,module,from,models.common.models.qwen25_7b.hf_adaptor,Qwen25ForCausalLM,,models,internal_models_namespace,models.common.models.qwen25_7b.hf_adaptor
models,models/common/models/qwen25_7b/generator.py,6,<module>,module,from,__future__,annotations,,__future__,stdlib,
models,models/common/models/qwen25_7b/generator.py,8,<module>,module,from,collections.abc,Sequence,,collections,stdlib,
models,models/common/models/qwen25_7b/generator.py,9,<module>,module,from,dataclasses,dataclass,,dataclasses,stdlib,
models,models/common/models/qwen25_7b/generator.py,10,<module>,module,from,typing,Any,,typing,stdlib,
models,models/common/models/qwen25_7b/generator.py,12,<module>,module,import,torch,,,torch,third_party_base,
models,models/common/models/qwen25_7b/generator.py,14,<module>,module,import,ttnn,,,ttnn,third_party_base,
models,models/common/models/qwen25_7b/generator.py,15,<module>,module,from,models.common.llm_runtime.config,PagedKVCacheConfig,,models,internal_models_namespace,models.common.llm_runtime.config
models,models/common/models/qwen25_7b/generator.py,15,<module>,module,from,models.common.llm_runtime.config,TraceConfig,,models,internal_models_namespace,models.common.llm_runtime.config
models,models/common/models/qwen25_7b/generator.py,15,<module>,module,from,models.common.llm_runtime.config,TraceMode,,models,internal_models_namespace,models.common.llm_runtime.config
models,models/common/models/qwen25_7b/generator.py,15,<module>,module,from,models.common.llm_runtime.config,WarmupConfig,,models,internal_models_namespace,models.common.llm_runtime.config
models,models/common/models/qwen25_7b/generator.py,16,<module>,module,from,models.common.llm_runtime.lane_group,LaneGroupExecutor,,models,internal_models_namespace,models.common.llm_runtime.lane_group
models,models/common/models/qwen25_7b/generator.py,17,<module>,module,from,models.common.llm_runtime.vllm_adapter,NormalizedPrefillKwargs,,models,internal_models_namespace,models.common.llm_runtime.vllm_adapter
models,models/common/models/qwen25_7b/generator.py,17,<module>,module,from,models.common.llm_runtime.vllm_adapter,VLLMAdapter,,models,internal_models_namespace,models.common.llm_runtime.vllm_adapter
models,models/common/models/qwen25_7b/generator.py,17,<module>,module,from,models.common.llm_runtime.vllm_adapter,VLLMAdapterConfig,,models,internal_models_namespace,models.common.llm_runtime.vllm_adapter
models,models/common/models/qwen25_7b/generator.py,18,<module>,module,from,models.common.models.qwen25_7b.executor,Qwen25ExecutorConfig,,models,internal_models_namespace,models.common.models.qwen25_7b.executor
models,models/common/models/qwen25_7b/generator.py,18,<module>,module,from,models.common.models.qwen25_7b.executor,build_qwen25_7b_executor,,models,internal_models_namespace,models.common.models.qwen25_7b.executor
models,models/common/models/qwen25_7b/generator.py,19,<module>,module,from,models.common.models.qwen25_7b.hf_adaptor,from_pretrained,,models,internal_models_namespace,models.common.models.qwen25_7b.hf_adaptor
models,models/common/models/qwen25_7b/generator.py,20,<module>,module,from,models.common.models.qwen25_7b.model,Qwen25PagedAttentionConfig,,models,internal_models_namespace,models.common.models.qwen25_7b.model
models,models/common/models/qwen25_7b/generator.py,463,_create_submeshes,nested,from,models.tt_transformers.tt.generator,create_submeshes,,models,external_models_tttv1,
models,models/common/models/qwen25_7b/hf_adaptor.py,6,<module>,module,from,__future__,annotations,,__future__,stdlib,
models,models/common/models/qwen25_7b/hf_adaptor.py,8,<module>,module,import,os,,,os,stdlib,
models,models/common/models/qwen25_7b/hf_adaptor.py,9,<module>,module,from,dataclasses,dataclass,,dataclasses,stdlib,
models,models/common/models/qwen25_7b/hf_adaptor.py,9,<module>,module,from,dataclasses,field,,dataclasses,stdlib,
models,models/common/models/qwen25_7b/hf_adaptor.py,10,<module>,module,from,pathlib,Path,,pathlib,stdlib,
models,models/common/models/qwen25_7b/hf_adaptor.py,11,<module>,module,from,typing,Any,,typing,stdlib,
models,models/common/models/qwen25_7b/hf_adaptor.py,13,<module>,module,import,torch,,,torch,third_party_base,
models,models/common/models/qwen25_7b/hf_adaptor.py,14,<module>,module,from,transformers,AutoConfig,,transformers,third_party_optional,
models,models/common/models/qwen25_7b/hf_adaptor.py,14,<module>,module,from,transformers,AutoModelForCausalLM,,transformers,third_party_optional,
models,models/common/models/qwen25_7b/hf_adaptor.py,14,<module>,module,from,transformers,AutoTokenizer,,transformers,third_party_optional,
models,models/common/models/qwen25_7b/hf_adaptor.py,16,<module>,module,import,ttnn,,,ttnn,third_party_base,
models,models/common/models/qwen25_7b/hf_adaptor.py,17,<module>,module,from,models.common.models.qwen25_7b,weight_utils,,models,internal_models_namespace,models.common.models.qwen25_7b
models,models/common/models/qwen25_7b/hf_adaptor.py,18,<module>,module,from,models.common.models.qwen25_7b.model,QWEN25_7B_ACCURACY,,models,internal_models_namespace,models.common.models.qwen25_7b.model
models,models/common/models/qwen25_7b/hf_adaptor.py,18,<module>,module,from,models.common.models.qwen25_7b.model,QWEN25_7B_PERFORMANCE,,models,internal_models_namespace,models.common.models.qwen25_7b.model
models,models/common/models/qwen25_7b/hf_adaptor.py,18,<module>,module,from,models.common.models.qwen25_7b.model,Qwen25PagedAttentionConfig,,models,internal_models_namespace,models.common.models.qwen25_7b.model
models,models/common/models/qwen25_7b/hf_adaptor.py,18,<module>,module,from,models.common.models.qwen25_7b.model,Qwen25_7B,,models,internal_models_namespace,models.common.models.qwen25_7b.model
models,models/common/models/qwen25_7b/hf_adaptor.py,18,<module>,module,from,models.common.models.qwen25_7b.model,Qwen25_7BLayerWeights,,models,internal_models_namespace,models.common.models.qwen25_7b.model
models,models/common/models/qwen25_7b/hf_adaptor.py,18,<module>,module,from,models.common.models.qwen25_7b.model,Qwen25_7BModelParameters,,models,internal_models_namespace,models.common.models.qwen25_7b.model
models,models/common/models/qwen25_7b/hf_adaptor.py,18,<module>,module,from,models.common.models.qwen25_7b.model,Qwen25_7BPrecisionConfig,,models,internal_models_namespace,models.common.models.qwen25_7b.model
models,models/common/models/qwen25_7b/hf_adaptor.py,18,<module>,module,from,models.common.models.qwen25_7b.model,Qwen25_7BWeights,,models,internal_models_namespace,models.common.models.qwen25_7b.model
models,models/common/models/qwen25_7b/hf_adaptor.py,18,<module>,module,from,models.common.models.qwen25_7b.model,build_qwen25_7b_transformer_config,,models,internal_models_namespace,models.common.models.qwen25_7b.model
models,models/common/models/qwen25_7b/model.py,16,<module>,module,from,__future__,annotations,,__future__,stdlib,
models,models/common/models/qwen25_7b/model.py,18,<module>,module,import,math,,,math,stdlib,
models,models/common/models/qwen25_7b/model.py,19,<module>,module,from,dataclasses,dataclass,,dataclasses,stdlib,
models,models/common/models/qwen25_7b/model.py,19,<module>,module,from,dataclasses,field,,dataclasses,stdlib,
models,models/common/models/qwen25_7b/model.py,19,<module>,module,from,dataclasses,replace,,dataclasses,stdlib,
models,models/common/models/qwen25_7b/model.py,20,<module>,module,from,pathlib,Path,,pathlib,stdlib,
models,models/common/models/qwen25_7b/model.py,21,<module>,module,from,typing,Any,,typing,stdlib,
models,models/common/models/qwen25_7b/model.py,23,<module>,module,import,torch,,,torch,third_party_base,
models,models/common/models/qwen25_7b/model.py,24,<module>,module,from,loguru,logger,,loguru,third_party_base,
models,models/common/models/qwen25_7b/model.py,26,<module>,module,import,ttnn,,,ttnn,third_party_base,
models,models/common/models/qwen25_7b/model.py,27,<module>,module,from,models.common.lightweightmodule,LightweightModule,,models,external_models_tt_metal,
models,models/common/models/qwen25_7b/model.py,28,<module>,module,from,models.common.modules.attention.attention_1d,Attention1D,,models,internal_models_namespace,models.common.modules.attention.attention_1d
models,models/common/models/qwen25_7b/model.py,28,<module>,module,from,models.common.modules.attention.attention_1d,Attention1DConfig,,models,internal_models_namespace,models.common.modules.attention.attention_1d
models,models/common/models/qwen25_7b/model.py,28,<module>,module,from,models.common.modules.attention.attention_1d,_dram_matmul_config,,models,internal_models_namespace,models.common.modules.attention.attention_1d
models,models/common/models/qwen25_7b/model.py,28,<module>,module,from,models.common.modules.attention.attention_1d,_dram_shard_core_grid,,models,internal_models_namespace,models.common.modules.attention.attention_1d
models,models/common/models/qwen25_7b/model.py,34,<module>,module,from,models.common.modules.embedding.embedding_1d,Embedding1D,,models,internal_models_namespace,models.common.modules.embedding.embedding_1d
models,models/common/models/qwen25_7b/model.py,34,<module>,module,from,models.common.modules.embedding.embedding_1d,Embedding1DConfig,,models,internal_models_namespace,models.common.modules.embedding.embedding_1d
models,models/common/models/qwen25_7b/model.py,35,<module>,module,from,models.common.modules.lazy_weight,LazyWeight,,models,internal_models_namespace,models.common.modules.lazy_weight
models,models/common/models/qwen25_7b/model.py,36,<module>,module,from,models.common.modules.lm_head.lm_head_1d,LMHead1D,,models,internal_models_namespace,models.common.modules.lm_head.lm_head_1d
models,models/common/models/qwen25_7b/model.py,36,<module>,module,from,models.common.modules.lm_head.lm_head_1d,LMHead1DConfig,,models,internal_models_namespace,models.common.modules.lm_head.lm_head_1d
models,models/common/models/qwen25_7b/model.py,36,<module>,module,from,models.common.modules.lm_head.lm_head_1d,_nearest_32,,models,internal_models_namespace,models.common.modules.lm_head.lm_head_1d
models,models/common/models/qwen25_7b/model.py,37,<module>,module,from,models.common.modules.mlp.mlp_1d,MLP1D,,models,internal_models_namespace,models.common.modules.mlp.mlp_1d
models,models/common/models/qwen25_7b/model.py,37,<module>,module,from,models.common.modules.mlp.mlp_1d,MLP1DConfig,,models,internal_models_namespace,models.common.modules.mlp.mlp_1d
models,models/common/models/qwen25_7b/model.py,37,<module>,module,from,models.common.modules.mlp.mlp_1d,_dram_shard_core_grid_k_n,,models,internal_models_namespace,models.common.modules.mlp.mlp_1d
models,models/common/models/qwen25_7b/model.py,38,<module>,module,from,models.common.modules.rmsnorm.rmsnorm_1d,RMSNorm1D,,models,internal_models_namespace,models.common.modules.rmsnorm.rmsnorm_1d
models,models/common/models/qwen25_7b/model.py,38,<module>,module,from,models.common.modules.rmsnorm.rmsnorm_1d,RMSNorm1DConfig,,models,internal_models_namespace,models.common.modules.rmsnorm.rmsnorm_1d
models,models/common/models/qwen25_7b/model.py,38,<module>,module,from,models.common.modules.rmsnorm.rmsnorm_1d,_create_sharded_norm_program_config,,models,internal_models_namespace,models.common.modules.rmsnorm.rmsnorm_1d
models,models/common/models/qwen25_7b/model.py,39,<module>,module,from,models.common.modules.rope.rope_1d,Rope1DConfig,,models,internal_models_namespace,models.common.modules.rope.rope_1d
models,models/common/models/qwen25_7b/model.py,39,<module>,module,from,models.common.modules.rope.rope_1d,RotarySetup1D,,models,internal_models_namespace,models.common.modules.rope.rope_1d
models,models/common/models/qwen25_7b/model.py,39,<module>,module,from,models.common.modules.rope.rope_1d,prepare_rot_idxs,,models,internal_models_namespace,models.common.modules.rope.rope_1d
models,models/common/models/qwen25_7b/model.py,40,<module>,module,from,models.common.modules.sampling.sampling_1d,Sampling1D,,models,internal_models_namespace,models.common.modules.sampling.sampling_1d
models,models/common/models/qwen25_7b/model.py,40,<module>,module,from,models.common.modules.sampling.sampling_1d,Sampling1DConfig,,models,internal_models_namespace,models.common.modules.sampling.sampling_1d
models,models/common/models/qwen25_7b/model.py,41,<module>,module,from,models.common.modules.tt_ccl,default_topology,,models,internal_models_namespace,models.common.modules.tt_ccl
models,models/common/models/qwen25_7b/model.py,41,<module>,module,from,models.common.modules.tt_ccl,get_tt_ccl,,models,internal_models_namespace,models.common.modules.tt_ccl
models,models/common/models/qwen25_7b/model.py,42,<module>,module,from,models.common.tensor_utils,TILE_SIZE,,models,external_models_tt_metal,
models,models/common/models/qwen25_7b/model.py,42,<module>,module,from,models.common.tensor_utils,get_padded_hidden_dim,,models,external_models_tt_metal,
models,models/common/models/qwen25_7b/model.py,816,Qwen25_7B.__init__,nested,from,tqdm,tqdm,,tqdm,third_party_optional,
models,models/common/models/qwen25_7b/weight_utils.py,12,<module>,module,from,__future__,annotations,,__future__,stdlib,
models,models/common/models/qwen25_7b/weight_utils.py,14,<module>,module,import,math,,,math,stdlib,
models,models/common/models/qwen25_7b/weight_utils.py,15,<module>,module,from,pathlib,Path,,pathlib,stdlib,
models,models/common/models/qwen25_7b/weight_utils.py,16,<module>,module,from,typing,Any,,typing,stdlib,
models,models/common/models/qwen25_7b/weight_utils.py,18,<module>,module,import,torch,,,torch,third_party_base,
models,models/common/models/qwen25_7b/weight_utils.py,20,<module>,module,import,ttnn,,,ttnn,third_party_base,
models,models/common/models/qwen25_7b/weight_utils.py,21,<module>,module,from,models.common.modules.lazy_weight,LazyWeight,,models,internal_models_namespace,models.common.modules.lazy_weight
models,models/common/models/qwen25_coder_32b/__init__.py,4,<module>,module,from,models.common.models.qwen25_coder_32b.executor,EagerQwen25Coder32BExecutor,,models,internal_models_namespace,models.common.models.qwen25_coder_32b.executor
models,models/common/models/qwen25_coder_32b/__init__.py,4,<module>,module,from,models.common.models.qwen25_coder_32b.executor,Qwen25Coder32BExecutor,,models,internal_models_namespace,models.common.models.qwen25_coder_32b.executor
models,models/common/models/qwen25_coder_32b/__init__.py,4,<module>,module,from,models.common.models.qwen25_coder_32b.executor,Qwen25Coder32BExecutorConfig,,models,internal_models_namespace,models.common.models.qwen25_coder_32b.executor
models,models/common/models/qwen25_coder_32b/__init__.py,4,<module>,module,from,models.common.models.qwen25_coder_32b.executor,TracedQwen25Coder32BExecutor,,models,internal_models_namespace,models.common.models.qwen25_coder_32b.executor
models,models/common/models/qwen25_coder_32b/__init__.py,4,<module>,module,from,models.common.models.qwen25_coder_32b.executor,build_qwen25_coder_32b_executor,,models,internal_models_namespace,models.common.models.qwen25_coder_32b.executor
models,models/common/models/qwen25_coder_32b/__init__.py,11,<module>,module,from,models.common.models.qwen25_coder_32b.generator,Qwen25Coder32BGenerator,,models,internal_models_namespace,models.common.models.qwen25_coder_32b.generator
models,models/common/models/qwen25_coder_32b/__init__.py,11,<module>,module,from,models.common.models.qwen25_coder_32b.generator,Qwen25Coder32BGeneratorConfig,,models,internal_models_namespace,models.common.models.qwen25_coder_32b.generator
models,models/common/models/qwen25_coder_32b/__init__.py,11,<module>,module,from,models.common.models.qwen25_coder_32b.generator,build_qwen25_coder_32b_generator,,models,internal_models_namespace,models.common.models.qwen25_coder_32b.generator
models,models/common/models/qwen25_coder_32b/__init__.py,16,<module>,module,from,models.common.models.qwen25_coder_32b.hf_adaptor,Qwen25Coder32BForCausalLM,,models,internal_models_namespace,models.common.models.qwen25_coder_32b.hf_adaptor
models,models/common/models/qwen25_coder_32b/__init__.py,16,<module>,module,from,models.common.models.qwen25_coder_32b.hf_adaptor,from_pretrained,,models,internal_models_namespace,models.common.models.qwen25_coder_32b.hf_adaptor
models,models/common/models/qwen25_coder_32b/__init__.py,17,<module>,module,from,models.common.models.qwen25_coder_32b.model,QWEN25_CODER_32B_ACCURACY,,models,internal_models_namespace,models.common.models.qwen25_coder_32b.model
models,models/common/models/qwen25_coder_32b/__init__.py,17,<module>,module,from,models.common.models.qwen25_coder_32b.model,QWEN25_CODER_32B_PERFORMANCE,,models,internal_models_namespace,models.common.models.qwen25_coder_32b.model
models,models/common/models/qwen25_coder_32b/__init__.py,17,<module>,module,from,models.common.models.qwen25_coder_32b.model,Qwen25Coder32B,,models,internal_models_namespace,models.common.models.qwen25_coder_32b.model
models,models/common/models/qwen25_coder_32b/__init__.py,17,<module>,module,from,models.common.models.qwen25_coder_32b.model,Qwen25Coder32BConfig,,models,internal_models_namespace,models.common.models.qwen25_coder_32b.model
models,models/common/models/qwen25_coder_32b/__init__.py,17,<module>,module,from,models.common.models.qwen25_coder_32b.model,Qwen25Coder32BLayerWeights,,models,internal_models_namespace,models.common.models.qwen25_coder_32b.model
models,models/common/models/qwen25_coder_32b/__init__.py,17,<module>,module,from,models.common.models.qwen25_coder_32b.model,Qwen25Coder32BPagedAttentionConfig,,models,internal_models_namespace,models.common.models.qwen25_coder_32b.model
models,models/common/models/qwen25_coder_32b/__init__.py,17,<module>,module,from,models.common.models.qwen25_coder_32b.model,Qwen25Coder32BPrecisionConfig,,models,internal_models_namespace,models.common.models.qwen25_coder_32b.model
models,models/common/models/qwen25_coder_32b/__init__.py,17,<module>,module,from,models.common.models.qwen25_coder_32b.model,Qwen25Coder32BWeights,,models,internal_models_namespace,models.common.models.qwen25_coder_32b.model
models,models/common/models/qwen25_coder_32b/__init__.py,17,<module>,module,from,models.common.models.qwen25_coder_32b.model,build_qwen25_coder_32b_model,,models,internal_models_namespace,models.common.models.qwen25_coder_32b.model
models,models/common/models/qwen25_coder_32b/demo.py,26,<module>,module,from,__future__,annotations,,__future__,stdlib,
models,models/common/models/qwen25_coder_32b/demo.py,28,<module>,module,import,os,,,os,stdlib,
models,models/common/models/qwen25_coder_32b/demo.py,30,<module>,module,import,pytest,,,pytest,third_party_test,
models,models/common/models/qwen25_coder_32b/demo.py,31,<module>,module,import,torch,,,torch,third_party_base,
models,models/common/models/qwen25_coder_32b/demo.py,32,<module>,module,from,transformers,AutoConfig,,transformers,third_party_optional,
models,models/common/models/qwen25_coder_32b/demo.py,32,<module>,module,from,transformers,AutoModelForCausalLM,,transformers,third_party_optional,
models,models/common/models/qwen25_coder_32b/demo.py,34,<module>,module,import,ttnn,,,ttnn,third_party_base,
models,models/common/models/qwen25_coder_32b/demo.py,35,<module>,module,from,models.common.models.qwen25_coder_32b.executor,EagerQwen25Coder32BExecutor,,models,internal_models_namespace,models.common.models.qwen25_coder_32b.executor
models,models/common/models/qwen25_coder_32b/demo.py,35,<module>,module,from,models.common.models.qwen25_coder_32b.executor,TracedQwen25Coder32BExecutor,,models,internal_models_namespace,models.common.models.qwen25_coder_32b.executor
models,models/common/models/qwen25_coder_32b/demo.py,35,<module>,module,from,models.common.models.qwen25_coder_32b.executor,run_lm_head,,models,internal_models_namespace,models.common.models.qwen25_coder_32b.executor
models,models/common/models/qwen25_coder_32b/demo.py,35,<module>,module,from,models.common.models.qwen25_coder_32b.executor,run_prefill,,models,internal_models_namespace,models.common.models.qwen25_coder_32b.executor
models,models/common/models/qwen25_coder_32b/demo.py,41,<module>,module,from,models.common.models.qwen25_coder_32b.generator,greedy_argmax_from_logits,,models,internal_models_namespace,models.common.models.qwen25_coder_32b.generator
models,models/common/models/qwen25_coder_32b/demo.py,41,<module>,module,from,models.common.models.qwen25_coder_32b.generator,greedy_decode_one_step,,models,internal_models_namespace,models.common.models.qwen25_coder_32b.generator
models,models/common/models/qwen25_coder_32b/demo.py,42,<module>,module,from,models.common.models.qwen25_coder_32b.model,Qwen25Coder32B,,models,internal_models_namespace,models.common.models.qwen25_coder_32b.model
models,models/common/models/qwen25_coder_32b/demo.py,43,<module>,module,from,models.common.tests.demos.cleanup_utils,cleanup_model_case,,models,external_models_test,
models,models/common/models/qwen25_coder_32b/demo.py,44,<module>,module,from,models.common.tests.demos.run_helpers,make_contiguous_page_table,,models,external_models_test,
models,models/common/models/qwen25_coder_32b/demo.py,45,<module>,module,from,models.common.utility_functions,comp_pcc,,models,external_models_tt_metal,
models,models/common/models/qwen25_coder_32b/demo.py,377,test_qwen25_coder_32b_numerical_divergence_vs_hf,nested,import,csv,,,csv,stdlib,
models,models/common/models/qwen25_coder_32b/demo.py,378,test_qwen25_coder_32b_numerical_divergence_vs_hf,nested,import,gc,,,gc,stdlib,
models,models/common/models/qwen25_coder_32b/demo.py,380,test_qwen25_coder_32b_numerical_divergence_vs_hf,nested,from,models.common.models.qwen25_coder_32b.model,Qwen25Coder32BDecoderLayer,,models,internal_models_namespace,models.common.models.qwen25_coder_32b.model
models,models/common/models/qwen25_coder_32b/demo.py,380,test_qwen25_coder_32b_numerical_divergence_vs_hf,nested,from,models.common.models.qwen25_coder_32b.model,_all_gather_rmsnorm_tensor,,models,internal_models_namespace,models.common.models.qwen25_coder_32b.model
models,models/common/models/qwen25_coder_32b/executor.py,6,<module>,module,import,ttnn,,,ttnn,third_party_base,
models,models/common/models/qwen25_coder_32b/executor.py,7,<module>,module,from,models.common.llm_runtime.config,PagedKVCacheConfig,,models,internal_models_namespace,models.common.llm_runtime.config
models,models/common/models/qwen25_coder_32b/executor.py,7,<module>,module,from,models.common.llm_runtime.config,TraceConfig,,models,internal_models_namespace,models.common.llm_runtime.config
models,models/common/models/qwen25_coder_32b/executor.py,7,<module>,module,from,models.common.llm_runtime.config,WarmupConfig,,models,internal_models_namespace,models.common.llm_runtime.config
models,models/common/models/qwen25_coder_32b/executor.py,8,<module>,module,from,models.common.models.qwen2_executor,Qwen25Coder32BExecutor,,models,internal_models_namespace,models.common.models.qwen2_executor
models,models/common/models/qwen25_coder_32b/executor.py,8,<module>,module,from,models.common.models.qwen2_executor,Qwen25Coder32BExecutorConfig,,models,internal_models_namespace,models.common.models.qwen2_executor
models,models/common/models/qwen25_coder_32b/executor.py,9,<module>,module,from,models.common.models.qwen2_executor,build_qwen25_coder_32b_executor,_build_qwen25_coder_32b_executor,models,internal_models_namespace,models.common.models.qwen2_executor
models,models/common/models/qwen25_coder_32b/executor.py,10,<module>,module,from,models.common.models.qwen25_coder_32b.hf_adaptor,Qwen25Coder32BForCausalLM,,models,internal_models_namespace,models.common.models.qwen25_coder_32b.hf_adaptor
models,models/common/models/qwen25_coder_32b/executor.py,11,<module>,module,from,models.common.models.qwen25_coder_32b.model,_slice_last_token_tile,,models,internal_models_namespace,models.common.models.qwen25_coder_32b.model
models,models/common/models/qwen25_coder_32b/generator.py,6,<module>,module,from,__future__,annotations,,__future__,stdlib,
models,models/common/models/qwen25_coder_32b/generator.py,8,<module>,module,from,dataclasses,dataclass,,dataclasses,stdlib,
models,models/common/models/qwen25_coder_32b/generator.py,9,<module>,module,from,typing,Any,,typing,stdlib,
models,models/common/models/qwen25_coder_32b/generator.py,11,<module>,module,import,ttnn,,,ttnn,third_party_base,
models,models/common/models/qwen25_coder_32b/generator.py,12,<module>,module,from,models.common.llm_runtime.config,PagedKVCacheConfig,,models,internal_models_namespace,models.common.llm_runtime.config
models,models/common/models/qwen25_coder_32b/generator.py,12,<module>,module,from,models.common.llm_runtime.config,TraceConfig,,models,internal_models_namespace,models.common.llm_runtime.config
models,models/common/models/qwen25_coder_32b/generator.py,12,<module>,module,from,models.common.llm_runtime.config,TraceMode,,models,internal_models_namespace,models.common.llm_runtime.config
models,models/common/models/qwen25_coder_32b/generator.py,12,<module>,module,from,models.common.llm_runtime.config,WarmupConfig,,models,internal_models_namespace,models.common.llm_runtime.config
models,models/common/models/qwen25_coder_32b/generator.py,13,<module>,module,from,models.common.llm_runtime.lane_group,LaneGroupExecutor,,models,internal_models_namespace,models.common.llm_runtime.lane_group
models,models/common/models/qwen25_coder_32b/generator.py,14,<module>,module,from,models.common.llm_runtime.vllm_adapter,NormalizedPrefillKwargs,,models,internal_models_namespace,models.common.llm_runtime.vllm_adapter
models,models/common/models/qwen25_coder_32b/generator.py,14,<module>,module,from,models.common.llm_runtime.vllm_adapter,VLLMAdapter,,models,internal_models_namespace,models.common.llm_runtime.vllm_adapter
models,models/common/models/qwen25_coder_32b/generator.py,14,<module>,module,from,models.common.llm_runtime.vllm_adapter,VLLMAdapterConfig,,models,internal_models_namespace,models.common.llm_runtime.vllm_adapter
models,models/common/models/qwen25_coder_32b/generator.py,15,<module>,module,from,models.common.models.qwen25_coder_32b.executor,Qwen25Coder32BExecutorConfig,,models,internal_models_namespace,models.common.models.qwen25_coder_32b.executor
models,models/common/models/qwen25_coder_32b/generator.py,15,<module>,module,from,models.common.models.qwen25_coder_32b.executor,build_qwen25_coder_32b_executor,,models,internal_models_namespace,models.common.models.qwen25_coder_32b.executor
models,models/common/models/qwen25_coder_32b/generator.py,16,<module>,module,from,models.common.models.qwen25_coder_32b.hf_adaptor,DEFAULT_HF_REVISION,,models,internal_models_namespace,models.common.models.qwen25_coder_32b.hf_adaptor
models,models/common/models/qwen25_coder_32b/generator.py,16,<module>,module,from,models.common.models.qwen25_coder_32b.hf_adaptor,from_pretrained,,models,internal_models_namespace,models.common.models.qwen25_coder_32b.hf_adaptor
models,models/common/models/qwen25_coder_32b/generator.py,17,<module>,module,from,models.common.models.qwen25_coder_32b.model,Qwen25Coder32BPagedAttentionConfig,,models,internal_models_namespace,models.common.models.qwen25_coder_32b.model
models,models/common/models/qwen25_coder_32b/generator.py,345,_create_submeshes,nested,from,models.tt_transformers.tt.generator,create_submeshes,,models,external_models_tttv1,
models,models/common/models/qwen25_coder_32b/hf_adaptor.py,6,<module>,module,from,__future__,annotations,,__future__,stdlib,
models,models/common/models/qwen25_coder_32b/hf_adaptor.py,8,<module>,module,import,os,,,os,stdlib,
models,models/common/models/qwen25_coder_32b/hf_adaptor.py,9,<module>,module,from,dataclasses,dataclass,,dataclasses,stdlib,
models,models/common/models/qwen25_coder_32b/hf_adaptor.py,9,<module>,module,from,dataclasses,field,,dataclasses,stdlib,
models,models/common/models/qwen25_coder_32b/hf_adaptor.py,10,<module>,module,from,pathlib,Path,,pathlib,stdlib,
models,models/common/models/qwen25_coder_32b/hf_adaptor.py,11,<module>,module,from,typing,Any,,typing,stdlib,
models,models/common/models/qwen25_coder_32b/hf_adaptor.py,13,<module>,module,import,torch,,,torch,third_party_base,
models,models/common/models/qwen25_coder_32b/hf_adaptor.py,14,<module>,module,from,transformers,AutoConfig,,transformers,third_party_optional,
models,models/common/models/qwen25_coder_32b/hf_adaptor.py,14,<module>,module,from,transformers,AutoModelForCausalLM,,transformers,third_party_optional,
models,models/common/models/qwen25_coder_32b/hf_adaptor.py,14,<module>,module,from,transformers,AutoTokenizer,,transformers,third_party_optional,
models,models/common/models/qwen25_coder_32b/hf_adaptor.py,16,<module>,module,import,ttnn,,,ttnn,third_party_base,
models,models/common/models/qwen25_coder_32b/hf_adaptor.py,17,<module>,module,from,models.common.models.qwen25_coder_32b,weight_utils,,models,internal_models_namespace,models.common.models.qwen25_coder_32b
models,models/common/models/qwen25_coder_32b/hf_adaptor.py,18,<module>,module,from,models.common.models.qwen25_coder_32b.model,DEFAULT_HF_REVISION,,models,internal_models_namespace,models.common.models.qwen25_coder_32b.model
models,models/common/models/qwen25_coder_32b/hf_adaptor.py,18,<module>,module,from,models.common.models.qwen25_coder_32b.model,QWEN25_CODER_32B_ACCURACY,,models,internal_models_namespace,models.common.models.qwen25_coder_32b.model
models,models/common/models/qwen25_coder_32b/hf_adaptor.py,18,<module>,module,from,models.common.models.qwen25_coder_32b.model,QWEN25_CODER_32B_PERFORMANCE,,models,internal_models_namespace,models.common.models.qwen25_coder_32b.model
models,models/common/models/qwen25_coder_32b/hf_adaptor.py,18,<module>,module,from,models.common.models.qwen25_coder_32b.model,Qwen25Coder32B,,models,internal_models_namespace,models.common.models.qwen25_coder_32b.model
models,models/common/models/qwen25_coder_32b/hf_adaptor.py,18,<module>,module,from,models.common.models.qwen25_coder_32b.model,Qwen25Coder32BConfig,,models,internal_models_namespace,models.common.models.qwen25_coder_32b.model
models,models/common/models/qwen25_coder_32b/hf_adaptor.py,18,<module>,module,from,models.common.models.qwen25_coder_32b.model,Qwen25Coder32BLayerWeights,,models,internal_models_namespace,models.common.models.qwen25_coder_32b.model
models,models/common/models/qwen25_coder_32b/hf_adaptor.py,18,<module>,module,from,models.common.models.qwen25_coder_32b.model,Qwen25Coder32BPagedAttentionConfig,,models,internal_models_namespace,models.common.models.qwen25_coder_32b.model
models,models/common/models/qwen25_coder_32b/hf_adaptor.py,18,<module>,module,from,models.common.models.qwen25_coder_32b.model,Qwen25Coder32BPrecisionConfig,,models,internal_models_namespace,models.common.models.qwen25_coder_32b.model
models,models/common/models/qwen25_coder_32b/hf_adaptor.py,18,<module>,module,from,models.common.models.qwen25_coder_32b.model,Qwen25Coder32BWeights,,models,internal_models_namespace,models.common.models.qwen25_coder_32b.model
models,models/common/models/qwen25_coder_32b/hf_adaptor.py,18,<module>,module,from,models.common.models.qwen25_coder_32b.model,build_qwen25_coder_32b_model,,models,internal_models_namespace,models.common.models.qwen25_coder_32b.model
models,models/common/models/qwen25_coder_32b/model.py,17,<module>,module,from,__future__,annotations,,__future__,stdlib,
models,models/common/models/qwen25_coder_32b/model.py,19,<module>,module,import,math,,,math,stdlib,
models,models/common/models/qwen25_coder_32b/model.py,20,<module>,module,import,os,,,os,stdlib,
models,models/common/models/qwen25_coder_32b/model.py,21,<module>,module,from,dataclasses,dataclass,,dataclasses,stdlib,
models,models/common/models/qwen25_coder_32b/model.py,21,<module>,module,from,dataclasses,field,,dataclasses,stdlib,
models,models/common/models/qwen25_coder_32b/model.py,21,<module>,module,from,dataclasses,replace,,dataclasses,stdlib,
models,models/common/models/qwen25_coder_32b/model.py,22,<module>,module,from,pathlib,Path,,pathlib,stdlib,
models,models/common/models/qwen25_coder_32b/model.py,23,<module>,module,from,typing,Any,,typing,stdlib,
models,models/common/models/qwen25_coder_32b/model.py,23,<module>,module,from,typing,List,,typing,stdlib,
models,models/common/models/qwen25_coder_32b/model.py,25,<module>,module,import,torch,,,torch,third_party_base,
models,models/common/models/qwen25_coder_32b/model.py,26,<module>,module,from,loguru,logger,,loguru,third_party_base,
models,models/common/models/qwen25_coder_32b/model.py,28,<module>,module,import,ttnn,,,ttnn,third_party_base,
models,models/common/models/qwen25_coder_32b/model.py,29,<module>,module,from,models.common.lightweightmodule,LightweightModule,,models,external_models_tt_metal,
models,models/common/models/qwen25_coder_32b/model.py,30,<module>,module,from,models.common.models.qwen25_coder_32b,weight_utils,,models,internal_models_namespace,models.common.models.qwen25_coder_32b
models,models/common/models/qwen25_coder_32b/model.py,31,<module>,module,from,models.common.modules.attention.attention_1d,Attention1D,,models,internal_models_namespace,models.common.modules.attention.attention_1d
models,models/common/models/qwen25_coder_32b/model.py,31,<module>,module,from,models.common.modules.attention.attention_1d,Attention1DConfig,,models,internal_models_namespace,models.common.modules.attention.attention_1d
models,models/common/models/qwen25_coder_32b/model.py,31,<module>,module,from,models.common.modules.attention.attention_1d,_dram_matmul_config,,models,internal_models_namespace,models.common.modules.attention.attention_1d
models,models/common/models/qwen25_coder_32b/model.py,31,<module>,module,from,models.common.modules.attention.attention_1d,_dram_shard_core_grid,,models,internal_models_namespace,models.common.modules.attention.attention_1d
models,models/common/models/qwen25_coder_32b/model.py,37,<module>,module,from,models.common.modules.embedding.embedding_1d,Embedding1D,,models,internal_models_namespace,models.common.modules.embedding.embedding_1d
models,models/common/models/qwen25_coder_32b/model.py,37,<module>,module,from,models.common.modules.embedding.embedding_1d,Embedding1DConfig,,models,internal_models_namespace,models.common.modules.embedding.embedding_1d
models,models/common/models/qwen25_coder_32b/model.py,38,<module>,module,from,models.common.modules.lazy_weight,LazyWeight,,models,internal_models_namespace,models.common.modules.lazy_weight
models,models/common/models/qwen25_coder_32b/model.py,39,<module>,module,from,models.common.modules.lm_head.lm_head_1d,LMHead1D,,models,internal_models_namespace,models.common.modules.lm_head.lm_head_1d
models,models/common/models/qwen25_coder_32b/model.py,39,<module>,module,from,models.common.modules.lm_head.lm_head_1d,LMHead1DConfig,,models,internal_models_namespace,models.common.modules.lm_head.lm_head_1d
models,models/common/models/qwen25_coder_32b/model.py,39,<module>,module,from,models.common.modules.lm_head.lm_head_1d,_nearest_32,,models,internal_models_namespace,models.common.modules.lm_head.lm_head_1d
models,models/common/models/qwen25_coder_32b/model.py,40,<module>,module,from,models.common.modules.mlp.mlp_1d,MLP1D,,models,internal_models_namespace,models.common.modules.mlp.mlp_1d
models,models/common/models/qwen25_coder_32b/model.py,40,<module>,module,from,models.common.modules.mlp.mlp_1d,MLP1DConfig,,models,internal_models_namespace,models.common.modules.mlp.mlp_1d
models,models/common/models/qwen25_coder_32b/model.py,40,<module>,module,from,models.common.modules.mlp.mlp_1d,_dram_shard_core_grid_k_n,,models,internal_models_namespace,models.common.modules.mlp.mlp_1d
models,models/common/models/qwen25_coder_32b/model.py,41,<module>,module,from,models.common.modules.rmsnorm.rmsnorm_1d,RMSNorm1D,,models,internal_models_namespace,models.common.modules.rmsnorm.rmsnorm_1d
models,models/common/models/qwen25_coder_32b/model.py,41,<module>,module,from,models.common.modules.rmsnorm.rmsnorm_1d,RMSNorm1DConfig,,models,internal_models_namespace,models.common.modules.rmsnorm.rmsnorm_1d
models,models/common/models/qwen25_coder_32b/model.py,41,<module>,module,from,models.common.modules.rmsnorm.rmsnorm_1d,_create_sharded_norm_program_config,,models,internal_models_namespace,models.common.modules.rmsnorm.rmsnorm_1d
models,models/common/models/qwen25_coder_32b/model.py,42,<module>,module,from,models.common.modules.rope.rope_1d,Rope1DConfig,,models,internal_models_namespace,models.common.modules.rope.rope_1d
models,models/common/models/qwen25_coder_32b/model.py,42,<module>,module,from,models.common.modules.rope.rope_1d,RotarySetup1D,,models,internal_models_namespace,models.common.modules.rope.rope_1d
models,models/common/models/qwen25_coder_32b/model.py,42,<module>,module,from,models.common.modules.rope.rope_1d,prepare_rot_idxs,,models,internal_models_namespace,models.common.modules.rope.rope_1d
models,models/common/models/qwen25_coder_32b/model.py,43,<module>,module,from,models.common.modules.sampling.sampling_1d,Sampling1D,,models,internal_models_namespace,models.common.modules.sampling.sampling_1d
models,models/common/models/qwen25_coder_32b/model.py,44,<module>,module,from,models.common.modules.tt_ccl,default_topology,,models,internal_models_namespace,models.common.modules.tt_ccl
models,models/common/models/qwen25_coder_32b/model.py,44,<module>,module,from,models.common.modules.tt_ccl,get_tt_ccl,,models,internal_models_namespace,models.common.modules.tt_ccl
models,models/common/models/qwen25_coder_32b/model.py,45,<module>,module,from,models.common.tensor_utils,TILE_SIZE,,models,external_models_tt_metal,
models,models/common/models/qwen25_coder_32b/model.py,45,<module>,module,from,models.common.tensor_utils,get_padded_hidden_dim,,models,external_models_tt_metal,
models,models/common/models/qwen25_coder_32b/model.py,984,Qwen25Coder32B.from_pretrained,nested,from,models.common.models.qwen25_coder_32b.hf_adaptor,from_pretrained,,models,internal_models_namespace,models.common.models.qwen25_coder_32b.hf_adaptor
models,models/common/models/qwen25_coder_32b/weight_utils.py,14,<module>,module,from,__future__,annotations,,__future__,stdlib,
models,models/common/models/qwen25_coder_32b/weight_utils.py,16,<module>,module,import,math,,,math,stdlib,
models,models/common/models/qwen25_coder_32b/weight_utils.py,17,<module>,module,from,pathlib,Path,,pathlib,stdlib,
models,models/common/models/qwen25_coder_32b/weight_utils.py,18,<module>,module,from,typing,Any,,typing,stdlib,
models,models/common/models/qwen25_coder_32b/weight_utils.py,20,<module>,module,import,torch,,,torch,third_party_base,
models,models/common/models/qwen25_coder_32b/weight_utils.py,22,<module>,module,import,ttnn,,,ttnn,third_party_base,
models,models/common/models/qwen25_coder_32b/weight_utils.py,23,<module>,module,from,models.common.modules.lazy_weight,LazyWeight,,models,internal_models_namespace,models.common.modules.lazy_weight
models,models/common/models/qwen2_7b/__init__.py,4,<module>,module,from,models.common.models.qwen2_7b.executor,Qwen2Executor,,models,internal_models_namespace,models.common.models.qwen2_7b.executor
models,models/common/models/qwen2_7b/__init__.py,4,<module>,module,from,models.common.models.qwen2_7b.executor,Qwen2ExecutorConfig,,models,internal_models_namespace,models.common.models.qwen2_7b.executor
models,models/common/models/qwen2_7b/__init__.py,5,<module>,module,from,models.common.models.qwen2_7b.generator,Qwen2Generator,,models,internal_models_namespace,models.common.models.qwen2_7b.generator
models,models/common/models/qwen2_7b/__init__.py,5,<module>,module,from,models.common.models.qwen2_7b.generator,Qwen2GeneratorConfig,,models,internal_models_namespace,models.common.models.qwen2_7b.generator
models,models/common/models/qwen2_7b/__init__.py,6,<module>,module,from,models.common.models.qwen2_7b.hf_adaptor,Qwen2ForCausalLM,,models,internal_models_namespace,models.common.models.qwen2_7b.hf_adaptor
models,models/common/models/qwen2_7b/__init__.py,6,<module>,module,from,models.common.models.qwen2_7b.hf_adaptor,Qwen2RuntimeConfig,,models,internal_models_namespace,models.common.models.qwen2_7b.hf_adaptor
models,models/common/models/qwen2_7b/__init__.py,7,<module>,module,from,models.common.models.qwen2_7b.model,QWEN2_7B_ACCURACY,,models,internal_models_namespace,models.common.models.qwen2_7b.model
models,models/common/models/qwen2_7b/__init__.py,7,<module>,module,from,models.common.models.qwen2_7b.model,QWEN2_7B_PERFORMANCE,,models,internal_models_namespace,models.common.models.qwen2_7b.model
models,models/common/models/qwen2_7b/__init__.py,7,<module>,module,from,models.common.models.qwen2_7b.model,Qwen2PagedAttentionConfig,,models,internal_models_namespace,models.common.models.qwen2_7b.model
models,models/common/models/qwen2_7b/__init__.py,7,<module>,module,from,models.common.models.qwen2_7b.model,Qwen2_7B,,models,internal_models_namespace,models.common.models.qwen2_7b.model
models,models/common/models/qwen2_7b/__init__.py,7,<module>,module,from,models.common.models.qwen2_7b.model,Qwen2_7BPrecisionConfig,,models,internal_models_namespace,models.common.models.qwen2_7b.model
models,models/common/models/qwen2_7b/__init__.py,7,<module>,module,from,models.common.models.qwen2_7b.model,Qwen2_7BTransformerConfig,,models,internal_models_namespace,models.common.models.qwen2_7b.model
models,models/common/models/qwen2_7b/executor.py,6,<module>,module,from,models.common.models.qwen2_7b.hf_adaptor,Qwen2ForCausalLM,,models,internal_models_namespace,models.common.models.qwen2_7b.hf_adaptor
models,models/common/models/qwen2_7b/executor.py,7,<module>,module,from,models.common.models.qwen2_executor,Qwen2Executor,,models,internal_models_namespace,models.common.models.qwen2_executor
models,models/common/models/qwen2_7b/executor.py,7,<module>,module,from,models.common.models.qwen2_executor,Qwen2ExecutorConfig,,models,internal_models_namespace,models.common.models.qwen2_executor
models,models/common/models/qwen2_7b/executor.py,8,<module>,module,from,models.common.models.qwen2_executor,build_qwen2_7b_executor,_build_qwen2_7b_executor,models,internal_models_namespace,models.common.models.qwen2_executor
models,models/common/models/qwen2_7b/generator.py,6,<module>,module,from,__future__,annotations,,__future__,stdlib,
models,models/common/models/qwen2_7b/generator.py,8,<module>,module,from,collections.abc,Sequence,,collections,stdlib,
models,models/common/models/qwen2_7b/generator.py,9,<module>,module,from,dataclasses,dataclass,,dataclasses,stdlib,
models,models/common/models/qwen2_7b/generator.py,10,<module>,module,from,typing,Any,,typing,stdlib,
models,models/common/models/qwen2_7b/generator.py,12,<module>,module,import,torch,,,torch,third_party_base,
models,models/common/models/qwen2_7b/generator.py,14,<module>,module,import,ttnn,,,ttnn,third_party_base,
models,models/common/models/qwen2_7b/generator.py,15,<module>,module,from,models.common.llm_runtime.config,PagedKVCacheConfig,,models,internal_models_namespace,models.common.llm_runtime.config
models,models/common/models/qwen2_7b/generator.py,15,<module>,module,from,models.common.llm_runtime.config,TraceConfig,,models,internal_models_namespace,models.common.llm_runtime.config
models,models/common/models/qwen2_7b/generator.py,15,<module>,module,from,models.common.llm_runtime.config,TraceMode,,models,internal_models_namespace,models.common.llm_runtime.config
models,models/common/models/qwen2_7b/generator.py,15,<module>,module,from,models.common.llm_runtime.config,WarmupConfig,,models,internal_models_namespace,models.common.llm_runtime.config
models,models/common/models/qwen2_7b/generator.py,16,<module>,module,from,models.common.llm_runtime.lane_group,LaneGroupExecutor,,models,internal_models_namespace,models.common.llm_runtime.lane_group
models,models/common/models/qwen2_7b/generator.py,17,<module>,module,from,models.common.llm_runtime.vllm_adapter,NormalizedPrefillKwargs,,models,internal_models_namespace,models.common.llm_runtime.vllm_adapter
models,models/common/models/qwen2_7b/generator.py,17,<module>,module,from,models.common.llm_runtime.vllm_adapter,VLLMAdapter,,models,internal_models_namespace,models.common.llm_runtime.vllm_adapter
models,models/common/models/qwen2_7b/generator.py,17,<module>,module,from,models.common.llm_runtime.vllm_adapter,VLLMAdapterConfig,,models,internal_models_namespace,models.common.llm_runtime.vllm_adapter
models,models/common/models/qwen2_7b/generator.py,18,<module>,module,from,models.common.models.qwen2_7b.executor,Qwen2ExecutorConfig,,models,internal_models_namespace,models.common.models.qwen2_7b.executor
models,models/common/models/qwen2_7b/generator.py,18,<module>,module,from,models.common.models.qwen2_7b.executor,build_qwen2_7b_executor,,models,internal_models_namespace,models.common.models.qwen2_7b.executor
models,models/common/models/qwen2_7b/generator.py,19,<module>,module,from,models.common.models.qwen2_7b.hf_adaptor,from_pretrained,,models,internal_models_namespace,models.common.models.qwen2_7b.hf_adaptor
models,models/common/models/qwen2_7b/generator.py,20,<module>,module,from,models.common.models.qwen2_7b.model,Qwen2PagedAttentionConfig,,models,internal_models_namespace,models.common.models.qwen2_7b.model
models,models/common/models/qwen2_7b/generator.py,463,_create_submeshes,nested,from,models.tt_transformers.tt.generator,create_submeshes,,models,external_models_tttv1,
models,models/common/models/qwen2_7b/hf_adaptor.py,6,<module>,module,from,__future__,annotations,,__future__,stdlib,
models,models/common/models/qwen2_7b/hf_adaptor.py,8,<module>,module,import,os,,,os,stdlib,
models,models/common/models/qwen2_7b/hf_adaptor.py,9,<module>,module,from,dataclasses,dataclass,,dataclasses,stdlib,
models,models/common/models/qwen2_7b/hf_adaptor.py,9,<module>,module,from,dataclasses,field,,dataclasses,stdlib,
models,models/common/models/qwen2_7b/hf_adaptor.py,10,<module>,module,from,pathlib,Path,,pathlib,stdlib,
models,models/common/models/qwen2_7b/hf_adaptor.py,11,<module>,module,from,typing,Any,,typing,stdlib,
models,models/common/models/qwen2_7b/hf_adaptor.py,13,<module>,module,import,torch,,,torch,third_party_base,
models,models/common/models/qwen2_7b/hf_adaptor.py,14,<module>,module,from,transformers,AutoConfig,,transformers,third_party_optional,
models,models/common/models/qwen2_7b/hf_adaptor.py,14,<module>,module,from,transformers,AutoModelForCausalLM,,transformers,third_party_optional,
models,models/common/models/qwen2_7b/hf_adaptor.py,14,<module>,module,from,transformers,AutoTokenizer,,transformers,third_party_optional,
models,models/common/models/qwen2_7b/hf_adaptor.py,16,<module>,module,import,ttnn,,,ttnn,third_party_base,
models,models/common/models/qwen2_7b/hf_adaptor.py,17,<module>,module,from,models.common.models.qwen2_7b,weight_utils,,models,internal_models_namespace,models.common.models.qwen2_7b
models,models/common/models/qwen2_7b/hf_adaptor.py,18,<module>,module,from,models.common.models.qwen2_7b.model,QWEN2_7B_ACCURACY,,models,internal_models_namespace,models.common.models.qwen2_7b.model
models,models/common/models/qwen2_7b/hf_adaptor.py,18,<module>,module,from,models.common.models.qwen2_7b.model,QWEN2_7B_PERFORMANCE,,models,internal_models_namespace,models.common.models.qwen2_7b.model
models,models/common/models/qwen2_7b/hf_adaptor.py,18,<module>,module,from,models.common.models.qwen2_7b.model,Qwen2PagedAttentionConfig,,models,internal_models_namespace,models.common.models.qwen2_7b.model
models,models/common/models/qwen2_7b/hf_adaptor.py,18,<module>,module,from,models.common.models.qwen2_7b.model,Qwen2_7B,,models,internal_models_namespace,models.common.models.qwen2_7b.model
models,models/common/models/qwen2_7b/hf_adaptor.py,18,<module>,module,from,models.common.models.qwen2_7b.model,Qwen2_7BLayerWeights,,models,internal_models_namespace,models.common.models.qwen2_7b.model
models,models/common/models/qwen2_7b/hf_adaptor.py,18,<module>,module,from,models.common.models.qwen2_7b.model,Qwen2_7BModelParameters,,models,internal_models_namespace,models.common.models.qwen2_7b.model
models,models/common/models/qwen2_7b/hf_adaptor.py,18,<module>,module,from,models.common.models.qwen2_7b.model,Qwen2_7BPrecisionConfig,,models,internal_models_namespace,models.common.models.qwen2_7b.model
models,models/common/models/qwen2_7b/hf_adaptor.py,18,<module>,module,from,models.common.models.qwen2_7b.model,Qwen2_7BWeights,,models,internal_models_namespace,models.common.models.qwen2_7b.model
models,models/common/models/qwen2_7b/hf_adaptor.py,18,<module>,module,from,models.common.models.qwen2_7b.model,build_qwen2_7b_transformer_config,,models,internal_models_namespace,models.common.models.qwen2_7b.model
models,models/common/models/qwen2_7b/model.py,16,<module>,module,from,__future__,annotations,,__future__,stdlib,
models,models/common/models/qwen2_7b/model.py,18,<module>,module,import,math,,,math,stdlib,
models,models/common/models/qwen2_7b/model.py,19,<module>,module,from,dataclasses,dataclass,,dataclasses,stdlib,
models,models/common/models/qwen2_7b/model.py,19,<module>,module,from,dataclasses,field,,dataclasses,stdlib,
models,models/common/models/qwen2_7b/model.py,19,<module>,module,from,dataclasses,replace,,dataclasses,stdlib,
models,models/common/models/qwen2_7b/model.py,20,<module>,module,from,pathlib,Path,,pathlib,stdlib,
models,models/common/models/qwen2_7b/model.py,21,<module>,module,from,typing,Any,,typing,stdlib,
models,models/common/models/qwen2_7b/model.py,23,<module>,module,import,torch,,,torch,third_party_base,
models,models/common/models/qwen2_7b/model.py,24,<module>,module,from,loguru,logger,,loguru,third_party_base,
models,models/common/models/qwen2_7b/model.py,26,<module>,module,import,ttnn,,,ttnn,third_party_base,
models,models/common/models/qwen2_7b/model.py,27,<module>,module,from,models.common.lightweightmodule,LightweightModule,,models,external_models_tt_metal,
models,models/common/models/qwen2_7b/model.py,28,<module>,module,from,models.common.modules.attention.attention_1d,Attention1D,,models,internal_models_namespace,models.common.modules.attention.attention_1d
models,models/common/models/qwen2_7b/model.py,28,<module>,module,from,models.common.modules.attention.attention_1d,Attention1DConfig,,models,internal_models_namespace,models.common.modules.attention.attention_1d
models,models/common/models/qwen2_7b/model.py,28,<module>,module,from,models.common.modules.attention.attention_1d,_dram_matmul_config,,models,internal_models_namespace,models.common.modules.attention.attention_1d
models,models/common/models/qwen2_7b/model.py,28,<module>,module,from,models.common.modules.attention.attention_1d,_dram_shard_core_grid,,models,internal_models_namespace,models.common.modules.attention.attention_1d
models,models/common/models/qwen2_7b/model.py,34,<module>,module,from,models.common.modules.embedding.embedding_1d,Embedding1D,,models,internal_models_namespace,models.common.modules.embedding.embedding_1d
models,models/common/models/qwen2_7b/model.py,34,<module>,module,from,models.common.modules.embedding.embedding_1d,Embedding1DConfig,,models,internal_models_namespace,models.common.modules.embedding.embedding_1d
models,models/common/models/qwen2_7b/model.py,35,<module>,module,from,models.common.modules.lazy_weight,LazyWeight,,models,internal_models_namespace,models.common.modules.lazy_weight
models,models/common/models/qwen2_7b/model.py,36,<module>,module,from,models.common.modules.lm_head.lm_head_1d,LMHead1D,,models,internal_models_namespace,models.common.modules.lm_head.lm_head_1d
models,models/common/models/qwen2_7b/model.py,36,<module>,module,from,models.common.modules.lm_head.lm_head_1d,LMHead1DConfig,,models,internal_models_namespace,models.common.modules.lm_head.lm_head_1d
models,models/common/models/qwen2_7b/model.py,36,<module>,module,from,models.common.modules.lm_head.lm_head_1d,_nearest_32,,models,internal_models_namespace,models.common.modules.lm_head.lm_head_1d
models,models/common/models/qwen2_7b/model.py,37,<module>,module,from,models.common.modules.mlp.mlp_1d,MLP1D,,models,internal_models_namespace,models.common.modules.mlp.mlp_1d
models,models/common/models/qwen2_7b/model.py,37,<module>,module,from,models.common.modules.mlp.mlp_1d,MLP1DConfig,,models,internal_models_namespace,models.common.modules.mlp.mlp_1d
models,models/common/models/qwen2_7b/model.py,37,<module>,module,from,models.common.modules.mlp.mlp_1d,_dram_shard_core_grid_k_n,,models,internal_models_namespace,models.common.modules.mlp.mlp_1d
models,models/common/models/qwen2_7b/model.py,38,<module>,module,from,models.common.modules.rmsnorm.rmsnorm_1d,RMSNorm1D,,models,internal_models_namespace,models.common.modules.rmsnorm.rmsnorm_1d
models,models/common/models/qwen2_7b/model.py,38,<module>,module,from,models.common.modules.rmsnorm.rmsnorm_1d,RMSNorm1DConfig,,models,internal_models_namespace,models.common.modules.rmsnorm.rmsnorm_1d
models,models/common/models/qwen2_7b/model.py,38,<module>,module,from,models.common.modules.rmsnorm.rmsnorm_1d,_create_sharded_norm_program_config,,models,internal_models_namespace,models.common.modules.rmsnorm.rmsnorm_1d
models,models/common/models/qwen2_7b/model.py,39,<module>,module,from,models.common.modules.rope.rope_1d,Rope1DConfig,,models,internal_models_namespace,models.common.modules.rope.rope_1d
models,models/common/models/qwen2_7b/model.py,39,<module>,module,from,models.common.modules.rope.rope_1d,RotarySetup1D,,models,internal_models_namespace,models.common.modules.rope.rope_1d
models,models/common/models/qwen2_7b/model.py,39,<module>,module,from,models.common.modules.rope.rope_1d,prepare_rot_idxs,,models,internal_models_namespace,models.common.modules.rope.rope_1d
models,models/common/models/qwen2_7b/model.py,40,<module>,module,from,models.common.modules.sampling.sampling_1d,Sampling1D,,models,internal_models_namespace,models.common.modules.sampling.sampling_1d
models,models/common/models/qwen2_7b/model.py,40,<module>,module,from,models.common.modules.sampling.sampling_1d,Sampling1DConfig,,models,internal_models_namespace,models.common.modules.sampling.sampling_1d
models,models/common/models/qwen2_7b/model.py,41,<module>,module,from,models.common.modules.tt_ccl,default_topology,,models,internal_models_namespace,models.common.modules.tt_ccl
models,models/common/models/qwen2_7b/model.py,41,<module>,module,from,models.common.modules.tt_ccl,get_tt_ccl,,models,internal_models_namespace,models.common.modules.tt_ccl
models,models/common/models/qwen2_7b/model.py,42,<module>,module,from,models.common.tensor_utils,TILE_SIZE,,models,external_models_tt_metal,
models,models/common/models/qwen2_7b/model.py,42,<module>,module,from,models.common.tensor_utils,get_padded_hidden_dim,,models,external_models_tt_metal,
models,models/common/models/qwen2_7b/model.py,827,Qwen2_7B.__init__,nested,from,tqdm,tqdm,,tqdm,third_party_optional,
models,models/common/models/qwen2_7b/weight_utils.py,12,<module>,module,from,__future__,annotations,,__future__,stdlib,
models,models/common/models/qwen2_7b/weight_utils.py,14,<module>,module,import,math,,,math,stdlib,
models,models/common/models/qwen2_7b/weight_utils.py,15,<module>,module,from,pathlib,Path,,pathlib,stdlib,
models,models/common/models/qwen2_7b/weight_utils.py,16,<module>,module,from,typing,Any,,typing,stdlib,
models,models/common/models/qwen2_7b/weight_utils.py,18,<module>,module,import,torch,,,torch,third_party_base,
models,models/common/models/qwen2_7b/weight_utils.py,20,<module>,module,import,ttnn,,,ttnn,third_party_base,
models,models/common/models/qwen2_7b/weight_utils.py,21,<module>,module,from,models.common.modules.lazy_weight,LazyWeight,,models,internal_models_namespace,models.common.modules.lazy_weight
models,models/common/models/qwen2_executor.py,12,<module>,module,from,__future__,annotations,,__future__,stdlib,
models,models/common/models/qwen2_executor.py,14,<module>,module,from,dataclasses,dataclass,,dataclasses,stdlib,
models,models/common/models/qwen2_executor.py,15,<module>,module,from,functools,wraps,,functools,stdlib,
models,models/common/models/qwen2_executor.py,16,<module>,module,from,typing,Any,,typing,stdlib,
models,models/common/models/qwen2_executor.py,16,<module>,module,from,typing,Callable,,typing,stdlib,
models,models/common/models/qwen2_executor.py,16,<module>,module,from,typing,Sequence,,typing,stdlib,
models,models/common/models/qwen2_executor.py,18,<module>,module,import,torch,,,torch,third_party_base,
models,models/common/models/qwen2_executor.py,20,<module>,module,from,models.common.llm_runtime.execution,EagerExecutor,,models,internal_models_namespace,models.common.llm_runtime.execution
models,models/common/models/qwen2_executor.py,20,<module>,module,from,models.common.llm_runtime.execution,TracedExecutor,,models,internal_models_namespace,models.common.llm_runtime.execution
models,models/common/models/qwen2_executor.py,21,<module>,module,from,models.common.models.executor,ModelExecutor,,models,internal_models_namespace,models.common.models.executor
models,models/common/models/qwen2_executor.py,21,<module>,module,from,models.common.models.executor,ModelExecutorConfig,,models,internal_models_namespace,models.common.models.executor
models,models/common/models/qwen2_executor.py,22,<module>,module,from,models.common.modules.sampling.sampling_1d,Sampling1D,,models,internal_models_namespace,models.common.modules.sampling.sampling_1d
models,models/common/models/qwen2_executor.py,23,<module>,module,from,models.common.sampling,SamplingParams,,models,external_models_tt_metal,
models,models/common/models/qwen3_32b/__init__.py,4,<module>,module,from,models.common.models.qwen3_32b.executor,EagerQwen3_32BExecutor,,models,internal_models_namespace,models.common.models.qwen3_32b.executor
models,models/common/models/qwen3_32b/__init__.py,4,<module>,module,from,models.common.models.qwen3_32b.executor,TracedQwen3_32BExecutor,,models,internal_models_namespace,models.common.models.qwen3_32b.executor
models,models/common/models/qwen3_32b/__init__.py,8,<module>,module,from,models.common.models.qwen3_32b.generator,Qwen3_32BGenerator,,models,internal_models_namespace,models.common.models.qwen3_32b.generator
models,models/common/models/qwen3_32b/__init__.py,8,<module>,module,from,models.common.models.qwen3_32b.generator,Qwen3_32BGeneratorConfig,,models,internal_models_namespace,models.common.models.qwen3_32b.generator
models,models/common/models/qwen3_32b/__init__.py,12,<module>,module,from,models.common.models.qwen3_32b.model,QWEN3_32B_ACCURACY,,models,internal_models_namespace,models.common.models.qwen3_32b.model
models,models/common/models/qwen3_32b/__init__.py,12,<module>,module,from,models.common.models.qwen3_32b.model,QWEN3_32B_PERFORMANCE,,models,internal_models_namespace,models.common.models.qwen3_32b.model
models,models/common/models/qwen3_32b/__init__.py,12,<module>,module,from,models.common.models.qwen3_32b.model,Qwen3_32B,,models,internal_models_namespace,models.common.models.qwen3_32b.model
models,models/common/models/qwen3_32b/__init__.py,12,<module>,module,from,models.common.models.qwen3_32b.model,Qwen3_32BConfig,,models,internal_models_namespace,models.common.models.qwen3_32b.model
models,models/common/models/qwen3_32b/__init__.py,12,<module>,module,from,models.common.models.qwen3_32b.model,Qwen3_32BExecutorRuntimeConfig,,models,internal_models_namespace,models.common.models.qwen3_32b.model
models,models/common/models/qwen3_32b/__init__.py,12,<module>,module,from,models.common.models.qwen3_32b.model,Qwen3_32BPagedAttentionConfig,,models,internal_models_namespace,models.common.models.qwen3_32b.model
models,models/common/models/qwen3_32b/__init__.py,12,<module>,module,from,models.common.models.qwen3_32b.model,Qwen3_32BPrecisionConfig,,models,internal_models_namespace,models.common.models.qwen3_32b.model
models,models/common/models/qwen3_32b/demo.py,26,<module>,module,from,__future__,annotations,,__future__,stdlib,
models,models/common/models/qwen3_32b/demo.py,28,<module>,module,import,os,,,os,stdlib,
models,models/common/models/qwen3_32b/demo.py,30,<module>,module,import,pytest,,,pytest,third_party_test,
models,models/common/models/qwen3_32b/demo.py,31,<module>,module,import,torch,,,torch,third_party_base,
models,models/common/models/qwen3_32b/demo.py,32,<module>,module,from,transformers,AutoConfig,,transformers,third_party_optional,
models,models/common/models/qwen3_32b/demo.py,32,<module>,module,from,transformers,AutoModelForCausalLM,,transformers,third_party_optional,
models,models/common/models/qwen3_32b/demo.py,34,<module>,module,import,ttnn,,,ttnn,third_party_base,
models,models/common/models/qwen3_32b/demo.py,35,<module>,module,from,models.common.models.qwen3_32b.executor,EagerQwen3_32BExecutor,,models,internal_models_namespace,models.common.models.qwen3_32b.executor
models,models/common/models/qwen3_32b/demo.py,35,<module>,module,from,models.common.models.qwen3_32b.executor,TracedQwen3_32BExecutor,,models,internal_models_namespace,models.common.models.qwen3_32b.executor
models,models/common/models/qwen3_32b/demo.py,35,<module>,module,from,models.common.models.qwen3_32b.executor,run_lm_head,,models,internal_models_namespace,models.common.models.qwen3_32b.executor
models,models/common/models/qwen3_32b/demo.py,35,<module>,module,from,models.common.models.qwen3_32b.executor,run_prefill,,models,internal_models_namespace,models.common.models.qwen3_32b.executor
models,models/common/models/qwen3_32b/demo.py,41,<module>,module,from,models.common.models.qwen3_32b.generator,greedy_argmax_from_logits,,models,internal_models_namespace,models.common.models.qwen3_32b.generator
models,models/common/models/qwen3_32b/demo.py,41,<module>,module,from,models.common.models.qwen3_32b.generator,greedy_decode_one_step,,models,internal_models_namespace,models.common.models.qwen3_32b.generator
models,models/common/models/qwen3_32b/demo.py,42,<module>,module,from,models.common.models.qwen3_32b.model,Qwen3_32B,,models,internal_models_namespace,models.common.models.qwen3_32b.model
models,models/common/models/qwen3_32b/demo.py,43,<module>,module,from,models.common.tests.demos.cleanup_utils,cleanup_model_case,,models,external_models_test,
models,models/common/models/qwen3_32b/demo.py,44,<module>,module,from,models.common.tests.demos.run_helpers,make_contiguous_page_table,,models,external_models_test,
models,models/common/models/qwen3_32b/demo.py,45,<module>,module,from,models.common.utility_functions,comp_pcc,,models,external_models_tt_metal,
models,models/common/models/qwen3_32b/demo.py,382,test_qwen3_32b_numerical_divergence_vs_hf,nested,import,csv,,,csv,stdlib,
models,models/common/models/qwen3_32b/demo.py,383,test_qwen3_32b_numerical_divergence_vs_hf,nested,import,gc,,,gc,stdlib,
models,models/common/models/qwen3_32b/demo.py,385,test_qwen3_32b_numerical_divergence_vs_hf,nested,from,models.common.models.qwen3_32b.model,Qwen3_32BDecoderLayer,,models,internal_models_namespace,models.common.models.qwen3_32b.model
models,models/common/models/qwen3_32b/demo.py,385,test_qwen3_32b_numerical_divergence_vs_hf,nested,from,models.common.models.qwen3_32b.model,_all_gather_rmsnorm_tensor,,models,internal_models_namespace,models.common.models.qwen3_32b.model
models,models/common/models/qwen3_32b/executor.py,12,<module>,module,from,__future__,annotations,,__future__,stdlib,
models,models/common/models/qwen3_32b/executor.py,14,<module>,module,from,collections,defaultdict,,collections,stdlib,
models,models/common/models/qwen3_32b/executor.py,15,<module>,module,from,dataclasses,dataclass,,dataclasses,stdlib,
models,models/common/models/qwen3_32b/executor.py,16,<module>,module,from,functools,wraps,,functools,stdlib,
models,models/common/models/qwen3_32b/executor.py,17,<module>,module,from,typing,Any,,typing,stdlib,
models,models/common/models/qwen3_32b/executor.py,17,<module>,module,from,typing,Callable,,typing,stdlib,
models,models/common/models/qwen3_32b/executor.py,19,<module>,module,import,torch,,,torch,third_party_base,
models,models/common/models/qwen3_32b/executor.py,21,<module>,module,import,ttnn,,,ttnn,third_party_base,
models,models/common/models/qwen3_32b/executor.py,22,<module>,module,from,models.common.llm_runtime.config,PagedKVCacheConfig,,models,internal_models_namespace,models.common.llm_runtime.config
models,models/common/models/qwen3_32b/executor.py,22,<module>,module,from,models.common.llm_runtime.config,TraceConfig,,models,internal_models_namespace,models.common.llm_runtime.config
models,models/common/models/qwen3_32b/executor.py,22,<module>,module,from,models.common.llm_runtime.config,WarmupConfig,,models,internal_models_namespace,models.common.llm_runtime.config
models,models/common/models/qwen3_32b/executor.py,23,<module>,module,from,models.common.models.executor,ModelExecutor,,models,internal_models_namespace,models.common.models.executor
models,models/common/models/qwen3_32b/executor.py,23,<module>,module,from,models.common.models.executor,ModelExecutorConfig,,models,internal_models_namespace,models.common.models.executor
models,models/common/models/qwen3_32b/executor.py,24,<module>,module,from,models.common.models.qwen3_32b.hf_adaptor,Qwen3_32BForCausalLM,,models,internal_models_namespace,models.common.models.qwen3_32b.hf_adaptor
models,models/common/models/qwen3_32b/executor.py,25,<module>,module,from,models.common.models.qwen3_32b.model,_slice_last_token_tile,,models,internal_models_namespace,models.common.models.qwen3_32b.model
models,models/common/models/qwen3_32b/executor.py,26,<module>,module,from,models.common.modules.sampling.sampling_1d,Sampling1D,,models,internal_models_namespace,models.common.modules.sampling.sampling_1d
models,models/common/models/qwen3_32b/executor.py,27,<module>,module,from,models.common.modules.sampling.sampling_state_1d,SamplingState1D,,models,internal_models_namespace,models.common.modules.sampling.sampling_state_1d
models,models/common/models/qwen3_32b/executor.py,28,<module>,module,from,models.common.sampling.sampling_params,SamplingParams,,models,external_models_tt_metal,
models,models/common/models/qwen3_32b/generator.py,6,<module>,module,from,__future__,annotations,,__future__,stdlib,
models,models/common/models/qwen3_32b/generator.py,8,<module>,module,from,dataclasses,dataclass,,dataclasses,stdlib,
models,models/common/models/qwen3_32b/generator.py,9,<module>,module,from,typing,Any,,typing,stdlib,
models,models/common/models/qwen3_32b/generator.py,11,<module>,module,import,ttnn,,,ttnn,third_party_base,
models,models/common/models/qwen3_32b/generator.py,12,<module>,module,from,models.common.llm_runtime.config,PagedKVCacheConfig,,models,internal_models_namespace,models.common.llm_runtime.config
models,models/common/models/qwen3_32b/generator.py,12,<module>,module,from,models.common.llm_runtime.config,TraceConfig,,models,internal_models_namespace,models.common.llm_runtime.config
models,models/common/models/qwen3_32b/generator.py,12,<module>,module,from,models.common.llm_runtime.config,TraceMode,,models,internal_models_namespace,models.common.llm_runtime.config
models,models/common/models/qwen3_32b/generator.py,12,<module>,module,from,models.common.llm_runtime.config,WarmupConfig,,models,internal_models_namespace,models.common.llm_runtime.config
models,models/common/models/qwen3_32b/generator.py,13,<module>,module,from,models.common.llm_runtime.lane_group,LaneGroupExecutor,,models,internal_models_namespace,models.common.llm_runtime.lane_group
models,models/common/models/qwen3_32b/generator.py,14,<module>,module,from,models.common.llm_runtime.vllm_adapter,NormalizedPrefillKwargs,,models,internal_models_namespace,models.common.llm_runtime.vllm_adapter
models,models/common/models/qwen3_32b/generator.py,14,<module>,module,from,models.common.llm_runtime.vllm_adapter,VLLMAdapter,,models,internal_models_namespace,models.common.llm_runtime.vllm_adapter
models,models/common/models/qwen3_32b/generator.py,14,<module>,module,from,models.common.llm_runtime.vllm_adapter,VLLMAdapterConfig,,models,internal_models_namespace,models.common.llm_runtime.vllm_adapter
models,models/common/models/qwen3_32b/generator.py,15,<module>,module,from,models.common.models.qwen3_32b.executor,Qwen3_32BExecutorConfig,,models,internal_models_namespace,models.common.models.qwen3_32b.executor
models,models/common/models/qwen3_32b/generator.py,15,<module>,module,from,models.common.models.qwen3_32b.executor,build_qwen3_32b_executor,,models,internal_models_namespace,models.common.models.qwen3_32b.executor
models,models/common/models/qwen3_32b/generator.py,16,<module>,module,from,models.common.models.qwen3_32b.hf_adaptor,DEFAULT_HF_REVISION,,models,internal_models_namespace,models.common.models.qwen3_32b.hf_adaptor
models,models/common/models/qwen3_32b/generator.py,16,<module>,module,from,models.common.models.qwen3_32b.hf_adaptor,from_pretrained,,models,internal_models_namespace,models.common.models.qwen3_32b.hf_adaptor
models,models/common/models/qwen3_32b/generator.py,17,<module>,module,from,models.common.models.qwen3_32b.model,Qwen3_32BPagedAttentionConfig,,models,internal_models_namespace,models.common.models.qwen3_32b.model
models,models/common/models/qwen3_32b/generator.py,347,_create_submeshes,nested,from,models.tt_transformers.tt.generator,create_submeshes,,models,external_models_tttv1,
models,models/common/models/qwen3_32b/hf_adaptor.py,6,<module>,module,from,__future__,annotations,,__future__,stdlib,
models,models/common/models/qwen3_32b/hf_adaptor.py,8,<module>,module,import,os,,,os,stdlib,
models,models/common/models/qwen3_32b/hf_adaptor.py,9,<module>,module,from,dataclasses,dataclass,,dataclasses,stdlib,
models,models/common/models/qwen3_32b/hf_adaptor.py,9,<module>,module,from,dataclasses,field,,dataclasses,stdlib,
models,models/common/models/qwen3_32b/hf_adaptor.py,10,<module>,module,from,pathlib,Path,,pathlib,stdlib,
models,models/common/models/qwen3_32b/hf_adaptor.py,11,<module>,module,from,typing,Any,,typing,stdlib,
models,models/common/models/qwen3_32b/hf_adaptor.py,13,<module>,module,from,transformers,AutoConfig,,transformers,third_party_optional,
models,models/common/models/qwen3_32b/hf_adaptor.py,13,<module>,module,from,transformers,AutoTokenizer,,transformers,third_party_optional,
models,models/common/models/qwen3_32b/hf_adaptor.py,15,<module>,module,import,ttnn,,,ttnn,third_party_base,
models,models/common/models/qwen3_32b/hf_adaptor.py,16,<module>,module,from,models.common.models.qwen3_32b.model,DEFAULT_HF_REVISION,,models,internal_models_namespace,models.common.models.qwen3_32b.model
models,models/common/models/qwen3_32b/hf_adaptor.py,16,<module>,module,from,models.common.models.qwen3_32b.model,QWEN3_32B_ACCURACY,,models,internal_models_namespace,models.common.models.qwen3_32b.model
models,models/common/models/qwen3_32b/hf_adaptor.py,16,<module>,module,from,models.common.models.qwen3_32b.model,QWEN3_32B_BH_TP4_CLUSTER_TYPES,,models,internal_models_namespace,models.common.models.qwen3_32b.model
models,models/common/models/qwen3_32b/hf_adaptor.py,16,<module>,module,from,models.common.models.qwen3_32b.model,QWEN3_32B_PERFORMANCE,,models,internal_models_namespace,models.common.models.qwen3_32b.model
models,models/common/models/qwen3_32b/hf_adaptor.py,16,<module>,module,from,models.common.models.qwen3_32b.model,Qwen3_32B,,models,internal_models_namespace,models.common.models.qwen3_32b.model
models,models/common/models/qwen3_32b/hf_adaptor.py,16,<module>,module,from,models.common.models.qwen3_32b.model,Qwen3_32BPagedAttentionConfig,,models,internal_models_namespace,models.common.models.qwen3_32b.model
models,models/common/models/qwen3_32b/hf_adaptor.py,16,<module>,module,from,models.common.models.qwen3_32b.model,Qwen3_32BPrecisionConfig,,models,internal_models_namespace,models.common.models.qwen3_32b.model
models,models/common/models/qwen3_32b/model.py,18,<module>,module,from,__future__,annotations,,__future__,stdlib,
models,models/common/models/qwen3_32b/model.py,20,<module>,module,import,math,,,math,stdlib,
models,models/common/models/qwen3_32b/model.py,21,<module>,module,import,os,,,os,stdlib,
models,models/common/models/qwen3_32b/model.py,22,<module>,module,from,dataclasses,dataclass,,dataclasses,stdlib,
models,models/common/models/qwen3_32b/model.py,22,<module>,module,from,dataclasses,field,,dataclasses,stdlib,
models,models/common/models/qwen3_32b/model.py,22,<module>,module,from,dataclasses,replace,,dataclasses,stdlib,
models,models/common/models/qwen3_32b/model.py,23,<module>,module,from,pathlib,Path,,pathlib,stdlib,
models,models/common/models/qwen3_32b/model.py,24,<module>,module,from,typing,Any,,typing,stdlib,
models,models/common/models/qwen3_32b/model.py,24,<module>,module,from,typing,List,,typing,stdlib,
models,models/common/models/qwen3_32b/model.py,26,<module>,module,import,torch,,,torch,third_party_base,
models,models/common/models/qwen3_32b/model.py,27,<module>,module,from,loguru,logger,,loguru,third_party_base,
models,models/common/models/qwen3_32b/model.py,28,<module>,module,from,transformers,AutoConfig,,transformers,third_party_optional,
models,models/common/models/qwen3_32b/model.py,28,<module>,module,from,transformers,AutoModelForCausalLM,,transformers,third_party_optional,
models,models/common/models/qwen3_32b/model.py,30,<module>,module,import,ttnn,,,ttnn,third_party_base,
models,models/common/models/qwen3_32b/model.py,31,<module>,module,from,models.common.lightweightmodule,LightweightModule,,models,external_models_tt_metal,
models,models/common/models/qwen3_32b/model.py,32,<module>,module,from,models.common.models.qwen3_32b,weight_utils,,models,internal_models_namespace,models.common.models.qwen3_32b
models,models/common/models/qwen3_32b/model.py,33,<module>,module,from,models.common.modules.attention.attention_1d,Attention1D,,models,internal_models_namespace,models.common.modules.attention.attention_1d
models,models/common/models/qwen3_32b/model.py,33,<module>,module,from,models.common.modules.attention.attention_1d,Attention1DConfig,,models,internal_models_namespace,models.common.modules.attention.attention_1d
models,models/common/models/qwen3_32b/model.py,33,<module>,module,from,models.common.modules.attention.attention_1d,_dram_matmul_config,,models,internal_models_namespace,models.common.modules.attention.attention_1d
models,models/common/models/qwen3_32b/model.py,33,<module>,module,from,models.common.modules.attention.attention_1d,_dram_shard_core_grid,,models,internal_models_namespace,models.common.modules.attention.attention_1d
models,models/common/models/qwen3_32b/model.py,39,<module>,module,from,models.common.modules.embedding.embedding_1d,Embedding1D,,models,internal_models_namespace,models.common.modules.embedding.embedding_1d
models,models/common/models/qwen3_32b/model.py,39,<module>,module,from,models.common.modules.embedding.embedding_1d,Embedding1DConfig,,models,internal_models_namespace,models.common.modules.embedding.embedding_1d
models,models/common/models/qwen3_32b/model.py,40,<module>,module,from,models.common.modules.lazy_weight,LazyWeight,,models,internal_models_namespace,models.common.modules.lazy_weight
models,models/common/models/qwen3_32b/model.py,41,<module>,module,from,models.common.modules.lm_head.lm_head_1d,LMHead1D,,models,internal_models_namespace,models.common.modules.lm_head.lm_head_1d
models,models/common/models/qwen3_32b/model.py,41,<module>,module,from,models.common.modules.lm_head.lm_head_1d,LMHead1DConfig,,models,internal_models_namespace,models.common.modules.lm_head.lm_head_1d
models,models/common/models/qwen3_32b/model.py,41,<module>,module,from,models.common.modules.lm_head.lm_head_1d,_nearest_32,,models,internal_models_namespace,models.common.modules.lm_head.lm_head_1d
models,models/common/models/qwen3_32b/model.py,42,<module>,module,from,models.common.modules.mlp.mlp_1d,MLP1D,,models,internal_models_namespace,models.common.modules.mlp.mlp_1d
models,models/common/models/qwen3_32b/model.py,42,<module>,module,from,models.common.modules.mlp.mlp_1d,MLP1DConfig,,models,internal_models_namespace,models.common.modules.mlp.mlp_1d
models,models/common/models/qwen3_32b/model.py,42,<module>,module,from,models.common.modules.mlp.mlp_1d,_dram_shard_core_grid_k_n,,models,internal_models_namespace,models.common.modules.mlp.mlp_1d
models,models/common/models/qwen3_32b/model.py,43,<module>,module,from,models.common.modules.rmsnorm.rmsnorm_1d,RMSNorm1D,,models,internal_models_namespace,models.common.modules.rmsnorm.rmsnorm_1d
models,models/common/models/qwen3_32b/model.py,43,<module>,module,from,models.common.modules.rmsnorm.rmsnorm_1d,RMSNorm1DConfig,,models,internal_models_namespace,models.common.modules.rmsnorm.rmsnorm_1d
models,models/common/models/qwen3_32b/model.py,43,<module>,module,from,models.common.modules.rmsnorm.rmsnorm_1d,_create_sharded_norm_program_config,,models,internal_models_namespace,models.common.modules.rmsnorm.rmsnorm_1d
models,models/common/models/qwen3_32b/model.py,44,<module>,module,from,models.common.modules.rope.rope_1d,Rope1DConfig,,models,internal_models_namespace,models.common.modules.rope.rope_1d
models,models/common/models/qwen3_32b/model.py,44,<module>,module,from,models.common.modules.rope.rope_1d,RotarySetup1D,,models,internal_models_namespace,models.common.modules.rope.rope_1d
models,models/common/models/qwen3_32b/model.py,44,<module>,module,from,models.common.modules.rope.rope_1d,prepare_rot_idxs,,models,internal_models_namespace,models.common.modules.rope.rope_1d
models,models/common/models/qwen3_32b/model.py,45,<module>,module,from,models.common.modules.sampling.sampling_1d,Sampling1D,,models,internal_models_namespace,models.common.modules.sampling.sampling_1d
models,models/common/models/qwen3_32b/model.py,46,<module>,module,from,models.common.modules.tt_ccl,get_tt_ccl,,models,internal_models_namespace,models.common.modules.tt_ccl
models,models/common/models/qwen3_32b/model.py,47,<module>,module,from,models.common.tensor_utils,TILE_SIZE,,models,external_models_tt_metal,
models,models/common/models/qwen3_32b/model.py,47,<module>,module,from,models.common.tensor_utils,get_padded_hidden_dim,,models,external_models_tt_metal,
models,models/common/models/qwen3_32b/weight_utils.py,19,<module>,module,from,__future__,annotations,,__future__,stdlib,
models,models/common/models/qwen3_32b/weight_utils.py,21,<module>,module,import,math,,,math,stdlib,
models,models/common/models/qwen3_32b/weight_utils.py,22,<module>,module,from,pathlib,Path,,pathlib,stdlib,
models,models/common/models/qwen3_32b/weight_utils.py,23,<module>,module,from,typing,Any,,typing,stdlib,
models,models/common/models/qwen3_32b/weight_utils.py,25,<module>,module,import,torch,,,torch,third_party_base,
models,models/common/models/qwen3_32b/weight_utils.py,27,<module>,module,import,ttnn,,,ttnn,third_party_base,
models,models/common/models/qwen3_32b/weight_utils.py,28,<module>,module,from,models.common.modules.lazy_weight,LazyWeight,,models,internal_models_namespace,models.common.modules.lazy_weight
modules,models/common/modules/attention/attention_1d.py,36,<module>,module,import,math,,,math,stdlib,
modules,models/common/modules/attention/attention_1d.py,37,<module>,module,from,dataclasses,dataclass,,dataclasses,stdlib,
modules,models/common/modules/attention/attention_1d.py,37,<module>,module,from,dataclasses,field,,dataclasses,stdlib,
modules,models/common/modules/attention/attention_1d.py,37,<module>,module,from,dataclasses,replace,,dataclasses,stdlib,
modules,models/common/modules/attention/attention_1d.py,38,<module>,module,from,functools,lru_cache,,functools,stdlib,
modules,models/common/modules/attention/attention_1d.py,39,<module>,module,from,pathlib,Path,,pathlib,stdlib,
modules,models/common/modules/attention/attention_1d.py,40,<module>,module,from,typing,Callable,,typing,stdlib,
modules,models/common/modules/attention/attention_1d.py,40,<module>,module,from,typing,Optional,,typing,stdlib,
modules,models/common/modules/attention/attention_1d.py,42,<module>,module,import,ttnn,,,ttnn,third_party_base,
modules,models/common/modules/attention/attention_1d.py,43,<module>,module,from,models.common.lightweightmodule,LightweightModule,,models,external_models_tt_metal,
modules,models/common/modules/attention/attention_1d.py,44,<module>,module,from,models.common.modules.lazy_weight,LazyWeight,,models,internal_models_namespace,models.common.modules.lazy_weight
modules,models/common/modules/attention/attention_1d.py,44,<module>,module,from,models.common.modules.lazy_weight,resolve_lazy_weight,,models,internal_models_namespace,models.common.modules.lazy_weight
modules,models/common/modules/attention/attention_1d.py,45,<module>,module,from,models.common.modules.rmsnorm.rmsnorm_1d,RMSNorm1D,,models,internal_models_namespace,models.common.modules.rmsnorm.rmsnorm_1d
modules,models/common/modules/attention/attention_1d.py,45,<module>,module,from,models.common.modules.rmsnorm.rmsnorm_1d,RMSNorm1DConfig,,models,internal_models_namespace,models.common.modules.rmsnorm.rmsnorm_1d
modules,models/common/modules/attention/attention_1d.py,46,<module>,module,from,models.common.modules.tt_ccl,CCL_CHUNKS_PER_SYNC,,models,internal_models_namespace,models.common.modules.tt_ccl
modules,models/common/modules/attention/attention_1d.py,46,<module>,module,from,models.common.modules.tt_ccl,CCL_NUM_BUFFERS_PER_CHANNEL,,models,internal_models_namespace,models.common.modules.tt_ccl
modules,models/common/modules/attention/attention_1d.py,46,<module>,module,from,models.common.modules.tt_ccl,CCL_NUM_WORKERS_PER_LINK,,models,internal_models_namespace,models.common.modules.tt_ccl
modules,models/common/modules/attention/attention_1d.py,46,<module>,module,from,models.common.modules.tt_ccl,TT_CCL,,models,internal_models_namespace,models.common.modules.tt_ccl
modules,models/common/modules/attention/attention_1d.py,46,<module>,module,from,models.common.modules.tt_ccl,default_topology,,models,internal_models_namespace,models.common.modules.tt_ccl
modules,models/common/modules/attention/attention_1d.py,46,<module>,module,from,models.common.modules.tt_ccl,get_tt_ccl,,models,internal_models_namespace,models.common.modules.tt_ccl
modules,models/common/modules/attention/attention_1d.py,54,<module>,module,from,models.common.tensor_utils,TILE_SIZE,,models,external_models_tt_metal,
modules,models/common/modules/attention/attention_1d.py,54,<module>,module,from,models.common.tensor_utils,get_out_subblock_w,,models,external_models_tt_metal,
modules,models/common/modules/attention/attention_1d.py,54,<module>,module,from,models.common.tensor_utils,get_rot_transformation_mat,,models,external_models_tt_metal,
modules,models/common/modules/attention/attention_1d.py,54,<module>,module,from,models.common.tensor_utils,nearest_32,,models,external_models_tt_metal,
modules,models/common/modules/attention/attention_1d.py,54,<module>,module,from,models.common.tensor_utils,zeros_like_kv_cache,,models,external_models_tt_metal,
modules,models/common/modules/attention/attention_1d.py,54,<module>,module,from,models.common.tensor_utils,zeros_like_paged_cache,,models,external_models_tt_metal,
modules,models/common/modules/attention/attention_1d.py,1390,Attention1D.from_model_args,nested,import,torch,,,torch,third_party_base,
modules,models/common/modules/attention/attention_1d.py,1392,Attention1D.from_model_args,nested,from,models.tt_transformers.tt.model_config,OpGroup,,models,external_models_tttv1,
modules,models/common/modules/attention/attention_1d.py,1392,Attention1D.from_model_args,nested,from,models.tt_transformers.tt.model_config,TensorGroup,,models,external_models_tttv1,
modules,models/common/modules/embedding/embedding_1d.py,16,<module>,module,from,dataclasses,dataclass,,dataclasses,stdlib,
modules,models/common/modules/embedding/embedding_1d.py,16,<module>,module,from,dataclasses,replace,,dataclasses,stdlib,
modules,models/common/modules/embedding/embedding_1d.py,17,<module>,module,from,pathlib,Path,,pathlib,stdlib,
modules,models/common/modules/embedding/embedding_1d.py,19,<module>,module,import,ttnn,,,ttnn,third_party_base,
modules,models/common/modules/embedding/embedding_1d.py,20,<module>,module,from,models.common.lightweightmodule,LightweightModule,,models,external_models_tt_metal,
modules,models/common/modules/embedding/embedding_1d.py,21,<module>,module,from,models.common.modules.lazy_weight,LazyWeight,,models,internal_models_namespace,models.common.modules.lazy_weight
modules,models/common/modules/embedding/embedding_1d.py,21,<module>,module,from,models.common.modules.lazy_weight,resolve_lazy_weight,,models,internal_models_namespace,models.common.modules.lazy_weight
modules,models/common/modules/lazy_buffer.py,21,<module>,module,from,dataclasses,dataclass,,dataclasses,stdlib,
modules,models/common/modules/lazy_buffer.py,21,<module>,module,from,dataclasses,field,,dataclasses,stdlib,
modules,models/common/modules/lazy_buffer.py,21,<module>,module,from,dataclasses,replace,,dataclasses,stdlib,
modules,models/common/modules/lazy_buffer.py,22,<module>,module,from,typing,Optional,,typing,stdlib,
modules,models/common/modules/lazy_buffer.py,24,<module>,module,import,ttnn,,,ttnn,third_party_base,
modules,models/common/modules/lazy_weight.py,18,<module>,module,import,hashlib,,,hashlib,stdlib,
modules,models/common/modules/lazy_weight.py,19,<module>,module,import,pathlib,,,pathlib,stdlib,
modules,models/common/modules/lazy_weight.py,20,<module>,module,from,dataclasses,dataclass,,dataclasses,stdlib,
modules,models/common/modules/lazy_weight.py,20,<module>,module,from,dataclasses,field,,dataclasses,stdlib,
modules,models/common/modules/lazy_weight.py,20,<module>,module,from,dataclasses,replace,,dataclasses,stdlib,
modules,models/common/modules/lazy_weight.py,21,<module>,module,from,pathlib,Path,,pathlib,stdlib,
modules,models/common/modules/lazy_weight.py,22,<module>,module,from,typing,Optional,,typing,stdlib,
modules,models/common/modules/lazy_weight.py,24,<module>,module,from,loguru,logger,,loguru,third_party_base,
modules,models/common/modules/lazy_weight.py,26,<module>,module,import,ttnn,,,ttnn,third_party_base,
modules,models/common/modules/lazy_weight.py,27,<module>,module,from,models.common.tensor_utils,get_padded_hidden_dim,,models,external_models_tt_metal,
modules,models/common/modules/lazy_weight.py,27,<module>,module,from,models.common.tensor_utils,pad_to_shape,,models,external_models_tt_metal,
modules,models/common/modules/lazy_weight.py,27,<module>,module,from,models.common.tensor_utils,parse_shard_dims_from_mesh_mapper_config,,models,external_models_tt_metal,
modules,models/common/modules/lm_head/lm_head_1d.py,18,<module>,module,import,math,,,math,stdlib,
modules,models/common/modules/lm_head/lm_head_1d.py,19,<module>,module,from,dataclasses,dataclass,,dataclasses,stdlib,
modules,models/common/modules/lm_head/lm_head_1d.py,19,<module>,module,from,dataclasses,replace,,dataclasses,stdlib,
modules,models/common/modules/lm_head/lm_head_1d.py,20,<module>,module,from,pathlib,Path,,pathlib,stdlib,
modules,models/common/modules/lm_head/lm_head_1d.py,21,<module>,module,from,typing,List,,typing,stdlib,
modules,models/common/modules/lm_head/lm_head_1d.py,23,<module>,module,import,ttnn,,,ttnn,third_party_base,
modules,models/common/modules/lm_head/lm_head_1d.py,24,<module>,module,from,models.common.lightweightmodule,LightweightModule,,models,external_models_tt_metal,
modules,models/common/modules/lm_head/lm_head_1d.py,25,<module>,module,from,models.common.modules.lazy_weight,LazyWeight,,models,internal_models_namespace,models.common.modules.lazy_weight
modules,models/common/modules/lm_head/lm_head_1d.py,25,<module>,module,from,models.common.modules.lazy_weight,resolve_lazy_weight,,models,internal_models_namespace,models.common.modules.lazy_weight
modules,models/common/modules/lm_head/lm_head_1d.py,26,<module>,module,from,models.common.tensor_utils,TILE_SIZE,,models,external_models_tt_metal,
modules,models/common/modules/lm_head/lm_head_1d.py,27,<module>,module,from,models.common.tensor_utils,nearest_32,_nearest_32,models,external_models_tt_metal,
modules,models/common/modules/lm_head/lm_head_1d.py,190,LMHead1D.from_model_args,nested,import,torch,,,torch,third_party_base,
modules,models/common/modules/mlp/mlp_1d.py,18,<module>,module,import,math,,,math,stdlib,
modules,models/common/modules/mlp/mlp_1d.py,19,<module>,module,from,dataclasses,dataclass,,dataclasses,stdlib,
modules,models/common/modules/mlp/mlp_1d.py,19,<module>,module,from,dataclasses,replace,,dataclasses,stdlib,
modules,models/common/modules/mlp/mlp_1d.py,20,<module>,module,from,functools,lru_cache,,functools,stdlib,
modules,models/common/modules/mlp/mlp_1d.py,21,<module>,module,from,pathlib,Path,,pathlib,stdlib,
modules,models/common/modules/mlp/mlp_1d.py,22,<module>,module,from,typing,Callable,,typing,stdlib,
modules,models/common/modules/mlp/mlp_1d.py,22,<module>,module,from,typing,Optional,,typing,stdlib,
modules,models/common/modules/mlp/mlp_1d.py,24,<module>,module,import,ttnn,,,ttnn,third_party_base,
modules,models/common/modules/mlp/mlp_1d.py,25,<module>,module,from,models.common.lightweightmodule,LightweightModule,,models,external_models_tt_metal,
modules,models/common/modules/mlp/mlp_1d.py,26,<module>,module,from,models.common.modules.lazy_weight,LazyWeight,,models,internal_models_namespace,models.common.modules.lazy_weight
modules,models/common/modules/mlp/mlp_1d.py,26,<module>,module,from,models.common.modules.lazy_weight,resolve_lazy_weight,,models,internal_models_namespace,models.common.modules.lazy_weight
modules,models/common/modules/mlp/mlp_1d.py,27,<module>,module,from,models.common.modules.tt_ccl,CCL_CHUNKS_PER_SYNC,,models,internal_models_namespace,models.common.modules.tt_ccl
modules,models/common/modules/mlp/mlp_1d.py,27,<module>,module,from,models.common.modules.tt_ccl,CCL_NUM_BUFFERS_PER_CHANNEL,,models,internal_models_namespace,models.common.modules.tt_ccl
modules,models/common/modules/mlp/mlp_1d.py,27,<module>,module,from,models.common.modules.tt_ccl,CCL_NUM_WORKERS_PER_LINK,,models,internal_models_namespace,models.common.modules.tt_ccl
modules,models/common/modules/mlp/mlp_1d.py,27,<module>,module,from,models.common.modules.tt_ccl,TT_CCL,,models,internal_models_namespace,models.common.modules.tt_ccl
modules,models/common/modules/mlp/mlp_1d.py,27,<module>,module,from,models.common.modules.tt_ccl,default_topology,,models,internal_models_namespace,models.common.modules.tt_ccl
modules,models/common/modules/mlp/mlp_1d.py,27,<module>,module,from,models.common.modules.tt_ccl,get_tt_ccl,,models,internal_models_namespace,models.common.modules.tt_ccl
modules,models/common/modules/mlp/mlp_1d.py,35,<module>,module,from,models.common.tensor_utils,TILE_SIZE,,models,external_models_tt_metal,
modules,models/common/modules/mlp/mlp_1d.py,35,<module>,module,from,models.common.tensor_utils,get_out_subblock_w,,models,external_models_tt_metal,
modules,models/common/modules/mlp/mlp_1d.py,35,<module>,module,from,models.common.tensor_utils,get_padded_hidden_dim,,models,external_models_tt_metal,
modules,models/common/modules/mlp/mlp_1d.py,35,<module>,module,from,models.common.tensor_utils,pad_dim_to_size,,models,external_models_tt_metal,
modules,models/common/modules/mlp/mlp_1d.py,36,<module>,module,from,models.tt_transformers.tt.common,Mode,,models,external_models_tttv1,
modules,models/common/modules/mlp/mlp_1d.py,512,MLP1D.from_model_args,nested,import,torch,,,torch,third_party_base,
modules,models/common/modules/mlp/mlp_1d.py,514,MLP1D.from_model_args,nested,from,models.tt_transformers.tt.model_config,OpGroup,,models,external_models_tttv1,
modules,models/common/modules/mlp/mlp_1d.py,514,MLP1D.from_model_args,nested,from,models.tt_transformers.tt.model_config,TensorGroup,,models,external_models_tttv1,
modules,models/common/modules/mlp/mlp_2d.py,17,<module>,module,from,__future__,annotations,,__future__,stdlib,
modules,models/common/modules/mlp/mlp_2d.py,19,<module>,module,from,dataclasses,dataclass,,dataclasses,stdlib,
modules,models/common/modules/mlp/mlp_2d.py,19,<module>,module,from,dataclasses,replace,,dataclasses,stdlib,
modules,models/common/modules/mlp/mlp_2d.py,20,<module>,module,from,pathlib,Path,,pathlib,stdlib,
modules,models/common/modules/mlp/mlp_2d.py,21,<module>,module,from,typing,Any,,typing,stdlib,
modules,models/common/modules/mlp/mlp_2d.py,21,<module>,module,from,typing,Callable,,typing,stdlib,
modules,models/common/modules/mlp/mlp_2d.py,21,<module>,module,from,typing,Optional,,typing,stdlib,
modules,models/common/modules/mlp/mlp_2d.py,23,<module>,module,import,ttnn,,,ttnn,third_party_base,
modules,models/common/modules/mlp/mlp_2d.py,24,<module>,module,from,models.common.lightweightmodule,LightweightModule,,models,external_models_tt_metal,
modules,models/common/modules/mlp/mlp_2d.py,25,<module>,module,from,models.common.modules.lazy_weight,LazyWeight,,models,internal_models_namespace,models.common.modules.lazy_weight
modules,models/common/modules/mlp/mlp_2d.py,25,<module>,module,from,models.common.modules.lazy_weight,resolve_lazy_weight,,models,internal_models_namespace,models.common.modules.lazy_weight
modules,models/common/modules/mlp/mlp_2d.py,26,<module>,module,from,models.common.modules.tt_ccl,CCL_CHUNKS_PER_SYNC,,models,internal_models_namespace,models.common.modules.tt_ccl
modules,models/common/modules/mlp/mlp_2d.py,26,<module>,module,from,models.common.modules.tt_ccl,CCL_NUM_BUFFERS_PER_CHANNEL,,models,internal_models_namespace,models.common.modules.tt_ccl
modules,models/common/modules/mlp/mlp_2d.py,26,<module>,module,from,models.common.modules.tt_ccl,CCL_NUM_WORKERS_PER_LINK,,models,internal_models_namespace,models.common.modules.tt_ccl
modules,models/common/modules/mlp/mlp_2d.py,26,<module>,module,from,models.common.modules.tt_ccl,TT_CCL,,models,internal_models_namespace,models.common.modules.tt_ccl
modules,models/common/modules/mlp/mlp_2d.py,26,<module>,module,from,models.common.modules.tt_ccl,default_topology,,models,internal_models_namespace,models.common.modules.tt_ccl
modules,models/common/modules/mlp/mlp_2d.py,26,<module>,module,from,models.common.modules.tt_ccl,get_tt_ccl,,models,internal_models_namespace,models.common.modules.tt_ccl
modules,models/common/modules/mlp/mlp_2d.py,34,<module>,module,from,models.common.tensor_utils,pad_dim_to_size,,models,external_models_tt_metal,
modules,models/common/modules/mlp/mlp_2d.py,35,<module>,module,from,models.common.utility_functions,is_blackhole,,models,external_models_tt_metal,
modules,models/common/modules/mlp/mlp_2d.py,505,MLP2D.from_model_args,nested,import,torch,,,torch,third_party_base,
modules,models/common/modules/mlp/mlp_2d.py,507,MLP2D.from_model_args,nested,from,models.tt_transformers.tt.model_config,OpGroup,,models,external_models_tttv1,
modules,models/common/modules/mlp/mlp_2d.py,507,MLP2D.from_model_args,nested,from,models.tt_transformers.tt.model_config,TensorGroup,,models,external_models_tttv1,
modules,models/common/modules/rmsnorm/rmsnorm_1d.py,19,<module>,module,import,math,,,math,stdlib,
modules,models/common/modules/rmsnorm/rmsnorm_1d.py,20,<module>,module,from,dataclasses,dataclass,,dataclasses,stdlib,
modules,models/common/modules/rmsnorm/rmsnorm_1d.py,20,<module>,module,from,dataclasses,replace,,dataclasses,stdlib,
modules,models/common/modules/rmsnorm/rmsnorm_1d.py,21,<module>,module,from,typing,Optional,,typing,stdlib,
modules,models/common/modules/rmsnorm/rmsnorm_1d.py,23,<module>,module,import,ttnn,,,ttnn,third_party_base,
modules,models/common/modules/rmsnorm/rmsnorm_1d.py,24,<module>,module,from,models.common.lightweightmodule,LightweightModule,,models,external_models_tt_metal,
modules,models/common/modules/rmsnorm/rmsnorm_1d.py,25,<module>,module,from,models.common.modules.lazy_weight,LazyWeight,,models,internal_models_namespace,models.common.modules.lazy_weight
modules,models/common/modules/rmsnorm/rmsnorm_1d.py,25,<module>,module,from,models.common.modules.lazy_weight,resolve_lazy_weight,,models,internal_models_namespace,models.common.modules.lazy_weight
modules,models/common/modules/rmsnorm/rmsnorm_1d.py,26,<module>,module,from,models.common.modules.tt_ccl,default_topology,,models,internal_models_namespace,models.common.modules.tt_ccl
modules,models/common/modules/rmsnorm/rmsnorm_1d.py,26,<module>,module,from,models.common.modules.tt_ccl,get_tt_ccl,,models,internal_models_namespace,models.common.modules.tt_ccl
modules,models/common/modules/rmsnorm/rmsnorm_1d.py,27,<module>,module,from,models.common.tensor_utils,TILE_SIZE,,models,external_models_tt_metal,
modules,models/common/modules/rmsnorm/rmsnorm_2d.py,18,<module>,module,from,dataclasses,dataclass,,dataclasses,stdlib,
modules,models/common/modules/rmsnorm/rmsnorm_2d.py,18,<module>,module,from,dataclasses,replace,,dataclasses,stdlib,
modules,models/common/modules/rmsnorm/rmsnorm_2d.py,19,<module>,module,from,typing,Optional,,typing,stdlib,
modules,models/common/modules/rmsnorm/rmsnorm_2d.py,21,<module>,module,import,ttnn,,,ttnn,third_party_base,
modules,models/common/modules/rmsnorm/rmsnorm_2d.py,22,<module>,module,from,models.common.lightweightmodule,LightweightModule,,models,external_models_tt_metal,
modules,models/common/modules/rmsnorm/rmsnorm_2d.py,23,<module>,module,from,models.common.modules.lazy_weight,LazyWeight,,models,internal_models_namespace,models.common.modules.lazy_weight
modules,models/common/modules/rmsnorm/rmsnorm_2d.py,23,<module>,module,from,models.common.modules.lazy_weight,resolve_lazy_weight,,models,internal_models_namespace,models.common.modules.lazy_weight
modules,models/common/modules/rmsnorm/rmsnorm_2d.py,24,<module>,module,from,models.common.modules.tt_ccl,get_tt_ccl,,models,internal_models_namespace,models.common.modules.tt_ccl
modules,models/common/modules/rmsnorm/rmsnorm_2d.py,25,<module>,module,from,models.common.tensor_utils,TILE_SIZE,,models,external_models_tt_metal,
modules,models/common/modules/rope/rope_1d.py,26,<module>,module,from,dataclasses,dataclass,,dataclasses,stdlib,
modules,models/common/modules/rope/rope_1d.py,26,<module>,module,from,dataclasses,replace,,dataclasses,stdlib,
modules,models/common/modules/rope/rope_1d.py,27,<module>,module,from,typing,Any,,typing,stdlib,
modules,models/common/modules/rope/rope_1d.py,27,<module>,module,from,typing,Dict,,typing,stdlib,
modules,models/common/modules/rope/rope_1d.py,27,<module>,module,from,typing,List,,typing,stdlib,
modules,models/common/modules/rope/rope_1d.py,27,<module>,module,from,typing,Optional,,typing,stdlib,
modules,models/common/modules/rope/rope_1d.py,27,<module>,module,from,typing,Tuple,,typing,stdlib,
modules,models/common/modules/rope/rope_1d.py,27,<module>,module,from,typing,Union,,typing,stdlib,
modules,models/common/modules/rope/rope_1d.py,29,<module>,module,import,ttnn,,,ttnn,third_party_base,
modules,models/common/modules/rope/rope_1d.py,30,<module>,module,from,models.common.lightweightmodule,LightweightModule,,models,external_models_tt_metal,
modules,models/common/modules/rope/rope_1d.py,31,<module>,module,from,models.common.modules.lazy_weight,LazyWeight,,models,internal_models_namespace,models.common.modules.lazy_weight
modules,models/common/modules/rope/rope_1d.py,31,<module>,module,from,models.common.modules.lazy_weight,resolve_lazy_weight,,models,internal_models_namespace,models.common.modules.lazy_weight
modules,models/common/modules/rope/rope_1d.py,32,<module>,module,from,models.common.tensor_utils,TILE_SIZE,,models,external_models_tt_metal,
modules,models/common/modules/rope/rope_1d.py,32,<module>,module,from,models.common.tensor_utils,get_rot_transformation_mat,,models,external_models_tt_metal,
modules,models/common/modules/rope/rope_1d.py,32,<module>,module,from,models.common.tensor_utils,nearest_32,,models,external_models_tt_metal,
modules,models/common/modules/rope/rope_1d.py,264,RotarySetup1D.get_rot_mats,nested,import,torch,,,torch,third_party_base,
modules,models/common/modules/rope/rope_1d.py,291,RotarySetup1D.from_model_args,nested,from,models.tt_transformers.tt.common,rope_scaling_model_factory,,models,external_models_tttv1,
modules,models/common/modules/rope/rope_1d.py,300,RotarySetup1D.from_model_args,nested,from,models.tt_transformers.tt.rope,compute_gather_cos_sin,,models,external_models_tttv1,
modules,models/common/modules/rope/rope_1d.py,470,prepare_rot_idxs,nested,import,torch,,,torch,third_party_base,
modules,models/common/modules/sampling/params.py,12,<module>,module,from,__future__,annotations,,__future__,stdlib,
modules,models/common/modules/sampling/params.py,14,<module>,module,import,dataclasses,,,dataclasses,stdlib,
modules,models/common/modules/sampling/params.py,15,<module>,module,from,collections.abc,Sequence,,collections,stdlib,
modules,models/common/modules/sampling/params.py,16,<module>,module,from,dataclasses,dataclass,,dataclasses,stdlib,
modules,models/common/modules/sampling/params.py,17,<module>,module,from,numbers,Integral,,numbers,stdlib,
modules,models/common/modules/sampling/params.py,18,<module>,module,from,typing,Any,,typing,stdlib,
modules,models/common/modules/sampling/params.py,18,<module>,module,from,typing,Literal,,typing,stdlib,
modules,models/common/modules/sampling/params.py,20,<module>,module,import,torch,,,torch,third_party_base,
modules,models/common/modules/sampling/params.py,22,<module>,module,from,models.common.sampling.sampling_params,SamplingParams,,models,external_models_tt_metal,
modules,models/common/modules/sampling/penalties_1d.py,14,<module>,module,from,__future__,annotations,,__future__,stdlib,
modules,models/common/modules/sampling/penalties_1d.py,16,<module>,module,from,dataclasses,dataclass,,dataclasses,stdlib,
modules,models/common/modules/sampling/penalties_1d.py,16,<module>,module,from,dataclasses,replace,,dataclasses,stdlib,
modules,models/common/modules/sampling/penalties_1d.py,17,<module>,module,from,typing,Any,,typing,stdlib,
modules,models/common/modules/sampling/penalties_1d.py,17,<module>,module,from,typing,Optional,,typing,stdlib,
modules,models/common/modules/sampling/penalties_1d.py,19,<module>,module,import,ttnn,,,ttnn,third_party_base,
modules,models/common/modules/sampling/penalties_1d.py,20,<module>,module,from,models.common.lightweightmodule,LightweightModule,,models,external_models_tt_metal,
modules,models/common/modules/sampling/penalties_1d.py,21,<module>,module,from,models.common.modules.lazy_buffer,LazyBuffer,,models,internal_models_namespace,models.common.modules.lazy_buffer
modules,models/common/modules/sampling/penalties_1d.py,21,<module>,module,from,models.common.modules.lazy_buffer,resolve_lazy_buffer,,models,internal_models_namespace,models.common.modules.lazy_buffer
modules,models/common/modules/sampling/penalties_1d.py,257,Penalties1D.init_prompt_penalties,nested,import,torch,,,torch,third_party_base,
modules,models/common/modules/sampling/penalties_1d.py,368,Penalties1D.update_output_tokens,nested,import,torch,,,torch,third_party_base,
modules,models/common/modules/sampling/penalties_1d.py,402,Penalties1D.reset_output_tokens,nested,import,torch,,,torch,third_party_base,
modules,models/common/modules/sampling/penalties_1d.py,441,Penalties1D._build_slice_tensors,nested,import,torch,,,torch,third_party_base,
modules,models/common/modules/sampling/penalties_1d.py,493,Penalties1D._pad_batch_to_max,nested,import,torch,,,torch,third_party_base,
modules,models/common/modules/sampling/penalties_1d.py,590,_resolve_penalties1d_config,nested,import,torch,,,torch,third_party_base,
modules,models/common/modules/sampling/sampling_1d.py,13,<module>,module,from,__future__,annotations,,__future__,stdlib,
modules,models/common/modules/sampling/sampling_1d.py,15,<module>,module,import,inspect,,,inspect,stdlib,
modules,models/common/modules/sampling/sampling_1d.py,16,<module>,module,import,sys,,,sys,stdlib,
modules,models/common/modules/sampling/sampling_1d.py,17,<module>,module,from,dataclasses,dataclass,,dataclasses,stdlib,
modules,models/common/modules/sampling/sampling_1d.py,17,<module>,module,from,dataclasses,replace,,dataclasses,stdlib,
modules,models/common/modules/sampling/sampling_1d.py,18,<module>,module,from,typing,Any,,typing,stdlib,
modules,models/common/modules/sampling/sampling_1d.py,18,<module>,module,from,typing,Optional,,typing,stdlib,
modules,models/common/modules/sampling/sampling_1d.py,20,<module>,module,from,loguru,logger,,loguru,third_party_base,
modules,models/common/modules/sampling/sampling_1d.py,22,<module>,module,import,ttnn,,,ttnn,third_party_base,
modules,models/common/modules/sampling/sampling_1d.py,23,<module>,module,from,models.common.lightweightmodule,LightweightModule,,models,external_models_tt_metal,
modules,models/common/modules/sampling/sampling_1d.py,24,<module>,module,from,models.common.modules.lazy_buffer,LazyBuffer,,models,internal_models_namespace,models.common.modules.lazy_buffer
modules,models/common/modules/sampling/sampling_1d.py,24,<module>,module,from,models.common.modules.lazy_buffer,resolve_lazy_buffer,,models,internal_models_namespace,models.common.modules.lazy_buffer
modules,models/common/modules/sampling/sampling_1d.py,25,<module>,module,from,models.common.modules.tt_ccl,get_tt_ccl,,models,internal_models_namespace,models.common.modules.tt_ccl
modules,models/common/modules/sampling/sampling_1d.py,26,<module>,module,from,models.common.sampling.vocab_padding,build_invalid_vocab_mask,,models,external_models_tt_metal,
modules,models/common/modules/sampling/sampling_1d.py,26,<module>,module,from,models.common.sampling.vocab_padding,build_tail_invalid_vocab_mask,,models,external_models_tt_metal,
modules,models/common/modules/sampling/sampling_1d.py,26,<module>,module,from,models.common.sampling.vocab_padding,get_vocab_shard_dims,,models,external_models_tt_metal,
modules,models/common/modules/sampling/sampling_1d.py,203,Sampling1D.load_device_buffers,nested,from,models.common.utils,LogProbsCalculator,,models,external_models_tt_metal,
modules,models/common/modules/sampling/sampling_1d.py,737,_resolve_sampling1d_config,nested,import,torch,,,torch,third_party_base,
modules,models/common/modules/sampling/sampling_state_1d.py,13,<module>,module,from,__future__,annotations,,__future__,stdlib,
modules,models/common/modules/sampling/sampling_state_1d.py,15,<module>,module,from,collections.abc,Callable,,collections,stdlib,
modules,models/common/modules/sampling/sampling_state_1d.py,15,<module>,module,from,collections.abc,Iterable,,collections,stdlib,
modules,models/common/modules/sampling/sampling_state_1d.py,15,<module>,module,from,collections.abc,Sequence,,collections,stdlib,
modules,models/common/modules/sampling/sampling_state_1d.py,16,<module>,module,from,dataclasses,dataclass,,dataclasses,stdlib,
modules,models/common/modules/sampling/sampling_state_1d.py,16,<module>,module,from,dataclasses,replace,,dataclasses,stdlib,
modules,models/common/modules/sampling/sampling_state_1d.py,17,<module>,module,from,typing,Any,,typing,stdlib,
modules,models/common/modules/sampling/sampling_state_1d.py,19,<module>,module,import,torch,,,torch,third_party_base,
modules,models/common/modules/sampling/sampling_state_1d.py,21,<module>,module,from,models.common.modules.lazy_buffer,LazyBuffer,,models,internal_models_namespace,models.common.modules.lazy_buffer
modules,models/common/modules/sampling/sampling_state_1d.py,22,<module>,module,from,models.common.modules.sampling.params,PreparedSamplingParams,,models,internal_models_namespace,models.common.modules.sampling.params
modules,models/common/modules/sampling/sampling_state_1d.py,22,<module>,module,from,models.common.modules.sampling.params,place_prepared_sampling_params,,models,internal_models_namespace,models.common.modules.sampling.params
modules,models/common/modules/sampling/sampling_state_1d.py,23,<module>,module,from,models.common.modules.sampling.penalties_1d,Penalties1D,,models,internal_models_namespace,models.common.modules.sampling.penalties_1d
modules,models/common/modules/sampling/sampling_state_1d.py,23,<module>,module,from,models.common.modules.sampling.penalties_1d,Penalties1DConfig,,models,internal_models_namespace,models.common.modules.sampling.penalties_1d
modules,models/common/modules/sampling/sampling_state_1d.py,23,<module>,module,from,models.common.modules.sampling.penalties_1d,PenaltyAccumulator,,models,internal_models_namespace,models.common.modules.sampling.penalties_1d
modules,models/common/modules/sampling/sampling_state_1d.py,23,<module>,module,from,models.common.modules.sampling.penalties_1d,PenaltyParams,,models,internal_models_namespace,models.common.modules.sampling.penalties_1d
modules,models/common/modules/sampling/sampling_state_1d.py,23,<module>,module,from,models.common.modules.sampling.penalties_1d,_materialize,,models,internal_models_namespace,models.common.modules.sampling.penalties_1d
modules,models/common/modules/sampling/sampling_state_1d.py,30,<module>,module,from,models.common.modules.sampling.sampling_1d,Sampling1D,,models,internal_models_namespace,models.common.modules.sampling.sampling_1d
modules,models/common/modules/sampling/sampling_state_1d.py,31,<module>,module,from,models.common.modules.sampling.seed_manager_1d,SeedManager1D,,models,internal_models_namespace,models.common.modules.sampling.seed_manager_1d
modules,models/common/modules/sampling/sampling_state_1d.py,31,<module>,module,from,models.common.modules.sampling.seed_manager_1d,SeedState,,models,internal_models_namespace,models.common.modules.sampling.seed_manager_1d
modules,models/common/modules/sampling/seed_manager_1d.py,16,<module>,module,from,__future__,annotations,,__future__,stdlib,
modules,models/common/modules/sampling/seed_manager_1d.py,18,<module>,module,import,copy,,,copy,stdlib,
modules,models/common/modules/sampling/seed_manager_1d.py,19,<module>,module,import,random,,,random,stdlib,
modules,models/common/modules/sampling/seed_manager_1d.py,20,<module>,module,import,secrets,,,secrets,stdlib,
modules,models/common/modules/sampling/seed_manager_1d.py,21,<module>,module,from,dataclasses,dataclass,,dataclasses,stdlib,
modules,models/common/modules/sampling/seed_manager_1d.py,22,<module>,module,from,typing,Callable,,typing,stdlib,
modules,models/common/modules/sampling/seed_manager_1d.py,22,<module>,module,from,typing,Iterable,,typing,stdlib,
modules,models/common/modules/sampling/seed_manager_1d.py,22,<module>,module,from,typing,Sequence,,typing,stdlib,
modules,models/common/modules/sampling/seed_manager_1d.py,22,<module>,module,from,typing,TYPE_CHECKING,,typing,stdlib,
modules,models/common/modules/sampling/seed_manager_1d.py,24,<module>,module,import,torch,,,torch,third_party_base,
modules,models/common/modules/sampling/seed_manager_1d.py,26,<module>,module,from,models.common.modules.lazy_buffer,LazyBuffer,,models,internal_models_namespace,models.common.modules.lazy_buffer
modules,models/common/modules/sampling/seed_manager_1d.py,29,<module>,module,from,models.common.modules.sampling.sampling_1d,Sampling1DConfig,,models,internal_models_namespace,models.common.modules.sampling.sampling_1d
modules,models/common/modules/tt_ccl.py,4,<module>,module,from,typing,Optional,,typing,stdlib,
modules,models/common/modules/tt_ccl.py,6,<module>,module,import,ttnn,,,ttnn,third_party_base,
modules,models/common/modules/tt_ccl.py,7,<module>,module,from,models.common.device_utils,get_device_name,,models,external_models_tt_metal,
