source_module,target_module,classification,imported_symbol_count,site_count,symbols
models.common.llm_runtime.config,__future__,stdlib,1,1,annotations
models.common.llm_runtime.config,dataclasses,stdlib,1,1,dataclass
models.common.llm_runtime.config,ttnn,third_party_base,1,1,
models.common.llm_runtime.config,typing,stdlib,1,1,Literal
models.common.llm_runtime.decode,__future__,stdlib,1,1,annotations
models.common.llm_runtime.decode,contextlib,stdlib,1,1,
models.common.llm_runtime.decode,dataclasses,stdlib,3,2,dataclass|field
models.common.llm_runtime.decode,functools,stdlib,1,1,
models.common.llm_runtime.decode,loguru,third_party_base,1,1,logger
models.common.llm_runtime.decode,models.common.llm_runtime.config,internal_models_namespace,1,1,PageTableLayout
models.common.llm_runtime.decode,models.common.llm_runtime.output_reader,internal_models_namespace,2,1,OutputReader|PendingRead
models.common.llm_runtime.decode,models.common.llm_runtime.tensor_resources,internal_models_namespace,5,1,TensorResourceOrphan|attach_cleanup_failures|best_effort_deallocate_owned_tensors|raise_cleanup_failures|release_orphans
models.common.llm_runtime.decode,models.common.modules.sampling.params,internal_models_namespace,4,1,PreparedSamplingParams|place_prepared_sampling_params|prepare_sampling_params|slice_sampling_params
models.common.llm_runtime.decode,models.common.modules.sampling.seed_manager_1d,internal_models_namespace,1,1,SeedManager1D
models.common.llm_runtime.decode,models.common.sampling.sampling_params,external_models_tt_metal,1,1,SamplingParams
models.common.llm_runtime.decode,torch,third_party_base,1,1,
models.common.llm_runtime.decode,ttnn,third_party_base,1,1,
models.common.llm_runtime.decode,typing,stdlib,1,1,Any
models.common.llm_runtime.execution,__future__,stdlib,1,1,annotations
models.common.llm_runtime.execution,collections.abc,stdlib,1,1,Sequence
models.common.llm_runtime.execution,dataclasses,stdlib,2,1,asdict|dataclass
models.common.llm_runtime.execution,json,stdlib,1,1,
models.common.llm_runtime.execution,loguru,third_party_base,1,1,logger
models.common.llm_runtime.execution,models.common.llm_runtime.decode,internal_models_namespace,2,2,DecodeRuntime|InvocationResult
models.common.llm_runtime.execution,models.common.llm_runtime.prefill.plan,internal_models_namespace,1,1,PrefillRequest
models.common.llm_runtime.execution,models.common.llm_runtime.prefill.runtime,internal_models_namespace,1,1,PrefillRuntime
models.common.llm_runtime.execution,models.common.llm_runtime.program_compiler,internal_models_namespace,3,1,CompiledProgram|OutputSpec|ProgramCompiler
models.common.llm_runtime.execution,models.common.llm_runtime.trace_compiler,internal_models_namespace,3,1,InputRefreshPolicy|TraceCapturePlan|TraceCompiler
models.common.llm_runtime.execution,torch,third_party_base,1,1,
models.common.llm_runtime.execution,typing,stdlib,1,1,Any
models.common.llm_runtime.lane_group,__future__,stdlib,1,1,annotations
models.common.llm_runtime.lane_group,concurrent.futures,stdlib,3,1,Future|ThreadPoolExecutor|wait
models.common.llm_runtime.lane_group,contextlib,stdlib,1,1,ExitStack
models.common.llm_runtime.lane_group,copy,stdlib,1,1,
models.common.llm_runtime.lane_group,dataclasses,stdlib,1,1,
models.common.llm_runtime.lane_group,models.common.llm_runtime.execution,internal_models_namespace,2,1,EagerExecutor|TracedExecutor
models.common.llm_runtime.lane_group,threading,stdlib,1,1,
models.common.llm_runtime.lane_group,torch,third_party_base,1,1,
models.common.llm_runtime.lane_group,typing,stdlib,5,1,Any|Callable|Iterator|Sequence|TypedDict
models.common.llm_runtime.output_reader,__future__,stdlib,1,1,annotations
models.common.llm_runtime.output_reader,dataclasses,stdlib,2,1,dataclass|field
models.common.llm_runtime.output_reader,itertools,stdlib,1,1,
models.common.llm_runtime.output_reader,threading,stdlib,1,1,
models.common.llm_runtime.output_reader,torch,third_party_base,1,1,
models.common.llm_runtime.output_reader,ttnn,third_party_base,1,1,
models.common.llm_runtime.output_reader,typing,stdlib,1,1,Any
models.common.llm_runtime.paged_kv_cache,__future__,stdlib,1,1,annotations
models.common.llm_runtime.paged_kv_cache,dataclasses,stdlib,1,1,dataclass
models.common.llm_runtime.paged_kv_cache,models.common.llm_runtime.config,internal_models_namespace,1,1,PagedKVCacheConfig
models.common.llm_runtime.paged_kv_cache,pathlib,stdlib,1,1,Path
models.common.llm_runtime.paged_kv_cache,torch,third_party_base,1,1,
models.common.llm_runtime.paged_kv_cache,ttnn,third_party_base,1,1,
models.common.llm_runtime.paged_kv_cache,typing,stdlib,1,1,Any
models.common.llm_runtime.prefill.config,__future__,stdlib,1,1,annotations
models.common.llm_runtime.prefill.config,dataclasses,stdlib,2,1,dataclass|replace
models.common.llm_runtime.prefill.config,models.common.llm_runtime.config,internal_models_namespace,1,1,PageTableLayout
models.common.llm_runtime.prefill.config,models.common.llm_runtime.output_reader,internal_models_namespace,1,1,OutputReader
models.common.llm_runtime.prefill.config,models.common.llm_runtime.prefill.sampling_helpers,internal_models_namespace,1,1,_TILE_SIZE
models.common.llm_runtime.prefill.config,typing,stdlib,2,1,Any|Callable
models.common.llm_runtime.prefill.inputs,__future__,stdlib,1,1,annotations
models.common.llm_runtime.prefill.inputs,dataclasses,stdlib,1,1,dataclass
models.common.llm_runtime.prefill.inputs,models.common.llm_runtime.prefill.plan,internal_models_namespace,2,1,PrefillChunk|PrefillRequest
models.common.llm_runtime.prefill.inputs,models.common.llm_runtime.prefill.sampling_helpers,internal_models_namespace,1,1,_TILE_SIZE
models.common.llm_runtime.prefill.inputs,models.common.llm_runtime.tensor_resources,internal_models_namespace,3,1,attach_cleanup_failures|best_effort_deallocate_owned_tensors|raise_cleanup_failures
models.common.llm_runtime.prefill.inputs,torch,third_party_base,1,1,
models.common.llm_runtime.prefill.inputs,ttnn,third_party_base,1,1,
models.common.llm_runtime.prefill.inputs,typing,stdlib,3,1,Any|Callable|Sequence
models.common.llm_runtime.prefill.plan,__future__,stdlib,1,1,annotations
models.common.llm_runtime.prefill.plan,dataclasses,stdlib,1,1,dataclass
models.common.llm_runtime.prefill.plan,math,stdlib,1,1,
models.common.llm_runtime.prefill.plan,torch,third_party_base,1,1,
models.common.llm_runtime.prefill.plan,typing,stdlib,2,1,Literal|Sequence
models.common.llm_runtime.prefill.postprocess,__future__,stdlib,1,1,annotations
models.common.llm_runtime.prefill.postprocess,models.common.llm_runtime.prefill.config,internal_models_namespace,1,1,PrefillRuntimeConfig
models.common.llm_runtime.prefill.postprocess,models.common.llm_runtime.prefill.inputs,internal_models_namespace,1,1,PrefillPositionInputs
models.common.llm_runtime.prefill.postprocess,models.common.llm_runtime.prefill.plan,internal_models_namespace,1,1,PrefillRequest
models.common.llm_runtime.prefill.postprocess,models.common.llm_runtime.prefill.sampling_helpers,internal_models_namespace,2,1,SamplingPath|_TILE_SIZE
models.common.llm_runtime.prefill.postprocess,models.common.llm_runtime.prefill.signatures,internal_models_namespace,1,1,PreparedPrefill
models.common.llm_runtime.prefill.postprocess,models.common.modules.sampling.params,internal_models_namespace,2,1,PreparedSamplingParams|prepare_sampling_params
models.common.llm_runtime.prefill.postprocess,models.common.sampling.sampling_params,external_models_tt_metal,1,1,SamplingParams
models.common.llm_runtime.prefill.postprocess,torch,third_party_base,1,1,
models.common.llm_runtime.prefill.postprocess,ttnn,third_party_base,1,1,
models.common.llm_runtime.prefill.postprocess,typing,stdlib,3,1,Any|Callable|Iterable
models.common.llm_runtime.prefill.result_collector,__future__,stdlib,1,1,annotations
models.common.llm_runtime.prefill.result_collector,dataclasses,stdlib,1,1,dataclass
models.common.llm_runtime.prefill.result_collector,models.common.llm_runtime.prefill.config,internal_models_namespace,1,1,PrefillRuntimeConfig
models.common.llm_runtime.prefill.result_collector,models.common.llm_runtime.prefill.postprocess,internal_models_namespace,1,1,PrefillPostprocessor
models.common.llm_runtime.prefill.result_collector,models.common.llm_runtime.prefill.sampling_helpers,internal_models_namespace,3,1,_TILE_SIZE|_merge_log_probs|_select_sample_log_prob
models.common.llm_runtime.prefill.result_collector,models.common.llm_runtime.prefill.signatures,internal_models_namespace,1,1,PreparedPrefill
models.common.llm_runtime.prefill.result_collector,models.common.llm_runtime.tensor_resources,internal_models_namespace,2,1,attach_cleanup_failures|raise_cleanup_failures
models.common.llm_runtime.prefill.result_collector,models.common.sampling.sampling_params,external_models_tt_metal,1,1,SamplingParams
models.common.llm_runtime.prefill.result_collector,torch,third_party_base,1,1,
models.common.llm_runtime.prefill.result_collector,ttnn,third_party_base,1,1,
models.common.llm_runtime.prefill.result_collector,typing,stdlib,3,1,Any|Callable|Iterable
models.common.llm_runtime.prefill.runtime,__future__,stdlib,1,1,annotations
models.common.llm_runtime.prefill.runtime,models.common.llm_runtime.config,internal_models_namespace,1,1,PageTableLayout
models.common.llm_runtime.prefill.runtime,models.common.llm_runtime.prefill.config,internal_models_namespace,1,1,PrefillRuntimeConfig
models.common.llm_runtime.prefill.runtime,models.common.llm_runtime.prefill.inputs,internal_models_namespace,5,1,PrefillDeviceInputs|PrefillInputStager|PrefillPositionInputs|allocate_device_tensors|copy_into_device_tensors
models.common.llm_runtime.prefill.runtime,models.common.llm_runtime.prefill.plan,internal_models_namespace,5,1,PrefillChunk|PrefillRequest|_max_prefill_chunk_size|_padded_prefill_length|_plan_prefill_requests
models.common.llm_runtime.prefill.runtime,models.common.llm_runtime.prefill.postprocess,internal_models_namespace,1,1,postprocess
models.common.llm_runtime.prefill.runtime,models.common.llm_runtime.prefill.result_collector,internal_models_namespace,1,1,result_collector
models.common.llm_runtime.prefill.runtime,models.common.llm_runtime.prefill.sampling_helpers,internal_models_namespace,1,1,_slice_sampling_params
models.common.llm_runtime.prefill.runtime,models.common.llm_runtime.prefill.sequence_runner,internal_models_namespace,1,1,sequence_runner
models.common.llm_runtime.prefill.runtime,models.common.llm_runtime.prefill.signatures,internal_models_namespace,3,1,PreparedPrefill|build_program_signatures|build_trace_signature
models.common.llm_runtime.prefill.runtime,models.common.llm_runtime.prefill.trace,internal_models_namespace,1,1,trace
models.common.llm_runtime.prefill.runtime,models.common.llm_runtime.tensor_resources,internal_models_namespace,4,1,TensorResourceOrphan|best_effort_deallocate_owned_tensors|raise_cleanup_failures|release_orphans
models.common.llm_runtime.prefill.runtime,models.common.modules.sampling.params,internal_models_namespace,1,1,prepare_sampling_params
models.common.llm_runtime.prefill.runtime,models.common.sampling.sampling_params,external_models_tt_metal,1,1,SamplingParams
models.common.llm_runtime.prefill.runtime,os,stdlib,1,1,
models.common.llm_runtime.prefill.runtime,torch,third_party_base,1,1,
models.common.llm_runtime.prefill.runtime,typing,stdlib,3,1,Any|Iterable|Sequence
models.common.llm_runtime.prefill.sampling_helpers,__future__,stdlib,1,1,annotations
models.common.llm_runtime.prefill.sampling_helpers,models.common.modules.sampling.params,internal_models_namespace,2,1,prepare_sampling_params|slice_sampling_params
models.common.llm_runtime.prefill.sampling_helpers,torch,third_party_base,1,1,
models.common.llm_runtime.prefill.sampling_helpers,ttnn,third_party_base,1,1,
models.common.llm_runtime.prefill.sampling_helpers,typing,stdlib,1,1,Literal
models.common.llm_runtime.prefill.sequence_runner,__future__,stdlib,1,1,annotations
models.common.llm_runtime.prefill.sequence_runner,models.common.llm_runtime.prefill.inputs,internal_models_namespace,3,1,PrefillDeviceInputs|PrefillInputStager|PrefillPositionInputs
models.common.llm_runtime.prefill.sequence_runner,models.common.llm_runtime.prefill.plan,internal_models_namespace,2,1,PrefillChunk|PrefillRequest
models.common.llm_runtime.prefill.sequence_runner,models.common.llm_runtime.prefill.postprocess,internal_models_namespace,2,1,PrefillPostprocessor|retain_owned
models.common.llm_runtime.prefill.sequence_runner,models.common.llm_runtime.prefill.result_collector,internal_models_namespace,1,1,InvocationResult
models.common.llm_runtime.prefill.sequence_runner,models.common.llm_runtime.prefill.signatures,internal_models_namespace,1,1,PreparedPrefill
models.common.llm_runtime.prefill.sequence_runner,models.common.llm_runtime.tensor_resources,internal_models_namespace,2,1,attach_cleanup_failures|raise_cleanup_failures
models.common.llm_runtime.prefill.sequence_runner,typing,stdlib,2,1,Any|Callable
models.common.llm_runtime.prefill.signatures,__future__,stdlib,1,1,annotations
models.common.llm_runtime.prefill.signatures,dataclasses,stdlib,2,1,dataclass|replace
models.common.llm_runtime.prefill.signatures,models.common.llm_runtime.prefill.plan,internal_models_namespace,1,1,PrefillRequest
models.common.llm_runtime.prefill.signatures,models.common.llm_runtime.prefill.sampling_helpers,internal_models_namespace,2,1,SamplingPath|_TILE_SIZE
models.common.llm_runtime.prefill.signatures,models.common.modules.sampling.params,internal_models_namespace,1,1,PreparedSamplingParams
models.common.llm_runtime.prefill.signatures,models.common.sampling.sampling_params,external_models_tt_metal,1,1,SamplingParams
models.common.llm_runtime.prefill.signatures,typing,stdlib,2,1,Any|Literal
models.common.llm_runtime.prefill.trace,__future__,stdlib,1,1,annotations
models.common.llm_runtime.prefill.trace,dataclasses,stdlib,1,1,dataclass
models.common.llm_runtime.prefill.trace,models.common.llm_runtime.prefill.inputs,internal_models_namespace,5,1,PrefillDeviceInputs|PrefillInputStager|PrefillPositionInputs|allocate_device_tensors|copy_into_device_tensors
models.common.llm_runtime.prefill.trace,models.common.llm_runtime.prefill.plan,internal_models_namespace,1,1,PrefillChunk
models.common.llm_runtime.prefill.trace,models.common.llm_runtime.prefill.postprocess,internal_models_namespace,4,1,KPTSignature|PrefillPostprocessor|new_logprob_output|without_borrowed
models.common.llm_runtime.prefill.trace,models.common.llm_runtime.prefill.result_collector,internal_models_namespace,1,1,InvocationResult
models.common.llm_runtime.prefill.trace,models.common.llm_runtime.prefill.signatures,internal_models_namespace,4,1,PrefillTraceSignature|PreparedPrefill|capture_schema_fingerprint|workspace_fingerprint
models.common.llm_runtime.prefill.trace,models.common.llm_runtime.tensor_resources,internal_models_namespace,1,1,attach_cleanup_failures
models.common.llm_runtime.prefill.trace,typing,stdlib,2,1,Any|Callable
models.common.llm_runtime.program_compiler,__future__,stdlib,1,1,annotations
models.common.llm_runtime.program_compiler,collections.abc,stdlib,1,1,Callable
models.common.llm_runtime.program_compiler,dataclasses,stdlib,1,1,dataclass
models.common.llm_runtime.program_compiler,enum,stdlib,1,1,Enum
models.common.llm_runtime.program_compiler,hashlib,stdlib,1,1,
models.common.llm_runtime.program_compiler,json,stdlib,1,1,
models.common.llm_runtime.program_compiler,math,stdlib,1,1,
models.common.llm_runtime.program_compiler,models.common.llm_runtime.tensor_resources,internal_models_namespace,4,1,TensorResourceOrphan|attach_cleanup_failures|best_effort_deallocate_owned_tensors|release_orphans
models.common.llm_runtime.program_compiler,torch,third_party_base,1,1,
models.common.llm_runtime.program_compiler,ttnn,third_party_base,1,1,
models.common.llm_runtime.program_compiler,typing,stdlib,1,1,Any
models.common.llm_runtime.tensor_resources,__future__,stdlib,1,1,annotations
models.common.llm_runtime.tensor_resources,dataclasses,stdlib,2,1,dataclass|field
models.common.llm_runtime.tensor_resources,ttnn,third_party_base,1,1,
models.common.llm_runtime.tensor_resources,typing,stdlib,2,1,Any|Iterable
models.common.llm_runtime.trace_compiler,__future__,stdlib,1,1,annotations
models.common.llm_runtime.trace_compiler,collections.abc,stdlib,1,1,Callable
models.common.llm_runtime.trace_compiler,ctypes,stdlib,1,1,
models.common.llm_runtime.trace_compiler,dataclasses,stdlib,2,1,dataclass|field
models.common.llm_runtime.trace_compiler,loguru,third_party_base,1,1,logger
models.common.llm_runtime.trace_compiler,models.common.llm_runtime.program_compiler,internal_models_namespace,4,1,ProgramCompiler|ProgramKey|signature_digest|validate_sha256_digest
models.common.llm_runtime.trace_compiler,models.common.llm_runtime.tensor_resources,internal_models_namespace,5,1,TensorResourceOrphan|attach_cleanup_failures|best_effort_deallocate_owned_tensors|raise_cleanup_failures|release_orphans
models.common.llm_runtime.trace_compiler,ttnn,third_party_base,1,1,
models.common.llm_runtime.trace_compiler,typing,stdlib,1,1,Any
models.common.llm_runtime.vllm_adapter,__future__,stdlib,1,1,annotations
models.common.llm_runtime.vllm_adapter,collections.abc,stdlib,2,1,Mapping|Sequence
models.common.llm_runtime.vllm_adapter,dataclasses,stdlib,2,2,dataclass
models.common.llm_runtime.vllm_adapter,models.common.llm_runtime.config,internal_models_namespace,2,1,PagedKVCacheConfig|TraceConfig
models.common.llm_runtime.vllm_adapter,models.common.llm_runtime.paged_kv_cache,internal_models_namespace,1,1,torch_dtype_for_ttnn
models.common.llm_runtime.vllm_adapter,torch,third_party_base,1,1,
models.common.llm_runtime.vllm_adapter,typing,stdlib,2,1,Any|TypedDict
models.common.llm_runtime.warmup,__future__,stdlib,1,1,annotations
models.common.llm_runtime.warmup,contextlib,stdlib,1,1,contextmanager
models.common.llm_runtime.warmup,dataclasses,stdlib,2,1,dataclass|replace
models.common.llm_runtime.warmup,loguru,third_party_base,1,1,logger
models.common.llm_runtime.warmup,models.common.llm_runtime.config,internal_models_namespace,3,1,PageTableLayout|TraceConfig|WarmupConfig
models.common.llm_runtime.warmup,models.common.llm_runtime.decode,internal_models_namespace,1,1,DecodeRuntimeConfig
models.common.llm_runtime.warmup,models.common.llm_runtime.prefill.config,internal_models_namespace,1,1,PrefillRuntimeConfig
models.common.llm_runtime.warmup,models.common.llm_runtime.program_compiler,internal_models_namespace,1,1,CompiledProgram
models.common.llm_runtime.warmup,models.common.sampling.sampling_params,external_models_tt_metal,1,1,SamplingParams
models.common.llm_runtime.warmup,torch,third_party_base,1,1,
models.common.llm_runtime.warmup,typing,stdlib,3,1,Any|Callable|Iterator
models.common.models.deepseek_r1_distill_qwen_14b,models.common.models.deepseek_r1_distill_qwen_14b.executor,internal_models_namespace,2,1,DeepSeekR1Qwen14BExecutor|DeepSeekR1Qwen14BExecutorConfig
models.common.models.deepseek_r1_distill_qwen_14b,models.common.models.deepseek_r1_distill_qwen_14b.generator,internal_models_namespace,2,1,DeepSeekR1Qwen14BGenerator|DeepSeekR1Qwen14BGeneratorConfig
models.common.models.deepseek_r1_distill_qwen_14b,models.common.models.deepseek_r1_distill_qwen_14b.hf_adaptor,internal_models_namespace,2,1,DeepSeekR1Qwen14BForCausalLM|DeepSeekR1Qwen14BRuntimeConfig
models.common.models.deepseek_r1_distill_qwen_14b,models.common.models.deepseek_r1_distill_qwen_14b.model,internal_models_namespace,6,1,DEEPSEEK_R1_14B_ACCURACY|DEEPSEEK_R1_14B_PERFORMANCE|DeepSeekR1Qwen14B|DeepSeekR1Qwen14BPagedAttentionConfig|DeepSeekR1Qwen14BPrecisionConfig|DeepSeekR1Qwen14BTransformerConfig
models.common.models.deepseek_r1_distill_qwen_14b.executor,__future__,stdlib,1,1,annotations
models.common.models.deepseek_r1_distill_qwen_14b.executor,dataclasses,stdlib,2,1,dataclass|replace
models.common.models.deepseek_r1_distill_qwen_14b.executor,models.common.llm_runtime.config,internal_models_namespace,4,1,PageTableLayout|PagedKVCacheConfig|TraceConfig|WarmupConfig
models.common.models.deepseek_r1_distill_qwen_14b.executor,models.common.llm_runtime.decode,internal_models_namespace,2,1,DecodeRuntime|DecodeRuntimeConfig
models.common.models.deepseek_r1_distill_qwen_14b.executor,models.common.llm_runtime.execution,internal_models_namespace,2,1,EagerExecutor|TracedExecutor
models.common.models.deepseek_r1_distill_qwen_14b.executor,models.common.llm_runtime.output_reader,internal_models_namespace,1,1,OutputReader
models.common.models.deepseek_r1_distill_qwen_14b.executor,models.common.llm_runtime.paged_kv_cache,internal_models_namespace,1,1,PagedKVCacheManager
models.common.models.deepseek_r1_distill_qwen_14b.executor,models.common.llm_runtime.prefill.config,internal_models_namespace,1,1,PrefillRuntimeConfig
models.common.models.deepseek_r1_distill_qwen_14b.executor,models.common.llm_runtime.prefill.runtime,internal_models_namespace,1,1,PrefillRuntime
models.common.models.deepseek_r1_distill_qwen_14b.executor,models.common.llm_runtime.program_compiler,internal_models_namespace,1,1,ProgramCompiler
models.common.models.deepseek_r1_distill_qwen_14b.executor,models.common.llm_runtime.tensor_resources,internal_models_namespace,1,1,attach_cleanup_failures
models.common.models.deepseek_r1_distill_qwen_14b.executor,models.common.llm_runtime.trace_compiler,internal_models_namespace,1,1,TraceCompiler
models.common.models.deepseek_r1_distill_qwen_14b.executor,models.common.llm_runtime.warmup,internal_models_namespace,2,1,WarmupCoordinator|WarmupCoordinatorConfig
models.common.models.deepseek_r1_distill_qwen_14b.executor,models.common.models.deepseek_r1_distill_qwen_14b.hf_adaptor,internal_models_namespace,1,1,DeepSeekR1Qwen14BForCausalLM
models.common.models.deepseek_r1_distill_qwen_14b.executor,models.common.modules.sampling.sampling_1d,internal_models_namespace,1,1,Sampling1D
models.common.models.deepseek_r1_distill_qwen_14b.executor,models.common.sampling,external_models_tt_metal,1,1,SamplingParams
models.common.models.deepseek_r1_distill_qwen_14b.executor,torch,third_party_base,1,1,
models.common.models.deepseek_r1_distill_qwen_14b.executor,typing,stdlib,2,1,Any|Sequence
models.common.models.deepseek_r1_distill_qwen_14b.generator,__future__,stdlib,1,1,annotations
models.common.models.deepseek_r1_distill_qwen_14b.generator,collections.abc,stdlib,1,1,Sequence
models.common.models.deepseek_r1_distill_qwen_14b.generator,dataclasses,stdlib,1,1,dataclass
models.common.models.deepseek_r1_distill_qwen_14b.generator,models.common.llm_runtime.config,internal_models_namespace,4,1,PagedKVCacheConfig|TraceConfig|TraceMode|WarmupConfig
models.common.models.deepseek_r1_distill_qwen_14b.generator,models.common.llm_runtime.lane_group,internal_models_namespace,1,1,LaneGroupExecutor
models.common.models.deepseek_r1_distill_qwen_14b.generator,models.common.llm_runtime.vllm_adapter,internal_models_namespace,3,1,NormalizedPrefillKwargs|VLLMAdapter|VLLMAdapterConfig
models.common.models.deepseek_r1_distill_qwen_14b.generator,models.common.models.deepseek_r1_distill_qwen_14b.executor,internal_models_namespace,2,1,DeepSeekR1Qwen14BExecutorConfig|build_deepseek_r1_distill_qwen_14b_executor
models.common.models.deepseek_r1_distill_qwen_14b.generator,models.common.models.deepseek_r1_distill_qwen_14b.hf_adaptor,internal_models_namespace,2,1,DEFAULT_HF_REVISION|from_pretrained
models.common.models.deepseek_r1_distill_qwen_14b.generator,models.common.models.deepseek_r1_distill_qwen_14b.model,internal_models_namespace,1,1,DeepSeekR1Qwen14BPagedAttentionConfig
models.common.models.deepseek_r1_distill_qwen_14b.generator,models.tt_transformers.tt.generator,external_models_tttv1,1,1,create_submeshes
models.common.models.deepseek_r1_distill_qwen_14b.generator,torch,third_party_base,1,1,
models.common.models.deepseek_r1_distill_qwen_14b.generator,ttnn,third_party_base,1,1,
models.common.models.deepseek_r1_distill_qwen_14b.generator,typing,stdlib,1,1,Any
models.common.models.deepseek_r1_distill_qwen_14b.hf_adaptor,__future__,stdlib,1,1,annotations
models.common.models.deepseek_r1_distill_qwen_14b.hf_adaptor,dataclasses,stdlib,2,1,dataclass|field
models.common.models.deepseek_r1_distill_qwen_14b.hf_adaptor,math,stdlib,1,1,
models.common.models.deepseek_r1_distill_qwen_14b.hf_adaptor,models.common.models.deepseek_r1_distill_qwen_14b,internal_models_namespace,1,1,weight_utils
models.common.models.deepseek_r1_distill_qwen_14b.hf_adaptor,models.common.models.deepseek_r1_distill_qwen_14b.model,internal_models_namespace,9,1,DEEPSEEK_R1_14B_ACCURACY|DEEPSEEK_R1_14B_PERFORMANCE|DeepSeekR1Qwen14B|DeepSeekR1Qwen14BLayerWeights|DeepSeekR1Qwen14BModelParameters|DeepSeekR1Qwen14BPagedAttentionConfig|DeepSeekR1Qwen14BPrecisionConfig|DeepSeekR1Qwen14BWeights|build_deepseek_r1_distill_qwen_14b_transformer_config
models.common.models.deepseek_r1_distill_qwen_14b.hf_adaptor,os,stdlib,1,1,
models.common.models.deepseek_r1_distill_qwen_14b.hf_adaptor,pathlib,stdlib,1,1,Path
models.common.models.deepseek_r1_distill_qwen_14b.hf_adaptor,torch,third_party_base,1,1,
models.common.models.deepseek_r1_distill_qwen_14b.hf_adaptor,transformers,third_party_optional,3,1,AutoConfig|AutoModelForCausalLM|AutoTokenizer
models.common.models.deepseek_r1_distill_qwen_14b.hf_adaptor,ttnn,third_party_base,1,1,
models.common.models.deepseek_r1_distill_qwen_14b.hf_adaptor,typing,stdlib,1,1,Any
models.common.models.deepseek_r1_distill_qwen_14b.model,__future__,stdlib,1,1,annotations
models.common.models.deepseek_r1_distill_qwen_14b.model,dataclasses,stdlib,3,1,dataclass|field|replace
models.common.models.deepseek_r1_distill_qwen_14b.model,loguru,third_party_base,1,1,logger
models.common.models.deepseek_r1_distill_qwen_14b.model,math,stdlib,1,1,
models.common.models.deepseek_r1_distill_qwen_14b.model,models.common.lightweightmodule,external_models_tt_metal,1,1,LightweightModule
models.common.models.deepseek_r1_distill_qwen_14b.model,models.common.modules.attention.attention_1d,internal_models_namespace,4,1,Attention1D|Attention1DConfig|_dram_matmul_config|_dram_shard_core_grid
models.common.models.deepseek_r1_distill_qwen_14b.model,models.common.modules.embedding.embedding_1d,internal_models_namespace,2,1,Embedding1D|Embedding1DConfig
models.common.models.deepseek_r1_distill_qwen_14b.model,models.common.modules.lazy_weight,internal_models_namespace,1,1,LazyWeight
models.common.models.deepseek_r1_distill_qwen_14b.model,models.common.modules.lm_head.lm_head_1d,internal_models_namespace,3,1,LMHead1D|LMHead1DConfig|_nearest_32
models.common.models.deepseek_r1_distill_qwen_14b.model,models.common.modules.mlp.mlp_1d,internal_models_namespace,3,1,MLP1D|MLP1DConfig|_dram_shard_core_grid_k_n
models.common.models.deepseek_r1_distill_qwen_14b.model,models.common.modules.rmsnorm.rmsnorm_1d,internal_models_namespace,3,1,RMSNorm1D|RMSNorm1DConfig|_create_sharded_norm_program_config
models.common.models.deepseek_r1_distill_qwen_14b.model,models.common.modules.rope.rope_1d,internal_models_namespace,3,1,Rope1DConfig|RotarySetup1D|prepare_rot_idxs
models.common.models.deepseek_r1_distill_qwen_14b.model,models.common.modules.sampling.sampling_1d,internal_models_namespace,2,1,Sampling1D|Sampling1DConfig
models.common.models.deepseek_r1_distill_qwen_14b.model,models.common.modules.tt_ccl,internal_models_namespace,2,1,default_topology|get_tt_ccl
models.common.models.deepseek_r1_distill_qwen_14b.model,models.common.tensor_utils,external_models_tt_metal,2,1,TILE_SIZE|get_padded_hidden_dim
models.common.models.deepseek_r1_distill_qwen_14b.model,os,stdlib,1,1,
models.common.models.deepseek_r1_distill_qwen_14b.model,pathlib,stdlib,1,1,Path
models.common.models.deepseek_r1_distill_qwen_14b.model,torch,third_party_base,1,1,
models.common.models.deepseek_r1_distill_qwen_14b.model,tqdm,third_party_optional,1,1,tqdm
models.common.models.deepseek_r1_distill_qwen_14b.model,ttnn,third_party_base,1,1,
models.common.models.deepseek_r1_distill_qwen_14b.model,typing,stdlib,1,1,Any
models.common.models.deepseek_r1_distill_qwen_14b.weight_utils,__future__,stdlib,1,1,annotations
models.common.models.deepseek_r1_distill_qwen_14b.weight_utils,math,stdlib,1,1,
models.common.models.deepseek_r1_distill_qwen_14b.weight_utils,models.common.modules.lazy_weight,internal_models_namespace,1,1,LazyWeight
models.common.models.deepseek_r1_distill_qwen_14b.weight_utils,pathlib,stdlib,1,1,Path
models.common.models.deepseek_r1_distill_qwen_14b.weight_utils,torch,third_party_base,1,1,
models.common.models.deepseek_r1_distill_qwen_14b.weight_utils,ttnn,third_party_base,1,1,
models.common.models.deepseek_r1_distill_qwen_14b.weight_utils,typing,stdlib,1,1,Any
models.common.models.executor,__future__,stdlib,1,1,annotations
models.common.models.executor,dataclasses,stdlib,2,1,dataclass|replace
models.common.models.executor,models.common.llm_runtime.config,internal_models_namespace,4,1,PageTableLayout|PagedKVCacheConfig|TraceConfig|WarmupConfig
models.common.models.executor,models.common.llm_runtime.decode,internal_models_namespace,2,1,DecodeRuntime|DecodeRuntimeConfig
models.common.models.executor,models.common.llm_runtime.execution,internal_models_namespace,2,1,EagerExecutor|TracedExecutor
models.common.models.executor,models.common.llm_runtime.output_reader,internal_models_namespace,1,1,OutputReader
models.common.models.executor,models.common.llm_runtime.paged_kv_cache,internal_models_namespace,1,1,PagedKVCacheManager
models.common.models.executor,models.common.llm_runtime.prefill.config,internal_models_namespace,1,1,PrefillRuntimeConfig
models.common.models.executor,models.common.llm_runtime.prefill.runtime,internal_models_namespace,1,1,PrefillRuntime
models.common.models.executor,models.common.llm_runtime.program_compiler,internal_models_namespace,1,1,ProgramCompiler
models.common.models.executor,models.common.llm_runtime.tensor_resources,internal_models_namespace,1,1,attach_cleanup_failures
models.common.models.executor,models.common.llm_runtime.trace_compiler,internal_models_namespace,1,1,TraceCompiler
models.common.models.executor,models.common.llm_runtime.warmup,internal_models_namespace,2,1,WarmupCoordinator|WarmupCoordinatorConfig
models.common.models.executor,models.common.modules.sampling.sampling_1d,internal_models_namespace,1,1,Sampling1D
models.common.models.executor,torch,third_party_base,1,1,
models.common.models.executor,typing,stdlib,3,1,Any|Callable|Sequence
models.common.models.llama32_1b,models.common.models.llama32_1b.executor,internal_models_namespace,2,1,Llama32_1BExecutor|Llama32_1BExecutorConfig
models.common.models.llama32_1b,models.common.models.llama32_1b.hf_adaptor,internal_models_namespace,2,1,Llama32_1BForCausalLM|Llama32_1BRuntimeConfig
models.common.models.llama32_1b,models.common.models.llama32_1b.model,internal_models_namespace,5,1,LLAMA32_1B_ACCURACY|LLAMA32_1B_PERFORMANCE|Llama32_1BPrecisionConfig|Llama32_1BTransformer1D|Llama32_1BTransformer1DConfig
models.common.models.llama32_1b.executor,models.common.models.llama32_1b.hf_adaptor,internal_models_namespace,1,1,Llama32_1BForCausalLM
models.common.models.llama32_1b.executor,models.common.models.llama3_executor,internal_models_namespace,2,1,Llama32_1BExecutor|Llama32_1BExecutorConfig
models.common.models.llama32_1b.generator,__future__,stdlib,1,1,annotations
models.common.models.llama32_1b.generator,collections.abc,stdlib,1,1,Sequence
models.common.models.llama32_1b.generator,dataclasses,stdlib,1,1,dataclass
models.common.models.llama32_1b.generator,models.common.llm_runtime.config,internal_models_namespace,4,1,PagedKVCacheConfig|TraceConfig|TraceMode|WarmupConfig
models.common.models.llama32_1b.generator,models.common.llm_runtime.lane_group,internal_models_namespace,1,1,LaneGroupExecutor
models.common.models.llama32_1b.generator,models.common.llm_runtime.vllm_adapter,internal_models_namespace,3,1,NormalizedPrefillKwargs|VLLMAdapter|VLLMAdapterConfig
models.common.models.llama32_1b.generator,models.common.models.llama32_1b.executor,internal_models_namespace,2,1,Llama32_1BExecutorConfig|build_llama32_1b_executor
models.common.models.llama32_1b.generator,models.common.models.llama32_1b.hf_adaptor,internal_models_namespace,1,1,from_pretrained
models.common.models.llama32_1b.generator,models.common.models.llama32_1b.model,internal_models_namespace,1,1,Llama32_1BPagedAttentionConfig
models.common.models.llama32_1b.generator,models.tt_transformers.tt.generator,external_models_tttv1,1,1,create_submeshes
models.common.models.llama32_1b.generator,torch,third_party_base,1,1,
models.common.models.llama32_1b.generator,ttnn,third_party_base,1,1,
models.common.models.llama32_1b.generator,typing,stdlib,1,1,Any
models.common.models.llama32_1b.hf_adaptor,__future__,stdlib,1,1,annotations
models.common.models.llama32_1b.hf_adaptor,dataclasses,stdlib,2,1,dataclass|field
models.common.models.llama32_1b.hf_adaptor,models.common.models.llama32_1b,internal_models_namespace,1,1,weight_utils
models.common.models.llama32_1b.hf_adaptor,models.common.models.llama32_1b.model,internal_models_namespace,9,1,LLAMA32_1B_ACCURACY|LLAMA32_1B_PERFORMANCE|Llama32_1BLayerWeights|Llama32_1BModelParameters|Llama32_1BPagedAttentionConfig|Llama32_1BPrecisionConfig|Llama32_1BTransformer1D|Llama32_1BWeights|build_llama32_1b_transformer_1d_config
models.common.models.llama32_1b.hf_adaptor,os,stdlib,1,1,
models.common.models.llama32_1b.hf_adaptor,pathlib,stdlib,1,1,Path
models.common.models.llama32_1b.hf_adaptor,torch,third_party_base,1,1,
models.common.models.llama32_1b.hf_adaptor,transformers,third_party_optional,3,1,AutoConfig|AutoModelForCausalLM|AutoTokenizer
models.common.models.llama32_1b.hf_adaptor,ttnn,third_party_base,1,1,
models.common.models.llama32_1b.hf_adaptor,typing,stdlib,1,1,Any
models.common.models.llama32_1b.model,__future__,stdlib,1,1,annotations
models.common.models.llama32_1b.model,dataclasses,stdlib,3,1,dataclass|field|replace
models.common.models.llama32_1b.model,loguru,third_party_base,1,1,logger
models.common.models.llama32_1b.model,math,stdlib,1,1,
models.common.models.llama32_1b.model,models.common.lightweightmodule,external_models_tt_metal,1,1,LightweightModule
models.common.models.llama32_1b.model,models.common.modules.attention.attention_1d,internal_models_namespace,4,1,Attention1D|Attention1DConfig|_dram_matmul_config|_dram_shard_core_grid
models.common.models.llama32_1b.model,models.common.modules.embedding.embedding_1d,internal_models_namespace,2,1,Embedding1D|Embedding1DConfig
models.common.models.llama32_1b.model,models.common.modules.lazy_weight,internal_models_namespace,1,1,LazyWeight
models.common.models.llama32_1b.model,models.common.modules.lm_head.lm_head_1d,internal_models_namespace,3,1,LMHead1D|LMHead1DConfig|_nearest_32
models.common.models.llama32_1b.model,models.common.modules.mlp.mlp_1d,internal_models_namespace,3,1,MLP1D|MLP1DConfig|_dram_shard_core_grid_k_n
models.common.models.llama32_1b.model,models.common.modules.rmsnorm.rmsnorm_1d,internal_models_namespace,3,1,RMSNorm1D|RMSNorm1DConfig|_create_sharded_norm_program_config
models.common.models.llama32_1b.model,models.common.modules.rope.rope_1d,internal_models_namespace,2,1,Rope1DConfig|RotarySetup1D
models.common.models.llama32_1b.model,models.common.modules.sampling.sampling_1d,internal_models_namespace,2,1,Sampling1D|Sampling1DConfig
models.common.models.llama32_1b.model,models.common.modules.tt_ccl,internal_models_namespace,2,1,default_topology|get_tt_ccl
models.common.models.llama32_1b.model,models.common.tensor_utils,external_models_tt_metal,2,1,TILE_SIZE|get_padded_hidden_dim
models.common.models.llama32_1b.model,os,stdlib,1,1,
models.common.models.llama32_1b.model,pathlib,stdlib,1,1,Path
models.common.models.llama32_1b.model,torch,third_party_base,1,1,
models.common.models.llama32_1b.model,tqdm,third_party_optional,1,1,tqdm
models.common.models.llama32_1b.model,ttnn,third_party_base,1,1,
models.common.models.llama32_1b.model,typing,stdlib,1,1,Any
models.common.models.llama32_1b.weight_utils,__future__,stdlib,1,1,annotations
models.common.models.llama32_1b.weight_utils,torch,third_party_base,1,1,
models.common.models.llama32_1b.weight_utils,typing,stdlib,1,1,Any
models.common.models.llama32_3b,models.common.models.llama32_3b.executor,internal_models_namespace,2,1,Llama32_3BExecutor|Llama32_3BExecutorConfig
models.common.models.llama32_3b,models.common.models.llama32_3b.hf_adaptor,internal_models_namespace,2,1,Llama32_3BForCausalLM|Llama32_3BRuntimeConfig
models.common.models.llama32_3b,models.common.models.llama32_3b.model,internal_models_namespace,5,1,LLAMA32_3B_ACCURACY|LLAMA32_3B_PERFORMANCE|Llama32_3BPrecisionConfig|Llama32_3BTransformer1D|Llama32_3BTransformer1DConfig
models.common.models.llama32_3b.executor,models.common.models.llama32_3b.hf_adaptor,internal_models_namespace,1,1,Llama32_3BForCausalLM
models.common.models.llama32_3b.executor,models.common.models.llama3_executor,internal_models_namespace,2,1,Llama32_3BExecutor|Llama32_3BExecutorConfig
models.common.models.llama32_3b.generator,__future__,stdlib,1,1,annotations
models.common.models.llama32_3b.generator,collections.abc,stdlib,1,1,Sequence
models.common.models.llama32_3b.generator,dataclasses,stdlib,1,1,dataclass
models.common.models.llama32_3b.generator,models.common.llm_runtime.config,internal_models_namespace,4,1,PagedKVCacheConfig|TraceConfig|TraceMode|WarmupConfig
models.common.models.llama32_3b.generator,models.common.llm_runtime.lane_group,internal_models_namespace,1,1,LaneGroupExecutor
models.common.models.llama32_3b.generator,models.common.llm_runtime.vllm_adapter,internal_models_namespace,3,1,NormalizedPrefillKwargs|VLLMAdapter|VLLMAdapterConfig
models.common.models.llama32_3b.generator,models.common.models.llama32_3b.executor,internal_models_namespace,2,1,Llama32_3BExecutorConfig|build_llama32_3b_executor
models.common.models.llama32_3b.generator,models.common.models.llama32_3b.hf_adaptor,internal_models_namespace,1,1,from_pretrained
models.common.models.llama32_3b.generator,models.common.models.llama32_3b.model,internal_models_namespace,1,1,Llama32_3BPagedAttentionConfig
models.common.models.llama32_3b.generator,models.tt_transformers.tt.generator,external_models_tttv1,1,1,create_submeshes
models.common.models.llama32_3b.generator,torch,third_party_base,1,1,
models.common.models.llama32_3b.generator,ttnn,third_party_base,1,1,
models.common.models.llama32_3b.generator,typing,stdlib,1,1,Any
models.common.models.llama32_3b.hf_adaptor,__future__,stdlib,1,1,annotations
models.common.models.llama32_3b.hf_adaptor,dataclasses,stdlib,2,1,dataclass|field
models.common.models.llama32_3b.hf_adaptor,models.common.models.llama32_3b,internal_models_namespace,1,1,weight_utils
models.common.models.llama32_3b.hf_adaptor,models.common.models.llama32_3b.model,internal_models_namespace,9,1,LLAMA32_3B_ACCURACY|LLAMA32_3B_PERFORMANCE|Llama32_3BLayerWeights|Llama32_3BModelParameters|Llama32_3BPagedAttentionConfig|Llama32_3BPrecisionConfig|Llama32_3BTransformer1D|Llama32_3BWeights|build_llama32_3b_transformer_1d_config
models.common.models.llama32_3b.hf_adaptor,os,stdlib,1,1,
models.common.models.llama32_3b.hf_adaptor,pathlib,stdlib,1,1,Path
models.common.models.llama32_3b.hf_adaptor,torch,third_party_base,1,1,
models.common.models.llama32_3b.hf_adaptor,transformers,third_party_optional,3,1,AutoConfig|AutoModelForCausalLM|AutoTokenizer
models.common.models.llama32_3b.hf_adaptor,ttnn,third_party_base,1,1,
models.common.models.llama32_3b.hf_adaptor,typing,stdlib,1,1,Any
models.common.models.llama32_3b.model,__future__,stdlib,1,1,annotations
models.common.models.llama32_3b.model,dataclasses,stdlib,3,1,dataclass|field|replace
models.common.models.llama32_3b.model,loguru,third_party_base,1,1,logger
models.common.models.llama32_3b.model,math,stdlib,1,1,
models.common.models.llama32_3b.model,models.common.lightweightmodule,external_models_tt_metal,1,1,LightweightModule
models.common.models.llama32_3b.model,models.common.modules.attention.attention_1d,internal_models_namespace,4,1,Attention1D|Attention1DConfig|_dram_matmul_config|_dram_shard_core_grid
models.common.models.llama32_3b.model,models.common.modules.embedding.embedding_1d,internal_models_namespace,2,1,Embedding1D|Embedding1DConfig
models.common.models.llama32_3b.model,models.common.modules.lazy_weight,internal_models_namespace,1,1,LazyWeight
models.common.models.llama32_3b.model,models.common.modules.lm_head.lm_head_1d,internal_models_namespace,3,1,LMHead1D|LMHead1DConfig|_nearest_32
models.common.models.llama32_3b.model,models.common.modules.mlp.mlp_1d,internal_models_namespace,3,1,MLP1D|MLP1DConfig|_dram_shard_core_grid_k_n
models.common.models.llama32_3b.model,models.common.modules.rmsnorm.rmsnorm_1d,internal_models_namespace,3,1,RMSNorm1D|RMSNorm1DConfig|_create_sharded_norm_program_config
models.common.models.llama32_3b.model,models.common.modules.rope.rope_1d,internal_models_namespace,2,1,Rope1DConfig|RotarySetup1D
models.common.models.llama32_3b.model,models.common.modules.sampling.sampling_1d,internal_models_namespace,2,1,Sampling1D|Sampling1DConfig
models.common.models.llama32_3b.model,models.common.modules.tt_ccl,internal_models_namespace,2,1,default_topology|get_tt_ccl
models.common.models.llama32_3b.model,models.common.tensor_utils,external_models_tt_metal,2,1,TILE_SIZE|get_padded_hidden_dim
models.common.models.llama32_3b.model,os,stdlib,1,1,
models.common.models.llama32_3b.model,pathlib,stdlib,1,1,Path
models.common.models.llama32_3b.model,torch,third_party_base,1,1,
models.common.models.llama32_3b.model,tqdm,third_party_optional,1,1,tqdm
models.common.models.llama32_3b.model,ttnn,third_party_base,1,1,
models.common.models.llama32_3b.model,typing,stdlib,1,1,Any
models.common.models.llama32_3b.weight_utils,__future__,stdlib,1,1,annotations
models.common.models.llama32_3b.weight_utils,math,stdlib,1,1,
models.common.models.llama32_3b.weight_utils,models.common.modules.lazy_weight,internal_models_namespace,1,1,LazyWeight
models.common.models.llama32_3b.weight_utils,pathlib,stdlib,1,1,Path
models.common.models.llama32_3b.weight_utils,torch,third_party_base,1,1,
models.common.models.llama32_3b.weight_utils,ttnn,third_party_base,1,1,
models.common.models.llama32_3b.weight_utils,typing,stdlib,1,1,Any
models.common.models.llama33_70b,models.common.models.llama33_70b.executor,internal_models_namespace,3,1,Llama33_70BExecutor|Llama33_70BExecutorConfig|build_llama33_70b_executor
models.common.models.llama33_70b,models.common.models.llama33_70b.generator,internal_models_namespace,3,1,Llama33_70BGenerator|Llama33_70BGeneratorConfig|build_llama33_70b_generator
models.common.models.llama33_70b,models.common.models.llama33_70b.hf_adaptor,internal_models_namespace,5,1,DEFAULT_HF_MODEL|Llama33_70BForCausalLM|Llama33_70BGenerationConfig|Llama33_70BRuntimeConfig|from_pretrained
models.common.models.llama33_70b,models.common.models.llama33_70b.model,internal_models_namespace,10,1,LLAMA33_70B_ACCURACY|LLAMA33_70B_PERFORMANCE|Llama33_70BLayerWeights|Llama33_70BModelParameters|Llama33_70BPagedAttentionConfig|Llama33_70BPrecisionConfig|Llama33_70BTransformer1D|Llama33_70BTransformer1DConfig|Llama33_70BWeights|build_llama33_70b_transformer_1d_config
models.common.models.llama33_70b.executor,models.common.models.llama33_70b.hf_adaptor,internal_models_namespace,1,1,Llama33_70BForCausalLM
models.common.models.llama33_70b.executor,models.common.models.llama3_executor,internal_models_namespace,2,1,Llama33_70BExecutor|Llama33_70BExecutorConfig
models.common.models.llama33_70b.generator,__future__,stdlib,1,1,annotations
models.common.models.llama33_70b.generator,atexit,stdlib,1,1,
models.common.models.llama33_70b.generator,collections.abc,stdlib,1,1,Sequence
models.common.models.llama33_70b.generator,dataclasses,stdlib,1,1,dataclass
models.common.models.llama33_70b.generator,models.common.llm_runtime.config,internal_models_namespace,4,1,PagedKVCacheConfig|TraceConfig|TraceMode|WarmupConfig
models.common.models.llama33_70b.generator,models.common.llm_runtime.lane_group,internal_models_namespace,1,1,LaneGroupExecutor
models.common.models.llama33_70b.generator,models.common.llm_runtime.vllm_adapter,internal_models_namespace,3,1,NormalizedPrefillKwargs|VLLMAdapter|VLLMAdapterConfig
models.common.models.llama33_70b.generator,models.common.models.llama33_70b.executor,internal_models_namespace,2,1,Llama33_70BExecutorConfig|build_llama33_70b_executor
models.common.models.llama33_70b.generator,models.common.models.llama33_70b.hf_adaptor,internal_models_namespace,1,1,from_pretrained
models.common.models.llama33_70b.generator,models.common.models.llama33_70b.model,internal_models_namespace,1,1,Llama33_70BPagedAttentionConfig
models.common.models.llama33_70b.generator,models.tt_transformers.tt.generator,external_models_tttv1,1,1,create_submeshes
models.common.models.llama33_70b.generator,torch,third_party_base,1,1,
models.common.models.llama33_70b.generator,ttnn,third_party_base,1,1,
models.common.models.llama33_70b.generator,typing,stdlib,1,1,Any
models.common.models.llama33_70b.hf_adaptor,__future__,stdlib,1,1,annotations
models.common.models.llama33_70b.hf_adaptor,dataclasses,stdlib,2,1,dataclass|field
models.common.models.llama33_70b.hf_adaptor,models.common.models.llama33_70b,internal_models_namespace,1,1,weight_utils
models.common.models.llama33_70b.hf_adaptor,models.common.models.llama33_70b.model,internal_models_namespace,11,1,LLAMA33_70B_ACCURACY|LLAMA33_70B_BH_TP4_CLUSTER_TYPES|LLAMA33_70B_PERFORMANCE|Llama33_70BLayerWeights|Llama33_70BModelParameters|Llama33_70BPagedAttentionConfig|Llama33_70BPrecisionConfig|Llama33_70BTransformer1D|Llama33_70BWeights|_llama33_70b_ccl_topology|build_llama33_70b_transformer_1d_config
models.common.models.llama33_70b.hf_adaptor,os,stdlib,1,1,
models.common.models.llama33_70b.hf_adaptor,pathlib,stdlib,1,1,Path
models.common.models.llama33_70b.hf_adaptor,torch,third_party_base,1,1,
models.common.models.llama33_70b.hf_adaptor,transformers,third_party_optional,3,1,AutoConfig|AutoModelForCausalLM|AutoTokenizer
models.common.models.llama33_70b.hf_adaptor,ttnn,third_party_base,1,1,
models.common.models.llama33_70b.hf_adaptor,typing,stdlib,1,1,Any
models.common.models.llama33_70b.model,__future__,stdlib,1,1,annotations
models.common.models.llama33_70b.model,dataclasses,stdlib,3,1,dataclass|field|replace
models.common.models.llama33_70b.model,math,stdlib,1,1,
models.common.models.llama33_70b.model,models.common.lightweightmodule,external_models_tt_metal,1,1,LightweightModule
models.common.models.llama33_70b.model,models.common.modules.attention.attention_1d,internal_models_namespace,4,1,Attention1D|Attention1DConfig|_dram_matmul_config|_dram_shard_core_grid
models.common.models.llama33_70b.model,models.common.modules.embedding.embedding_1d,internal_models_namespace,2,1,Embedding1D|Embedding1DConfig
models.common.models.llama33_70b.model,models.common.modules.lazy_weight,internal_models_namespace,1,1,LazyWeight
models.common.models.llama33_70b.model,models.common.modules.lm_head.lm_head_1d,internal_models_namespace,3,1,LMHead1D|LMHead1DConfig|_nearest_32
models.common.models.llama33_70b.model,models.common.modules.mlp.mlp_1d,internal_models_namespace,4,1,MLP1D|MLP1DConfig|_dram_shard_core_grid_k_n|_find_prefill_grid
models.common.models.llama33_70b.model,models.common.modules.rmsnorm.rmsnorm_1d,internal_models_namespace,3,1,RMSNorm1D|RMSNorm1DConfig|_create_sharded_norm_program_config
models.common.models.llama33_70b.model,models.common.modules.rope.rope_1d,internal_models_namespace,2,1,Rope1DConfig|RotarySetup1D
models.common.models.llama33_70b.model,models.common.modules.sampling.sampling_1d,internal_models_namespace,2,1,Sampling1D|Sampling1DConfig
models.common.models.llama33_70b.model,models.common.modules.tt_ccl,internal_models_namespace,1,1,get_tt_ccl
models.common.models.llama33_70b.model,models.common.tensor_utils,external_models_tt_metal,2,1,TILE_SIZE|get_padded_hidden_dim
models.common.models.llama33_70b.model,os,stdlib,1,1,
models.common.models.llama33_70b.model,pathlib,stdlib,1,1,Path
models.common.models.llama33_70b.model,torch,third_party_base,1,1,
models.common.models.llama33_70b.model,tqdm,third_party_optional,1,1,tqdm
models.common.models.llama33_70b.model,ttnn,third_party_base,1,1,
models.common.models.llama33_70b.model,typing,stdlib,1,1,Any
models.common.models.llama33_70b.weight_utils,__future__,stdlib,1,1,annotations
models.common.models.llama33_70b.weight_utils,math,stdlib,1,1,
models.common.models.llama33_70b.weight_utils,models.common.modules.lazy_weight,internal_models_namespace,1,1,LazyWeight
models.common.models.llama33_70b.weight_utils,pathlib,stdlib,1,1,Path
models.common.models.llama33_70b.weight_utils,torch,third_party_base,1,1,
models.common.models.llama33_70b.weight_utils,ttnn,third_party_base,1,1,
models.common.models.llama33_70b.weight_utils,typing,stdlib,1,1,Any
models.common.models.llama3_8b.executor,models.common.models.llama3_8b.hf_adaptor,internal_models_namespace,1,1,Llama3ForCausalLM
models.common.models.llama3_8b.executor,models.common.models.llama3_executor,internal_models_namespace,2,1,Llama3Executor|Llama3ExecutorConfig
models.common.models.llama3_8b.generator,__future__,stdlib,1,1,annotations
models.common.models.llama3_8b.generator,collections.abc,stdlib,1,1,Sequence
models.common.models.llama3_8b.generator,dataclasses,stdlib,1,1,dataclass
models.common.models.llama3_8b.generator,models.common.llm_runtime.config,internal_models_namespace,4,1,PagedKVCacheConfig|TraceConfig|TraceMode|WarmupConfig
models.common.models.llama3_8b.generator,models.common.llm_runtime.lane_group,internal_models_namespace,1,1,LaneGroupExecutor
models.common.models.llama3_8b.generator,models.common.llm_runtime.vllm_adapter,internal_models_namespace,3,1,NormalizedPrefillKwargs|VLLMAdapter|VLLMAdapterConfig
models.common.models.llama3_8b.generator,models.common.models.llama3_8b.executor,internal_models_namespace,2,1,Llama3ExecutorConfig|build_llama3_executor
models.common.models.llama3_8b.generator,models.common.models.llama3_8b.hf_adaptor,internal_models_namespace,1,1,from_pretrained
models.common.models.llama3_8b.generator,models.common.models.llama3_8b.model,internal_models_namespace,1,1,Llama31_8BPagedAttentionConfig
models.common.models.llama3_8b.generator,models.tt_transformers.tt.generator,external_models_tttv1,1,1,create_submeshes
models.common.models.llama3_8b.generator,torch,third_party_base,1,1,
models.common.models.llama3_8b.generator,ttnn,third_party_base,1,1,
models.common.models.llama3_8b.generator,typing,stdlib,1,1,Any
models.common.models.llama3_8b.hf_adaptor,__future__,stdlib,1,1,annotations
models.common.models.llama3_8b.hf_adaptor,dataclasses,stdlib,2,1,dataclass|field
models.common.models.llama3_8b.hf_adaptor,errno,stdlib,1,1,
models.common.models.llama3_8b.hf_adaptor,loguru,third_party_base,1,1,logger
models.common.models.llama3_8b.hf_adaptor,math,stdlib,1,1,
models.common.models.llama3_8b.hf_adaptor,models.common.device_utils,external_models_tt_metal,1,1,get_device_name
models.common.models.llama3_8b.hf_adaptor,models.common.models.llama3_8b.model,internal_models_namespace,2,1,Llama3Transformer1D|build_llama3_transformer_1d_config
models.common.models.llama3_8b.hf_adaptor,models.common.tensor_utils,external_models_tt_metal,1,1,nearest_multiple
models.common.models.llama3_8b.hf_adaptor,os,stdlib,1,1,
models.common.models.llama3_8b.hf_adaptor,pathlib,stdlib,1,1,Path
models.common.models.llama3_8b.hf_adaptor,re,stdlib,1,1,
models.common.models.llama3_8b.hf_adaptor,torch,third_party_base,1,1,
models.common.models.llama3_8b.hf_adaptor,transformers,third_party_optional,3,1,AutoConfig|AutoModelForCausalLM|AutoTokenizer
models.common.models.llama3_8b.hf_adaptor,ttnn,third_party_base,1,1,
models.common.models.llama3_8b.model,dataclasses,stdlib,3,1,dataclass|field|replace
models.common.models.llama3_8b.model,math,stdlib,1,1,
models.common.models.llama3_8b.model,models.common.device_utils,external_models_tt_metal,1,1,get_device_name
models.common.models.llama3_8b.model,models.common.lightweightmodule,external_models_tt_metal,1,1,LightweightModule
models.common.models.llama3_8b.model,models.common.modules.attention.attention_1d,internal_models_namespace,2,1,Attention1D|Attention1DConfig
models.common.models.llama3_8b.model,models.common.modules.embedding.embedding_1d,internal_models_namespace,2,1,Embedding1D|Embedding1DConfig
models.common.models.llama3_8b.model,models.common.modules.lazy_weight,internal_models_namespace,1,1,LazyWeight
models.common.models.llama3_8b.model,models.common.modules.lm_head.lm_head_1d,internal_models_namespace,3,1,LMHead1D|LMHead1DConfig|_compute_kernel_config_hifi2
models.common.models.llama3_8b.model,models.common.modules.mlp.mlp_1d,internal_models_namespace,3,1,MLP1D|MLP1DConfig|_create_dram_sharded_mem_config
models.common.models.llama3_8b.model,models.common.modules.rmsnorm.rmsnorm_1d,internal_models_namespace,3,1,RMSNorm1D|RMSNorm1DConfig|SHARD_HEIGHT
models.common.models.llama3_8b.model,models.common.modules.rope.rope_1d,internal_models_namespace,2,1,Rope1DConfig|RotarySetup1D
models.common.models.llama3_8b.model,models.common.modules.sampling.sampling_1d,internal_models_namespace,2,1,Sampling1D|Sampling1DConfig
models.common.models.llama3_8b.model,models.common.modules.tt_ccl,internal_models_namespace,3,1,TT_CCL|default_topology|get_tt_ccl
models.common.models.llama3_8b.model,models.common.tensor_utils,external_models_tt_metal,5,1,TILE_SIZE|get_out_subblock_w|nearest_32|num_to_core_range_set|pad_dim_to_size
models.common.models.llama3_8b.model,os,stdlib,1,1,
models.common.models.llama3_8b.model,pathlib,stdlib,1,1,Path
models.common.models.llama3_8b.model,torch,third_party_base,1,1,
models.common.models.llama3_8b.model,tqdm,third_party_optional,1,1,tqdm
models.common.models.llama3_8b.model,ttnn,third_party_base,1,1,
models.common.models.llama3_executor,__future__,stdlib,1,1,annotations
models.common.models.llama3_executor,dataclasses,stdlib,1,1,dataclass
models.common.models.llama3_executor,functools,stdlib,1,1,wraps
models.common.models.llama3_executor,models.common.llm_runtime.config,internal_models_namespace,1,1,PagedKVCacheConfig
models.common.models.llama3_executor,models.common.llm_runtime.execution,internal_models_namespace,2,1,EagerExecutor|TracedExecutor
models.common.models.llama3_executor,models.common.models.executor,internal_models_namespace,2,1,ModelExecutor|ModelExecutorConfig
models.common.models.llama3_executor,models.common.modules.sampling.sampling_1d,internal_models_namespace,1,1,Sampling1D
models.common.models.llama3_executor,models.common.modules.sampling.sampling_state_1d,internal_models_namespace,1,1,SamplingState1D
models.common.models.llama3_executor,models.common.sampling,external_models_tt_metal,1,1,SamplingParams
models.common.models.llama3_executor,torch,third_party_base,1,1,
models.common.models.llama3_executor,typing,stdlib,3,1,Any|Callable|Sequence
models.common.models.mistral_7b,models.common.models.mistral_7b.executor,internal_models_namespace,3,1,Mistral7BExecutor|Mistral7BExecutorConfig|build_mistral_7b_executor
models.common.models.mistral_7b,models.common.models.mistral_7b.generator,internal_models_namespace,3,1,Mistral7BGenerator|Mistral7BGeneratorConfig|build_mistral_7b_generator
models.common.models.mistral_7b,models.common.models.mistral_7b.hf_adaptor,internal_models_namespace,2,1,Mistral7BForCausalLM|Mistral7BRuntimeConfig
models.common.models.mistral_7b,models.common.models.mistral_7b.model,internal_models_namespace,7,1,MISTRAL_ACCURACY|MISTRAL_PERFORMANCE|Mistral7B|Mistral7BPagedAttentionConfig|Mistral7BPrecisionConfig|Mistral7BTransformerConfig|build_mistral_7b_transformer_config
models.common.models.mistral_7b.executor,__future__,stdlib,1,1,annotations
models.common.models.mistral_7b.executor,dataclasses,stdlib,2,1,dataclass|replace
models.common.models.mistral_7b.executor,models.common.llm_runtime.config,internal_models_namespace,4,1,PageTableLayout|PagedKVCacheConfig|TraceConfig|WarmupConfig
models.common.models.mistral_7b.executor,models.common.llm_runtime.decode,internal_models_namespace,2,1,DecodeRuntime|DecodeRuntimeConfig
models.common.models.mistral_7b.executor,models.common.llm_runtime.execution,internal_models_namespace,2,1,EagerExecutor|TracedExecutor
models.common.models.mistral_7b.executor,models.common.llm_runtime.output_reader,internal_models_namespace,1,1,OutputReader
models.common.models.mistral_7b.executor,models.common.llm_runtime.paged_kv_cache,internal_models_namespace,1,1,PagedKVCacheManager
models.common.models.mistral_7b.executor,models.common.llm_runtime.prefill.config,internal_models_namespace,1,1,PrefillRuntimeConfig
models.common.models.mistral_7b.executor,models.common.llm_runtime.prefill.runtime,internal_models_namespace,1,1,PrefillRuntime
models.common.models.mistral_7b.executor,models.common.llm_runtime.program_compiler,internal_models_namespace,1,1,ProgramCompiler
models.common.models.mistral_7b.executor,models.common.llm_runtime.tensor_resources,internal_models_namespace,1,1,attach_cleanup_failures
models.common.models.mistral_7b.executor,models.common.llm_runtime.trace_compiler,internal_models_namespace,1,1,TraceCompiler
models.common.models.mistral_7b.executor,models.common.llm_runtime.warmup,internal_models_namespace,2,1,WarmupCoordinator|WarmupCoordinatorConfig
models.common.models.mistral_7b.executor,models.common.models.mistral_7b.hf_adaptor,internal_models_namespace,1,1,Mistral7BForCausalLM
models.common.models.mistral_7b.executor,models.common.modules.sampling.sampling_1d,internal_models_namespace,1,1,Sampling1D
models.common.models.mistral_7b.executor,models.common.sampling,external_models_tt_metal,1,1,SamplingParams
models.common.models.mistral_7b.executor,torch,third_party_base,1,1,
models.common.models.mistral_7b.executor,typing,stdlib,2,1,Any|Sequence
models.common.models.mistral_7b.generator,__future__,stdlib,1,1,annotations
models.common.models.mistral_7b.generator,collections.abc,stdlib,1,1,Sequence
models.common.models.mistral_7b.generator,dataclasses,stdlib,1,1,dataclass
models.common.models.mistral_7b.generator,models.common.llm_runtime.config,internal_models_namespace,4,1,PagedKVCacheConfig|TraceConfig|TraceMode|WarmupConfig
models.common.models.mistral_7b.generator,models.common.llm_runtime.lane_group,internal_models_namespace,1,1,LaneGroupExecutor
models.common.models.mistral_7b.generator,models.common.llm_runtime.vllm_adapter,internal_models_namespace,3,1,NormalizedPrefillKwargs|VLLMAdapter|VLLMAdapterConfig
models.common.models.mistral_7b.generator,models.common.models.mistral_7b.executor,internal_models_namespace,2,1,Mistral7BExecutorConfig|build_mistral_7b_executor
models.common.models.mistral_7b.generator,models.common.models.mistral_7b.hf_adaptor,internal_models_namespace,1,1,from_pretrained
models.common.models.mistral_7b.generator,models.common.models.mistral_7b.model,internal_models_namespace,1,1,Mistral7BPagedAttentionConfig
models.common.models.mistral_7b.generator,models.tt_transformers.tt.generator,external_models_tttv1,1,1,create_submeshes
models.common.models.mistral_7b.generator,torch,third_party_base,1,1,
models.common.models.mistral_7b.generator,ttnn,third_party_base,1,1,
models.common.models.mistral_7b.generator,typing,stdlib,1,1,Any
models.common.models.mistral_7b.hf_adaptor,__future__,stdlib,1,1,annotations
models.common.models.mistral_7b.hf_adaptor,dataclasses,stdlib,2,1,dataclass|field
models.common.models.mistral_7b.hf_adaptor,math,stdlib,1,1,
models.common.models.mistral_7b.hf_adaptor,models.common.models.mistral_7b,internal_models_namespace,1,1,weight_utils
models.common.models.mistral_7b.hf_adaptor,models.common.models.mistral_7b.model,internal_models_namespace,9,1,MISTRAL_ACCURACY|MISTRAL_PERFORMANCE|Mistral7B|Mistral7BLayerWeights|Mistral7BModelParameters|Mistral7BPagedAttentionConfig|Mistral7BPrecisionConfig|Mistral7BWeights|build_mistral_7b_transformer_config
models.common.models.mistral_7b.hf_adaptor,os,stdlib,1,1,
models.common.models.mistral_7b.hf_adaptor,pathlib,stdlib,1,1,Path
models.common.models.mistral_7b.hf_adaptor,torch,third_party_base,1,1,
models.common.models.mistral_7b.hf_adaptor,transformers,third_party_optional,3,1,AutoConfig|AutoModelForCausalLM|AutoTokenizer
models.common.models.mistral_7b.hf_adaptor,ttnn,third_party_base,1,1,
models.common.models.mistral_7b.hf_adaptor,typing,stdlib,1,1,Any
models.common.models.mistral_7b.model,__future__,stdlib,1,1,annotations
models.common.models.mistral_7b.model,dataclasses,stdlib,3,1,dataclass|field|replace
models.common.models.mistral_7b.model,loguru,third_party_base,1,1,logger
models.common.models.mistral_7b.model,math,stdlib,1,1,
models.common.models.mistral_7b.model,models.common.lightweightmodule,external_models_tt_metal,1,1,LightweightModule
models.common.models.mistral_7b.model,models.common.models.mistral_7b,internal_models_namespace,1,1,weight_utils
models.common.models.mistral_7b.model,models.common.modules.attention.attention_1d,internal_models_namespace,4,1,Attention1D|Attention1DConfig|_dram_matmul_config|_dram_shard_core_grid
models.common.models.mistral_7b.model,models.common.modules.embedding.embedding_1d,internal_models_namespace,2,1,Embedding1D|Embedding1DConfig
models.common.models.mistral_7b.model,models.common.modules.lazy_weight,internal_models_namespace,1,1,LazyWeight
models.common.models.mistral_7b.model,models.common.modules.lm_head.lm_head_1d,internal_models_namespace,3,1,LMHead1D|LMHead1DConfig|_nearest_32
models.common.models.mistral_7b.model,models.common.modules.mlp.mlp_1d,internal_models_namespace,3,1,MLP1D|MLP1DConfig|_dram_shard_core_grid_k_n
models.common.models.mistral_7b.model,models.common.modules.rmsnorm.rmsnorm_1d,internal_models_namespace,3,1,RMSNorm1D|RMSNorm1DConfig|_create_sharded_norm_program_config
models.common.models.mistral_7b.model,models.common.modules.rope.rope_1d,internal_models_namespace,2,1,Rope1DConfig|RotarySetup1D
models.common.models.mistral_7b.model,models.common.modules.sampling.sampling_1d,internal_models_namespace,2,1,Sampling1D|Sampling1DConfig
models.common.models.mistral_7b.model,models.common.modules.tt_ccl,internal_models_namespace,2,1,default_topology|get_tt_ccl
models.common.models.mistral_7b.model,models.common.tensor_utils,external_models_tt_metal,2,1,TILE_SIZE|get_padded_hidden_dim
models.common.models.mistral_7b.model,os,stdlib,1,1,
models.common.models.mistral_7b.model,pathlib,stdlib,1,1,Path
models.common.models.mistral_7b.model,torch,third_party_base,1,1,
models.common.models.mistral_7b.model,tqdm,third_party_optional,1,1,tqdm
models.common.models.mistral_7b.model,ttnn,third_party_base,1,1,
models.common.models.mistral_7b.model,typing,stdlib,1,1,Any
models.common.models.mistral_7b.weight_utils,__future__,stdlib,1,1,annotations
models.common.models.mistral_7b.weight_utils,math,stdlib,1,1,
models.common.models.mistral_7b.weight_utils,models.common.modules.lazy_weight,internal_models_namespace,1,1,LazyWeight
models.common.models.mistral_7b.weight_utils,pathlib,stdlib,1,1,Path
models.common.models.mistral_7b.weight_utils,torch,third_party_base,1,1,
models.common.models.mistral_7b.weight_utils,ttnn,third_party_base,1,1,
models.common.models.mistral_7b.weight_utils,typing,stdlib,1,1,Any
models.common.models.phi4,models.common.models.phi4.executor,internal_models_namespace,3,1,Phi4Executor|Phi4ExecutorConfig|build_phi4_executor
models.common.models.phi4,models.common.models.phi4.generator,internal_models_namespace,3,1,Phi4Generator|Phi4GeneratorConfig|build_phi4_generator
models.common.models.phi4,models.common.models.phi4.hf_adaptor,internal_models_namespace,4,1,DEFAULT_HF_MODEL|DEFAULT_HF_REVISION|Phi4ForCausalLM|Phi4RuntimeConfig
models.common.models.phi4,models.common.models.phi4.model,internal_models_namespace,7,1,PHI4_ACCURACY|PHI4_PERFORMANCE|Phi4PagedAttentionConfig|Phi4PrecisionConfig|Phi4Transformer|Phi4TransformerConfig|build_phi4_transformer_config
models.common.models.phi4.executor,__future__,stdlib,1,1,annotations
models.common.models.phi4.executor,dataclasses,stdlib,2,1,dataclass|replace
models.common.models.phi4.executor,models.common.llm_runtime.config,internal_models_namespace,4,1,PageTableLayout|PagedKVCacheConfig|TraceConfig|WarmupConfig
models.common.models.phi4.executor,models.common.llm_runtime.decode,internal_models_namespace,2,1,DecodeRuntime|DecodeRuntimeConfig
models.common.models.phi4.executor,models.common.llm_runtime.execution,internal_models_namespace,2,1,EagerExecutor|TracedExecutor
models.common.models.phi4.executor,models.common.llm_runtime.output_reader,internal_models_namespace,1,1,OutputReader
models.common.models.phi4.executor,models.common.llm_runtime.paged_kv_cache,internal_models_namespace,1,1,PagedKVCacheManager
models.common.models.phi4.executor,models.common.llm_runtime.prefill.config,internal_models_namespace,1,1,PrefillRuntimeConfig
models.common.models.phi4.executor,models.common.llm_runtime.prefill.runtime,internal_models_namespace,1,1,PrefillRuntime
models.common.models.phi4.executor,models.common.llm_runtime.program_compiler,internal_models_namespace,1,1,ProgramCompiler
models.common.models.phi4.executor,models.common.llm_runtime.tensor_resources,internal_models_namespace,1,1,attach_cleanup_failures
models.common.models.phi4.executor,models.common.llm_runtime.trace_compiler,internal_models_namespace,1,1,TraceCompiler
models.common.models.phi4.executor,models.common.llm_runtime.warmup,internal_models_namespace,2,1,WarmupCoordinator|WarmupCoordinatorConfig
models.common.models.phi4.executor,models.common.models.phi4.hf_adaptor,internal_models_namespace,1,1,Phi4ForCausalLM
models.common.models.phi4.executor,models.common.modules.sampling.sampling_1d,internal_models_namespace,1,1,Sampling1D
models.common.models.phi4.executor,models.common.sampling,external_models_tt_metal,1,1,SamplingParams
models.common.models.phi4.executor,torch,third_party_base,1,1,
models.common.models.phi4.executor,typing,stdlib,2,1,Any|Sequence
models.common.models.phi4.generator,__future__,stdlib,1,1,annotations
models.common.models.phi4.generator,collections.abc,stdlib,1,1,Sequence
models.common.models.phi4.generator,dataclasses,stdlib,1,1,dataclass
models.common.models.phi4.generator,models.common.llm_runtime.config,internal_models_namespace,4,1,PagedKVCacheConfig|TraceConfig|TraceMode|WarmupConfig
models.common.models.phi4.generator,models.common.llm_runtime.lane_group,internal_models_namespace,1,1,LaneGroupExecutor
models.common.models.phi4.generator,models.common.llm_runtime.vllm_adapter,internal_models_namespace,3,1,NormalizedPrefillKwargs|VLLMAdapter|VLLMAdapterConfig
models.common.models.phi4.generator,models.common.models.phi4.executor,internal_models_namespace,2,1,Phi4ExecutorConfig|build_phi4_executor
models.common.models.phi4.generator,models.common.models.phi4.hf_adaptor,internal_models_namespace,2,1,DEFAULT_HF_REVISION|from_pretrained
models.common.models.phi4.generator,models.common.models.phi4.model,internal_models_namespace,1,1,Phi4PagedAttentionConfig
models.common.models.phi4.generator,models.tt_transformers.tt.generator,external_models_tttv1,1,1,create_submeshes
models.common.models.phi4.generator,torch,third_party_base,1,1,
models.common.models.phi4.generator,ttnn,third_party_base,1,1,
models.common.models.phi4.generator,typing,stdlib,1,1,Any
models.common.models.phi4.hf_adaptor,__future__,stdlib,1,1,annotations
models.common.models.phi4.hf_adaptor,dataclasses,stdlib,2,1,dataclass|field
models.common.models.phi4.hf_adaptor,math,stdlib,1,1,
models.common.models.phi4.hf_adaptor,models.common.models.phi4,internal_models_namespace,1,1,weight_utils
models.common.models.phi4.hf_adaptor,models.common.models.phi4.model,internal_models_namespace,9,1,PHI4_ACCURACY|PHI4_PERFORMANCE|Phi4LayerWeights|Phi4ModelParameters|Phi4PagedAttentionConfig|Phi4PrecisionConfig|Phi4Transformer|Phi4Weights|build_phi4_transformer_config
models.common.models.phi4.hf_adaptor,os,stdlib,1,1,
models.common.models.phi4.hf_adaptor,pathlib,stdlib,1,1,Path
models.common.models.phi4.hf_adaptor,torch,third_party_base,1,1,
models.common.models.phi4.hf_adaptor,transformers,third_party_optional,3,1,AutoConfig|AutoModelForCausalLM|AutoTokenizer
models.common.models.phi4.hf_adaptor,ttnn,third_party_base,1,1,
models.common.models.phi4.hf_adaptor,typing,stdlib,1,1,Any
models.common.models.phi4.model,__future__,stdlib,1,1,annotations
models.common.models.phi4.model,dataclasses,stdlib,3,1,dataclass|field|replace
models.common.models.phi4.model,loguru,third_party_base,1,1,logger
models.common.models.phi4.model,math,stdlib,1,1,
models.common.models.phi4.model,models.common.lightweightmodule,external_models_tt_metal,1,1,LightweightModule
models.common.models.phi4.model,models.common.models.phi4,internal_models_namespace,1,1,weight_utils
models.common.models.phi4.model,models.common.modules.attention.attention_1d,internal_models_namespace,4,1,Attention1D|Attention1DConfig|_dram_matmul_config|_dram_shard_core_grid
models.common.models.phi4.model,models.common.modules.embedding.embedding_1d,internal_models_namespace,2,1,Embedding1D|Embedding1DConfig
models.common.models.phi4.model,models.common.modules.lazy_weight,internal_models_namespace,1,1,LazyWeight
models.common.models.phi4.model,models.common.modules.lm_head.lm_head_1d,internal_models_namespace,3,1,LMHead1D|LMHead1DConfig|_nearest_32
models.common.models.phi4.model,models.common.modules.mlp.mlp_1d,internal_models_namespace,3,1,MLP1D|MLP1DConfig|_dram_shard_core_grid_k_n
models.common.models.phi4.model,models.common.modules.rmsnorm.rmsnorm_1d,internal_models_namespace,3,1,RMSNorm1D|RMSNorm1DConfig|_create_sharded_norm_program_config
models.common.models.phi4.model,models.common.modules.rope.rope_1d,internal_models_namespace,2,1,Rope1DConfig|RotarySetup1D
models.common.models.phi4.model,models.common.modules.sampling.sampling_1d,internal_models_namespace,2,1,Sampling1D|Sampling1DConfig
models.common.models.phi4.model,models.common.modules.tt_ccl,internal_models_namespace,2,1,default_topology|get_tt_ccl
models.common.models.phi4.model,models.common.tensor_utils,external_models_tt_metal,2,1,TILE_SIZE|get_padded_hidden_dim
models.common.models.phi4.model,os,stdlib,1,1,
models.common.models.phi4.model,pathlib,stdlib,1,1,Path
models.common.models.phi4.model,torch,third_party_base,1,1,
models.common.models.phi4.model,tqdm,third_party_optional,1,1,tqdm
models.common.models.phi4.model,ttnn,third_party_base,1,1,
models.common.models.phi4.model,typing,stdlib,1,1,Any
models.common.models.phi4.weight_utils,__future__,stdlib,1,1,annotations
models.common.models.phi4.weight_utils,math,stdlib,1,1,
models.common.models.phi4.weight_utils,models.common.modules.lazy_weight,internal_models_namespace,1,1,LazyWeight
models.common.models.phi4.weight_utils,pathlib,stdlib,1,1,Path
models.common.models.phi4.weight_utils,torch,third_party_base,1,1,
models.common.models.phi4.weight_utils,ttnn,third_party_base,1,1,
models.common.models.phi4.weight_utils,typing,stdlib,1,1,Any
models.common.models.qwen25_72b,models.common.models.qwen25_72b.executor,internal_models_namespace,3,1,Qwen25_72BExecutor|Qwen25_72BExecutorConfig|build_qwen25_72b_executor
models.common.models.qwen25_72b,models.common.models.qwen25_72b.generator,internal_models_namespace,3,1,Qwen25_72BGenerator|Qwen25_72BGeneratorConfig|build_qwen25_72b_generator
models.common.models.qwen25_72b,models.common.models.qwen25_72b.hf_adaptor,internal_models_namespace,2,1,Qwen25_72BForCausalLM|from_pretrained
models.common.models.qwen25_72b,models.common.models.qwen25_72b.model,internal_models_namespace,7,1,QWEN25_72B_ACCURACY|QWEN25_72B_PERFORMANCE|Qwen25_72B|Qwen25_72BConfig|Qwen25_72BExecutorRuntimeConfig|Qwen25_72BPagedAttentionConfig|Qwen25_72BPrecisionConfig
models.common.models.qwen25_72b.executor,models.common.models.qwen25_72b.hf_adaptor,internal_models_namespace,1,1,Qwen25_72BForCausalLM
models.common.models.qwen25_72b.executor,models.common.models.qwen25_72b.model,internal_models_namespace,1,1,_slice_last_token_tile
models.common.models.qwen25_72b.executor,models.common.models.qwen2_executor,internal_models_namespace,3,2,Qwen25_72BExecutor|Qwen25_72BExecutorConfig|build_qwen25_72b_executor
models.common.models.qwen25_72b.generator,__future__,stdlib,1,1,annotations
models.common.models.qwen25_72b.generator,dataclasses,stdlib,1,1,dataclass
models.common.models.qwen25_72b.generator,models.common.llm_runtime.config,internal_models_namespace,4,1,PagedKVCacheConfig|TraceConfig|TraceMode|WarmupConfig
models.common.models.qwen25_72b.generator,models.common.llm_runtime.lane_group,internal_models_namespace,1,1,LaneGroupExecutor
models.common.models.qwen25_72b.generator,models.common.llm_runtime.vllm_adapter,internal_models_namespace,3,1,NormalizedPrefillKwargs|VLLMAdapter|VLLMAdapterConfig
models.common.models.qwen25_72b.generator,models.common.models.qwen25_72b.executor,internal_models_namespace,2,1,Qwen25_72BExecutorConfig|build_qwen25_72b_executor
models.common.models.qwen25_72b.generator,models.common.models.qwen25_72b.hf_adaptor,internal_models_namespace,2,1,DEFAULT_HF_REVISION|from_pretrained
models.common.models.qwen25_72b.generator,models.common.models.qwen25_72b.model,internal_models_namespace,1,1,Qwen25_72BPagedAttentionConfig
models.common.models.qwen25_72b.generator,models.tt_transformers.tt.generator,external_models_tttv1,1,1,create_submeshes
models.common.models.qwen25_72b.generator,ttnn,third_party_base,1,1,
models.common.models.qwen25_72b.generator,typing,stdlib,1,1,Any
models.common.models.qwen25_72b.hf_adaptor,__future__,stdlib,1,1,annotations
models.common.models.qwen25_72b.hf_adaptor,dataclasses,stdlib,2,1,dataclass|field
models.common.models.qwen25_72b.hf_adaptor,math,stdlib,1,1,
models.common.models.qwen25_72b.hf_adaptor,models.common.models.qwen25_72b,internal_models_namespace,1,1,weight_utils
models.common.models.qwen25_72b.hf_adaptor,models.common.models.qwen25_72b.model,internal_models_namespace,10,1,DEFAULT_HF_REVISION|QWEN25_72B_ACCURACY|QWEN25_72B_PERFORMANCE|Qwen25_72B|Qwen25_72BConfig|Qwen25_72BLayerWeights|Qwen25_72BPagedAttentionConfig|Qwen25_72BPrecisionConfig|Qwen25_72BWeights|build_qwen25_72b_model
models.common.models.qwen25_72b.hf_adaptor,os,stdlib,1,1,
models.common.models.qwen25_72b.hf_adaptor,pathlib,stdlib,1,1,Path
models.common.models.qwen25_72b.hf_adaptor,torch,third_party_base,1,1,
models.common.models.qwen25_72b.hf_adaptor,transformers,third_party_optional,3,1,AutoConfig|AutoModelForCausalLM|AutoTokenizer
models.common.models.qwen25_72b.hf_adaptor,ttnn,third_party_base,1,1,
models.common.models.qwen25_72b.hf_adaptor,typing,stdlib,1,1,Any
models.common.models.qwen25_72b.model,__future__,stdlib,1,1,annotations
models.common.models.qwen25_72b.model,dataclasses,stdlib,3,1,dataclass|field|replace
models.common.models.qwen25_72b.model,loguru,third_party_base,1,1,logger
models.common.models.qwen25_72b.model,math,stdlib,1,1,
models.common.models.qwen25_72b.model,models.common.lightweightmodule,external_models_tt_metal,1,1,LightweightModule
models.common.models.qwen25_72b.model,models.common.models.qwen25_72b,internal_models_namespace,1,1,weight_utils
models.common.models.qwen25_72b.model,models.common.modules.attention.attention_1d,internal_models_namespace,4,1,Attention1D|Attention1DConfig|_dram_matmul_config|_dram_shard_core_grid
models.common.models.qwen25_72b.model,models.common.modules.embedding.embedding_1d,internal_models_namespace,2,1,Embedding1D|Embedding1DConfig
models.common.models.qwen25_72b.model,models.common.modules.lazy_weight,internal_models_namespace,1,1,LazyWeight
models.common.models.qwen25_72b.model,models.common.modules.lm_head.lm_head_1d,internal_models_namespace,3,1,LMHead1D|LMHead1DConfig|_nearest_32
models.common.models.qwen25_72b.model,models.common.modules.mlp.mlp_1d,internal_models_namespace,3,1,MLP1D|MLP1DConfig|_dram_shard_core_grid_k_n
models.common.models.qwen25_72b.model,models.common.modules.rmsnorm.rmsnorm_1d,internal_models_namespace,3,1,RMSNorm1D|RMSNorm1DConfig|_create_sharded_norm_program_config
models.common.models.qwen25_72b.model,models.common.modules.rope.rope_1d,internal_models_namespace,3,1,Rope1DConfig|RotarySetup1D|prepare_rot_idxs
models.common.models.qwen25_72b.model,models.common.modules.sampling.sampling_1d,internal_models_namespace,1,1,Sampling1D
models.common.models.qwen25_72b.model,models.common.modules.tt_ccl,internal_models_namespace,2,1,default_topology|get_tt_ccl
models.common.models.qwen25_72b.model,models.common.tensor_utils,external_models_tt_metal,2,1,TILE_SIZE|get_padded_hidden_dim
models.common.models.qwen25_72b.model,os,stdlib,1,1,
models.common.models.qwen25_72b.model,pathlib,stdlib,1,1,Path
models.common.models.qwen25_72b.model,torch,third_party_base,1,1,
models.common.models.qwen25_72b.model,ttnn,third_party_base,1,1,
models.common.models.qwen25_72b.model,types,stdlib,1,1,SimpleNamespace
models.common.models.qwen25_72b.model,typing,stdlib,2,1,Any|List
models.common.models.qwen25_72b.weight_utils,__future__,stdlib,1,1,annotations
models.common.models.qwen25_72b.weight_utils,math,stdlib,1,1,
models.common.models.qwen25_72b.weight_utils,models.common.modules.lazy_weight,internal_models_namespace,1,1,LazyWeight
models.common.models.qwen25_72b.weight_utils,pathlib,stdlib,1,1,Path
models.common.models.qwen25_72b.weight_utils,torch,third_party_base,1,1,
models.common.models.qwen25_72b.weight_utils,ttnn,third_party_base,1,1,
models.common.models.qwen25_72b.weight_utils,typing,stdlib,1,1,Any
models.common.models.qwen25_72b.weights,models.common.models.qwen25_72b,internal_models_namespace,1,1,weight_utils
models.common.models.qwen25_7b,models.common.models.qwen25_7b.executor,internal_models_namespace,2,1,Qwen25Executor|Qwen25ExecutorConfig
models.common.models.qwen25_7b,models.common.models.qwen25_7b.generator,internal_models_namespace,2,1,Qwen25Generator|Qwen25GeneratorConfig
models.common.models.qwen25_7b,models.common.models.qwen25_7b.hf_adaptor,internal_models_namespace,2,1,Qwen25ForCausalLM|Qwen25RuntimeConfig
models.common.models.qwen25_7b,models.common.models.qwen25_7b.model,internal_models_namespace,6,1,QWEN25_7B_ACCURACY|QWEN25_7B_PERFORMANCE|Qwen25PagedAttentionConfig|Qwen25_7B|Qwen25_7BPrecisionConfig|Qwen25_7BTransformerConfig
models.common.models.qwen25_7b.executor,models.common.models.qwen25_7b.hf_adaptor,internal_models_namespace,1,1,Qwen25ForCausalLM
models.common.models.qwen25_7b.executor,models.common.models.qwen2_executor,internal_models_namespace,3,2,Qwen25Executor|Qwen25ExecutorConfig|build_qwen25_7b_executor
models.common.models.qwen25_7b.generator,__future__,stdlib,1,1,annotations
models.common.models.qwen25_7b.generator,collections.abc,stdlib,1,1,Sequence
models.common.models.qwen25_7b.generator,dataclasses,stdlib,1,1,dataclass
models.common.models.qwen25_7b.generator,models.common.llm_runtime.config,internal_models_namespace,4,1,PagedKVCacheConfig|TraceConfig|TraceMode|WarmupConfig
models.common.models.qwen25_7b.generator,models.common.llm_runtime.lane_group,internal_models_namespace,1,1,LaneGroupExecutor
models.common.models.qwen25_7b.generator,models.common.llm_runtime.vllm_adapter,internal_models_namespace,3,1,NormalizedPrefillKwargs|VLLMAdapter|VLLMAdapterConfig
models.common.models.qwen25_7b.generator,models.common.models.qwen25_7b.executor,internal_models_namespace,2,1,Qwen25ExecutorConfig|build_qwen25_7b_executor
models.common.models.qwen25_7b.generator,models.common.models.qwen25_7b.hf_adaptor,internal_models_namespace,1,1,from_pretrained
models.common.models.qwen25_7b.generator,models.common.models.qwen25_7b.model,internal_models_namespace,1,1,Qwen25PagedAttentionConfig
models.common.models.qwen25_7b.generator,models.tt_transformers.tt.generator,external_models_tttv1,1,1,create_submeshes
models.common.models.qwen25_7b.generator,torch,third_party_base,1,1,
models.common.models.qwen25_7b.generator,ttnn,third_party_base,1,1,
models.common.models.qwen25_7b.generator,typing,stdlib,1,1,Any
models.common.models.qwen25_7b.hf_adaptor,__future__,stdlib,1,1,annotations
models.common.models.qwen25_7b.hf_adaptor,dataclasses,stdlib,2,1,dataclass|field
models.common.models.qwen25_7b.hf_adaptor,models.common.models.qwen25_7b,internal_models_namespace,1,1,weight_utils
models.common.models.qwen25_7b.hf_adaptor,models.common.models.qwen25_7b.model,internal_models_namespace,9,1,QWEN25_7B_ACCURACY|QWEN25_7B_PERFORMANCE|Qwen25PagedAttentionConfig|Qwen25_7B|Qwen25_7BLayerWeights|Qwen25_7BModelParameters|Qwen25_7BPrecisionConfig|Qwen25_7BWeights|build_qwen25_7b_transformer_config
models.common.models.qwen25_7b.hf_adaptor,os,stdlib,1,1,
models.common.models.qwen25_7b.hf_adaptor,pathlib,stdlib,1,1,Path
models.common.models.qwen25_7b.hf_adaptor,torch,third_party_base,1,1,
models.common.models.qwen25_7b.hf_adaptor,transformers,third_party_optional,3,1,AutoConfig|AutoModelForCausalLM|AutoTokenizer
models.common.models.qwen25_7b.hf_adaptor,ttnn,third_party_base,1,1,
models.common.models.qwen25_7b.hf_adaptor,typing,stdlib,1,1,Any
models.common.models.qwen25_7b.model,__future__,stdlib,1,1,annotations
models.common.models.qwen25_7b.model,dataclasses,stdlib,3,1,dataclass|field|replace
models.common.models.qwen25_7b.model,loguru,third_party_base,1,1,logger
models.common.models.qwen25_7b.model,math,stdlib,1,1,
models.common.models.qwen25_7b.model,models.common.lightweightmodule,external_models_tt_metal,1,1,LightweightModule
models.common.models.qwen25_7b.model,models.common.modules.attention.attention_1d,internal_models_namespace,4,1,Attention1D|Attention1DConfig|_dram_matmul_config|_dram_shard_core_grid
models.common.models.qwen25_7b.model,models.common.modules.embedding.embedding_1d,internal_models_namespace,2,1,Embedding1D|Embedding1DConfig
models.common.models.qwen25_7b.model,models.common.modules.lazy_weight,internal_models_namespace,1,1,LazyWeight
models.common.models.qwen25_7b.model,models.common.modules.lm_head.lm_head_1d,internal_models_namespace,3,1,LMHead1D|LMHead1DConfig|_nearest_32
models.common.models.qwen25_7b.model,models.common.modules.mlp.mlp_1d,internal_models_namespace,3,1,MLP1D|MLP1DConfig|_dram_shard_core_grid_k_n
models.common.models.qwen25_7b.model,models.common.modules.rmsnorm.rmsnorm_1d,internal_models_namespace,3,1,RMSNorm1D|RMSNorm1DConfig|_create_sharded_norm_program_config
models.common.models.qwen25_7b.model,models.common.modules.rope.rope_1d,internal_models_namespace,3,1,Rope1DConfig|RotarySetup1D|prepare_rot_idxs
models.common.models.qwen25_7b.model,models.common.modules.sampling.sampling_1d,internal_models_namespace,2,1,Sampling1D|Sampling1DConfig
models.common.models.qwen25_7b.model,models.common.modules.tt_ccl,internal_models_namespace,2,1,default_topology|get_tt_ccl
models.common.models.qwen25_7b.model,models.common.tensor_utils,external_models_tt_metal,2,1,TILE_SIZE|get_padded_hidden_dim
models.common.models.qwen25_7b.model,pathlib,stdlib,1,1,Path
models.common.models.qwen25_7b.model,torch,third_party_base,1,1,
models.common.models.qwen25_7b.model,tqdm,third_party_optional,1,1,tqdm
models.common.models.qwen25_7b.model,ttnn,third_party_base,1,1,
models.common.models.qwen25_7b.model,typing,stdlib,1,1,Any
models.common.models.qwen25_7b.weight_utils,__future__,stdlib,1,1,annotations
models.common.models.qwen25_7b.weight_utils,math,stdlib,1,1,
models.common.models.qwen25_7b.weight_utils,models.common.modules.lazy_weight,internal_models_namespace,1,1,LazyWeight
models.common.models.qwen25_7b.weight_utils,pathlib,stdlib,1,1,Path
models.common.models.qwen25_7b.weight_utils,torch,third_party_base,1,1,
models.common.models.qwen25_7b.weight_utils,ttnn,third_party_base,1,1,
models.common.models.qwen25_7b.weight_utils,typing,stdlib,1,1,Any
models.common.models.qwen25_coder_32b,models.common.models.qwen25_coder_32b.executor,internal_models_namespace,5,1,EagerQwen25Coder32BExecutor|Qwen25Coder32BExecutor|Qwen25Coder32BExecutorConfig|TracedQwen25Coder32BExecutor|build_qwen25_coder_32b_executor
models.common.models.qwen25_coder_32b,models.common.models.qwen25_coder_32b.generator,internal_models_namespace,3,1,Qwen25Coder32BGenerator|Qwen25Coder32BGeneratorConfig|build_qwen25_coder_32b_generator
models.common.models.qwen25_coder_32b,models.common.models.qwen25_coder_32b.hf_adaptor,internal_models_namespace,2,1,Qwen25Coder32BForCausalLM|from_pretrained
models.common.models.qwen25_coder_32b,models.common.models.qwen25_coder_32b.model,internal_models_namespace,9,1,QWEN25_CODER_32B_ACCURACY|QWEN25_CODER_32B_PERFORMANCE|Qwen25Coder32B|Qwen25Coder32BConfig|Qwen25Coder32BLayerWeights|Qwen25Coder32BPagedAttentionConfig|Qwen25Coder32BPrecisionConfig|Qwen25Coder32BWeights|build_qwen25_coder_32b_model
models.common.models.qwen25_coder_32b.demo,__future__,stdlib,1,1,annotations
models.common.models.qwen25_coder_32b.demo,csv,stdlib,1,1,
models.common.models.qwen25_coder_32b.demo,gc,stdlib,1,1,
models.common.models.qwen25_coder_32b.demo,models.common.models.qwen25_coder_32b.executor,internal_models_namespace,4,1,EagerQwen25Coder32BExecutor|TracedQwen25Coder32BExecutor|run_lm_head|run_prefill
models.common.models.qwen25_coder_32b.demo,models.common.models.qwen25_coder_32b.generator,internal_models_namespace,2,1,greedy_argmax_from_logits|greedy_decode_one_step
models.common.models.qwen25_coder_32b.demo,models.common.models.qwen25_coder_32b.model,internal_models_namespace,3,2,Qwen25Coder32B|Qwen25Coder32BDecoderLayer|_all_gather_rmsnorm_tensor
models.common.models.qwen25_coder_32b.demo,models.common.tests.demos.cleanup_utils,external_models_test,1,1,cleanup_model_case
models.common.models.qwen25_coder_32b.demo,models.common.tests.demos.run_helpers,external_models_test,1,1,make_contiguous_page_table
models.common.models.qwen25_coder_32b.demo,models.common.utility_functions,external_models_tt_metal,1,1,comp_pcc
models.common.models.qwen25_coder_32b.demo,os,stdlib,1,1,
models.common.models.qwen25_coder_32b.demo,pytest,third_party_test,1,1,
models.common.models.qwen25_coder_32b.demo,torch,third_party_base,1,1,
models.common.models.qwen25_coder_32b.demo,transformers,third_party_optional,2,1,AutoConfig|AutoModelForCausalLM
models.common.models.qwen25_coder_32b.demo,ttnn,third_party_base,1,1,
models.common.models.qwen25_coder_32b.executor,models.common.llm_runtime.config,internal_models_namespace,3,1,PagedKVCacheConfig|TraceConfig|WarmupConfig
models.common.models.qwen25_coder_32b.executor,models.common.models.qwen25_coder_32b.hf_adaptor,internal_models_namespace,1,1,Qwen25Coder32BForCausalLM
models.common.models.qwen25_coder_32b.executor,models.common.models.qwen25_coder_32b.model,internal_models_namespace,1,1,_slice_last_token_tile
models.common.models.qwen25_coder_32b.executor,models.common.models.qwen2_executor,internal_models_namespace,3,2,Qwen25Coder32BExecutor|Qwen25Coder32BExecutorConfig|build_qwen25_coder_32b_executor
models.common.models.qwen25_coder_32b.executor,ttnn,third_party_base,1,1,
models.common.models.qwen25_coder_32b.generator,__future__,stdlib,1,1,annotations
models.common.models.qwen25_coder_32b.generator,dataclasses,stdlib,1,1,dataclass
models.common.models.qwen25_coder_32b.generator,models.common.llm_runtime.config,internal_models_namespace,4,1,PagedKVCacheConfig|TraceConfig|TraceMode|WarmupConfig
models.common.models.qwen25_coder_32b.generator,models.common.llm_runtime.lane_group,internal_models_namespace,1,1,LaneGroupExecutor
models.common.models.qwen25_coder_32b.generator,models.common.llm_runtime.vllm_adapter,internal_models_namespace,3,1,NormalizedPrefillKwargs|VLLMAdapter|VLLMAdapterConfig
models.common.models.qwen25_coder_32b.generator,models.common.models.qwen25_coder_32b.executor,internal_models_namespace,2,1,Qwen25Coder32BExecutorConfig|build_qwen25_coder_32b_executor
models.common.models.qwen25_coder_32b.generator,models.common.models.qwen25_coder_32b.hf_adaptor,internal_models_namespace,2,1,DEFAULT_HF_REVISION|from_pretrained
models.common.models.qwen25_coder_32b.generator,models.common.models.qwen25_coder_32b.model,internal_models_namespace,1,1,Qwen25Coder32BPagedAttentionConfig
models.common.models.qwen25_coder_32b.generator,models.tt_transformers.tt.generator,external_models_tttv1,1,1,create_submeshes
models.common.models.qwen25_coder_32b.generator,ttnn,third_party_base,1,1,
models.common.models.qwen25_coder_32b.generator,typing,stdlib,1,1,Any
models.common.models.qwen25_coder_32b.hf_adaptor,__future__,stdlib,1,1,annotations
models.common.models.qwen25_coder_32b.hf_adaptor,dataclasses,stdlib,2,1,dataclass|field
models.common.models.qwen25_coder_32b.hf_adaptor,models.common.models.qwen25_coder_32b,internal_models_namespace,1,1,weight_utils
models.common.models.qwen25_coder_32b.hf_adaptor,models.common.models.qwen25_coder_32b.model,internal_models_namespace,10,1,DEFAULT_HF_REVISION|QWEN25_CODER_32B_ACCURACY|QWEN25_CODER_32B_PERFORMANCE|Qwen25Coder32B|Qwen25Coder32BConfig|Qwen25Coder32BLayerWeights|Qwen25Coder32BPagedAttentionConfig|Qwen25Coder32BPrecisionConfig|Qwen25Coder32BWeights|build_qwen25_coder_32b_model
models.common.models.qwen25_coder_32b.hf_adaptor,os,stdlib,1,1,
models.common.models.qwen25_coder_32b.hf_adaptor,pathlib,stdlib,1,1,Path
models.common.models.qwen25_coder_32b.hf_adaptor,torch,third_party_base,1,1,
models.common.models.qwen25_coder_32b.hf_adaptor,transformers,third_party_optional,3,1,AutoConfig|AutoModelForCausalLM|AutoTokenizer
models.common.models.qwen25_coder_32b.hf_adaptor,ttnn,third_party_base,1,1,
models.common.models.qwen25_coder_32b.hf_adaptor,typing,stdlib,1,1,Any
models.common.models.qwen25_coder_32b.model,__future__,stdlib,1,1,annotations
models.common.models.qwen25_coder_32b.model,dataclasses,stdlib,3,1,dataclass|field|replace
models.common.models.qwen25_coder_32b.model,loguru,third_party_base,1,1,logger
models.common.models.qwen25_coder_32b.model,math,stdlib,1,1,
models.common.models.qwen25_coder_32b.model,models.common.lightweightmodule,external_models_tt_metal,1,1,LightweightModule
models.common.models.qwen25_coder_32b.model,models.common.models.qwen25_coder_32b,internal_models_namespace,1,1,weight_utils
models.common.models.qwen25_coder_32b.model,models.common.models.qwen25_coder_32b.hf_adaptor,internal_models_namespace,1,1,from_pretrained
models.common.models.qwen25_coder_32b.model,models.common.modules.attention.attention_1d,internal_models_namespace,4,1,Attention1D|Attention1DConfig|_dram_matmul_config|_dram_shard_core_grid
models.common.models.qwen25_coder_32b.model,models.common.modules.embedding.embedding_1d,internal_models_namespace,2,1,Embedding1D|Embedding1DConfig
models.common.models.qwen25_coder_32b.model,models.common.modules.lazy_weight,internal_models_namespace,1,1,LazyWeight
models.common.models.qwen25_coder_32b.model,models.common.modules.lm_head.lm_head_1d,internal_models_namespace,3,1,LMHead1D|LMHead1DConfig|_nearest_32
models.common.models.qwen25_coder_32b.model,models.common.modules.mlp.mlp_1d,internal_models_namespace,3,1,MLP1D|MLP1DConfig|_dram_shard_core_grid_k_n
models.common.models.qwen25_coder_32b.model,models.common.modules.rmsnorm.rmsnorm_1d,internal_models_namespace,3,1,RMSNorm1D|RMSNorm1DConfig|_create_sharded_norm_program_config
models.common.models.qwen25_coder_32b.model,models.common.modules.rope.rope_1d,internal_models_namespace,3,1,Rope1DConfig|RotarySetup1D|prepare_rot_idxs
models.common.models.qwen25_coder_32b.model,models.common.modules.sampling.sampling_1d,internal_models_namespace,1,1,Sampling1D
models.common.models.qwen25_coder_32b.model,models.common.modules.tt_ccl,internal_models_namespace,2,1,default_topology|get_tt_ccl
models.common.models.qwen25_coder_32b.model,models.common.tensor_utils,external_models_tt_metal,2,1,TILE_SIZE|get_padded_hidden_dim
models.common.models.qwen25_coder_32b.model,os,stdlib,1,1,
models.common.models.qwen25_coder_32b.model,pathlib,stdlib,1,1,Path
models.common.models.qwen25_coder_32b.model,torch,third_party_base,1,1,
models.common.models.qwen25_coder_32b.model,ttnn,third_party_base,1,1,
models.common.models.qwen25_coder_32b.model,typing,stdlib,2,1,Any|List
models.common.models.qwen25_coder_32b.weight_utils,__future__,stdlib,1,1,annotations
models.common.models.qwen25_coder_32b.weight_utils,math,stdlib,1,1,
models.common.models.qwen25_coder_32b.weight_utils,models.common.modules.lazy_weight,internal_models_namespace,1,1,LazyWeight
models.common.models.qwen25_coder_32b.weight_utils,pathlib,stdlib,1,1,Path
models.common.models.qwen25_coder_32b.weight_utils,torch,third_party_base,1,1,
models.common.models.qwen25_coder_32b.weight_utils,ttnn,third_party_base,1,1,
models.common.models.qwen25_coder_32b.weight_utils,typing,stdlib,1,1,Any
models.common.models.qwen2_7b,models.common.models.qwen2_7b.executor,internal_models_namespace,2,1,Qwen2Executor|Qwen2ExecutorConfig
models.common.models.qwen2_7b,models.common.models.qwen2_7b.generator,internal_models_namespace,2,1,Qwen2Generator|Qwen2GeneratorConfig
models.common.models.qwen2_7b,models.common.models.qwen2_7b.hf_adaptor,internal_models_namespace,2,1,Qwen2ForCausalLM|Qwen2RuntimeConfig
models.common.models.qwen2_7b,models.common.models.qwen2_7b.model,internal_models_namespace,6,1,QWEN2_7B_ACCURACY|QWEN2_7B_PERFORMANCE|Qwen2PagedAttentionConfig|Qwen2_7B|Qwen2_7BPrecisionConfig|Qwen2_7BTransformerConfig
models.common.models.qwen2_7b.executor,models.common.models.qwen2_7b.hf_adaptor,internal_models_namespace,1,1,Qwen2ForCausalLM
models.common.models.qwen2_7b.executor,models.common.models.qwen2_executor,internal_models_namespace,3,2,Qwen2Executor|Qwen2ExecutorConfig|build_qwen2_7b_executor
models.common.models.qwen2_7b.generator,__future__,stdlib,1,1,annotations
models.common.models.qwen2_7b.generator,collections.abc,stdlib,1,1,Sequence
models.common.models.qwen2_7b.generator,dataclasses,stdlib,1,1,dataclass
models.common.models.qwen2_7b.generator,models.common.llm_runtime.config,internal_models_namespace,4,1,PagedKVCacheConfig|TraceConfig|TraceMode|WarmupConfig
models.common.models.qwen2_7b.generator,models.common.llm_runtime.lane_group,internal_models_namespace,1,1,LaneGroupExecutor
models.common.models.qwen2_7b.generator,models.common.llm_runtime.vllm_adapter,internal_models_namespace,3,1,NormalizedPrefillKwargs|VLLMAdapter|VLLMAdapterConfig
models.common.models.qwen2_7b.generator,models.common.models.qwen2_7b.executor,internal_models_namespace,2,1,Qwen2ExecutorConfig|build_qwen2_7b_executor
models.common.models.qwen2_7b.generator,models.common.models.qwen2_7b.hf_adaptor,internal_models_namespace,1,1,from_pretrained
models.common.models.qwen2_7b.generator,models.common.models.qwen2_7b.model,internal_models_namespace,1,1,Qwen2PagedAttentionConfig
models.common.models.qwen2_7b.generator,models.tt_transformers.tt.generator,external_models_tttv1,1,1,create_submeshes
models.common.models.qwen2_7b.generator,torch,third_party_base,1,1,
models.common.models.qwen2_7b.generator,ttnn,third_party_base,1,1,
models.common.models.qwen2_7b.generator,typing,stdlib,1,1,Any
models.common.models.qwen2_7b.hf_adaptor,__future__,stdlib,1,1,annotations
models.common.models.qwen2_7b.hf_adaptor,dataclasses,stdlib,2,1,dataclass|field
models.common.models.qwen2_7b.hf_adaptor,models.common.models.qwen2_7b,internal_models_namespace,1,1,weight_utils
models.common.models.qwen2_7b.hf_adaptor,models.common.models.qwen2_7b.model,internal_models_namespace,9,1,QWEN2_7B_ACCURACY|QWEN2_7B_PERFORMANCE|Qwen2PagedAttentionConfig|Qwen2_7B|Qwen2_7BLayerWeights|Qwen2_7BModelParameters|Qwen2_7BPrecisionConfig|Qwen2_7BWeights|build_qwen2_7b_transformer_config
models.common.models.qwen2_7b.hf_adaptor,os,stdlib,1,1,
models.common.models.qwen2_7b.hf_adaptor,pathlib,stdlib,1,1,Path
models.common.models.qwen2_7b.hf_adaptor,torch,third_party_base,1,1,
models.common.models.qwen2_7b.hf_adaptor,transformers,third_party_optional,3,1,AutoConfig|AutoModelForCausalLM|AutoTokenizer
models.common.models.qwen2_7b.hf_adaptor,ttnn,third_party_base,1,1,
models.common.models.qwen2_7b.hf_adaptor,typing,stdlib,1,1,Any
models.common.models.qwen2_7b.model,__future__,stdlib,1,1,annotations
models.common.models.qwen2_7b.model,dataclasses,stdlib,3,1,dataclass|field|replace
models.common.models.qwen2_7b.model,loguru,third_party_base,1,1,logger
models.common.models.qwen2_7b.model,math,stdlib,1,1,
models.common.models.qwen2_7b.model,models.common.lightweightmodule,external_models_tt_metal,1,1,LightweightModule
models.common.models.qwen2_7b.model,models.common.modules.attention.attention_1d,internal_models_namespace,4,1,Attention1D|Attention1DConfig|_dram_matmul_config|_dram_shard_core_grid
models.common.models.qwen2_7b.model,models.common.modules.embedding.embedding_1d,internal_models_namespace,2,1,Embedding1D|Embedding1DConfig
models.common.models.qwen2_7b.model,models.common.modules.lazy_weight,internal_models_namespace,1,1,LazyWeight
models.common.models.qwen2_7b.model,models.common.modules.lm_head.lm_head_1d,internal_models_namespace,3,1,LMHead1D|LMHead1DConfig|_nearest_32
models.common.models.qwen2_7b.model,models.common.modules.mlp.mlp_1d,internal_models_namespace,3,1,MLP1D|MLP1DConfig|_dram_shard_core_grid_k_n
models.common.models.qwen2_7b.model,models.common.modules.rmsnorm.rmsnorm_1d,internal_models_namespace,3,1,RMSNorm1D|RMSNorm1DConfig|_create_sharded_norm_program_config
models.common.models.qwen2_7b.model,models.common.modules.rope.rope_1d,internal_models_namespace,3,1,Rope1DConfig|RotarySetup1D|prepare_rot_idxs
models.common.models.qwen2_7b.model,models.common.modules.sampling.sampling_1d,internal_models_namespace,2,1,Sampling1D|Sampling1DConfig
models.common.models.qwen2_7b.model,models.common.modules.tt_ccl,internal_models_namespace,2,1,default_topology|get_tt_ccl
models.common.models.qwen2_7b.model,models.common.tensor_utils,external_models_tt_metal,2,1,TILE_SIZE|get_padded_hidden_dim
models.common.models.qwen2_7b.model,pathlib,stdlib,1,1,Path
models.common.models.qwen2_7b.model,torch,third_party_base,1,1,
models.common.models.qwen2_7b.model,tqdm,third_party_optional,1,1,tqdm
models.common.models.qwen2_7b.model,ttnn,third_party_base,1,1,
models.common.models.qwen2_7b.model,typing,stdlib,1,1,Any
models.common.models.qwen2_7b.weight_utils,__future__,stdlib,1,1,annotations
models.common.models.qwen2_7b.weight_utils,math,stdlib,1,1,
models.common.models.qwen2_7b.weight_utils,models.common.modules.lazy_weight,internal_models_namespace,1,1,LazyWeight
models.common.models.qwen2_7b.weight_utils,pathlib,stdlib,1,1,Path
models.common.models.qwen2_7b.weight_utils,torch,third_party_base,1,1,
models.common.models.qwen2_7b.weight_utils,ttnn,third_party_base,1,1,
models.common.models.qwen2_7b.weight_utils,typing,stdlib,1,1,Any
models.common.models.qwen2_executor,__future__,stdlib,1,1,annotations
models.common.models.qwen2_executor,dataclasses,stdlib,1,1,dataclass
models.common.models.qwen2_executor,functools,stdlib,1,1,wraps
models.common.models.qwen2_executor,models.common.llm_runtime.execution,internal_models_namespace,2,1,EagerExecutor|TracedExecutor
models.common.models.qwen2_executor,models.common.models.executor,internal_models_namespace,2,1,ModelExecutor|ModelExecutorConfig
models.common.models.qwen2_executor,models.common.modules.sampling.sampling_1d,internal_models_namespace,1,1,Sampling1D
models.common.models.qwen2_executor,models.common.sampling,external_models_tt_metal,1,1,SamplingParams
models.common.models.qwen2_executor,torch,third_party_base,1,1,
models.common.models.qwen2_executor,typing,stdlib,3,1,Any|Callable|Sequence
models.common.models.qwen3_32b,models.common.models.qwen3_32b.executor,internal_models_namespace,2,1,EagerQwen3_32BExecutor|TracedQwen3_32BExecutor
models.common.models.qwen3_32b,models.common.models.qwen3_32b.generator,internal_models_namespace,2,1,Qwen3_32BGenerator|Qwen3_32BGeneratorConfig
models.common.models.qwen3_32b,models.common.models.qwen3_32b.model,internal_models_namespace,7,1,QWEN3_32B_ACCURACY|QWEN3_32B_PERFORMANCE|Qwen3_32B|Qwen3_32BConfig|Qwen3_32BExecutorRuntimeConfig|Qwen3_32BPagedAttentionConfig|Qwen3_32BPrecisionConfig
models.common.models.qwen3_32b.demo,__future__,stdlib,1,1,annotations
models.common.models.qwen3_32b.demo,csv,stdlib,1,1,
models.common.models.qwen3_32b.demo,gc,stdlib,1,1,
models.common.models.qwen3_32b.demo,models.common.models.qwen3_32b.executor,internal_models_namespace,4,1,EagerQwen3_32BExecutor|TracedQwen3_32BExecutor|run_lm_head|run_prefill
models.common.models.qwen3_32b.demo,models.common.models.qwen3_32b.generator,internal_models_namespace,2,1,greedy_argmax_from_logits|greedy_decode_one_step
models.common.models.qwen3_32b.demo,models.common.models.qwen3_32b.model,internal_models_namespace,3,2,Qwen3_32B|Qwen3_32BDecoderLayer|_all_gather_rmsnorm_tensor
models.common.models.qwen3_32b.demo,models.common.tests.demos.cleanup_utils,external_models_test,1,1,cleanup_model_case
models.common.models.qwen3_32b.demo,models.common.tests.demos.run_helpers,external_models_test,1,1,make_contiguous_page_table
models.common.models.qwen3_32b.demo,models.common.utility_functions,external_models_tt_metal,1,1,comp_pcc
models.common.models.qwen3_32b.demo,os,stdlib,1,1,
models.common.models.qwen3_32b.demo,pytest,third_party_test,1,1,
models.common.models.qwen3_32b.demo,torch,third_party_base,1,1,
models.common.models.qwen3_32b.demo,transformers,third_party_optional,2,1,AutoConfig|AutoModelForCausalLM
models.common.models.qwen3_32b.demo,ttnn,third_party_base,1,1,
models.common.models.qwen3_32b.executor,__future__,stdlib,1,1,annotations
models.common.models.qwen3_32b.executor,collections,stdlib,1,1,defaultdict
models.common.models.qwen3_32b.executor,dataclasses,stdlib,1,1,dataclass
models.common.models.qwen3_32b.executor,functools,stdlib,1,1,wraps
models.common.models.qwen3_32b.executor,models.common.llm_runtime.config,internal_models_namespace,3,1,PagedKVCacheConfig|TraceConfig|WarmupConfig
models.common.models.qwen3_32b.executor,models.common.models.executor,internal_models_namespace,2,1,ModelExecutor|ModelExecutorConfig
models.common.models.qwen3_32b.executor,models.common.models.qwen3_32b.hf_adaptor,internal_models_namespace,1,1,Qwen3_32BForCausalLM
models.common.models.qwen3_32b.executor,models.common.models.qwen3_32b.model,internal_models_namespace,1,1,_slice_last_token_tile
models.common.models.qwen3_32b.executor,models.common.modules.sampling.sampling_1d,internal_models_namespace,1,1,Sampling1D
models.common.models.qwen3_32b.executor,models.common.modules.sampling.sampling_state_1d,internal_models_namespace,1,1,SamplingState1D
models.common.models.qwen3_32b.executor,models.common.sampling.sampling_params,external_models_tt_metal,1,1,SamplingParams
models.common.models.qwen3_32b.executor,torch,third_party_base,1,1,
models.common.models.qwen3_32b.executor,ttnn,third_party_base,1,1,
models.common.models.qwen3_32b.executor,typing,stdlib,2,1,Any|Callable
models.common.models.qwen3_32b.generator,__future__,stdlib,1,1,annotations
models.common.models.qwen3_32b.generator,dataclasses,stdlib,1,1,dataclass
models.common.models.qwen3_32b.generator,models.common.llm_runtime.config,internal_models_namespace,4,1,PagedKVCacheConfig|TraceConfig|TraceMode|WarmupConfig
models.common.models.qwen3_32b.generator,models.common.llm_runtime.lane_group,internal_models_namespace,1,1,LaneGroupExecutor
models.common.models.qwen3_32b.generator,models.common.llm_runtime.vllm_adapter,internal_models_namespace,3,1,NormalizedPrefillKwargs|VLLMAdapter|VLLMAdapterConfig
models.common.models.qwen3_32b.generator,models.common.models.qwen3_32b.executor,internal_models_namespace,2,1,Qwen3_32BExecutorConfig|build_qwen3_32b_executor
models.common.models.qwen3_32b.generator,models.common.models.qwen3_32b.hf_adaptor,internal_models_namespace,2,1,DEFAULT_HF_REVISION|from_pretrained
models.common.models.qwen3_32b.generator,models.common.models.qwen3_32b.model,internal_models_namespace,1,1,Qwen3_32BPagedAttentionConfig
models.common.models.qwen3_32b.generator,models.tt_transformers.tt.generator,external_models_tttv1,1,1,create_submeshes
models.common.models.qwen3_32b.generator,ttnn,third_party_base,1,1,
models.common.models.qwen3_32b.generator,typing,stdlib,1,1,Any
models.common.models.qwen3_32b.hf_adaptor,__future__,stdlib,1,1,annotations
models.common.models.qwen3_32b.hf_adaptor,dataclasses,stdlib,2,1,dataclass|field
models.common.models.qwen3_32b.hf_adaptor,models.common.models.qwen3_32b.model,internal_models_namespace,7,1,DEFAULT_HF_REVISION|QWEN3_32B_ACCURACY|QWEN3_32B_BH_TP4_CLUSTER_TYPES|QWEN3_32B_PERFORMANCE|Qwen3_32B|Qwen3_32BPagedAttentionConfig|Qwen3_32BPrecisionConfig
models.common.models.qwen3_32b.hf_adaptor,os,stdlib,1,1,
models.common.models.qwen3_32b.hf_adaptor,pathlib,stdlib,1,1,Path
models.common.models.qwen3_32b.hf_adaptor,transformers,third_party_optional,2,1,AutoConfig|AutoTokenizer
models.common.models.qwen3_32b.hf_adaptor,ttnn,third_party_base,1,1,
models.common.models.qwen3_32b.hf_adaptor,typing,stdlib,1,1,Any
models.common.models.qwen3_32b.model,__future__,stdlib,1,1,annotations
models.common.models.qwen3_32b.model,dataclasses,stdlib,3,1,dataclass|field|replace
models.common.models.qwen3_32b.model,loguru,third_party_base,1,1,logger
models.common.models.qwen3_32b.model,math,stdlib,1,1,
models.common.models.qwen3_32b.model,models.common.lightweightmodule,external_models_tt_metal,1,1,LightweightModule
models.common.models.qwen3_32b.model,models.common.models.qwen3_32b,internal_models_namespace,1,1,weight_utils
models.common.models.qwen3_32b.model,models.common.modules.attention.attention_1d,internal_models_namespace,4,1,Attention1D|Attention1DConfig|_dram_matmul_config|_dram_shard_core_grid
models.common.models.qwen3_32b.model,models.common.modules.embedding.embedding_1d,internal_models_namespace,2,1,Embedding1D|Embedding1DConfig
models.common.models.qwen3_32b.model,models.common.modules.lazy_weight,internal_models_namespace,1,1,LazyWeight
models.common.models.qwen3_32b.model,models.common.modules.lm_head.lm_head_1d,internal_models_namespace,3,1,LMHead1D|LMHead1DConfig|_nearest_32
models.common.models.qwen3_32b.model,models.common.modules.mlp.mlp_1d,internal_models_namespace,3,1,MLP1D|MLP1DConfig|_dram_shard_core_grid_k_n
models.common.models.qwen3_32b.model,models.common.modules.rmsnorm.rmsnorm_1d,internal_models_namespace,3,1,RMSNorm1D|RMSNorm1DConfig|_create_sharded_norm_program_config
models.common.models.qwen3_32b.model,models.common.modules.rope.rope_1d,internal_models_namespace,3,1,Rope1DConfig|RotarySetup1D|prepare_rot_idxs
models.common.models.qwen3_32b.model,models.common.modules.sampling.sampling_1d,internal_models_namespace,1,1,Sampling1D
models.common.models.qwen3_32b.model,models.common.modules.tt_ccl,internal_models_namespace,1,1,get_tt_ccl
models.common.models.qwen3_32b.model,models.common.tensor_utils,external_models_tt_metal,2,1,TILE_SIZE|get_padded_hidden_dim
models.common.models.qwen3_32b.model,os,stdlib,1,1,
models.common.models.qwen3_32b.model,pathlib,stdlib,1,1,Path
models.common.models.qwen3_32b.model,torch,third_party_base,1,1,
models.common.models.qwen3_32b.model,transformers,third_party_optional,2,1,AutoConfig|AutoModelForCausalLM
models.common.models.qwen3_32b.model,ttnn,third_party_base,1,1,
models.common.models.qwen3_32b.model,typing,stdlib,2,1,Any|List
models.common.models.qwen3_32b.weight_utils,__future__,stdlib,1,1,annotations
models.common.models.qwen3_32b.weight_utils,math,stdlib,1,1,
models.common.models.qwen3_32b.weight_utils,models.common.modules.lazy_weight,internal_models_namespace,1,1,LazyWeight
models.common.models.qwen3_32b.weight_utils,pathlib,stdlib,1,1,Path
models.common.models.qwen3_32b.weight_utils,torch,third_party_base,1,1,
models.common.models.qwen3_32b.weight_utils,ttnn,third_party_base,1,1,
models.common.models.qwen3_32b.weight_utils,typing,stdlib,1,1,Any
models.common.modules.attention.attention_1d,dataclasses,stdlib,3,1,dataclass|field|replace
models.common.modules.attention.attention_1d,functools,stdlib,1,1,lru_cache
models.common.modules.attention.attention_1d,math,stdlib,1,1,
models.common.modules.attention.attention_1d,models.common.lightweightmodule,external_models_tt_metal,1,1,LightweightModule
models.common.modules.attention.attention_1d,models.common.modules.lazy_weight,internal_models_namespace,2,1,LazyWeight|resolve_lazy_weight
models.common.modules.attention.attention_1d,models.common.modules.rmsnorm.rmsnorm_1d,internal_models_namespace,2,1,RMSNorm1D|RMSNorm1DConfig
models.common.modules.attention.attention_1d,models.common.modules.tt_ccl,internal_models_namespace,6,1,CCL_CHUNKS_PER_SYNC|CCL_NUM_BUFFERS_PER_CHANNEL|CCL_NUM_WORKERS_PER_LINK|TT_CCL|default_topology|get_tt_ccl
models.common.modules.attention.attention_1d,models.common.tensor_utils,external_models_tt_metal,6,1,TILE_SIZE|get_out_subblock_w|get_rot_transformation_mat|nearest_32|zeros_like_kv_cache|zeros_like_paged_cache
models.common.modules.attention.attention_1d,models.tt_transformers.tt.model_config,external_models_tttv1,2,1,OpGroup|TensorGroup
models.common.modules.attention.attention_1d,pathlib,stdlib,1,1,Path
models.common.modules.attention.attention_1d,torch,third_party_base,1,1,
models.common.modules.attention.attention_1d,ttnn,third_party_base,1,1,
models.common.modules.attention.attention_1d,typing,stdlib,2,1,Callable|Optional
models.common.modules.embedding.embedding_1d,dataclasses,stdlib,2,1,dataclass|replace
models.common.modules.embedding.embedding_1d,models.common.lightweightmodule,external_models_tt_metal,1,1,LightweightModule
models.common.modules.embedding.embedding_1d,models.common.modules.lazy_weight,internal_models_namespace,2,1,LazyWeight|resolve_lazy_weight
models.common.modules.embedding.embedding_1d,pathlib,stdlib,1,1,Path
models.common.modules.embedding.embedding_1d,ttnn,third_party_base,1,1,
models.common.modules.lazy_buffer,dataclasses,stdlib,3,1,dataclass|field|replace
models.common.modules.lazy_buffer,ttnn,third_party_base,1,1,
models.common.modules.lazy_buffer,typing,stdlib,1,1,Optional
models.common.modules.lazy_weight,dataclasses,stdlib,3,1,dataclass|field|replace
models.common.modules.lazy_weight,hashlib,stdlib,1,1,
models.common.modules.lazy_weight,loguru,third_party_base,1,1,logger
models.common.modules.lazy_weight,models.common.tensor_utils,external_models_tt_metal,3,1,get_padded_hidden_dim|pad_to_shape|parse_shard_dims_from_mesh_mapper_config
models.common.modules.lazy_weight,pathlib,stdlib,2,2,Path
models.common.modules.lazy_weight,ttnn,third_party_base,1,1,
models.common.modules.lazy_weight,typing,stdlib,1,1,Optional
models.common.modules.lm_head.lm_head_1d,dataclasses,stdlib,2,1,dataclass|replace
models.common.modules.lm_head.lm_head_1d,math,stdlib,1,1,
models.common.modules.lm_head.lm_head_1d,models.common.lightweightmodule,external_models_tt_metal,1,1,LightweightModule
models.common.modules.lm_head.lm_head_1d,models.common.modules.lazy_weight,internal_models_namespace,2,1,LazyWeight|resolve_lazy_weight
models.common.modules.lm_head.lm_head_1d,models.common.tensor_utils,external_models_tt_metal,2,2,TILE_SIZE|nearest_32
models.common.modules.lm_head.lm_head_1d,pathlib,stdlib,1,1,Path
models.common.modules.lm_head.lm_head_1d,torch,third_party_base,1,1,
models.common.modules.lm_head.lm_head_1d,ttnn,third_party_base,1,1,
models.common.modules.lm_head.lm_head_1d,typing,stdlib,1,1,List
models.common.modules.mlp.mlp_1d,dataclasses,stdlib,2,1,dataclass|replace
models.common.modules.mlp.mlp_1d,functools,stdlib,1,1,lru_cache
models.common.modules.mlp.mlp_1d,math,stdlib,1,1,
models.common.modules.mlp.mlp_1d,models.common.lightweightmodule,external_models_tt_metal,1,1,LightweightModule
models.common.modules.mlp.mlp_1d,models.common.modules.lazy_weight,internal_models_namespace,2,1,LazyWeight|resolve_lazy_weight
models.common.modules.mlp.mlp_1d,models.common.modules.tt_ccl,internal_models_namespace,6,1,CCL_CHUNKS_PER_SYNC|CCL_NUM_BUFFERS_PER_CHANNEL|CCL_NUM_WORKERS_PER_LINK|TT_CCL|default_topology|get_tt_ccl
models.common.modules.mlp.mlp_1d,models.common.tensor_utils,external_models_tt_metal,4,1,TILE_SIZE|get_out_subblock_w|get_padded_hidden_dim|pad_dim_to_size
models.common.modules.mlp.mlp_1d,models.tt_transformers.tt.common,external_models_tttv1,1,1,Mode
models.common.modules.mlp.mlp_1d,models.tt_transformers.tt.model_config,external_models_tttv1,2,1,OpGroup|TensorGroup
models.common.modules.mlp.mlp_1d,pathlib,stdlib,1,1,Path
models.common.modules.mlp.mlp_1d,torch,third_party_base,1,1,
models.common.modules.mlp.mlp_1d,ttnn,third_party_base,1,1,
models.common.modules.mlp.mlp_1d,typing,stdlib,2,1,Callable|Optional
models.common.modules.mlp.mlp_2d,__future__,stdlib,1,1,annotations
models.common.modules.mlp.mlp_2d,dataclasses,stdlib,2,1,dataclass|replace
models.common.modules.mlp.mlp_2d,models.common.lightweightmodule,external_models_tt_metal,1,1,LightweightModule
models.common.modules.mlp.mlp_2d,models.common.modules.lazy_weight,internal_models_namespace,2,1,LazyWeight|resolve_lazy_weight
models.common.modules.mlp.mlp_2d,models.common.modules.tt_ccl,internal_models_namespace,6,1,CCL_CHUNKS_PER_SYNC|CCL_NUM_BUFFERS_PER_CHANNEL|CCL_NUM_WORKERS_PER_LINK|TT_CCL|default_topology|get_tt_ccl
models.common.modules.mlp.mlp_2d,models.common.tensor_utils,external_models_tt_metal,1,1,pad_dim_to_size
models.common.modules.mlp.mlp_2d,models.common.utility_functions,external_models_tt_metal,1,1,is_blackhole
models.common.modules.mlp.mlp_2d,models.tt_transformers.tt.model_config,external_models_tttv1,2,1,OpGroup|TensorGroup
models.common.modules.mlp.mlp_2d,pathlib,stdlib,1,1,Path
models.common.modules.mlp.mlp_2d,torch,third_party_base,1,1,
models.common.modules.mlp.mlp_2d,ttnn,third_party_base,1,1,
models.common.modules.mlp.mlp_2d,typing,stdlib,3,1,Any|Callable|Optional
models.common.modules.rmsnorm.rmsnorm_1d,dataclasses,stdlib,2,1,dataclass|replace
models.common.modules.rmsnorm.rmsnorm_1d,math,stdlib,1,1,
models.common.modules.rmsnorm.rmsnorm_1d,models.common.lightweightmodule,external_models_tt_metal,1,1,LightweightModule
models.common.modules.rmsnorm.rmsnorm_1d,models.common.modules.lazy_weight,internal_models_namespace,2,1,LazyWeight|resolve_lazy_weight
models.common.modules.rmsnorm.rmsnorm_1d,models.common.modules.tt_ccl,internal_models_namespace,2,1,default_topology|get_tt_ccl
models.common.modules.rmsnorm.rmsnorm_1d,models.common.tensor_utils,external_models_tt_metal,1,1,TILE_SIZE
models.common.modules.rmsnorm.rmsnorm_1d,ttnn,third_party_base,1,1,
models.common.modules.rmsnorm.rmsnorm_1d,typing,stdlib,1,1,Optional
models.common.modules.rmsnorm.rmsnorm_2d,dataclasses,stdlib,2,1,dataclass|replace
models.common.modules.rmsnorm.rmsnorm_2d,models.common.lightweightmodule,external_models_tt_metal,1,1,LightweightModule
models.common.modules.rmsnorm.rmsnorm_2d,models.common.modules.lazy_weight,internal_models_namespace,2,1,LazyWeight|resolve_lazy_weight
models.common.modules.rmsnorm.rmsnorm_2d,models.common.modules.tt_ccl,internal_models_namespace,1,1,get_tt_ccl
models.common.modules.rmsnorm.rmsnorm_2d,models.common.tensor_utils,external_models_tt_metal,1,1,TILE_SIZE
models.common.modules.rmsnorm.rmsnorm_2d,ttnn,third_party_base,1,1,
models.common.modules.rmsnorm.rmsnorm_2d,typing,stdlib,1,1,Optional
models.common.modules.rope.rope_1d,dataclasses,stdlib,2,1,dataclass|replace
models.common.modules.rope.rope_1d,models.common.lightweightmodule,external_models_tt_metal,1,1,LightweightModule
models.common.modules.rope.rope_1d,models.common.modules.lazy_weight,internal_models_namespace,2,1,LazyWeight|resolve_lazy_weight
models.common.modules.rope.rope_1d,models.common.tensor_utils,external_models_tt_metal,3,1,TILE_SIZE|get_rot_transformation_mat|nearest_32
models.common.modules.rope.rope_1d,models.tt_transformers.tt.common,external_models_tttv1,1,1,rope_scaling_model_factory
models.common.modules.rope.rope_1d,models.tt_transformers.tt.rope,external_models_tttv1,1,1,compute_gather_cos_sin
models.common.modules.rope.rope_1d,torch,third_party_base,2,2,
models.common.modules.rope.rope_1d,ttnn,third_party_base,1,1,
models.common.modules.rope.rope_1d,typing,stdlib,6,1,Any|Dict|List|Optional|Tuple|Union
models.common.modules.sampling.params,__future__,stdlib,1,1,annotations
models.common.modules.sampling.params,collections.abc,stdlib,1,1,Sequence
models.common.modules.sampling.params,dataclasses,stdlib,2,2,dataclass
models.common.modules.sampling.params,models.common.sampling.sampling_params,external_models_tt_metal,1,1,SamplingParams
models.common.modules.sampling.params,numbers,stdlib,1,1,Integral
models.common.modules.sampling.params,torch,third_party_base,1,1,
models.common.modules.sampling.params,typing,stdlib,2,1,Any|Literal
models.common.modules.sampling.penalties_1d,__future__,stdlib,1,1,annotations
models.common.modules.sampling.penalties_1d,dataclasses,stdlib,2,1,dataclass|replace
models.common.modules.sampling.penalties_1d,models.common.lightweightmodule,external_models_tt_metal,1,1,LightweightModule
models.common.modules.sampling.penalties_1d,models.common.modules.lazy_buffer,internal_models_namespace,2,1,LazyBuffer|resolve_lazy_buffer
models.common.modules.sampling.penalties_1d,torch,third_party_base,6,6,
models.common.modules.sampling.penalties_1d,ttnn,third_party_base,1,1,
models.common.modules.sampling.penalties_1d,typing,stdlib,2,1,Any|Optional
models.common.modules.sampling.sampling_1d,__future__,stdlib,1,1,annotations
models.common.modules.sampling.sampling_1d,dataclasses,stdlib,2,1,dataclass|replace
models.common.modules.sampling.sampling_1d,inspect,stdlib,1,1,
models.common.modules.sampling.sampling_1d,loguru,third_party_base,1,1,logger
models.common.modules.sampling.sampling_1d,models.common.lightweightmodule,external_models_tt_metal,1,1,LightweightModule
models.common.modules.sampling.sampling_1d,models.common.modules.lazy_buffer,internal_models_namespace,2,1,LazyBuffer|resolve_lazy_buffer
models.common.modules.sampling.sampling_1d,models.common.modules.tt_ccl,internal_models_namespace,1,1,get_tt_ccl
models.common.modules.sampling.sampling_1d,models.common.sampling.vocab_padding,external_models_tt_metal,3,1,build_invalid_vocab_mask|build_tail_invalid_vocab_mask|get_vocab_shard_dims
models.common.modules.sampling.sampling_1d,models.common.utils,external_models_tt_metal,1,1,LogProbsCalculator
models.common.modules.sampling.sampling_1d,sys,stdlib,1,1,
models.common.modules.sampling.sampling_1d,torch,third_party_base,1,1,
models.common.modules.sampling.sampling_1d,ttnn,third_party_base,1,1,
models.common.modules.sampling.sampling_1d,typing,stdlib,2,1,Any|Optional
models.common.modules.sampling.sampling_state_1d,__future__,stdlib,1,1,annotations
models.common.modules.sampling.sampling_state_1d,collections.abc,stdlib,3,1,Callable|Iterable|Sequence
models.common.modules.sampling.sampling_state_1d,dataclasses,stdlib,2,1,dataclass|replace
models.common.modules.sampling.sampling_state_1d,models.common.modules.lazy_buffer,internal_models_namespace,1,1,LazyBuffer
models.common.modules.sampling.sampling_state_1d,models.common.modules.sampling.params,internal_models_namespace,2,1,PreparedSamplingParams|place_prepared_sampling_params
models.common.modules.sampling.sampling_state_1d,models.common.modules.sampling.penalties_1d,internal_models_namespace,5,1,Penalties1D|Penalties1DConfig|PenaltyAccumulator|PenaltyParams|_materialize
models.common.modules.sampling.sampling_state_1d,models.common.modules.sampling.sampling_1d,internal_models_namespace,1,1,Sampling1D
models.common.modules.sampling.sampling_state_1d,models.common.modules.sampling.seed_manager_1d,internal_models_namespace,2,1,SeedManager1D|SeedState
models.common.modules.sampling.sampling_state_1d,torch,third_party_base,1,1,
models.common.modules.sampling.sampling_state_1d,typing,stdlib,1,1,Any
models.common.modules.sampling.seed_manager_1d,__future__,stdlib,1,1,annotations
models.common.modules.sampling.seed_manager_1d,copy,stdlib,1,1,
models.common.modules.sampling.seed_manager_1d,dataclasses,stdlib,1,1,dataclass
models.common.modules.sampling.seed_manager_1d,models.common.modules.lazy_buffer,internal_models_namespace,1,1,LazyBuffer
models.common.modules.sampling.seed_manager_1d,models.common.modules.sampling.sampling_1d,internal_models_namespace,1,1,Sampling1DConfig
models.common.modules.sampling.seed_manager_1d,random,stdlib,1,1,
models.common.modules.sampling.seed_manager_1d,secrets,stdlib,1,1,
models.common.modules.sampling.seed_manager_1d,torch,third_party_base,1,1,
models.common.modules.sampling.seed_manager_1d,typing,stdlib,4,1,Callable|Iterable|Sequence|TYPE_CHECKING
models.common.modules.tt_ccl,models.common.device_utils,external_models_tt_metal,1,1,get_device_name
models.common.modules.tt_ccl,ttnn,third_party_base,1,1,
models.common.modules.tt_ccl,typing,stdlib,1,1,Optional
